method,generation,individual_id,fitness,total_time,near_collisions,mean_congestion,peak_congestion,mean_high_time,mean_low_time,fairness_gap_time,all_evacuated,remaining_agents,layout,num_high,num_low,seed_list,params,fitness_weights,per_seed_fitnesses,per_seed_total_times
ga,0,0,1201.140613080758,70.78,2267.1,1.005613080757952,4.8,15.55843888888889,26.09409090909091,10.53565202020202,False,1.6,hospital_corridor,28,12,"[11, 29, 47, 53, 61, 73, 89, 97, 101, 109]","[2.0, 0.5, 2.0, 0.5, 1.0]","{""time"": 1.0, ""collisions"": 0.05, ""congestion"": 1.0, ""fairness"": 0.0, ""incomplete_base"": 1000.0, ""incomplete_agent"": 10.0}","[235.0662037037037, 1212.185, 1466.14, 112.54447852760737, 137.34347826086957, 1193.247, 133.88877551020408, 1226.63, 1171.456, 122.90519480519481]","[43.2, 100.0, 100.0, 32.6, 36.800000000000004, 100.0, 49.0, 100.0, 100.0, 46.2]"
ga,0,1,1256.3555,100.0,20.1,0.3505,3.3,13.696173777203189,27.794605699855698,14.098431922652509,False,15.5,hospital_corridor,28,12,"[11, 29, 47, 53, 61, 73, 89, 97, 101, 109]","[1.5842314300652145, 2.316673996498971, 1.2608989211596409, 0.5, 1.0]","{""time"": 1.0, ""collisions"": 0.05, ""congestion"": 1.0, ""fairness"": 0.0, ""incomplete_base"": 1000.0, ""incomplete_agent"": 10.0}","[1235.09, 1251.195, 1280.64, 1300.881, 1280.897, 1201.62, 1210.92, 1260.661, 1270.74, 1270.911]","[100.0, 100.0, 100.0, 100.0, 100.0, 100.0, 100.0, 100.0, 100.0, 100.0]"
ga,0,2,1208.0255,100.0,113.1,0.3705,4.1,12.829967223739601,21.934472222222222,9.104504998482621,False,10.2,hospital_corridor,28,12,"[11, 29, 47, 53, 61, 73, 89, 97, 101, 109]","[2.8274504268389613, 2.0983573320492717, 1.4479143750346395, 0.5, 1.0]","{""time"": 1.0, ""collisions"": 0.05, ""congestion"": 1.0, ""fairness"": 0.0, ""incomplete_base"": 1000.0, ""incomplete_agent"": 10.0}","[1194.078, 1228.865, 1194.738, 1182.599, 1203.768, 1196.002, 1195.826, 1163.345, 1217.575, 1303.459]","[100.0, 100.0, 100.0, 100.0, 100.0, 100.0, 100.0, 100.0, 100.0, 100.0]"
ga,0,3,1566.4983,100.0,1828.4,0.07830000000000001,1.1,,52.9787037037037,,False,37.5,hospital_corridor,28,12,"[11, 29, 47, 53, 61, 73, 89, 97, 101, 109]","[0.24844727827057878, 2.4180413767178948, 0.7580357219261107, 0.5, 1.0]","{""time"": 1.0, ""collisions"": 0.05, ""congestion"": 1.0, ""fairness"": 0.0, ""incomplete_base"": 1000.0, ""incomplete_agent"": 10.0}","[1599.449, 1607.55, 1553.489, 1551.2640000000001, 1550.839, 1545.408, 1562.6390000000001, 1563.209, 1567.838, 1563.298]","[100.0, 100.0, 100.0, 100.0, 100.0, 100.0, 100.0, 100.0, 100.0, 100.0]"
ga,0,4,1358.7302,100.0,90.4,0.2102,2.1,16.254194444444444,48.815,32.560805555555554,False,25.4,hospital_corridor,28,12,"[11, 29, 47, 53, 61, 73, 89, 97, 101, 109]","[0.7098185345446579, 1.0573728356339642, 2.7424269027572685, 0.5, 1.0]","{""time"": 1.0, ""collisions"": 0.05, ""congestion"": 1.0, ""fairness"": 0.0, ""incomplete_base"": 1000.0, ""incomplete_agent"": 10.0}","[1336.437, 1333.993, 1353.435, 1381.3220000000001, 1373.31, 1373.255, 1340.945, 1360.45, 1392.316, 1341.839]","[100.0, 100.0, 100.0, 100.0, 100.0, 100.0, 100.0, 100.0, 100.0, 100.0]"
ga,0,5,154.92117789645954,28.790000000000003,2483.7,1.9461778964595375,5.9,10.673214285714284,18.839166666666667,8.16595238095238,True,0.0,hospital_corridor,28,12,"[11, 29, 47, 53, 61, 73, 89, 97, 101, 109]","[4.24762166886449, 2.936877228708673, 0.5316667000396589, 0.5, 1.0]","{""time"": 1.0, ""collisions"": 0.05, ""congestion"": 1.0, ""fairness"": 0.0, ""incomplete_base"": 1000.0, ""incomplete_agent"": 10.0}","[205.0193548387097, 167.84285714285716, 123.92849462365594, 139.49772727272727, 144.05166051660515, 113.31691176470589, 158.58437500000002, 218.38902439024392, 121.3889705882353, 157.19240282685513]","[31.0, 28.0, 27.900000000000002, 26.400000000000002, 27.1, 27.200000000000003, 32.0, 32.800000000000004, 27.200000000000003, 28.3]"
ga,0,6,1057.6902197555453,48.150000000000006,143.9,1.3452197555452248,4.5,14.336230158730157,24.92,10.583769841269843,False,0.1,hospital_corridor,28,12,"[11, 29, 47, 53, 61, 73, 89, 97, 101, 109]","[2.2515169417782084, 2.1120964969276086, 0.9591750448422096, 0.5, 1.0]","{""time"": 1.0, ""collisions"": 0.05, ""congestion"": 1.0, ""fairness"": 0.0, ""incomplete_base"": 1000.0, ""incomplete_agent"": 10.0}","[63.41979434447301, 39.440250696378826, 40.64353099730458, 42.11326860841424, 72.71977240398293, 1121.201, 46.63867924528302, 58.143750000000004, 45.70248618784531, 46.87966507177034]","[38.900000000000006, 35.9, 37.1, 30.900000000000002, 70.3, 100.0, 42.400000000000006, 48.0, 36.2, 41.800000000000004]"
ga,0,7,1240.4197,100.0,40.9,0.3747,3.6,13.372374898922889,25.40554797979798,12.033173080875093,False,13.8,hospital_corridor,28,12,"[11, 29, 47, 53, 61, 73, 89, 97, 101, 109]","[2.00835136435145, 2.1648207071348886, 1.357579960236201, 0.5, 1.0]","{""time"": 1.0, ""collisions"": 0.05, ""congestion"": 1.0, ""fairness"": 0.0, ""incomplete_base"": 1000.0, ""incomplete_agent"": 10.0}","[1226.955, 1251.118, 1271.257, 1263.215, 1261.72, 1232.398, 1202.158, 1212.005, 1201.066, 1282.305]","[100.0, 100.0, 100.0, 100.0, 100.0, 100.0, 100.0, 100.0, 100.0, 100.0]"
ga,0,8,1108.220653409643,73.72,332.7,0.8656534096431191,4.8,11.449189884189884,20.97712121212121,9.527931327931329,False,1.7,hospital_corridor,28,12,"[11, 29, 47, 53, 61, 73, 89, 97, 101, 109]","[3.9288029955161683, 2.02257955063204, 1.2544729236112828, 0.5, 1.0]","{""time"": 1.0, ""collisions"": 0.05, ""congestion"": 1.0, ""fairness"": 0.0, ""incomplete_base"": 1000.0, ""incomplete_agent"": 10.0}","[94.93022598870057, 1166.975, 1135.749, 1130.853, 1130.477, 44.806666666666665, 51.60014005602241, 52.62950138504155, 1139.42, 1134.766]","[35.4, 100.0, 100.0, 100.0, 100.0, 30.0, 35.7, 36.1, 100.0, 100.0]"
ga,0,9,1322.5116,100.0,4.3,0.29660000000000003,2.5,20.340948079698084,37.2747380952381,16.93379001554002,False,22.2,hospital_corridor,28,12,"[11, 29, 47, 53, 61, 73, 89, 97, 101, 109]","[1.748585197918075, 4.922965710590531, 2.3958834293036615, 0.5, 1.0]","{""time"": 1.0, ""collisions"": 0.05, ""congestion"": 1.0, ""fairness"": 0.0, ""incomplete_base"": 1000.0, ""incomplete_agent"": 10.0}","[1310.533, 1310.76, 1350.35, 1290.375, 1320.651, 1280.518, 1330.478, 1320.449, 1350.616, 1360.386]","[100.0, 100.0, 100.0, 100.0, 100.0, 100.0, 100.0, 100.0, 100.0, 100.0]"
ga,0,10,1445.6801,100.0,11.3,0.11510000000000002,1.1,29.257142857142856,57.38216666666667,26.119761904761905,False,34.5,hospital_corridor,28,12,"[11, 29, 47, 53, 61, 73, 89, 97, 101, 109]","[0.29290046367878203, 1.5956020297240616, 2.949330697024797, 0.5, 1.0]","{""time"": 1.0, ""collisions"": 0.05, ""congestion"": 1.0, ""fairness"": 0.0, ""incomplete_base"": 1000.0, ""incomplete_agent"": 10.0}","[1420.722, 1431.328, 1440.439, 1440.431, 1440.525, 1450.64, 1480.241, 1430.829, 1480.546, 1441.1]","[100.0, 100.0, 100.0, 100.0, 100.0, 100.0, 100.0, 100.0, 100.0, 100.0]"
ga,0,11,1095.670837749353,51.760000000000005,673.8,1.2208377493530196,5.0,10.971712454212454,20.186893939393943,9.215181485181485,False,0.9,hospital_corridor,28,12,"[11, 29, 47, 53, 61, 73, 89, 97, 101, 109]","[4.015220480281149, 1.1233135569563009, 2.7664932365822215, 0.5, 1.0]","{""time"": 1.0, ""collisions"": 0.05, ""congestion"": 1.0, ""fairness"": 0.0, ""incomplete_base"": 1000.0, ""incomplete_agent"": 10.0}","[93.10909090909091, 1166.601, 1157.14, 65.59285714285714, 50.60967741935484, 1146.666, 67.27089552238806, 83.46935483870969, 70.01810631229236, 56.23139534883722]","[30.8, 100.0, 100.0, 28.0, 31.0, 100.0, 33.5, 34.1, 30.1, 30.1]"
ga,0,12,1190.1961510790543,38.040000000000006,2986.6,1.826151079054379,6.1,11.707857142857142,21.163939393939394,9.45608225108225,False,0.1,hospital_corridor,28,12,"[11, 29, 47, 53, 61, 73, 89, 97, 101, 109]","[3.2347969671598715, 0.2036358649513166, 0.5214594042458802, 0.5, 1.0]","{""time"": 1.0, ""collisions"": 0.05, ""congestion"": 1.0, ""fairness"": 0.0, ""incomplete_base"": 1000.0, ""incomplete_agent"": 10.0}","[1281.129, 214.63026315789475, 148.748275862069, 198.3113924050633, 184.12822085889573, 146.45685920577617, 196.6145896656535, 202.69444444444446, 172.49406779661018, 156.75439739413682]","[100.0, 30.400000000000002, 29.0, 31.6, 32.6, 27.700000000000003, 32.9, 36.0, 29.5, 30.700000000000003]"
ga,0,13,1279.6096,100.0,4.6,0.3796,2.7,15.57056507218272,31.897857142857145,16.327292070674424,False,17.9,hospital_corridor,28,12,"[11, 29, 47, 53, 61, 73, 89, 97, 101, 109]","[1.96854449295665, 3.767575631393902, 1.6103533976264603, 0.5, 1.0]","{""time"": 1.0, ""collisions"": 0.05, ""congestion"": 1.0, ""fairness"": 0.0, ""incomplete_base"": 1000.0, ""incomplete_agent"": 10.0}","[1290.623, 1261.056, 1290.436, 1290.558, 1280.53, 1260.456, 1240.62, 1260.585, 1280.67, 1340.562]","[100.0, 100.0, 100.0, 100.0, 100.0, 100.0, 100.0, 100.0, 100.0, 100.0]"
ga,0,14,1104.021308528745,60.68000000000001,646.1,1.03630852874497,4.2,12.059696825396825,22.002348484848483,9.94265165945166,False,1.0,hospital_corridor,28,12,"[11, 29, 47, 53, 61, 73, 89, 97, 101, 109]","[3.114493107512767, 1.04697531355017, 2.104767227592221, 0.5, 1.0]","{""time"": 1.0, ""collisions"": 0.05, ""congestion"": 1.0, ""fairness"": 0.0, ""incomplete_base"": 1000.0, ""incomplete_agent"": 10.0}","[82.7421630094044, 1161.21, 1145.954, 73.86112956810632, 54.06533742331289, 1163.515, 79.48155216284987, 75.06273458445041, 1138.356, 65.96516853932583]","[31.900000000000002, 100.0, 100.0, 30.1, 32.6, 100.0, 39.300000000000004, 37.300000000000004, 100.0, 35.6]"
ga,0,15,1373.8227,100.0,12.7,0.1877,1.9,15.047361111111112,39.60022619047619,24.552865079365084,False,27.3,hospital_corridor,28,12,"[11, 29, 47, 53, 61, 73, 89, 97, 101, 109]","[0.7221733836266936, 1.8264754171286282, 2.252178998106973, 0.5, 1.0]","{""time"": 1.0, ""collisions"": 0.05, ""congestion"": 1.0, ""fairness"": 0.0, ""incomplete_base"": 1000.0, ""incomplete_agent"": 10.0}","[1361.035, 1391.232, 1370.694, 1380.416, 1340.529, 1390.652, 1390.848, 1371.136, 1390.884, 1350.801]","[100.0, 100.0, 100.0, 100.0, 100.0, 100.0, 100.0, 100.0, 100.0, 100.0]"
ga,0,16,48.378959861146264,38.96000000000001,157.8,1.528959861146258,5.2,13.68857142857143,24.536666666666672,10.848095238095238,True,0.0,hospital_corridor,28,12,"[11, 29, 47, 53, 61, 73, 89, 97, 101, 109]","[2.178548700889639, 3.1960398560012133, 0.8131101159931521, 0.5, 1.0]","{""time"": 1.0, ""collisions"": 0.05, ""congestion"": 1.0, ""fairness"": 0.0, ""incomplete_base"": 1000.0, ""incomplete_agent"": 10.0}","[59.84936708860759, 37.60278637770898, 41.261444141689374, 51.480203045685286, 40.59727793696275, 47.62670454545455, 51.37802850356295, 63.05103578154426, 45.013687150837995, 45.92906403940887]","[39.5, 32.300000000000004, 36.7, 39.400000000000006, 34.9, 35.2, 42.1, 53.1, 35.800000000000004, 40.6]"
ga,0,17,139.70028481678955,28.520000000000003,2184.8,1.940284816789535,5.9,10.765714285714285,19.062500000000004,8.296785714285715,True,0.0,hospital_corridor,28,12,"[11, 29, 47, 53, 61, 73, 89, 97, 101, 109]","[3.8888602252562454, 0.21679716175485986, 1.042091335547465, 0.5, 1.0]","{""time"": 1.0, ""collisions"": 0.05, ""congestion"": 1.0, ""fairness"": 0.0, ""incomplete_base"": 1000.0, ""incomplete_agent"": 10.0}","[157.4042253521127, 146.70175438596493, 121.05438596491229, 136.7469964664311, 137.87272727272727, 108.01336996336995, 155.26624203821657, 175.791059602649, 117.09604316546763, 141.05604395604396]","[28.400000000000002, 28.5, 28.5, 28.3, 27.5, 27.3, 31.400000000000002, 30.200000000000003, 27.8, 27.3]"
ga,0,18,1341.4625,100.0,4.6,0.2325,2.3,15.157664141414141,31.72031746031746,16.562653318903322,False,24.1,hospital_corridor,28,12,"[11, 29, 47, 53, 61, 73, 89, 97, 101, 109]","[1.366022808857388, 3.328861804456487, 2.248916687162371, 0.5, 1.0]","{""time"": 1.0, ""collisions"": 0.05, ""congestion"": 1.0, ""fairness"": 0.0, ""incomplete_base"": 1000.0, ""incomplete_agent"": 10.0}","[1350.435, 1310.823, 1360.348, 1360.285, 1320.513, 1330.364, 1340.365, 1370.376, 1320.677, 1350.439]","[100.0, 100.0, 100.0, 100.0, 100.0, 100.0, 100.0, 100.0, 100.0, 100.0]"
ga,0,19,1392.7309,100.0,2147.3,0.3659,3.4,17.8028717948718,34.375210317460315,16.572338522588524,False,18.5,hospital_corridor,28,12,"[11, 29, 47, 53, 61, 73, 89, 97, 101, 109]","[0.8595830762127789, 0.4271279382720525, 0.9005103608203286, 0.5, 1.0]","{""time"": 1.0, ""collisions"": 0.05, ""congestion"": 1.0, ""fairness"": 0.0, ""incomplete_base"": 1000.0, ""incomplete_agent"": 10.0}","[1518.875, 1411.527, 1359.362, 1377.789, 1349.901, 1357.744, 1425.491, 1401.783, 1365.72, 1359.117]","[100.0, 100.0, 100.0, 100.0, 100.0, 100.0, 100.0, 100.0, 100.0, 100.0]"
ga,0,20,1402.444,100.0,5.0,0.19399999999999998,1.7,20.161214285714287,49.01842857142857,28.857214285714285,False,30.2,hospital_corridor,28,12,"[11, 29, 47, 53, 61, 73, 89, 97, 101, 109]","[0.5254449361840889, 2.6975789330984807, 2.184236220935625, 0.5, 1.0]","{""time"": 1.0, ""collisions"": 0.05, ""congestion"": 1.0, ""fairness"": 0.0, ""incomplete_base"": 1000.0, ""incomplete_agent"": 10.0}","[1410.281, 1400.71, 1380.349, 1400.314, 1410.395, 1410.375, 1400.321, 1390.735, 1420.5, 1400.46]","[100.0, 100.0, 100.0, 100.0, 100.0, 100.0, 100.0, 100.0, 100.0, 100.0]"
ga,0,21,1211.6658,100.0,26.0,0.3658,3.6,13.946656003645478,23.46527777777778,9.518621774132303,False,11.0,hospital_corridor,28,12,"[11, 29, 47, 53, 61, 73, 89, 97, 101, 109]","[4.672806267620118, 4.546171360438177, 1.6858810940638522, 0.5, 1.0]","{""time"": 1.0, ""collisions"": 0.05, ""congestion"": 1.0, ""fairness"": 0.0, ""incomplete_base"": 1000.0, ""incomplete_agent"": 10.0}","[1242.799, 1201.14, 1211.444, 1202.381, 1200.562, 1191.474, 1180.823, 1242.983, 1162.449, 1280.603]","[100.0, 100.0, 100.0, 100.0, 100.0, 100.0, 100.0, 100.0, 100.0, 100.0]"
ga,0,22,1209.265,100.0,17.2,0.40499999999999997,3.7,13.508639884791029,23.490972222222222,9.982332337431194,False,10.8,hospital_corridor,28,12,"[11, 29, 47, 53, 61, 73, 89, 97, 101, 109]","[3.740399849517105, 4.611879235259494, 1.2479771889651576, 0.5, 1.0]","{""time"": 1.0, ""collisions"": 0.05, ""congestion"": 1.0, ""fairness"": 0.0, ""incomplete_base"": 1000.0, ""incomplete_agent"": 10.0}","[1213.217, 1261.104, 1180.694, 1220.601, 1230.782, 1230.61, 1171.36, 1200.813, 1162.954, 1220.515]","[100.0, 100.0, 100.0, 100.0, 100.0, 100.0, 100.0, 100.0, 100.0, 100.0]"
ga,0,23,1207.2349046972167,40.519999999999996,3277.6,1.8349046972166776,5.9,12.9375,22.84136363636364,9.903863636363639,False,0.1,hospital_corridor,28,12,"[11, 29, 47, 53, 61, 73, 89, 97, 101, 109]","[2.516274489442782, 4.502247616810907, 0.5888599318386172, 0.5, 1.0]","{""time"": 1.0, ""collisions"": 0.05, ""congestion"": 1.0, ""fairness"": 0.0, ""incomplete_base"": 1000.0, ""incomplete_agent"": 10.0}","[1310.645, 216.103412462908, 160.5572347266881, 212.5, 200.72391304347826, 144.26830985915495, 232.65520833333335, 236.29059405940598, 174.38679525222554, 184.21857923497268]","[100.0, 33.7, 31.1, 33.0, 29.900000000000002, 28.400000000000002, 38.400000000000006, 40.400000000000006, 33.7, 36.6]"
ga,1,0,48.378959861146264,38.96000000000001,157.8,1.528959861146258,5.2,13.68857142857143,24.536666666666672,10.848095238095238,True,0.0,hospital_corridor,28,12,"[11, 29, 47, 53, 61, 73, 89, 97, 101, 109]","[2.178548700889639, 3.1960398560012133, 0.8131101159931521, 0.5, 1.0]","{""time"": 1.0, ""collisions"": 0.05, ""congestion"": 1.0, ""fairness"": 0.0, ""incomplete_base"": 1000.0, ""incomplete_agent"": 10.0}","[59.84936708860759, 37.60278637770898, 41.261444141689374, 51.480203045685286, 40.59727793696275, 47.62670454545455, 51.37802850356295, 63.05103578154426, 45.013687150837995, 45.92906403940887]","[39.5, 32.300000000000004, 36.7, 39.400000000000006, 34.9, 35.2, 42.1, 53.1, 35.800000000000004, 40.6]"
ga,1,1,139.70028481678955,28.520000000000003,2184.8,1.940284816789535,5.9,10.765714285714285,19.062500000000004,8.296785714285715,True,0.0,hospital_corridor,28,12,"[11, 29, 47, 53, 61, 73, 89, 97, 101, 109]","[3.8888602252562454, 0.21679716175485986, 1.042091335547465, 0.5, 1.0]","{""time"": 1.0, ""collisions"": 0.05, ""congestion"": 1.0, ""fairness"": 0.0, ""incomplete_base"": 1000.0, ""incomplete_agent"": 10.0}","[157.4042253521127, 146.70175438596493, 121.05438596491229, 136.7469964664311, 137.87272727272727, 108.01336996336995, 155.26624203821657, 175.791059602649, 117.09604316546763, 141.05604395604396]","[28.400000000000002, 28.5, 28.5, 28.3, 27.5, 27.3, 31.400000000000002, 30.200000000000003, 27.8, 27.3]"
ga,1,2,1173.4152,100.0,179.8,0.42519999999999997,4.3,13.150411157562246,23.55636616161616,10.405955004053919,False,6.4,hospital_corridor,28,12,"[11, 29, 47, 53, 61, 73, 89, 97, 101, 109]","[3.2161811761796657, 2.317155088190062, 1.3607057870700614, 0.5, 1.0]","{""time"": 1.0, ""collisions"": 0.05, ""congestion"": 1.0, ""fairness"": 0.0, ""incomplete_base"": 1000.0, ""incomplete_agent"": 10.0}","[1160.846, 1248.039, 1155.184, 1162.03, 1188.375, 1138.833, 1158.824, 1154.096, 1178.736, 1189.189]","[100.0, 100.0, 100.0, 100.0, 100.0, 100.0, 100.0, 100.0, 100.0, 100.0]"
ga,1,3,1214.9899,100.0,12.1,0.3849,3.5,14.699587714535657,25.277279220779224,10.577691506243568,False,11.4,hospital_corridor,28,12,"[11, 29, 47, 53, 61, 73, 89, 97, 101, 109]","[3.186293864175941, 4.345345922511334, 1.3351857769297357, 0.5, 1.0]","{""time"": 1.0, ""collisions"": 0.05, ""congestion"": 1.0, ""fairness"": 0.0, ""incomplete_base"": 1000.0, ""incomplete_agent"": 10.0}","[1201.342, 1230.936, 1210.623, 1220.525, 1210.637, 1200.996, 1190.517, 1162.79, 1221.099, 1300.434]","[100.0, 100.0, 100.0, 100.0, 100.0, 100.0, 100.0, 100.0, 100.0, 100.0]"
ga,1,4,47.93686295262339,30.840000000000003,304.8,1.8568629526233889,5.8,12.017857142857144,20.775833333333335,8.75797619047619,True,0.0,hospital_corridor,28,12,"[11, 29, 47, 53, 61, 73, 89, 97, 101, 109]","[3.566586946123489, 2.8391759423306953, 0.8623887086029867, 0.5, 1.0]","{""time"": 1.0, ""collisions"": 0.05, ""congestion"": 1.0, ""fairness"": 0.0, ""incomplete_base"": 1000.0, ""incomplete_agent"": 10.0}","[61.804982817869416, 51.866891891891896, 43.1080204778157, 67.54687500000001, 38.52460317460317, 33.780141843971634, 53.89620596205962, 43.205555555555556, 48.167567567567566, 37.467785234899324]","[29.1, 29.6, 29.3, 32.0, 31.5, 28.200000000000003, 36.9, 32.4, 29.6, 29.8]"
ga,1,5,1101.047407644196,59.470000000000006,589.9,1.082407644196,4.4,11.48050291005291,21.16856060606061,9.688057696007697,False,1.1,hospital_corridor,28,12,"[11, 29, 47, 53, 61, 73, 89, 97, 101, 109]","[3.4074637218301898, 1.1446765999281474, 1.7740452190288931, 0.5, 1.0]","{""time"": 1.0, ""collisions"": 0.05, ""congestion"": 1.0, ""fairness"": 0.0, ""incomplete_base"": 1000.0, ""incomplete_agent"": 10.0}","[83.35806451612905, 1160.907, 1143.212, 61.792307692307695, 55.875, 1151.761, 72.59417344173441, 78.10227272727273, 1146.89, 55.98225806451613]","[31.0, 100.0, 100.0, 28.6, 32.0, 100.0, 36.9, 35.2, 100.0, 31.0]"
ga,1,6,1222.1098,100.0,14.9,0.3648,3.7,13.600443115942028,22.146809523809527,8.546366407867495,False,12.1,hospital_corridor,28,12,"[11, 29, 47, 53, 61, 73, 89, 97, 101, 109]","[4.285547162005955, 4.730706150563877, 1.518804880104296, 0.5, 1.0]","{""time"": 1.0, ""collisions"": 0.05, ""congestion"": 1.0, ""fairness"": 0.0, ""incomplete_base"": 1000.0, ""incomplete_agent"": 10.0}","[1232.402, 1222.218, 1200.868, 1231.038, 1210.571, 1220.507, 1231.063, 1191.169, 1160.727, 1320.535]","[100.0, 100.0, 100.0, 100.0, 100.0, 100.0, 100.0, 100.0, 100.0, 100.0]"
ga,1,7,1215.3262,100.0,17.9,0.4312,3.9,13.832928685349739,23.999602813852814,10.166674128503079,False,11.4,hospital_corridor,28,12,"[11, 29, 47, 53, 61, 73, 89, 97, 101, 109]","[4.127658955131268, 4.550569543310704, 1.415053402924714, 0.5, 1.0]","{""time"": 1.0, ""collisions"": 0.05, ""congestion"": 1.0, ""fairness"": 0.0, ""incomplete_base"": 1000.0, ""incomplete_agent"": 10.0}","[1223.077, 1240.896, 1200.798, 1221.163, 1210.786, 1231.344, 1201.196, 1181.422, 1191.725, 1250.855]","[100.0, 100.0, 100.0, 100.0, 100.0, 100.0, 100.0, 100.0, 100.0, 100.0]"
ga,1,8,1201.5804,100.0,123.8,0.39039999999999997,4.1,13.405236579845276,23.076861111111107,9.671624531265836,False,9.5,hospital_corridor,28,12,"[11, 29, 47, 53, 61, 73, 89, 97, 101, 109]","[2.6362083912235965, 1.9415881242260011, 1.5063328277735484, 0.5, 1.0]","{""time"": 1.0, ""collisions"": 0.05, ""congestion"": 1.0, ""fairness"": 0.0, ""incomplete_base"": 1000.0, ""incomplete_agent"": 10.0}","[1220.48, 1228.167, 1194.036, 1183.899, 1201.917, 1196.632, 1195.677, 1166.699, 1163.713, 1264.584]","[100.0, 100.0, 100.0, 100.0, 100.0, 100.0, 100.0, 100.0, 100.0, 100.0]"
ga,1,9,1127.7447708817856,56.8,1215.8,1.154770881785554,4.8,14.019723015873016,24.64780303030303,10.628080014430015,False,0.9,hospital_corridor,28,12,"[11, 29, 47, 53, 61, 73, 89, 97, 101, 109]","[2.191242035615365, 0.6567692078232705, 1.5556595315348873, 0.5, 1.0]","{""time"": 1.0, ""collisions"": 0.05, ""congestion"": 1.0, ""fairness"": 0.0, ""incomplete_base"": 1000.0, ""incomplete_agent"": 10.0}","[141.6345238095238, 1191.058, 1176.057, 93.06698113207548, 94.2550561797753, 1190.007, 102.3469365426696, 104.03841607565012, 99.52252747252749, 85.46126760563381]","[33.6, 100.0, 100.0, 31.8, 35.6, 100.0, 45.7, 42.300000000000004, 36.4, 42.6]"
ga,1,10,1118.8019034468634,53.07000000000001,1130.4,1.2119034468633278,5.1,11.952684167684168,21.332196969696973,9.379512802012803,False,0.8,hospital_corridor,28,12,"[11, 29, 47, 53, 61, 73, 89, 97, 101, 109]","[2.9983684573889375, 0.6859399282001704, 2.454061830911638, 0.5, 1.0]","{""time"": 1.0, ""collisions"": 0.05, ""congestion"": 1.0, ""fairness"": 0.0, ""incomplete_base"": 1000.0, ""incomplete_agent"": 10.0}","[119.52784810126583, 1180.011, 1168.587, 100.15344827586208, 76.98516819571866, 1167.8319999999999, 108.35077120822623, 92.90977337110483, 94.33607594936709, 79.32594936708861]","[31.6, 100.0, 100.0, 29.0, 32.7, 100.0, 38.900000000000006, 35.300000000000004, 31.6, 31.6]"
ga,1,11,1110.810724685243,60.589999999999996,783.1,1.0657246852429474,4.8,12.154716402116403,22.11136363636364,9.956647234247237,False,1.0,hospital_corridor,28,12,"[11, 29, 47, 53, 61, 73, 89, 97, 101, 109]","[3.0168520228922118, 0.9373736287561305, 2.3124314056705835, 0.5, 1.0]","{""time"": 1.0, ""collisions"": 0.05, ""congestion"": 1.0, ""fairness"": 0.0, ""incomplete_base"": 1000.0, ""incomplete_agent"": 10.0}","[92.090625, 1166.959, 1149.408, 69.7904761904762, 70.53560371517028, 1163.066, 90.01836228287843, 76.06891891891892, 1155.979, 74.19126074498567]","[32.0, 100.0, 100.0, 29.400000000000002, 32.300000000000004, 100.0, 40.300000000000004, 37.0, 100.0, 34.9]"
ga,1,12,154.92117789645954,28.790000000000003,2483.7,1.9461778964595375,5.9,10.673214285714284,18.839166666666667,8.16595238095238,True,0.0,hospital_corridor,28,12,"[11, 29, 47, 53, 61, 73, 89, 97, 101, 109]","[4.24762166886449, 2.936877228708673, 0.5316667000396589, 0.5, 1.0]","{""time"": 1.0, ""collisions"": 0.05, ""congestion"": 1.0, ""fairness"": 0.0, ""incomplete_base"": 1000.0, ""incomplete_agent"": 10.0}","[205.0193548387097, 167.84285714285716, 123.92849462365594, 139.49772727272727, 144.05166051660515, 113.31691176470589, 158.58437500000002, 218.38902439024392, 121.3889705882353, 157.19240282685513]","[31.0, 28.0, 27.900000000000002, 26.400000000000002, 27.1, 27.200000000000003, 32.0, 32.800000000000004, 27.200000000000003, 28.3]"
ga,1,13,154.92117789645954,28.790000000000003,2483.7,1.9461778964595375,5.9,10.673214285714284,18.839166666666667,8.16595238095238,True,0.0,hospital_corridor,28,12,"[11, 29, 47, 53, 61, 73, 89, 97, 101, 109]","[4.24762166886449, 2.936877228708673, 0.5316667000396589, 0.5, 1.0]","{""time"": 1.0, ""collisions"": 0.05, ""congestion"": 1.0, ""fairness"": 0.0, ""incomplete_base"": 1000.0, ""incomplete_agent"": 10.0}","[205.0193548387097, 167.84285714285716, 123.92849462365594, 139.49772727272727, 144.05166051660515, 113.31691176470589, 158.58437500000002, 218.38902439024392, 121.3889705882353, 157.19240282685513]","[31.0, 28.0, 27.900000000000002, 26.400000000000002, 27.1, 27.200000000000003, 32.0, 32.800000000000004, 27.200000000000003, 28.3]"
ga,1,14,48.378959861146264,38.96000000000001,157.8,1.528959861146258,5.2,13.68857142857143,24.536666666666672,10.848095238095238,True,0.0,hospital_corridor,28,12,"[11, 29, 47, 53, 61, 73, 89, 97, 101, 109]","[2.178548700889639, 3.1960398560012133, 0.8131101159931521, 0.5, 1.0]","{""time"": 1.0, ""collisions"": 0.05, ""congestion"": 1.0, ""fairness"": 0.0, ""incomplete_base"": 1000.0, ""incomplete_agent"": 10.0}","[59.84936708860759, 37.60278637770898, 41.261444141689374, 51.480203045685286, 40.59727793696275, 47.62670454545455, 51.37802850356295, 63.05103578154426, 45.013687150837995, 45.92906403940887]","[39.5, 32.300000000000004, 36.7, 39.400000000000006, 34.9, 35.2, 42.1, 53.1, 35.800000000000004, 40.6]"
ga,1,15,48.32488475978514,36.260000000000005,210.7,1.529884759785142,5.3,13.024642857142856,23.332500000000003,10.307857142857143,True,0.0,hospital_corridor,28,12,"[11, 29, 47, 53, 61, 73, 89, 97, 101, 109]","[2.2515169417782084, 2.1120964969276086, 0.8519133798084297, 0.5, 1.0]","{""time"": 1.0, ""collisions"": 0.05, ""congestion"": 1.0, ""fairness"": 0.0, ""incomplete_base"": 1000.0, ""incomplete_agent"": 10.0}","[61.695961002785516, 38.56419753086419, 41.07032967032967, 46.00882352941177, 45.72934782608696, 44.90140186915888, 52.38614457831326, 50.52384428223845, 54.65172413793104, 47.71707317073171]","[35.9, 32.4, 36.4, 30.6, 36.800000000000004, 32.1, 41.5, 41.1, 34.800000000000004, 41.0]"
ga,1,16,50.9626172888735,37.81,233.8,1.4626172888734996,5.1,13.061071428571429,24.438333333333336,11.377261904761905,True,0.0,hospital_corridor,28,12,"[11, 29, 47, 53, 61, 73, 89, 97, 101, 109]","[2.114066714967012, 2.2360907128644674, 0.813110115993152, 0.5, 1.0]","{""time"": 1.0, ""collisions"": 0.05, ""congestion"": 1.0, ""fairness"": 0.0, ""incomplete_base"": 1000.0, ""incomplete_agent"": 10.0}","[63.63922155688623, 42.10664739884393, 42.65821917808219, 47.51907894736843, 44.030053908355804, 56.56212121212121, 60.57592190889371, 54.83251833740832, 47.86339522546419, 49.83899521531101]","[33.4, 34.6, 36.5, 30.400000000000002, 37.1, 39.6, 46.1, 40.900000000000006, 37.7, 41.800000000000004]"
ga,1,17,48.378959861146264,38.96000000000001,157.8,1.528959861146258,5.2,13.68857142857143,24.536666666666672,10.848095238095238,True,0.0,hospital_corridor,28,12,"[11, 29, 47, 53, 61, 73, 89, 97, 101, 109]","[2.178548700889639, 3.1960398560012133, 0.8131101159931521, 0.5, 1.0]","{""time"": 1.0, ""collisions"": 0.05, ""congestion"": 1.0, ""fairness"": 0.0, ""incomplete_base"": 1000.0, ""incomplete_agent"": 10.0}","[59.84936708860759, 37.60278637770898, 41.261444141689374, 51.480203045685286, 40.59727793696275, 47.62670454545455, 51.37802850356295, 63.05103578154426, 45.013687150837995, 45.92906403940887]","[39.5, 32.300000000000004, 36.7, 39.400000000000006, 34.9, 35.2, 42.1, 53.1, 35.800000000000004, 40.6]"
ga,1,18,1309.5617,100.0,4.2,0.3517,3.0,17.687088666235724,28.46147619047619,10.774387524240467,False,20.9,hospital_corridor,28,12,"[11, 29, 47, 53, 61, 73, 89, 97, 101, 109]","[1.6541846340400266, 3.943935491845213, 1.4696017431602466, 0.5, 1.0]","{""time"": 1.0, ""collisions"": 0.05, ""congestion"": 1.0, ""fairness"": 0.0, ""incomplete_base"": 1000.0, ""incomplete_agent"": 10.0}","[1290.608, 1261.122, 1360.332, 1300.425, 1330.55, 1270.62, 1300.402, 1320.459, 1300.698, 1360.401]","[100.0, 100.0, 100.0, 100.0, 100.0, 100.0, 100.0, 100.0, 100.0, 100.0]"
ga,1,19,1312.5053,100.0,4.6,0.2753,2.5,14.395561452436453,28.98954761904762,14.593986166611169,False,21.2,hospital_corridor,28,12,"[11, 29, 47, 53, 61, 73, 89, 97, 101, 109]","[1.591019490146783, 3.2171664606321864, 1.93374416552325, 0.5, 1.0]","{""time"": 1.0, ""collisions"": 0.05, ""congestion"": 1.0, ""fairness"": 0.0, ""incomplete_base"": 1000.0, ""incomplete_agent"": 10.0}","[1330.506, 1350.8029999999999, 1320.4, 1310.355, 1290.5430000000001, 1280.435, 1300.3890000000001, 1280.507, 1330.661, 1330.454]","[100.0, 100.0, 100.0, 100.0, 100.0, 100.0, 100.0, 100.0, 100.0, 100.0]"
ga,1,20,1107.19724087475,62.860000000000014,646.2,1.0272408747498665,5.1,13.543461904761907,24.04848484848485,10.505022943722945,False,1.1,hospital_corridor,28,12,"[11, 29, 47, 53, 61, 73, 89, 97, 101, 109]","[2.500562073318402, 0.9391810075213913, 2.175943478758389, 0.5, 1.0]","{""time"": 1.0, ""collisions"": 0.05, ""congestion"": 1.0, ""fairness"": 0.0, ""incomplete_base"": 1000.0, ""incomplete_agent"": 10.0}","[106.50445682451254, 1163.177, 1143.844, 61.25798045602607, 71.28602305475505, 1160.656, 77.6004366812227, 70.83872549019608, 1143.417, 73.39078624078624]","[35.9, 100.0, 100.0, 30.700000000000003, 34.7, 100.0, 45.800000000000004, 40.800000000000004, 100.0, 40.7]"
ga,1,21,1108.135887136968,45.32000000000001,1109.2,1.3558871369678593,5.0,11.518878205128205,20.53416666666667,9.01528846153846,False,0.6,hospital_corridor,28,12,"[11, 29, 47, 53, 61, 73, 89, 97, 101, 109]","[3.2425093327427517, 0.6841325494349095, 2.5905497578238323, 0.5, 1.0]","{""time"": 1.0, ""collisions"": 0.05, ""congestion"": 1.0, ""fairness"": 0.0, ""incomplete_base"": 1000.0, ""incomplete_agent"": 10.0}","[125.9404761904762, 1182.2, 80.40095541401274, 95.2387323943662, 80.07738853503184, 1171.234, 91.6718309859155, 96.5, 86.71270096463023, 71.3827868852459]","[31.5, 100.0, 31.400000000000002, 28.400000000000002, 31.400000000000002, 100.0, 35.5, 33.4, 31.1, 30.5]"
ga,1,22,122.33119518100808,31.25,1785.9,1.7861951810080625,5.4,11.71857142857143,20.679166666666667,8.960595238095237,True,0.0,hospital_corridor,28,12,"[11, 29, 47, 53, 61, 73, 89, 97, 101, 109]","[3.0625509111804474, 0.45458797791919103, 1.0862598410517743, 0.5, 1.0]","{""time"": 1.0, ""collisions"": 0.05, ""congestion"": 1.0, ""fairness"": 0.0, ""incomplete_base"": 1000.0, ""incomplete_agent"": 10.0}","[177.0494252873563, 113.61016949152544, 96.38231292517008, 120.2751798561151, 137.80540540540542, 92.88888888888889, 121.17549857549857, 135.8969696969697, 131.9235294117647, 96.30457227138643]","[34.800000000000004, 29.5, 29.400000000000002, 27.8, 29.6, 28.8, 35.1, 33.0, 30.6, 33.9]"
ga,1,23,1058.781863856211,46.93,148.9,1.4068638562109856,4.6,12.832578347578348,22.0975,9.264921652421652,False,0.3,hospital_corridor,28,12,"[11, 29, 47, 53, 61, 73, 89, 97, 101, 109]","[3.0048580149654365, 2.424201921336618, 0.996671663804869, 0.5, 1.0]","{""time"": 1.0, ""collisions"": 0.05, ""congestion"": 1.0, ""fairness"": 0.0, ""incomplete_base"": 1000.0, ""incomplete_agent"": 10.0}","[64.69430051813471, 1121.781, 35.856153846153845, 43.93774834437086, 30.12936802973978, 1119.675, 48.903990024937656, 42.82228260869565, 43.66771159874608, 36.351083591331275]","[38.6, 100.0, 32.5, 30.200000000000003, 26.900000000000002, 100.0, 40.1, 36.800000000000004, 31.900000000000002, 32.300000000000004]"
ga,2,0,47.93686295262339,30.840000000000003,304.8,1.8568629526233889,5.8,12.017857142857144,20.775833333333335,8.75797619047619,True,0.0,hospital_corridor,28,12,"[11, 29, 47, 53, 61, 73, 89, 97, 101, 109]","[3.566586946123489, 2.8391759423306953, 0.8623887086029867, 0.5, 1.0]","{""time"": 1.0, ""collisions"": 0.05, ""congestion"": 1.0, ""fairness"": 0.0, ""incomplete_base"": 1000.0, ""incomplete_agent"": 10.0}","[61.804982817869416, 51.866891891891896, 43.1080204778157, 67.54687500000001, 38.52460317460317, 33.780141843971634, 53.89620596205962, 43.205555555555556, 48.167567567567566, 37.467785234899324]","[29.1, 29.6, 29.3, 32.0, 31.5, 28.200000000000003, 36.9, 32.4, 29.6, 29.8]"
ga,2,1,48.32488475978514,36.260000000000005,210.7,1.529884759785142,5.3,13.024642857142856,23.332500000000003,10.307857142857143,True,0.0,hospital_corridor,28,12,"[11, 29, 47, 53, 61, 73, 89, 97, 101, 109]","[2.2515169417782084, 2.1120964969276086, 0.8519133798084297, 0.5, 1.0]","{""time"": 1.0, ""collisions"": 0.05, ""congestion"": 1.0, ""fairness"": 0.0, ""incomplete_base"": 1000.0, ""incomplete_agent"": 10.0}","[61.695961002785516, 38.56419753086419, 41.07032967032967, 46.00882352941177, 45.72934782608696, 44.90140186915888, 52.38614457831326, 50.52384428223845, 54.65172413793104, 47.71707317073171]","[35.9, 32.4, 36.4, 30.6, 36.800000000000004, 32.1, 41.5, 41.1, 34.800000000000004, 41.0]"
ga,2,2,207.78726253408556,35.480000000000004,3407.9,1.9122625340855521,5.9,13.4,24.08416666666667,10.684166666666668,True,0.0,hospital_corridor,28,12,"[11, 29, 47, 53, 61, 73, 89, 97, 101, 109]","[2.2901951643917653, 2.9848455490855827, 0.6344477678496125, 0.5, 1.0]","{""time"": 1.0, ""collisions"": 0.05, ""congestion"": 1.0, ""fairness"": 0.0, ""incomplete_base"": 1000.0, ""incomplete_agent"": 10.0}","[229.3504731861199, 196.82553516819573, 168.71316526610644, 237.89455958549223, 209.55097719869707, 154.65351170568562, 211.56134020618558, 242.55878552971575, 231.7253164556962, 195.03896103896105]","[31.700000000000003, 32.7, 35.7, 38.6, 30.700000000000003, 29.900000000000002, 38.800000000000004, 38.7, 39.5, 38.5]"
ga,2,3,103.54116131989052,28.51,1461.5,1.956161319890508,5.6,10.583928571428572,19.327500000000004,8.74357142857143,True,0.0,hospital_corridor,28,12,"[11, 29, 47, 53, 61, 73, 89, 97, 101, 109]","[4.135975205362363, 3.362452767684528, 0.7103290481831984, 0.5, 1.0]","{""time"": 1.0, ""collisions"": 0.05, ""congestion"": 1.0, ""fairness"": 0.0, ""incomplete_base"": 1000.0, ""incomplete_agent"": 10.0}","[158.55679012345678, 118.94583333333333, 72.79564459930315, 112.8280303030303, 91.21813186813188, 82.11397058823529, 112.31573426573428, 119.21760563380283, 81.02867647058824, 86.39119601328903]","[32.4, 28.8, 28.700000000000003, 26.400000000000002, 27.3, 27.200000000000003, 28.6, 28.400000000000002, 27.200000000000003, 30.1]"
ga,2,4,47.93686295262339,30.840000000000003,304.8,1.8568629526233889,5.8,12.017857142857144,20.775833333333335,8.75797619047619,True,0.0,hospital_corridor,28,12,"[11, 29, 47, 53, 61, 73, 89, 97, 101, 109]","[3.566586946123489, 2.8391759423306953, 0.8623887086029867, 0.5, 1.0]","{""time"": 1.0, ""collisions"": 0.05, ""congestion"": 1.0, ""fairness"": 0.0, ""incomplete_base"": 1000.0, ""incomplete_agent"": 10.0}","[61.804982817869416, 51.866891891891896, 43.1080204778157, 67.54687500000001, 38.52460317460317, 33.780141843971634, 53.89620596205962, 43.205555555555556, 48.167567567567566, 37.467785234899324]","[29.1, 29.6, 29.3, 32.0, 31.5, 28.200000000000003, 36.9, 32.4, 29.6, 29.8]"
ga,2,5,47.93686295262339,30.840000000000003,304.8,1.8568629526233889,5.8,12.017857142857144,20.775833333333335,8.75797619047619,True,0.0,hospital_corridor,28,12,"[11, 29, 47, 53, 61, 73, 89, 97, 101, 109]","[3.566586946123489, 2.8391759423306953, 0.8623887086029867, 0.5, 1.0]","{""time"": 1.0, ""collisions"": 0.05, ""congestion"": 1.0, ""fairness"": 0.0, ""incomplete_base"": 1000.0, ""incomplete_agent"": 10.0}","[61.804982817869416, 51.866891891891896, 43.1080204778157, 67.54687500000001, 38.52460317460317, 33.780141843971634, 53.89620596205962, 43.205555555555556, 48.167567567567566, 37.467785234899324]","[29.1, 29.6, 29.3, 32.0, 31.5, 28.200000000000003, 36.9, 32.4, 29.6, 29.8]"
ga,2,6,47.93686295262339,30.840000000000003,304.8,1.8568629526233889,5.8,12.017857142857144,20.775833333333335,8.75797619047619,True,0.0,hospital_corridor,28,12,"[11, 29, 47, 53, 61, 73, 89, 97, 101, 109]","[3.566586946123489, 2.8391759423306953, 0.8623887086029867, 0.5, 1.0]","{""time"": 1.0, ""collisions"": 0.05, ""congestion"": 1.0, ""fairness"": 0.0, ""incomplete_base"": 1000.0, ""incomplete_agent"": 10.0}","[61.804982817869416, 51.866891891891896, 43.1080204778157, 67.54687500000001, 38.52460317460317, 33.780141843971634, 53.89620596205962, 43.205555555555556, 48.167567567567566, 37.467785234899324]","[29.1, 29.6, 29.3, 32.0, 31.5, 28.200000000000003, 36.9, 32.4, 29.6, 29.8]"
ga,2,7,45.64613158454961,32.7,225.6,1.6661315845496052,5.3,12.15714285714286,20.983333333333338,8.826190476190476,True,0.0,hospital_corridor,28,12,"[11, 29, 47, 53, 61, 73, 89, 97, 101, 109]","[3.566586946123489, 2.8391759423306953, 0.8998120847832644, 0.5, 1.0]","{""time"": 1.0, ""collisions"": 0.05, ""congestion"": 1.0, ""fairness"": 0.0, ""incomplete_base"": 1000.0, ""incomplete_agent"": 10.0}","[64.54285714285714, 37.550657894736844, 37.99109589041096, 56.956158357771265, 46.06004728132388, 34.088675958188155, 43.219277108433744, 49.66508875739646, 47.79875776397515, 38.58869969040248]","[30.8, 30.400000000000002, 29.200000000000003, 34.1, 42.300000000000004, 28.700000000000003, 33.2, 33.800000000000004, 32.2, 32.300000000000004]"
ga,2,8,51.73916766628567,31.630000000000003,366.5,1.7841676662856696,5.1,12.097857142857144,21.306666666666665,9.208809523809524,True,0.0,hospital_corridor,28,12,"[11, 29, 47, 53, 61, 73, 89, 97, 101, 109]","[3.357663197578638, 2.6093954605920215, 0.8453200981038889, 0.5, 1.0]","{""time"": 1.0, ""collisions"": 0.05, ""congestion"": 1.0, ""fairness"": 0.0, ""incomplete_base"": 1000.0, ""incomplete_agent"": 10.0}","[78.81666666666668, 65.63011363636365, 39.37758620689655, 61.103858520900324, 49.28374613003096, 36.023049645390074, 55.66988636363637, 45.98516819571866, 47.789393939393946, 37.71220735785953]","[33.0, 35.2, 29.0, 31.1, 32.300000000000004, 28.200000000000003, 35.2, 32.7, 29.700000000000003, 29.900000000000002]"
ga,2,9,44.12146661195022,33.71,173.2,1.751466611950212,5.1,12.744285714285715,22.306666666666665,9.562380952380954,True,0.0,hospital_corridor,28,12,"[11, 29, 47, 53, 61, 73, 89, 97, 101, 109]","[2.66960298946113, 3.064545506262502, 0.8301787264922498, 0.5, 1.0]","{""time"": 1.0, ""collisions"": 0.05, ""congestion"": 1.0, ""fairness"": 0.0, ""incomplete_base"": 1000.0, ""incomplete_agent"": 10.0}","[51.129012345679016, 57.764480874316945, 36.02025316455696, 48.79807692307692, 38.454790419161675, 38.0195945945946, 42.30760869565218, 44.21329113924051, 44.60623052959502, 39.90132743362832]","[32.4, 36.6, 31.6, 31.200000000000003, 33.4, 29.6, 36.800000000000004, 39.5, 32.1, 33.9]"
ga,2,10,50.32983194757065,37.94,217.8,1.4998319475706539,5.5,13.525,24.55916666666667,11.034166666666668,True,0.0,hospital_corridor,28,12,"[11, 29, 47, 53, 61, 73, 89, 97, 101, 109]","[2.178548700889639, 2.7375151941276057, 0.8131101159931521, 0.5, 1.0]","{""time"": 1.0, ""collisions"": 0.05, ""congestion"": 1.0, ""fairness"": 0.0, ""incomplete_base"": 1000.0, ""incomplete_agent"": 10.0}","[80.18660130718955, 38.49501557632399, 41.35454545454546, 51.18291925465839, 44.7009234828496, 42.623619631901846, 58.584162895927605, 48.58300970873786, 49.1429178470255, 48.444604316546766]","[45.900000000000006, 32.1, 36.300000000000004, 32.2, 37.9, 32.6, 44.2, 41.2, 35.300000000000004, 41.7]"
ga,2,11,48.378959861146264,38.96000000000001,157.8,1.528959861146258,5.2,13.68857142857143,24.536666666666672,10.848095238095238,True,0.0,hospital_corridor,28,12,"[11, 29, 47, 53, 61, 73, 89, 97, 101, 109]","[2.178548700889639, 3.1960398560012133, 0.8131101159931521, 0.5, 1.0]","{""time"": 1.0, ""collisions"": 0.05, ""congestion"": 1.0, ""fairness"": 0.0, ""incomplete_base"": 1000.0, ""incomplete_agent"": 10.0}","[59.84936708860759, 37.60278637770898, 41.261444141689374, 51.480203045685286, 40.59727793696275, 47.62670454545455, 51.37802850356295, 63.05103578154426, 45.013687150837995, 45.92906403940887]","[39.5, 32.300000000000004, 36.7, 39.400000000000006, 34.9, 35.2, 42.1, 53.1, 35.800000000000004, 40.6]"
ga,2,12,85.99414698736571,35.78000000000001,973.3,1.5491469873656996,5.6,13.020357142857142,22.875833333333333,9.85547619047619,True,0.0,hospital_corridor,28,12,"[11, 29, 47, 53, 61, 73, 89, 97, 101, 109]","[2.334511360048165, 0.9617111087562451, 0.9208651266331187, 0.5, 1.0]","{""time"": 1.0, ""collisions"": 0.05, ""congestion"": 1.0, ""fairness"": 0.0, ""incomplete_base"": 1000.0, ""incomplete_agent"": 10.0}","[118.20858085808581, 78.13257790368273, 58.42714285714286, 90.98464052287582, 72.54545454545455, 77.15671641791045, 108.99963144963147, 90.89090909090909, 93.25670731707318, 71.33910891089108]","[30.3, 35.300000000000004, 35.0, 30.6, 35.2, 33.5, 40.7, 44.0, 32.800000000000004, 40.400000000000006]"
ga,2,13,1055.9748814313766,40.06,266.7,1.579881431376572,5.1,12.634642857142858,22.012272727272727,9.377629870129871,False,0.1,hospital_corridor,28,12,"[11, 29, 47, 53, 61, 73, 89, 97, 101, 109]","[3.1567810767528814, 2.451125908999828, 0.9343363249074983, 0.5, 1.0]","{""time"": 1.0, ""collisions"": 0.05, ""congestion"": 1.0, ""fairness"": 0.0, ""incomplete_base"": 1000.0, ""incomplete_agent"": 10.0}","[80.5513698630137, 34.65472312703583, 37.230405405405406, 50.36501706484642, 45.07373737373737, 46.42385321100918, 50.22446808510639, 49.210641399416915, 1127.057, 38.95759878419452]","[43.800000000000004, 30.700000000000003, 29.6, 29.3, 29.700000000000003, 32.7, 37.6, 34.300000000000004, 100.0, 32.9]"
ga,2,14,1145.7253457627119,94.72,68.7,0.5703457627118644,3.9,15.341645193494108,27.062,11.720354806505894,False,4.7,hospital_corridor,28,12,"[11, 29, 47, 53, 61, 73, 89, 97, 101, 109]","[2.1917981848854153, 2.1983083715313105, 1.1169982888402368, 0.5, 1.0]","{""time"": 1.0, ""collisions"": 0.05, ""congestion"": 1.0, ""fairness"": 0.0, ""incomplete_base"": 1000.0, ""incomplete_agent"": 10.0}","[1178.09, 1224.439, 1122.635, 1164.905, 1151.354, 1144.518, 1143.808, 50.24745762711865, 1132.559, 1144.698]","[100.0, 100.0, 100.0, 100.0, 100.0, 100.0, 100.0, 47.2, 100.0, 100.0]"
ga,2,15,49.6774043106746,37.290000000000006,215.6,1.6074043106745954,4.9,13.222857142857146,24.395000000000003,11.172142857142859,True,0.0,hospital_corridor,28,12,"[11, 29, 47, 53, 61, 73, 89, 97, 101, 109]","[2.173785471859805, 2.1498788382607654, 0.8466574277398824, 0.5, 1.0]","{""time"": 1.0, ""collisions"": 0.05, ""congestion"": 1.0, ""fairness"": 0.0, ""incomplete_base"": 1000.0, ""incomplete_agent"": 10.0}","[62.76989247311828, 39.679268292682934, 41.97967914438503, 50.09245283018868, 43.61408450704226, 50.835632183908054, 52.3330985915493, 51.313895216400915, 57.51094182825485, 46.64509803921569]","[37.2, 32.800000000000004, 37.4, 31.8, 35.5, 34.800000000000004, 42.6, 43.900000000000006, 36.1, 40.800000000000004]"
ga,2,16,51.147631687352494,38.190000000000005,228.0,1.5576316873524878,5.2,13.368928571428572,24.80666666666667,11.437738095238096,True,0.0,hospital_corridor,28,12,"[11, 29, 47, 53, 61, 73, 89, 97, 101, 109]","[2.1546176138798288, 2.5433347717229635, 0.813110115993152, 0.5, 1.0]","{""time"": 1.0, ""collisions"": 0.05, ""congestion"": 1.0, ""fairness"": 0.0, ""incomplete_base"": 1000.0, ""incomplete_agent"": 10.0}","[73.67369614512471, 39.479969418960245, 43.612398921832884, 43.48246753246754, 44.633240223463694, 57.02078651685394, 56.131578947368425, 49.394647201946476, 55.387005649717516, 48.660526315789475]","[44.1, 32.7, 37.1, 30.8, 35.800000000000004, 35.6, 47.5, 41.1, 35.4, 41.800000000000004]"
ga,2,17,51.674926119532266,37.42,253.8,1.5649261195322635,5.4,13.460000000000003,23.995,10.535,True,0.0,hospital_corridor,28,12,"[11, 29, 47, 53, 61, 73, 89, 97, 101, 109]","[2.137997801976822, 2.451443541851807, 0.813110115993152, 0.5, 1.0]","{""time"": 1.0, ""collisions"": 0.05, ""congestion"": 1.0, ""fairness"": 0.0, ""incomplete_base"": 1000.0, ""incomplete_agent"": 10.0}","[73.47428571428571, 39.04133126934985, 44.85142118863049, 44.017891373801916, 42.5904432132964, 45.151515151515156, 59.06258278145695, 50.01393034825871, 69.16341463414635, 49.38244552058112]","[35.0, 32.300000000000004, 38.7, 31.3, 36.1, 33.0, 45.300000000000004, 40.2, 41.0, 41.300000000000004]"
ga,2,18,1096.7918089032253,38.32000000000001,1059.6,1.4918089032251964,5.1,11.731369047619049,20.883333333333336,9.151964285714286,False,0.4,hospital_corridor,28,12,"[11, 29, 47, 53, 61, 73, 89, 97, 101, 109]","[3.141814196367747, 0.780498311472626, 1.6017958428226255, 0.5, 1.0]","{""time"": 1.0, ""collisions"": 0.05, ""congestion"": 1.0, ""fairness"": 0.0, ""incomplete_base"": 1000.0, ""incomplete_agent"": 10.0}","[127.26129032258065, 1174.55, 70.31688311688312, 90.0685053380783, 81.978125, 74.27457627118643, 89.80492957746479, 103.60523255813955, 78.90495207667732, 77.15359477124183]","[31.0, 100.0, 30.8, 28.1, 32.0, 29.5, 35.5, 34.4, 31.3, 30.6]"
ga,2,19,182.50687516703354,34.440000000000005,2924.8,1.826875167033537,5.8,12.992142857142857,23.16416666666667,10.172023809523811,True,0.0,hospital_corridor,28,12,"[11, 29, 47, 53, 61, 73, 89, 97, 101, 109]","[2.4568915610778075, 0.1, 1.7279089077411554, 0.5, 1.0]","{""time"": 1.0, ""collisions"": 0.05, ""congestion"": 1.0, ""fairness"": 0.0, ""incomplete_base"": 1000.0, ""incomplete_agent"": 10.0}","[204.11147540983606, 180.175, 142.3871382636656, 214.03655589123866, 190.36645569620254, 130.49193548387098, 190.01698113207547, 231.17847411444143, 189.88811369509045, 152.4166219839142]","[30.5, 32.0, 31.1, 33.1, 31.6, 31.0, 42.400000000000006, 36.7, 38.7, 37.300000000000004]"
ga,2,20,50.16417850937708,36.230000000000004,245.9,1.6391785093770714,5.9,13.002142857142857,23.3975,10.395357142857144,True,0.0,hospital_corridor,28,12,"[11, 29, 47, 53, 61, 73, 89, 97, 101, 109]","[2.246871059113421, 2.222054517766124, 0.8170844822997869, 0.5, 1.0]","{""time"": 1.0, ""collisions"": 0.05, ""congestion"": 1.0, ""fairness"": 0.0, ""incomplete_base"": 1000.0, ""incomplete_agent"": 10.0}","[66.94594594594595, 39.674223602484474, 43.086920980926436, 49.09605263157895, 42.63265895953758, 45.823267326732676, 56.294124168514415, 57.65098522167488, 50.50231213872833, 49.93529411764706]","[37.0, 32.2, 36.7, 30.400000000000002, 34.6, 30.3, 45.1, 40.6, 34.6, 40.800000000000004]"
ga,2,21,50.651014933752855,37.09,240.2,1.551014933752853,5.3,13.328214285714287,24.255000000000003,10.926785714285716,True,0.0,hospital_corridor,28,12,"[11, 29, 47, 53, 61, 73, 89, 97, 101, 109]","[2.1187125976317995, 1.9880296268514321, 0.8479390135017948, 0.5, 1.0]","{""time"": 1.0, ""collisions"": 0.05, ""congestion"": 1.0, ""fairness"": 0.0, ""incomplete_base"": 1000.0, ""incomplete_agent"": 10.0}","[68.62121212121214, 39.488957055214726, 43.959580052493436, 46.1314332247557, 49.94151193633952, 48.48550724637681, 54.8441647597254, 56.16111111111111, 49.768537859007836, 49.10813397129187]","[33.0, 32.6, 38.1, 30.700000000000003, 37.7, 34.5, 43.7, 40.5, 38.300000000000004, 41.800000000000004]"
ga,2,22,47.93686295262339,30.840000000000003,304.8,1.8568629526233889,5.8,12.017857142857144,20.775833333333335,8.75797619047619,True,0.0,hospital_corridor,28,12,"[11, 29, 47, 53, 61, 73, 89, 97, 101, 109]","[3.566586946123489, 2.8391759423306953, 0.8623887086029867, 0.5, 1.0]","{""time"": 1.0, ""collisions"": 0.05, ""congestion"": 1.0, ""fairness"": 0.0, ""incomplete_base"": 1000.0, ""incomplete_agent"": 10.0}","[61.804982817869416, 51.866891891891896, 43.1080204778157, 67.54687500000001, 38.52460317460317, 33.780141843971634, 53.89620596205962, 43.205555555555556, 48.167567567567566, 37.467785234899324]","[29.1, 29.6, 29.3, 32.0, 31.5, 28.200000000000003, 36.9, 32.4, 29.6, 29.8]"
ga,2,23,47.93686295262339,30.840000000000003,304.8,1.8568629526233889,5.8,12.017857142857144,20.775833333333335,8.75797619047619,True,0.0,hospital_corridor,28,12,"[11, 29, 47, 53, 61, 73, 89, 97, 101, 109]","[3.566586946123489, 2.8391759423306953, 0.8623887086029867, 0.5, 1.0]","{""time"": 1.0, ""collisions"": 0.05, ""congestion"": 1.0, ""fairness"": 0.0, ""incomplete_base"": 1000.0, ""incomplete_agent"": 10.0}","[61.804982817869416, 51.866891891891896, 43.1080204778157, 67.54687500000001, 38.52460317460317, 33.780141843971634, 53.89620596205962, 43.205555555555556, 48.167567567567566, 37.467785234899324]","[29.1, 29.6, 29.3, 32.0, 31.5, 28.200000000000003, 36.9, 32.4, 29.6, 29.8]"
ga,3,0,44.12146661195022,33.71,173.2,1.751466611950212,5.1,12.744285714285715,22.306666666666665,9.562380952380954,True,0.0,hospital_corridor,28,12,"[11, 29, 47, 53, 61, 73, 89, 97, 101, 109]","[2.66960298946113, 3.064545506262502, 0.8301787264922498, 0.5, 1.0]","{""time"": 1.0, ""collisions"": 0.05, ""congestion"": 1.0, ""fairness"": 0.0, ""incomplete_base"": 1000.0, ""incomplete_agent"": 10.0}","[51.129012345679016, 57.764480874316945, 36.02025316455696, 48.79807692307692, 38.454790419161675, 38.0195945945946, 42.30760869565218, 44.21329113924051, 44.60623052959502, 39.90132743362832]","[32.4, 36.6, 31.6, 31.200000000000003, 33.4, 29.6, 36.800000000000004, 39.5, 32.1, 33.9]"
ga,3,1,45.64613158454961,32.7,225.6,1.6661315845496052,5.3,12.15714285714286,20.983333333333338,8.826190476190476,True,0.0,hospital_corridor,28,12,"[11, 29, 47, 53, 61, 73, 89, 97, 101, 109]","[3.566586946123489, 2.8391759423306953, 0.8998120847832644, 0.5, 1.0]","{""time"": 1.0, ""collisions"": 0.05, ""congestion"": 1.0, ""fairness"": 0.0, ""incomplete_base"": 1000.0, ""incomplete_agent"": 10.0}","[64.54285714285714, 37.550657894736844, 37.99109589041096, 56.956158357771265, 46.06004728132388, 34.088675958188155, 43.219277108433744, 49.66508875739646, 47.79875776397515, 38.58869969040248]","[30.8, 30.400000000000002, 29.200000000000003, 34.1, 42.300000000000004, 28.700000000000003, 33.2, 33.800000000000004, 32.2, 32.300000000000004]"
ga,3,2,42.91845291162458,32.06,183.1,1.7034529116245736,5.3,12.200000000000001,21.698333333333334,9.498333333333335,True,0.0,hospital_corridor,28,12,"[11, 29, 47, 53, 61, 73, 89, 97, 101, 109]","[3.566586946123489, 2.8391759423306953, 0.9770928542307338, 0.5, 1.0]","{""time"": 1.0, ""collisions"": 0.05, ""congestion"": 1.0, ""fairness"": 0.0, ""incomplete_base"": 1000.0, ""incomplete_agent"": 10.0}","[66.13866666666667, 47.960759493670885, 32.35757575757576, 43.825, 36.306666666666665, 36.956765676567656, 40.15029239766082, 45.82100591715977, 42.03104575163399, 37.63675078864354]","[37.5, 31.6, 29.700000000000003, 31.200000000000003, 30.0, 30.3, 34.2, 33.800000000000004, 30.6, 31.700000000000003]"
ga,3,3,40.88901193498312,31.080000000000002,160.1,1.8040119349831145,5.5,12.255714285714287,21.263333333333335,9.007619047619048,True,0.0,hospital_corridor,28,12,"[11, 29, 47, 53, 61, 73, 89, 97, 101, 109]","[3.287149059217219, 3.1009953772666052, 0.8623887086029867, 0.5, 1.0]","{""time"": 1.0, ""collisions"": 0.05, ""congestion"": 1.0, ""fairness"": 0.0, ""incomplete_base"": 1000.0, ""incomplete_agent"": 10.0}","[54.72283950617284, 35.19934640522876, 38.00921501706485, 50.976755852842814, 34.5668918918919, 33.51478873239437, 41.67247838616715, 43.9621776504298, 39.06818181818182, 37.19744408945687]","[32.4, 30.6, 29.3, 29.900000000000002, 29.6, 28.400000000000002, 34.7, 34.9, 29.700000000000003, 31.3]"
ga,3,4,172.4768797673027,30.529999999999994,2799.9,1.9518797673026942,6.1,11.343928571428572,20.065833333333334,8.721904761904764,True,0.0,hospital_corridor,28,12,"[11, 29, 47, 53, 61, 73, 89, 97, 101, 109]","[3.5516557736774086, 3.0325617201212838, 0.6121458234955933, 0.5, 1.0]","{""time"": 1.0, ""collisions"": 0.05, ""congestion"": 1.0, ""fairness"": 0.0, ""incomplete_base"": 1000.0, ""incomplete_agent"": 10.0}","[238.5095015576324, 187.83508771929826, 138.67280701754387, 160.3, 163.4115107913669, 136.23613138686133, 180.27018633540374, 189.00206489675517, 147.2308868501529, 183.30062111801246]","[32.1, 28.5, 28.5, 30.0, 27.8, 27.400000000000002, 32.2, 33.9, 32.7, 32.2]"
ga,3,5,102.4700063204393,34.58,1324.1,1.6850063204393053,5.5,12.427857142857144,22.758333333333336,10.330476190476192,True,0.0,hospital_corridor,28,12,"[11, 29, 47, 53, 61, 73, 89, 97, 101, 109]","[2.2751782407491277, 2.8711597284719135, 0.7104442160767956, 0.5, 1.0]","{""time"": 1.0, ""collisions"": 0.05, ""congestion"": 1.0, ""fairness"": 0.0, ""incomplete_base"": 1000.0, ""incomplete_agent"": 10.0}","[184.9634005763689, 84.60096463022509, 67.32098765432099, 126.92154882154883, 78.45949367088608, 82.7556856187291, 101.95792349726776, 136.41512415349888, 89.5340909090909, 71.77084367245659]","[34.7, 31.1, 32.4, 29.700000000000003, 31.6, 29.900000000000002, 36.6, 44.300000000000004, 35.2, 40.300000000000004]"
ga,3,6,1220.2399374357888,55.54,3145.1,1.4449374357886655,5.5,14.939001831501832,28.1675,13.228498168498168,False,0.6,hospital_corridor,28,12,"[11, 29, 47, 53, 61, 73, 89, 97, 101, 109]","[1.78874428094977, 0.1, 1.7279089077411554, 0.5, 1.0]","{""time"": 1.0, ""collisions"": 0.05, ""congestion"": 1.0, ""fairness"": 0.0, ""incomplete_base"": 1000.0, ""incomplete_agent"": 10.0}","[255.83647642679904, 1287.437, 161.77616822429908, 189.4474885844749, 194.2576530612245, 1277.975, 204.53754578754578, 248.5735173824131, 187.8707808564232, 194.68774403470718]","[40.300000000000004, 100.0, 42.800000000000004, 43.800000000000004, 39.2, 100.0, 54.6, 48.900000000000006, 39.7, 46.1]"
ga,3,7,47.31075570477194,38.11,153.0,1.5507557047719414,5.5,13.573571428571432,24.019166666666667,10.445595238095239,True,0.0,hospital_corridor,28,12,"[11, 29, 47, 53, 61, 73, 89, 97, 101, 109]","[2.137997801976822, 2.92930998515362, 0.813110115993152, 0.5, 1.0]","{""time"": 1.0, ""collisions"": 0.05, ""congestion"": 1.0, ""fairness"": 0.0, ""incomplete_base"": 1000.0, ""incomplete_agent"": 10.0}","[50.964662756598244, 39.23302752293578, 44.4994923857868, 47.621341463414645, 46.691626794258376, 43.35, 58.08, 47.999370277078086, 48.09230769230769, 46.57572815533981]","[34.1, 32.7, 39.400000000000006, 32.800000000000004, 41.800000000000004, 33.0, 50.0, 39.7, 36.4, 41.2]"
ga,3,8,47.96363821807811,32.24,280.1,1.718638218078106,5.2,12.3475,22.238333333333337,9.890833333333333,True,0.0,hospital_corridor,28,12,"[11, 29, 47, 53, 61, 73, 89, 97, 101, 109]","[2.7044729162617456, 2.303008437214774, 0.8474677720134975, 0.5, 1.0]","{""time"": 1.0, ""collisions"": 0.05, ""congestion"": 1.0, ""fairness"": 0.0, ""incomplete_base"": 1000.0, ""incomplete_agent"": 10.0}","[71.49888178913737, 37.20048543689321, 37.60567823343849, 60.734592145015114, 34.6812030075188, 37.96555183946489, 57.789726027397265, 48.900000000000006, 48.77651757188499, 44.483746130030966]","[31.3, 30.900000000000002, 31.700000000000003, 33.1, 26.6, 29.900000000000002, 36.5, 38.800000000000004, 31.3, 32.300000000000004]"
ga,3,9,45.691734320115664,33.08,218.5,1.6867343201156662,5.4,12.265357142857141,21.60833333333333,9.34297619047619,True,0.0,hospital_corridor,28,12,"[11, 29, 47, 53, 61, 73, 89, 97, 101, 109]","[3.0358995017215484, 2.686046343376687, 0.8615783643293715, 0.5, 1.0]","{""time"": 1.0, ""collisions"": 0.05, ""congestion"": 1.0, ""fairness"": 0.0, ""incomplete_base"": 1000.0, ""incomplete_agent"": 10.0}","[65.62055393586006, 35.64705882352941, 39.579729729729735, 69.9494382022472, 37.56895424836601, 35.17272727272728, 50.973130193905824, 40.391860465116274, 45.50879478827362, 36.50509554140128]","[34.300000000000004, 30.6, 29.6, 44.5, 30.6, 28.6, 36.1, 34.4, 30.700000000000003, 31.400000000000002]"
ga,3,10,46.26815501096712,30.740000000000002,273.6,1.848155010967119,5.4,11.672500000000001,20.150000000000002,8.477500000000001,True,0.0,hospital_corridor,28,12,"[11, 29, 47, 53, 61, 73, 89, 97, 101, 109]","[3.552929786007673, 2.9426415138573576, 0.8235481920942496, 0.5, 1.0]","{""time"": 1.0, ""collisions"": 0.05, ""congestion"": 1.0, ""fairness"": 0.0, ""incomplete_base"": 1000.0, ""incomplete_agent"": 10.0}","[73.50377358490567, 45.79102564102565, 37.112068965517246, 59.069418960244654, 41.93289036544851, 34.74856115107914, 44.90714285714286, 46.37196531791908, 42.74037800687285, 36.50432525951557]","[31.8, 31.200000000000003, 29.0, 32.7, 30.1, 27.8, 32.2, 34.6, 29.1, 28.900000000000002]"
ga,3,11,52.078804592590345,37.58,257.9,1.6038045925903504,5.2,13.4425,24.01,10.5675,True,0.0,hospital_corridor,28,12,"[11, 29, 47, 53, 61, 73, 89, 97, 101, 109]","[2.192205861005455, 3.0925742844745514, 0.7926980430898799, 0.5, 1.0]","{""time"": 1.0, ""collisions"": 0.05, ""congestion"": 1.0, ""fairness"": 0.0, ""incomplete_base"": 1000.0, ""incomplete_agent"": 10.0}","[79.33110047846891, 41.544444444444444, 42.63964577656676, 55.16077844311377, 42.673087818696885, 50.32673716012085, 59.60785123966943, 48.568302387267906, 52.5208913649025, 48.41520681265207]","[41.800000000000004, 32.4, 36.7, 33.4, 35.300000000000004, 33.1, 48.400000000000006, 37.7, 35.9, 41.1]"
ga,3,12,50.22829049191212,32.1,326.8,1.7882904919121227,5.2,12.030714285714286,21.358333333333334,9.327619047619049,True,0.0,hospital_corridor,28,12,"[11, 29, 47, 53, 61, 73, 89, 97, 101, 109]","[3.608583854305773, 2.8391759423306953, 0.8623887086029867, 0.5, 1.0]","{""time"": 1.0, ""collisions"": 0.05, ""congestion"": 1.0, ""fairness"": 0.0, ""incomplete_base"": 1000.0, ""incomplete_agent"": 10.0}","[82.03011363636365, 76.34704433497538, 41.3204152249135, 49.203472222222224, 35.96290322580645, 33.67659574468085, 56.391176470588235, 46.492592592592594, 43.75689655172414, 37.101694915254235]","[35.2, 40.6, 28.900000000000002, 28.8, 31.0, 28.200000000000003, 37.4, 32.4, 29.0, 29.5]"
ga,3,13,47.93686295262339,30.840000000000003,304.8,1.8568629526233889,5.8,12.017857142857144,20.775833333333335,8.75797619047619,True,0.0,hospital_corridor,28,12,"[11, 29, 47, 53, 61, 73, 89, 97, 101, 109]","[3.566586946123489, 2.8391759423306953, 0.8623887086029867, 0.5, 1.0]","{""time"": 1.0, ""collisions"": 0.05, ""congestion"": 1.0, ""fairness"": 0.0, ""incomplete_base"": 1000.0, ""incomplete_agent"": 10.0}","[61.804982817869416, 51.866891891891896, 43.1080204778157, 67.54687500000001, 38.52460317460317, 33.780141843971634, 53.89620596205962, 43.205555555555556, 48.167567567567566, 37.467785234899324]","[29.1, 29.6, 29.3, 32.0, 31.5, 28.200000000000003, 36.9, 32.4, 29.6, 29.8]"
ga,3,14,64.47396004157889,29.110000000000003,670.9,1.818960041578892,5.5,10.857500000000002,19.747500000000002,8.89,True,0.0,hospital_corridor,28,12,"[11, 29, 47, 53, 61, 73, 89, 97, 101, 109]","[3.8417468660307437, 1.7922523459001656, 0.8404371491264293, 0.5, 1.0]","{""time"": 1.0, ""collisions"": 0.05, ""congestion"": 1.0, ""fairness"": 0.0, ""incomplete_base"": 1000.0, ""incomplete_agent"": 10.0}","[101.08943661971831, 56.59072164948454, 44.51655052264808, 88.02675585284281, 52.88745644599304, 44.46159420289855, 78.66858974358975, 74.01895424836603, 52.91625441696113, 51.563286713286715]","[28.400000000000002, 29.1, 28.700000000000003, 29.900000000000002, 28.700000000000003, 27.6, 31.200000000000003, 30.6, 28.3, 28.6]"
ga,3,15,95.52037508440343,29.770000000000003,1277.4,1.880375084403417,5.6,11.030357142857145,20.075000000000003,9.044642857142858,True,0.0,hospital_corridor,28,12,"[11, 29, 47, 53, 61, 73, 89, 97, 101, 109]","[3.860815285455108, 3.0927811096964586, 0.7322806076597558, 0.5, 1.0]","{""time"": 1.0, ""collisions"": 0.05, ""congestion"": 1.0, ""fairness"": 0.0, ""incomplete_base"": 1000.0, ""incomplete_agent"": 10.0}","[204.70956072351422, 86.93819444444445, 62.03397212543554, 127.53235294117647, 74.62517482517484, 64.27545787545787, 82.73543046357617, 88.65347222222223, 81.67069597069597, 82.02943925233645]","[38.7, 28.8, 28.700000000000003, 27.200000000000003, 28.6, 27.3, 30.200000000000003, 28.8, 27.3, 32.1]"
ga,3,16,50.32983194757065,37.94,217.8,1.4998319475706539,5.5,13.525,24.55916666666667,11.034166666666668,True,0.0,hospital_corridor,28,12,"[11, 29, 47, 53, 61, 73, 89, 97, 101, 109]","[2.178548700889639, 2.7375151941276057, 0.8131101159931521, 0.5, 1.0]","{""time"": 1.0, ""collisions"": 0.05, ""congestion"": 1.0, ""fairness"": 0.0, ""incomplete_base"": 1000.0, ""incomplete_agent"": 10.0}","[80.18660130718955, 38.49501557632399, 41.35454545454546, 51.18291925465839, 44.7009234828496, 42.623619631901846, 58.584162895927605, 48.58300970873786, 49.1429178470255, 48.444604316546766]","[45.900000000000006, 32.1, 36.300000000000004, 32.2, 37.9, 32.6, 44.2, 41.2, 35.300000000000004, 41.7]"
ga,3,17,210.46774527235314,35.61,3458.1,1.9527452723531435,6.3,13.5375,24.089166666666664,10.551666666666666,True,0.0,hospital_corridor,28,12,"[11, 29, 47, 53, 61, 73, 89, 97, 101, 109]","[2.178548700889639, 2.7375151941276057, 0.5952102090045994, 0.5, 1.0]","{""time"": 1.0, ""collisions"": 0.05, ""congestion"": 1.0, ""fairness"": 0.0, ""incomplete_base"": 1000.0, ""incomplete_agent"": 10.0}","[226.8967213114754, 205.56071428571428, 169.24520547945207, 217.80518207282915, 221.1436305732484, 168.43856209150326, 231.4060975609756, 295.24575835475576, 198.0083769633508, 170.9272040302267]","[30.5, 33.6, 36.5, 35.7, 31.400000000000002, 30.6, 41.0, 38.900000000000006, 38.2, 39.7]"
ga,3,18,45.99944679549674,33.65,211.3,1.7844467954967356,5.6,12.477142857142855,21.734166666666667,9.25702380952381,True,0.0,hospital_corridor,28,12,"[11, 29, 47, 53, 61, 73, 89, 97, 101, 109]","[3.2193637478032286, 3.004350991326687, 0.8515463754662472, 0.5, 1.0]","{""time"": 1.0, ""collisions"": 0.05, ""congestion"": 1.0, ""fairness"": 0.0, ""incomplete_base"": 1000.0, ""incomplete_agent"": 10.0}","[74.56979166666669, 44.87161716171617, 35.65918367346939, 59.830519480519484, 37.85151515151515, 33.50618374558304, 44.71904761904762, 43.104802259887, 41.909868421052636, 43.9719387755102]","[38.400000000000006, 30.3, 29.400000000000002, 38.5, 33.0, 28.3, 33.6, 35.4, 30.400000000000002, 39.2]"
ga,3,19,52.30789888282087,31.610000000000003,379.8,1.707898882820866,4.9,11.842142857142857,21.493333333333332,9.651190476190477,True,0.0,hospital_corridor,28,12,"[11, 29, 47, 53, 61, 73, 89, 97, 101, 109]","[2.9313531912594697, 2.0840372408739207, 0.8410210596289892, 0.5, 1.0]","{""time"": 1.0, ""collisions"": 0.05, ""congestion"": 1.0, ""fairness"": 0.0, ""incomplete_base"": 1000.0, ""incomplete_agent"": 10.0}","[98.88548387096775, 43.59897959183674, 46.32627118644068, 56.51438356164385, 46.40232198142415, 41.98010380622837, 49.593804034582135, 53.605172413793106, 45.71233766233766, 40.460130718954254]","[31.0, 34.300000000000004, 29.5, 29.200000000000003, 32.300000000000004, 28.900000000000002, 34.7, 34.800000000000004, 30.8, 30.6]"
ga,3,20,1176.398411243931,36.82,2734.0,1.8784112439308587,6.0,11.196071428571427,20.343030303030304,9.146958874458875,False,0.1,hospital_corridor,28,12,"[11, 29, 47, 53, 61, 73, 89, 97, 101, 109]","[3.566586946123489, 3.259716916101766, 0.5535947214380283, 0.5, 1.0]","{""time"": 1.0, ""collisions"": 0.05, ""congestion"": 1.0, ""fairness"": 0.0, ""incomplete_base"": 1000.0, ""incomplete_agent"": 10.0}","[1279.26, 188.25877192982458, 142.31491228070175, 169.69666666666666, 162.2902527075812, 138.18759124087592, 182.29566563467495, 182.81401179941005, 162.30987654320987, 156.55636363636364]","[100.0, 28.5, 28.5, 30.0, 27.700000000000003, 27.400000000000002, 32.300000000000004, 33.9, 32.4, 27.5]"
ga,3,21,47.46869551883705,31.52,281.9,1.8536955188370539,5.3,12.196785714285715,21.234166666666667,9.037380952380953,True,0.0,hospital_corridor,28,12,"[11, 29, 47, 53, 61, 73, 89, 97, 101, 109]","[3.566586946123489, 2.8391759423306953, 0.8831606683587201, 0.5, 1.0]","{""time"": 1.0, ""collisions"": 0.05, ""congestion"": 1.0, ""fairness"": 0.0, ""incomplete_base"": 1000.0, ""incomplete_agent"": 10.0}","[80.7220430107527, 48.59126984126984, 42.35910652920962, 55.81237113402062, 37.36229773462784, 33.732394366197184, 54.968493150684935, 42.92567975830816, 43.143265993266, 35.07003367003367]","[37.2, 31.5, 29.1, 29.1, 30.900000000000002, 28.400000000000002, 36.5, 33.1, 29.700000000000003, 29.700000000000003]"
ga,3,22,1157.5337,100.0,81.5,0.4587,4.1,14.056300168350168,25.281459595959596,11.22515942760943,False,5.3,hospital_corridor,28,12,"[11, 29, 47, 53, 61, 73, 89, 97, 101, 109]","[2.810159710195391, 2.6083237818816523, 1.1719140122168437, 0.5, 1.0]","{""time"": 1.0, ""collisions"": 0.05, ""congestion"": 1.0, ""fairness"": 0.0, ""incomplete_base"": 1000.0, ""incomplete_agent"": 10.0}","[1149.0529999999999, 1221.047, 1123.662, 1165.824, 1193.441, 1146.061, 1153.592, 1133.602, 1126.728, 1162.327]","[100.0, 100.0, 100.0, 100.0, 100.0, 100.0, 100.0, 100.0, 100.0, 100.0]"
ga,3,23,47.93686295262339,30.840000000000003,304.8,1.8568629526233889,5.8,12.017857142857144,20.775833333333335,8.75797619047619,True,0.0,hospital_corridor,28,12,"[11, 29, 47, 53, 61, 73, 89, 97, 101, 109]","[3.566586946123489, 2.8391759423306953, 0.8623887086029867, 0.5, 1.0]","{""time"": 1.0, ""collisions"": 0.05, ""congestion"": 1.0, ""fairness"": 0.0, ""incomplete_base"": 1000.0, ""incomplete_agent"": 10.0}","[61.804982817869416, 51.866891891891896, 43.1080204778157, 67.54687500000001, 38.52460317460317, 33.780141843971634, 53.89620596205962, 43.205555555555556, 48.167567567567566, 37.467785234899324]","[29.1, 29.6, 29.3, 32.0, 31.5, 28.200000000000003, 36.9, 32.4, 29.6, 29.8]"
ga,4,0,40.88901193498312,31.080000000000002,160.1,1.8040119349831145,5.5,12.255714285714287,21.263333333333335,9.007619047619048,True,0.0,hospital_corridor,28,12,"[11, 29, 47, 53, 61, 73, 89, 97, 101, 109]","[3.287149059217219, 3.1009953772666052, 0.8623887086029867, 0.5, 1.0]","{""time"": 1.0, ""collisions"": 0.05, ""congestion"": 1.0, ""fairness"": 0.0, ""incomplete_base"": 1000.0, ""incomplete_agent"": 10.0}","[54.72283950617284, 35.19934640522876, 38.00921501706485, 50.976755852842814, 34.5668918918919, 33.51478873239437, 41.67247838616715, 43.9621776504298, 39.06818181818182, 37.19744408945687]","[32.4, 30.6, 29.3, 29.900000000000002, 29.6, 28.400000000000002, 34.7, 34.9, 29.700000000000003, 31.3]"
ga,4,1,42.91845291162458,32.06,183.1,1.7034529116245736,5.3,12.200000000000001,21.698333333333334,9.498333333333335,True,0.0,hospital_corridor,28,12,"[11, 29, 47, 53, 61, 73, 89, 97, 101, 109]","[3.566586946123489, 2.8391759423306953, 0.9770928542307338, 0.5, 1.0]","{""time"": 1.0, ""collisions"": 0.05, ""congestion"": 1.0, ""fairness"": 0.0, ""incomplete_base"": 1000.0, ""incomplete_agent"": 10.0}","[66.13866666666667, 47.960759493670885, 32.35757575757576, 43.825, 36.306666666666665, 36.956765676567656, 40.15029239766082, 45.82100591715977, 42.03104575163399, 37.63675078864354]","[37.5, 31.6, 29.700000000000003, 31.200000000000003, 30.0, 30.3, 34.2, 33.800000000000004, 30.6, 31.700000000000003]"
ga,4,2,50.23226304609654,32.540000000000006,316.7,1.8572630460965314,5.5,12.341428571428569,21.594166666666666,9.252738095238096,True,0.0,hospital_corridor,28,12,"[11, 29, 47, 53, 61, 73, 89, 97, 101, 109]","[3.3740865211628397, 2.787985629308765, 0.8513106711927377, 0.5, 1.0]","{""time"": 1.0, ""collisions"": 0.05, ""congestion"": 1.0, ""fairness"": 0.0, ""incomplete_base"": 1000.0, ""incomplete_agent"": 10.0}","[79.85109289617486, 53.14171779141105, 42.69690721649485, 56.707936507936516, 45.60895522388059, 34.641519434628975, 53.01521739130435, 47.75967302452317, 45.93445945945946, 42.96515151515152]","[36.6, 32.6, 29.1, 31.5, 33.5, 28.3, 34.5, 36.7, 29.6, 33.0]"
ga,4,3,46.593828838823505,33.58,227.1,1.6588288388235028,5.0,12.727857142857143,22.657500000000006,9.929642857142857,True,0.0,hospital_corridor,28,12,"[11, 29, 47, 53, 61, 73, 89, 97, 101, 109]","[3.228399926682197, 2.7372366563986175, 0.9312806051280151, 0.5, 1.0]","{""time"": 1.0, ""collisions"": 0.05, ""congestion"": 1.0, ""fairness"": 0.0, ""incomplete_base"": 1000.0, ""incomplete_agent"": 10.0}","[65.87219321148825, 34.25909090909091, 38.09848484848485, 61.64451697127937, 31.88875968992248, 42.05700636942675, 48.799859943977594, 65.04553990610329, 42.338461538461544, 35.934374999999996]","[38.300000000000004, 30.8, 29.700000000000003, 38.300000000000004, 25.8, 31.400000000000002, 35.7, 42.6, 31.200000000000003, 32.0]"
ga,4,4,45.97286276172117,37.42999999999999,138.8,1.60286276172118,5.2,13.533928571428572,24.442500000000003,10.908571428571431,True,0.0,hospital_corridor,28,12,"[11, 29, 47, 53, 61, 73, 89, 97, 101, 109]","[2.352566237707651, 3.041033234155753, 0.8418228934296509, 0.5, 1.0]","{""time"": 1.0, ""collisions"": 0.05, ""congestion"": 1.0, ""fairness"": 0.0, ""incomplete_base"": 1000.0, ""incomplete_agent"": 10.0}","[69.37612293144208, 36.83525835866261, 42.15055096418733, 40.127049180327866, 40.994152046783626, 38.07798165137615, 50.7094470046083, 52.90150214592275, 43.29005847953216, 45.26650485436894]","[42.300000000000004, 32.9, 36.300000000000004, 30.5, 34.2, 32.7, 43.400000000000006, 46.6, 34.2, 41.2]"
ga,4,5,45.230343328807216,31.87000000000001,230.9,1.8153433288072016,5.4,12.342500000000001,21.53166666666667,9.189166666666669,True,0.0,hospital_corridor,28,12,"[11, 29, 47, 53, 61, 73, 89, 97, 101, 109]","[3.0725806234863904, 2.9892721282644725, 0.8336759311664877, 0.5, 1.0]","{""time"": 1.0, ""collisions"": 0.05, ""congestion"": 1.0, ""fairness"": 0.0, ""incomplete_base"": 1000.0, ""incomplete_agent"": 10.0}","[71.50070028011204, 57.612385321100916, 37.278231292517006, 43.848591549295776, 40.87213114754098, 35.43027210884354, 43.38372434017595, 43.40053191489362, 42.58660130718954, 36.39026402640264]","[35.7, 32.7, 29.400000000000002, 28.400000000000002, 30.5, 29.400000000000002, 34.1, 37.6, 30.6, 30.3]"
ga,4,6,46.257128205303324,33.529999999999994,219.2,1.7671282053033273,5.6,12.974285714285713,22.23333333333333,9.259047619047617,True,0.0,hospital_corridor,28,12,"[11, 29, 47, 53, 61, 73, 89, 97, 101, 109]","[3.2045678760630745, 2.7678759969984714, 0.9420218527404232, 0.5, 1.0]","{""time"": 1.0, ""collisions"": 0.05, ""congestion"": 1.0, ""fairness"": 0.0, ""incomplete_base"": 1000.0, ""incomplete_agent"": 10.0}","[92.77417061611375, 34.824121405750795, 38.92540983606557, 54.300607902735564, 36.97320261437909, 35.55945945945946, 43.70601092896175, 42.26397694524496, 40.07051282051282, 43.17380952380953]","[42.2, 31.3, 30.5, 32.9, 30.6, 29.6, 36.6, 34.7, 31.200000000000003, 35.7]"
ga,4,7,43.067539509681495,31.770000000000003,192.1,1.6925395096814952,5.8,11.891785714285714,20.905,9.013214285714287,True,0.0,hospital_corridor,28,12,"[11, 29, 47, 53, 61, 73, 89, 97, 101, 109]","[3.397918571781963, 2.757346288708911, 0.8966493658196821, 0.5, 1.0]","{""time"": 1.0, ""collisions"": 0.05, ""congestion"": 1.0, ""fairness"": 0.0, ""incomplete_base"": 1000.0, ""incomplete_agent"": 10.0}","[67.91610169491526, 35.63770491803279, 35.36672354948805, 42.761538461538464, 36.93006042296073, 33.15731707317074, 42.76479289940829, 42.65240963855422, 45.400000000000006, 48.08874643874645]","[35.4, 30.5, 29.3, 28.6, 33.1, 28.700000000000003, 33.800000000000004, 33.2, 30.0, 35.1]"
ga,4,8,44.04442980096848,38.88000000000001,72.7,1.5294298009684746,4.9,14.522857142857143,24.89666666666667,10.373809523809525,True,0.0,hospital_corridor,28,12,"[11, 29, 47, 53, 61, 73, 89, 97, 101, 109]","[2.397093999913014, 2.880846816991385, 0.9578156699274113, 0.5, 1.0]","{""time"": 1.0, ""collisions"": 0.05, ""congestion"": 1.0, ""fairness"": 0.0, ""incomplete_base"": 1000.0, ""incomplete_agent"": 10.0}","[53.20605326876514, 37.01176470588236, 40.171584699453554, 44.96830985915493, 37.5985835694051, 47.65, 46.084703196347036, 49.76255411255412, 40.36770538243626, 43.62303921568628]","[41.300000000000004, 34.0, 36.6, 35.5, 35.300000000000004, 40.0, 43.800000000000004, 46.2, 35.300000000000004, 40.800000000000004]"
ga,4,9,41.05058499180819,34.470000000000006,98.3,1.6655849918081895,5.1,13.218214285714286,23.04,9.821785714285715,True,0.0,hospital_corridor,28,12,"[11, 29, 47, 53, 61, 73, 89, 97, 101, 109]","[2.9259151481003784, 2.9626801166659975, 0.9376980189069409, 0.5, 1.0]","{""time"": 1.0, ""collisions"": 0.05, ""congestion"": 1.0, ""fairness"": 0.0, ""incomplete_base"": 1000.0, ""incomplete_agent"": 10.0}","[47.005223880597015, 34.729365079365074, 39.737500000000004, 50.828644501278774, 29.739393939393942, 36.58132530120482, 40.62979274611399, 50.940521327014224, 39.01708860759494, 41.296994535519126]","[33.5, 31.5, 32.0, 39.1, 26.400000000000002, 33.2, 38.6, 42.2, 31.6, 36.6]"
ga,4,10,46.26815501096712,30.740000000000002,273.6,1.848155010967119,5.4,11.672500000000001,20.150000000000002,8.477500000000001,True,0.0,hospital_corridor,28,12,"[11, 29, 47, 53, 61, 73, 89, 97, 101, 109]","[3.552929786007673, 2.9426415138573576, 0.8235481920942496, 0.5, 1.0]","{""time"": 1.0, ""collisions"": 0.05, ""congestion"": 1.0, ""fairness"": 0.0, ""incomplete_base"": 1000.0, ""incomplete_agent"": 10.0}","[73.50377358490567, 45.79102564102565, 37.112068965517246, 59.069418960244654, 41.93289036544851, 34.74856115107914, 44.90714285714286, 46.37196531791908, 42.74037800687285, 36.50432525951557]","[31.8, 31.200000000000003, 29.0, 32.7, 30.1, 27.8, 32.2, 34.6, 29.1, 28.900000000000002]"
ga,4,11,65.79112485064469,29.029999999999994,699.1,1.8061248506446952,5.3,11.010000000000002,19.57916666666667,8.569166666666666,True,0.0,hospital_corridor,28,12,"[11, 29, 47, 53, 61, 73, 89, 97, 101, 109]","[3.75440388921383, 1.7922523459001656, 0.8275450122226689, 0.5, 1.0]","{""time"": 1.0, ""collisions"": 0.05, ""congestion"": 1.0, ""fairness"": 0.0, ""incomplete_base"": 1000.0, ""incomplete_agent"": 10.0}","[93.60263157894737, 79.02972508591066, 44.701748251748256, 74.17582417582418, 52.6884364820847, 45.901444043321305, 65.74267100977198, 89.69009584664536, 58.93571428571429, 53.442957746478875]","[28.5, 29.1, 28.6, 27.3, 30.700000000000003, 27.700000000000003, 30.700000000000003, 31.3, 28.0, 28.400000000000002]"
ga,4,12,39.70946818640388,31.43,131.2,1.7194681864038823,5.1,12.43357142857143,21.602500000000003,9.168928571428571,True,0.0,hospital_corridor,28,12,"[11, 29, 47, 53, 61, 73, 89, 97, 101, 109]","[3.4650075090437986, 2.965486413552799, 0.9652787765216462, 0.5, 1.0]","{""time"": 1.0, ""collisions"": 0.05, ""congestion"": 1.0, ""fairness"": 0.0, ""incomplete_base"": 1000.0, ""incomplete_agent"": 10.0}","[45.398322147651015, 34.90384615384615, 37.233108108108105, 42.20891719745224, 37.80759717314488, 35.55707070707071, 40.892857142857146, 41.97816091954024, 38.47950819672131, 42.63529411764706]","[29.8, 31.200000000000003, 29.6, 31.400000000000002, 28.3, 29.700000000000003, 35.0, 34.800000000000004, 30.5, 34.0]"
ga,4,13,43.5212069707141,31.97,195.9,1.7562069707140977,5.3,12.201785714285716,21.1025,8.900714285714287,True,0.0,hospital_corridor,28,12,"[11, 29, 47, 53, 61, 73, 89, 97, 101, 109]","[3.3209431848829194, 2.8780405201045833, 0.8752879085339553, 0.5, 1.0]","{""time"": 1.0, ""collisions"": 0.05, ""congestion"": 1.0, ""fairness"": 0.0, ""incomplete_base"": 1000.0, ""incomplete_agent"": 10.0}","[56.6554054054054, 49.549470899470904, 41.79744027303754, 49.545762711864406, 37.212538699690406, 33.813793103448276, 41.27535211267606, 41.86764705882353, 42.475, 41.01965944272446]","[29.6, 37.800000000000004, 29.3, 29.5, 32.300000000000004, 29.0, 35.5, 34.0, 30.400000000000002, 32.300000000000004]"
ga,4,14,47.156188621253435,30.419999999999998,297.6,1.856188621253438,5.3,11.965714285714288,20.951666666666668,8.98595238095238,True,0.0,hospital_corridor,28,12,"[11, 29, 47, 53, 61, 73, 89, 97, 101, 109]","[3.4985502999379055, 2.7201543967615134, 0.8683226181434115, 0.5, 1.0]","{""time"": 1.0, ""collisions"": 0.05, ""congestion"": 1.0, ""fairness"": 0.0, ""incomplete_base"": 1000.0, ""incomplete_agent"": 10.0}","[60.16016949152542, 53.06333333333333, 39.76724137931035, 53.98898305084746, 46.02880794701987, 34.910563380281694, 47.74251497005988, 54.05290697674418, 45.070598006644516, 36.776767676767676]","[29.5, 30.0, 29.0, 29.5, 30.200000000000003, 28.400000000000002, 33.4, 34.4, 30.1, 29.700000000000003]"
ga,4,15,41.49338028776285,34.68,102.9,1.6683802877628433,5.3,12.866428571428575,23.160000000000004,10.293571428571429,True,0.0,hospital_corridor,28,12,"[11, 29, 47, 53, 61, 73, 89, 97, 101, 109]","[2.6624270892140682, 2.8050678889458687, 0.8930678309692244, 0.5, 1.0]","{""time"": 1.0, ""collisions"": 0.05, ""congestion"": 1.0, ""fairness"": 0.0, ""incomplete_base"": 1000.0, ""incomplete_agent"": 10.0}","[59.698029556650255, 35.814576802507844, 35.34573170731708, 35.134459459459464, 31.254716981132077, 37.98892617449664, 44.611152882205516, 47.655971896955506, 39.70307692307692, 47.72716049382716]","[40.6, 31.900000000000002, 32.800000000000004, 29.6, 26.5, 29.8, 39.900000000000006, 42.7, 32.5, 40.5]"
ga,4,16,45.602784243814526,33.35,211.5,1.6777842438145238,5.3,12.126071428571429,21.625833333333333,9.499761904761906,True,0.0,hospital_corridor,28,12,"[11, 29, 47, 53, 61, 73, 89, 97, 101, 109]","[2.993223264227325, 2.8827502208914866, 0.8295040104620002, 0.5, 1.0]","{""time"": 1.0, ""collisions"": 0.05, ""congestion"": 1.0, ""fairness"": 0.0, ""incomplete_base"": 1000.0, ""incomplete_agent"": 10.0}","[79.19494382022472, 50.37868338557994, 35.64, 48.64294710327456, 37.68145695364239, 37.50666666666667, 43.69444444444444, 44.98132992327366, 41.82973856209151, 36.477631578947374]","[35.6, 31.900000000000002, 30.0, 39.7, 30.200000000000003, 30.0, 36.0, 39.1, 30.6, 30.400000000000002]"
ga,4,17,55.66256672970426,30.3,470.0,1.8625667297042636,5.9,11.641071428571431,20.595000000000002,8.953928571428573,True,0.0,hospital_corridor,28,12,"[11, 29, 47, 53, 61, 73, 89, 97, 101, 109]","[3.491059713039818, 2.3692660729237076, 0.8350652412612387, 0.5, 1.0]","{""time"": 1.0, ""collisions"": 0.05, ""congestion"": 1.0, ""fairness"": 0.0, ""incomplete_base"": 1000.0, ""incomplete_agent"": 10.0}","[81.24931506849316, 63.86794871794872, 54.88281786941582, 69.16503067484663, 42.61694915254237, 37.934172661870505, 51.27701863354038, 53.69103343465046, 59.916723549488054, 42.02465753424658]","[29.200000000000003, 31.200000000000003, 29.1, 32.6, 29.5, 27.8, 32.2, 32.9, 29.3, 29.200000000000003]"
ga,4,18,44.65800083275272,31.660000000000007,223.2,1.8380008327527129,5.7,12.517500000000002,20.955000000000002,8.4375,True,0.0,hospital_corridor,28,12,"[11, 29, 47, 53, 61, 73, 89, 97, 101, 109]","[3.4245484624072864, 3.220160068812522, 0.8518068883960842, 0.5, 1.0]","{""time"": 1.0, ""collisions"": 0.05, ""congestion"": 1.0, ""fairness"": 0.0, ""incomplete_base"": 1000.0, ""incomplete_agent"": 10.0}","[73.42543859649123, 47.60931677018634, 34.96975945017182, 43.398464163822524, 40.09613003095976, 32.96595744680852, 39.61057401812689, 57.12010582010583, 41.640697674418604, 35.74356435643565]","[34.2, 32.2, 29.1, 29.3, 32.300000000000004, 28.200000000000003, 33.1, 37.800000000000004, 30.1, 30.3]"
ga,4,19,44.51614247781762,34.28000000000001,170.7,1.7011424778176043,5.1,13.592500000000001,22.582500000000003,8.99,True,0.0,hospital_corridor,28,12,"[11, 29, 47, 53, 61, 73, 89, 97, 101, 109]","[3.361402231519431, 2.97898341017878, 0.9980447279238804, 0.5, 1.0]","{""time"": 1.0, ""collisions"": 0.05, ""congestion"": 1.0, ""fairness"": 0.0, ""incomplete_base"": 1000.0, ""incomplete_agent"": 10.0}","[63.51994301994302, 57.88992805755396, 40.080158730158736, 42.8415915915916, 29.66492537313433, 36.08474576271187, 46.330576441102764, 43.31551724137932, 49.91706036745408, 35.51697819314642]","[35.1, 41.7, 31.5, 33.300000000000004, 26.8, 29.5, 39.900000000000006, 34.800000000000004, 38.1, 32.1]"
ga,4,20,40.4004778190915,35.08,73.1,1.6654778190915014,4.9,13.401428571428573,23.174166666666668,9.772738095238095,True,0.0,hospital_corridor,28,12,"[11, 29, 47, 53, 61, 73, 89, 97, 101, 109]","[2.8192966999055518, 3.020010277517401, 0.9465293179918739, 0.5, 1.0]","{""time"": 1.0, ""collisions"": 0.05, ""congestion"": 1.0, ""fairness"": 0.0, ""incomplete_base"": 1000.0, ""incomplete_agent"": 10.0}","[54.53210023866349, 34.9515873015873, 34.82846153846154, 43.579656160458455, 28.908333333333335, 37.09911242603551, 44.279539641943735, 50.167516629711756, 39.476543209876546, 36.181927710843375]","[41.900000000000006, 31.5, 32.5, 34.9, 26.400000000000002, 33.800000000000004, 39.1, 45.1, 32.4, 33.2]"
ga,4,21,52.79095620843155,31.820000000000004,384.6,1.7409562084315442,5.5,11.8975,21.395,9.497500000000002,True,0.0,hospital_corridor,28,12,"[11, 29, 47, 53, 61, 73, 89, 97, 101, 109]","[2.7816594808150477, 1.9489745783923924, 0.83787745105629, 0.5, 1.0]","{""time"": 1.0, ""collisions"": 0.05, ""congestion"": 1.0, ""fairness"": 0.0, ""incomplete_base"": 1000.0, ""incomplete_agent"": 10.0}","[83.2810810810811, 41.051465798045605, 43.890740740740746, 67.85364741641338, 49.952912621359225, 43.99061433447099, 59.8274647887324, 51.401895043731784, 45.72207792207792, 40.93766233766234]","[33.300000000000004, 30.700000000000003, 29.700000000000003, 32.9, 30.900000000000002, 29.3, 35.5, 34.300000000000004, 30.8, 30.8]"
ga,4,22,44.57324351828216,32.83,198.0,1.8432435182821663,5.8,12.504285714285714,21.7575,9.253214285714286,True,0.0,hospital_corridor,28,12,"[11, 29, 47, 53, 61, 73, 89, 97, 101, 109]","[3.3363622961531467, 3.1579111246527676, 0.8602249962681275, 0.5, 1.0]","{""time"": 1.0, ""collisions"": 0.05, ""congestion"": 1.0, ""fairness"": 0.0, ""incomplete_base"": 1000.0, ""incomplete_agent"": 10.0}","[73.39205607476636, 33.95723684210526, 40.21237113402062, 42.0696113074205, 39.375, 32.383687943262416, 56.9930693069307, 50.0859173126615, 40.60662251655629, 36.65686274509804]","[42.800000000000004, 30.400000000000002, 29.1, 28.3, 29.6, 28.200000000000003, 40.400000000000006, 38.7, 30.200000000000003, 30.6]"
ga,4,23,48.043465874964255,30.6,307.1,2.0884658749642484,5.4,12.244285714285715,21.480833333333337,9.236547619047618,True,0.0,hospital_corridor,28,12,"[11, 29, 47, 53, 61, 73, 89, 97, 101, 109]","[3.449588397773571, 2.9354621049229714, 0.8537100878011064, 0.5, 1.0]","{""time"": 1.0, ""collisions"": 0.05, ""congestion"": 1.0, ""fairness"": 0.0, ""incomplete_base"": 1000.0, ""incomplete_agent"": 10.0}","[68.34641693811076, 56.436163522012585, 47.63275862068966, 53.585034013605444, 38.51301369863014, 34.93014184397164, 46.13343108504399, 45.79179104477612, 53.602597402597404, 35.46331058020478]","[30.700000000000003, 31.8, 29.0, 29.400000000000002, 29.200000000000003, 28.200000000000003, 34.1, 33.5, 30.8, 29.3]"
ga,5,0,39.70946818640388,31.43,131.2,1.7194681864038823,5.1,12.43357142857143,21.602500000000003,9.168928571428571,True,0.0,hospital_corridor,28,12,"[11, 29, 47, 53, 61, 73, 89, 97, 101, 109]","[3.4650075090437986, 2.965486413552799, 0.9652787765216462, 0.5, 1.0]","{""time"": 1.0, ""collisions"": 0.05, ""congestion"": 1.0, ""fairness"": 0.0, ""incomplete_base"": 1000.0, ""incomplete_agent"": 10.0}","[45.398322147651015, 34.90384615384615, 37.233108108108105, 42.20891719745224, 37.80759717314488, 35.55707070707071, 40.892857142857146, 41.97816091954024, 38.47950819672131, 42.63529411764706]","[29.8, 31.200000000000003, 29.6, 31.400000000000002, 28.3, 29.700000000000003, 35.0, 34.800000000000004, 30.5, 34.0]"
ga,5,1,40.4004778190915,35.08,73.1,1.6654778190915014,4.9,13.401428571428573,23.174166666666668,9.772738095238095,True,0.0,hospital_corridor,28,12,"[11, 29, 47, 53, 61, 73, 89, 97, 101, 109]","[2.8192966999055518, 3.020010277517401, 0.9465293179918739, 0.5, 1.0]","{""time"": 1.0, ""collisions"": 0.05, ""congestion"": 1.0, ""fairness"": 0.0, ""incomplete_base"": 1000.0, ""incomplete_agent"": 10.0}","[54.53210023866349, 34.9515873015873, 34.82846153846154, 43.579656160458455, 28.908333333333335, 37.09911242603551, 44.279539641943735, 50.167516629711756, 39.476543209876546, 36.181927710843375]","[41.900000000000006, 31.5, 32.5, 34.9, 26.400000000000002, 33.800000000000004, 39.1, 45.1, 32.4, 33.2]"
ga,5,2,49.576441692975195,31.720000000000006,319.8,1.8664416929751888,5.6,12.39642857142857,21.494999999999997,9.098571428571429,True,0.0,hospital_corridor,28,12,"[11, 29, 47, 53, 61, 73, 89, 97, 101, 109]","[3.5111961248550707, 2.8687810806933434, 0.8700726463578253, 0.5, 1.0]","{""time"": 1.0, ""collisions"": 0.05, ""congestion"": 1.0, ""fairness"": 0.0, ""incomplete_base"": 1000.0, ""incomplete_agent"": 10.0}","[77.6225806451613, 51.63, 41.72749140893471, 50.7168918918919, 48.961609907120746, 33.65618374558304, 55.60989010989011, 50.69046242774567, 44.95420875420876, 40.19509803921569]","[34.1, 32.5, 29.1, 29.6, 32.300000000000004, 28.3, 36.4, 34.6, 29.700000000000003, 30.6]"
ga,5,3,47.09264147050674,32.300000000000004,260.0,1.7926414705067395,5.5,12.215357142857142,21.298333333333336,9.082976190476192,True,0.0,hospital_corridor,28,12,"[11, 29, 47, 53, 61, 73, 89, 97, 101, 109]","[3.3425398804856377, 3.071390238903957, 0.8283538729674571, 0.5, 1.0]","{""time"": 1.0, ""collisions"": 0.05, ""congestion"": 1.0, ""fairness"": 0.0, ""incomplete_base"": 1000.0, ""incomplete_agent"": 10.0}","[85.48538083538084, 47.39477124183007, 40.86529209621994, 50.94623824451411, 40.81428571428572, 34.239285714285714, 41.55245398773006, 46.13862433862434, 46.572297297297304, 36.91778523489933]","[40.7, 30.6, 29.1, 31.900000000000002, 32.9, 28.0, 32.6, 37.800000000000004, 29.6, 29.8]"
ga,5,4,46.257128205303324,33.529999999999994,219.2,1.7671282053033273,5.6,12.974285714285713,22.23333333333333,9.259047619047617,True,0.0,hospital_corridor,28,12,"[11, 29, 47, 53, 61, 73, 89, 97, 101, 109]","[3.2045678760630745, 2.7678759969984714, 0.9420218527404232, 0.5, 1.0]","{""time"": 1.0, ""collisions"": 0.05, ""congestion"": 1.0, ""fairness"": 0.0, ""incomplete_base"": 1000.0, ""incomplete_agent"": 10.0}","[92.77417061611375, 34.824121405750795, 38.92540983606557, 54.300607902735564, 36.97320261437909, 35.55945945945946, 43.70601092896175, 42.26397694524496, 40.07051282051282, 43.17380952380953]","[42.2, 31.3, 30.5, 32.9, 30.6, 29.6, 36.6, 34.7, 31.200000000000003, 35.7]"
ga,5,5,42.755348579169464,32.8,163.0,1.8053485791694666,5.3,12.616785714285715,21.71,9.093214285714286,True,0.0,hospital_corridor,28,12,"[11, 29, 47, 53, 61, 73, 89, 97, 101, 109]","[3.397918571781963, 3.1365815949786846, 0.8966493658196821, 0.5, 1.0]","{""time"": 1.0, ""collisions"": 0.05, ""congestion"": 1.0, ""fairness"": 0.0, ""incomplete_base"": 1000.0, ""incomplete_agent"": 10.0}","[47.629530201342284, 48.350156739811915, 39.34496644295302, 53.91120448179272, 32.95810810810811, 33.90862068965517, 41.30681818181818, 53.684777517564406, 39.277388535031854, 37.18191489361702]","[29.8, 31.900000000000002, 29.8, 35.7, 29.6, 29.0, 35.2, 42.7, 31.400000000000002, 32.9]"
ga,5,6,61.48943935956577,30.130000000000003,592.0,1.759439359565766,5.7,11.516785714285714,20.39,8.873214285714287,True,0.0,hospital_corridor,28,12,"[11, 29, 47, 53, 61, 73, 89, 97, 101, 109]","[3.2226112676603567, 1.6129460603037225, 0.8779755231440919, 0.5, 1.0]","{""time"": 1.0, ""collisions"": 0.05, ""congestion"": 1.0, ""fairness"": 0.0, ""incomplete_base"": 1000.0, ""incomplete_agent"": 10.0}","[90.54965034965035, 48.134385382059804, 41.85307167235496, 77.80459363957598, 67.84666666666666, 47.680103806228374, 59.82815249266863, 69.57134146341464, 60.75185185185186, 50.87457627118644]","[28.6, 30.1, 29.3, 28.3, 30.0, 28.900000000000002, 34.1, 32.800000000000004, 29.700000000000003, 29.5]"
ga,5,7,39.24440216130794,33.66000000000001,77.8,1.6944021613079294,4.8,13.012142857142859,22.431666666666665,9.41952380952381,True,0.0,hospital_corridor,28,12,"[11, 29, 47, 53, 61, 73, 89, 97, 101, 109]","[2.7269648807709306, 3.168218996222856, 0.8774810164281192, 0.5, 1.0]","{""time"": 1.0, ""collisions"": 0.05, ""congestion"": 1.0, ""fairness"": 0.0, ""incomplete_base"": 1000.0, ""incomplete_agent"": 10.0}","[50.177540106951874, 38.56860465116279, 37.50583596214511, 36.42274247491639, 30.023782771535586, 38.009302325581395, 42.78860759493671, 42.20483870967742, 40.03823529411765, 36.704531722054384]","[37.4, 34.4, 31.700000000000003, 29.900000000000002, 26.700000000000003, 34.4, 39.5, 37.2, 32.300000000000004, 33.1]"
ga,5,8,45.605472024156185,32.160000000000004,231.4,1.8754720241561849,5.7,12.420000000000002,21.478333333333335,9.058333333333334,True,0.0,hospital_corridor,28,12,"[11, 29, 47, 53, 61, 73, 89, 97, 101, 109]","[3.268173063769254, 2.9635389916783232, 0.8555826482049521, 0.5, 1.0]","{""time"": 1.0, ""collisions"": 0.05, ""congestion"": 1.0, ""fairness"": 0.0, ""incomplete_base"": 1000.0, ""incomplete_agent"": 10.0}","[69.47667638483965, 43.623885350318474, 37.15648464163823, 58.70882352941176, 37.06, 34.52822299651568, 48.14151436031332, 47.675714285714285, 43.269999999999996, 36.41339869281046]","[34.300000000000004, 31.400000000000002, 29.3, 34.0, 30.0, 28.700000000000003, 38.300000000000004, 35.0, 30.0, 30.6]"
ga,5,9,43.23091254197809,32.53,179.8,1.7109125419780906,5.4,12.119285714285715,21.385833333333334,9.26654761904762,True,0.0,hospital_corridor,28,12,"[11, 29, 47, 53, 61, 73, 89, 97, 101, 109]","[3.122749593374923, 2.9646275385404732, 0.8545438996833874, 0.5, 1.0]","{""time"": 1.0, ""collisions"": 0.05, ""congestion"": 1.0, ""fairness"": 0.0, ""incomplete_base"": 1000.0, ""incomplete_agent"": 10.0}","[67.9284090909091, 36.19590163934426, 38.670945945945945, 45.82713310580205, 41.19648829431438, 33.45446735395189, 42.600404312668466, 49.625644028103046, 40.545081967213115, 36.26464968152867]","[35.2, 30.5, 29.6, 29.3, 29.900000000000002, 29.1, 37.1, 42.7, 30.5, 31.400000000000002]"
ga,5,10,45.4134145281956,31.6,239.8,1.823414528195599,5.7,12.008214285714285,21.085,9.076785714285714,True,0.0,hospital_corridor,28,12,"[11, 29, 47, 53, 61, 73, 89, 97, 101, 109]","[3.5517064562868375, 2.8813054580461155, 0.8829142398843968, 0.5, 1.0]","{""time"": 1.0, ""collisions"": 0.05, ""congestion"": 1.0, ""fairness"": 0.0, ""incomplete_base"": 1000.0, ""incomplete_agent"": 10.0}","[73.28438395415473, 55.108933717579255, 34.82164948453608, 46.40441696113075, 38.98930817610063, 33.77894736842105, 52.774512534818946, 40.760606060606065, 43.00333333333333, 35.20805369127517]","[34.9, 34.7, 29.1, 28.3, 31.8, 28.5, 35.9, 33.0, 30.0, 29.8]"
ga,5,11,53.22970173943323,32.08,388.1,1.744701739433235,5.6,12.12107142857143,21.88166666666667,9.76059523809524,True,0.0,hospital_corridor,28,12,"[11, 29, 47, 53, 61, 73, 89, 97, 101, 109]","[2.6989413749182782, 2.9767903014405084, 0.7825342930255855, 0.5, 1.0]","{""time"": 1.0, ""collisions"": 0.05, ""congestion"": 1.0, ""fairness"": 0.0, ""incomplete_base"": 1000.0, ""incomplete_agent"": 10.0}","[76.68832807570979, 45.538709677419355, 41.43, 82.68446866485014, 42.86666666666667, 46.8887323943662, 52.34275766016713, 49.620958083832335, 51.038187702265375, 43.19820846905538]","[31.700000000000003, 31.0, 30.0, 36.7, 32.1, 28.400000000000002, 35.9, 33.4, 30.900000000000002, 30.700000000000003]"
ga,5,12,1200.6564,100.0,124.8,0.41640000000000005,4.0,13.514801279384233,24.061222222222224,10.546420942837992,False,9.4,hospital_corridor,28,12,"[11, 29, 47, 53, 61, 73, 89, 97, 101, 109]","[3.3506547147404024, 2.9049769514387713, 1.3765857217853457, 0.5, 1.0]","{""time"": 1.0, ""collisions"": 0.05, ""congestion"": 1.0, ""fairness"": 0.0, ""incomplete_base"": 1000.0, ""incomplete_agent"": 10.0}","[1176.007, 1242.009, 1194.506, 1201.582, 1218.133, 1182.296, 1176.588, 1195.224, 1165.991, 1254.228]","[100.0, 100.0, 100.0, 100.0, 100.0, 100.0, 100.0, 100.0, 100.0, 100.0]"
ga,5,13,41.026734511716455,31.880000000000003,148.5,1.7217345117164515,5.0,12.61,21.522500000000004,8.912500000000001,True,0.0,hospital_corridor,28,12,"[11, 29, 47, 53, 61, 73, 89, 97, 101, 109]","[3.3316907016619486, 2.952046978844592, 0.943252507767268, 0.5, 1.0]","{""time"": 1.0, ""collisions"": 0.05, ""congestion"": 1.0, ""fairness"": 0.0, ""incomplete_base"": 1000.0, ""incomplete_agent"": 10.0}","[58.05356200527705, 34.14607843137255, 35.910000000000004, 47.833554817275754, 30.49848484848485, 36.20189003436426, 46.34380165289257, 42.40737463126843, 43.14937888198758, 35.72321981424149]","[37.9, 30.6, 30.0, 30.1, 26.400000000000002, 29.1, 36.300000000000004, 33.9, 32.2, 32.300000000000004]"
ga,5,14,40.871023999096415,32.87,125.4,1.7310239990964167,4.8,12.88642857142857,22.348333333333333,9.461904761904762,True,0.0,hospital_corridor,28,12,"[11, 29, 47, 53, 61, 73, 89, 97, 101, 109]","[3.1040971648979276, 3.006394614977088, 0.9435205723346312, 0.5, 1.0]","{""time"": 1.0, ""collisions"": 0.05, ""congestion"": 1.0, ""fairness"": 0.0, ""incomplete_base"": 1000.0, ""incomplete_agent"": 10.0}","[61.43062827225131, 34.30064102564103, 37.098051948051946, 41.54897959183673, 29.61901140684411, 36.51928327645051, 49.99512195121951, 39.762429378531074, 37.31829652996846, 41.11779661016949]","[38.2, 31.200000000000003, 30.8, 29.400000000000002, 26.3, 29.3, 41.0, 35.4, 31.700000000000003, 35.4]"
ga,5,15,1053.2899149751777,42.99,157.2,1.439914975177604,5.2,13.334166666666667,23.513333333333335,10.179166666666667,False,0.1,hospital_corridor,28,12,"[11, 29, 47, 53, 61, 73, 89, 97, 101, 109]","[2.919767411070698, 2.7814916595387844, 0.9450305983976659, 0.5, 1.0]","{""time"": 1.0, ""collisions"": 0.05, ""congestion"": 1.0, ""fairness"": 0.0, ""incomplete_base"": 1000.0, ""incomplete_agent"": 10.0}","[66.9462962962963, 34.869841269841274, 39.51987577639752, 53.95702917771884, 42.17223796033995, 1115.813, 41.26088082901555, 47.045704057279245, 44.20925925925926, 47.105025125628146]","[40.5, 31.5, 32.2, 37.7, 35.300000000000004, 100.0, 38.6, 41.900000000000006, 32.4, 39.800000000000004]"
ga,5,16,1133.6588860902257,89.32000000000001,32.1,0.7338860902255637,4.8,15.30609004509983,27.63128787878788,12.325197833688051,False,4.2,hospital_corridor,28,12,"[11, 29, 47, 53, 61, 73, 89, 97, 101, 109]","[2.4186608980506463, 2.8591050697668026, 1.1043905402850926, 0.5, 1.0]","{""time"": 1.0, ""collisions"": 0.05, ""congestion"": 1.0, ""fairness"": 0.0, ""incomplete_base"": 1000.0, ""incomplete_agent"": 10.0}","[1146.266, 1221.069, 1131.228, 1162.084, 1150.853, 1142.143, 1121.416, 56.19436090225564, 44.0025, 1161.333]","[100.0, 100.0, 100.0, 100.0, 100.0, 100.0, 100.0, 53.2, 40.0, 100.0]"
ga,5,17,40.30685545213107,34.230000000000004,87.1,1.7218554521310665,5.2,13.115,22.77416666666667,9.659166666666668,True,0.0,hospital_corridor,28,12,"[11, 29, 47, 53, 61, 73, 89, 97, 101, 109]","[2.888126582494752, 3.1132603939919763, 0.9365839839986052, 0.5, 1.0]","{""time"": 1.0, ""collisions"": 0.05, ""congestion"": 1.0, ""fairness"": 0.0, ""incomplete_base"": 1000.0, ""incomplete_agent"": 10.0}","[63.08157894736842, 35.47692307692307, 35.331350482315116, 40.041423948220064, 29.06488549618321, 40.1355421686747, 41.41410256410256, 40.61299734748011, 41.286377708978335, 36.62337278106509]","[45.6, 32.5, 31.1, 30.900000000000002, 26.200000000000003, 33.2, 39.0, 37.7, 32.300000000000004, 33.800000000000004]"
ga,5,18,44.73554330060031,31.560000000000002,228.9,1.7305433006003077,5.6,12.275357142857143,21.22416666666667,8.948809523809523,True,0.0,hospital_corridor,28,12,"[11, 29, 47, 53, 61, 73, 89, 97, 101, 109]","[3.3290066056997474, 2.522843088675299, 0.9577868258667834, 0.5, 1.0]","{""time"": 1.0, ""collisions"": 0.05, ""congestion"": 1.0, ""fairness"": 0.0, ""incomplete_base"": 1000.0, ""incomplete_agent"": 10.0}","[64.56370716510904, 35.892671009771995, 32.72909698996656, 54.76610169491526, 43.0407284768212, 40.00396825396825, 48.59142857142857, 45.119026548672565, 45.02092651757189, 37.62777777777777]","[32.1, 30.700000000000003, 29.900000000000002, 29.5, 30.200000000000003, 31.5, 35.0, 33.9, 31.3, 31.5]"
ga,5,19,41.59153940697314,32.15,153.7,1.756539406973139,5.3,12.333571428571428,21.525,9.191428571428572,True,0.0,hospital_corridor,28,12,"[11, 29, 47, 53, 61, 73, 89, 97, 101, 109]","[3.3533388107026028, 2.945525574815253, 0.9155458105910523, 0.5, 1.0]","{""time"": 1.0, ""collisions"": 0.05, ""congestion"": 1.0, ""fairness"": 0.0, ""incomplete_base"": 1000.0, ""incomplete_agent"": 10.0}","[56.2321752265861, 34.16013071895425, 33.78378839590444, 59.03717277486912, 35.50666666666667, 35.139655172413796, 45.20028818443804, 40.98571428571429, 39.04039087947883, 36.82941176470589]","[33.1, 30.6, 29.3, 38.2, 30.0, 29.0, 34.7, 33.6, 30.700000000000003, 32.300000000000004]"
ga,5,20,41.78691850274385,35.339999999999996,94.8,1.7069185027438543,5.2,13.989642857142858,23.575833333333335,9.586190476190477,True,0.0,hospital_corridor,28,12,"[11, 29, 47, 53, 61, 73, 89, 97, 101, 109]","[2.74117327401075, 2.9720036692814062, 0.9600486744285117, 0.5, 1.0]","{""time"": 1.0, ""collisions"": 0.05, ""congestion"": 1.0, ""fairness"": 0.0, ""incomplete_base"": 1000.0, ""incomplete_agent"": 10.0}","[47.44886363636363, 35.429127725856695, 38.11666666666667, 51.93313253012048, 30.249812734082397, 45.780294906166226, 44.01089108910892, 41.88936170212766, 39.463608562691135, 43.547425474254744]","[35.2, 32.1, 33.0, 41.5, 26.700000000000003, 37.300000000000004, 40.400000000000006, 37.6, 32.7, 36.9]"
ga,5,21,1093.4207914057497,67.8,132.1,1.0157914057496586,4.7,12.59678367928368,21.83969696969697,9.24291329041329,False,1.8,hospital_corridor,28,12,"[11, 29, 47, 53, 61, 73, 89, 97, 101, 109]","[3.337809519103465, 2.88718255056669, 1.0357433742786473, 0.5, 1.0]","{""time"": 1.0, ""collisions"": 0.05, ""congestion"": 1.0, ""fairness"": 0.0, ""incomplete_base"": 1000.0, ""incomplete_agent"": 10.0}","[54.84809384164223, 1161.543, 1112.085, 1132.127, 1161.153, 1135.344, 46.160776942355895, 48.43147138964578, 47.1686968838527, 35.346875]","[34.1, 100.0, 100.0, 100.0, 100.0, 100.0, 39.900000000000006, 36.7, 35.300000000000004, 32.0]"
ga,5,22,38.98714629367811,33.39,77.8,1.7071462936781039,5.3,13.219285714285714,22.238333333333337,9.019047619047617,True,0.0,hospital_corridor,28,12,"[11, 29, 47, 53, 61, 73, 89, 97, 101, 109]","[2.887026022277681, 3.0004902773822986, 0.9391030446731223, 0.5, 1.0]","{""time"": 1.0, ""collisions"": 0.05, ""congestion"": 1.0, ""fairness"": 0.0, ""incomplete_base"": 1000.0, ""incomplete_agent"": 10.0}","[45.63684210526316, 34.69206349206349, 33.55175718849841, 41.3705047318612, 29.30380228136882, 36.95623100303951, 41.034895833333344, 42.260742705570294, 41.96073619631902, 43.103887399463815]","[34.2, 31.5, 31.3, 31.700000000000003, 26.3, 32.9, 38.400000000000006, 37.7, 32.6, 37.300000000000004]"
ga,5,23,39.921971550956165,33.75,90.1,1.6669715509561638,4.7,13.1775,22.477500000000003,9.3,True,0.0,hospital_corridor,28,12,"[11, 29, 47, 53, 61, 73, 89, 97, 101, 109]","[2.858185825728249, 2.9822001168011, 0.9451242922256924, 0.5, 1.0]","{""time"": 1.0, ""collisions"": 0.05, ""congestion"": 1.0, ""fairness"": 0.0, ""incomplete_base"": 1000.0, ""incomplete_agent"": 10.0}","[50.256521739130434, 34.27936507936508, 35.195744680851064, 41.262903225806454, 28.96513409961686, 45.37349726775957, 40.92877237851662, 46.349999999999994, 40.369753086419756, 36.23802395209581]","[34.5, 31.5, 32.9, 31.0, 26.1, 36.6, 39.1, 40.0, 32.4, 33.4]"
ga,6,0,38.98714629367811,33.39,77.8,1.7071462936781039,5.3,13.219285714285714,22.238333333333337,9.019047619047617,True,0.0,hospital_corridor,28,12,"[11, 29, 47, 53, 61, 73, 89, 97, 101, 109]","[2.887026022277681, 3.0004902773822986, 0.9391030446731223, 0.5, 1.0]","{""time"": 1.0, ""collisions"": 0.05, ""congestion"": 1.0, ""fairness"": 0.0, ""incomplete_base"": 1000.0, ""incomplete_agent"": 10.0}","[45.63684210526316, 34.69206349206349, 33.55175718849841, 41.3705047318612, 29.30380228136882, 36.95623100303951, 41.034895833333344, 42.260742705570294, 41.96073619631902, 43.103887399463815]","[34.2, 31.5, 31.3, 31.700000000000003, 26.3, 32.9, 38.400000000000006, 37.7, 32.6, 37.300000000000004]"
ga,6,1,39.24440216130794,33.66000000000001,77.8,1.6944021613079294,4.8,13.012142857142859,22.431666666666665,9.41952380952381,True,0.0,hospital_corridor,28,12,"[11, 29, 47, 53, 61, 73, 89, 97, 101, 109]","[2.7269648807709306, 3.168218996222856, 0.8774810164281192, 0.5, 1.0]","{""time"": 1.0, ""collisions"": 0.05, ""congestion"": 1.0, ""fairness"": 0.0, ""incomplete_base"": 1000.0, ""incomplete_agent"": 10.0}","[50.177540106951874, 38.56860465116279, 37.50583596214511, 36.42274247491639, 30.023782771535586, 38.009302325581395, 42.78860759493671, 42.20483870967742, 40.03823529411765, 36.704531722054384]","[37.4, 34.4, 31.700000000000003, 29.900000000000002, 26.700000000000003, 34.4, 39.5, 37.2, 32.300000000000004, 33.1]"
ga,6,2,48.93788834795336,39.47,158.3,1.5528883479533622,5.1,14.066071428571428,25.07666666666667,11.010595238095238,True,0.0,hospital_corridor,28,12,"[11, 29, 47, 53, 61, 73, 89, 97, 101, 109]","[2.2566087704031794, 2.270075479984417, 0.9037108364096891, 0.5, 1.0]","{""time"": 1.0, ""collisions"": 0.05, ""congestion"": 1.0, ""fairness"": 0.0, ""incomplete_base"": 1000.0, ""incomplete_agent"": 10.0}","[67.08258426966292, 37.82538699690403, 40.133783783783784, 50.35803324099723, 39.08022598870057, 44.05473537604457, 53.013636363636365, 49.58899521531101, 60.09247311827957, 48.1490291262136]","[44.5, 32.300000000000004, 37.0, 36.1, 35.4, 35.9, 44.0, 41.800000000000004, 46.5, 41.2]"
ga,6,3,42.08667767553134,35.06000000000001,106.3,1.7116776755313363,5.4,13.365,23.22416666666667,9.859166666666669,True,0.0,hospital_corridor,28,12,"[11, 29, 47, 53, 61, 73, 89, 97, 101, 109]","[2.866715060722654, 3.140027047908479, 0.9128732246915525, 0.5, 1.0]","{""time"": 1.0, ""collisions"": 0.05, ""congestion"": 1.0, ""fairness"": 0.0, ""incomplete_base"": 1000.0, ""incomplete_agent"": 10.0}","[65.03130841121495, 46.15281329923274, 33.841025641025645, 40.88709677419355, 29.993396226415094, 33.98501683501684, 41.971739130434784, 45.22602905569008, 40.447663551401874, 43.330687830687836]","[42.800000000000004, 39.1, 31.200000000000003, 31.0, 26.5, 29.700000000000003, 39.1, 41.300000000000004, 32.1, 37.800000000000004]"
ga,6,4,51.14140988411661,32.120000000000005,341.6,1.9414098841166099,5.7,12.336428571428574,22.025833333333335,9.689404761904765,True,0.0,hospital_corridor,28,12,"[11, 29, 47, 53, 61, 73, 89, 97, 101, 109]","[3.2570959448296986, 2.9621308492431786, 0.821902173646086, 0.5, 1.0]","{""time"": 1.0, ""collisions"": 0.05, ""congestion"": 1.0, ""fairness"": 0.0, ""incomplete_base"": 1000.0, ""incomplete_agent"": 10.0}","[67.58006134969324, 58.56959064327486, 46.524358974358975, 51.560839160839166, 49.60504587155964, 33.832142857142856, 45.79216867469879, 57.82034120734908, 52.016666666666666, 48.11288343558282]","[32.6, 34.2, 31.200000000000003, 28.6, 32.7, 28.0, 33.2, 38.1, 30.0, 32.6]"
ga,6,5,39.920880882395046,33.67,89.3,1.785880882395044,5.4,13.25107142857143,22.993333333333332,9.742261904761904,True,0.0,hospital_corridor,28,12,"[11, 29, 47, 53, 61, 73, 89, 97, 101, 109]","[2.961620779109931, 2.990406406983712, 0.9431855443743228, 0.5, 1.0]","{""time"": 1.0, ""collisions"": 0.05, ""congestion"": 1.0, ""fairness"": 0.0, ""incomplete_base"": 1000.0, ""incomplete_agent"": 10.0}","[46.13913043478261, 34.51453674121406, 36.27278481012659, 43.666272189349115, 32.92800687285224, 40.627987421383644, 41.04224598930481, 40.05833333333333, 47.88643410852714, 36.07307692307692]","[34.5, 31.3, 31.6, 33.800000000000004, 29.1, 31.8, 37.4, 36.0, 38.7, 32.5]"
ga,6,6,41.54651486266703,34.129999999999995,113.3,1.7515148626670374,5.5,13.29892857142857,22.853333333333335,9.554404761904763,True,0.0,hospital_corridor,28,12,"[11, 29, 47, 53, 61, 73, 89, 97, 101, 109]","[3.027880475218738, 2.97425321900372, 0.9538686056759256, 0.5, 1.0]","{""time"": 1.0, ""collisions"": 0.05, ""congestion"": 1.0, ""fairness"": 0.0, ""incomplete_base"": 1000.0, ""incomplete_agent"": 10.0}","[58.23590078328982, 34.101757188498404, 39.5531545741325, 43.4014619883041, 32.97909090909091, 35.08032786885246, 43.611286089238845, 39.976553672316385, 46.13957219251336, 42.386043360433604]","[38.300000000000004, 31.3, 31.700000000000003, 34.2, 27.5, 30.5, 38.1, 35.4, 37.4, 36.9]"
ga,6,7,41.592092268905816,32.77,142.2,1.712092268905814,5.0,12.732142857142858,21.901666666666667,9.169523809523808,True,0.0,hospital_corridor,28,12,"[11, 29, 47, 53, 61, 73, 89, 97, 101, 109]","[3.29531285955331, 2.973433311350179, 0.9565344630714131, 0.5, 1.0]","{""time"": 1.0, ""collisions"": 0.05, ""congestion"": 1.0, ""fairness"": 0.0, ""incomplete_base"": 1000.0, ""incomplete_agent"": 10.0}","[65.60151515151516, 34.74401294498382, 36.51333333333333, 46.77382550335571, 29.385361216730036, 34.506013745704465, 39.08304843304843, 52.7764705882353, 40.387341772151906, 36.150000000000006]","[39.6, 30.900000000000002, 30.0, 29.8, 26.3, 29.1, 35.1, 42.5, 31.6, 32.800000000000004]"
ga,6,8,1052.700135480862,38.39,146.7,1.9751354808618948,5.5,12.286851851851852,20.840833333333336,8.553981481481483,False,0.5,hospital_corridor,28,12,"[11, 29, 47, 53, 61, 73, 89, 97, 101, 109]","[3.333134918701276, 3.1200071544126624, 0.8917763796274922, 0.5, 1.0]","{""time"": 1.0, ""collisions"": 0.05, ""congestion"": 1.0, ""fairness"": 0.0, ""incomplete_base"": 1000.0, ""incomplete_agent"": 10.0}","[65.8132596685083, 35.751639344262294, 36.99054054054054, 41.487931034482756, 35.928523489932886, 35.14594594594595, 1159.72, 42.292473118279574, 38.13666666666666, 35.734375]","[36.2, 30.5, 29.6, 29.0, 29.8, 29.6, 100.0, 37.2, 30.0, 32.0]"
ga,6,9,39.27398327803652,33.370000000000005,84.7,1.6689832780365108,5.1,12.937500000000004,22.296666666666667,9.359166666666665,True,0.0,hospital_corridor,28,12,"[11, 29, 47, 53, 61, 73, 89, 97, 101, 109]","[2.747168772772257, 2.993737416625447, 0.9012504473916791, 0.5, 1.0]","{""time"": 1.0, ""collisions"": 0.05, ""congestion"": 1.0, ""fairness"": 0.0, ""incomplete_base"": 1000.0, ""incomplete_agent"": 10.0}","[50.89109947643979, 35.26978193146417, 34.159523809523805, 46.08428571428571, 29.508015267175576, 34.554237288135596, 45.335, 39.170612813370475, 41.39303405572756, 36.374242424242425]","[38.2, 32.1, 31.5, 35.0, 26.200000000000003, 29.5, 40.0, 35.9, 32.300000000000004, 33.0]"
ga,6,10,1050.9735527357761,42.16,84.4,1.593552735776181,5.7,13.437774725274727,24.04787878787879,10.610104062604062,False,0.3,hospital_corridor,28,12,"[11, 29, 47, 53, 61, 73, 89, 97, 101, 109]","[2.513582837420617, 3.00048352185331, 0.8829208587740079, 0.5, 1.0]","{""time"": 1.0, ""collisions"": 0.05, ""congestion"": 1.0, ""fairness"": 0.0, ""incomplete_base"": 1000.0, ""incomplete_agent"": 10.0}","[42.777554179566565, 35.88301886792453, 38.161764705882355, 50.02093596059113, 40.991780821917814, 34.264900662251655, 45.8222891566265, 45.53014527845037, 43.7811377245509, 1132.502]","[32.300000000000004, 31.8, 34.0, 40.6, 36.5, 30.200000000000003, 41.5, 41.300000000000004, 33.4, 100.0]"
ga,6,11,42.21018232396709,32.88,150.8,1.7901823239670869,5.1,12.748928571428571,22.073333333333334,9.324404761904763,True,0.0,hospital_corridor,28,12,"[11, 29, 47, 53, 61, 73, 89, 97, 101, 109]","[3.1732598586175724, 2.9694500848021015, 0.9161823617655753, 0.5, 1.0]","{""time"": 1.0, ""collisions"": 0.05, ""congestion"": 1.0, ""fairness"": 0.0, ""incomplete_base"": 1000.0, ""incomplete_agent"": 10.0}","[65.3157894736842, 40.83328445747801, 34.848657718120805, 41.16013745704468, 34.58355263157895, 36.790909090909096, 44.83555240793201, 41.180113636363636, 38.41382636655949, 44.14]","[38.0, 34.1, 29.8, 29.1, 30.400000000000002, 30.8, 35.300000000000004, 35.2, 31.1, 35.0]"
ga,6,12,1202.8051,100.0,67.9,0.4101,3.7,13.6182412766105,24.301036075036077,10.68279479842558,False,9.9,hospital_corridor,28,12,"[11, 29, 47, 53, 61, 73, 89, 97, 101, 109]","[3.08205731839014, 2.9812102082437386, 1.2962678406023622, 0.5, 1.0]","{""time"": 1.0, ""collisions"": 0.05, ""congestion"": 1.0, ""fairness"": 0.0, ""incomplete_base"": 1000.0, ""incomplete_agent"": 10.0}","[1188.886, 1243.208, 1192.238, 1225.715, 1211.679, 1182.98, 1172.975, 1176.526, 1162.858, 1270.986]","[100.0, 100.0, 100.0, 100.0, 100.0, 100.0, 100.0, 100.0, 100.0, 100.0]"
ga,6,13,40.18168519054551,32.95,110.1,1.726685190545505,4.9,12.730357142857141,22.234166666666667,9.503809523809526,True,0.0,hospital_corridor,28,12,"[11, 29, 47, 53, 61, 73, 89, 97, 101, 109]","[2.9174146454824204, 2.882295366603477, 0.9082943247076665, 0.5, 1.0]","{""time"": 1.0, ""collisions"": 0.05, ""congestion"": 1.0, ""fairness"": 0.0, ""incomplete_base"": 1000.0, ""incomplete_agent"": 10.0}","[54.966184971098265, 35.43454258675079, 34.247058823529414, 45.519354838709674, 34.53524590163934, 34.667676767676774, 46.798484848484854, 40.42353760445682, 38.885276073619636, 36.33948948948949]","[34.6, 31.700000000000003, 30.6, 31.0, 30.5, 29.700000000000003, 39.6, 35.9, 32.6, 33.300000000000004]"
ga,6,14,1051.3586180759992,40.760000000000005,160.2,1.5886180759991917,4.9,12.927976190476192,22.1725,9.244523809523809,False,0.1,hospital_corridor,28,12,"[11, 29, 47, 53, 61, 73, 89, 97, 101, 109]","[3.1871890922165678, 2.8302226080673267, 0.9614119341188044, 0.5, 1.0]","{""time"": 1.0, ""collisions"": 0.05, ""congestion"": 1.0, ""fairness"": 0.0, ""incomplete_base"": 1000.0, ""incomplete_agent"": 10.0}","[69.94242053789732, 34.54102564102565, 36.317589576547235, 65.2807962529274, 29.82164179104478, 1113.352, 45.078378378378375, 40.619565217391305, 41.742138364779876, 36.890625]","[40.900000000000006, 31.200000000000003, 30.700000000000003, 42.7, 26.8, 100.0, 37.0, 34.5, 31.8, 32.0]"
ga,6,15,45.34107971259017,34.28,188.1,1.6560797125901676,5.2,13.165000000000001,22.775000000000002,9.610000000000001,True,0.0,hospital_corridor,28,12,"[11, 29, 47, 53, 61, 73, 89, 97, 101, 109]","[3.4452368304680405, 3.181133468397797, 0.9616536682696252, 0.5, 1.0]","{""time"": 1.0, ""collisions"": 0.05, ""congestion"": 1.0, ""fairness"": 0.0, ""incomplete_base"": 1000.0, ""incomplete_agent"": 10.0}","[65.10801526717557, 50.50076923076923, 37.61081081081082, 54.261538461538464, 47.702298850574714, 35.86165048543689, 37.92651296829971, 40.85321637426901, 45.39050445103858, 38.195480225988696]","[39.300000000000004, 32.5, 29.6, 37.7, 34.800000000000004, 30.900000000000002, 34.7, 34.2, 33.7, 35.4]"
ga,6,16,43.607556823726775,32.53,186.6,1.7475568237267762,5.1,12.420714285714286,21.83166666666667,9.410952380952383,True,0.0,hospital_corridor,28,12,"[11, 29, 47, 53, 61, 73, 89, 97, 101, 109]","[3.4585289527688614, 2.977195737360188, 0.940798099380372, 0.5, 1.0]","{""time"": 1.0, ""collisions"": 0.05, ""congestion"": 1.0, ""fairness"": 0.0, ""incomplete_base"": 1000.0, ""incomplete_agent"": 10.0}","[65.67714285714287, 34.66803278688525, 41.302912621359226, 52.86781609195403, 35.92926421404683, 42.7198717948718, 42.53142857142857, 43.822988505747134, 40.32669902912622, 36.22941176470589]","[35.0, 30.5, 30.900000000000002, 34.800000000000004, 29.900000000000002, 31.200000000000003, 35.0, 34.800000000000004, 30.900000000000002, 32.300000000000004]"
ga,6,17,40.311283318220305,31.930000000000007,130.9,1.8362833182202984,4.9,12.97214285714286,21.850833333333334,8.878690476190476,True,0.0,hospital_corridor,28,12,"[11, 29, 47, 53, 61, 73, 89, 97, 101, 109]","[3.2932674708168848, 2.9887809535749095, 0.9635837218143966, 0.5, 1.0]","{""time"": 1.0, ""collisions"": 0.05, ""congestion"": 1.0, ""fairness"": 0.0, ""incomplete_base"": 1000.0, ""incomplete_agent"": 10.0}","[55.53888888888889, 34.76346153846154, 37.69444444444444, 44.786274509803924, 29.860112359550566, 43.78777429467085, 39.75633802816901, 39.51020408163266, 39.1240506329114, 38.29128440366973]","[34.2, 31.200000000000003, 30.6, 30.6, 26.700000000000003, 31.900000000000002, 35.5, 34.300000000000004, 31.6, 32.7]"
ga,6,18,41.30334873503304,33.74,116.5,1.7383487350330342,4.7,13.0525,22.550000000000004,9.4975,True,0.0,hospital_corridor,28,12,"[11, 29, 47, 53, 61, 73, 89, 97, 101, 109]","[2.9276059707865727, 3.1597528890936757, 0.8915626401569821, 0.5, 1.0]","{""time"": 1.0, ""collisions"": 0.05, ""congestion"": 1.0, ""fairness"": 0.0, ""incomplete_base"": 1000.0, ""incomplete_agent"": 10.0}","[54.29123989218329, 34.43809523809524, 35.62581699346405, 47.37985074626866, 29.38467432950192, 38.68385579937304, 50.79439252336449, 43.43316326530613, 43.2563862928349, 35.74601226993865]","[37.1, 31.5, 30.6, 33.5, 26.1, 31.900000000000002, 42.800000000000004, 39.2, 32.1, 32.6]"
ga,6,19,113.99966992487724,31.18,1619.8,1.8296699248772275,5.3,11.61,21.053333333333335,9.443333333333333,True,0.0,hospital_corridor,28,12,"[11, 29, 47, 53, 61, 73, 89, 97, 101, 109]","[3.1972774817663208, 3.145047702107865, 0.7125137849132358, 0.5, 1.0]","{""time"": 1.0, ""collisions"": 0.05, ""congestion"": 1.0, ""fairness"": 0.0, ""incomplete_base"": 1000.0, ""incomplete_agent"": 10.0}","[220.77005141388176, 95.95510204081633, 96.25000000000001, 142.7793906810036, 114.73654485049836, 78.95505415162455, 93.5894894894895, 132.3051948051948, 90.94507042253522, 73.71080139372822]","[38.900000000000006, 29.400000000000002, 28.900000000000002, 27.900000000000002, 30.1, 27.700000000000003, 33.300000000000004, 38.5, 28.400000000000002, 28.700000000000003]"
ga,6,20,40.89620327827898,34.39,97.7,1.6212032782789858,5.2,12.815357142857144,22.437500000000004,9.622142857142856,True,0.0,hospital_corridor,28,12,"[11, 29, 47, 53, 61, 73, 89, 97, 101, 109]","[2.9031908613297297, 2.953390930481975, 0.920775902874946, 0.5, 1.0]","{""time"": 1.0, ""collisions"": 0.05, ""congestion"": 1.0, ""fairness"": 0.0, ""incomplete_base"": 1000.0, ""incomplete_agent"": 10.0}","[57.375125628140715, 34.767721518987344, 35.62736156351792, 36.70680272108844, 36.6246835443038, 34.83469387755102, 42.85673575129534, 42.012, 52.56117647058824, 35.59573170731708]","[39.800000000000004, 31.6, 30.700000000000003, 29.400000000000002, 31.6, 29.400000000000002, 38.6, 37.5, 42.5, 32.800000000000004]"
ga,6,21,41.95861080533782,32.709999999999994,149.3,1.7836108053378215,5.3,12.413214285714286,21.983333333333334,9.570119047619048,True,0.0,hospital_corridor,28,12,"[11, 29, 47, 53, 61, 73, 89, 97, 101, 109]","[3.221280924267197, 3.0286505442033445, 0.8858807274814845, 0.5, 1.0]","{""time"": 1.0, ""collisions"": 0.05, ""congestion"": 1.0, ""fairness"": 0.0, ""incomplete_base"": 1000.0, ""incomplete_agent"": 10.0}","[57.603221288515414, 44.96855524079321, 37.317687074829934, 52.05365853658537, 33.57516556291391, 32.882876712328766, 43.43888888888889, 40.42406876790831, 38.71742671009772, 38.60455927051672]","[35.7, 35.300000000000004, 29.400000000000002, 32.800000000000004, 30.200000000000003, 29.200000000000003, 36.0, 34.9, 30.700000000000003, 32.9]"
ga,6,22,40.48191149863686,34.37,88.6,1.6819114986368635,5.2,13.210000000000003,22.640833333333337,9.430833333333336,True,0.0,hospital_corridor,28,12,"[11, 29, 47, 53, 61, 73, 89, 97, 101, 109]","[2.908169214420277, 2.902458294929998, 0.9488429035042176, 0.5, 1.0]","{""time"": 1.0, ""collisions"": 0.05, ""congestion"": 1.0, ""fairness"": 0.0, ""incomplete_base"": 1000.0, ""incomplete_agent"": 10.0}","[49.789664082687345, 34.34329073482428, 37.504658385093165, 42.025, 36.87756410256411, 37.03125, 43.8474358974359, 41.81903485254692, 38.24285714285715, 43.338359788359796]","[38.7, 31.3, 32.2, 32.0, 31.200000000000003, 32.0, 39.0, 37.300000000000004, 32.2, 37.800000000000004]"
ga,6,23,45.19878936211449,32.9,212.6,1.6687893621144874,5.4,12.418928571428571,22.0125,9.593571428571428,True,0.0,hospital_corridor,28,12,"[11, 29, 47, 53, 61, 73, 89, 97, 101, 109]","[3.279023217007719, 2.602584910546401, 0.9540682145882583, 0.5, 1.0]","{""time"": 1.0, ""collisions"": 0.05, ""congestion"": 1.0, ""fairness"": 0.0, ""incomplete_base"": 1000.0, ""incomplete_agent"": 10.0}","[74.52108433734941, 35.27077922077922, 32.78, 54.95, 30.255056179775284, 38.65684039087948, 45.614971751412426, 53.12460732984294, 43.62207792207793, 43.192476489028216]","[41.5, 30.8, 30.0, 33.0, 26.700000000000003, 30.700000000000003, 35.4, 38.2, 30.8, 31.900000000000002]"
ga,7,0,38.98714629367811,33.39,77.8,1.7071462936781039,5.3,13.219285714285714,22.238333333333337,9.019047619047617,True,0.0,hospital_corridor,28,12,"[11, 29, 47, 53, 61, 73, 89, 97, 101, 109]","[2.887026022277681, 3.0004902773822986, 0.9391030446731223, 0.5, 1.0]","{""time"": 1.0, ""collisions"": 0.05, ""congestion"": 1.0, ""fairness"": 0.0, ""incomplete_base"": 1000.0, ""incomplete_agent"": 10.0}","[45.63684210526316, 34.69206349206349, 33.55175718849841, 41.3705047318612, 29.30380228136882, 36.95623100303951, 41.034895833333344, 42.260742705570294, 41.96073619631902, 43.103887399463815]","[34.2, 31.5, 31.3, 31.700000000000003, 26.3, 32.9, 38.400000000000006, 37.7, 32.6, 37.300000000000004]"
ga,7,1,39.24440216130794,33.66000000000001,77.8,1.6944021613079294,4.8,13.012142857142859,22.431666666666665,9.41952380952381,True,0.0,hospital_corridor,28,12,"[11, 29, 47, 53, 61, 73, 89, 97, 101, 109]","[2.7269648807709306, 3.168218996222856, 0.8774810164281192, 0.5, 1.0]","{""time"": 1.0, ""collisions"": 0.05, ""congestion"": 1.0, ""fairness"": 0.0, ""incomplete_base"": 1000.0, ""incomplete_agent"": 10.0}","[50.177540106951874, 38.56860465116279, 37.50583596214511, 36.42274247491639, 30.023782771535586, 38.009302325581395, 42.78860759493671, 42.20483870967742, 40.03823529411765, 36.704531722054384]","[37.4, 34.4, 31.700000000000003, 29.900000000000002, 26.700000000000003, 34.4, 39.5, 37.2, 32.300000000000004, 33.1]"
ga,7,2,41.15519207453685,35.790000000000006,74.5,1.6401920745368437,5.1,13.568214285714287,23.221666666666668,9.653452380952382,True,0.0,hospital_corridor,28,12,"[11, 29, 47, 53, 61, 73, 89, 97, 101, 109]","[2.893075891527687, 3.19597973437081, 0.9409375743620112, 0.5, 1.0]","{""time"": 1.0, ""collisions"": 0.05, ""congestion"": 1.0, ""fairness"": 0.0, ""incomplete_base"": 1000.0, ""incomplete_agent"": 10.0}","[57.24730941704036, 34.6211356466877, 35.920897832817346, 44.33028169014084, 41.219892473118286, 40.047740112994354, 40.38743455497382, 40.16684782608696, 41.59153846153846, 36.01884272997033]","[44.6, 31.700000000000003, 32.300000000000004, 35.5, 37.2, 35.4, 38.2, 36.800000000000004, 32.5, 33.7]"
ga,7,3,38.66955544722244,34.239999999999995,54.2,1.7195554472224461,5.5,12.961785714285714,22.7425,9.780714285714286,True,0.0,hospital_corridor,28,12,"[11, 29, 47, 53, 61, 73, 89, 97, 101, 109]","[2.9555709098599254, 3.4932773905073353, 0.9413510146854338, 0.5, 1.0]","{""time"": 1.0, ""collisions"": 0.05, ""congestion"": 1.0, ""fairness"": 0.0, ""incomplete_base"": 1000.0, ""incomplete_agent"": 10.0}","[52.71334164588529, 35.1074074074074, 33.87088607594937, 34.51156462585034, 29.245283018867923, 39.853932584269664, 39.1485254691689, 41.96952141057935, 41.93790560471976, 38.33718662952646]","[40.1, 32.4, 31.6, 29.400000000000002, 26.5, 35.6, 37.300000000000004, 39.7, 33.9, 35.9]"
ga,7,4,1062.7974879843318,48.42999999999999,119.1,1.4124879843319582,4.8,13.249832852332855,22.950833333333335,9.701000481000483,False,0.7,hospital_corridor,28,12,"[11, 29, 47, 53, 61, 73, 89, 97, 101, 109]","[3.195894811571077, 2.9599362925996986, 1.0006825373944976, 0.5, 1.0]","{""time"": 1.0, ""collisions"": 0.05, ""congestion"": 1.0, ""fairness"": 0.0, ""incomplete_base"": 1000.0, ""incomplete_agent"": 10.0}","[44.73741721854305, 1162.314, 38.27151898734178, 46.61767676767677, 30.74858657243816, 1118.531, 49.38493975903614, 55.95549450549451, 45.13825214899713, 36.27599388379205]","[30.200000000000003, 100.0, 31.6, 39.6, 28.3, 100.0, 41.5, 45.5, 34.9, 32.7]"
ga,7,5,40.26465251695167,35.55,61.0,1.6646525169516764,4.8,13.641785714285717,23.3875,9.745714285714286,True,0.0,hospital_corridor,28,12,"[11, 29, 47, 53, 61, 73, 89, 97, 101, 109]","[3.000563520575537, 3.4029235462904746, 0.9537437261995166, 0.5, 1.0]","{""time"": 1.0, ""collisions"": 0.05, ""congestion"": 1.0, ""fairness"": 0.0, ""incomplete_base"": 1000.0, ""incomplete_agent"": 10.0}","[50.17706766917294, 34.80093457943926, 35.13535031847134, 43.63563685636856, 35.92903225806452, 34.19012738853504, 43.129999999999995, 42.383505154639174, 38.863414634146345, 44.40145631067961]","[39.900000000000006, 32.1, 31.400000000000002, 36.9, 31.0, 31.400000000000002, 40.0, 38.800000000000004, 32.800000000000004, 41.2]"
ga,7,6,41.916370978570086,33.400000000000006,135.7,1.731370978570082,4.9,12.844999999999999,22.554166666666667,9.709166666666668,True,0.0,hospital_corridor,28,12,"[11, 29, 47, 53, 61, 73, 89, 97, 101, 109]","[3.0915321800859425, 2.9262135682038766, 0.9286658642631953, 0.5, 1.0]","{""time"": 1.0, ""collisions"": 0.05, ""congestion"": 1.0, ""fairness"": 0.0, ""incomplete_base"": 1000.0, ""incomplete_agent"": 10.0}","[60.361780104712054, 34.342172523961665, 36.68026315789474, 40.48356164383562, 37.61699669966997, 33.50945945945946, 42.755284552845524, 45.30591397849463, 40.04009584664537, 48.06818181818182]","[38.2, 31.3, 30.400000000000002, 29.200000000000003, 30.3, 29.6, 36.9, 37.2, 31.3, 39.6]"
ga,7,7,43.872610139449144,35.730000000000004,130.8,1.6026101394491434,5.0,13.111785714285716,23.17083333333333,10.05904761904762,True,0.0,hospital_corridor,28,12,"[11, 29, 47, 53, 61, 73, 89, 97, 101, 109]","[3.119149936213363, 2.94486275197451, 0.9432121822588677, 0.5, 1.0]","{""time"": 1.0, ""collisions"": 0.05, ""congestion"": 1.0, ""fairness"": 0.0, ""incomplete_base"": 1000.0, ""incomplete_agent"": 10.0}","[59.895890410958906, 33.98488745980708, 37.69364820846906, 54.531720430107534, 28.953831417624524, 36.843344709897615, 44.81375661375662, 52.93439635535308, 44.34095744680852, 44.73366834170855]","[43.800000000000004, 31.1, 30.700000000000003, 37.2, 26.1, 29.3, 37.800000000000004, 43.900000000000006, 37.6, 39.800000000000004]"
ga,7,8,40.48191149863686,34.37,88.6,1.6819114986368635,5.2,13.210000000000003,22.640833333333337,9.430833333333336,True,0.0,hospital_corridor,28,12,"[11, 29, 47, 53, 61, 73, 89, 97, 101, 109]","[2.908169214420277, 2.902458294929998, 0.9488429035042176, 0.5, 1.0]","{""time"": 1.0, ""collisions"": 0.05, ""congestion"": 1.0, ""fairness"": 0.0, ""incomplete_base"": 1000.0, ""incomplete_agent"": 10.0}","[49.789664082687345, 34.34329073482428, 37.504658385093165, 42.025, 36.87756410256411, 37.03125, 43.8474358974359, 41.81903485254692, 38.24285714285715, 43.338359788359796]","[38.7, 31.3, 32.2, 32.0, 31.200000000000003, 32.0, 39.0, 37.300000000000004, 32.2, 37.800000000000004]"
ga,7,9,41.93904904577829,33.53,131.2,1.8490490457782862,5.3,13.00964285714286,22.57666666666667,9.56702380952381,True,0.0,hospital_corridor,28,12,"[11, 29, 47, 53, 61, 73, 89, 97, 101, 109]","[2.936179204461873, 2.882295366603477, 0.9082943247076665, 0.5, 1.0]","{""time"": 1.0, ""collisions"": 0.05, ""congestion"": 1.0, ""fairness"": 0.0, ""incomplete_base"": 1000.0, ""incomplete_agent"": 10.0}","[63.85, 35.162379421221864, 33.516666666666666, 44.09527027027028, 33.881147540983605, 38.04838709677419, 47.33992248062016, 41.820954907161806, 43.62335243553009, 38.05240963855422]","[38.0, 31.1, 30.6, 29.6, 30.5, 31.0, 38.7, 37.7, 34.9, 33.2]"
ga,7,10,42.08667767553134,35.06000000000001,106.3,1.7116776755313363,5.4,13.365,23.22416666666667,9.859166666666669,True,0.0,hospital_corridor,28,12,"[11, 29, 47, 53, 61, 73, 89, 97, 101, 109]","[2.866715060722654, 3.140027047908479, 0.9128732246915525, 0.5, 1.0]","{""time"": 1.0, ""collisions"": 0.05, ""congestion"": 1.0, ""fairness"": 0.0, ""incomplete_base"": 1000.0, ""incomplete_agent"": 10.0}","[65.03130841121495, 46.15281329923274, 33.841025641025645, 40.88709677419355, 29.993396226415094, 33.98501683501684, 41.971739130434784, 45.22602905569008, 40.447663551401874, 43.330687830687836]","[42.800000000000004, 39.1, 31.200000000000003, 31.0, 26.5, 29.700000000000003, 39.1, 41.300000000000004, 32.1, 37.800000000000004]"
ga,7,11,42.08667767553134,35.06000000000001,106.3,1.7116776755313363,5.4,13.365,23.22416666666667,9.859166666666669,True,0.0,hospital_corridor,28,12,"[11, 29, 47, 53, 61, 73, 89, 97, 101, 109]","[2.866715060722654, 3.140027047908479, 0.9128732246915525, 0.5, 1.0]","{""time"": 1.0, ""collisions"": 0.05, ""congestion"": 1.0, ""fairness"": 0.0, ""incomplete_base"": 1000.0, ""incomplete_agent"": 10.0}","[65.03130841121495, 46.15281329923274, 33.841025641025645, 40.88709677419355, 29.993396226415094, 33.98501683501684, 41.971739130434784, 45.22602905569008, 40.447663551401874, 43.330687830687836]","[42.800000000000004, 39.1, 31.200000000000003, 31.0, 26.5, 29.700000000000003, 39.1, 41.300000000000004, 32.1, 37.800000000000004]"
ga,7,12,40.89971096717251,32.67,128.8,1.7897109671725118,5.3,12.904642857142857,22.168333333333337,9.263690476190476,True,0.0,hospital_corridor,28,12,"[11, 29, 47, 53, 61, 73, 89, 97, 101, 109]","[3.261918712637796, 3.0180363132531545, 0.9606007747781639, 0.5, 1.0]","{""time"": 1.0, ""collisions"": 0.05, ""congestion"": 1.0, ""fairness"": 0.0, ""incomplete_base"": 1000.0, ""incomplete_agent"": 10.0}","[50.53404255319148, 50.856806282722516, 39.387623762376236, 37.9219512195122, 29.66130268199234, 35.73154362416108, 40.84044943820225, 51.5, 36.635782747603834, 35.92760736196319]","[32.9, 38.2, 30.3, 28.700000000000003, 26.1, 29.8, 35.6, 41.2, 31.3, 32.6]"
ga,7,13,41.29220330249389,34.22,107.1,1.7172033024938862,4.8,13.098928571428573,22.89666666666667,9.797738095238095,True,0.0,hospital_corridor,28,12,"[11, 29, 47, 53, 61, 73, 89, 97, 101, 109]","[3.091487332250521, 3.0655554500746405, 0.9498957969956789, 0.5, 1.0]","{""time"": 1.0, ""collisions"": 0.05, ""congestion"": 1.0, ""fairness"": 0.0, ""incomplete_base"": 1000.0, ""incomplete_agent"": 10.0}","[47.73225806451613, 34.397619047619045, 35.58495145631068, 58.74837587006961, 29.330303030303032, 39.28653846153846, 43.94412532637076, 45.31025641025641, 38.745679012345676, 39.84192634560907]","[34.1, 31.5, 30.900000000000002, 43.1, 26.400000000000002, 31.200000000000003, 38.300000000000004, 39.0, 32.4, 35.300000000000004]"
ga,7,14,39.81132135907742,34.260000000000005,77.9,1.6563213590774097,5.4,12.936785714285714,22.590833333333336,9.654047619047619,True,0.0,hospital_corridor,28,12,"[11, 29, 47, 53, 61, 73, 89, 97, 101, 109]","[2.888136870656087, 3.1228646888131513, 0.9267061542458148, 0.5, 1.0]","{""time"": 1.0, ""collisions"": 0.05, ""congestion"": 1.0, ""fairness"": 0.0, ""incomplete_base"": 1000.0, ""incomplete_agent"": 10.0}","[54.30395778364116, 34.564556962025314, 34.44556962025317, 49.550497512437815, 30.03857677902622, 35.09551282051282, 41.33670212765958, 42.597500000000004, 40.50609756097562, 35.67424242424242]","[37.9, 31.6, 31.6, 40.2, 26.700000000000003, 31.200000000000003, 37.6, 40.0, 32.800000000000004, 33.0]"
ga,7,15,40.87681953219434,34.8,88.3,1.6618195321943419,5.2,13.030714285714287,22.748333333333335,9.717619047619047,True,0.0,hospital_corridor,28,12,"[11, 29, 47, 53, 61, 73, 89, 97, 101, 109]","[2.9020800129513242, 2.9884795420747827, 0.9331727933022536, 0.5, 1.0]","{""time"": 1.0, ""collisions"": 0.05, ""congestion"": 1.0, ""fairness"": 0.0, ""incomplete_base"": 1000.0, ""incomplete_agent"": 10.0}","[61.993248945147684, 34.50287539936102, 33.920926517571885, 48.04459459459459, 30.44904214559387, 33.77147651006711, 42.122391857506365, 47.015151515151516, 38.02777777777778, 38.920710059171604]","[47.400000000000006, 31.3, 31.3, 37.0, 26.1, 29.8, 39.300000000000004, 39.6, 32.4, 33.800000000000004]"
ga,7,16,40.734128161573445,34.239999999999995,96.2,1.6841281615734467,5.1,13.141071428571427,23.069166666666668,9.92809523809524,True,0.0,hospital_corridor,28,12,"[11, 29, 47, 53, 61, 73, 89, 97, 101, 109]","[2.9276059707865727, 2.972910323277201, 0.9669390959545646, 0.5, 1.0]","{""time"": 1.0, ""collisions"": 0.05, ""congestion"": 1.0, ""fairness"": 0.0, ""incomplete_base"": 1000.0, ""incomplete_agent"": 10.0}","[54.8425, 35.76773700305811, 34.353125, 45.05, 31.56478873239437, 37.058978328173374, 42.46596858638743, 41.70309973045822, 40.21604938271605, 44.31903485254692]","[40.0, 32.7, 32.0, 32.0, 28.400000000000002, 32.300000000000004, 38.2, 37.1, 32.4, 37.300000000000004]"
ga,7,17,48.00611746071037,43.81,53.0,1.5461174607103723,5.0,15.407142857142858,26.5375,11.130357142857141,True,0.0,hospital_corridor,28,12,"[11, 29, 47, 53, 61, 73, 89, 97, 101, 109]","[2.2414292978488444, 3.0004902773822986, 0.9391030446731223, 0.5, 1.0]","{""time"": 1.0, ""collisions"": 0.05, ""congestion"": 1.0, ""fairness"": 0.0, ""incomplete_base"": 1000.0, ""incomplete_agent"": 10.0}","[94.262285012285, 36.680791788856304, 41.50874673629243, 37.76587301587302, 43.41650485436894, 44.004218362282884, 47.68318777292577, 49.981578947368426, 40.53630136986302, 44.22168674698795]","[81.4, 34.1, 38.300000000000004, 31.5, 41.2, 40.300000000000004, 45.800000000000004, 47.5, 36.5, 41.5]"
ga,7,18,82.81006183370582,30.470000000000006,1009.7,1.8550618337058027,5.5,11.741071428571429,21.05166666666667,9.310595238095239,True,0.0,hospital_corridor,28,12,"[11, 29, 47, 53, 61, 73, 89, 97, 101, 109]","[2.7736063540783076, 3.146288735378735, 0.7281602217162125, 0.5, 1.0]","{""time"": 1.0, ""collisions"": 0.05, ""congestion"": 1.0, ""fairness"": 0.0, ""incomplete_base"": 1000.0, ""incomplete_agent"": 10.0}","[123.49318936877079, 71.52516556291391, 62.781292517006804, 113.55283687943263, 67.32549019607842, 61.2598976109215, 98.39050991501418, 84.24556962025316, 78.05666666666667, 67.47000000000001]","[30.1, 30.200000000000003, 29.400000000000002, 28.200000000000003, 30.6, 29.3, 35.300000000000004, 31.6, 30.0, 30.0]"
ga,7,19,39.72946482938649,34.040000000000006,79.7,1.7044648293864817,5.2,13.097857142857142,22.801666666666666,9.703809523809523,True,0.0,hospital_corridor,28,12,"[11, 29, 47, 53, 61, 73, 89, 97, 101, 109]","[2.83347719721646, 3.015860327972253, 0.9196564040657684, 0.5, 1.0]","{""time"": 1.0, ""collisions"": 0.05, ""congestion"": 1.0, ""fairness"": 0.0, ""incomplete_base"": 1000.0, ""incomplete_agent"": 10.0}","[47.88283582089552, 34.73888888888889, 35.84589905362776, 36.79121621621622, 30.095627376425856, 40.88239436619718, 42.24175257731959, 43.32411167512691, 40.07445820433438, 45.41746411483254]","[33.5, 31.5, 31.700000000000003, 29.6, 26.3, 35.5, 38.800000000000004, 39.400000000000006, 32.300000000000004, 41.800000000000004]"
ga,7,20,175.3699843626588,32.13000000000001,2827.1,1.8849843626588019,5.9,11.708214285714286,20.9825,9.274285714285716,True,0.0,hospital_corridor,28,12,"[11, 29, 47, 53, 61, 73, 89, 97, 101, 109]","[3.0999758180803694, 2.630032106598801, 0.6908976162317014, 0.5, 1.0]","{""time"": 1.0, ""collisions"": 0.05, ""congestion"": 1.0, ""fairness"": 0.0, ""incomplete_base"": 1000.0, ""incomplete_agent"": 10.0}","[195.95870870870874, 187.93972602739726, 143.41262798634813, 175.49655172413796, 164.63728222996514, 133.50071942446044, 169.94395604395606, 234.03413461538463, 172.31948051948052, 176.45665634674924]","[33.300000000000004, 29.200000000000003, 29.3, 31.900000000000002, 28.700000000000003, 27.8, 36.4, 41.6, 30.8, 32.300000000000004]"
ga,7,21,1118.310739136615,87.24000000000001,87.1,0.7157391366150614,4.4,12.747047535797538,23.516893939393942,10.769846403596404,False,2.6,hospital_corridor,28,12,"[11, 29, 47, 53, 61, 73, 89, 97, 101, 109]","[3.0822382602570793, 2.9259437344295756, 1.0579654164149677, 0.5, 1.0]","{""time"": 1.0, ""collisions"": 0.05, ""congestion"": 1.0, ""fairness"": 0.0, ""incomplete_base"": 1000.0, ""incomplete_agent"": 10.0}","[1135.353, 1161.49, 1111.004, 1149.398, 1161.458, 1133.271, 1123.234, 47.09004975124378, 37.94534161490684, 1122.864]","[100.0, 100.0, 100.0, 100.0, 100.0, 100.0, 100.0, 40.2, 32.2, 100.0]"
ga,7,22,42.87168940410879,35.19,122.2,1.5716894041087928,4.8,12.726071428571428,23.13666666666667,10.410595238095238,True,0.0,hospital_corridor,28,12,"[11, 29, 47, 53, 61, 73, 89, 97, 101, 109]","[3.036014684674221, 2.9555036826062913, 0.9303501763377001, 0.5, 1.0]","{""time"": 1.0, ""collisions"": 0.05, ""congestion"": 1.0, ""fairness"": 0.0, ""incomplete_base"": 1000.0, ""incomplete_agent"": 10.0}","[56.32654028436019, 34.02700964630225, 39.82616279069767, 57.56421800947868, 35.84169381107492, 35.42815699658703, 42.361413043478265, 43.58862433862434, 41.41031746031746, 42.34275766016713]","[42.2, 31.1, 34.4, 42.2, 30.700000000000003, 29.3, 36.800000000000004, 37.800000000000004, 31.5, 35.9]"
ga,7,23,45.20106458268595,35.31,164.0,1.6910645826859496,5.0,13.211428571428574,23.448333333333334,10.236904761904762,True,0.0,hospital_corridor,28,12,"[11, 29, 47, 53, 61, 73, 89, 97, 101, 109]","[3.1604436474723934, 2.9866682014505934, 0.9540094483516425, 0.5, 1.0]","{""time"": 1.0, ""collisions"": 0.05, ""congestion"": 1.0, ""fairness"": 0.0, ""incomplete_base"": 1000.0, ""incomplete_agent"": 10.0}","[59.3364640883978, 44.59690265486726, 40.64437869822486, 58.39135802469136, 35.635430463576164, 36.247798742138365, 49.29183673469388, 52.3355421686747, 37.07747603833866, 38.45345821325649]","[36.2, 33.9, 33.800000000000004, 40.5, 30.200000000000003, 31.8, 39.2, 41.5, 31.3, 34.7]"
ga,8,0,38.66955544722244,34.239999999999995,54.2,1.7195554472224461,5.5,12.961785714285714,22.7425,9.780714285714286,True,0.0,hospital_corridor,28,12,"[11, 29, 47, 53, 61, 73, 89, 97, 101, 109]","[2.9555709098599254, 3.4932773905073353, 0.9413510146854338, 0.5, 1.0]","{""time"": 1.0, ""collisions"": 0.05, ""congestion"": 1.0, ""fairness"": 0.0, ""incomplete_base"": 1000.0, ""incomplete_agent"": 10.0}","[52.71334164588529, 35.1074074074074, 33.87088607594937, 34.51156462585034, 29.245283018867923, 39.853932584269664, 39.1485254691689, 41.96952141057935, 41.93790560471976, 38.33718662952646]","[40.1, 32.4, 31.6, 29.400000000000002, 26.5, 35.6, 37.300000000000004, 39.7, 33.9, 35.9]"
ga,8,1,38.98714629367811,33.39,77.8,1.7071462936781039,5.3,13.219285714285714,22.238333333333337,9.019047619047617,True,0.0,hospital_corridor,28,12,"[11, 29, 47, 53, 61, 73, 89, 97, 101, 109]","[2.887026022277681, 3.0004902773822986, 0.9391030446731223, 0.5, 1.0]","{""time"": 1.0, ""collisions"": 0.05, ""congestion"": 1.0, ""fairness"": 0.0, ""incomplete_base"": 1000.0, ""incomplete_agent"": 10.0}","[45.63684210526316, 34.69206349206349, 33.55175718849841, 41.3705047318612, 29.30380228136882, 36.95623100303951, 41.034895833333344, 42.260742705570294, 41.96073619631902, 43.103887399463815]","[34.2, 31.5, 31.3, 31.700000000000003, 26.3, 32.9, 38.400000000000006, 37.7, 32.6, 37.300000000000004]"
ga,8,2,44.21491615295733,30.829999999999995,231.8,1.7949161529573339,5.1,12.024642857142858,20.955000000000002,8.930357142857144,True,0.0,hospital_corridor,28,12,"[11, 29, 47, 53, 61, 73, 89, 97, 101, 109]","[3.9786189632604905, 3.0732178248331508, 0.938212965495353, 0.5, 1.0]","{""time"": 1.0, ""collisions"": 0.05, ""congestion"": 1.0, ""fairness"": 0.0, ""incomplete_base"": 1000.0, ""incomplete_agent"": 10.0}","[63.65409836065574, 37.79917491749175, 45.44652777777778, 56.32050147492625, 34.74861111111112, 34.550000000000004, 49.28333333333333, 42.051515151515154, 39.604609929078016, 38.69078947368421]","[30.5, 30.3, 28.8, 33.9, 28.8, 28.400000000000002, 36.0, 33.0, 28.200000000000003, 30.400000000000002]"
ga,8,3,45.92576935251761,30.580000000000002,269.8,1.855769352517603,5.5,11.809285714285716,20.979999999999997,9.170714285714286,True,0.0,hospital_corridor,28,12,"[11, 29, 47, 53, 61, 73, 89, 97, 101, 109]","[4.15110607877589, 3.050137141362299, 0.9275962334235841, 0.5, 1.0]","{""time"": 1.0, ""collisions"": 0.05, ""congestion"": 1.0, ""fairness"": 0.0, ""incomplete_base"": 1000.0, ""incomplete_agent"": 10.0}","[68.96832298136647, 50.63033707865169, 36.62097902097902, 49.208695652173915, 34.96818181818182, 36.8773851590106, 49.96842900302115, 48.974404761904765, 46.34027777777778, 36.70068027210884]","[32.2, 35.6, 28.6, 27.6, 28.6, 28.3, 33.1, 33.6, 28.8, 29.400000000000002]"
ga,8,4,40.26465251695167,35.55,61.0,1.6646525169516764,4.8,13.641785714285717,23.3875,9.745714285714286,True,0.0,hospital_corridor,28,12,"[11, 29, 47, 53, 61, 73, 89, 97, 101, 109]","[3.000563520575537, 3.4029235462904746, 0.9537437261995166, 0.5, 1.0]","{""time"": 1.0, ""collisions"": 0.05, ""congestion"": 1.0, ""fairness"": 0.0, ""incomplete_base"": 1000.0, ""incomplete_agent"": 10.0}","[50.17706766917294, 34.80093457943926, 35.13535031847134, 43.63563685636856, 35.92903225806452, 34.19012738853504, 43.129999999999995, 42.383505154639174, 38.863414634146345, 44.40145631067961]","[39.900000000000006, 32.1, 31.400000000000002, 36.9, 31.0, 31.400000000000002, 40.0, 38.800000000000004, 32.800000000000004, 41.2]"
ga,8,5,38.98714629367811,33.39,77.8,1.7071462936781039,5.3,13.219285714285714,22.238333333333337,9.019047619047617,True,0.0,hospital_corridor,28,12,"[11, 29, 47, 53, 61, 73, 89, 97, 101, 109]","[2.887026022277681, 3.0004902773822986, 0.9391030446731223, 0.5, 1.0]","{""time"": 1.0, ""collisions"": 0.05, ""congestion"": 1.0, ""fairness"": 0.0, ""incomplete_base"": 1000.0, ""incomplete_agent"": 10.0}","[45.63684210526316, 34.69206349206349, 33.55175718849841, 41.3705047318612, 29.30380228136882, 36.95623100303951, 41.034895833333344, 42.260742705570294, 41.96073619631902, 43.103887399463815]","[34.2, 31.5, 31.3, 31.700000000000003, 26.3, 32.9, 38.400000000000006, 37.7, 32.6, 37.300000000000004]"
ga,8,6,37.985384947608324,33.43,56.5,1.730384947608325,5.0,12.943571428571428,22.424166666666668,9.480595238095239,True,0.0,hospital_corridor,28,12,"[11, 29, 47, 53, 61, 73, 89, 97, 101, 109]","[2.916628535286418, 3.3450697020463656, 0.9187724993117026, 0.5, 1.0]","{""time"": 1.0, ""collisions"": 0.05, ""congestion"": 1.0, ""fairness"": 0.0, ""incomplete_base"": 1000.0, ""incomplete_agent"": 10.0}","[46.42820512820513, 34.826012461059186, 34.07539682539683, 41.214536741214054, 28.73065134099617, 35.49444444444444, 40.93720626631854, 40.594179894179895, 40.0, 37.553216374269006]","[39.0, 32.1, 31.5, 31.3, 26.1, 31.5, 38.300000000000004, 37.800000000000004, 32.5, 34.2]"
ga,8,7,42.71286585656391,34.400000000000006,131.2,1.7528658565638984,5.3,13.348571428571432,22.773333333333333,9.424761904761905,True,0.0,hospital_corridor,28,12,"[11, 29, 47, 53, 61, 73, 89, 97, 101, 109]","[2.906576691453136, 2.9388039206949714, 0.9286248700690862, 0.5, 1.0]","{""time"": 1.0, ""collisions"": 0.05, ""congestion"": 1.0, ""fairness"": 0.0, ""incomplete_base"": 1000.0, ""incomplete_agent"": 10.0}","[70.17816901408452, 34.251923076923084, 36.58025889967638, 54.96125654450262, 29.940298507462686, 34.364686468646866, 43.01918158567775, 42.56740331491713, 40.409316770186344, 40.85616438356164]","[42.6, 31.200000000000003, 30.900000000000002, 38.2, 26.8, 30.3, 39.1, 36.2, 32.2, 36.5]"
ga,8,8,42.69375107523504,37.650000000000006,69.3,1.5787510752350338,5.1,13.922857142857143,24.689166666666665,10.766309523809525,True,0.0,hospital_corridor,28,12,"[11, 29, 47, 53, 61, 73, 89, 97, 101, 109]","[2.5395423933957537, 2.9866682014505934, 0.9540094483516425, 0.5, 1.0]","{""time"": 1.0, ""collisions"": 0.05, ""congestion"": 1.0, ""fairness"": 0.0, ""incomplete_base"": 1000.0, ""incomplete_agent"": 10.0}","[57.27690531177829, 36.09818731117825, 37.63896848137536, 53.09703872437358, 31.99655172413793, 39.26159420289855, 44.35047169811321, 47.73092550790068, 39.68469387755103, 39.80217391304348]","[43.300000000000004, 33.1, 34.9, 43.900000000000006, 29.0, 34.5, 42.400000000000006, 44.300000000000004, 34.300000000000004, 36.800000000000004]"
ga,8,9,38.66955544722244,34.239999999999995,54.2,1.7195554472224461,5.5,12.961785714285714,22.7425,9.780714285714286,True,0.0,hospital_corridor,28,12,"[11, 29, 47, 53, 61, 73, 89, 97, 101, 109]","[2.9555709098599254, 3.4932773905073353, 0.9413510146854338, 0.5, 1.0]","{""time"": 1.0, ""collisions"": 0.05, ""congestion"": 1.0, ""fairness"": 0.0, ""incomplete_base"": 1000.0, ""incomplete_agent"": 10.0}","[52.71334164588529, 35.1074074074074, 33.87088607594937, 34.51156462585034, 29.245283018867923, 39.853932584269664, 39.1485254691689, 41.96952141057935, 41.93790560471976, 38.33718662952646]","[40.1, 32.4, 31.6, 29.400000000000002, 26.5, 35.6, 37.300000000000004, 39.7, 33.9, 35.9]"
ga,8,10,39.56529263169123,33.309999999999995,90.7,1.7202926316912328,5.2,13.126785714285713,22.24,9.113214285714285,True,0.0,hospital_corridor,28,12,"[11, 29, 47, 53, 61, 73, 89, 97, 101, 109]","[2.864721410522834, 3.027275329059933, 0.9238094529326751, 0.5, 1.0]","{""time"": 1.0, ""collisions"": 0.05, ""congestion"": 1.0, ""fairness"": 0.0, ""incomplete_base"": 1000.0, ""incomplete_agent"": 10.0}","[54.86174142480211, 34.95189873417722, 35.07926045016077, 38.413907284768214, 29.307604562737644, 34.115100671140944, 42.03070866141733, 42.93245382585752, 40.08009404388715, 43.88015665796345]","[37.9, 31.6, 31.1, 30.200000000000003, 26.3, 29.8, 38.1, 37.9, 31.900000000000002, 38.300000000000004]"
ga,8,11,39.534564310899846,33.5,85.8,1.7445643108998479,5.3,13.434285714285716,22.30916666666667,8.874880952380954,True,0.0,hospital_corridor,28,12,"[11, 29, 47, 53, 61, 73, 89, 97, 101, 109]","[2.8568926573497135, 3.111449687725471, 0.9225531053789081, 0.5, 1.0]","{""time"": 1.0, ""collisions"": 0.05, ""congestion"": 1.0, ""fairness"": 0.0, ""incomplete_base"": 1000.0, ""incomplete_agent"": 10.0}","[54.9404255319149, 34.385714285714286, 37.101735015772874, 35.28333333333334, 31.73380281690141, 33.62542372881356, 41.146042216358836, 40.3815649867374, 44.56090651558074, 42.18669467787115]","[37.6, 31.5, 31.700000000000003, 29.700000000000003, 28.400000000000002, 29.5, 37.9, 37.7, 35.300000000000004, 35.7]"
ga,8,12,43.06939817698058,36.31,101.1,1.7043981769805776,5.2,13.6,24.055000000000003,10.455000000000002,True,0.0,hospital_corridor,28,12,"[11, 29, 47, 53, 61, 73, 89, 97, 101, 109]","[2.91312198359639, 2.9780716918424597, 0.9640079115120903, 0.5, 1.0]","{""time"": 1.0, ""collisions"": 0.05, ""congestion"": 1.0, ""fairness"": 0.0, ""incomplete_base"": 1000.0, ""incomplete_agent"": 10.0}","[60.14638554216868, 35.56419753086419, 35.056250000000006, 50.99402985074627, 29.20380228136882, 45.94120734908137, 42.62176165803109, 45.69828850855746, 44.74891304347826, 40.71914600550964]","[41.5, 32.4, 32.0, 40.2, 26.3, 38.1, 38.6, 40.900000000000006, 36.800000000000004, 36.300000000000004]"
ga,8,13,1192.8381633616227,38.67,3026.5,1.8431633616226986,5.9,12.202142857142857,21.56795454545455,9.36581168831169,False,0.1,hospital_corridor,28,12,"[11, 29, 47, 53, 61, 73, 89, 97, 101, 109]","[2.901510009467864, 2.99532890881704, 0.5, 0.5, 1.0]","{""time"": 1.0, ""collisions"": 0.05, ""congestion"": 1.0, ""fairness"": 0.0, ""incomplete_base"": 1000.0, ""incomplete_agent"": 10.0}","[1284.201, 200.48159609120523, 157.23813559322033, 199.83170731707318, 179.35689655172413, 153.31953405017921, 195.25240641711233, 199.19550561797752, 185.2414191419142, 174.26343283582088]","[100.0, 30.700000000000003, 29.5, 32.800000000000004, 29.0, 27.900000000000002, 37.4, 35.6, 30.3, 33.5]"
ga,8,14,1139.8154529411765,93.4,76.0,0.6154529411764705,4.5,13.866815207015208,25.747651515151517,11.880836308136308,False,4.2,hospital_corridor,28,12,"[11, 29, 47, 53, 61, 73, 89, 97, 101, 109]","[2.9420630123550366, 2.9648835966522897, 1.108771286506819, 0.5, 1.0]","{""time"": 1.0, ""collisions"": 0.05, ""congestion"": 1.0, ""fairness"": 0.0, ""incomplete_base"": 1000.0, ""incomplete_agent"": 10.0}","[1155.289, 1211.144, 1143.699, 1166.94, 1161.05, 1143.794, 1121.253, 1112.602, 40.673529411764704, 1141.71]","[100.0, 100.0, 100.0, 100.0, 100.0, 100.0, 100.0, 100.0, 34.0, 100.0]"
ga,8,15,1052.2237893045055,39.959999999999994,71.6,1.6837893045055403,5.3,12.978871428571429,22.051666666666666,9.072795238095237,False,0.7,hospital_corridor,28,12,"[11, 29, 47, 53, 61, 73, 89, 97, 101, 109]","[2.9496871019667616, 3.4106891604585226, 0.9279937758369696, 0.5, 1.0]","{""time"": 1.0, ""collisions"": 0.05, ""congestion"": 1.0, ""fairness"": 0.0, ""incomplete_base"": 1000.0, ""incomplete_agent"": 10.0}","[1187.301, 34.93125, 33.923202614379086, 36.945016611295685, 32.11505190311419, 35.97692307692307, 42.31507537688443, 42.41, 39.33364779874214, 36.98672566371681]","[100.0, 32.0, 30.6, 30.1, 28.900000000000002, 32.5, 39.800000000000004, 40.0, 31.8, 33.9]"
ga,8,16,1052.4402737912142,41.19,51.7,1.665273791214176,5.0,13.049807692307692,22.838452380952383,9.788644688644688,False,0.7,hospital_corridor,28,12,"[11, 29, 47, 53, 61, 73, 89, 97, 101, 109]","[2.8929960259648113, 3.5381941342473624, 0.9404845286900356, 0.5, 1.0]","{""time"": 1.0, ""collisions"": 0.05, ""congestion"": 1.0, ""fairness"": 0.0, ""incomplete_base"": 1000.0, ""incomplete_agent"": 10.0}","[48.88, 35.27079510703364, 35.144720496894415, 1178.082, 28.942366412213744, 34.71688311688312, 41.626562500000006, 42.90615763546798, 42.67127659574468, 36.16197604790419]","[40.0, 32.7, 32.2, 100.0, 26.200000000000003, 30.8, 38.400000000000006, 40.6, 37.6, 33.4]"
ga,8,17,1133.2952,95.2,49.9,0.6002,4.8,13.830279581529581,25.096575757575756,11.266296176046176,False,3.5,hospital_corridor,28,12,"[11, 29, 47, 53, 61, 73, 89, 97, 101, 109]","[2.8871058878405567, 3.2457876217085007, 1.0341983033869924, 0.5, 1.0]","{""time"": 1.0, ""collisions"": 0.05, ""congestion"": 1.0, ""fairness"": 0.0, ""incomplete_base"": 1000.0, ""incomplete_agent"": 10.0}","[1129.271, 1181.23, 1122.145, 1162.429, 1161.149, 1115.355, 1120.912, 54.925000000000004, 1124.301, 1161.235]","[100.0, 100.0, 100.0, 100.0, 100.0, 100.0, 100.0, 52.0, 100.0, 100.0]"
ga,8,18,38.98714629367811,33.39,77.8,1.7071462936781039,5.3,13.219285714285714,22.238333333333337,9.019047619047617,True,0.0,hospital_corridor,28,12,"[11, 29, 47, 53, 61, 73, 89, 97, 101, 109]","[2.887026022277681, 3.0004902773822986, 0.9391030446731223, 0.5, 1.0]","{""time"": 1.0, ""collisions"": 0.05, ""congestion"": 1.0, ""fairness"": 0.0, ""incomplete_base"": 1000.0, ""incomplete_agent"": 10.0}","[45.63684210526316, 34.69206349206349, 33.55175718849841, 41.3705047318612, 29.30380228136882, 36.95623100303951, 41.034895833333344, 42.260742705570294, 41.96073619631902, 43.103887399463815]","[34.2, 31.5, 31.3, 31.700000000000003, 26.3, 32.9, 38.400000000000006, 37.7, 32.6, 37.300000000000004]"
ga,8,19,38.98714629367811,33.39,77.8,1.7071462936781039,5.3,13.219285714285714,22.238333333333337,9.019047619047617,True,0.0,hospital_corridor,28,12,"[11, 29, 47, 53, 61, 73, 89, 97, 101, 109]","[2.887026022277681, 3.0004902773822986, 0.9391030446731223, 0.5, 1.0]","{""time"": 1.0, ""collisions"": 0.05, ""congestion"": 1.0, ""fairness"": 0.0, ""incomplete_base"": 1000.0, ""incomplete_agent"": 10.0}","[45.63684210526316, 34.69206349206349, 33.55175718849841, 41.3705047318612, 29.30380228136882, 36.95623100303951, 41.034895833333344, 42.260742705570294, 41.96073619631902, 43.103887399463815]","[34.2, 31.5, 31.3, 31.700000000000003, 26.3, 32.9, 38.400000000000006, 37.7, 32.6, 37.300000000000004]"
ga,8,20,42.02237648441131,35.28,102.1,1.6373764844113041,5.4,13.25,23.134166666666665,9.884166666666665,True,0.0,hospital_corridor,28,12,"[11, 29, 47, 53, 61, 73, 89, 97, 101, 109]","[2.879962092545969, 3.0357691424794186, 0.9372056794926324, 0.5, 1.0]","{""time"": 1.0, ""collisions"": 0.05, ""congestion"": 1.0, ""fairness"": 0.0, ""incomplete_base"": 1000.0, ""incomplete_agent"": 10.0}","[64.96338028169015, 35.228025477707014, 35.56019108280255, 42.470000000000006, 33.88506493506494, 35.4555900621118, 41.90490956072352, 53.62528473804101, 38.33204334365326, 38.799275362318845]","[42.6, 31.400000000000002, 31.400000000000002, 35.0, 30.8, 32.2, 38.7, 43.900000000000006, 32.300000000000004, 34.5]"
ga,8,21,39.40515244551356,33.82000000000001,78.9,1.6401524455135508,5.3,12.967142857142857,22.35833333333333,9.391190476190477,True,0.0,hospital_corridor,28,12,"[11, 29, 47, 53, 61, 73, 89, 97, 101, 109]","[2.8737789904543662, 3.104748182811359, 0.9147705898720424, 0.5, 1.0]","{""time"": 1.0, ""collisions"": 0.05, ""congestion"": 1.0, ""fairness"": 0.0, ""incomplete_base"": 1000.0, ""incomplete_agent"": 10.0}","[53.889118457300285, 34.9333855799373, 33.94012738853504, 36.86864406779661, 33.305782312925174, 34.5328025477707, 41.73246753246753, 46.5995283018868, 39.58944099378883, 38.660227272727276]","[36.300000000000004, 31.900000000000002, 31.400000000000002, 29.5, 29.400000000000002, 31.400000000000002, 38.5, 42.400000000000006, 32.2, 35.2]"
ga,8,22,42.41384623902416,34.37,126.5,1.7188462390241568,5.3,13.140714285714285,23.017500000000005,9.876785714285717,True,0.0,hospital_corridor,28,12,"[11, 29, 47, 53, 61, 73, 89, 97, 101, 109]","[3.1172911664389593, 3.055647545241039, 0.9505507617910064, 0.5, 1.0]","{""time"": 1.0, ""collisions"": 0.05, ""congestion"": 1.0, ""fairness"": 0.0, ""incomplete_base"": 1000.0, ""incomplete_agent"": 10.0}","[58.41538461538462, 34.015594855305466, 36.84498381877023, 42.47465753424658, 38.48307692307692, 37.565772870662464, 43.70274151436032, 50.00116279069768, 39.97145110410095, 42.66363636363637]","[39.0, 31.1, 30.900000000000002, 29.200000000000003, 32.5, 31.700000000000003, 38.300000000000004, 43.0, 31.700000000000003, 36.300000000000004]"
ga,8,23,174.541404879274,31.369999999999997,2824.6,1.9414048792740044,6.2,11.77107142857143,20.645833333333332,8.874761904761906,True,0.0,hospital_corridor,28,12,"[11, 29, 47, 53, 61, 73, 89, 97, 101, 109]","[3.1346398132839552, 3.8401216957730937, 0.658301769055923, 0.5, 1.0]","{""time"": 1.0, ""collisions"": 0.05, ""congestion"": 1.0, ""fairness"": 0.0, ""incomplete_base"": 1000.0, ""incomplete_agent"": 10.0}","[183.0436936936937, 175.16917808219176, 154.6986301369863, 185.77476340694008, 172.10574912891988, 130.97589928057556, 185.2849582172702, 233.74265536723166, 168.80855263157898, 155.80996884735202]","[33.300000000000004, 29.200000000000003, 29.200000000000003, 31.700000000000003, 28.700000000000003, 27.8, 35.9, 35.4, 30.400000000000002, 32.1]"
ga,9,0,37.985384947608324,33.43,56.5,1.730384947608325,5.0,12.943571428571428,22.424166666666668,9.480595238095239,True,0.0,hospital_corridor,28,12,"[11, 29, 47, 53, 61, 73, 89, 97, 101, 109]","[2.916628535286418, 3.3450697020463656, 0.9187724993117026, 0.5, 1.0]","{""time"": 1.0, ""collisions"": 0.05, ""congestion"": 1.0, ""fairness"": 0.0, ""incomplete_base"": 1000.0, ""incomplete_agent"": 10.0}","[46.42820512820513, 34.826012461059186, 34.07539682539683, 41.214536741214054, 28.73065134099617, 35.49444444444444, 40.93720626631854, 40.594179894179895, 40.0, 37.553216374269006]","[39.0, 32.1, 31.5, 31.3, 26.1, 31.5, 38.300000000000004, 37.800000000000004, 32.5, 34.2]"
ga,9,1,38.66955544722244,34.239999999999995,54.2,1.7195554472224461,5.5,12.961785714285714,22.7425,9.780714285714286,True,0.0,hospital_corridor,28,12,"[11, 29, 47, 53, 61, 73, 89, 97, 101, 109]","[2.9555709098599254, 3.4932773905073353, 0.9413510146854338, 0.5, 1.0]","{""time"": 1.0, ""collisions"": 0.05, ""congestion"": 1.0, ""fairness"": 0.0, ""incomplete_base"": 1000.0, ""incomplete_agent"": 10.0}","[52.71334164588529, 35.1074074074074, 33.87088607594937, 34.51156462585034, 29.245283018867923, 39.853932584269664, 39.1485254691689, 41.96952141057935, 41.93790560471976, 38.33718662952646]","[40.1, 32.4, 31.6, 29.400000000000002, 26.5, 35.6, 37.300000000000004, 39.7, 33.9, 35.9]"
ga,9,2,1050.435311407686,43.900000000000006,40.6,1.505311407685888,5.1,14.111785714285716,24.992651515151515,10.8808658008658,False,0.3,hospital_corridor,28,12,"[11, 29, 47, 53, 61, 73, 89, 97, 101, 109]","[2.4133476896091315, 3.229393949822363, 0.9296377587383471, 0.5, 1.0]","{""time"": 1.0, ""collisions"": 0.05, ""congestion"": 1.0, ""fairness"": 0.0, ""incomplete_base"": 1000.0, ""incomplete_agent"": 10.0}","[44.382884097035046, 37.007038123167156, 39.583933518005544, 34.67179487179487, 40.85051679586564, 37.05714285714286, 43.27033898305085, 56.31937984496125, 39.7400849858357, 1131.47]","[37.1, 34.1, 36.1, 31.200000000000003, 38.7, 33.6, 41.300000000000004, 51.6, 35.300000000000004, 100.0]"
ga,9,3,41.00260302644516,35.910000000000004,69.4,1.6226030264451587,5.1,13.7075,23.833333333333336,10.125833333333334,True,0.0,hospital_corridor,28,12,"[11, 29, 47, 53, 61, 73, 89, 97, 101, 109]","[2.485187565193924, 2.867789601564615, 0.9264838458191291, 0.5, 1.0]","{""time"": 1.0, ""collisions"": 0.05, ""congestion"": 1.0, ""fairness"": 0.0, ""incomplete_base"": 1000.0, ""incomplete_agent"": 10.0}","[54.728054862842896, 35.382716049382715, 38.6429178470255, 39.022948328267475, 30.40611510791367, 40.63860398860399, 44.30289855072465, 44.02227722772278, 40.336390532544385, 42.543107769423564]","[40.1, 32.4, 35.300000000000004, 32.9, 27.8, 35.1, 41.400000000000006, 40.400000000000006, 33.800000000000004, 39.900000000000006]"
ga,9,4,40.3446880608745,34.83,74.6,1.7846880608745064,5.4,13.531428571428572,23.029999999999998,9.498571428571429,True,0.0,hospital_corridor,28,12,"[11, 29, 47, 53, 61, 73, 89, 97, 101, 109]","[2.9555709098599254, 3.302163124127776, 0.9413510146854338, 0.5, 1.0]","{""time"": 1.0, ""collisions"": 0.05, ""congestion"": 1.0, ""fairness"": 0.0, ""incomplete_base"": 1000.0, ""incomplete_agent"": 10.0}","[47.55108401084011, 34.14556962025316, 34.96217948717949, 37.61601307189542, 29.668796992481205, 38.87910447761194, 40.20483870967742, 42.740076335877866, 55.112641083521446, 42.56657681940701]","[36.9, 31.6, 31.200000000000003, 30.6, 26.6, 33.5, 37.2, 39.300000000000004, 44.300000000000004, 37.1]"
ga,9,5,1060.3706952127966,52.04,22.4,1.2106952127965322,4.6,16.02194805194805,29.19333333333334,13.171385281385284,False,0.6,hospital_corridor,28,12,"[11, 29, 47, 53, 61, 73, 89, 97, 101, 109]","[1.963453990173651, 3.493277390507335, 0.9413510146854338, 0.5, 1.0]","{""time"": 1.0, ""collisions"": 0.05, ""congestion"": 1.0, ""fairness"": 0.0, ""incomplete_base"": 1000.0, ""incomplete_agent"": 10.0}","[52.08085106382979, 1161.195, 50.411855670103094, 53.75924453280319, 45.68325791855204, 37.901408450704224, 56.33260473588343, 48.526759061833694, 43.65243902439024, 54.16353166986565]","[47.0, 100.0, 48.5, 50.300000000000004, 44.2, 35.5, 54.900000000000006, 46.900000000000006, 41.0, 52.1]"
ga,9,6,40.65079462594195,37.019999999999996,41.5,1.5557946259419506,4.8,14.105357142857144,24.482500000000005,10.377142857142857,True,0.0,hospital_corridor,28,12,"[11, 29, 47, 53, 61, 73, 89, 97, 101, 109]","[2.5684667443098266, 3.358119688171625, 0.9361662244847879, 0.5, 1.0]","{""time"": 1.0, ""collisions"": 0.05, ""congestion"": 1.0, ""fairness"": 0.0, ""incomplete_base"": 1000.0, ""incomplete_agent"": 10.0}","[55.591493775933614, 38.07941176470588, 36.96666666666667, 40.25915492957746, 32.801298701298705, 36.93746223564955, 44.392037470725995, 46.36628701594533, 36.66051051051052, 38.45362318840579]","[48.2, 34.0, 34.2, 35.5, 30.8, 33.1, 42.7, 43.900000000000006, 33.300000000000004, 34.5]"
ga,9,7,39.019766630004725,34.410000000000004,56.5,1.7847666300047174,5.4,13.227857142857141,22.929166666666667,9.701309523809524,True,0.0,hospital_corridor,28,12,"[11, 29, 47, 53, 61, 73, 89, 97, 101, 109]","[2.9668655912062176, 3.3898735601652152, 0.9363500010264313, 0.5, 1.0]","{""time"": 1.0, ""collisions"": 0.05, ""congestion"": 1.0, ""fairness"": 0.0, ""incomplete_base"": 1000.0, ""incomplete_agent"": 10.0}","[53.18009478672986, 34.271924290220824, 34.85942492012779, 37.03709677419355, 29.238593155893536, 35.83384615384616, 43.187684729064046, 44.38811881188119, 40.01646341463415, 38.18441926345609]","[42.2, 31.700000000000003, 31.3, 31.0, 26.3, 32.5, 40.6, 40.400000000000006, 32.800000000000004, 35.300000000000004]"
ga,9,8,38.089320164885194,34.05,45.4,1.7693201648851917,5.1,13.374285714285715,22.7775,9.403214285714284,True,0.0,hospital_corridor,28,12,"[11, 29, 47, 53, 61, 73, 89, 97, 101, 109]","[2.9338804031427532, 3.454680318839967, 0.9405082308560956, 0.5, 1.0]","{""time"": 1.0, ""collisions"": 0.05, ""congestion"": 1.0, ""fairness"": 0.0, ""incomplete_base"": 1000.0, ""incomplete_agent"": 10.0}","[39.687774294670845, 34.81666666666666, 35.89683544303797, 42.92780748663102, 28.973584905660378, 42.55737913486005, 39.14644808743169, 42.359640102827775, 36.446296296296296, 38.080769230769235]","[31.900000000000002, 32.1, 31.6, 37.4, 26.5, 39.300000000000004, 36.6, 38.900000000000006, 32.4, 33.800000000000004]"
ga,9,9,39.39284094146625,33.449999999999996,84.2,1.7328409414662496,5.4,13.16142857142857,22.395,9.233571428571429,True,0.0,hospital_corridor,28,12,"[11, 29, 47, 53, 61, 73, 89, 97, 101, 109]","[2.9087165289948533, 3.039087349049667, 0.9399458285024607, 0.5, 1.0]","{""time"": 1.0, ""collisions"": 0.05, ""congestion"": 1.0, ""fairness"": 0.0, ""incomplete_base"": 1000.0, ""incomplete_agent"": 10.0}","[57.05974025974026, 34.493037974683546, 35.521875, 37.784982935153586, 28.91130268199234, 35.757936507936506, 40.582808398950135, 46.5872037914692, 38.73544891640867, 38.49407294832827]","[38.5, 31.6, 32.0, 29.3, 26.1, 31.5, 38.1, 42.2, 32.300000000000004, 32.9]"
ga,9,10,40.18949149389367,32.64,115.1,1.7944914938936662,5.5,12.241785714285715,21.872500000000002,9.630714285714287,True,0.0,hospital_corridor,28,12,"[11, 29, 47, 53, 61, 73, 89, 97, 101, 109]","[3.0600546511826487, 3.429802916720534, 0.8395922658146348, 0.5, 1.0]","{""time"": 1.0, ""collisions"": 0.05, ""congestion"": 1.0, ""fairness"": 0.0, ""incomplete_base"": 1000.0, ""incomplete_agent"": 10.0}","[67.06363636363636, 35.72834394904459, 32.72696245733788, 43.061688311688314, 30.557392996108952, 36.683498349834984, 39.3364161849711, 42.82631578947368, 37.963192182410424, 35.94746835443038]","[44.0, 31.400000000000002, 29.3, 30.8, 25.700000000000003, 30.3, 34.6, 38.0, 30.700000000000003, 31.6]"
ga,9,11,68.070613404684,33.23,663.9,1.645613404683998,5.3,11.856428571428571,22.120000000000005,10.263571428571428,True,0.0,hospital_corridor,28,12,"[11, 29, 47, 53, 61, 73, 89, 97, 101, 109]","[2.5477056194776573, 3.755388481098925, 0.7374820025529907, 0.5, 1.0]","{""time"": 1.0, ""collisions"": 0.05, ""congestion"": 1.0, ""fairness"": 0.0, ""incomplete_base"": 1000.0, ""incomplete_agent"": 10.0}","[120.20945945945947, 57.65328947368422, 53.50741839762611, 91.8899022801303, 55.501633986928105, 53.28027210884355, 67.14520547945204, 63.92265861027191, 60.56880733944954, 57.02748691099477]","[37.0, 30.400000000000002, 33.7, 30.700000000000003, 30.6, 29.400000000000002, 36.5, 33.1, 32.7, 38.2]"
ga,9,12,38.31804530388272,33.029999999999994,69.5,1.813045303882722,5.5,13.046428571428573,22.434166666666666,9.387738095238095,True,0.0,hospital_corridor,28,12,"[11, 29, 47, 53, 61, 73, 89, 97, 101, 109]","[2.953403427340912, 3.233099648697673, 0.9408373935024452, 0.5, 1.0]","{""time"": 1.0, ""collisions"": 0.05, ""congestion"": 1.0, ""fairness"": 0.0, ""incomplete_base"": 1000.0, ""incomplete_agent"": 10.0}","[50.2054347826087, 34.0687898089172, 35.474433656957935, 37.9742671009772, 29.607547169811323, 37.257738095238096, 41.437002652519894, 40.15656836461127, 39.496875, 37.50179640718563]","[36.800000000000004, 31.400000000000002, 30.900000000000002, 30.700000000000003, 26.5, 33.6, 37.7, 37.300000000000004, 32.0, 33.4]"
ga,9,13,41.31765977800719,36.0,74.5,1.59265977800719,4.9,13.330714285714285,23.558333333333337,10.227619047619049,True,0.0,hospital_corridor,28,12,"[11, 29, 47, 53, 61, 73, 89, 97, 101, 109]","[2.8891935047966943, 3.260668019191961, 0.939616665856111, 0.5, 1.0]","{""time"": 1.0, ""collisions"": 0.05, ""congestion"": 1.0, ""fairness"": 0.0, ""incomplete_base"": 1000.0, ""incomplete_agent"": 10.0}","[58.3036866359447, 34.36876971608833, 33.60828025477707, 51.72315035799524, 34.820926517571884, 35.18091482649843, 40.376315789473686, 40.205978260869564, 47.26954887218045, 37.31902654867257]","[43.400000000000006, 31.700000000000003, 31.400000000000002, 41.900000000000006, 31.3, 31.700000000000003, 38.0, 36.800000000000004, 39.900000000000006, 33.9]"
ga,9,14,39.7488487087903,33.300000000000004,93.1,1.7938487087902923,5.3,13.042857142857144,22.45583333333333,9.41297619047619,True,0.0,hospital_corridor,28,12,"[11, 29, 47, 53, 61, 73, 89, 97, 101, 109]","[2.9434373319478535, 3.0155736448454, 0.9393935879876586, 0.5, 1.0]","{""time"": 1.0, ""collisions"": 0.05, ""congestion"": 1.0, ""fairness"": 0.0, ""incomplete_base"": 1000.0, ""incomplete_agent"": 10.0}","[53.8981981981982, 34.19009584664537, 35.94171974522293, 45.943548387096776, 29.519157088122604, 35.14871794871795, 41.59790575916231, 42.927235772357726, 38.61355140186916, 39.708356940509915]","[33.300000000000004, 31.3, 31.400000000000002, 37.2, 26.1, 31.200000000000003, 38.2, 36.9, 32.1, 35.300000000000004]"
ga,9,15,38.28246636377897,33.9,51.9,1.7874663637789774,5.1,13.070357142857144,22.740833333333335,9.67047619047619,True,0.0,hospital_corridor,28,12,"[11, 29, 47, 53, 61, 73, 89, 97, 101, 109]","[3.089399022196017, 3.577036242213015, 0.9410604713708975, 0.5, 1.0]","{""time"": 1.0, ""collisions"": 0.05, ""congestion"": 1.0, ""fairness"": 0.0, ""incomplete_base"": 1000.0, ""incomplete_agent"": 10.0}","[44.262328767123286, 40.240957446808515, 34.47364217252396, 38.229738562091505, 29.626923076923077, 33.15, 39.42975871313673, 39.668563685636855, 39.701393188854496, 44.04135802469136]","[36.5, 37.6, 31.3, 30.6, 26.0, 30.0, 37.300000000000004, 36.9, 32.300000000000004, 40.5]"
ga,9,16,41.37134975273688,35.33,86.8,1.7013497527368788,5.2,13.162857142857144,23.11,9.947142857142856,True,0.0,hospital_corridor,28,12,"[11, 29, 47, 53, 61, 73, 89, 97, 101, 109]","[2.9089230958108523, 3.1515167624464446, 0.9407063438053795, 0.5, 1.0]","{""time"": 1.0, ""collisions"": 0.05, ""congestion"": 1.0, ""fairness"": 0.0, ""incomplete_base"": 1000.0, ""incomplete_agent"": 10.0}","[71.12330508474577, 34.5156050955414, 44.21329113924051, 38.18422818791946, 35.31159874608151, 35.48174603174603, 40.647157622739016, 41.007894736842104, 37.37111801242236, 35.857552870090636]","[47.2, 31.400000000000002, 39.5, 29.8, 31.900000000000002, 31.5, 38.7, 38.0, 32.2, 33.1]"
ga,9,17,44.9690375434368,41.260000000000005,42.5,1.584037543436796,4.7,14.832857142857145,26.265833333333337,11.43297619047619,True,0.0,hospital_corridor,28,12,"[11, 29, 47, 53, 61, 73, 89, 97, 101, 109]","[2.37185240231865, 3.3422509054431897, 0.9234879439502878, 0.5, 1.0]","{""time"": 1.0, ""collisions"": 0.05, ""congestion"": 1.0, ""fairness"": 0.0, ""incomplete_base"": 1000.0, ""incomplete_agent"": 10.0}","[56.39779270633397, 36.40135951661632, 41.23053221288516, 67.88955954323002, 31.662886597938147, 37.41275659824047, 47.12582781456955, 47.75087719298246, 40.267563739376776, 43.55121951219512]","[52.1, 33.1, 35.7, 61.300000000000004, 29.1, 34.1, 45.300000000000004, 45.6, 35.300000000000004, 41.0]"
ga,9,18,46.40399009951928,33.03,234.3,1.6589900995192721,5.1,12.938928571428573,22.41416666666667,9.475238095238097,True,0.0,hospital_corridor,28,12,"[11, 29, 47, 53, 61, 73, 89, 97, 101, 109]","[2.8960301353483873, 2.423455684544754, 0.9286777318149873, 0.5, 1.0]","{""time"": 1.0, ""collisions"": 0.05, ""congestion"": 1.0, ""fairness"": 0.0, ""incomplete_base"": 1000.0, ""incomplete_agent"": 10.0}","[78.26870324189527, 35.05814696485623, 44.22922077922078, 58.19538461538462, 30.04227799227799, 41.969112627986355, 46.94556962025317, 41.99660056657225, 44.502531645569626, 42.832352941176474]","[40.1, 31.3, 30.8, 32.5, 25.900000000000002, 29.3, 39.5, 35.300000000000004, 31.6, 34.0]"
ga,9,19,39.91843107258188,34.61,73.0,1.6584310725818832,5.3,13.242142857142857,22.5225,9.280357142857145,True,0.0,hospital_corridor,28,12,"[11, 29, 47, 53, 61, 73, 89, 97, 101, 109]","[2.907624422215712, 3.262441901411503, 0.9291978121698377, 0.5, 1.0]","{""time"": 1.0, ""collisions"": 0.05, ""congestion"": 1.0, ""fairness"": 0.0, ""incomplete_base"": 1000.0, ""incomplete_agent"": 10.0}","[65.23091684434968, 34.2240506329114, 36.54871794871795, 42.29943181818182, 28.60381679389313, 34.188187702265374, 42.01262626262626, 39.8494623655914, 38.15432098765432, 38.07277936962751]","[46.900000000000006, 31.6, 31.200000000000003, 35.2, 26.200000000000003, 30.900000000000002, 39.6, 37.2, 32.4, 34.9]"
ga,9,20,38.98714629367811,33.39,77.8,1.7071462936781039,5.3,13.219285714285714,22.238333333333337,9.019047619047617,True,0.0,hospital_corridor,28,12,"[11, 29, 47, 53, 61, 73, 89, 97, 101, 109]","[2.887026022277681, 3.0004902773822986, 0.9391030446731223, 0.5, 1.0]","{""time"": 1.0, ""collisions"": 0.05, ""congestion"": 1.0, ""fairness"": 0.0, ""incomplete_base"": 1000.0, ""incomplete_agent"": 10.0}","[45.63684210526316, 34.69206349206349, 33.55175718849841, 41.3705047318612, 29.30380228136882, 36.95623100303951, 41.034895833333344, 42.260742705570294, 41.96073619631902, 43.103887399463815]","[34.2, 31.5, 31.3, 31.700000000000003, 26.3, 32.9, 38.400000000000006, 37.7, 32.6, 37.300000000000004]"
ga,9,21,38.77808236982329,36.3,15.2,1.7180823698232903,5.0,13.510357142857142,24.2575,10.747142857142858,True,0.0,hospital_corridor,28,12,"[11, 29, 47, 53, 61, 73, 89, 97, 101, 109]","[2.916628535286418, 4.900184455681455, 0.9187724993117026, 0.5, 1.0]","{""time"": 1.0, ""collisions"": 0.05, ""congestion"": 1.0, ""fairness"": 0.0, ""incomplete_base"": 1000.0, ""incomplete_agent"": 10.0}","[40.91466666666667, 44.03809523809524, 35.06890243902439, 46.10533642691415, 29.27962962962963, 35.25996978851964, 42.718226600985226, 37.855555555555554, 41.44498680738786, 35.095454545454544]","[37.5, 42.0, 32.800000000000004, 43.1, 27.0, 33.1, 40.6, 36.0, 37.9, 33.0]"
ga,9,22,39.362453274361826,33.93000000000001,73.5,1.7574532743618214,5.6,13.287857142857144,22.71416666666667,9.426309523809525,True,0.0,hospital_corridor,28,12,"[11, 29, 47, 53, 61, 73, 89, 97, 101, 109]","[2.915009238340498, 3.12839902001091, 0.9418042666689926, 0.5, 1.0]","{""time"": 1.0, ""collisions"": 0.05, ""congestion"": 1.0, ""fairness"": 0.0, ""incomplete_base"": 1000.0, ""incomplete_agent"": 10.0}","[46.46722689075631, 35.03164556962025, 36.86645962732919, 39.59122257053292, 28.81923076923077, 34.71114649681529, 42.575578406169676, 44.250620347394545, 48.18874345549739, 37.122658610271905]","[35.7, 31.6, 32.2, 31.900000000000002, 26.0, 31.400000000000002, 38.900000000000006, 40.300000000000004, 38.2, 33.1]"
ga,9,23,39.212741916454384,32.75,93.3,1.7977419164543829,5.0,13.329285714285714,22.305000000000003,8.975714285714286,True,0.0,hospital_corridor,28,12,"[11, 29, 47, 53, 61, 73, 89, 97, 101, 109]","[2.91474128054231, 2.9880803615478424, 0.9409761441548002, 0.5, 1.0]","{""time"": 1.0, ""collisions"": 0.05, ""congestion"": 1.0, ""fairness"": 0.0, ""incomplete_base"": 1000.0, ""incomplete_agent"": 10.0}","[55.320448179271715, 35.19576802507837, 39.650000000000006, 40.60614886731392, 29.3, 35.15299684542587, 40.88903743315508, 40.72105263157895, 37.55838509316771, 37.733582089552236]","[35.7, 31.900000000000002, 32.0, 30.900000000000002, 26.1, 31.700000000000003, 37.4, 36.1, 32.2, 33.5]"
ga,10,0,37.985384947608324,33.43,56.5,1.730384947608325,5.0,12.943571428571428,22.424166666666668,9.480595238095239,True,0.0,hospital_corridor,28,12,"[11, 29, 47, 53, 61, 73, 89, 97, 101, 109]","[2.916628535286418, 3.3450697020463656, 0.9187724993117026, 0.5, 1.0]","{""time"": 1.0, ""collisions"": 0.05, ""congestion"": 1.0, ""fairness"": 0.0, ""incomplete_base"": 1000.0, ""incomplete_agent"": 10.0}","[46.42820512820513, 34.826012461059186, 34.07539682539683, 41.214536741214054, 28.73065134099617, 35.49444444444444, 40.93720626631854, 40.594179894179895, 40.0, 37.553216374269006]","[39.0, 32.1, 31.5, 31.3, 26.1, 31.5, 38.300000000000004, 37.800000000000004, 32.5, 34.2]"
ga,10,1,38.089320164885194,34.05,45.4,1.7693201648851917,5.1,13.374285714285715,22.7775,9.403214285714284,True,0.0,hospital_corridor,28,12,"[11, 29, 47, 53, 61, 73, 89, 97, 101, 109]","[2.9338804031427532, 3.454680318839967, 0.9405082308560956, 0.5, 1.0]","{""time"": 1.0, ""collisions"": 0.05, ""congestion"": 1.0, ""fairness"": 0.0, ""incomplete_base"": 1000.0, ""incomplete_agent"": 10.0}","[39.687774294670845, 34.81666666666666, 35.89683544303797, 42.92780748663102, 28.973584905660378, 42.55737913486005, 39.14644808743169, 42.359640102827775, 36.446296296296296, 38.080769230769235]","[31.900000000000002, 32.1, 31.6, 37.4, 26.5, 39.300000000000004, 36.6, 38.900000000000006, 32.4, 33.800000000000004]"
ga,10,2,43.053114842605694,40.38,21.1,1.6181148426056886,5.2,14.959999999999999,25.5425,10.5825,True,0.0,hospital_corridor,28,12,"[11, 29, 47, 53, 61, 73, 89, 97, 101, 109]","[2.356244020507693, 3.7144587247652594, 0.9405071006928083, 0.5, 1.0]","{""time"": 1.0, ""collisions"": 0.05, ""congestion"": 1.0, ""fairness"": 0.0, ""incomplete_base"": 1000.0, ""incomplete_agent"": 10.0}","[48.06896551724139, 45.30011600928074, 39.66577540106952, 38.90816023738873, 39.22091152815014, 39.044444444444444, 47.56105032822757, 46.617117117117125, 43.016666666666666, 43.12794117647059]","[46.400000000000006, 43.1, 37.4, 33.7, 37.300000000000004, 36.0, 45.7, 44.400000000000006, 39.0, 40.800000000000004]"
ga,10,3,1220.7704,100.0,27.7,0.3854,3.5,14.531968973132132,24.567901515151515,10.035932542019385,False,11.9,hospital_corridor,28,12,"[11, 29, 47, 53, 61, 73, 89, 97, 101, 109]","[2.929797977100562, 3.2067583391200087, 1.387850339966115, 0.5, 1.0]","{""time"": 1.0, ""collisions"": 0.05, ""congestion"": 1.0, ""fairness"": 0.0, ""incomplete_base"": 1000.0, ""incomplete_agent"": 10.0}","[1203.557, 1241.506, 1211.609, 1222.462, 1220.712, 1201.251, 1231.205, 1173.395, 1181.398, 1320.609]","[100.0, 100.0, 100.0, 100.0, 100.0, 100.0, 100.0, 100.0, 100.0, 100.0]"
ga,10,4,1063.7062510128976,47.209999999999994,52.5,1.8712510128975919,5.5,12.778150549450551,21.927916666666665,9.149766117216117,False,1.2,hospital_corridor,28,12,"[11, 29, 47, 53, 61, 73, 89, 97, 101, 109]","[2.9346274419706098, 3.4011961761571063, 0.9395921117943201, 0.5, 1.0]","{""time"": 1.0, ""collisions"": 0.05, ""congestion"": 1.0, ""fairness"": 0.0, ""incomplete_base"": 1000.0, ""incomplete_agent"": 10.0}","[1181.129, 34.74375, 33.76829652996846, 39.89200626959248, 31.853389830508476, 36.39821428571429, 1155.575, 48.42809110629067, 37.34567901234568, 37.92908309455587]","[100.0, 32.0, 31.700000000000003, 31.900000000000002, 29.5, 33.6, 100.0, 46.1, 32.4, 34.9]"
ga,10,5,1155.2154,100.0,34.2,0.5054000000000001,4.4,13.710874269530791,24.116318181818183,10.40544391228739,False,5.3,hospital_corridor,28,12,"[11, 29, 47, 53, 61, 73, 89, 97, 101, 109]","[2.966118552378361, 3.4433577028480764, 1.0756528804224785, 0.5, 1.0]","{""time"": 1.0, ""collisions"": 0.05, ""congestion"": 1.0, ""fairness"": 0.0, ""incomplete_base"": 1000.0, ""incomplete_agent"": 10.0}","[1146.722, 1161.273, 1152.031, 1182.805, 1190.664, 1131.372, 1161.34, 1122.093, 1122.024, 1181.83]","[100.0, 100.0, 100.0, 100.0, 100.0, 100.0, 100.0, 100.0, 100.0, 100.0]"
ga,10,6,1144.132835135135,93.7,36.7,0.5978351351351351,4.3,14.71519822954823,27.08704545454546,12.371847224997223,False,4.8,hospital_corridor,28,12,"[11, 29, 47, 53, 61, 73, 89, 97, 101, 109]","[2.932818254347401, 3.2564702587043075, 1.1358648651299101, 0.5, 1.0]","{""time"": 1.0, ""collisions"": 0.05, ""congestion"": 1.0, ""fairness"": 0.0, ""incomplete_base"": 1000.0, ""incomplete_agent"": 10.0}","[1147.166, 1201.114, 1141.8029999999999, 1163.017, 1170.884, 1142.544, 1121.356, 1151.416, 41.00135135135135, 1161.027]","[100.0, 100.0, 100.0, 100.0, 100.0, 100.0, 100.0, 100.0, 37.0, 100.0]"
ga,10,7,39.9817348456328,35.370000000000005,57.9,1.7167348456327893,5.2,13.306785714285715,23.193333333333335,9.886547619047619,True,0.0,hospital_corridor,28,12,"[11, 29, 47, 53, 61, 73, 89, 97, 101, 109]","[2.9372137082799297, 3.321699092039731, 0.9377983666972775, 0.5, 1.0]","{""time"": 1.0, ""collisions"": 0.05, ""congestion"": 1.0, ""fairness"": 0.0, ""incomplete_base"": 1000.0, ""incomplete_agent"": 10.0}","[58.11039387308534, 34.911490683229815, 34.97777777777778, 43.922826086956526, 29.326217228464422, 36.62225519287834, 40.63979057591623, 44.10913461538461, 38.137692307692305, 39.05977011494253]","[45.7, 32.2, 31.5, 36.800000000000004, 26.700000000000003, 33.7, 38.2, 41.6, 32.5, 34.800000000000004]"
ga,10,8,39.23616120029576,34.2,67.6,1.6561612002957549,4.6,13.165357142857143,22.86166666666667,9.696309523809525,True,0.0,hospital_corridor,28,12,"[11, 29, 47, 53, 61, 73, 89, 97, 101, 109]","[2.7793587675132545, 3.1739894273032268, 0.9259522900715178, 0.5, 1.0]","{""time"": 1.0, ""collisions"": 0.05, ""congestion"": 1.0, ""fairness"": 0.0, ""incomplete_base"": 1000.0, ""incomplete_agent"": 10.0}","[54.3, 34.719811320754715, 37.894654088050316, 36.30148514851486, 29.304545454545455, 33.72450331125828, 41.471573604060914, 46.18577981651376, 39.20925925925926, 39.25]","[42.5, 31.8, 31.8, 30.3, 26.400000000000002, 30.200000000000003, 39.400000000000006, 43.6, 32.4, 33.6]"
ga,10,9,1049.6879587702645,41.14000000000001,55.8,1.7579587702645132,5.7,13.916510989010991,25.15,11.233489010989013,False,0.4,hospital_corridor,28,12,"[11, 29, 47, 53, 61, 73, 89, 97, 101, 109]","[2.6224573329670875, 3.299049581897913, 0.9193040550593139, 0.5, 1.0]","{""time"": 1.0, ""collisions"": 0.05, ""congestion"": 1.0, ""fairness"": 0.0, ""incomplete_base"": 1000.0, ""incomplete_agent"": 10.0}","[1149.222, 35.01307692307692, 37.28761061946903, 37.744171779141105, 35.316233766233765, 35.80046728971963, 45.25987654320988, 43.08039702233251, 39.36193353474321, 38.793820224719106]","[100.0, 32.5, 33.9, 32.6, 30.8, 32.1, 40.5, 40.300000000000004, 33.1, 35.6]"
ga,10,10,39.586499160264765,34.15,74.2,1.7264991602647672,5.2,13.320714285714285,22.574166666666667,9.253452380952384,True,0.0,hospital_corridor,28,12,"[11, 29, 47, 53, 61, 73, 89, 97, 101, 109]","[2.945484234906464, 3.2263152233457446, 0.9401934252956861, 0.5, 1.0]","{""time"": 1.0, ""collisions"": 0.05, ""congestion"": 1.0, ""fairness"": 0.0, ""incomplete_base"": 1000.0, ""incomplete_agent"": 10.0}","[58.15952380952381, 34.229365079365074, 35.7608832807571, 36.78831168831169, 32.63070175438597, 36.78333333333333, 45.6514705882353, 40.525999999999996, 38.50987654320987, 36.82552552552553]","[42.0, 31.5, 31.700000000000003, 30.8, 28.5, 33.0, 40.800000000000004, 37.5, 32.4, 33.300000000000004]"
ga,10,11,1130.6782971537002,88.05,58.4,0.7082971537001896,4.4,13.643587062937062,25.27128787878788,11.627700815850819,False,3.9,hospital_corridor,28,12,"[11, 29, 47, 53, 61, 73, 89, 97, 101, 109]","[2.9513565243823017, 3.0223580701973285, 1.0896764851760352, 0.5, 1.0]","{""time"": 1.0, ""collisions"": 0.05, ""congestion"": 1.0, ""fairness"": 0.0, ""incomplete_base"": 1000.0, ""incomplete_agent"": 10.0}","[1149.517, 1181.28, 1141.696, 1161.788, 1170.735, 1145.156, 1121.619, 51.35967741935484, 39.93529411764706, 1143.6970000000001]","[100.0, 100.0, 100.0, 100.0, 100.0, 100.0, 100.0, 46.5, 34.0, 100.0]"
ga,10,12,38.01314727417301,33.28,60.7,1.6981472741730077,5.2,13.072142857142856,22.288333333333334,9.216190476190476,True,0.0,hospital_corridor,28,12,"[11, 29, 47, 53, 61, 73, 89, 97, 101, 109]","[2.9273097017130794, 3.348627933917943, 0.9394009564008193, 0.5, 1.0]","{""time"": 1.0, ""collisions"": 0.05, ""congestion"": 1.0, ""fairness"": 0.0, ""incomplete_base"": 1000.0, ""incomplete_agent"": 10.0}","[46.89490084985836, 34.26139240506329, 34.63121019108281, 37.09900332225914, 28.688314176245214, 35.43975155279504, 40.785714285714285, 40.52894736842106, 43.54063400576369, 38.26160458452722]","[35.300000000000004, 31.6, 31.400000000000002, 30.1, 26.1, 32.2, 38.5, 38.0, 34.7, 34.9]"
ga,10,13,41.810354821486044,37.03000000000001,64.1,1.5753548214860396,4.9,13.483214285714288,23.330833333333334,9.847619047619048,True,0.0,hospital_corridor,28,12,"[11, 29, 47, 53, 61, 73, 89, 97, 101, 109]","[2.923199236716092, 3.4511220869683896, 0.9198797737669788, 0.5, 1.0]","{""time"": 1.0, ""collisions"": 0.05, ""congestion"": 1.0, ""fairness"": 0.0, ""incomplete_base"": 1000.0, ""incomplete_agent"": 10.0}","[44.049859943977594, 34.389873417721525, 34.78343949044586, 57.143089430894314, 32.364285714285714, 39.97459016393443, 41.7819587628866, 43.52794117647059, 48.22733990147783, 41.86117021276596]","[35.7, 31.6, 31.400000000000002, 49.2, 28.0, 36.6, 38.800000000000004, 40.800000000000004, 40.6, 37.6]"
ga,10,14,39.80420550477637,33.59,89.2,1.7542055047763643,5.0,13.3225,22.68,9.357500000000002,True,0.0,hospital_corridor,28,12,"[11, 29, 47, 53, 61, 73, 89, 97, 101, 109]","[2.8970551254123365, 3.0549994294459815, 0.9397566382028447, 0.5, 1.0]","{""time"": 1.0, ""collisions"": 0.05, ""congestion"": 1.0, ""fairness"": 0.0, ""incomplete_base"": 1000.0, ""incomplete_agent"": 10.0}","[57.52115839243499, 34.45793650793651, 35.63070739549839, 43.865624999999994, 29.234099616858238, 37.205555555555556, 40.93684210526316, 41.03524590163934, 37.832919254658385, 40.32196531791907]","[42.300000000000004, 31.5, 31.1, 32.0, 26.1, 31.5, 38.0, 36.6, 32.2, 34.6]"
ga,10,15,39.846031319498124,34.660000000000004,68.9,1.7410313194981206,5.1,13.183214285714286,22.948333333333334,9.765119047619049,True,0.0,hospital_corridor,28,12,"[11, 29, 47, 53, 61, 73, 89, 97, 101, 109]","[2.904980135205842, 3.0738898679472273, 0.9411506731392703, 0.5, 1.0]","{""time"": 1.0, ""collisions"": 0.05, ""congestion"": 1.0, ""fairness"": 0.0, ""incomplete_base"": 1000.0, ""incomplete_agent"": 10.0}","[59.15989010989011, 34.212460063897765, 35.83980891719746, 42.62777777777778, 29.920532319391633, 35.21358024691358, 40.6745382585752, 40.05384615384615, 42.795013850415515, 37.96286549707603]","[45.5, 31.3, 31.400000000000002, 35.1, 26.3, 32.4, 37.9, 36.4, 36.1, 34.2]"
ga,10,16,43.29997266437788,39.33,46.4,1.6499726643778825,5.1,14.094285714285714,25.01083333333333,10.91654761904762,True,0.0,hospital_corridor,28,12,"[11, 29, 47, 53, 61, 73, 89, 97, 101, 109]","[3.0238159077806133, 3.869298497175682, 0.9407397871426003, 0.5, 1.0]","{""time"": 1.0, ""collisions"": 0.05, ""congestion"": 1.0, ""fairness"": 0.0, ""incomplete_base"": 1000.0, ""incomplete_agent"": 10.0}","[54.98773987206824, 39.51426592797784, 34.31369426751592, 64.64075286415712, 28.688022813688214, 42.167750677506774, 39.87631578947368, 52.260151187904974, 35.35817610062893, 41.19285714285714]","[46.900000000000006, 36.1, 31.400000000000002, 61.1, 26.3, 36.9, 38.0, 46.300000000000004, 31.8, 38.5]"
ga,10,17,37.5381071848565,34.529999999999994,26.8,1.6681071848564994,5.0,13.249285714285715,23.30166666666667,10.052380952380952,True,0.0,hospital_corridor,28,12,"[11, 29, 47, 53, 61, 73, 89, 97, 101, 109]","[2.952609136693085, 3.9118863503245596, 0.9394237289014196, 0.5, 1.0]","{""time"": 1.0, ""collisions"": 0.05, ""congestion"": 1.0, ""fairness"": 0.0, ""incomplete_base"": 1000.0, ""incomplete_agent"": 10.0}","[44.53831168831169, 34.24811320754716, 33.856918238993714, 32.622033898305084, 29.75, 38.29507042253521, 40.53850129198967, 44.99014084507043, 36.98252279635258, 39.55945945945946]","[38.5, 31.8, 31.8, 29.5, 27.0, 35.5, 38.7, 42.6, 32.9, 37.0]"
ga,10,18,1147.6763,100.0,42.6,0.5463,4.3,13.780323361823363,25.188318181818182,11.407994819994821,False,4.5,hospital_corridor,28,12,"[11, 29, 47, 53, 61, 73, 89, 97, 101, 109]","[2.9335567293360345, 3.415624586372525, 1.0622078135717965, 0.5, 1.0]","{""time"": 1.0, ""collisions"": 0.05, ""congestion"": 1.0, ""fairness"": 0.0, ""incomplete_base"": 1000.0, ""incomplete_agent"": 10.0}","[1128.504, 1181.145, 1151.977, 1163.584, 1170.807, 1141.796, 1121.963, 1123.774, 1132.134, 1161.079]","[100.0, 100.0, 100.0, 100.0, 100.0, 100.0, 100.0, 100.0, 100.0, 100.0]"
ga,10,19,38.85651408509483,34.4,55.7,1.6715140850948285,5.1,13.58714285714286,23.365833333333335,9.778690476190476,True,0.0,hospital_corridor,28,12,"[11, 29, 47, 53, 61, 73, 89, 97, 101, 109]","[2.595418546285544, 3.0271360940152845, 0.9408890559702223, 0.5, 1.0]","{""time"": 1.0, ""collisions"": 0.05, ""congestion"": 1.0, ""fairness"": 0.0, ""incomplete_base"": 1000.0, ""incomplete_agent"": 10.0}","[48.2904255319149, 35.61162079510704, 38.81588921282799, 36.54490445859873, 29.547955390334575, 38.27440476190476, 42.82974683544304, 42.373907455012855, 37.38030303030303, 38.89598337950139]","[37.6, 32.7, 34.300000000000004, 31.400000000000002, 26.900000000000002, 33.6, 39.5, 38.900000000000006, 33.0, 36.1]"
ga,10,20,40.17444257837392,34.099999999999994,88.3,1.659442578373928,5.0,13.022142857142859,23.04,10.017857142857142,True,0.0,hospital_corridor,28,12,"[11, 29, 47, 53, 61, 73, 89, 97, 101, 109]","[2.926780550963295, 3.034977481561078, 0.939298475324482, 0.5, 1.0]","{""time"": 1.0, ""collisions"": 0.05, ""congestion"": 1.0, ""fairness"": 0.0, ""incomplete_base"": 1000.0, ""incomplete_agent"": 10.0}","[58.47424242424242, 34.29009584664537, 33.631410256410255, 42.52452229299364, 29.096226415094343, 37.87396449704143, 40.48684210526316, 49.05924574209246, 40.210888252149, 36.09698795180723]","[39.6, 31.3, 31.200000000000003, 31.400000000000002, 26.5, 33.800000000000004, 38.0, 41.1, 34.9, 33.2]"
ga,10,21,38.54020324640572,34.690000000000005,43.6,1.6702032464057113,5.3,13.267857142857144,22.845833333333335,9.577976190476193,True,0.0,hospital_corridor,28,12,"[11, 29, 47, 53, 61, 73, 89, 97, 101, 109]","[2.8941258744571394, 3.4201931146611875, 0.9403128002047358, 0.5, 1.0]","{""time"": 1.0, ""collisions"": 0.05, ""congestion"": 1.0, ""fairness"": 0.0, ""incomplete_base"": 1000.0, ""incomplete_agent"": 10.0}","[51.490220048899765, 34.91563467492261, 34.48566978193146, 41.710732984293195, 34.04675324675324, 32.30593220338983, 39.73359788359789, 41.08159268929504, 37.242592592592594, 38.3893063583815]","[40.900000000000006, 32.300000000000004, 32.1, 38.2, 30.8, 29.5, 37.800000000000004, 38.300000000000004, 32.4, 34.6]"
ga,10,22,44.07617377784064,34.739999999999995,152.0,1.7361737778406443,5.1,12.766428571428573,22.720000000000002,9.95357142857143,True,0.0,hospital_corridor,28,12,"[11, 29, 47, 53, 61, 73, 89, 97, 101, 109]","[2.9455138965749423, 4.1359216937737395, 0.8217346874091083, 0.5, 1.0]","{""time"": 1.0, ""collisions"": 0.05, ""congestion"": 1.0, ""fairness"": 0.0, ""incomplete_base"": 1000.0, ""incomplete_agent"": 10.0}","[74.2719512195122, 36.62258064516129, 36.010000000000005, 48.479325513196486, 36.21666666666666, 33.837285223367694, 42.005780346820806, 46.32692307692308, 49.38371757925072, 37.607507507507506]","[49.2, 31.0, 30.0, 34.1, 32.4, 29.1, 34.6, 39.0, 34.7, 33.300000000000004]"
ga,10,23,41.64199476986474,35.650000000000006,86.0,1.6919947698647353,5.3,13.1975,23.12,9.9225,True,0.0,hospital_corridor,28,12,"[11, 29, 47, 53, 61, 73, 89, 97, 101, 109]","[3.0311692898941245, 3.362429179456593, 0.9047586082767324, 0.5, 1.0]","{""time"": 1.0, ""collisions"": 0.05, ""congestion"": 1.0, ""fairness"": 0.0, ""incomplete_base"": 1000.0, ""incomplete_agent"": 10.0}","[52.417500000000004, 34.55700636942675, 49.217006802721095, 43.083766233766234, 39.55277777777778, 34.234693877551024, 40.15821917808219, 43.15324675324675, 40.24285714285715, 39.8028735632184]","[40.0, 31.400000000000002, 44.1, 30.8, 36.0, 29.400000000000002, 36.5, 38.5, 35.0, 34.800000000000004]"
ga,11,0,37.5381071848565,34.529999999999994,26.8,1.6681071848564994,5.0,13.249285714285715,23.30166666666667,10.052380952380952,True,0.0,hospital_corridor,28,12,"[11, 29, 47, 53, 61, 73, 89, 97, 101, 109]","[2.952609136693085, 3.9118863503245596, 0.9394237289014196, 0.5, 1.0]","{""time"": 1.0, ""collisions"": 0.05, ""congestion"": 1.0, ""fairness"": 0.0, ""incomplete_base"": 1000.0, ""incomplete_agent"": 10.0}","[44.53831168831169, 34.24811320754716, 33.856918238993714, 32.622033898305084, 29.75, 38.29507042253521, 40.53850129198967, 44.99014084507043, 36.98252279635258, 39.55945945945946]","[38.5, 31.8, 31.8, 29.5, 27.0, 35.5, 38.7, 42.6, 32.9, 37.0]"
ga,11,1,37.985384947608324,33.43,56.5,1.730384947608325,5.0,12.943571428571428,22.424166666666668,9.480595238095239,True,0.0,hospital_corridor,28,12,"[11, 29, 47, 53, 61, 73, 89, 97, 101, 109]","[2.916628535286418, 3.3450697020463656, 0.9187724993117026, 0.5, 1.0]","{""time"": 1.0, ""collisions"": 0.05, ""congestion"": 1.0, ""fairness"": 0.0, ""incomplete_base"": 1000.0, ""incomplete_agent"": 10.0}","[46.42820512820513, 34.826012461059186, 34.07539682539683, 41.214536741214054, 28.73065134099617, 35.49444444444444, 40.93720626631854, 40.594179894179895, 40.0, 37.553216374269006]","[39.0, 32.1, 31.5, 31.3, 26.1, 31.5, 38.300000000000004, 37.800000000000004, 32.5, 34.2]"
ga,11,2,185.68240314122107,31.920000000000005,3035.6,1.9824031412210659,5.9,12.218571428571428,21.509166666666665,9.290595238095237,True,0.0,hospital_corridor,28,12,"[11, 29, 47, 53, 61, 73, 89, 97, 101, 109]","[2.9347735412625506, 4.684321555774057, 0.5926929572471348, 0.5, 1.0]","{""time"": 1.0, ""collisions"": 0.05, ""congestion"": 1.0, ""fairness"": 0.0, ""incomplete_base"": 1000.0, ""incomplete_agent"": 10.0}","[214.52833827893178, 191.03618421052636, 151.93716216216217, 199.50398773006137, 173.07145328719724, 142.30448028673837, 196.9322102425876, 217.42080924855492, 191.14646302250804, 178.94294294294298]","[33.7, 30.400000000000002, 29.6, 32.6, 28.900000000000002, 27.900000000000002, 37.1, 34.6, 31.1, 33.300000000000004]"
ga,11,3,42.49865662810604,39.15,35.3,1.5836566281060414,4.9,14.430000000000001,25.317500000000003,10.8875,True,0.0,hospital_corridor,28,12,"[11, 29, 47, 53, 61, 73, 89, 97, 101, 109]","[2.6098182871586757, 3.731524472130163, 0.9402269241709098, 0.5, 1.0]","{""time"": 1.0, ""collisions"": 0.05, ""congestion"": 1.0, ""fairness"": 0.0, ""incomplete_base"": 1000.0, ""incomplete_agent"": 10.0}","[64.94378330373002, 36.79467455621302, 37.31428571428572, 44.34367396593674, 36.089285714285715, 37.43019943019943, 42.26116625310174, 47.328947368421055, 40.764640883977904, 37.71590909090909]","[56.300000000000004, 33.800000000000004, 34.300000000000004, 41.1, 33.6, 35.1, 40.300000000000004, 45.6, 36.2, 35.2]"
ga,11,4,37.5381071848565,34.529999999999994,26.8,1.6681071848564994,5.0,13.249285714285715,23.30166666666667,10.052380952380952,True,0.0,hospital_corridor,28,12,"[11, 29, 47, 53, 61, 73, 89, 97, 101, 109]","[2.952609136693085, 3.9118863503245596, 0.9394237289014196, 0.5, 1.0]","{""time"": 1.0, ""collisions"": 0.05, ""congestion"": 1.0, ""fairness"": 0.0, ""incomplete_base"": 1000.0, ""incomplete_agent"": 10.0}","[44.53831168831169, 34.24811320754716, 33.856918238993714, 32.622033898305084, 29.75, 38.29507042253521, 40.53850129198967, 44.99014084507043, 36.98252279635258, 39.55945945945946]","[38.5, 31.8, 31.8, 29.5, 27.0, 35.5, 38.7, 42.6, 32.9, 37.0]"
ga,11,5,39.9817348456328,35.370000000000005,57.9,1.7167348456327893,5.2,13.306785714285715,23.193333333333335,9.886547619047619,True,0.0,hospital_corridor,28,12,"[11, 29, 47, 53, 61, 73, 89, 97, 101, 109]","[2.9372137082799297, 3.321699092039731, 0.9377983666972775, 0.5, 1.0]","{""time"": 1.0, ""collisions"": 0.05, ""congestion"": 1.0, ""fairness"": 0.0, ""incomplete_base"": 1000.0, ""incomplete_agent"": 10.0}","[58.11039387308534, 34.911490683229815, 34.97777777777778, 43.922826086956526, 29.326217228464422, 36.62225519287834, 40.63979057591623, 44.10913461538461, 38.137692307692305, 39.05977011494253]","[45.7, 32.2, 31.5, 36.800000000000004, 26.700000000000003, 33.7, 38.2, 41.6, 32.5, 34.800000000000004]"
ga,11,6,41.810354821486044,37.03000000000001,64.1,1.5753548214860396,4.9,13.483214285714288,23.330833333333334,9.847619047619048,True,0.0,hospital_corridor,28,12,"[11, 29, 47, 53, 61, 73, 89, 97, 101, 109]","[2.923199236716092, 3.4511220869683896, 0.9198797737669788, 0.5, 1.0]","{""time"": 1.0, ""collisions"": 0.05, ""congestion"": 1.0, ""fairness"": 0.0, ""incomplete_base"": 1000.0, ""incomplete_agent"": 10.0}","[44.049859943977594, 34.389873417721525, 34.78343949044586, 57.143089430894314, 32.364285714285714, 39.97459016393443, 41.7819587628866, 43.52794117647059, 48.22733990147783, 41.86117021276596]","[35.7, 31.6, 31.400000000000002, 49.2, 28.0, 36.6, 38.800000000000004, 40.800000000000004, 40.6, 37.6]"
ga,11,7,1188.1033,100.0,13.4,0.4333,3.6,14.35884992985657,25.687777777777775,11.32892784792121,False,8.7,hospital_corridor,28,12,"[11, 29, 47, 53, 61, 73, 89, 97, 101, 109]","[2.952609136693085, 3.9118863503245596, 1.2014033230448826, 0.5, 1.0]","{""time"": 1.0, ""collisions"": 0.05, ""congestion"": 1.0, ""fairness"": 0.0, ""incomplete_base"": 1000.0, ""incomplete_agent"": 10.0}","[1183.324, 1201.147, 1180.607, 1220.6970000000001, 1210.823, 1180.559, 1160.577, 1201.6, 1141.066, 1200.633]","[100.0, 100.0, 100.0, 100.0, 100.0, 100.0, 100.0, 100.0, 100.0, 100.0]"
ga,11,8,1211.5909,100.0,23.2,0.43089999999999995,4.1,14.127207745953513,25.002532828282828,10.875325082329317,False,11.0,hospital_corridor,28,12,"[11, 29, 47, 53, 61, 73, 89, 97, 101, 109]","[2.9273097017130794, 3.348627933917943, 1.327757464861919, 0.5, 1.0]","{""time"": 1.0, ""collisions"": 0.05, ""congestion"": 1.0, ""fairness"": 0.0, ""incomplete_base"": 1000.0, ""incomplete_agent"": 10.0}","[1203.319, 1240.923, 1202.245, 1221.088, 1210.925, 1200.791, 1172.019, 1172.039, 1172.027, 1320.533]","[100.0, 100.0, 100.0, 100.0, 100.0, 100.0, 100.0, 100.0, 100.0, 100.0]"
ga,11,9,38.01255423611642,33.86,48.5,1.7275542361164262,5.2,12.909285714285716,22.476666666666667,9.567380952380953,True,0.0,hospital_corridor,28,12,"[11, 29, 47, 53, 61, 73, 89, 97, 101, 109]","[2.945484234906464, 3.4146812346378024, 0.9401934252956861, 0.5, 1.0]","{""time"": 1.0, ""collisions"": 0.05, ""congestion"": 1.0, ""fairness"": 0.0, ""incomplete_base"": 1000.0, ""incomplete_agent"": 10.0}","[45.411797752808994, 34.93125, 34.61608832807572, 34.53013698630138, 29.675830258302586, 42.49556135770235, 40.31396866840732, 40.77020997375328, 38.38125, 38.999449035812674]","[35.6, 32.0, 31.700000000000003, 29.200000000000003, 27.1, 38.300000000000004, 38.300000000000004, 38.1, 32.0, 36.300000000000004]"
ga,11,10,1194.308723299078,38.07,3067.5,1.8637232990781523,5.8,12.302857142857142,21.09886363636364,8.796006493506493,False,0.1,hospital_corridor,28,12,"[11, 29, 47, 53, 61, 73, 89, 97, 101, 109]","[2.8970551254123365, 3.0549994294459815, 0.5555620778955077, 0.5, 1.0]","{""time"": 1.0, ""collisions"": 0.05, ""congestion"": 1.0, ""fairness"": 0.0, ""incomplete_base"": 1000.0, ""incomplete_agent"": 10.0}","[1289.5520000000001, 197.7331168831169, 155.97372881355932, 211.28353658536588, 183.28620689655173, 145.0905017921147, 189.64358288770055, 214.86122448979592, 179.41184210526316, 176.25149253731342]","[100.0, 30.8, 29.5, 32.800000000000004, 29.0, 27.900000000000002, 37.4, 29.400000000000002, 30.400000000000002, 33.5]"
ga,11,11,39.378135521964715,34.17,70.8,1.668135521964717,5.0,13.139285714285716,22.82583333333334,9.68654761904762,True,0.0,hospital_corridor,28,12,"[11, 29, 47, 53, 61, 73, 89, 97, 101, 109]","[2.945484234906464, 3.242139059456261, 0.9401934252956861, 0.5, 1.0]","{""time"": 1.0, ""collisions"": 0.05, ""congestion"": 1.0, ""fairness"": 0.0, ""incomplete_base"": 1000.0, ""incomplete_agent"": 10.0}","[54.580788177339905, 34.056050955414015, 34.68653846153846, 38.275000000000006, 29.40749063670412, 37.42522123893806, 42.48007915567282, 41.3448275862069, 38.4875, 43.03785900783291]","[40.6, 31.400000000000002, 31.200000000000003, 32.0, 26.700000000000003, 33.9, 37.9, 37.7, 32.0, 38.300000000000004]"
ga,11,12,41.64199476986474,35.650000000000006,86.0,1.6919947698647353,5.3,13.1975,23.12,9.9225,True,0.0,hospital_corridor,28,12,"[11, 29, 47, 53, 61, 73, 89, 97, 101, 109]","[3.0311692898941245, 3.362429179456593, 0.9047586082767324, 0.5, 1.0]","{""time"": 1.0, ""collisions"": 0.05, ""congestion"": 1.0, ""fairness"": 0.0, ""incomplete_base"": 1000.0, ""incomplete_agent"": 10.0}","[52.417500000000004, 34.55700636942675, 49.217006802721095, 43.083766233766234, 39.55277777777778, 34.234693877551024, 40.15821917808219, 43.15324675324675, 40.24285714285715, 39.8028735632184]","[40.0, 31.400000000000002, 44.1, 30.8, 36.0, 29.400000000000002, 36.5, 38.5, 35.0, 34.800000000000004]"
ga,11,13,43.04858282644627,34.68,133.5,1.693582826446269,5.6,12.879285714285714,22.455000000000002,9.575714285714287,True,0.0,hospital_corridor,28,12,"[11, 29, 47, 53, 61, 73, 89, 97, 101, 109]","[3.370242465810603, 3.348627933917943, 0.9394009564008193, 0.5, 1.0]","{""time"": 1.0, ""collisions"": 0.05, ""congestion"": 1.0, ""fairness"": 0.0, ""incomplete_base"": 1000.0, ""incomplete_agent"": 10.0}","[74.33356807511737, 34.193548387096776, 40.66626506024097, 54.828535980148885, 33.16845637583893, 33.14226804123712, 38.424157303370784, 39.04560439560439, 38.329508196721314, 44.353916449086164]","[42.6, 31.0, 33.2, 40.300000000000004, 29.8, 29.1, 35.6, 36.4, 30.5, 38.300000000000004]"
ga,11,14,40.75009191486922,33.85,101.8,1.8100919148692287,5.1,13.62464285714286,22.885833333333334,9.261190476190478,True,0.0,hospital_corridor,28,12,"[11, 29, 47, 53, 61, 73, 89, 97, 101, 109]","[2.8064485572721956, 3.080522098212352, 0.9386982233908132, 0.5, 1.0]","{""time"": 1.0, ""collisions"": 0.05, ""congestion"": 1.0, ""fairness"": 0.0, ""incomplete_base"": 1000.0, ""incomplete_agent"": 10.0}","[65.77307692307691, 34.33789808917198, 36.4260736196319, 41.56935483870967, 30.009925093632962, 37.21567398119122, 42.24947916666667, 43.44082687338502, 39.69074074074074, 36.787869822485206]","[41.6, 31.400000000000002, 32.6, 31.0, 26.700000000000003, 31.900000000000002, 38.400000000000006, 38.7, 32.4, 33.800000000000004]"
ga,11,15,39.7935754466097,35.13,57.4,1.7935754466096991,5.2,13.557142857142859,23.63666666666667,10.07952380952381,True,0.0,hospital_corridor,28,12,"[11, 29, 47, 53, 61, 73, 89, 97, 101, 109]","[2.726183697293278, 3.268313087842664, 0.9399891992766866, 0.5, 1.0]","{""time"": 1.0, ""collisions"": 0.05, ""congestion"": 1.0, ""fairness"": 0.0, ""incomplete_base"": 1000.0, ""incomplete_agent"": 10.0}","[52.97392290249433, 35.86687116564417, 36.45151515151515, 42.26329113924051, 29.578066914498145, 38.40830903790088, 43.41844660194175, 43.568765133171915, 38.546625766871166, 36.859940652819]","[44.1, 32.6, 33.0, 31.6, 26.900000000000002, 34.300000000000004, 41.2, 41.300000000000004, 32.6, 33.7]"
ga,11,16,1211.4621,100.0,20.8,0.42210000000000003,4.0,14.532041250854409,25.368080447330453,10.83603919647604,False,11.0,hospital_corridor,28,12,"[11, 29, 47, 53, 61, 73, 89, 97, 101, 109]","[2.9501340665943676, 3.6358344288091597, 1.2561826292793283, 0.5, 1.0]","{""time"": 1.0, ""collisions"": 0.05, ""congestion"": 1.0, ""fairness"": 0.0, ""incomplete_base"": 1000.0, ""incomplete_agent"": 10.0}","[1192.472, 1251.082, 1191.022, 1220.79, 1211.342, 1180.846, 1201.046, 1173.059, 1192.473, 1300.489]","[100.0, 100.0, 100.0, 100.0, 100.0, 100.0, 100.0, 100.0, 100.0, 100.0]"
ga,11,17,42.98154919165567,38.58,54.3,1.686549191655668,5.0,14.010000000000002,24.881666666666668,10.871666666666666,True,0.0,hospital_corridor,28,12,"[11, 29, 47, 53, 61, 73, 89, 97, 101, 109]","[2.9363554732414707, 3.730732240355367, 0.9398443708464312, 0.5, 1.0]","{""time"": 1.0, ""collisions"": 0.05, ""congestion"": 1.0, ""fairness"": 0.0, ""incomplete_base"": 1000.0, ""incomplete_agent"": 10.0}","[72.99666666666667, 34.4051724137931, 40.50899470899471, 38.59411764705882, 31.18680555555556, 38.75923753665689, 40.03057742782152, 52.15769230769231, 35.74113149847095, 45.43509615384615]","[60.0, 31.900000000000002, 37.800000000000004, 34.0, 28.8, 34.1, 38.1, 46.800000000000004, 32.7, 41.6]"
ga,11,18,39.46341367096886,33.910000000000004,75.6,1.77341367096886,4.8,13.071785714285715,22.970000000000006,9.898214285714285,True,0.0,hospital_corridor,28,12,"[11, 29, 47, 53, 61, 73, 89, 97, 101, 109]","[3.2983541475752887, 3.5498624525771687, 0.9394146606495689, 0.5, 1.0]","{""time"": 1.0, ""collisions"": 0.05, ""congestion"": 1.0, ""fairness"": 0.0, ""incomplete_base"": 1000.0, ""incomplete_agent"": 10.0}","[54.42, 34.83709677419355, 34.79915824915825, 34.251365187713304, 37.26082802547771, 33.18489932885906, 39.808241758241756, 44.9105459057072, 38.57755417956656, 42.58444730077122]","[40.0, 31.0, 29.700000000000003, 29.3, 31.400000000000002, 29.8, 36.4, 40.300000000000004, 32.300000000000004, 38.900000000000006]"
ga,11,19,40.44305100604597,34.300000000000004,88.7,1.7080510060459624,5.0,12.749285714285715,22.71166666666667,9.962380952380952,True,0.0,hospital_corridor,28,12,"[11, 29, 47, 53, 61, 73, 89, 97, 101, 109]","[3.4912876794122027, 3.683722989787122, 0.9378074349491281, 0.5, 1.0]","{""time"": 1.0, ""collisions"": 0.05, ""congestion"": 1.0, ""fairness"": 0.0, ""incomplete_base"": 1000.0, ""incomplete_agent"": 10.0}","[62.84227373068433, 39.26720116618076, 32.81510067114094, 44.02784090909091, 37.37857142857143, 33.21672354948805, 37.98045977011495, 44.03163265306123, 37.92636655948553, 34.94433962264151]","[45.300000000000004, 34.300000000000004, 29.8, 35.2, 32.2, 29.3, 34.800000000000004, 39.2, 31.1, 31.8]"
ga,11,20,39.45524279275268,35.08,55.2,1.6152427927526787,4.8,13.382857142857143,23.321666666666665,9.938809523809523,True,0.0,hospital_corridor,28,12,"[11, 29, 47, 53, 61, 73, 89, 97, 101, 109]","[2.7406782281515554, 3.1877029949411133, 0.9408094655058812, 0.5, 1.0]","{""time"": 1.0, ""collisions"": 0.05, ""congestion"": 1.0, ""fairness"": 0.0, ""incomplete_base"": 1000.0, ""incomplete_agent"": 10.0}","[46.62467866323908, 34.70517241379311, 36.705555555555556, 45.50454545454545, 29.281203007518798, 34.65287539936102, 41.815521628498736, 44.57627737226277, 43.554054054054056, 37.13254437869823]","[38.900000000000006, 31.900000000000002, 32.4, 38.5, 26.6, 31.3, 39.300000000000004, 41.1, 37.0, 33.800000000000004]"
ga,11,21,38.09721386067615,34.38,40.0,1.7172138606761482,5.1,13.520357142857142,23.422500000000003,9.902142857142858,True,0.0,hospital_corridor,28,12,"[11, 29, 47, 53, 61, 73, 89, 97, 101, 109]","[2.782050019847068, 3.6079703683980084, 0.9394805468651605, 0.5, 1.0]","{""time"": 1.0, ""collisions"": 0.05, ""congestion"": 1.0, ""fairness"": 0.0, ""incomplete_base"": 1000.0, ""incomplete_agent"": 10.0}","[47.03780487804878, 35.375766871165645, 36.45180180180181, 39.858536585365854, 29.132706766917295, 35.81041009463723, 41.68607594936709, 40.73423772609819, 37.77537764350453, 37.109420289855066]","[41.0, 32.6, 33.300000000000004, 32.800000000000004, 26.6, 31.700000000000003, 39.5, 38.7, 33.1, 34.5]"
ga,11,22,47.426876528546565,43.650000000000006,48.7,1.3418765285465573,4.8,14.684999999999999,25.725833333333338,11.040833333333333,True,0.0,hospital_corridor,28,12,"[11, 29, 47, 53, 61, 73, 89, 97, 101, 109]","[2.2516214516456827, 3.046249074569257, 0.9283833017188418, 0.5, 1.0]","{""time"": 1.0, ""collisions"": 0.05, ""congestion"": 1.0, ""fairness"": 0.0, ""incomplete_base"": 1000.0, ""incomplete_agent"": 10.0}","[82.76578947368422, 40.74340659340659, 41.917454068241476, 36.510725552050474, 39.28152173913044, 39.080446927374304, 47.49537444933922, 50.144585987261145, 41.9445945945946, 54.38486590038315]","[76.0, 36.4, 38.1, 31.700000000000003, 36.800000000000004, 35.800000000000004, 45.400000000000006, 47.1, 37.0, 52.2]"
ga,11,23,39.85384274041629,34.57,71.8,1.693842740416293,5.3,13.226428571428574,22.811666666666667,9.585238095238095,True,0.0,hospital_corridor,28,12,"[11, 29, 47, 53, 61, 73, 89, 97, 101, 109]","[2.87869521089059, 3.162717834295048, 0.936867463677158, 0.5, 1.0]","{""time"": 1.0, ""collisions"": 0.05, ""congestion"": 1.0, ""fairness"": 0.0, ""incomplete_base"": 1000.0, ""incomplete_agent"": 10.0}","[56.15617283950617, 34.47192429022083, 33.69872611464968, 41.72844574780059, 29.954182509505706, 37.198412698412696, 41.22735368956743, 42.86616161616162, 44.197311827956995, 37.03973607038124]","[40.5, 31.700000000000003, 31.400000000000002, 34.1, 26.3, 31.5, 39.300000000000004, 39.6, 37.2, 34.1]"
ga,12,0,37.5381071848565,34.529999999999994,26.8,1.6681071848564994,5.0,13.249285714285715,23.30166666666667,10.052380952380952,True,0.0,hospital_corridor,28,12,"[11, 29, 47, 53, 61, 73, 89, 97, 101, 109]","[2.952609136693085, 3.9118863503245596, 0.9394237289014196, 0.5, 1.0]","{""time"": 1.0, ""collisions"": 0.05, ""congestion"": 1.0, ""fairness"": 0.0, ""incomplete_base"": 1000.0, ""incomplete_agent"": 10.0}","[44.53831168831169, 34.24811320754716, 33.856918238993714, 32.622033898305084, 29.75, 38.29507042253521, 40.53850129198967, 44.99014084507043, 36.98252279635258, 39.55945945945946]","[38.5, 31.8, 31.8, 29.5, 27.0, 35.5, 38.7, 42.6, 32.9, 37.0]"
ga,12,1,37.5381071848565,34.529999999999994,26.8,1.6681071848564994,5.0,13.249285714285715,23.30166666666667,10.052380952380952,True,0.0,hospital_corridor,28,12,"[11, 29, 47, 53, 61, 73, 89, 97, 101, 109]","[2.952609136693085, 3.9118863503245596, 0.9394237289014196, 0.5, 1.0]","{""time"": 1.0, ""collisions"": 0.05, ""congestion"": 1.0, ""fairness"": 0.0, ""incomplete_base"": 1000.0, ""incomplete_agent"": 10.0}","[44.53831168831169, 34.24811320754716, 33.856918238993714, 32.622033898305084, 29.75, 38.29507042253521, 40.53850129198967, 44.99014084507043, 36.98252279635258, 39.55945945945946]","[38.5, 31.8, 31.8, 29.5, 27.0, 35.5, 38.7, 42.6, 32.9, 37.0]"
ga,12,2,1197.5457270756972,38.690000000000005,3119.5,1.8807270756971899,6.0,12.288214285714286,21.51477272727273,9.226558441558442,False,0.1,hospital_corridor,28,12,"[11, 29, 47, 53, 61, 73, 89, 97, 101, 109]","[2.926395732106697, 3.1405299566561853, 0.5, 0.5, 1.0]","{""time"": 1.0, ""collisions"": 0.05, ""congestion"": 1.0, ""fairness"": 0.0, ""incomplete_base"": 1000.0, ""incomplete_agent"": 10.0}","[1288.568, 187.64836065573772, 148.82027027027027, 196.2429663608563, 192.35517241379313, 145.95089605734768, 188.194474393531, 258.19929971988796, 197.9508038585209, 171.52702702702706]","[100.0, 30.5, 29.6, 32.7, 29.0, 27.900000000000002, 37.1, 35.7, 31.1, 33.300000000000004]"
ga,12,3,39.74786486442211,35.35,53.4,1.727864864422108,5.1,13.257857142857144,23.326666666666664,10.068809523809524,True,0.0,hospital_corridor,28,12,"[11, 29, 47, 53, 61, 73, 89, 97, 101, 109]","[2.942287739515859, 3.4455914420015463, 0.9226934937879335, 0.5, 1.0]","{""time"": 1.0, ""collisions"": 0.05, ""congestion"": 1.0, ""fairness"": 0.0, ""incomplete_base"": 1000.0, ""incomplete_agent"": 10.0}","[58.369753086419756, 34.90217391304348, 34.03181818181818, 37.62803738317757, 37.28573487031701, 34.51632996632997, 41.74935400516796, 41.31692913385827, 37.274294670846395, 40.404223433242514]","[48.6, 32.2, 30.8, 32.1, 34.7, 29.700000000000003, 38.7, 38.1, 31.900000000000002, 36.7]"
ga,12,4,42.42564115396591,38.760000000000005,38.4,1.7456411539659076,5.1,14.392142857142858,24.9625,10.570357142857144,True,0.0,hospital_corridor,28,12,"[11, 29, 47, 53, 61, 73, 89, 97, 101, 109]","[2.8708020925271485, 4.03970762871459, 0.9397692365221613, 0.5, 1.0]","{""time"": 1.0, ""collisions"": 0.05, ""congestion"": 1.0, ""fairness"": 0.0, ""incomplete_base"": 1000.0, ""incomplete_agent"": 10.0}","[52.82637362637363, 42.38337531486146, 35.38389057750759, 37.31135693215339, 31.224999999999998, 35.43395061728395, 41.89494949494949, 44.06090047393365, 66.7902376910017, 36.946376811594206]","[45.5, 39.7, 32.9, 33.9, 28.0, 32.4, 39.6, 42.2, 58.900000000000006, 34.5]"
ga,12,5,174.75935907754922,31.28,2830.7,1.9443590775492214,6.4,11.688928571428573,20.761666666666667,9.072738095238096,True,0.0,hospital_corridor,28,12,"[11, 29, 47, 53, 61, 73, 89, 97, 101, 109]","[3.1537357523414182, 3.3227172595124452, 0.6680603008653184, 0.5, 1.0]","{""time"": 1.0, ""collisions"": 0.05, ""congestion"": 1.0, ""fairness"": 0.0, ""incomplete_base"": 1000.0, ""incomplete_agent"": 10.0}","[207.61347305389225, 184.62876712328767, 148.15821917808222, 173.5080441640379, 165.00629370629372, 132.60755395683455, 183.97226890756303, 227.12622478386172, 162.38524590163937, 162.5875]","[33.4, 29.200000000000003, 29.200000000000003, 31.700000000000003, 28.6, 27.8, 35.7, 34.7, 30.5, 32.0]"
ga,12,6,39.84669163879722,34.27,75.9,1.7816916387972128,5.1,13.259285714285715,22.622500000000002,9.363214285714285,True,0.0,hospital_corridor,28,12,"[11, 29, 47, 53, 61, 73, 89, 97, 101, 109]","[3.184079806062541, 3.5308601953617478, 0.9174940689093349, 0.5, 1.0]","{""time"": 1.0, ""collisions"": 0.05, ""congestion"": 1.0, ""fairness"": 0.0, ""incomplete_base"": 1000.0, ""incomplete_agent"": 10.0}","[52.74472422062351, 34.19968051118211, 33.76040268456376, 37.28064516129032, 29.333333333333336, 36.936102236421725, 39.59837398373983, 46.73860759493671, 41.70142857142857, 46.173618090452266]","[41.7, 31.3, 29.8, 31.0, 26.400000000000002, 31.3, 36.9, 39.5, 35.0, 39.800000000000004]"
ga,12,7,38.43847932929051,33.01,73.5,1.7534793292905166,5.3,12.699642857142857,22.383333333333333,9.683690476190478,True,0.0,hospital_corridor,28,12,"[11, 29, 47, 53, 61, 73, 89, 97, 101, 109]","[3.145443631406872, 3.3814314366720137, 0.9266792000169664, 0.5, 1.0]","{""time"": 1.0, ""collisions"": 0.05, ""congestion"": 1.0, ""fairness"": 0.0, ""incomplete_base"": 1000.0, ""incomplete_agent"": 10.0}","[50.9659151193634, 34.7903785488959, 32.327574750830564, 38.188983050847455, 29.322519083969468, 34.13211920529802, 39.41593406593407, 48.96666666666667, 37.3741214057508, 38.90058139534883]","[37.7, 31.700000000000003, 30.1, 29.5, 26.200000000000003, 30.200000000000003, 36.4, 42.6, 31.3, 34.4]"
ga,12,8,39.13977225078333,34.46,60.3,1.6647722507833276,5.2,12.844642857142855,22.613333333333337,9.768690476190477,True,0.0,hospital_corridor,28,12,"[11, 29, 47, 53, 61, 73, 89, 97, 101, 109]","[2.945484234906464, 3.4146812346378024, 0.9203792122526913, 0.5, 1.0]","{""time"": 1.0, ""collisions"": 0.05, ""congestion"": 1.0, ""fairness"": 0.0, ""incomplete_base"": 1000.0, ""incomplete_agent"": 10.0}","[51.86604938271605, 34.28037974683544, 34.869968051118214, 40.803521126760565, 38.76014492753623, 33.005685618729096, 40.59715762273902, 40.838814016172506, 38.99921630094044, 37.37678571428572]","[40.5, 31.6, 31.3, 35.5, 34.5, 29.900000000000002, 38.7, 37.1, 31.900000000000002, 33.6]"
ga,12,9,1069.1530701267577,60.06999999999999,19.4,1.113070126757655,4.5,16.535425685425686,29.979166666666668,13.443740981240984,False,0.7,hospital_corridor,28,12,"[11, 29, 47, 53, 61, 73, 89, 97, 101, 109]","[1.8956820671392791, 3.4146812346378024, 0.9401934252956861, 0.5, 1.0]","{""time"": 1.0, ""collisions"": 0.05, ""congestion"": 1.0, ""fairness"": 0.0, ""incomplete_base"": 1000.0, ""incomplete_agent"": 10.0}","[50.25, 1161.394, 51.88792415169661, 53.2241935483871, 42.262807881773405, 1110.924, 55.93247232472325, 64.44807692307693, 46.53960739030023, 54.66761904761905]","[48.0, 100.0, 50.1, 49.6, 40.6, 100.0, 54.2, 62.400000000000006, 43.300000000000004, 52.5]"
ga,12,10,38.5556042641611,34.03000000000001,55.9,1.7306042641610841,5.2,13.267142857142858,22.76,9.492857142857144,True,0.0,hospital_corridor,28,12,"[11, 29, 47, 53, 61, 73, 89, 97, 101, 109]","[2.808213662610556, 3.3363984249569834, 0.9396643194236989, 0.5, 1.0]","{""time"": 1.0, ""collisions"": 0.05, ""congestion"": 1.0, ""fairness"": 0.0, ""incomplete_base"": 1000.0, ""incomplete_agent"": 10.0}","[44.48022922636103, 34.74797507788162, 35.891975308641975, 37.56519756838905, 30.47761194029851, 36.54596273291926, 41.57735368956743, 45.583098591549295, 39.38461538461539, 39.302023121387286]","[34.9, 32.1, 32.4, 32.9, 26.8, 32.2, 39.300000000000004, 42.6, 32.5, 34.6]"
ga,12,11,37.82752467062222,35.03,21.8,1.7075246706222102,5.4,13.087857142857143,23.555833333333332,10.46797619047619,True,0.0,hospital_corridor,28,12,"[11, 29, 47, 53, 61, 73, 89, 97, 101, 109]","[2.870579171375807, 3.84380101321024, 0.9397486087544072, 0.5, 1.0]","{""time"": 1.0, ""collisions"": 0.05, ""congestion"": 1.0, ""fairness"": 0.0, ""incomplete_base"": 1000.0, ""incomplete_agent"": 10.0}","[38.93478260869565, 35.02153846153846, 34.56748466257669, 34.81935483870968, 32.20677966101695, 37.44111747851002, 39.90628272251309, 40.69304461942258, 42.72251908396947, 41.96234256926952]","[34.5, 32.5, 32.6, 31.0, 29.5, 34.9, 38.2, 38.1, 39.300000000000004, 39.7]"
ga,12,12,38.01255423611642,33.86,48.5,1.7275542361164262,5.2,12.909285714285716,22.476666666666667,9.567380952380953,True,0.0,hospital_corridor,28,12,"[11, 29, 47, 53, 61, 73, 89, 97, 101, 109]","[2.945484234906464, 3.4146812346378024, 0.9401934252956861, 0.5, 1.0]","{""time"": 1.0, ""collisions"": 0.05, ""congestion"": 1.0, ""fairness"": 0.0, ""incomplete_base"": 1000.0, ""incomplete_agent"": 10.0}","[45.411797752808994, 34.93125, 34.61608832807572, 34.53013698630138, 29.675830258302586, 42.49556135770235, 40.31396866840732, 40.77020997375328, 38.38125, 38.999449035812674]","[35.6, 32.0, 31.700000000000003, 29.200000000000003, 27.1, 38.300000000000004, 38.300000000000004, 38.1, 32.0, 36.300000000000004]"
ga,12,13,39.85384274041629,34.57,71.8,1.693842740416293,5.3,13.226428571428574,22.811666666666667,9.585238095238095,True,0.0,hospital_corridor,28,12,"[11, 29, 47, 53, 61, 73, 89, 97, 101, 109]","[2.87869521089059, 3.162717834295048, 0.936867463677158, 0.5, 1.0]","{""time"": 1.0, ""collisions"": 0.05, ""congestion"": 1.0, ""fairness"": 0.0, ""incomplete_base"": 1000.0, ""incomplete_agent"": 10.0}","[56.15617283950617, 34.47192429022083, 33.69872611464968, 41.72844574780059, 29.954182509505706, 37.198412698412696, 41.22735368956743, 42.86616161616162, 44.197311827956995, 37.03973607038124]","[40.5, 31.700000000000003, 31.400000000000002, 34.1, 26.3, 31.5, 39.300000000000004, 39.6, 37.2, 34.1]"
ga,12,14,39.13409596016752,34.07,68.0,1.664095960167525,5.5,12.90392857142857,22.943333333333335,10.039404761904763,True,0.0,hospital_corridor,28,12,"[11, 29, 47, 53, 61, 73, 89, 97, 101, 109]","[2.9220355639480764, 3.2995796016488086, 0.9400966790870108, 0.5, 1.0]","{""time"": 1.0, ""collisions"": 0.05, ""congestion"": 1.0, ""fairness"": 0.0, ""incomplete_base"": 1000.0, ""incomplete_agent"": 10.0}","[48.61866295264624, 34.97049689440994, 35.13227848101266, 36.81864406779661, 34.38269230769231, 34.81428571428572, 40.44947916666667, 48.71818181818182, 40.69506172839506, 36.741176470588236]","[35.9, 32.2, 31.6, 29.5, 31.200000000000003, 31.5, 38.400000000000006, 44.0, 32.4, 34.0]"
ga,12,15,41.24757949076334,37.95,31.8,1.7075794907633342,5.4,14.229642857142858,25.500833333333336,11.271190476190478,True,0.0,hospital_corridor,28,12,"[11, 29, 47, 53, 61, 73, 89, 97, 101, 109]","[2.512484321017684, 3.550529826205461, 0.9395772930738358, 0.5, 1.0]","{""time"": 1.0, ""collisions"": 0.05, ""congestion"": 1.0, ""fairness"": 0.0, ""incomplete_base"": 1000.0, ""incomplete_agent"": 10.0}","[48.61221719457014, 36.30778443113772, 38.215706051873205, 35.79936102236422, 38.53681318681319, 39.123033707865176, 45.3735632183908, 47.417256637168144, 38.90769230769231, 44.18236714975846]","[44.2, 33.4, 34.7, 31.3, 36.4, 35.6, 43.5, 45.2, 33.800000000000004, 41.400000000000006]"
ga,12,16,1052.8331863840472,41.089999999999996,61.7,1.6581863840471853,5.0,13.33397142857143,22.766666666666666,9.43269523809524,False,0.7,hospital_corridor,28,12,"[11, 29, 47, 53, 61, 73, 89, 97, 101, 109]","[2.9182319108062726, 3.4775626400286486, 0.9396286757168346, 0.5, 1.0]","{""time"": 1.0, ""collisions"": 0.05, ""congestion"": 1.0, ""fairness"": 0.0, ""incomplete_base"": 1000.0, ""incomplete_agent"": 10.0}","[1185.877, 35.39741641337386, 34.94388714733543, 45.964646464646464, 29.118796992481204, 36.034862385321105, 40.502325581395354, 39.147260273972606, 44.20251989389921, 37.14314868804665]","[100.0, 32.9, 31.900000000000002, 39.6, 26.6, 32.7, 38.7, 36.5, 37.7, 34.300000000000004]"
ga,12,17,41.69342679773098,37.230000000000004,53.6,1.7834267977309757,5.2,13.637857142857143,24.23333333333333,10.595476190476191,True,0.0,hospital_corridor,28,12,"[11, 29, 47, 53, 61, 73, 89, 97, 101, 109]","[2.7605609231800905, 3.702636798138575, 0.9039745451137353, 0.5, 1.0]","{""time"": 1.0, ""collisions"": 0.05, ""congestion"": 1.0, ""fairness"": 0.0, ""incomplete_base"": 1000.0, ""incomplete_agent"": 10.0}","[77.32830188679245, 34.80371517027864, 36.725, 33.766666666666666, 39.9445945945946, 34.04838709677419, 43.20207823960881, 40.81250000000001, 39.60825688073395, 36.69476744186046]","[63.6, 32.300000000000004, 32.0, 30.0, 37.0, 31.0, 40.900000000000006, 38.400000000000006, 32.7, 34.4]"
ga,12,18,39.93955115824062,36.480000000000004,35.6,1.6795511582406104,5.7,13.842857142857145,23.730000000000004,9.887142857142859,True,0.0,hospital_corridor,28,12,"[11, 29, 47, 53, 61, 73, 89, 97, 101, 109]","[2.9475630030510755, 3.8378013123727412, 0.9401163448991062, 0.5, 1.0]","{""time"": 1.0, ""collisions"": 0.05, ""congestion"": 1.0, ""fairness"": 0.0, ""incomplete_base"": 1000.0, ""incomplete_agent"": 10.0}","[46.76716417910448, 35.14831804281346, 35.03805031446541, 34.38495145631068, 34.35804416403786, 40.459340659340654, 49.230254777070066, 47.00695067264574, 37.54754601226994, 39.45489130434783]","[40.2, 32.7, 31.8, 30.900000000000002, 31.700000000000003, 36.4, 47.1, 44.6, 32.6, 36.800000000000004]"
ga,12,19,37.75128246550751,32.92,63.3,1.6662824655075077,5.1,12.866785714285715,22.4,9.533214285714285,True,0.0,hospital_corridor,28,12,"[11, 29, 47, 53, 61, 73, 89, 97, 101, 109]","[2.950530368548473, 3.3162240974080794, 0.9395008092979994, 0.5, 1.0]","{""time"": 1.0, ""collisions"": 0.05, ""congestion"": 1.0, ""fairness"": 0.0, ""incomplete_base"": 1000.0, ""incomplete_agent"": 10.0}","[52.02065491183879, 34.56876971608833, 35.1220447284345, 35.37244897959184, 29.31969696969697, 32.76530612244898, 41.05324675324675, 39.88062330623306, 40.15555555555556, 37.254477611940295]","[39.7, 31.700000000000003, 31.3, 29.400000000000002, 26.400000000000002, 29.400000000000002, 38.5, 36.9, 32.4, 33.5]"
ga,12,20,1170.5243,100.0,20.6,0.4943000000000001,4.1,13.522119820503452,24.509146103896107,10.987026283392654,False,6.9,hospital_corridor,28,12,"[11, 29, 47, 53, 61, 73, 89, 97, 101, 109]","[2.9516521734792502, 3.740560109396955, 1.0932251063793545, 0.5, 1.0]","{""time"": 1.0, ""collisions"": 0.05, ""congestion"": 1.0, ""fairness"": 0.0, ""incomplete_base"": 1000.0, ""incomplete_agent"": 10.0}","[1164.485, 1230.913, 1150.723, 1180.966, 1190.659, 1151.358, 1141.115, 1171.228, 1142.366, 1181.43]","[100.0, 100.0, 100.0, 100.0, 100.0, 100.0, 100.0, 100.0, 100.0, 100.0]"
ga,12,21,42.479772861817096,37.05,73.4,1.7597728618171005,5.1,14.214642857142858,24.400833333333335,10.186190476190475,True,0.0,hospital_corridor,28,12,"[11, 29, 47, 53, 61, 73, 89, 97, 101, 109]","[2.924156199929927, 4.033767856702694, 0.9205765575997407, 0.5, 1.0]","{""time"": 1.0, ""collisions"": 0.05, ""congestion"": 1.0, ""fairness"": 0.0, ""incomplete_base"": 1000.0, ""incomplete_agent"": 10.0}","[85.19689119170984, 35.54984894259819, 35.296594427244585, 44.911165048543694, 29.155303030303035, 38.50797101449275, 38.37741046831957, 46.06296296296296, 35.82306501547988, 35.91651651651652]","[57.900000000000006, 33.1, 32.300000000000004, 41.2, 26.400000000000002, 34.5, 36.300000000000004, 43.2, 32.300000000000004, 33.300000000000004]"
ga,12,22,42.00898034125934,36.39,81.5,1.5439803412593345,4.8,13.240714285714287,23.630833333333335,10.390119047619049,True,0.0,hospital_corridor,28,12,"[11, 29, 47, 53, 61, 73, 89, 97, 101, 109]","[2.9471385360981106, 3.316428782456496, 0.9395443873625995, 0.5, 1.0]","{""time"": 1.0, ""collisions"": 0.05, ""congestion"": 1.0, ""fairness"": 0.0, ""incomplete_base"": 1000.0, ""incomplete_agent"": 10.0}","[55.94716981132076, 34.45031545741325, 34.33269230769231, 56.951455301455304, 29.28867924528302, 34.19641638225256, 41.619280205655535, 40.67533512064344, 47.51649484536083, 45.11196473551637]","[42.400000000000006, 31.700000000000003, 31.200000000000003, 48.1, 26.5, 29.3, 38.900000000000006, 37.300000000000004, 38.800000000000004, 39.7]"
ga,12,23,39.74929841107187,35.75,42.4,1.8792984110718713,5.8,13.847857142857142,23.617500000000003,9.769642857142859,True,0.0,hospital_corridor,28,12,"[11, 29, 47, 53, 61, 73, 89, 97, 101, 109]","[2.950954835501438, 3.8375966273243245, 0.9400727668345064, 0.5, 1.0]","{""time"": 1.0, ""collisions"": 0.05, ""congestion"": 1.0, ""fairness"": 0.0, ""incomplete_base"": 1000.0, ""incomplete_agent"": 10.0}","[44.34340659340659, 34.40754716981132, 34.621875, 33.47666666666667, 29.44056603773585, 41.349554896142436, 41.8, 51.24665314401623, 45.2220207253886, 41.58469387755102]","[36.4, 31.8, 32.0, 30.0, 26.5, 33.7, 40.0, 49.300000000000004, 38.6, 39.2]"
ga,13,0,37.5381071848565,34.529999999999994,26.8,1.6681071848564994,5.0,13.249285714285715,23.30166666666667,10.052380952380952,True,0.0,hospital_corridor,28,12,"[11, 29, 47, 53, 61, 73, 89, 97, 101, 109]","[2.952609136693085, 3.9118863503245596, 0.9394237289014196, 0.5, 1.0]","{""time"": 1.0, ""collisions"": 0.05, ""congestion"": 1.0, ""fairness"": 0.0, ""incomplete_base"": 1000.0, ""incomplete_agent"": 10.0}","[44.53831168831169, 34.24811320754716, 33.856918238993714, 32.622033898305084, 29.75, 38.29507042253521, 40.53850129198967, 44.99014084507043, 36.98252279635258, 39.55945945945946]","[38.5, 31.8, 31.8, 29.5, 27.0, 35.5, 38.7, 42.6, 32.9, 37.0]"
ga,13,1,37.5381071848565,34.529999999999994,26.8,1.6681071848564994,5.0,13.249285714285715,23.30166666666667,10.052380952380952,True,0.0,hospital_corridor,28,12,"[11, 29, 47, 53, 61, 73, 89, 97, 101, 109]","[2.952609136693085, 3.9118863503245596, 0.9394237289014196, 0.5, 1.0]","{""time"": 1.0, ""collisions"": 0.05, ""congestion"": 1.0, ""fairness"": 0.0, ""incomplete_base"": 1000.0, ""incomplete_agent"": 10.0}","[44.53831168831169, 34.24811320754716, 33.856918238993714, 32.622033898305084, 29.75, 38.29507042253521, 40.53850129198967, 44.99014084507043, 36.98252279635258, 39.55945945945946]","[38.5, 31.8, 31.8, 29.5, 27.0, 35.5, 38.7, 42.6, 32.9, 37.0]"
ga,13,2,40.714332082709,34.87,82.5,1.7193320827090024,4.7,13.348571428571429,23.251666666666672,9.903095238095238,True,0.0,hospital_corridor,28,12,"[11, 29, 47, 53, 61, 73, 89, 97, 101, 109]","[3.049759946939465, 3.40911708973853, 0.9302945486928309, 0.5, 1.0]","{""time"": 1.0, ""collisions"": 0.05, ""congestion"": 1.0, ""fairness"": 0.0, ""incomplete_base"": 1000.0, ""incomplete_agent"": 10.0}","[63.99913606911447, 36.584939759036146, 37.864179104477614, 41.95507246376812, 28.607854406130272, 33.607679180887374, 39.99568733153639, 45.27205882352942, 38.715047021943576, 40.541666666666664]","[46.300000000000004, 33.2, 33.5, 34.5, 26.1, 29.3, 37.1, 40.800000000000004, 31.900000000000002, 36.0]"
ga,13,3,36.84826308952923,32.29,55.9,1.7632630895292347,5.4,12.978214285714287,21.994166666666665,9.015952380952381,True,0.0,hospital_corridor,28,12,"[11, 29, 47, 53, 61, 73, 89, 97, 101, 109]","[3.041167919373871, 3.386995581571286, 0.9365780766198214, 0.5, 1.0]","{""time"": 1.0, ""collisions"": 0.05, ""congestion"": 1.0, ""fairness"": 0.0, ""incomplete_base"": 1000.0, ""incomplete_agent"": 10.0}","[37.53468013468014, 34.15299684542587, 32.990553745928345, 36.00692041522491, 29.75909090909091, 35.601246105919, 39.56612903225807, 39.61239669421488, 40.035329341317365, 43.22328767123288]","[29.700000000000003, 31.700000000000003, 30.700000000000003, 28.900000000000002, 26.400000000000002, 32.1, 37.2, 36.300000000000004, 33.4, 36.5]"
ga,13,4,38.852781987045084,32.96000000000001,80.6,1.8627819870450772,5.4,13.252142857142857,22.345000000000006,9.092857142857143,True,0.0,hospital_corridor,28,12,"[11, 29, 47, 53, 61, 73, 89, 97, 101, 109]","[3.1710058279340885, 3.530803794460911, 0.9299132691718324, 0.5, 1.0]","{""time"": 1.0, ""collisions"": 0.05, ""congestion"": 1.0, ""fairness"": 0.0, ""incomplete_base"": 1000.0, ""incomplete_agent"": 10.0}","[53.24502617801048, 34.371924290220825, 32.31043771043771, 35.7127147766323, 29.157692307692308, 35.668600682593855, 40.26803278688525, 49.39611650485437, 38.95283018867924, 39.44444444444444]","[38.2, 31.700000000000003, 29.700000000000003, 29.1, 26.0, 29.3, 36.6, 41.2, 31.8, 36.0]"
ga,13,5,1189.4825079747059,38.37,2965.0,1.862507974705854,5.8,12.035357142857144,21.27825757575758,9.242900432900433,False,0.1,hospital_corridor,28,12,"[11, 29, 47, 53, 61, 73, 89, 97, 101, 109]","[2.9656831148215375, 3.753707947307282, 0.5816926633298702, 0.5, 1.0]","{""time"": 1.0, ""collisions"": 0.05, ""congestion"": 1.0, ""fairness"": 0.0, ""incomplete_base"": 1000.0, ""incomplete_agent"": 10.0}","[1278.877, 196.69651162790697, 143.51101694915252, 194.59923076923076, 175.16608996539793, 146.98333333333335, 188.13685636856368, 228.87005988023952, 167.56050955414014, 174.42447129909365]","[100.0, 30.1, 29.5, 32.5, 28.900000000000002, 27.900000000000002, 36.9, 33.4, 31.400000000000002, 33.1]"
ga,13,6,1085.184941892343,63.129999999999995,58.0,1.154941892342928,4.9,13.625979853479857,23.712833333333332,10.08685347985348,False,1.8,hospital_corridor,28,12,"[11, 29, 47, 53, 61, 73, 89, 97, 101, 109]","[2.943168523805888, 3.243723553600471, 1.015460176061761, 0.5, 1.0]","{""time"": 1.0, ""collisions"": 0.05, ""congestion"": 1.0, ""fairness"": 0.0, ""incomplete_base"": 1000.0, ""incomplete_agent"": 10.0}","[48.71842105263158, 1161.599, 38.988563049853376, 1142.716, 1140.723, 38.51097922848665, 1142.153, 45.84903846153846, 52.03125, 40.56016713091922]","[38.0, 100.0, 34.1, 100.0, 100.0, 33.7, 100.0, 41.6, 48.0, 35.9]"
ga,13,7,40.82157696974758,35.32000000000001,74.1,1.7965769697475757,5.2,13.766785714285714,23.055,9.288214285714286,True,0.0,hospital_corridor,28,12,"[11, 29, 47, 53, 61, 73, 89, 97, 101, 109]","[3.288496888421187, 3.8382652964572337, 0.9328853164218998, 0.5, 1.0]","{""time"": 1.0, ""collisions"": 0.05, ""congestion"": 1.0, ""fairness"": 0.0, ""incomplete_base"": 1000.0, ""incomplete_agent"": 10.0}","[57.72793427230047, 34.24920634920635, 32.655033557046984, 50.678703703703704, 30.091176470588238, 39.310975609756106, 46.24518072289157, 44.13109452736319, 36.39776357827476, 36.728700906344415]","[42.6, 31.5, 29.8, 43.2, 27.200000000000003, 32.800000000000004, 41.5, 40.2, 31.3, 33.1]"
ga,13,8,40.865558338060275,33.980000000000004,102.2,1.7755583380602746,5.4,13.076071428571428,22.37666666666667,9.300595238095237,True,0.0,hospital_corridor,28,12,"[11, 29, 47, 53, 61, 73, 89, 97, 101, 109]","[2.9604817560782517, 3.408463134407485, 0.8721462780802423, 0.5, 1.0]","{""time"": 1.0, ""collisions"": 0.05, ""congestion"": 1.0, ""fairness"": 0.0, ""incomplete_base"": 1000.0, ""incomplete_agent"": 10.0}","[72.51836734693879, 33.889413680781765, 34.91842105263159, 38.486301369863014, 28.792471042471046, 33.40420875420875, 40.73953168044078, 42.503475935828874, 45.09736842105263, 38.30602409638555]","[49.0, 30.700000000000003, 30.400000000000002, 29.200000000000003, 25.900000000000002, 29.700000000000003, 36.300000000000004, 37.4, 38.0, 33.2]"
ga,13,9,1060.1455430921465,49.550000000000004,63.0,1.4455430921463954,4.9,14.064464285714285,23.450666666666667,9.38620238095238,False,0.6,hospital_corridor,28,12,"[11, 29, 47, 53, 61, 73, 89, 97, 101, 109]","[3.1304461102350842, 3.387649536902331, 1.007647587521704, 0.5, 1.0]","{""time"": 1.0, ""collisions"": 0.05, ""congestion"": 1.0, ""fairness"": 0.0, ""incomplete_base"": 1000.0, ""incomplete_agent"": 10.0}","[47.9390756302521, 1144.685, 35.09670846394985, 44.93192612137203, 44.53139534883721, 36.12261146496815, 1121.626, 40.668146214099224, 44.42784810126582, 41.42671957671958]","[35.7, 100.0, 31.900000000000002, 37.9, 43.0, 31.400000000000002, 100.0, 38.300000000000004, 39.5, 37.800000000000004]"
ga,13,10,39.13409596016752,34.07,68.0,1.664095960167525,5.5,12.90392857142857,22.943333333333335,10.039404761904763,True,0.0,hospital_corridor,28,12,"[11, 29, 47, 53, 61, 73, 89, 97, 101, 109]","[2.9220355639480764, 3.2995796016488086, 0.9400966790870108, 0.5, 1.0]","{""time"": 1.0, ""collisions"": 0.05, ""congestion"": 1.0, ""fairness"": 0.0, ""incomplete_base"": 1000.0, ""incomplete_agent"": 10.0}","[48.61866295264624, 34.97049689440994, 35.13227848101266, 36.81864406779661, 34.38269230769231, 34.81428571428572, 40.44947916666667, 48.71818181818182, 40.69506172839506, 36.741176470588236]","[35.9, 32.2, 31.6, 29.5, 31.200000000000003, 31.5, 38.400000000000006, 44.0, 32.4, 34.0]"
ga,13,11,1053.4707512974962,42.93,39.2,1.5807512974962221,4.9,13.695247252747254,23.855,10.15975274725275,False,0.7,hospital_corridor,28,12,"[11, 29, 47, 53, 61, 73, 89, 97, 101, 109]","[2.7965115899096413, 3.9118863503245596, 0.9394237289014196, 0.5, 1.0]","{""time"": 1.0, ""collisions"": 0.05, ""congestion"": 1.0, ""fairness"": 0.0, ""incomplete_base"": 1000.0, ""incomplete_agent"": 10.0}","[60.20588235294118, 1172.488, 35.87872340425532, 34.59447949526814, 29.695054945054945, 35.99670658682635, 44.724463007159905, 42.891463414634146, 36.96212121212121, 41.27061855670104]","[49.300000000000004, 100.0, 32.9, 31.700000000000003, 27.3, 33.4, 41.900000000000006, 41.0, 33.0, 38.800000000000004]"
ga,13,12,40.36762315478844,37.269999999999996,28.1,1.6926231547884452,5.2,13.9225,24.428333333333335,10.505833333333333,True,0.0,hospital_corridor,28,12,"[11, 29, 47, 53, 61, 73, 89, 97, 101, 109]","[2.9263201918216923, 4.412502602752065, 0.93346248093646, 0.5, 1.0]","{""time"": 1.0, ""collisions"": 0.05, ""congestion"": 1.0, ""fairness"": 0.0, ""incomplete_base"": 1000.0, ""incomplete_agent"": 10.0}","[62.60335820895523, 37.725280898876406, 35.13495297805643, 32.69682274247492, 31.07826855123675, 35.01146788990826, 38.76486486486486, 44.977829099307165, 45.05431654676259, 40.62906976744186]","[53.6, 35.6, 31.900000000000002, 29.900000000000002, 28.3, 32.7, 37.0, 43.300000000000004, 41.7, 38.7]"
ga,13,13,1134.234000983531,93.53999999999999,22.1,0.5890009835308094,4.4,15.419811199267722,27.26839393939394,11.848582740126218,False,3.9,hospital_corridor,28,12,"[11, 29, 47, 53, 61, 73, 89, 97, 101, 109]","[2.9504451448013196, 3.9252360762927516, 1.063457882745865, 0.5, 1.0]","{""time"": 1.0, ""collisions"": 0.05, ""congestion"": 1.0, ""fairness"": 0.0, ""incomplete_base"": 1000.0, ""incomplete_agent"": 10.0}","[1152.554, 1161.317, 62.479268292682924, 1161.21, 1200.641, 75.21874154262518, 1140.67, 1121.806, 1125.309, 1141.135]","[100.0, 100.0, 61.5, 100.0, 100.0, 73.9, 100.0, 100.0, 100.0, 100.0]"
ga,13,14,45.48175213284055,42.55,28.8,1.491752132840556,4.7,15.00392857142857,26.9175,11.913571428571428,True,0.0,hospital_corridor,28,12,"[11, 29, 47, 53, 61, 73, 89, 97, 101, 109]","[2.1889503567243884, 3.3988381582933664, 0.9358724186160083, 0.5, 1.0]","{""time"": 1.0, ""collisions"": 0.05, ""congestion"": 1.0, ""fairness"": 0.0, ""incomplete_base"": 1000.0, ""incomplete_agent"": 10.0}","[61.96316725978648, 39.755913978494625, 42.4641975308642, 46.004326923076924, 38.12777777777778, 39.67445652173914, 49.475, 48.481370449678806, 44.11206030150754, 44.759250585480096]","[56.2, 37.2, 40.5, 41.6, 36.0, 36.800000000000004, 48.0, 46.7, 39.800000000000004, 42.7]"
ga,13,15,39.63278104308042,34.6,66.3,1.7177810430804197,5.2,13.281071428571428,22.713333333333335,9.432261904761905,True,0.0,hospital_corridor,28,12,"[11, 29, 47, 53, 61, 73, 89, 97, 101, 109]","[3.0073632863336424, 3.3972745130164497, 0.931000206696644, 0.5, 1.0]","{""time"": 1.0, ""collisions"": 0.05, ""congestion"": 1.0, ""fairness"": 0.0, ""incomplete_base"": 1000.0, ""incomplete_agent"": 10.0}","[60.711111111111116, 34.281528662420385, 33.5421568627451, 40.96, 29.562121212121212, 33.29829931972789, 40.45523560209424, 42.69336734693878, 38.42742946708464, 42.39656084656085]","[48.6, 31.400000000000002, 30.6, 32.5, 26.400000000000002, 29.400000000000002, 38.2, 39.2, 31.900000000000002, 37.800000000000004]"
ga,13,16,38.936277648517084,34.85,46.8,1.7462776485170886,5.1,13.395714285714288,23.559166666666663,10.163452380952382,True,0.0,hospital_corridor,28,12,"[11, 29, 47, 53, 61, 73, 89, 97, 101, 109]","[2.805436808416891, 3.758720671556099, 0.9150948392319557, 0.5, 1.0]","{""time"": 1.0, ""collisions"": 0.05, ""congestion"": 1.0, ""fairness"": 0.0, ""incomplete_base"": 1000.0, ""incomplete_agent"": 10.0}","[56.63777777777778, 34.53125, 36.41950464396285, 36.784375, 28.9811320754717, 38.19886363636363, 40.58832020997375, 42.87113022113023, 37.083950617283946, 37.266472303207]","[45.0, 32.0, 32.300000000000004, 32.0, 26.5, 35.2, 38.1, 40.7, 32.4, 34.300000000000004]"
ga,13,17,41.76936338400462,38.06,40.8,1.66936338400462,5.3,13.801428571428573,24.91583333333333,11.114404761904762,True,0.0,hospital_corridor,28,12,"[11, 29, 47, 53, 61, 73, 89, 97, 101, 109]","[2.825926207290348, 3.9836237552970655, 0.9286489424039409, 0.5, 1.0]","{""time"": 1.0, ""collisions"": 0.05, ""congestion"": 1.0, ""fairness"": 0.0, ""incomplete_base"": 1000.0, ""incomplete_agent"": 10.0}","[64.02141527001862, 43.13449131513648, 35.744615384615386, 36.90688073394496, 28.768939393939398, 35.03777089783282, 40.829274611398965, 43.48614457831325, 49.818888888888885, 39.94521276595744]","[53.7, 40.300000000000004, 32.5, 32.7, 26.400000000000002, 32.300000000000004, 38.6, 41.5, 45.0, 37.6]"
ga,13,18,1177.9628695443646,94.17,24.3,0.5778695443645084,4.1,13.897078120493049,25.83130555555556,11.934227435062507,False,8.2,hospital_corridor,28,12,"[11, 29, 47, 53, 61, 73, 89, 97, 101, 109]","[3.0196210047374423, 3.7526708782064677, 1.1661384997770519, 0.5, 1.0]","{""time"": 1.0, ""collisions"": 0.05, ""congestion"": 1.0, ""fairness"": 0.0, ""incomplete_base"": 1000.0, ""incomplete_agent"": 10.0}","[1193.63, 1232.177, 1180.975, 1201.007, 1210.82, 1181.014, 1141.407, 1171.013, 46.88069544364508, 1220.705]","[100.0, 100.0, 100.0, 100.0, 100.0, 100.0, 100.0, 100.0, 41.7, 100.0]"
ga,13,19,1199.3281,100.0,38.6,0.3981,4.0,13.121307099269917,24.31723520923521,11.195928109965296,False,9.7,hospital_corridor,28,12,"[11, 29, 47, 53, 61, 73, 89, 97, 101, 109]","[3.220395695937359, 3.4665618708382873, 1.2401039617375216, 0.5, 1.0]","{""time"": 1.0, ""collisions"": 0.05, ""congestion"": 1.0, ""fairness"": 0.0, ""incomplete_base"": 1000.0, ""incomplete_agent"": 10.0}","[1185.866, 1241.711, 1171.779, 1221.111, 1211.297, 1182.011, 1171.287, 1204.644, 1162.878, 1240.6970000000001]","[100.0, 100.0, 100.0, 100.0, 100.0, 100.0, 100.0, 100.0, 100.0, 100.0]"
ga,13,20,39.26312383656272,34.45,60.9,1.7681238365627165,5.5,13.073928571428572,22.616666666666667,9.542738095238096,True,0.0,hospital_corridor,28,12,"[11, 29, 47, 53, 61, 73, 89, 97, 101, 109]","[2.945484234906464, 3.352195074441795, 0.9203792122526913, 0.5, 1.0]","{""time"": 1.0, ""collisions"": 0.05, ""congestion"": 1.0, ""fairness"": 0.0, ""incomplete_base"": 1000.0, ""incomplete_agent"": 10.0}","[47.175581395348836, 34.45700636942675, 38.23323782234957, 36.93039215686275, 42.384536082474234, 32.28469387755102, 41.0733681462141, 41.135347043701806, 39.29874213836478, 39.65833333333333]","[34.4, 31.400000000000002, 34.9, 30.6, 38.800000000000004, 29.400000000000002, 38.300000000000004, 38.900000000000006, 31.8, 36.0]"
ga,13,21,39.74929841107187,35.75,42.4,1.8792984110718713,5.8,13.847857142857142,23.617500000000003,9.769642857142859,True,0.0,hospital_corridor,28,12,"[11, 29, 47, 53, 61, 73, 89, 97, 101, 109]","[2.950954835501438, 3.8375966273243245, 0.9400727668345064, 0.5, 1.0]","{""time"": 1.0, ""collisions"": 0.05, ""congestion"": 1.0, ""fairness"": 0.0, ""incomplete_base"": 1000.0, ""incomplete_agent"": 10.0}","[44.34340659340659, 34.40754716981132, 34.621875, 33.47666666666667, 29.44056603773585, 41.349554896142436, 41.8, 51.24665314401623, 45.2220207253886, 41.58469387755102]","[36.4, 31.8, 32.0, 30.0, 26.5, 33.7, 40.0, 49.300000000000004, 38.6, 39.2]"
ga,13,22,44.821078246396446,40.650000000000006,50.4,1.6510782463964406,5.3,14.077142857142857,25.47083333333334,11.393690476190475,True,0.0,hospital_corridor,28,12,"[11, 29, 47, 53, 61, 73, 89, 97, 101, 109]","[2.949964873909443, 3.865596961790033, 0.9399746313343194, 0.5, 1.0]","{""time"": 1.0, ""collisions"": 0.05, ""congestion"": 1.0, ""fairness"": 0.0, ""incomplete_base"": 1000.0, ""incomplete_agent"": 10.0}","[86.37225806451613, 34.886923076923075, 33.901880877742954, 40.19698795180723, 29.949261992619927, 35.821875, 42.13, 47.588764044943815, 53.29114470842333, 44.07168674698795]","[77.5, 32.5, 31.900000000000002, 33.2, 27.1, 32.0, 40.0, 44.5, 46.300000000000004, 41.5]"
ga,13,23,1219.4891,100.0,21.9,0.3941,3.6,14.415879633524373,25.110694444444448,10.694814810920075,False,11.8,hospital_corridor,28,12,"[11, 29, 47, 53, 61, 73, 89, 97, 101, 109]","[2.9481284976901057, 3.483795267415036, 1.3148152252078171, 0.5, 1.0]","{""time"": 1.0, ""collisions"": 0.05, ""congestion"": 1.0, ""fairness"": 0.0, ""incomplete_base"": 1000.0, ""incomplete_agent"": 10.0}","[1203.8029999999999, 1300.831, 1201.031, 1220.889, 1210.878, 1180.829, 1171.583, 1163.713, 1230.808, 1310.526]","[100.0, 100.0, 100.0, 100.0, 100.0, 100.0, 100.0, 100.0, 100.0, 100.0]"
ga,14,0,36.84826308952923,32.29,55.9,1.7632630895292347,5.4,12.978214285714287,21.994166666666665,9.015952380952381,True,0.0,hospital_corridor,28,12,"[11, 29, 47, 53, 61, 73, 89, 97, 101, 109]","[3.041167919373871, 3.386995581571286, 0.9365780766198214, 0.5, 1.0]","{""time"": 1.0, ""collisions"": 0.05, ""congestion"": 1.0, ""fairness"": 0.0, ""incomplete_base"": 1000.0, ""incomplete_agent"": 10.0}","[37.53468013468014, 34.15299684542587, 32.990553745928345, 36.00692041522491, 29.75909090909091, 35.601246105919, 39.56612903225807, 39.61239669421488, 40.035329341317365, 43.22328767123288]","[29.700000000000003, 31.700000000000003, 30.700000000000003, 28.900000000000002, 26.400000000000002, 32.1, 37.2, 36.300000000000004, 33.4, 36.5]"
ga,14,1,37.5381071848565,34.529999999999994,26.8,1.6681071848564994,5.0,13.249285714285715,23.30166666666667,10.052380952380952,True,0.0,hospital_corridor,28,12,"[11, 29, 47, 53, 61, 73, 89, 97, 101, 109]","[2.952609136693085, 3.9118863503245596, 0.9394237289014196, 0.5, 1.0]","{""time"": 1.0, ""collisions"": 0.05, ""congestion"": 1.0, ""fairness"": 0.0, ""incomplete_base"": 1000.0, ""incomplete_agent"": 10.0}","[44.53831168831169, 34.24811320754716, 33.856918238993714, 32.622033898305084, 29.75, 38.29507042253521, 40.53850129198967, 44.99014084507043, 36.98252279635258, 39.55945945945946]","[38.5, 31.8, 31.8, 29.5, 27.0, 35.5, 38.7, 42.6, 32.9, 37.0]"
ga,14,2,39.26312383656272,34.45,60.9,1.7681238365627165,5.5,13.073928571428572,22.616666666666667,9.542738095238096,True,0.0,hospital_corridor,28,12,"[11, 29, 47, 53, 61, 73, 89, 97, 101, 109]","[2.945484234906464, 3.352195074441795, 0.9203792122526913, 0.5, 1.0]","{""time"": 1.0, ""collisions"": 0.05, ""congestion"": 1.0, ""fairness"": 0.0, ""incomplete_base"": 1000.0, ""incomplete_agent"": 10.0}","[47.175581395348836, 34.45700636942675, 38.23323782234957, 36.93039215686275, 42.384536082474234, 32.28469387755102, 41.0733681462141, 41.135347043701806, 39.29874213836478, 39.65833333333333]","[34.4, 31.400000000000002, 34.9, 30.6, 38.800000000000004, 29.400000000000002, 38.300000000000004, 38.900000000000006, 31.8, 36.0]"
ga,14,3,40.714332082709,34.87,82.5,1.7193320827090024,4.7,13.348571428571429,23.251666666666672,9.903095238095238,True,0.0,hospital_corridor,28,12,"[11, 29, 47, 53, 61, 73, 89, 97, 101, 109]","[3.049759946939465, 3.40911708973853, 0.9302945486928309, 0.5, 1.0]","{""time"": 1.0, ""collisions"": 0.05, ""congestion"": 1.0, ""fairness"": 0.0, ""incomplete_base"": 1000.0, ""incomplete_agent"": 10.0}","[63.99913606911447, 36.584939759036146, 37.864179104477614, 41.95507246376812, 28.607854406130272, 33.607679180887374, 39.99568733153639, 45.27205882352942, 38.715047021943576, 40.541666666666664]","[46.300000000000004, 33.2, 33.5, 34.5, 26.1, 29.3, 37.1, 40.800000000000004, 31.900000000000002, 36.0]"
ga,14,4,40.230175065619434,34.75,77.9,1.58517506561943,5.4,12.831071428571429,22.583333333333336,9.752261904761905,True,0.0,hospital_corridor,28,12,"[11, 29, 47, 53, 61, 73, 89, 97, 101, 109]","[3.134020895317699, 3.3887172755178785, 0.9338536807039841, 0.5, 1.0]","{""time"": 1.0, ""collisions"": 0.05, ""congestion"": 1.0, ""fairness"": 0.0, ""incomplete_base"": 1000.0, ""incomplete_agent"": 10.0}","[50.578647214854115, 34.388364779874216, 32.18063973063973, 56.7945945945946, 34.55684039087948, 33.15169491525424, 40.16720430107527, 41.853887399463815, 36.17802547770701, 42.451851851851856]","[37.7, 31.8, 29.700000000000003, 44.400000000000006, 30.700000000000003, 29.5, 37.2, 37.300000000000004, 31.400000000000002, 37.800000000000004]"
ga,14,5,39.087779285015046,34.160000000000004,64.5,1.702779285015038,5.1,13.219999999999999,22.628333333333334,9.408333333333333,True,0.0,hospital_corridor,28,12,"[11, 29, 47, 53, 61, 73, 89, 97, 101, 109]","[2.8486971842212028, 3.395552819069857, 0.9337246026124812, 0.5, 1.0]","{""time"": 1.0, ""collisions"": 0.05, ""congestion"": 1.0, ""fairness"": 0.0, ""incomplete_base"": 1000.0, ""incomplete_agent"": 10.0}","[55.108937198067636, 35.27996941896025, 34.53641975308641, 39.82817337461301, 29.11132075471698, 37.9157060518732, 41.18753180661578, 39.806164383561644, 42.24754601226994, 35.856024096385546]","[41.400000000000006, 32.7, 32.4, 32.300000000000004, 26.5, 34.7, 39.300000000000004, 36.5, 32.6, 33.2]"
ga,14,6,39.39639097630493,35.66000000000001,39.8,1.7463909763049181,5.2,13.818214285714285,23.635833333333338,9.817619047619049,True,0.0,hospital_corridor,28,12,"[11, 29, 47, 53, 61, 73, 89, 97, 101, 109]","[2.9457111965998637, 3.7951252544725396, 0.9399119908166527, 0.5, 1.0]","{""time"": 1.0, ""collisions"": 0.05, ""congestion"": 1.0, ""fairness"": 0.0, ""incomplete_base"": 1000.0, ""incomplete_agent"": 10.0}","[47.274637681159426, 34.665625, 36.650000000000006, 36.21463414634147, 29.165037593984966, 38.931858407079645, 41.55976253298153, 44.84718309859155, 37.90950920245399, 46.74566210045663]","[41.400000000000006, 32.0, 33.0, 32.800000000000004, 26.6, 33.9, 37.9, 42.6, 32.6, 43.800000000000004]"
ga,14,7,40.22868753545355,35.85000000000001,56.1,1.573687535453543,5.0,13.349285714285713,23.017500000000002,9.668214285714289,True,0.0,hospital_corridor,28,12,"[11, 29, 47, 53, 61, 73, 89, 97, 101, 109]","[2.928933504041298, 3.4163406975008286, 0.9396084171717776, 0.5, 1.0]","{""time"": 1.0, ""collisions"": 0.05, ""congestion"": 1.0, ""fairness"": 0.0, ""incomplete_base"": 1000.0, ""incomplete_agent"": 10.0}","[48.96479591836735, 35.74329268292683, 34.183228840125395, 41.443837535014005, 28.899808429118774, 35.424922600619205, 42.674691358024695, 41.789378238341975, 43.771159029649596, 49.391760722347634]","[39.2, 32.800000000000004, 31.900000000000002, 35.7, 26.1, 32.300000000000004, 40.5, 38.6, 37.1, 44.300000000000004]"
ga,14,8,38.62014223127901,34.00000000000001,56.6,1.7901422312790092,5.0,13.14,22.6125,9.4725,True,0.0,hospital_corridor,28,12,"[11, 29, 47, 53, 61, 73, 89, 97, 101, 109]","[3.3579188142619407, 3.9836237552970655, 0.9286489424039409, 0.5, 1.0]","{""time"": 1.0, ""collisions"": 0.05, ""congestion"": 1.0, ""fairness"": 0.0, ""incomplete_base"": 1000.0, ""incomplete_agent"": 10.0}","[56.56405529953917, 41.70013054830287, 32.735593220338984, 37.07950819672131, 33.317275747508305, 33.5242671009772, 38.77777777777778, 38.50179063360882, 38.91707317073171, 35.083950617283946]","[43.400000000000006, 38.300000000000004, 29.5, 30.5, 30.1, 30.700000000000003, 36.0, 36.300000000000004, 32.800000000000004, 32.4]"
ga,14,9,1134.234000983531,93.53999999999999,22.1,0.5890009835308094,4.4,15.419811199267722,27.26839393939394,11.848582740126218,False,3.9,hospital_corridor,28,12,"[11, 29, 47, 53, 61, 73, 89, 97, 101, 109]","[2.9504451448013196, 3.9252360762927516, 1.063457882745865, 0.5, 1.0]","{""time"": 1.0, ""collisions"": 0.05, ""congestion"": 1.0, ""fairness"": 0.0, ""incomplete_base"": 1000.0, ""incomplete_agent"": 10.0}","[1152.554, 1161.317, 62.479268292682924, 1161.21, 1200.641, 75.21874154262518, 1140.67, 1121.806, 1125.309, 1141.135]","[100.0, 100.0, 61.5, 100.0, 100.0, 73.9, 100.0, 100.0, 100.0, 100.0]"
ga,14,10,1133.6792063711912,93.61,69.3,0.6042063711911357,4.3,13.13655915935916,24.16130303030303,11.024743870943873,False,3.6,hospital_corridor,28,12,"[11, 29, 47, 53, 61, 73, 89, 97, 101, 109]","[3.53270435332578, 3.5662634598076943, 1.1047069044218039, 0.5, 1.0]","{""time"": 1.0, ""collisions"": 0.05, ""congestion"": 1.0, ""fairness"": 0.0, ""incomplete_base"": 1000.0, ""incomplete_agent"": 10.0}","[1150.182, 1161.969, 1113.113, 1161.889, 1170.786, 1141.996, 1144.358, 1126.8, 41.05706371191136, 1124.642]","[100.0, 100.0, 100.0, 100.0, 100.0, 100.0, 100.0, 100.0, 36.1, 100.0]"
ga,14,11,41.300407541605594,36.97,52.6,1.7004075416055955,5.1,13.649285714285714,23.8525,10.203214285714285,True,0.0,hospital_corridor,28,12,"[11, 29, 47, 53, 61, 73, 89, 97, 101, 109]","[3.027509055568892, 3.754739980255395, 0.9356848726925082, 0.5, 1.0]","{""time"": 1.0, ""collisions"": 0.05, ""congestion"": 1.0, ""fairness"": 0.0, ""incomplete_base"": 1000.0, ""incomplete_agent"": 10.0}","[64.97541436464088, 34.71457680250784, 36.1030487804878, 46.02153284671533, 28.653831417624524, 35.852409638554214, 40.98947368421052, 47.966629711751665, 38.84373040752351, 38.883427762039666]","[54.300000000000004, 31.900000000000002, 32.800000000000004, 41.1, 26.1, 33.2, 38.0, 45.1, 31.900000000000002, 35.300000000000004]"
ga,14,12,42.361445605249536,39.080000000000005,33.6,1.6014456052495323,5.2,13.801785714285714,25.175,11.373214285714285,True,0.0,hospital_corridor,28,12,"[11, 29, 47, 53, 61, 73, 89, 97, 101, 109]","[2.83664454164256, 3.8979298262964286, 0.9354779535844928, 0.5, 1.0]","{""time"": 1.0, ""collisions"": 0.05, ""congestion"": 1.0, ""fairness"": 0.0, ""incomplete_base"": 1000.0, ""incomplete_agent"": 10.0}","[54.45744680851064, 50.392918454935625, 34.13074534161491, 37.0183284457478, 37.22159090909091, 36.61011730205279, 41.83762886597939, 52.90393700787402, 38.12581602373888, 40.915926892950395]","[47.0, 46.6, 32.2, 34.1, 35.2, 34.1, 38.800000000000004, 50.800000000000004, 33.7, 38.300000000000004]"
ga,14,13,40.40927378729142,34.83,75.3,1.8142737872914207,5.3,13.985,23.309166666666663,9.324166666666668,True,0.0,hospital_corridor,28,12,"[11, 29, 47, 53, 61, 73, 89, 97, 101, 109]","[2.9214014034674163, 3.7726771955842295, 0.9190406145488823, 0.5, 1.0]","{""time"": 1.0, ""collisions"": 0.05, ""congestion"": 1.0, ""fairness"": 0.0, ""incomplete_base"": 1000.0, ""incomplete_agent"": 10.0}","[70.33387096774193, 35.030650154798764, 36.10712074303406, 34.49466019417476, 31.468637992831546, 35.386538461538464, 42.000516795865636, 39.56266666666667, 43.066847826086956, 36.641228070175444]","[46.5, 32.300000000000004, 32.300000000000004, 30.900000000000002, 27.900000000000002, 31.200000000000003, 38.7, 37.5, 36.800000000000004, 34.2]"
ga,14,14,39.357359670768986,34.260000000000005,68.6,1.6673596707689835,4.9,13.317142857142859,22.6025,9.285357142857142,True,0.0,hospital_corridor,28,12,"[11, 29, 47, 53, 61, 73, 89, 97, 101, 109]","[3.0672848273785025, 3.423029856662812, 0.9308852791409066, 0.5, 1.0]","{""time"": 1.0, ""collisions"": 0.05, ""congestion"": 1.0, ""fairness"": 0.0, ""incomplete_base"": 1000.0, ""incomplete_agent"": 10.0}","[53.36943765281174, 34.65793650793651, 33.08627450980392, 49.36272493573265, 29.667424242424243, 33.71447368421053, 41.15051813471503, 45.10814536340853, 36.0875, 37.369161676646705]","[40.900000000000006, 31.5, 30.6, 38.900000000000006, 26.400000000000002, 30.400000000000002, 38.6, 39.900000000000006, 32.0, 33.4]"
ga,14,15,40.64096535956128,32.040000000000006,138.6,1.6709653595612728,5.0,12.505357142857145,21.5625,9.057142857142859,True,0.0,hospital_corridor,28,12,"[11, 29, 47, 53, 61, 73, 89, 97, 101, 109]","[3.111084286889229, 2.781138373387748, 0.9300281967275698, 0.5, 1.0]","{""time"": 1.0, ""collisions"": 0.05, ""congestion"": 1.0, ""fairness"": 0.0, ""incomplete_base"": 1000.0, ""incomplete_agent"": 10.0}","[54.44516129032258, 34.21449511400652, 32.99333333333333, 41.79186851211073, 36.46775244299675, 35.36906354515051, 46.942036553524815, 46.94226519337017, 38.44516129032258, 38.79851632047478]","[31.0, 30.700000000000003, 30.0, 28.900000000000002, 30.700000000000003, 29.900000000000002, 38.300000000000004, 36.2, 31.0, 33.7]"
ga,14,16,38.43712979549704,32.05,91.7,1.802129795497046,5.9,12.247857142857145,21.278333333333336,9.03047619047619,True,0.0,hospital_corridor,28,12,"[11, 29, 47, 53, 61, 73, 89, 97, 101, 109]","[3.431420832415907, 3.5713178484285173, 0.8994093220617562, 0.5, 1.0]","{""time"": 1.0, ""collisions"": 0.05, ""congestion"": 1.0, ""fairness"": 0.0, ""incomplete_base"": 1000.0, ""incomplete_agent"": 10.0}","[49.485835694051, 33.95454545454545, 33.856802721088435, 39.09913494809689, 35.82947882736157, 34.47434210526316, 37.24006211180125, 45.884328358208954, 39.203289473684215, 35.34347826086957]","[35.300000000000004, 30.8, 29.400000000000002, 28.900000000000002, 30.700000000000003, 30.400000000000002, 32.2, 40.2, 30.400000000000002, 32.2]"
ga,14,17,177.1270845043299,30.419999999999998,2894.6,1.9770845043299095,6.0,11.681785714285715,20.611666666666668,8.929880952380952,True,0.0,hospital_corridor,28,12,"[11, 29, 47, 53, 61, 73, 89, 97, 101, 109]","[3.231611455982967, 3.6191425224705114, 0.641728465866362, 0.5, 1.0]","{""time"": 1.0, ""collisions"": 0.05, ""congestion"": 1.0, ""fairness"": 0.0, ""incomplete_base"": 1000.0, ""incomplete_agent"": 10.0}","[203.56762917933133, 181.91374570446737, 154.37586206896552, 189.48290734824283, 181.1921052631579, 132.41137184115524, 184.38128834355828, 206.076443768997, 171.16949152542372, 166.7]","[32.9, 29.1, 29.0, 31.3, 28.5, 27.700000000000003, 32.6, 32.9, 29.5, 30.700000000000003]"
ga,14,18,37.479922141300335,33.16,50.0,1.8199221413003421,5.2,12.881428571428572,22.72666666666667,9.845238095238097,True,0.0,hospital_corridor,28,12,"[11, 29, 47, 53, 61, 73, 89, 97, 101, 109]","[2.951386460555317, 3.8984782057638467, 0.8848704621666463, 0.5, 1.0]","{""time"": 1.0, ""collisions"": 0.05, ""congestion"": 1.0, ""fairness"": 0.0, ""incomplete_base"": 1000.0, ""incomplete_agent"": 10.0}","[47.26530343007916, 34.52515923566879, 32.57333333333334, 35.25097719869707, 29.632758620689657, 41.84166666666667, 40.642175066313, 39.787465940054496, 37.7136645962733, 35.56671732522796]","[37.9, 31.400000000000002, 30.0, 30.700000000000003, 26.1, 36.0, 37.7, 36.7, 32.2, 32.9]"
ga,14,19,40.539005204363264,33.49,106.2,1.7390052043632558,5.0,12.730357142857143,22.82333333333333,10.092976190476193,True,0.0,hospital_corridor,28,12,"[11, 29, 47, 53, 61, 73, 89, 97, 101, 109]","[2.9521775116392064, 2.8782907680803804, 0.939814425189505, 0.5, 1.0]","{""time"": 1.0, ""collisions"": 0.05, ""congestion"": 1.0, ""fairness"": 0.0, ""incomplete_base"": 1000.0, ""incomplete_agent"": 10.0}","[52.68603988603989, 37.998461538461534, 33.563430420711974, 45.6719512195122, 30.989705882352943, 36.74561128526646, 42.2197889182058, 44.505, 42.843396226415095, 38.16666666666667]","[35.1, 32.5, 30.900000000000002, 32.800000000000004, 27.200000000000003, 31.900000000000002, 37.9, 40.0, 31.8, 34.800000000000004]"
ga,14,20,38.32638421415345,34.86,32.7,1.831384214153455,5.5,13.481785714285715,23.663333333333334,10.181547619047619,True,0.0,hospital_corridor,28,12,"[11, 29, 47, 53, 61, 73, 89, 97, 101, 109]","[2.9513165947178077, 3.910646388985616, 0.9398186561331046, 0.5, 1.0]","{""time"": 1.0, ""collisions"": 0.05, ""congestion"": 1.0, ""fairness"": 0.0, ""incomplete_base"": 1000.0, ""incomplete_agent"": 10.0}","[41.101558073654395, 34.94723926380369, 33.96755485893417, 35.31803278688525, 30.06277372262774, 36.612500000000004, 41.07291666666667, 48.13215859030838, 36.534375, 45.514733178654296]","[35.300000000000004, 32.6, 31.900000000000002, 30.5, 27.400000000000002, 32.0, 38.400000000000006, 45.400000000000006, 32.0, 43.1]"
ga,14,21,41.64986529672472,32.49,149.1,1.704865296724717,5.2,12.2925,21.945833333333333,9.653333333333332,True,0.0,hospital_corridor,28,12,"[11, 29, 47, 53, 61, 73, 89, 97, 101, 109]","[3.651997300958163, 3.293088224642686, 0.9396778396028216, 0.5, 1.0]","{""time"": 1.0, ""collisions"": 0.05, ""congestion"": 1.0, ""fairness"": 0.0, ""incomplete_base"": 1000.0, ""incomplete_agent"": 10.0}","[58.809195402298855, 43.74886363636364, 32.21369863013699, 54.241573033707866, 34.914406779661014, 34.80172413793103, 42.638728323699425, 39.91449704142012, 39.50986842105263, 35.706097560975614]","[34.800000000000004, 35.2, 29.200000000000003, 35.6, 29.5, 29.0, 34.6, 33.800000000000004, 30.400000000000002, 32.800000000000004]"
ga,14,22,38.103202234670434,35.00000000000001,29.1,1.6482022346704308,4.9,13.1775,23.1175,9.940000000000001,True,0.0,hospital_corridor,28,12,"[11, 29, 47, 53, 61, 73, 89, 97, 101, 109]","[2.833824520149121, 3.8258708885022363, 0.9198910477488631, 0.5, 1.0]","{""time"": 1.0, ""collisions"": 0.05, ""congestion"": 1.0, ""fairness"": 0.0, ""incomplete_base"": 1000.0, ""incomplete_agent"": 10.0}","[46.34784688995216, 34.26875, 33.88492063492063, 40.21666666666667, 29.03802281368821, 33.99935275080907, 40.99132653061225, 43.82572815533981, 40.185446685878965, 38.27396121883656]","[41.800000000000004, 32.0, 31.5, 36.300000000000004, 26.3, 30.900000000000002, 39.2, 41.2, 34.7, 36.1]"
ga,14,23,1195.9380092213942,38.36000000000001,3094.1,1.8730092213940908,6.5,12.280000000000003,21.438636363636366,9.158636363636365,False,0.1,hospital_corridor,28,12,"[11, 29, 47, 53, 61, 73, 89, 97, 101, 109]","[2.924221424960855, 3.844736133378422, 0.5755030535971812, 0.5, 1.0]","{""time"": 1.0, ""collisions"": 0.05, ""congestion"": 1.0, ""fairness"": 0.0, ""incomplete_base"": 1000.0, ""incomplete_agent"": 10.0}","[1285.685, 196.95000000000002, 148.39864864864865, 206.45611620795106, 198.92586206896553, 132.37168458781363, 195.90540540540542, 229.19153846153847, 194.35289389067523, 171.14294294294297]","[100.0, 30.5, 29.6, 32.7, 29.0, 27.900000000000002, 37.0, 32.5, 31.1, 33.300000000000004]"
ga,15,0,36.84826308952923,32.29,55.9,1.7632630895292347,5.4,12.978214285714287,21.994166666666665,9.015952380952381,True,0.0,hospital_corridor,28,12,"[11, 29, 47, 53, 61, 73, 89, 97, 101, 109]","[3.041167919373871, 3.386995581571286, 0.9365780766198214, 0.5, 1.0]","{""time"": 1.0, ""collisions"": 0.05, ""congestion"": 1.0, ""fairness"": 0.0, ""incomplete_base"": 1000.0, ""incomplete_agent"": 10.0}","[37.53468013468014, 34.15299684542587, 32.990553745928345, 36.00692041522491, 29.75909090909091, 35.601246105919, 39.56612903225807, 39.61239669421488, 40.035329341317365, 43.22328767123288]","[29.700000000000003, 31.700000000000003, 30.700000000000003, 28.900000000000002, 26.400000000000002, 32.1, 37.2, 36.300000000000004, 33.4, 36.5]"
ga,15,1,37.479922141300335,33.16,50.0,1.8199221413003421,5.2,12.881428571428572,22.72666666666667,9.845238095238097,True,0.0,hospital_corridor,28,12,"[11, 29, 47, 53, 61, 73, 89, 97, 101, 109]","[2.951386460555317, 3.8984782057638467, 0.8848704621666463, 0.5, 1.0]","{""time"": 1.0, ""collisions"": 0.05, ""congestion"": 1.0, ""fairness"": 0.0, ""incomplete_base"": 1000.0, ""incomplete_agent"": 10.0}","[47.26530343007916, 34.52515923566879, 32.57333333333334, 35.25097719869707, 29.632758620689657, 41.84166666666667, 40.642175066313, 39.787465940054496, 37.7136645962733, 35.56671732522796]","[37.9, 31.400000000000002, 30.0, 30.700000000000003, 26.1, 36.0, 37.7, 36.7, 32.2, 32.9]"
ga,15,2,40.308022209520594,34.37,83.1,1.7830222095205965,5.3,13.074642857142857,22.91416666666667,9.839523809523811,True,0.0,hospital_corridor,28,12,"[11, 29, 47, 53, 61, 73, 89, 97, 101, 109]","[3.0198277025911073, 3.369151194197805, 0.9349840632344716, 0.5, 1.0]","{""time"": 1.0, ""collisions"": 0.05, ""congestion"": 1.0, ""fairness"": 0.0, ""incomplete_base"": 1000.0, ""incomplete_agent"": 10.0}","[60.175669099756696, 34.77727272727273, 33.10048543689321, 59.3933962264151, 29.926923076923075, 32.96621621621622, 39.68875338753388, 39.39385474860336, 37.787898089171975, 35.86975308641975]","[41.1, 31.900000000000002, 30.900000000000002, 47.7, 26.0, 29.6, 36.9, 35.800000000000004, 31.400000000000002, 32.4]"
ga,15,3,42.02718424024032,34.5,116.0,1.727184240240319,5.1,13.021071428571428,22.625833333333336,9.604761904761904,True,0.0,hospital_corridor,28,12,"[11, 29, 47, 53, 61, 73, 89, 97, 101, 109]","[3.289056797583137, 3.370039461815276, 0.9219732256380411, 0.5, 1.0]","{""time"": 1.0, ""collisions"": 0.05, ""congestion"": 1.0, ""fairness"": 0.0, ""incomplete_base"": 1000.0, ""incomplete_agent"": 10.0}","[72.13735498839907, 39.25206489675516, 34.60338983050847, 36.53163265306123, 35.32093023255814, 32.78037542662116, 50.175615212527966, 41.577077747989286, 40.86578947368422, 37.027611940298506]","[43.1, 33.9, 29.5, 29.400000000000002, 30.1, 29.3, 44.7, 37.300000000000004, 34.2, 33.5]"
ga,15,4,38.55047864278561,34.57,46.4,1.6604786427856137,5.0,13.1775,23.158333333333335,9.980833333333333,True,0.0,hospital_corridor,28,12,"[11, 29, 47, 53, 61, 73, 89, 97, 101, 109]","[3.024499707851682, 3.67890802168676, 0.9330842413366758, 0.5, 1.0]","{""time"": 1.0, ""collisions"": 0.05, ""congestion"": 1.0, ""fairness"": 0.0, ""incomplete_base"": 1000.0, ""incomplete_agent"": 10.0}","[43.671186440677964, 38.268965517241384, 36.221518987341774, 42.43387096774194, 39.687870619946096, 32.038983050847456, 39.0485254691689, 40.10263157894737, 38.098101265822784, 35.93313253012049]","[35.4, 34.800000000000004, 31.6, 37.2, 37.1, 29.5, 37.300000000000004, 38.0, 31.6, 33.2]"
ga,15,5,40.29427090060845,35.93,52.3,1.7492709006084546,5.3,13.377857142857144,23.8675,10.489642857142858,True,0.0,hospital_corridor,28,12,"[11, 29, 47, 53, 61, 73, 89, 97, 101, 109]","[2.988496316126684, 3.5392470894485912, 0.9377130286208835, 0.5, 1.0]","{""time"": 1.0, ""collisions"": 0.05, ""congestion"": 1.0, ""fairness"": 0.0, ""incomplete_base"": 1000.0, ""incomplete_agent"": 10.0}","[49.525, 42.50818414322251, 39.44550561797753, 39.45783132530121, 29.054372623574146, 41.005660377358495, 40.6853470437018, 42.17819548872181, 38.637304075235114, 40.44530831099196]","[40.0, 39.1, 35.6, 33.2, 26.3, 37.1, 38.900000000000006, 39.900000000000006, 31.900000000000002, 37.300000000000004]"
ga,15,6,37.560103927697895,34.040000000000006,34.7,1.7851039276978895,5.2,13.006785714285716,22.391666666666666,9.384880952380954,True,0.0,hospital_corridor,28,12,"[11, 29, 47, 53, 61, 73, 89, 97, 101, 109]","[2.9456713708296056, 3.6720992682758267, 0.9276360844268858, 0.5, 1.0]","{""time"": 1.0, ""collisions"": 0.05, ""congestion"": 1.0, ""fairness"": 0.0, ""incomplete_base"": 1000.0, ""incomplete_agent"": 10.0}","[45.71410256410256, 34.10222929936306, 34.821875, 34.04395973154362, 29.47404580152672, 35.253125, 41.320512820512825, 41.13061224489796, 44.13756476683938, 35.603012048192774]","[39.0, 31.400000000000002, 32.0, 29.8, 26.200000000000003, 32.0, 39.0, 39.2, 38.6, 33.2]"
ga,15,7,37.23084860808178,33.22,48.1,1.605848608081778,4.9,12.8175,22.859166666666667,10.041666666666666,True,0.0,hospital_corridor,28,12,"[11, 29, 47, 53, 61, 73, 89, 97, 101, 109]","[2.945524060676722, 3.475221060638508, 0.9326551186424581, 0.5, 1.0]","{""time"": 1.0, ""collisions"": 0.05, ""congestion"": 1.0, ""fairness"": 0.0, ""incomplete_base"": 1000.0, ""incomplete_agent"": 10.0}","[44.73409090909091, 36.11456456456457, 33.28709677419355, 37.59831804281346, 28.807692307692307, 33.620538720538725, 40.32291666666667, 38.28785310734463, 42.03835616438356, 37.497058823529414]","[35.2, 33.300000000000004, 31.0, 32.7, 26.0, 29.700000000000003, 38.400000000000006, 35.4, 36.5, 34.0]"
ga,15,8,38.28635902111788,34.510000000000005,39.3,1.8113590211178756,5.1,13.564285714285713,22.825,9.260714285714286,True,0.0,hospital_corridor,28,12,"[11, 29, 47, 53, 61, 73, 89, 97, 101, 109]","[3.1353234949961823, 3.93688871997543, 0.9370713854820043, 0.5, 1.0]","{""time"": 1.0, ""collisions"": 0.05, ""congestion"": 1.0, ""fairness"": 0.0, ""incomplete_base"": 1000.0, ""incomplete_agent"": 10.0}","[44.46878453038674, 34.267554858934176, 32.73078175895766, 34.08802588996764, 30.4629963898917, 39.97374301675978, 43.428155339805826, 39.70921409214092, 47.91481481481481, 35.819519519519524]","[36.2, 31.900000000000002, 30.700000000000003, 30.900000000000002, 27.700000000000003, 35.800000000000004, 41.2, 36.9, 40.5, 33.300000000000004]"
ga,15,9,37.207030151137594,33.480000000000004,40.8,1.687030151137591,4.9,12.780357142857145,22.320833333333333,9.54047619047619,True,0.0,hospital_corridor,28,12,"[11, 29, 47, 53, 61, 73, 89, 97, 101, 109]","[3.1739119139835656, 3.9573814243072514, 0.9313962130550412, 0.5, 1.0]","{""time"": 1.0, ""collisions"": 0.05, ""congestion"": 1.0, ""fairness"": 0.0, ""incomplete_base"": 1000.0, ""incomplete_agent"": 10.0}","[50.17396088019561, 37.89237288135593, 33.007236842105264, 33.88557046979866, 29.118867924528303, 32.153424657534245, 37.38142857142857, 45.61342925659473, 36.06619937694704, 36.77781065088758]","[40.900000000000006, 35.4, 30.400000000000002, 29.8, 26.5, 29.200000000000003, 35.0, 41.7, 32.1, 33.800000000000004]"
ga,15,10,37.5381071848565,34.529999999999994,26.8,1.6681071848564994,5.0,13.249285714285715,23.30166666666667,10.052380952380952,True,0.0,hospital_corridor,28,12,"[11, 29, 47, 53, 61, 73, 89, 97, 101, 109]","[2.952609136693085, 3.9118863503245596, 0.9394237289014196, 0.5, 1.0]","{""time"": 1.0, ""collisions"": 0.05, ""congestion"": 1.0, ""fairness"": 0.0, ""incomplete_base"": 1000.0, ""incomplete_agent"": 10.0}","[44.53831168831169, 34.24811320754716, 33.856918238993714, 32.622033898305084, 29.75, 38.29507042253521, 40.53850129198967, 44.99014084507043, 36.98252279635258, 39.55945945945946]","[38.5, 31.8, 31.8, 29.5, 27.0, 35.5, 38.7, 42.6, 32.9, 37.0]"
ga,15,11,1187.2634965406003,37.0,2948.0,1.86349654060021,5.9,11.57392857142857,20.30439393939394,8.730465367965369,False,0.1,hospital_corridor,28,12,"[11, 29, 47, 53, 61, 73, 89, 97, 101, 109]","[3.5923463123602843, 3.8258708885022363, 0.5, 0.5, 1.0]","{""time"": 1.0, ""collisions"": 0.05, ""congestion"": 1.0, ""fairness"": 0.0, ""incomplete_base"": 1000.0, ""incomplete_agent"": 10.0}","[1308.271, 186.15087719298248, 141.17605633802816, 157.3901337792642, 195.18050541516246, 138.53868613138687, 175.8530864197531, 245.49405099150144, 154.03198757763977, 170.5485815602837]","[100.0, 28.5, 28.400000000000002, 29.900000000000002, 27.700000000000003, 27.400000000000002, 32.4, 35.300000000000004, 32.2, 28.200000000000003]"
ga,15,12,38.51479198424871,34.989999999999995,38.3,1.609791984248714,5.1,13.144285714285715,22.7425,9.598214285714288,True,0.0,hospital_corridor,28,12,"[11, 29, 47, 53, 61, 73, 89, 97, 101, 109]","[2.9773061510869736, 3.769396826328109, 0.9395392720954607, 0.5, 1.0]","{""time"": 1.0, ""collisions"": 0.05, ""congestion"": 1.0, ""fairness"": 0.0, ""incomplete_base"": 1000.0, ""incomplete_agent"": 10.0}","[56.45010615711253, 34.57711598746082, 33.78291139240506, 40.82395543175487, 29.203731343283582, 34.15923566878981, 42.05373134328359, 41.03597883597884, 35.66172839506173, 37.39942528735633]","[47.1, 31.900000000000002, 31.6, 35.9, 26.8, 31.400000000000002, 40.2, 37.800000000000004, 32.4, 34.800000000000004]"
ga,15,13,39.997624984249924,33.07000000000001,104.9,1.6826249842499106,5.1,12.713571428571429,21.9825,9.268928571428573,True,0.0,hospital_corridor,28,12,"[11, 29, 47, 53, 61, 73, 89, 97, 101, 109]","[3.3327637937122296, 3.414445703662309, 0.934226399425176, 0.5, 1.0]","{""time"": 1.0, ""collisions"": 0.05, ""congestion"": 1.0, ""fairness"": 0.0, ""incomplete_base"": 1000.0, ""incomplete_agent"": 10.0}","[53.842780748663095, 33.62875816993464, 33.093069306930694, 47.705722070844686, 34.689297658862884, 34.18883161512028, 44.985326086956526, 38.81095890410959, 41.53135048231511, 37.50015479876161]","[37.4, 30.6, 30.3, 36.7, 29.900000000000002, 29.1, 36.800000000000004, 36.5, 31.1, 32.300000000000004]"
ga,15,14,43.67334022517751,40.160000000000004,37.8,1.623340225177508,4.5,14.272500000000003,26.14166666666667,11.869166666666667,True,0.0,hospital_corridor,28,12,"[11, 29, 47, 53, 61, 73, 89, 97, 101, 109]","[2.833824520149121, 3.8258708885022363, 0.9571326260991526, 0.5, 1.0]","{""time"": 1.0, ""collisions"": 0.05, ""congestion"": 1.0, ""fairness"": 0.0, ""incomplete_base"": 1000.0, ""incomplete_agent"": 10.0}","[59.297248576850095, 37.42653958944282, 45.49976525821596, 43.86144278606966, 31.188327526132404, 41.83860103626943, 39.84473684210526, 52.67061855670103, 40.94848484848485, 44.157637231503585]","[52.7, 34.1, 42.6, 40.2, 28.700000000000003, 38.6, 38.0, 48.5, 36.300000000000004, 41.900000000000006]"
ga,15,15,38.103202234670434,35.00000000000001,29.1,1.6482022346704308,4.9,13.1775,23.1175,9.940000000000001,True,0.0,hospital_corridor,28,12,"[11, 29, 47, 53, 61, 73, 89, 97, 101, 109]","[2.833824520149121, 3.8258708885022363, 0.9198910477488631, 0.5, 1.0]","{""time"": 1.0, ""collisions"": 0.05, ""congestion"": 1.0, ""fairness"": 0.0, ""incomplete_base"": 1000.0, ""incomplete_agent"": 10.0}","[46.34784688995216, 34.26875, 33.88492063492063, 40.21666666666667, 29.03802281368821, 33.99935275080907, 40.99132653061225, 43.82572815533981, 40.185446685878965, 38.27396121883656]","[41.800000000000004, 32.0, 31.5, 36.300000000000004, 26.3, 30.900000000000002, 39.2, 41.2, 34.7, 36.1]"
ga,15,16,41.050461944354936,36.04,66.9,1.6654619443549368,5.0,13.662857142857144,23.273333333333333,9.610476190476192,True,0.0,hospital_corridor,28,12,"[11, 29, 47, 53, 61, 73, 89, 97, 101, 109]","[2.957779196091865, 3.468737411621578, 0.93819045644346, 0.5, 1.0]","{""time"": 1.0, ""collisions"": 0.05, ""congestion"": 1.0, ""fairness"": 0.0, ""incomplete_base"": 1000.0, ""incomplete_agent"": 10.0}","[67.38684210526317, 36.537425149700596, 35.456250000000004, 40.60753424657535, 35.66212121212121, 37.28795180722892, 39.86758530183727, 39.4532697547684, 40.59578313253012, 37.64985673352435]","[49.400000000000006, 33.4, 32.0, 36.5, 33.0, 33.2, 38.1, 36.7, 33.2, 34.9]"
ga,15,17,41.6113635984239,37.769999999999996,44.1,1.6363635984239064,5.0,13.689642857142857,24.222500000000004,10.532857142857143,True,0.0,hospital_corridor,28,12,"[11, 29, 47, 53, 61, 73, 89, 97, 101, 109]","[3.034705317999814, 3.828904558935324, 0.938206276309466, 0.5, 1.0]","{""time"": 1.0, ""collisions"": 0.05, ""congestion"": 1.0, ""fairness"": 0.0, ""incomplete_base"": 1000.0, ""incomplete_agent"": 10.0}","[48.18846153846154, 34.59797507788162, 32.59495114006515, 45.01195928753181, 49.74234800838575, 40.01388888888889, 39.91413612565445, 41.46688311688312, 45.816831683168324, 38.76620111731844]","[39.0, 32.1, 30.700000000000003, 39.300000000000004, 47.7, 36.0, 38.2, 38.5, 40.400000000000006, 35.800000000000004]"
ga,15,18,40.816607836161815,37.37,36.5,1.621607836161815,5.0,13.415714285714287,24.011666666666667,10.59595238095238,True,0.0,hospital_corridor,28,12,"[11, 29, 47, 53, 61, 73, 89, 97, 101, 109]","[2.833824520149121, 4.004480763734968, 0.9198910477488631, 0.5, 1.0]","{""time"": 1.0, ""collisions"": 0.05, ""congestion"": 1.0, ""fairness"": 0.0, ""incomplete_base"": 1000.0, ""incomplete_agent"": 10.0}","[48.92988505747126, 34.84086687306502, 34.688036809815955, 49.38372093023256, 28.98383458646617, 34.99329268292683, 41.92194513715711, 42.84574209245742, 55.84381443298969, 35.734939759036145]","[43.5, 32.300000000000004, 32.6, 43.0, 26.6, 32.800000000000004, 40.1, 41.1, 48.5, 33.2]"
ga,15,19,1200.1712,100.0,13.9,0.47620000000000007,3.7,15.367917693049758,27.029975829725835,11.662058136676071,False,9.9,hospital_corridor,28,12,"[11, 29, 47, 53, 61, 73, 89, 97, 101, 109]","[2.893118003029607, 3.9118863503245596, 1.2209744752083005, 0.5, 1.0]","{""time"": 1.0, ""collisions"": 0.05, ""congestion"": 1.0, ""fairness"": 0.0, ""incomplete_base"": 1000.0, ""incomplete_agent"": 10.0}","[1191.876, 1241.968, 1180.666, 1200.978, 1210.988, 1180.677, 1160.689, 1201.857, 1161.525, 1270.488]","[100.0, 100.0, 100.0, 100.0, 100.0, 100.0, 100.0, 100.0, 100.0, 100.0]"
ga,15,20,39.76204698046311,34.540000000000006,72.0,1.6220469804631066,5.2,12.876785714285713,22.878333333333334,10.00154761904762,True,0.0,hospital_corridor,28,12,"[11, 29, 47, 53, 61, 73, 89, 97, 101, 109]","[3.0164628248708203, 3.215222477590623, 0.9356279527580126, 0.5, 1.0]","{""time"": 1.0, ""collisions"": 0.05, ""congestion"": 1.0, ""fairness"": 0.0, ""incomplete_base"": 1000.0, ""incomplete_agent"": 10.0}","[53.49675324675325, 34.33370607028754, 33.8252427184466, 52.93930348258707, 29.15, 33.40919732441472, 39.92712765957447, 45.18439716312057, 38.83011527377522, 36.524626865671635]","[38.5, 31.3, 30.900000000000002, 40.2, 26.5, 29.900000000000002, 37.6, 42.300000000000004, 34.7, 33.5]"
ga,15,21,72.33675025411748,31.120000000000005,787.9,1.8217502541174606,5.8,11.862142857142858,21.227500000000003,9.365357142857144,True,0.0,hospital_corridor,28,12,"[11, 29, 47, 53, 61, 73, 89, 97, 101, 109]","[3.00213859722549, 3.506691351389894, 0.7455846667080445, 0.5, 1.0]","{""time"": 1.0, ""collisions"": 0.05, ""congestion"": 1.0, ""fairness"": 0.0, ""incomplete_base"": 1000.0, ""incomplete_agent"": 10.0}","[105.85588235294118, 65.12697368421053, 66.46486486486486, 109.50898876404496, 57.649601593625505, 50.533687943262414, 64.60898203592815, 80.51179775280899, 71.69000000000001, 51.416723549488054]","[34.0, 30.400000000000002, 29.6, 35.6, 25.1, 28.200000000000003, 33.4, 35.6, 30.0, 29.3]"
ga,15,22,38.6691928776302,34.69,45.9,1.6841928776302004,5.2,13.183928571428572,22.84916666666667,9.665238095238095,True,0.0,hospital_corridor,28,12,"[11, 29, 47, 53, 61, 73, 89, 97, 101, 109]","[3.0188852769768477, 3.685159992614071, 0.9320617221955988, 0.5, 1.0]","{""time"": 1.0, ""collisions"": 0.05, ""congestion"": 1.0, ""fairness"": 0.0, ""incomplete_base"": 1000.0, ""incomplete_agent"": 10.0}","[52.56860465116279, 34.865615141955836, 33.332258064516125, 41.59022346368715, 28.880988593155895, 33.05135135135136, 39.55466666666667, 47.68199105145414, 37.434567901234566, 37.731661891117476]","[43.0, 31.700000000000003, 31.0, 35.800000000000004, 26.3, 29.6, 37.5, 44.7, 32.4, 34.9]"
ga,15,23,42.46478054419447,34.05,133.9,1.719780544194474,5.2,13.377857142857144,22.393333333333334,9.015476190476189,True,0.0,hospital_corridor,28,12,"[11, 29, 47, 53, 61, 73, 89, 97, 101, 109]","[3.0665220788961687, 3.2511971032509224, 0.8866624206750316, 0.5, 1.0]","{""time"": 1.0, ""collisions"": 0.05, ""congestion"": 1.0, ""fairness"": 0.0, ""incomplete_base"": 1000.0, ""incomplete_agent"": 10.0}","[68.79521640091117, 34.043086816720255, 35.19735099337749, 48.02052341597797, 29.65381679389313, 34.280375426621156, 42.25068493150685, 52.7337962962963, 41.101612903225806, 38.57134146341464]","[43.900000000000006, 31.1, 30.200000000000003, 36.300000000000004, 26.200000000000003, 29.3, 36.5, 43.2, 31.0, 32.800000000000004]"
ga,16,0,36.84826308952923,32.29,55.9,1.7632630895292347,5.4,12.978214285714287,21.994166666666665,9.015952380952381,True,0.0,hospital_corridor,28,12,"[11, 29, 47, 53, 61, 73, 89, 97, 101, 109]","[3.041167919373871, 3.386995581571286, 0.9365780766198214, 0.5, 1.0]","{""time"": 1.0, ""collisions"": 0.05, ""congestion"": 1.0, ""fairness"": 0.0, ""incomplete_base"": 1000.0, ""incomplete_agent"": 10.0}","[37.53468013468014, 34.15299684542587, 32.990553745928345, 36.00692041522491, 29.75909090909091, 35.601246105919, 39.56612903225807, 39.61239669421488, 40.035329341317365, 43.22328767123288]","[29.700000000000003, 31.700000000000003, 30.700000000000003, 28.900000000000002, 26.400000000000002, 32.1, 37.2, 36.300000000000004, 33.4, 36.5]"
ga,16,1,37.207030151137594,33.480000000000004,40.8,1.687030151137591,4.9,12.780357142857145,22.320833333333333,9.54047619047619,True,0.0,hospital_corridor,28,12,"[11, 29, 47, 53, 61, 73, 89, 97, 101, 109]","[3.1739119139835656, 3.9573814243072514, 0.9313962130550412, 0.5, 1.0]","{""time"": 1.0, ""collisions"": 0.05, ""congestion"": 1.0, ""fairness"": 0.0, ""incomplete_base"": 1000.0, ""incomplete_agent"": 10.0}","[50.17396088019561, 37.89237288135593, 33.007236842105264, 33.88557046979866, 29.118867924528303, 32.153424657534245, 37.38142857142857, 45.61342925659473, 36.06619937694704, 36.77781065088758]","[40.900000000000006, 35.4, 30.400000000000002, 29.8, 26.5, 29.200000000000003, 35.0, 41.7, 32.1, 33.800000000000004]"
ga,16,2,37.67646844497778,33.63,46.0,1.746468444977781,5.3,13.0425,22.348333333333333,9.305833333333334,True,0.0,hospital_corridor,28,12,"[11, 29, 47, 53, 61, 73, 89, 97, 101, 109]","[2.967143442823351, 3.932721923917697, 0.8861964774185757, 0.5, 1.0]","{""time"": 1.0, ""collisions"": 0.05, ""congestion"": 1.0, ""fairness"": 0.0, ""incomplete_base"": 1000.0, ""incomplete_agent"": 10.0}","[47.20696202531646, 33.99193548387097, 34.25605095541401, 34.825409836065575, 29.329770992366416, 35.81246056782335, 39.78962264150944, 39.480517711171665, 46.62346938775511, 35.448484848484846]","[39.5, 31.0, 31.400000000000002, 30.5, 26.200000000000003, 31.700000000000003, 37.1, 36.7, 39.2, 33.0]"
ga,16,3,37.846283745352395,33.760000000000005,47.5,1.7112837453523924,5.5,13.0525,22.75166666666667,9.699166666666667,True,0.0,hospital_corridor,28,12,"[11, 29, 47, 53, 61, 73, 89, 97, 101, 109]","[3.1806804124048136, 3.923137706153401, 0.9300701978031118, 0.5, 1.0]","{""time"": 1.0, ""collisions"": 0.05, ""congestion"": 1.0, ""fairness"": 0.0, ""incomplete_base"": 1000.0, ""incomplete_agent"": 10.0}","[41.995562130177525, 36.16676646706586, 33.56437908496732, 40.84593495934959, 28.323255813953487, 32.82993197278912, 40.95989010989011, 49.5342332613391, 38.2776397515528, 35.96524390243903]","[33.800000000000004, 33.4, 30.6, 36.9, 25.8, 29.400000000000002, 36.4, 46.300000000000004, 32.2, 32.800000000000004]"
ga,16,4,36.84826308952923,32.29,55.9,1.7632630895292347,5.4,12.978214285714287,21.994166666666665,9.015952380952381,True,0.0,hospital_corridor,28,12,"[11, 29, 47, 53, 61, 73, 89, 97, 101, 109]","[3.041167919373871, 3.386995581571286, 0.9365780766198214, 0.5, 1.0]","{""time"": 1.0, ""collisions"": 0.05, ""congestion"": 1.0, ""fairness"": 0.0, ""incomplete_base"": 1000.0, ""incomplete_agent"": 10.0}","[37.53468013468014, 34.15299684542587, 32.990553745928345, 36.00692041522491, 29.75909090909091, 35.601246105919, 39.56612903225807, 39.61239669421488, 40.035329341317365, 43.22328767123288]","[29.700000000000003, 31.700000000000003, 30.700000000000003, 28.900000000000002, 26.400000000000002, 32.1, 37.2, 36.300000000000004, 33.4, 36.5]"
ga,16,5,42.98879623372048,32.49999999999999,175.5,1.7137962337204833,4.8,12.193214285714285,21.51666666666667,9.323452380952382,True,0.0,hospital_corridor,28,12,"[11, 29, 47, 53, 61, 73, 89, 97, 101, 109]","[3.041167919373871, 2.5932410220034328, 0.890320089163788, 0.5, 1.0]","{""time"": 1.0, ""collisions"": 0.05, ""congestion"": 1.0, ""fairness"": 0.0, ""incomplete_base"": 1000.0, ""incomplete_agent"": 10.0}","[65.12992125984252, 35.8990291262136, 32.99496644295302, 49.22931034482759, 40.28556231003039, 35.022354948805464, 45.19239130434784, 47.81864406779661, 41.273462783171524, 37.042319749216304]","[38.1, 30.900000000000002, 29.8, 29.0, 32.9, 29.3, 36.800000000000004, 35.4, 30.900000000000002, 31.900000000000002]"
ga,16,6,42.00257802001751,34.56,115.3,1.6775780200175099,5.2,13.296428571428573,23.214166666666667,9.917738095238096,True,0.0,hospital_corridor,28,12,"[11, 29, 47, 53, 61, 73, 89, 97, 101, 109]","[2.974308510461179, 3.035772947111419, 0.9367831237886802, 0.5, 1.0]","{""time"": 1.0, ""collisions"": 0.05, ""congestion"": 1.0, ""fairness"": 0.0, ""incomplete_base"": 1000.0, ""incomplete_agent"": 10.0}","[55.4461038961039, 34.33809523809524, 37.66980198019802, 41.8, 40.78682634730539, 38.60414201183433, 46.333941605839414, 40.19226519337017, 39.36159874608151, 45.49300518134716]","[38.5, 31.5, 30.3, 30.3, 33.4, 33.800000000000004, 41.1, 36.2, 31.900000000000002, 38.6]"
ga,16,7,41.89910372271624,37.2,61.6,1.619103722716241,5.0,13.398214285714285,24.356666666666666,10.95845238095238,True,0.0,hospital_corridor,28,12,"[11, 29, 47, 53, 61, 73, 89, 97, 101, 109]","[3.0194685456057773, 3.652395125763195, 0.9392186817325607, 0.5, 1.0]","{""time"": 1.0, ""collisions"": 0.05, ""congestion"": 1.0, ""fairness"": 0.0, ""incomplete_base"": 1000.0, ""incomplete_agent"": 10.0}","[55.93352941176471, 38.71396648044693, 34.84285714285714, 57.148254620123204, 34.306451612903224, 36.387091988130564, 41.285012919896644, 42.08894472361809, 37.09684542586751, 41.1880829015544]","[42.5, 35.800000000000004, 31.5, 48.7, 31.0, 33.7, 38.7, 39.800000000000004, 31.700000000000003, 38.6]"
ga,16,8,40.72170153759674,36.769999999999996,46.3,1.6367015375967462,4.5,14.300357142857143,24.6825,10.382142857142858,True,0.0,hospital_corridor,28,12,"[11, 29, 47, 53, 61, 73, 89, 97, 101, 109]","[2.5759349123523765, 3.3443551968376335, 0.9377712114607952, 0.5, 1.0]","{""time"": 1.0, ""collisions"": 0.05, ""congestion"": 1.0, ""fairness"": 0.0, ""incomplete_base"": 1000.0, ""incomplete_agent"": 10.0}","[50.23934624697337, 35.653614457831324, 37.575958702064895, 44.6725, 30.23172043010753, 41.06675603217158, 43.091102756892234, 43.52439024390244, 38.3566265060241, 42.805]","[41.300000000000004, 33.2, 33.9, 40.0, 27.900000000000002, 37.300000000000004, 39.900000000000006, 41.0, 33.2, 40.0]"
ga,16,9,39.04209749835855,35.519999999999996,37.6,1.6420974983585535,4.8,13.264285714285714,23.02916666666667,9.764880952380953,True,0.0,hospital_corridor,28,12,"[11, 29, 47, 53, 61, 73, 89, 97, 101, 109]","[2.9777156214976577, 3.7559036572355904, 0.939481089255549, 0.5, 1.0]","{""time"": 1.0, ""collisions"": 0.05, ""congestion"": 1.0, ""fairness"": 0.0, ""incomplete_base"": 1000.0, ""incomplete_agent"": 10.0}","[50.19976303317536, 34.717701863354044, 34.00299684542587, 45.1819587628866, 29.62843866171004, 33.13688524590164, 42.78960880195599, 46.60575620767494, 36.471604938271604, 37.68626062322947]","[42.2, 32.2, 31.700000000000003, 38.800000000000004, 26.900000000000002, 30.5, 40.900000000000006, 44.300000000000004, 32.4, 35.300000000000004]"
ga,16,10,41.58597275801855,34.279999999999994,110.4,1.785972758018552,5.2,13.414285714285715,22.913333333333334,9.49904761904762,True,0.0,hospital_corridor,28,12,"[11, 29, 47, 53, 61, 73, 89, 97, 101, 109]","[3.0554328774802086, 3.38756338534939, 0.9004182300133998, 0.5, 1.0]","{""time"": 1.0, ""collisions"": 0.05, ""congestion"": 1.0, ""fairness"": 0.0, ""incomplete_base"": 1000.0, ""incomplete_agent"": 10.0}","[65.3921686746988, 34.02815533980583, 34.559866220735785, 40.442372881355936, 28.858365758754868, 33.070136518771335, 42.68601583113456, 48.7447963800905, 41.68313253012049, 46.39471744471745]","[41.5, 30.900000000000002, 29.900000000000002, 29.5, 25.700000000000003, 29.3, 37.9, 44.2, 33.2, 40.7]"
ga,16,11,37.54089710135887,32.410000000000004,66.0,1.8308971013588695,5.1,13.02607142857143,22.343333333333334,9.317261904761903,True,0.0,hospital_corridor,28,12,"[11, 29, 47, 53, 61, 73, 89, 97, 101, 109]","[2.956613262092682, 3.3388547785400404, 0.91889930930409, 0.5, 1.0]","{""time"": 1.0, ""collisions"": 0.05, ""congestion"": 1.0, ""fairness"": 0.0, ""incomplete_base"": 1000.0, ""incomplete_agent"": 10.0}","[46.910714285714285, 35.22721518987342, 35.440322580645166, 36.37213114754098, 29.832061068702295, 35.34367088607595, 39.661126005361936, 41.361702127659576, 39.71608832807571, 35.54393939393939]","[33.6, 31.6, 31.0, 30.5, 26.200000000000003, 31.6, 37.300000000000004, 37.6, 31.700000000000003, 33.0]"
ga,16,12,38.04353583008388,34.550000000000004,37.6,1.6135358300838754,5.1,13.232500000000002,22.67666666666667,9.444166666666668,True,0.0,hospital_corridor,28,12,"[11, 29, 47, 53, 61, 73, 89, 97, 101, 109]","[3.1235102097295515, 4.0599485187027815, 0.936769005306176, 0.5, 1.0]","{""time"": 1.0, ""collisions"": 0.05, ""congestion"": 1.0, ""fairness"": 0.0, ""incomplete_base"": 1000.0, ""incomplete_agent"": 10.0}","[50.41194379391101, 34.365625, 33.70161290322581, 35.15891719745223, 34.619195046439636, 36.12069486404834, 39.14224598930481, 44.40099502487563, 36.658176100628936, 35.85595238095238]","[42.7, 32.0, 31.0, 31.400000000000002, 32.300000000000004, 33.1, 37.4, 40.2, 31.8, 33.6]"
ga,16,13,40.981039754362605,35.510000000000005,75.3,1.7060397543626014,5.0,13.411785714285717,23.142500000000002,9.730714285714287,True,0.0,hospital_corridor,28,12,"[11, 29, 47, 53, 61, 73, 89, 97, 101, 109]","[3.085107022253828, 3.6002056088084844, 0.9328334840583311, 0.5, 1.0]","{""time"": 1.0, ""collisions"": 0.05, ""congestion"": 1.0, ""fairness"": 0.0, ""incomplete_base"": 1000.0, ""incomplete_agent"": 10.0}","[61.6546511627907, 34.23354430379747, 33.9990099009901, 50.16352657004831, 29.016349809885934, 32.566894197952216, 39.663333333333334, 42.03125000000001, 43.984415584415586, 42.49742268041238]","[43.0, 31.6, 30.3, 41.400000000000006, 26.3, 29.3, 37.5, 38.400000000000006, 38.5, 38.800000000000004]"
ga,16,14,1191.4174071893776,38.580000000000005,3000.8,1.7974071893775885,5.9,12.086428571428574,20.97136363636364,8.884935064935066,False,0.1,hospital_corridor,28,12,"[11, 29, 47, 53, 61, 73, 89, 97, 101, 109]","[3.040233665057603, 3.7564290502881503, 0.5568620363800085, 0.5, 1.0]","{""time"": 1.0, ""collisions"": 0.05, ""congestion"": 1.0, ""fairness"": 0.0, ""incomplete_base"": 1000.0, ""incomplete_agent"": 10.0}","[1270.634, 209.26706484641642, 151.57006802721088, 187.69378881987578, 160.43484320557494, 150.96223021582733, 187.56684782608698, 246.1732984293194, 184.1805194805195, 165.6914110429448]","[100.0, 29.3, 29.400000000000002, 32.2, 28.700000000000003, 27.8, 36.800000000000004, 38.2, 30.8, 32.6]"
ga,16,15,39.823480502134046,34.54,70.9,1.7384805021340466,5.2,13.423214285714284,23.0,9.576785714285716,True,0.0,hospital_corridor,28,12,"[11, 29, 47, 53, 61, 73, 89, 97, 101, 109]","[3.158177956777645, 3.6180617686450267, 0.9317207828214398, 0.5, 1.0]","{""time"": 1.0, ""collisions"": 0.05, ""congestion"": 1.0, ""fairness"": 0.0, ""incomplete_base"": 1000.0, ""incomplete_agent"": 10.0}","[55.56339066339067, 37.89548104956268, 33.836666666666666, 46.07699228791774, 28.826923076923077, 38.953625377643505, 42.82538860103627, 42.830927835051554, 34.97898089171974, 36.44642857142857]","[40.7, 34.300000000000004, 30.0, 38.900000000000006, 26.0, 33.1, 38.6, 38.800000000000004, 31.400000000000002, 33.6]"
ga,16,16,1179.0691264150944,94.24,5.3,0.5641264150943396,4.0,15.203370265826214,28.40794660894661,13.204576343120394,False,8.4,hospital_corridor,28,12,"[11, 29, 47, 53, 61, 73, 89, 97, 101, 109]","[2.083621000769543, 4.424064071007724, 1.0591653268480519, 0.5, 1.0]","{""time"": 1.0, ""collisions"": 0.05, ""congestion"": 1.0, ""fairness"": 0.0, ""incomplete_base"": 1000.0, ""incomplete_agent"": 10.0}","[1220.595, 1230.844, 1130.689, 1141.163, 1240.567, 1170.955, 1190.619, 1180.714, 44.0372641509434, 1240.508]","[100.0, 100.0, 100.0, 100.0, 100.0, 100.0, 100.0, 100.0, 42.400000000000006, 100.0]"
ga,16,17,36.84826308952923,32.29,55.9,1.7632630895292347,5.4,12.978214285714287,21.994166666666665,9.015952380952381,True,0.0,hospital_corridor,28,12,"[11, 29, 47, 53, 61, 73, 89, 97, 101, 109]","[3.041167919373871, 3.386995581571286, 0.9365780766198214, 0.5, 1.0]","{""time"": 1.0, ""collisions"": 0.05, ""congestion"": 1.0, ""fairness"": 0.0, ""incomplete_base"": 1000.0, ""incomplete_agent"": 10.0}","[37.53468013468014, 34.15299684542587, 32.990553745928345, 36.00692041522491, 29.75909090909091, 35.601246105919, 39.56612903225807, 39.61239669421488, 40.035329341317365, 43.22328767123288]","[29.700000000000003, 31.700000000000003, 30.700000000000003, 28.900000000000002, 26.400000000000002, 32.1, 37.2, 36.300000000000004, 33.4, 36.5]"
ga,16,18,37.10698559716206,34.190000000000005,25.2,1.6569855971620555,5.1,12.9125,22.93916666666667,10.026666666666667,True,0.0,hospital_corridor,28,12,"[11, 29, 47, 53, 61, 73, 89, 97, 101, 109]","[3.0039614832565134, 4.101187806903792, 0.9348830403806739, 0.5, 1.0]","{""time"": 1.0, ""collisions"": 0.05, ""congestion"": 1.0, ""fairness"": 0.0, ""incomplete_base"": 1000.0, ""incomplete_agent"": 10.0}","[50.734821428571436, 33.93924050632912, 33.59444444444444, 32.74436860068259, 28.80380228136882, 32.45666666666666, 39.30159574468085, 44.33424821002387, 36.310124610591906, 38.850543478260875]","[44.800000000000004, 31.6, 31.5, 29.3, 26.3, 30.0, 37.6, 41.900000000000006, 32.1, 36.800000000000004]"
ga,16,19,38.82799021446058,34.68,49.0,1.6979902144605727,5.5,13.221428571428572,22.868333333333336,9.64690476190476,True,0.0,hospital_corridor,28,12,"[11, 29, 47, 53, 61, 73, 89, 97, 101, 109]","[2.9615375901641996, 3.6116383265926206, 0.9277371072806835, 0.5, 1.0]","{""time"": 1.0, ""collisions"": 0.05, ""congestion"": 1.0, ""fairness"": 0.0, ""incomplete_base"": 1000.0, ""incomplete_agent"": 10.0}","[53.364055299539174, 34.63238993710692, 34.13482428115016, 48.09661016949153, 28.911538461538463, 33.540909090909096, 40.936010362694304, 42.362977099236645, 36.37950310559006, 35.921084337349406]","[43.400000000000006, 31.8, 31.3, 41.300000000000004, 26.0, 29.700000000000003, 38.6, 39.300000000000004, 32.2, 33.2]"
ga,16,20,40.65609412572357,36.510000000000005,50.2,1.6360941257235637,4.7,13.537857142857144,23.189166666666665,9.651309523809525,True,0.0,hospital_corridor,28,12,"[11, 29, 47, 53, 61, 73, 89, 97, 101, 109]","[3.021312685643508, 3.682585315550772, 0.9230317047806295, 0.5, 1.0]","{""time"": 1.0, ""collisions"": 0.05, ""congestion"": 1.0, ""fairness"": 0.0, ""incomplete_base"": 1000.0, ""incomplete_agent"": 10.0}","[46.2745308310992, 33.996485623003196, 33.117752442996746, 43.273936170212764, 29.208333333333336, 35.32492354740061, 48.236403508771936, 41.26197916666667, 59.94580152671756, 35.92079510703364]","[37.300000000000004, 31.3, 30.700000000000003, 37.6, 26.400000000000002, 32.7, 45.6, 38.400000000000006, 52.400000000000006, 32.7]"
ga,16,21,40.890401390441674,35.870000000000005,67.0,1.6704013904416652,5.1,13.423928571428572,22.84166666666667,9.417738095238096,True,0.0,hospital_corridor,28,12,"[11, 29, 47, 53, 61, 73, 89, 97, 101, 109]","[2.992096934319701, 3.540498037075956, 0.8984168340058383, 0.5, 1.0]","{""time"": 1.0, ""collisions"": 0.05, ""congestion"": 1.0, ""fairness"": 0.0, ""incomplete_base"": 1000.0, ""incomplete_agent"": 10.0}","[80.81772151898734, 34.17524115755627, 34.12156862745098, 34.756040268456374, 29.36930501930502, 34.52459546925567, 40.937926509186354, 41.01553524804178, 35.68167202572347, 43.5044080604534]","[63.2, 31.1, 30.6, 29.8, 25.900000000000002, 30.900000000000002, 38.1, 38.300000000000004, 31.1, 39.7]"
ga,16,22,38.55746205883226,34.519999999999996,45.8,1.7474620588322598,4.9,13.368214285714288,22.70416666666667,9.335952380952381,True,0.0,hospital_corridor,28,12,"[11, 29, 47, 53, 61, 73, 89, 97, 101, 109]","[3.0286534532183316, 3.5859334298463748, 0.9333766323252786, 0.5, 1.0]","{""time"": 1.0, ""collisions"": 0.05, ""congestion"": 1.0, ""fairness"": 0.0, ""incomplete_base"": 1000.0, ""incomplete_agent"": 10.0}","[46.08851174934726, 34.646875, 33.91993569131833, 38.55591054313099, 41.100663129973476, 32.344897959183676, 42.46182266009852, 40.597150259067355, 39.11969696969697, 36.73915662650603]","[38.300000000000004, 32.0, 31.1, 31.3, 37.7, 29.400000000000002, 40.6, 38.6, 33.0, 33.2]"
ga,16,23,1058.1495509966508,53.6,25.6,1.2695509966506688,4.8,16.644917582417584,28.347499999999997,11.702582417582416,False,0.2,hospital_corridor,28,12,"[11, 29, 47, 53, 61, 73, 89, 97, 101, 109]","[2.04611923481435, 3.4799701734116706, 0.9285584563885626, 0.5, 1.0]","{""time"": 1.0, ""collisions"": 0.05, ""congestion"": 1.0, ""fairness"": 0.0, ""incomplete_base"": 1000.0, ""incomplete_agent"": 10.0}","[1123.69, 72.33267326732674, 44.500585480093676, 40.22786885245902, 41.175949367088606, 58.88780487804878, 51.415968063872256, 54.34608610567515, 43.862972292191444, 51.05560165975104]","[100.0, 70.7, 42.7, 36.6, 39.5, 57.400000000000006, 50.1, 51.1, 39.7, 48.2]"
ga,17,0,36.84826308952923,32.29,55.9,1.7632630895292347,5.4,12.978214285714287,21.994166666666665,9.015952380952381,True,0.0,hospital_corridor,28,12,"[11, 29, 47, 53, 61, 73, 89, 97, 101, 109]","[3.041167919373871, 3.386995581571286, 0.9365780766198214, 0.5, 1.0]","{""time"": 1.0, ""collisions"": 0.05, ""congestion"": 1.0, ""fairness"": 0.0, ""incomplete_base"": 1000.0, ""incomplete_agent"": 10.0}","[37.53468013468014, 34.15299684542587, 32.990553745928345, 36.00692041522491, 29.75909090909091, 35.601246105919, 39.56612903225807, 39.61239669421488, 40.035329341317365, 43.22328767123288]","[29.700000000000003, 31.700000000000003, 30.700000000000003, 28.900000000000002, 26.400000000000002, 32.1, 37.2, 36.300000000000004, 33.4, 36.5]"
ga,17,1,36.84826308952923,32.29,55.9,1.7632630895292347,5.4,12.978214285714287,21.994166666666665,9.015952380952381,True,0.0,hospital_corridor,28,12,"[11, 29, 47, 53, 61, 73, 89, 97, 101, 109]","[3.041167919373871, 3.386995581571286, 0.9365780766198214, 0.5, 1.0]","{""time"": 1.0, ""collisions"": 0.05, ""congestion"": 1.0, ""fairness"": 0.0, ""incomplete_base"": 1000.0, ""incomplete_agent"": 10.0}","[37.53468013468014, 34.15299684542587, 32.990553745928345, 36.00692041522491, 29.75909090909091, 35.601246105919, 39.56612903225807, 39.61239669421488, 40.035329341317365, 43.22328767123288]","[29.700000000000003, 31.700000000000003, 30.700000000000003, 28.900000000000002, 26.400000000000002, 32.1, 37.2, 36.300000000000004, 33.4, 36.5]"
ga,17,2,47.449264299010544,33.7,237.9,1.8542642990105391,5.4,12.665000000000003,22.730833333333333,10.065833333333334,True,0.0,hospital_corridor,28,12,"[11, 29, 47, 53, 61, 73, 89, 97, 101, 109]","[2.991425231908922, 3.6984072625996918, 0.8105390012192876, 0.5, 1.0]","{""time"": 1.0, ""collisions"": 0.05, ""congestion"": 1.0, ""fairness"": 0.0, ""incomplete_base"": 1000.0, ""incomplete_agent"": 10.0}","[101.02448979591838, 38.329220779220776, 39.929054054054056, 49.146964856230035, 32.70503875968992, 37.059322033898304, 50.563197969543154, 45.16835443037974, 43.22990353697749, 37.33709677419355]","[49.0, 30.8, 29.6, 31.3, 25.8, 29.5, 39.400000000000006, 39.5, 31.1, 31.0]"
ga,17,3,39.310485857068485,34.370000000000005,65.3,1.6754858570684832,5.4,13.066785714285714,22.734166666666667,9.667380952380954,True,0.0,hospital_corridor,28,12,"[11, 29, 47, 53, 61, 73, 89, 97, 101, 109]","[3.027458308962607, 3.4444919762071846, 0.937110729083414, 0.5, 1.0]","{""time"": 1.0, ""collisions"": 0.05, ""congestion"": 1.0, ""fairness"": 0.0, ""incomplete_base"": 1000.0, ""incomplete_agent"": 10.0}","[55.46747572815534, 34.4740506329114, 34.57115384615385, 38.35063291139241, 29.179770992366418, 33.19867549668874, 39.84257294429708, 40.587765957446805, 50.35581395348837, 37.07694610778443]","[41.2, 31.6, 31.200000000000003, 31.6, 26.200000000000003, 30.200000000000003, 37.7, 37.6, 43.0, 33.4]"
ga,17,4,36.84826308952923,32.29,55.9,1.7632630895292347,5.4,12.978214285714287,21.994166666666665,9.015952380952381,True,0.0,hospital_corridor,28,12,"[11, 29, 47, 53, 61, 73, 89, 97, 101, 109]","[3.041167919373871, 3.386995581571286, 0.9365780766198214, 0.5, 1.0]","{""time"": 1.0, ""collisions"": 0.05, ""congestion"": 1.0, ""fairness"": 0.0, ""incomplete_base"": 1000.0, ""incomplete_agent"": 10.0}","[37.53468013468014, 34.15299684542587, 32.990553745928345, 36.00692041522491, 29.75909090909091, 35.601246105919, 39.56612903225807, 39.61239669421488, 40.035329341317365, 43.22328767123288]","[29.700000000000003, 31.700000000000003, 30.700000000000003, 28.900000000000002, 26.400000000000002, 32.1, 37.2, 36.300000000000004, 33.4, 36.5]"
ga,17,5,1056.3511882909274,46.50000000000001,51.6,1.2711882909275323,4.9,13.360194805194805,23.7025,10.342305194805196,False,0.6,hospital_corridor,28,12,"[11, 29, 47, 53, 61, 73, 89, 97, 101, 109]","[3.041167919373871, 3.386995581571286, 0.9945378545249145, 0.5, 1.0]","{""time"": 1.0, ""collisions"": 0.05, ""congestion"": 1.0, ""fairness"": 0.0, ""incomplete_base"": 1000.0, ""incomplete_agent"": 10.0}","[50.207035175879405, 1161.749, 35.224074074074075, 34.73581081081082, 64.04380032206119, 36.6192878338279, 49.19830508474577, 47.47780269058296, 45.07819548872181, 39.17857142857143]","[39.800000000000004, 100.0, 32.4, 29.6, 62.1, 33.7, 47.2, 44.6, 39.900000000000006, 35.7]"
ga,17,6,38.814832488496556,34.120000000000005,58.0,1.7948324884965525,5.1,13.209285714285716,22.51666666666667,9.307380952380951,True,0.0,hospital_corridor,28,12,"[11, 29, 47, 53, 61, 73, 89, 97, 101, 109]","[3.025610419556598, 3.9464646213666192, 0.8878700296194726, 0.5, 1.0]","{""time"": 1.0, ""collisions"": 0.05, ""congestion"": 1.0, ""fairness"": 0.0, ""incomplete_base"": 1000.0, ""incomplete_agent"": 10.0}","[63.4396551724138, 33.862460063897764, 32.50666666666667, 41.44786324786325, 28.44651162790698, 32.842372881355935, 39.46391184573003, 43.9554892601432, 36.700467289719626, 35.482926829268294]","[46.400000000000006, 31.3, 30.0, 35.1, 25.8, 29.5, 36.300000000000004, 41.900000000000006, 32.1, 32.800000000000004]"
ga,17,7,42.1530742334921,38.67,35.3,1.718074233492094,5.4,14.694642857142862,24.8825,10.187857142857142,True,0.0,hospital_corridor,28,12,"[11, 29, 47, 53, 61, 73, 89, 97, 101, 109]","[2.9319130376254376, 3.943638726858329, 0.971980427082162, 0.5, 1.0]","{""time"": 1.0, ""collisions"": 0.05, ""congestion"": 1.0, ""fairness"": 0.0, ""incomplete_base"": 1000.0, ""incomplete_agent"": 10.0}","[51.00333333333334, 43.80847457627119, 44.39107579462103, 36.49808917197453, 31.57847222222222, 37.055319148936164, 40.54883720930233, 42.76108374384236, 47.63290398126464, 46.253153153153164]","[45.0, 41.300000000000004, 40.900000000000006, 31.400000000000002, 28.8, 32.9, 38.7, 40.6, 42.7, 44.400000000000006]"
ga,17,8,39.81846453930373,35.7,48.5,1.6934645393037304,5.0,13.65107142857143,23.44,9.788928571428574,True,0.0,hospital_corridor,28,12,"[11, 29, 47, 53, 61, 73, 89, 97, 101, 109]","[3.0530972166853307, 3.704264421219264, 0.9365886667560357, 0.5, 1.0]","{""time"": 1.0, ""collisions"": 0.05, ""congestion"": 1.0, ""fairness"": 0.0, ""incomplete_base"": 1000.0, ""incomplete_agent"": 10.0}","[54.50955056179775, 36.54171597633136, 34.13870967741936, 42.00158311345646, 34.49670846394985, 42.839669421487606, 39.96233595800525, 39.96066666666666, 37.24756097560976, 36.48614457831326]","[44.5, 33.800000000000004, 31.0, 37.9, 31.900000000000002, 36.300000000000004, 38.1, 37.5, 32.800000000000004, 33.2]"
ga,17,9,1069.6035492207814,56.25,40.4,1.333549220781337,4.8,14.224478021978024,24.3,10.075521978021978,False,1.0,hospital_corridor,28,12,"[11, 29, 47, 53, 61, 73, 89, 97, 101, 109]","[3.1115809124180918, 3.7426796790548034, 1.0020243155295963, 0.5, 1.0]","{""time"": 1.0, ""collisions"": 0.05, ""congestion"": 1.0, ""fairness"": 0.0, ""incomplete_base"": 1000.0, ""incomplete_agent"": 10.0}","[47.575427872860644, 1164.124, 34.32222222222222, 53.648697394789586, 1120.763, 38.503179190751446, 1121.484, 42.01717557251909, 37.41411042944785, 36.18367952522255]","[40.900000000000006, 100.0, 31.5, 49.900000000000006, 100.0, 34.6, 100.0, 39.300000000000004, 32.6, 33.7]"
ga,17,10,1073.9899470307591,56.7,40.2,1.2799470307592455,5.1,13.239101731601732,23.82166666666667,10.582564935064937,False,1.4,hospital_corridor,28,12,"[11, 29, 47, 53, 61, 73, 89, 97, 101, 109]","[3.120531586037923, 3.4932991637500885, 1.0170407964243338, 0.5, 1.0]","{""time"": 1.0, ""collisions"": 0.05, ""congestion"": 1.0, ""fairness"": 0.0, ""incomplete_base"": 1000.0, ""incomplete_agent"": 10.0}","[57.07515592515593, 1164.079, 35.17055214723926, 1143.273, 1140.763, 40.14933333333333, 42.11666666666667, 40.877225130890054, 41.013829787234044, 35.38170731707318]","[48.1, 100.0, 32.6, 100.0, 100.0, 37.5, 40.2, 38.2, 37.6, 32.800000000000004]"
ga,17,11,1094.8657707133561,67.42,46.6,1.1157707133561803,4.7,13.512189060939061,24.08719696969697,10.575007908757907,False,2.4,hospital_corridor,28,12,"[11, 29, 47, 53, 61, 73, 89, 97, 101, 109]","[3.1013167457407613, 3.816834123974599, 1.01156909455229, 0.5, 1.0]","{""time"": 1.0, ""collisions"": 0.05, ""congestion"": 1.0, ""fairness"": 0.0, ""incomplete_base"": 1000.0, ""incomplete_agent"": 10.0}","[47.184517766497464, 1163.7930000000001, 34.52275541795666, 1172.992, 1170.777, 36.984662576687114, 1123.921, 1121.217, 38.3453488372093, 38.920422535211266]","[39.400000000000006, 100.0, 32.300000000000004, 100.0, 100.0, 32.6, 100.0, 100.0, 34.4, 35.5]"
ga,17,12,37.38501895956248,32.35,63.9,1.8400189595624752,5.7,12.920357142857142,22.055833333333336,9.135476190476192,True,0.0,hospital_corridor,28,12,"[11, 29, 47, 53, 61, 73, 89, 97, 101, 109]","[3.321890308869199, 3.7786290292603066, 0.9326790944655159, 0.5, 1.0]","{""time"": 1.0, ""collisions"": 0.05, ""congestion"": 1.0, ""fairness"": 0.0, ""incomplete_base"": 1000.0, ""incomplete_agent"": 10.0}","[46.98380281690141, 34.51608832807571, 34.41148648648649, 37.53029315960913, 29.31679536679537, 31.6819587628866, 38.79663865546219, 45.053694581280794, 39.77173913043478, 35.78769230769231]","[35.5, 31.700000000000003, 29.6, 30.700000000000003, 25.900000000000002, 29.1, 35.7, 40.6, 32.2, 32.5]"
ga,17,13,1189.3092011068131,38.47,2960.1,1.8342011068132034,5.7,12.1,21.21659090909091,9.116590909090908,False,0.1,hospital_corridor,28,12,"[11, 29, 47, 53, 61, 73, 89, 97, 101, 109]","[2.989569142200637, 3.5410884762286763, 0.5, 0.5, 1.0]","{""time"": 1.0, ""collisions"": 0.05, ""congestion"": 1.0, ""fairness"": 0.0, ""incomplete_base"": 1000.0, ""incomplete_agent"": 10.0}","[1286.84, 208.56705685618732, 152.38469387755103, 187.8030864197531, 173.87430555555557, 142.82240143369177, 193.53709677419357, 219.10606936416187, 164.9627388535032, 163.19456193353474]","[100.0, 29.900000000000002, 29.400000000000002, 32.4, 28.8, 27.900000000000002, 37.2, 34.6, 31.400000000000002, 33.1]"
ga,17,14,41.85834512599615,36.78,68.5,1.6533451259961538,5.4,13.325357142857143,23.855833333333333,10.53047619047619,True,0.0,hospital_corridor,28,12,"[11, 29, 47, 53, 61, 73, 89, 97, 101, 109]","[3.0385855124176975, 3.558418754822769, 0.9362819494673342, 0.5, 1.0]","{""time"": 1.0, ""collisions"": 0.05, ""congestion"": 1.0, ""fairness"": 0.0, ""incomplete_base"": 1000.0, ""incomplete_agent"": 10.0}","[60.74137931034483, 50.18293736501081, 34.180128205128206, 44.348969072164955, 30.88616236162362, 34.86246056782335, 39.77, 40.86948051948052, 41.66986301369863, 41.07207084468665]","[43.5, 46.300000000000004, 31.200000000000003, 38.800000000000004, 27.1, 31.700000000000003, 37.5, 38.5, 36.5, 36.7]"
ga,17,15,38.29536547790679,32.949999999999996,72.8,1.705365477906798,5.3,12.349642857142857,22.054166666666667,9.70452380952381,True,0.0,hospital_corridor,28,12,"[11, 29, 47, 53, 61, 73, 89, 97, 101, 109]","[3.3027013729316335, 3.414510256594892, 0.9336727594777657, 0.5, 1.0]","{""time"": 1.0, ""collisions"": 0.05, ""congestion"": 1.0, ""fairness"": 0.0, ""incomplete_base"": 1000.0, ""incomplete_agent"": 10.0}","[42.61538461538461, 33.73506493506493, 32.752508361204015, 52.050000000000004, 34.40529801324504, 35.622327044025155, 39.76763005780347, 37.53115942028985, 37.593548387096774, 36.88073394495413]","[31.200000000000003, 30.8, 29.900000000000002, 42.800000000000004, 30.200000000000003, 31.8, 34.6, 34.5, 31.0, 32.7]"
ga,17,16,41.05532352595434,35.239999999999995,80.4,1.7953235259543419,5.3,12.978571428571431,23.605833333333333,10.627261904761905,True,0.0,hospital_corridor,28,12,"[11, 29, 47, 53, 61, 73, 89, 97, 101, 109]","[3.041167919373871, 3.2598111200781084, 0.9365780766198213, 0.5, 1.0]","{""time"": 1.0, ""collisions"": 0.05, ""congestion"": 1.0, ""fairness"": 0.0, ""incomplete_base"": 1000.0, ""incomplete_agent"": 10.0}","[48.22215568862275, 39.89467455621302, 34.628478964401296, 36.38523489932886, 29.36629213483146, 38.313768115942025, 40.99139784946237, 45.20803782505911, 51.071621621621624, 46.471573604060914]","[33.4, 33.800000000000004, 30.900000000000002, 29.8, 26.700000000000003, 34.5, 37.2, 42.300000000000004, 44.400000000000006, 39.400000000000006]"
ga,17,17,39.222264276206964,35.470000000000006,40.5,1.7272642762069577,5.0,13.642142857142858,23.4125,9.770357142857144,True,0.0,hospital_corridor,28,12,"[11, 29, 47, 53, 61, 73, 89, 97, 101, 109]","[2.7266265901129336, 3.386995581571286, 0.9365780766198213, 0.5, 1.0]","{""time"": 1.0, ""collisions"": 0.05, ""congestion"": 1.0, ""fairness"": 0.0, ""incomplete_base"": 1000.0, ""incomplete_agent"": 10.0}","[46.72277227722773, 35.58662613981763, 36.204819277108435, 41.94786096256684, 30.046296296296298, 39.50059880239521, 41.21025641025641, 41.25591259640103, 36.22, 43.5275]","[40.400000000000006, 32.9, 33.2, 37.4, 27.0, 33.4, 39.0, 38.900000000000006, 32.5, 40.0]"
ga,17,18,41.48765017234537,37.89,36.7,1.7626501723453667,4.9,14.5425,25.211666666666666,10.669166666666666,True,0.0,hospital_corridor,28,12,"[11, 29, 47, 53, 61, 73, 89, 97, 101, 109]","[2.6598061446898953, 3.7440144811485165, 0.9365780766198214, 0.5, 1.0]","{""time"": 1.0, ""collisions"": 0.05, ""congestion"": 1.0, ""fairness"": 0.0, ""incomplete_base"": 1000.0, ""incomplete_agent"": 10.0}","[68.98235294117647, 34.753715170278646, 36.23156342182891, 33.4831715210356, 37.13553008595988, 43.52480916030535, 44.3319095477387, 40.54123711340207, 38.31209912536443, 37.580113636363635]","[59.5, 32.300000000000004, 33.9, 30.900000000000002, 34.9, 39.300000000000004, 39.800000000000004, 38.800000000000004, 34.300000000000004, 35.2]"
ga,17,19,37.207030151137594,33.480000000000004,40.8,1.687030151137591,4.9,12.780357142857145,22.320833333333333,9.54047619047619,True,0.0,hospital_corridor,28,12,"[11, 29, 47, 53, 61, 73, 89, 97, 101, 109]","[3.1739119139835656, 3.9573814243072514, 0.9313962130550412, 0.5, 1.0]","{""time"": 1.0, ""collisions"": 0.05, ""congestion"": 1.0, ""fairness"": 0.0, ""incomplete_base"": 1000.0, ""incomplete_agent"": 10.0}","[50.17396088019561, 37.89237288135593, 33.007236842105264, 33.88557046979866, 29.118867924528303, 32.153424657534245, 37.38142857142857, 45.61342925659473, 36.06619937694704, 36.77781065088758]","[40.900000000000006, 35.4, 30.400000000000002, 29.8, 26.5, 29.200000000000003, 35.0, 41.7, 32.1, 33.800000000000004]"
ga,17,20,43.05704179108959,38.77,55.3,1.522041791089582,5.1,14.581785714285715,26.01083333333333,11.42904761904762,True,0.0,hospital_corridor,28,12,"[11, 29, 47, 53, 61, 73, 89, 97, 101, 109]","[2.106789984174213, 2.936056471784175, 0.898527058613632, 0.5, 1.0]","{""time"": 1.0, ""collisions"": 0.05, ""congestion"": 1.0, ""fairness"": 0.0, ""incomplete_base"": 1000.0, ""incomplete_agent"": 10.0}","[42.07053824362607, 37.43235294117647, 42.12908163265307, 37.10877742946709, 41.17120418848168, 40.29819944598338, 50.96864406779661, 47.200684931506856, 45.13678756476684, 47.054147465437794]","[35.300000000000004, 34.0, 39.2, 31.900000000000002, 38.2, 36.1, 47.2, 43.800000000000004, 38.6, 43.400000000000006]"
ga,17,21,61.14689983467826,30.900000000000006,569.4,1.7768998346782534,5.3,11.844642857142857,20.825000000000003,8.980357142857144,True,0.0,hospital_corridor,28,12,"[11, 29, 47, 53, 61, 73, 89, 97, 101, 109]","[2.994414300269656, 3.651173229513785, 0.7556084890472137, 0.5, 1.0]","{""time"": 1.0, ""collisions"": 0.05, ""congestion"": 1.0, ""fairness"": 0.0, ""incomplete_base"": 1000.0, ""incomplete_agent"": 10.0}","[79.28064516129032, 57.09906832298137, 56.58451178451179, 71.31185567010309, 57.33854489164087, 49.38445229681979, 68.49222873900293, 56.702795031055906, 62.70872483221477, 52.566171617161714]","[31.0, 32.2, 29.700000000000003, 29.1, 32.300000000000004, 28.3, 34.1, 32.2, 29.8, 30.3]"
ga,17,22,39.591664293745296,34.809999999999995,59.9,1.7866642937453014,5.5,12.992500000000001,22.79083333333333,9.798333333333336,True,0.0,hospital_corridor,28,12,"[11, 29, 47, 53, 61, 73, 89, 97, 101, 109]","[2.983594952968129, 3.7972266754097275, 0.8881664068841575, 0.5, 1.0]","{""time"": 1.0, ""collisions"": 0.05, ""congestion"": 1.0, ""fairness"": 0.0, ""incomplete_base"": 1000.0, ""incomplete_agent"": 10.0}","[62.95081967213115, 33.631672025723475, 32.410963455149506, 39.041538461538465, 34.51938110749186, 34.676582278481014, 44.05051020408164, 40.008288770053476, 35.848717948717955, 38.77816901408451]","[48.800000000000004, 31.1, 30.1, 32.5, 30.700000000000003, 31.6, 39.2, 37.4, 31.200000000000003, 35.5]"
ga,17,23,1114.6784721884685,80.73,82.6,0.8184721884685573,4.6,12.767027224627226,22.517939393939397,9.75091216931217,False,2.9,hospital_corridor,28,12,"[11, 29, 47, 53, 61, 73, 89, 97, 101, 109]","[3.6090443000494172, 3.5224908300792555, 1.0663192319828672, 0.5, 1.0]","{""time"": 1.0, ""collisions"": 0.05, ""congestion"": 1.0, ""fairness"": 0.0, ""incomplete_base"": 1000.0, ""incomplete_agent"": 10.0}","[1132.42, 1161.355, 1115.78, 1165.407, 1160.801, 1142.997, 1143.096, 51.2350114416476, 38.596835443037975, 35.096875]","[100.0, 100.0, 100.0, 100.0, 100.0, 100.0, 100.0, 43.7, 31.6, 32.0]"
ga,18,0,36.84826308952923,32.29,55.9,1.7632630895292347,5.4,12.978214285714287,21.994166666666665,9.015952380952381,True,0.0,hospital_corridor,28,12,"[11, 29, 47, 53, 61, 73, 89, 97, 101, 109]","[3.041167919373871, 3.386995581571286, 0.9365780766198214, 0.5, 1.0]","{""time"": 1.0, ""collisions"": 0.05, ""congestion"": 1.0, ""fairness"": 0.0, ""incomplete_base"": 1000.0, ""incomplete_agent"": 10.0}","[37.53468013468014, 34.15299684542587, 32.990553745928345, 36.00692041522491, 29.75909090909091, 35.601246105919, 39.56612903225807, 39.61239669421488, 40.035329341317365, 43.22328767123288]","[29.700000000000003, 31.700000000000003, 30.700000000000003, 28.900000000000002, 26.400000000000002, 32.1, 37.2, 36.300000000000004, 33.4, 36.5]"
ga,18,1,36.84826308952923,32.29,55.9,1.7632630895292347,5.4,12.978214285714287,21.994166666666665,9.015952380952381,True,0.0,hospital_corridor,28,12,"[11, 29, 47, 53, 61, 73, 89, 97, 101, 109]","[3.041167919373871, 3.386995581571286, 0.9365780766198214, 0.5, 1.0]","{""time"": 1.0, ""collisions"": 0.05, ""congestion"": 1.0, ""fairness"": 0.0, ""incomplete_base"": 1000.0, ""incomplete_agent"": 10.0}","[37.53468013468014, 34.15299684542587, 32.990553745928345, 36.00692041522491, 29.75909090909091, 35.601246105919, 39.56612903225807, 39.61239669421488, 40.035329341317365, 43.22328767123288]","[29.700000000000003, 31.700000000000003, 30.700000000000003, 28.900000000000002, 26.400000000000002, 32.1, 37.2, 36.300000000000004, 33.4, 36.5]"
ga,18,2,36.84826308952923,32.29,55.9,1.7632630895292347,5.4,12.978214285714287,21.994166666666665,9.015952380952381,True,0.0,hospital_corridor,28,12,"[11, 29, 47, 53, 61, 73, 89, 97, 101, 109]","[3.041167919373871, 3.386995581571286, 0.9365780766198214, 0.5, 1.0]","{""time"": 1.0, ""collisions"": 0.05, ""congestion"": 1.0, ""fairness"": 0.0, ""incomplete_base"": 1000.0, ""incomplete_agent"": 10.0}","[37.53468013468014, 34.15299684542587, 32.990553745928345, 36.00692041522491, 29.75909090909091, 35.601246105919, 39.56612903225807, 39.61239669421488, 40.035329341317365, 43.22328767123288]","[29.700000000000003, 31.700000000000003, 30.700000000000003, 28.900000000000002, 26.400000000000002, 32.1, 37.2, 36.300000000000004, 33.4, 36.5]"
ga,18,3,36.84826308952923,32.29,55.9,1.7632630895292347,5.4,12.978214285714287,21.994166666666665,9.015952380952381,True,0.0,hospital_corridor,28,12,"[11, 29, 47, 53, 61, 73, 89, 97, 101, 109]","[3.041167919373871, 3.386995581571286, 0.9365780766198214, 0.5, 1.0]","{""time"": 1.0, ""collisions"": 0.05, ""congestion"": 1.0, ""fairness"": 0.0, ""incomplete_base"": 1000.0, ""incomplete_agent"": 10.0}","[37.53468013468014, 34.15299684542587, 32.990553745928345, 36.00692041522491, 29.75909090909091, 35.601246105919, 39.56612903225807, 39.61239669421488, 40.035329341317365, 43.22328767123288]","[29.700000000000003, 31.700000000000003, 30.700000000000003, 28.900000000000002, 26.400000000000002, 32.1, 37.2, 36.300000000000004, 33.4, 36.5]"
ga,18,4,41.01405753304273,35.42999999999999,77.2,1.7240575330427368,5.2,13.380357142857145,23.4575,10.077142857142857,True,0.0,hospital_corridor,28,12,"[11, 29, 47, 53, 61, 73, 89, 97, 101, 109]","[3.194845364410515, 3.695672803614639, 0.9320550611168056, 0.5, 1.0]","{""time"": 1.0, ""collisions"": 0.05, ""congestion"": 1.0, ""fairness"": 0.0, ""incomplete_base"": 1000.0, ""incomplete_agent"": 10.0}","[60.26334106728538, 34.47398119122258, 32.22828282828283, 46.89083969465649, 29.04619771863118, 40.61549295774648, 40.56997319034853, 52.13760683760684, 38.39206349206349, 35.52279635258358]","[43.1, 31.900000000000002, 29.700000000000003, 39.300000000000004, 26.3, 35.5, 37.300000000000004, 46.800000000000004, 31.5, 32.9]"
ga,18,5,39.467630163317786,34.120000000000005,69.9,1.8526301633177855,5.5,13.102857142857143,22.4875,9.38464285714286,True,0.0,hospital_corridor,28,12,"[11, 29, 47, 53, 61, 73, 89, 97, 101, 109]","[3.2817679225046845, 3.6762188772875044, 0.9330139114160014, 0.5, 1.0]","{""time"": 1.0, ""collisions"": 0.05, ""congestion"": 1.0, ""fairness"": 0.0, ""incomplete_base"": 1000.0, ""incomplete_agent"": 10.0}","[47.955555555555556, 34.40615141955836, 31.993243243243242, 38.449999999999996, 28.64616858237548, 51.446835443037976, 40.518384401114204, 46.07216981132076, 38.63928571428572, 36.548507462686565]","[36.9, 31.700000000000003, 29.6, 32.0, 26.1, 39.5, 35.9, 42.400000000000006, 33.6, 33.5]"
ga,18,6,1180.6992560475396,36.9,2819.4,1.8292560475396051,6.2,11.290714285714287,20.409318181818186,9.118603896103897,False,0.1,hospital_corridor,28,12,"[11, 29, 47, 53, 61, 73, 89, 97, 101, 109]","[3.5680498044146782, 3.609259351342739, 0.5, 0.5, 1.0]","{""time"": 1.0, ""collisions"": 0.05, ""congestion"": 1.0, ""fairness"": 0.0, ""incomplete_base"": 1000.0, ""incomplete_agent"": 10.0}","[1302.708, 183.11491228070176, 139.35877192982457, 156.94666666666666, 176.5474729241877, 138.04744525547446, 182.23065015479878, 205.29827089337175, 159.62037037037038, 163.12]","[100.0, 28.5, 28.5, 30.0, 27.700000000000003, 27.400000000000002, 32.300000000000004, 34.7, 32.4, 27.5]"
ga,18,7,47.4479382539515,44.720000000000006,25.9,1.4329382539514923,4.2,15.782857142857145,27.757500000000004,11.97464285714286,True,0.0,hospital_corridor,28,12,"[11, 29, 47, 53, 61, 73, 89, 97, 101, 109]","[2.1662680443491498, 3.556365259488854, 0.9351588249311986, 0.5, 1.0]","{""time"": 1.0, ""collisions"": 0.05, ""congestion"": 1.0, ""fairness"": 0.0, ""incomplete_base"": 1000.0, ""incomplete_agent"": 10.0}","[51.68179916317992, 52.47137096774194, 44.15365853658536, 47.906741573033706, 38.42887323943662, 40.62885117493473, 46.56607142857143, 66.71533742331289, 40.8596256684492, 45.06705336426914]","[47.800000000000004, 49.6, 41.0, 44.5, 35.5, 38.300000000000004, 44.800000000000004, 65.2, 37.4, 43.1]"
ga,18,8,36.84826308952923,32.29,55.9,1.7632630895292347,5.4,12.978214285714287,21.994166666666665,9.015952380952381,True,0.0,hospital_corridor,28,12,"[11, 29, 47, 53, 61, 73, 89, 97, 101, 109]","[3.041167919373871, 3.386995581571286, 0.9365780766198214, 0.5, 1.0]","{""time"": 1.0, ""collisions"": 0.05, ""congestion"": 1.0, ""fairness"": 0.0, ""incomplete_base"": 1000.0, ""incomplete_agent"": 10.0}","[37.53468013468014, 34.15299684542587, 32.990553745928345, 36.00692041522491, 29.75909090909091, 35.601246105919, 39.56612903225807, 39.61239669421488, 40.035329341317365, 43.22328767123288]","[29.700000000000003, 31.700000000000003, 30.700000000000003, 28.900000000000002, 26.400000000000002, 32.1, 37.2, 36.300000000000004, 33.4, 36.5]"
ga,18,9,36.84826308952923,32.29,55.9,1.7632630895292347,5.4,12.978214285714287,21.994166666666665,9.015952380952381,True,0.0,hospital_corridor,28,12,"[11, 29, 47, 53, 61, 73, 89, 97, 101, 109]","[3.041167919373871, 3.386995581571286, 0.9365780766198214, 0.5, 1.0]","{""time"": 1.0, ""collisions"": 0.05, ""congestion"": 1.0, ""fairness"": 0.0, ""incomplete_base"": 1000.0, ""incomplete_agent"": 10.0}","[37.53468013468014, 34.15299684542587, 32.990553745928345, 36.00692041522491, 29.75909090909091, 35.601246105919, 39.56612903225807, 39.61239669421488, 40.035329341317365, 43.22328767123288]","[29.700000000000003, 31.700000000000003, 30.700000000000003, 28.900000000000002, 26.400000000000002, 32.1, 37.2, 36.300000000000004, 33.4, 36.5]"
ga,18,10,36.84826308952923,32.29,55.9,1.7632630895292347,5.4,12.978214285714287,21.994166666666665,9.015952380952381,True,0.0,hospital_corridor,28,12,"[11, 29, 47, 53, 61, 73, 89, 97, 101, 109]","[3.041167919373871, 3.386995581571286, 0.9365780766198214, 0.5, 1.0]","{""time"": 1.0, ""collisions"": 0.05, ""congestion"": 1.0, ""fairness"": 0.0, ""incomplete_base"": 1000.0, ""incomplete_agent"": 10.0}","[37.53468013468014, 34.15299684542587, 32.990553745928345, 36.00692041522491, 29.75909090909091, 35.601246105919, 39.56612903225807, 39.61239669421488, 40.035329341317365, 43.22328767123288]","[29.700000000000003, 31.700000000000003, 30.700000000000003, 28.900000000000002, 26.400000000000002, 32.1, 37.2, 36.300000000000004, 33.4, 36.5]"
ga,18,11,36.84826308952923,32.29,55.9,1.7632630895292347,5.4,12.978214285714287,21.994166666666665,9.015952380952381,True,0.0,hospital_corridor,28,12,"[11, 29, 47, 53, 61, 73, 89, 97, 101, 109]","[3.041167919373871, 3.386995581571286, 0.9365780766198214, 0.5, 1.0]","{""time"": 1.0, ""collisions"": 0.05, ""congestion"": 1.0, ""fairness"": 0.0, ""incomplete_base"": 1000.0, ""incomplete_agent"": 10.0}","[37.53468013468014, 34.15299684542587, 32.990553745928345, 36.00692041522491, 29.75909090909091, 35.601246105919, 39.56612903225807, 39.61239669421488, 40.035329341317365, 43.22328767123288]","[29.700000000000003, 31.700000000000003, 30.700000000000003, 28.900000000000002, 26.400000000000002, 32.1, 37.2, 36.300000000000004, 33.4, 36.5]"
ga,18,12,40.07901900101129,34.36,78.4,1.799019001011289,5.3,12.935357142857143,23.638333333333335,10.702976190476189,True,0.0,hospital_corridor,28,12,"[11, 29, 47, 53, 61, 73, 89, 97, 101, 109]","[3.041167919373871, 3.2674937517228964, 0.9365780766198213, 0.5, 1.0]","{""time"": 1.0, ""collisions"": 0.05, ""congestion"": 1.0, ""fairness"": 0.0, ""incomplete_base"": 1000.0, ""incomplete_agent"": 10.0}","[45.45, 37.54894894894895, 34.85760517799353, 47.937135278514596, 28.98916349809886, 34.59141414141414, 40.227397260273975, 40.67198952879581, 50.36725663716814, 40.149279538904906]","[31.1, 33.300000000000004, 30.900000000000002, 37.7, 26.3, 29.700000000000003, 36.5, 38.2, 45.2, 34.7]"
ga,18,13,40.82413661861429,35.099999999999994,77.9,1.829136618614291,5.1,12.759285714285715,23.016666666666666,10.257380952380954,True,0.0,hospital_corridor,28,12,"[11, 29, 47, 53, 61, 73, 89, 97, 101, 109]","[3.4902967036406247, 3.667509161921715, 0.9365780766198214, 0.5, 1.0]","{""time"": 1.0, ""collisions"": 0.05, ""congestion"": 1.0, ""fairness"": 0.0, ""incomplete_base"": 1000.0, ""incomplete_agent"": 10.0}","[56.13, 33.9448051948052, 33.97558922558923, 54.42442396313365, 33.797457627118646, 33.23791946308725, 42.645161290322584, 43.27559366754617, 41.86480446927374, 34.94561128526646]","[45.0, 30.8, 29.700000000000003, 43.400000000000006, 29.5, 29.8, 37.2, 37.9, 35.800000000000004, 31.900000000000002]"
ga,18,14,39.43582102030203,34.89,56.8,1.7058210203020245,5.6,13.244642857142859,23.177500000000002,9.932857142857141,True,0.0,hospital_corridor,28,12,"[11, 29, 47, 53, 61, 73, 89, 97, 101, 109]","[3.2873949160765714, 3.786177214287253, 0.9509291877079472, 0.5, 1.0]","{""time"": 1.0, ""collisions"": 0.05, ""congestion"": 1.0, ""fairness"": 0.0, ""incomplete_base"": 1000.0, ""incomplete_agent"": 10.0}","[48.59402173913044, 34.55615141955837, 32.94818481848185, 47.72560975609756, 35.92962962962962, 39.98770949720671, 38.784615384615385, 43.367010309278356, 36.51677018633541, 35.94850746268657]","[36.800000000000004, 31.700000000000003, 30.3, 41.0, 32.4, 35.800000000000004, 36.4, 38.800000000000004, 32.2, 33.5]"
ga,18,15,1052.2966939544783,43.900000000000006,54.9,1.651693954478273,5.2,14.211547619047622,24.389166666666668,10.17761904761905,False,0.4,hospital_corridor,28,12,"[11, 29, 47, 53, 61, 73, 89, 97, 101, 109]","[3.135812138533389, 3.872458130301665, 0.9933190013098586, 0.5, 1.0]","{""time"": 1.0, ""collisions"": 0.05, ""congestion"": 1.0, ""fairness"": 0.0, ""incomplete_base"": 1000.0, ""incomplete_agent"": 10.0}","[53.33269639065818, 1141.436, 35.370433436532515, 41.5328402366864, 36.175000000000004, 36.8741935483871, 40.535012919896644, 40.31496062992126, 56.79097664543525, 40.604825737265415]","[47.1, 100.0, 32.300000000000004, 33.800000000000004, 33.6, 31.0, 38.7, 38.1, 47.1, 37.300000000000004]"
ga,18,16,1148.4826,100.0,18.8,0.5426,4.4,13.57697737077737,26.026999999999997,12.450022629222632,False,4.7,hospital_corridor,28,12,"[11, 29, 47, 53, 61, 73, 89, 97, 101, 109]","[3.345309238130455, 4.486866435827467, 1.0745824569180662, 0.5, 1.0]","{""time"": 1.0, ""collisions"": 0.05, ""congestion"": 1.0, ""fairness"": 0.0, ""incomplete_base"": 1000.0, ""incomplete_agent"": 10.0}","[1173.39, 1162.059, 1121.324, 1161.113, 1180.661, 1140.882, 1140.994, 1141.419, 1142.097, 1120.887]","[100.0, 100.0, 100.0, 100.0, 100.0, 100.0, 100.0, 100.0, 100.0, 100.0]"
ga,18,17,1059.492768433124,38.07000000000001,378.1,1.5177684331240082,5.3,11.392500000000002,20.641060606060606,9.248560606060607,False,0.1,hospital_corridor,28,12,"[11, 29, 47, 53, 61, 73, 89, 97, 101, 109]","[4.641422380841287, 2.9222015437353477, 0.9344151255254618, 0.5, 1.0]","{""time"": 1.0, ""collisions"": 0.05, ""congestion"": 1.0, ""fairness"": 0.0, ""incomplete_base"": 1000.0, ""incomplete_agent"": 10.0}","[65.42978723404255, 53.565625, 37.99615384615385, 74.41438746438747, 43.29495114006515, 36.82338129496402, 50.393902439024394, 54.75517799352751, 1128.189, 50.06531791907515]","[28.200000000000003, 32.0, 28.6, 35.1, 30.700000000000003, 27.8, 32.800000000000004, 30.900000000000002, 100.0, 34.6]"
ga,18,18,38.92843869384494,33.87,68.0,1.6584386938449456,5.2,12.806428571428572,22.43166666666667,9.625238095238094,True,0.0,hospital_corridor,28,12,"[11, 29, 47, 53, 61, 73, 89, 97, 101, 109]","[3.066524203910663, 3.3278002500391466, 0.9152502727250261, 0.5, 1.0]","{""time"": 1.0, ""collisions"": 0.05, ""congestion"": 1.0, ""fairness"": 0.0, ""incomplete_base"": 1000.0, ""incomplete_agent"": 10.0}","[44.15288184438041, 34.291935483870965, 32.92607260726073, 47.78421052631579, 30.89264705882353, 37.30074626865672, 40.85675675675676, 39.18186813186813, 40.58412462908012, 41.31314363143631]","[34.7, 31.0, 30.3, 38.0, 27.200000000000003, 33.5, 37.0, 36.4, 33.7, 36.9]"
ga,18,19,39.335587352556665,35.19,49.2,1.6855873525566651,5.0,13.068571428571428,23.209999999999997,10.141428571428573,True,0.0,hospital_corridor,28,12,"[11, 29, 47, 53, 61, 73, 89, 97, 101, 109]","[2.79348019567071, 3.272074934636856, 0.9195587353559401, 0.5, 1.0]","{""time"": 1.0, ""collisions"": 0.05, ""congestion"": 1.0, ""fairness"": 0.0, ""incomplete_base"": 1000.0, ""incomplete_agent"": 10.0}","[52.67668213457077, 35.146153846153844, 34.56180124223603, 37.63253968253968, 30.57111913357401, 39.23809523809524, 41.3780612244898, 42.32707808564232, 43.12583547557841, 36.69850746268657]","[43.1, 32.5, 32.2, 31.5, 27.700000000000003, 33.6, 39.2, 39.7, 38.900000000000006, 33.5]"
ga,18,20,41.29204976829537,33.120000000000005,129.3,1.7070497682953636,5.5,12.691785714285714,22.491666666666667,9.799880952380953,True,0.0,hospital_corridor,28,12,"[11, 29, 47, 53, 61, 73, 89, 97, 101, 109]","[3.041167919373871, 2.8757383084039674, 0.9365780766198213, 0.5, 1.0]","{""time"": 1.0, ""collisions"": 0.05, ""congestion"": 1.0, ""fairness"": 0.0, ""incomplete_base"": 1000.0, ""incomplete_agent"": 10.0}","[59.35702005730659, 34.54423076923077, 34.8827868852459, 44.63778501628665, 29.561406844106465, 35.78815789473685, 41.613020833333344, 54.98660714285715, 41.594267515923576, 35.95521472392638]","[34.9, 31.200000000000003, 30.5, 30.700000000000003, 26.3, 30.400000000000002, 38.400000000000006, 44.800000000000004, 31.400000000000002, 32.6]"
ga,18,21,41.26727798004628,35.589999999999996,78.1,1.7722779800462842,5.1,13.3175,23.450833333333332,10.133333333333333,True,0.0,hospital_corridor,28,12,"[11, 29, 47, 53, 61, 73, 89, 97, 101, 109]","[3.041167919373871, 3.3689161669320584, 0.9365780766198213, 0.5, 1.0]","{""time"": 1.0, ""collisions"": 0.05, ""congestion"": 1.0, ""fairness"": 0.0, ""incomplete_base"": 1000.0, ""incomplete_agent"": 10.0}","[49.97266666666666, 34.9775641025641, 34.77692307692308, 48.310106382978724, 39.14142857142857, 36.71963746223565, 39.72175066312998, 42.731818181818184, 45.71451612903226, 40.606368563685635]","[37.5, 31.200000000000003, 31.200000000000003, 37.6, 35.0, 33.1, 37.7, 38.5, 37.2, 36.9]"
ga,18,22,38.43500748094123,33.559999999999995,63.1,1.7200074809412365,4.9,12.87714285714286,22.160833333333333,9.283690476190477,True,0.0,hospital_corridor,28,12,"[11, 29, 47, 53, 61, 73, 89, 97, 101, 109]","[3.1059812744253987, 3.4043057027399524, 0.9348118650550721, 0.5, 1.0]","{""time"": 1.0, ""collisions"": 0.05, ""congestion"": 1.0, ""fairness"": 0.0, ""incomplete_base"": 1000.0, ""incomplete_agent"": 10.0}","[51.075641025641026, 34.67619047619048, 35.102597402597404, 36.5942760942761, 34.974603174603175, 34.093333333333334, 39.967021276595744, 40.91746031746032, 41.28065902578796, 35.66829268292683]","[39.0, 31.5, 30.8, 29.700000000000003, 31.5, 30.0, 37.6, 37.800000000000004, 34.9, 32.800000000000004]"
ga,18,23,38.79683062391722,33.33,76.2,1.6568306239172128,5.6,12.680714285714288,22.145833333333336,9.465119047619048,True,0.0,hospital_corridor,28,12,"[11, 29, 47, 53, 61, 73, 89, 97, 101, 109]","[3.2378880178801057, 3.3972001354262256, 0.935438971042515, 0.5, 1.0]","{""time"": 1.0, ""collisions"": 0.05, ""congestion"": 1.0, ""fairness"": 0.0, ""incomplete_base"": 1000.0, ""incomplete_agent"": 10.0}","[55.92187500000001, 33.54805194805195, 33.60261437908497, 34.59913494809689, 34.0983606557377, 32.53378839590444, 41.67978723404256, 45.54565756823822, 37.29810126582279, 39.14093484419264]","[38.400000000000006, 30.8, 30.6, 28.900000000000002, 30.5, 29.3, 37.6, 40.300000000000004, 31.6, 35.300000000000004]"
ga,19,0,36.84826308952923,32.29,55.9,1.7632630895292347,5.4,12.978214285714287,21.994166666666665,9.015952380952381,True,0.0,hospital_corridor,28,12,"[11, 29, 47, 53, 61, 73, 89, 97, 101, 109]","[3.041167919373871, 3.386995581571286, 0.9365780766198214, 0.5, 1.0]","{""time"": 1.0, ""collisions"": 0.05, ""congestion"": 1.0, ""fairness"": 0.0, ""incomplete_base"": 1000.0, ""incomplete_agent"": 10.0}","[37.53468013468014, 34.15299684542587, 32.990553745928345, 36.00692041522491, 29.75909090909091, 35.601246105919, 39.56612903225807, 39.61239669421488, 40.035329341317365, 43.22328767123288]","[29.700000000000003, 31.700000000000003, 30.700000000000003, 28.900000000000002, 26.400000000000002, 32.1, 37.2, 36.300000000000004, 33.4, 36.5]"
ga,19,1,36.84826308952923,32.29,55.9,1.7632630895292347,5.4,12.978214285714287,21.994166666666665,9.015952380952381,True,0.0,hospital_corridor,28,12,"[11, 29, 47, 53, 61, 73, 89, 97, 101, 109]","[3.041167919373871, 3.386995581571286, 0.9365780766198214, 0.5, 1.0]","{""time"": 1.0, ""collisions"": 0.05, ""congestion"": 1.0, ""fairness"": 0.0, ""incomplete_base"": 1000.0, ""incomplete_agent"": 10.0}","[37.53468013468014, 34.15299684542587, 32.990553745928345, 36.00692041522491, 29.75909090909091, 35.601246105919, 39.56612903225807, 39.61239669421488, 40.035329341317365, 43.22328767123288]","[29.700000000000003, 31.700000000000003, 30.700000000000003, 28.900000000000002, 26.400000000000002, 32.1, 37.2, 36.300000000000004, 33.4, 36.5]"
ga,19,2,40.40280259918229,35.470000000000006,64.9,1.687802599182287,4.8,13.635714285714286,23.643333333333334,10.007619047619048,True,0.0,hospital_corridor,28,12,"[11, 29, 47, 53, 61, 73, 89, 97, 101, 109]","[2.9306506669454353, 3.353854784138793, 0.9482911729383415, 0.5, 1.0]","{""time"": 1.0, ""collisions"": 0.05, ""congestion"": 1.0, ""fairness"": 0.0, ""incomplete_base"": 1000.0, ""incomplete_agent"": 10.0}","[56.16938775510204, 34.92289719626168, 35.52701863354037, 37.62802547770701, 37.66117318435755, 39.66117824773414, 44.118446601941756, 42.30232558139535, 38.5625, 37.47507331378299]","[44.1, 32.1, 32.2, 31.400000000000002, 35.800000000000004, 33.1, 41.2, 38.7, 32.0, 34.1]"
ga,19,3,38.059118099871604,33.12,65.4,1.6691180998716029,4.9,12.986428571428572,22.28,9.293571428571429,True,0.0,hospital_corridor,28,12,"[11, 29, 47, 53, 61, 73, 89, 97, 101, 109]","[2.9039974480991457, 3.305215732069348, 0.9205346069838619, 0.5, 1.0]","{""time"": 1.0, ""collisions"": 0.05, ""congestion"": 1.0, ""fairness"": 0.0, ""incomplete_base"": 1000.0, ""incomplete_agent"": 10.0}","[45.69021739130436, 35.06772151898734, 33.76372549019608, 43.305747126436785, 28.657692307692308, 33.421548821548825, 41.12354497354498, 42.886082474226804, 40.014197530864195, 36.66070336391438]","[36.800000000000004, 31.6, 30.6, 34.800000000000004, 26.0, 29.700000000000003, 37.800000000000004, 38.800000000000004, 32.4, 32.7]"
ga,19,4,41.197413188166756,32.33,142.7,1.7324131881667622,5.0,12.514285714285716,21.85666666666667,9.342380952380953,True,0.0,hospital_corridor,28,12,"[11, 29, 47, 53, 61, 73, 89, 97, 101, 109]","[3.6692563670067058, 3.386995581571286, 0.9365780766198213, 0.5, 1.0]","{""time"": 1.0, ""collisions"": 0.05, ""congestion"": 1.0, ""fairness"": 0.0, ""incomplete_base"": 1000.0, ""incomplete_agent"": 10.0}","[63.005817174515236, 34.3671052631579, 34.82749140893471, 52.852739726027394, 39.60915032679739, 35.19152542372881, 40.528169014084504, 38.31785714285715, 37.57966101694915, 35.69461538461538]","[36.1, 30.400000000000002, 29.1, 36.5, 30.6, 29.5, 35.5, 33.6, 29.5, 32.5]"
ga,19,5,36.84826308952923,32.29,55.9,1.7632630895292347,5.4,12.978214285714287,21.994166666666665,9.015952380952381,True,0.0,hospital_corridor,28,12,"[11, 29, 47, 53, 61, 73, 89, 97, 101, 109]","[3.041167919373871, 3.386995581571286, 0.9365780766198214, 0.5, 1.0]","{""time"": 1.0, ""collisions"": 0.05, ""congestion"": 1.0, ""fairness"": 0.0, ""incomplete_base"": 1000.0, ""incomplete_agent"": 10.0}","[37.53468013468014, 34.15299684542587, 32.990553745928345, 36.00692041522491, 29.75909090909091, 35.601246105919, 39.56612903225807, 39.61239669421488, 40.035329341317365, 43.22328767123288]","[29.700000000000003, 31.700000000000003, 30.700000000000003, 28.900000000000002, 26.400000000000002, 32.1, 37.2, 36.300000000000004, 33.4, 36.5]"
ga,19,6,36.84826308952923,32.29,55.9,1.7632630895292347,5.4,12.978214285714287,21.994166666666665,9.015952380952381,True,0.0,hospital_corridor,28,12,"[11, 29, 47, 53, 61, 73, 89, 97, 101, 109]","[3.041167919373871, 3.386995581571286, 0.9365780766198214, 0.5, 1.0]","{""time"": 1.0, ""collisions"": 0.05, ""congestion"": 1.0, ""fairness"": 0.0, ""incomplete_base"": 1000.0, ""incomplete_agent"": 10.0}","[37.53468013468014, 34.15299684542587, 32.990553745928345, 36.00692041522491, 29.75909090909091, 35.601246105919, 39.56612903225807, 39.61239669421488, 40.035329341317365, 43.22328767123288]","[29.700000000000003, 31.700000000000003, 30.700000000000003, 28.900000000000002, 26.400000000000002, 32.1, 37.2, 36.300000000000004, 33.4, 36.5]"
ga,19,7,36.84826308952923,32.29,55.9,1.7632630895292347,5.4,12.978214285714287,21.994166666666665,9.015952380952381,True,0.0,hospital_corridor,28,12,"[11, 29, 47, 53, 61, 73, 89, 97, 101, 109]","[3.041167919373871, 3.386995581571286, 0.9365780766198214, 0.5, 1.0]","{""time"": 1.0, ""collisions"": 0.05, ""congestion"": 1.0, ""fairness"": 0.0, ""incomplete_base"": 1000.0, ""incomplete_agent"": 10.0}","[37.53468013468014, 34.15299684542587, 32.990553745928345, 36.00692041522491, 29.75909090909091, 35.601246105919, 39.56612903225807, 39.61239669421488, 40.035329341317365, 43.22328767123288]","[29.700000000000003, 31.700000000000003, 30.700000000000003, 28.900000000000002, 26.400000000000002, 32.1, 37.2, 36.300000000000004, 33.4, 36.5]"
ga,19,8,38.67291006133388,33.99999999999999,60.5,1.6479100613338886,5.0,13.142857142857142,22.788333333333334,9.645476190476192,True,0.0,hospital_corridor,28,12,"[11, 29, 47, 53, 61, 73, 89, 97, 101, 109]","[2.984652212336846, 3.386995581571286, 0.9365780766198213, 0.5, 1.0]","{""time"": 1.0, ""collisions"": 0.05, ""congestion"": 1.0, ""fairness"": 0.0, ""incomplete_base"": 1000.0, ""incomplete_agent"": 10.0}","[48.23739837398374, 36.101261829653, 33.11019417475728, 35.92878787878789, 29.053846153846155, 34.04281045751634, 41.0233681462141, 53.62191235059761, 39.07727272727273, 36.53224852071006]","[36.9, 31.700000000000003, 30.900000000000002, 29.700000000000003, 26.0, 30.6, 38.300000000000004, 50.2, 31.900000000000002, 33.800000000000004]"
ga,19,9,1146.0844509536785,93.67,36.6,0.5844509536784741,4.0,14.643663053613057,26.510924242424245,11.867261188811192,False,5.0,hospital_corridor,28,12,"[11, 29, 47, 53, 61, 73, 89, 97, 101, 109]","[3.041167919373871, 3.386995581571286, 1.1622669437283912, 0.5, 1.0]","{""time"": 1.0, ""collisions"": 0.05, ""congestion"": 1.0, ""fairness"": 0.0, ""incomplete_base"": 1000.0, ""incomplete_agent"": 10.0}","[1144.2930000000001, 1201.209, 1160.827, 1164.03, 1170.886, 1142.235, 1121.333, 1134.149, 40.38950953678474, 1181.493]","[100.0, 100.0, 100.0, 100.0, 100.0, 100.0, 100.0, 100.0, 36.7, 100.0]"
ga,19,10,42.50115071651652,38.38,49.4,1.6511507165165185,5.4,14.365714285714287,24.657500000000006,10.291785714285714,True,0.0,hospital_corridor,28,12,"[11, 29, 47, 53, 61, 73, 89, 97, 101, 109]","[2.713572966769492, 3.386995581571286, 0.9365780766198213, 0.5, 1.0]","{""time"": 1.0, ""collisions"": 0.05, ""congestion"": 1.0, ""fairness"": 0.0, ""incomplete_base"": 1000.0, ""incomplete_agent"": 10.0}","[55.96883116883117, 35.341104294478534, 36.56325301204819, 53.97560975609756, 34.486507936507934, 39.87890173410405, 42.953685503685506, 46.71363636363637, 39.51340057636888, 39.61657681940701]","[46.2, 32.6, 33.2, 49.2, 31.5, 34.6, 40.7, 44.0, 34.7, 37.1]"
ga,19,11,36.84826308952923,32.29,55.9,1.7632630895292347,5.4,12.978214285714287,21.994166666666665,9.015952380952381,True,0.0,hospital_corridor,28,12,"[11, 29, 47, 53, 61, 73, 89, 97, 101, 109]","[3.041167919373871, 3.386995581571286, 0.9365780766198214, 0.5, 1.0]","{""time"": 1.0, ""collisions"": 0.05, ""congestion"": 1.0, ""fairness"": 0.0, ""incomplete_base"": 1000.0, ""incomplete_agent"": 10.0}","[37.53468013468014, 34.15299684542587, 32.990553745928345, 36.00692041522491, 29.75909090909091, 35.601246105919, 39.56612903225807, 39.61239669421488, 40.035329341317365, 43.22328767123288]","[29.700000000000003, 31.700000000000003, 30.700000000000003, 28.900000000000002, 26.400000000000002, 32.1, 37.2, 36.300000000000004, 33.4, 36.5]"
ga,19,12,36.84826308952923,32.29,55.9,1.7632630895292347,5.4,12.978214285714287,21.994166666666665,9.015952380952381,True,0.0,hospital_corridor,28,12,"[11, 29, 47, 53, 61, 73, 89, 97, 101, 109]","[3.041167919373871, 3.386995581571286, 0.9365780766198214, 0.5, 1.0]","{""time"": 1.0, ""collisions"": 0.05, ""congestion"": 1.0, ""fairness"": 0.0, ""incomplete_base"": 1000.0, ""incomplete_agent"": 10.0}","[37.53468013468014, 34.15299684542587, 32.990553745928345, 36.00692041522491, 29.75909090909091, 35.601246105919, 39.56612903225807, 39.61239669421488, 40.035329341317365, 43.22328767123288]","[29.700000000000003, 31.700000000000003, 30.700000000000003, 28.900000000000002, 26.400000000000002, 32.1, 37.2, 36.300000000000004, 33.4, 36.5]"
ga,19,13,40.23008504329055,36.99999999999999,30.7,1.6950850432905522,5.0,13.81357142857143,23.093333333333334,9.279761904761907,True,0.0,hospital_corridor,28,12,"[11, 29, 47, 53, 61, 73, 89, 97, 101, 109]","[3.041167919373871, 3.9927439040667623, 0.9365780766198213, 0.5, 1.0]","{""time"": 1.0, ""collisions"": 0.05, ""congestion"": 1.0, ""fairness"": 0.0, ""incomplete_base"": 1000.0, ""incomplete_agent"": 10.0}","[58.45665362035225, 33.98354430379747, 33.809677419354834, 32.69491525423729, 38.64903581267218, 38.598126801152745, 39.72105263157895, 49.05822510822511, 35.00203761755486, 42.32758186397985]","[51.1, 31.6, 31.0, 29.5, 36.300000000000004, 34.7, 38.0, 46.2, 31.900000000000002, 39.7]"
ga,19,14,36.84826308952923,32.29,55.9,1.7632630895292347,5.4,12.978214285714287,21.994166666666665,9.015952380952381,True,0.0,hospital_corridor,28,12,"[11, 29, 47, 53, 61, 73, 89, 97, 101, 109]","[3.041167919373871, 3.386995581571286, 0.9365780766198214, 0.5, 1.0]","{""time"": 1.0, ""collisions"": 0.05, ""congestion"": 1.0, ""fairness"": 0.0, ""incomplete_base"": 1000.0, ""incomplete_agent"": 10.0}","[37.53468013468014, 34.15299684542587, 32.990553745928345, 36.00692041522491, 29.75909090909091, 35.601246105919, 39.56612903225807, 39.61239669421488, 40.035329341317365, 43.22328767123288]","[29.700000000000003, 31.700000000000003, 30.700000000000003, 28.900000000000002, 26.400000000000002, 32.1, 37.2, 36.300000000000004, 33.4, 36.5]"
ga,19,15,40.19772145589076,33.720000000000006,94.3,1.7627214558907578,5.2,13.144642857142859,22.685000000000002,9.540357142857143,True,0.0,hospital_corridor,28,12,"[11, 29, 47, 53, 61, 73, 89, 97, 101, 109]","[3.041167919373871, 3.200804610082045, 0.9365780766198213, 0.5, 1.0]","{""time"": 1.0, ""collisions"": 0.05, ""congestion"": 1.0, ""fairness"": 0.0, ""incomplete_base"": 1000.0, ""incomplete_agent"": 10.0}","[62.985866983372915, 33.95192307692308, 32.99607843137255, 39.90340136054422, 35.056354515050174, 32.68037542662116, 40.90910290237466, 41.55107526881721, 42.5103550295858, 39.43268156424581]","[42.1, 31.200000000000003, 30.6, 29.400000000000002, 29.900000000000002, 29.3, 37.9, 37.2, 33.800000000000004, 35.800000000000004]"
ga,19,16,36.84826308952923,32.29,55.9,1.7632630895292347,5.4,12.978214285714287,21.994166666666665,9.015952380952381,True,0.0,hospital_corridor,28,12,"[11, 29, 47, 53, 61, 73, 89, 97, 101, 109]","[3.041167919373871, 3.386995581571286, 0.9365780766198214, 0.5, 1.0]","{""time"": 1.0, ""collisions"": 0.05, ""congestion"": 1.0, ""fairness"": 0.0, ""incomplete_base"": 1000.0, ""incomplete_agent"": 10.0}","[37.53468013468014, 34.15299684542587, 32.990553745928345, 36.00692041522491, 29.75909090909091, 35.601246105919, 39.56612903225807, 39.61239669421488, 40.035329341317365, 43.22328767123288]","[29.700000000000003, 31.700000000000003, 30.700000000000003, 28.900000000000002, 26.400000000000002, 32.1, 37.2, 36.300000000000004, 33.4, 36.5]"
ga,19,17,1203.7531,100.0,26.5,0.42810000000000004,3.8,13.745500779045518,24.336805916305916,10.5913051372604,False,10.2,hospital_corridor,28,12,"[11, 29, 47, 53, 61, 73, 89, 97, 101, 109]","[3.041167919373871, 3.386995581571286, 1.2351142585490296, 0.5, 1.0]","{""time"": 1.0, ""collisions"": 0.05, ""congestion"": 1.0, ""fairness"": 0.0, ""incomplete_base"": 1000.0, ""incomplete_agent"": 10.0}","[1185.5819999999999, 1241.248, 1191.293, 1220.55, 1211.483, 1181.593, 1172.145, 1171.738, 1161.362, 1300.537]","[100.0, 100.0, 100.0, 100.0, 100.0, 100.0, 100.0, 100.0, 100.0, 100.0]"
ga,19,18,45.09065721484703,31.4,234.1,1.9856572148470288,5.6,12.2475,21.280833333333334,9.033333333333333,True,0.0,hospital_corridor,28,12,"[11, 29, 47, 53, 61, 73, 89, 97, 101, 109]","[3.041167919373871, 3.386995581571286, 0.8073395071258624, 0.5, 1.0]","{""time"": 1.0, ""collisions"": 0.05, ""congestion"": 1.0, ""fairness"": 0.0, ""incomplete_base"": 1000.0, ""incomplete_agent"": 10.0}","[65.54655172413794, 41.018238993710696, 43.05508474576271, 57.919230769230765, 37.92943143812709, 35.50874125874126, 45.45510204081633, 45.55123456790123, 42.43399339933993, 36.488963210702344]","[34.800000000000004, 31.8, 29.5, 32.5, 29.900000000000002, 28.6, 34.300000000000004, 32.4, 30.3, 29.900000000000002]"
ga,19,19,36.84826308952923,32.29,55.9,1.7632630895292347,5.4,12.978214285714287,21.994166666666665,9.015952380952381,True,0.0,hospital_corridor,28,12,"[11, 29, 47, 53, 61, 73, 89, 97, 101, 109]","[3.041167919373871, 3.386995581571286, 0.9365780766198214, 0.5, 1.0]","{""time"": 1.0, ""collisions"": 0.05, ""congestion"": 1.0, ""fairness"": 0.0, ""incomplete_base"": 1000.0, ""incomplete_agent"": 10.0}","[37.53468013468014, 34.15299684542587, 32.990553745928345, 36.00692041522491, 29.75909090909091, 35.601246105919, 39.56612903225807, 39.61239669421488, 40.035329341317365, 43.22328767123288]","[29.700000000000003, 31.700000000000003, 30.700000000000003, 28.900000000000002, 26.400000000000002, 32.1, 37.2, 36.300000000000004, 33.4, 36.5]"
ga,19,20,36.84826308952923,32.29,55.9,1.7632630895292347,5.4,12.978214285714287,21.994166666666665,9.015952380952381,True,0.0,hospital_corridor,28,12,"[11, 29, 47, 53, 61, 73, 89, 97, 101, 109]","[3.041167919373871, 3.386995581571286, 0.9365780766198214, 0.5, 1.0]","{""time"": 1.0, ""collisions"": 0.05, ""congestion"": 1.0, ""fairness"": 0.0, ""incomplete_base"": 1000.0, ""incomplete_agent"": 10.0}","[37.53468013468014, 34.15299684542587, 32.990553745928345, 36.00692041522491, 29.75909090909091, 35.601246105919, 39.56612903225807, 39.61239669421488, 40.035329341317365, 43.22328767123288]","[29.700000000000003, 31.700000000000003, 30.700000000000003, 28.900000000000002, 26.400000000000002, 32.1, 37.2, 36.300000000000004, 33.4, 36.5]"
ga,19,21,39.31169978862581,33.32,84.6,1.7616997886258137,5.8,12.990357142857144,22.51166666666667,9.521309523809524,True,0.0,hospital_corridor,28,12,"[11, 29, 47, 53, 61, 73, 89, 97, 101, 109]","[3.041167919373871, 3.2184469245244927, 0.9365780766198213, 0.5, 1.0]","{""time"": 1.0, ""collisions"": 0.05, ""congestion"": 1.0, ""fairness"": 0.0, ""incomplete_base"": 1000.0, ""incomplete_agent"": 10.0}","[63.08317865429235, 34.36019108280255, 36.055769230769236, 39.280188679245285, 32.33134328358209, 32.76369863013699, 40.65080213903744, 40.41266666666667, 37.85188679245283, 36.32727272727273]","[43.1, 31.400000000000002, 31.200000000000003, 31.8, 26.8, 29.200000000000003, 37.4, 37.5, 31.8, 33.0]"
ga,19,22,44.325396310664736,32.279999999999994,207.3,1.6803963106647384,5.2,12.091071428571428,21.290000000000003,9.198928571428572,True,0.0,hospital_corridor,28,12,"[11, 29, 47, 53, 61, 73, 89, 97, 101, 109]","[4.080709503145867, 3.386995581571286, 0.9365780766198213, 0.5, 1.0]","{""time"": 1.0, ""collisions"": 0.05, ""congestion"": 1.0, ""fairness"": 0.0, ""incomplete_base"": 1000.0, ""incomplete_agent"": 10.0}","[67.29725848563969, 47.715309446254075, 34.99584775086505, 61.20879265091864, 34.37062937062937, 34.04225352112676, 50.21351351351351, 38.93358662613982, 38.670422535211266, 35.80634920634921]","[38.300000000000004, 30.700000000000003, 28.900000000000002, 38.1, 28.6, 28.400000000000002, 37.0, 32.9, 28.400000000000002, 31.5]"
ga,19,23,64.99787131553255,31.78000000000001,629.0,1.767871315532544,5.0,12.073214285714288,21.300833333333337,9.227619047619047,True,0.0,hospital_corridor,28,12,"[11, 29, 47, 53, 61, 73, 89, 97, 101, 109]","[3.041167919373871, 3.8872987753680865, 0.7561003327039056, 0.5, 1.0]","{""time"": 1.0, ""collisions"": 0.05, ""congestion"": 1.0, ""fairness"": 0.0, ""incomplete_base"": 1000.0, ""incomplete_agent"": 10.0}","[73.42814569536425, 116.11733966745844, 62.33220338983051, 61.82420494699647, 52.17269938650306, 48.11678445229682, 59.42352941176471, 59.552523659306, 68.15882352941176, 48.852459016393446]","[30.200000000000003, 42.1, 29.5, 28.3, 32.6, 28.3, 34.0, 31.700000000000003, 30.6, 30.5]"
ga,20,0,36.84826308952923,32.29,55.9,1.7632630895292347,5.4,12.978214285714287,21.994166666666665,9.015952380952381,True,0.0,hospital_corridor,28,12,"[11, 29, 47, 53, 61, 73, 89, 97, 101, 109]","[3.041167919373871, 3.386995581571286, 0.9365780766198214, 0.5, 1.0]","{""time"": 1.0, ""collisions"": 0.05, ""congestion"": 1.0, ""fairness"": 0.0, ""incomplete_base"": 1000.0, ""incomplete_agent"": 10.0}","[37.53468013468014, 34.15299684542587, 32.990553745928345, 36.00692041522491, 29.75909090909091, 35.601246105919, 39.56612903225807, 39.61239669421488, 40.035329341317365, 43.22328767123288]","[29.700000000000003, 31.700000000000003, 30.700000000000003, 28.900000000000002, 26.400000000000002, 32.1, 37.2, 36.300000000000004, 33.4, 36.5]"
ga,20,1,36.84826308952923,32.29,55.9,1.7632630895292347,5.4,12.978214285714287,21.994166666666665,9.015952380952381,True,0.0,hospital_corridor,28,12,"[11, 29, 47, 53, 61, 73, 89, 97, 101, 109]","[3.041167919373871, 3.386995581571286, 0.9365780766198214, 0.5, 1.0]","{""time"": 1.0, ""collisions"": 0.05, ""congestion"": 1.0, ""fairness"": 0.0, ""incomplete_base"": 1000.0, ""incomplete_agent"": 10.0}","[37.53468013468014, 34.15299684542587, 32.990553745928345, 36.00692041522491, 29.75909090909091, 35.601246105919, 39.56612903225807, 39.61239669421488, 40.035329341317365, 43.22328767123288]","[29.700000000000003, 31.700000000000003, 30.700000000000003, 28.900000000000002, 26.400000000000002, 32.1, 37.2, 36.300000000000004, 33.4, 36.5]"
ga,20,2,36.84826308952923,32.29,55.9,1.7632630895292347,5.4,12.978214285714287,21.994166666666665,9.015952380952381,True,0.0,hospital_corridor,28,12,"[11, 29, 47, 53, 61, 73, 89, 97, 101, 109]","[3.041167919373871, 3.386995581571286, 0.9365780766198214, 0.5, 1.0]","{""time"": 1.0, ""collisions"": 0.05, ""congestion"": 1.0, ""fairness"": 0.0, ""incomplete_base"": 1000.0, ""incomplete_agent"": 10.0}","[37.53468013468014, 34.15299684542587, 32.990553745928345, 36.00692041522491, 29.75909090909091, 35.601246105919, 39.56612903225807, 39.61239669421488, 40.035329341317365, 43.22328767123288]","[29.700000000000003, 31.700000000000003, 30.700000000000003, 28.900000000000002, 26.400000000000002, 32.1, 37.2, 36.300000000000004, 33.4, 36.5]"
ga,20,3,48.497706598680836,30.189999999999998,330.6,1.7777065986808385,5.5,11.650714285714287,20.351666666666667,8.700952380952383,True,0.0,hospital_corridor,28,12,"[11, 29, 47, 53, 61, 73, 89, 97, 101, 109]","[3.9186275426270547, 2.555559617332886, 0.9365780766198213, 0.5, 1.0]","{""time"": 1.0, ""collisions"": 0.05, ""congestion"": 1.0, ""fairness"": 0.0, ""incomplete_base"": 1000.0, ""incomplete_agent"": 10.0}","[87.34193548387096, 56.78996655518395, 45.406968641114986, 39.358156028368796, 37.27054794520548, 35.021126760563384, 44.73067484662577, 52.26231003039514, 48.05017421602788, 38.74520547945206]","[34.1, 29.900000000000002, 28.700000000000003, 28.200000000000003, 29.200000000000003, 28.400000000000002, 32.6, 32.9, 28.700000000000003, 29.200000000000003]"
ga,20,4,36.84826308952923,32.29,55.9,1.7632630895292347,5.4,12.978214285714287,21.994166666666665,9.015952380952381,True,0.0,hospital_corridor,28,12,"[11, 29, 47, 53, 61, 73, 89, 97, 101, 109]","[3.041167919373871, 3.386995581571286, 0.9365780766198214, 0.5, 1.0]","{""time"": 1.0, ""collisions"": 0.05, ""congestion"": 1.0, ""fairness"": 0.0, ""incomplete_base"": 1000.0, ""incomplete_agent"": 10.0}","[37.53468013468014, 34.15299684542587, 32.990553745928345, 36.00692041522491, 29.75909090909091, 35.601246105919, 39.56612903225807, 39.61239669421488, 40.035329341317365, 43.22328767123288]","[29.700000000000003, 31.700000000000003, 30.700000000000003, 28.900000000000002, 26.400000000000002, 32.1, 37.2, 36.300000000000004, 33.4, 36.5]"
ga,20,5,40.979896671661564,36.720000000000006,52.5,1.634896671661556,5.2,13.479285714285714,24.280833333333337,10.801547619047621,True,0.0,hospital_corridor,28,12,"[11, 29, 47, 53, 61, 73, 89, 97, 101, 109]","[3.041167919373871, 3.7915761275042152, 0.9365780766198213, 0.5, 1.0]","{""time"": 1.0, ""collisions"": 0.05, ""congestion"": 1.0, ""fairness"": 0.0, ""incomplete_base"": 1000.0, ""incomplete_agent"": 10.0}","[55.90842105263158, 34.86609907120744, 33.946774193548386, 45.31857855361596, 43.130481283422455, 33.266612377850166, 39.48862433862435, 49.799553571428575, 37.083281733746134, 36.99054054054054]","[47.5, 32.300000000000004, 31.0, 40.1, 37.4, 30.700000000000003, 37.800000000000004, 44.800000000000004, 32.300000000000004, 33.300000000000004]"
ga,20,6,36.84826308952923,32.29,55.9,1.7632630895292347,5.4,12.978214285714287,21.994166666666665,9.015952380952381,True,0.0,hospital_corridor,28,12,"[11, 29, 47, 53, 61, 73, 89, 97, 101, 109]","[3.041167919373871, 3.386995581571286, 0.9365780766198214, 0.5, 1.0]","{""time"": 1.0, ""collisions"": 0.05, ""congestion"": 1.0, ""fairness"": 0.0, ""incomplete_base"": 1000.0, ""incomplete_agent"": 10.0}","[37.53468013468014, 34.15299684542587, 32.990553745928345, 36.00692041522491, 29.75909090909091, 35.601246105919, 39.56612903225807, 39.61239669421488, 40.035329341317365, 43.22328767123288]","[29.700000000000003, 31.700000000000003, 30.700000000000003, 28.900000000000002, 26.400000000000002, 32.1, 37.2, 36.300000000000004, 33.4, 36.5]"
ga,20,7,36.84826308952923,32.29,55.9,1.7632630895292347,5.4,12.978214285714287,21.994166666666665,9.015952380952381,True,0.0,hospital_corridor,28,12,"[11, 29, 47, 53, 61, 73, 89, 97, 101, 109]","[3.041167919373871, 3.386995581571286, 0.9365780766198214, 0.5, 1.0]","{""time"": 1.0, ""collisions"": 0.05, ""congestion"": 1.0, ""fairness"": 0.0, ""incomplete_base"": 1000.0, ""incomplete_agent"": 10.0}","[37.53468013468014, 34.15299684542587, 32.990553745928345, 36.00692041522491, 29.75909090909091, 35.601246105919, 39.56612903225807, 39.61239669421488, 40.035329341317365, 43.22328767123288]","[29.700000000000003, 31.700000000000003, 30.700000000000003, 28.900000000000002, 26.400000000000002, 32.1, 37.2, 36.300000000000004, 33.4, 36.5]"
ga,20,8,40.36816144026713,34.260000000000005,86.8,1.7681614402671226,5.3,13.393571428571429,22.781666666666666,9.388095238095238,True,0.0,hospital_corridor,28,12,"[11, 29, 47, 53, 61, 73, 89, 97, 101, 109]","[3.041167919373871, 3.2317690779112853, 0.9365780766198213, 0.5, 1.0]","{""time"": 1.0, ""collisions"": 0.05, ""congestion"": 1.0, ""fairness"": 0.0, ""incomplete_base"": 1000.0, ""incomplete_agent"": 10.0}","[53.32733333333333, 34.551898734177215, 35.03045602605864, 46.319252077562325, 30.36415094339623, 39.09418604651163, 39.94187327823692, 40.089572192513366, 45.004068241469824, 39.95882352941177]","[37.5, 31.6, 30.700000000000003, 36.1, 26.5, 34.4, 36.300000000000004, 37.4, 38.1, 34.0]"
ga,20,9,40.62518876242498,34.83,81.9,1.7001887624249854,5.5,13.296428571428573,23.191666666666666,9.895238095238096,True,0.0,hospital_corridor,28,12,"[11, 29, 47, 53, 61, 73, 89, 97, 101, 109]","[3.041167919373871, 3.3736734281844933, 0.9365780766198213, 0.5, 1.0]","{""time"": 1.0, ""collisions"": 0.05, ""congestion"": 1.0, ""fairness"": 0.0, ""incomplete_base"": 1000.0, ""incomplete_agent"": 10.0}","[58.45168539325843, 33.94230769230769, 34.30530546623795, 39.59451410658308, 29.57857142857143, 35.16783439490446, 39.54572192513369, 51.74713958810069, 45.315934065934066, 38.602873563218395]","[44.5, 31.200000000000003, 31.1, 31.900000000000002, 25.900000000000002, 31.400000000000002, 37.4, 43.7, 36.4, 34.800000000000004]"
ga,20,10,37.44780577156067,32.36,65.8,1.7978057715606692,5.3,12.961785714285716,22.165833333333335,9.204047619047621,True,0.0,hospital_corridor,28,12,"[11, 29, 47, 53, 61, 73, 89, 97, 101, 109]","[2.9738824463050264, 3.3723958138016736, 0.9334165764402939, 0.5, 1.0]","{""time"": 1.0, ""collisions"": 0.05, ""congestion"": 1.0, ""fairness"": 0.0, ""incomplete_base"": 1000.0, ""incomplete_agent"": 10.0}","[53.5377308707124, 34.08152866242039, 33.525000000000006, 37.34666666666667, 29.324242424242428, 32.98959044368601, 39.238753387533876, 40.80224089635855, 37.706624605678236, 35.925679758308156]","[37.9, 31.400000000000002, 31.200000000000003, 30.0, 26.400000000000002, 29.3, 36.9, 35.7, 31.700000000000003, 33.1]"
ga,20,11,51.03969595385057,48.42,28.0,1.2196959538505703,4.5,16.053571428571427,28.295833333333338,12.242261904761907,True,0.0,hospital_corridor,28,12,"[11, 29, 47, 53, 61, 73, 89, 97, 101, 109]","[1.973840792934978, 3.31981549983896, 0.9236961071633895, 0.5, 1.0]","{""time"": 1.0, ""collisions"": 0.05, ""congestion"": 1.0, ""fairness"": 0.0, ""incomplete_base"": 1000.0, ""incomplete_agent"": 10.0}","[49.18008849557523, 64.36658692185009, 45.79679633867277, 38.69105571847507, 47.28681318681319, 52.43622047244095, 52.71169590643275, 65.97151799687012, 44.640389294403896, 49.31579520697168]","[45.2, 62.7, 43.7, 34.1, 45.5, 50.800000000000004, 51.300000000000004, 63.900000000000006, 41.1, 45.900000000000006]"
ga,20,12,185.78205958921075,31.480000000000008,3046.5,1.9770595892107194,5.6,12.258928571428573,20.817500000000003,8.55857142857143,True,0.0,hospital_corridor,28,12,"[11, 29, 47, 53, 61, 73, 89, 97, 101, 109]","[3.041167919373871, 3.338360012935265, 0.6084634658159214, 0.5, 1.0]","{""time"": 1.0, ""collisions"": 0.05, ""congestion"": 1.0, ""fairness"": 0.0, ""incomplete_base"": 1000.0, ""incomplete_agent"": 10.0}","[205.89615384615385, 217.48651877133108, 149.8933447098976, 176.5198757763975, 164.6801393728223, 144.5158273381295, 191.42989130434782, 242.04776119402987, 204.94740259740263, 160.40368098159507]","[33.800000000000004, 29.3, 29.3, 32.2, 28.700000000000003, 27.8, 36.800000000000004, 33.5, 30.8, 32.6]"
ga,20,13,42.535580930896444,39.2,37.2,1.4755809308964425,5.1,14.394285714285715,25.0825,10.688214285714286,True,0.0,hospital_corridor,28,12,"[11, 29, 47, 53, 61, 73, 89, 97, 101, 109]","[2.4549735370374766, 3.436682601070182, 0.9365780766198213, 0.5, 1.0]","{""time"": 1.0, ""collisions"": 0.05, ""congestion"": 1.0, ""fairness"": 0.0, ""incomplete_base"": 1000.0, ""incomplete_agent"": 10.0}","[64.96186736474695, 36.68508771929825, 39.70459610027855, 36.162772585669785, 37.67765363128492, 37.270175438596496, 44.97511520737328, 46.80714285714286, 38.65204678362573, 42.459351620947636]","[57.300000000000004, 34.2, 35.9, 32.1, 35.800000000000004, 34.2, 43.400000000000006, 44.800000000000004, 34.2, 40.1]"
ga,20,14,36.84826308952923,32.29,55.9,1.7632630895292347,5.4,12.978214285714287,21.994166666666665,9.015952380952381,True,0.0,hospital_corridor,28,12,"[11, 29, 47, 53, 61, 73, 89, 97, 101, 109]","[3.041167919373871, 3.386995581571286, 0.9365780766198214, 0.5, 1.0]","{""time"": 1.0, ""collisions"": 0.05, ""congestion"": 1.0, ""fairness"": 0.0, ""incomplete_base"": 1000.0, ""incomplete_agent"": 10.0}","[37.53468013468014, 34.15299684542587, 32.990553745928345, 36.00692041522491, 29.75909090909091, 35.601246105919, 39.56612903225807, 39.61239669421488, 40.035329341317365, 43.22328767123288]","[29.700000000000003, 31.700000000000003, 30.700000000000003, 28.900000000000002, 26.400000000000002, 32.1, 37.2, 36.300000000000004, 33.4, 36.5]"
ga,20,15,1192.1296345018136,38.58,3013.4,1.8796345018135423,6.1,12.140714285714285,21.11492424242424,8.974209956709958,False,0.1,hospital_corridor,28,12,"[11, 29, 47, 53, 61, 73, 89, 97, 101, 109]","[3.041167919373871, 3.347229114699595, 0.5529645489469105, 0.5, 1.0]","{""time"": 1.0, ""collisions"": 0.05, ""congestion"": 1.0, ""fairness"": 0.0, ""incomplete_base"": 1000.0, ""incomplete_agent"": 10.0}","[1277.683, 224.51143790849673, 149.57969283276452, 180.1475155279503, 164.21968641114987, 144.22302158273382, 190.92445652173913, 240.27027027027026, 188.59155844155848, 161.1457055214724]","[100.0, 30.6, 29.3, 32.2, 28.700000000000003, 27.8, 36.800000000000004, 37.0, 30.8, 32.6]"
ga,20,16,41.61329460138727,35.480000000000004,90.7,1.5982946013872668,5.3,13.443214285714287,23.555,10.111785714285716,True,0.0,hospital_corridor,28,12,"[11, 29, 47, 53, 61, 73, 89, 97, 101, 109]","[3.041167919373871, 3.3383626198579486, 0.9365780766198213, 0.5, 1.0]","{""time"": 1.0, ""collisions"": 0.05, ""congestion"": 1.0, ""fairness"": 0.0, ""incomplete_base"": 1000.0, ""incomplete_agent"": 10.0}","[51.46, 34.27936507936508, 36.19967320261438, 51.02461139896373, 34.459090909090904, 40.23481375358166, 47.65222482435597, 43.443233082706776, 37.91072555205047, 39.469208211143695]","[40.0, 31.5, 30.6, 38.6, 30.8, 34.9, 42.7, 39.900000000000006, 31.700000000000003, 34.1]"
ga,20,17,1055.8111136452433,42.22,100.0,1.5911136452432246,5.3,13.040851648351651,23.148690476190477,10.10783882783883,False,0.7,hospital_corridor,28,12,"[11, 29, 47, 53, 61, 73, 89, 97, 101, 109]","[3.041167919373871, 3.26707988623783, 0.9365780766198213, 0.5, 1.0]","{""time"": 1.0, ""collisions"": 0.05, ""congestion"": 1.0, ""fairness"": 0.0, ""incomplete_base"": 1000.0, ""incomplete_agent"": 10.0}","[1190.228, 48.76872146118722, 34.98870967741935, 47.650000000000006, 29.729545454545455, 39.114024390243905, 40.327717391304354, 40.31937172774869, 46.21174934725849, 40.7732970027248]","[100.0, 43.800000000000004, 31.0, 38.2, 26.400000000000002, 32.800000000000004, 36.800000000000004, 38.2, 38.300000000000004, 36.7]"
ga,20,18,36.84826308952923,32.29,55.9,1.7632630895292347,5.4,12.978214285714287,21.994166666666665,9.015952380952381,True,0.0,hospital_corridor,28,12,"[11, 29, 47, 53, 61, 73, 89, 97, 101, 109]","[3.041167919373871, 3.386995581571286, 0.9365780766198214, 0.5, 1.0]","{""time"": 1.0, ""collisions"": 0.05, ""congestion"": 1.0, ""fairness"": 0.0, ""incomplete_base"": 1000.0, ""incomplete_agent"": 10.0}","[37.53468013468014, 34.15299684542587, 32.990553745928345, 36.00692041522491, 29.75909090909091, 35.601246105919, 39.56612903225807, 39.61239669421488, 40.035329341317365, 43.22328767123288]","[29.700000000000003, 31.700000000000003, 30.700000000000003, 28.900000000000002, 26.400000000000002, 32.1, 37.2, 36.300000000000004, 33.4, 36.5]"
ga,20,19,1053.0771420522453,40.290000000000006,97.1,1.932142052245252,5.5,12.713406593406592,22.608333333333334,9.894926739926738,False,0.6,hospital_corridor,28,12,"[11, 29, 47, 53, 61, 73, 89, 97, 101, 109]","[3.041167919373871, 3.2569998581429993, 0.9365780766198215, 0.5, 1.0]","{""time"": 1.0, ""collisions"": 0.05, ""congestion"": 1.0, ""fairness"": 0.0, ""incomplete_base"": 1000.0, ""incomplete_agent"": 10.0}","[1189.089, 43.413941018766764, 36.0812101910828, 36.52039473684211, 28.92718631178707, 32.8486301369863, 41.31043360433604, 41.53061224489796, 41.09889807162535, 39.95111420612813]","[100.0, 37.300000000000004, 31.400000000000002, 30.400000000000002, 26.3, 29.200000000000003, 36.9, 39.2, 36.300000000000004, 35.9]"
ga,20,20,39.154449979831,33.42,82.8,1.5944499798309997,5.0,12.68,22.263333333333335,9.583333333333336,True,0.0,hospital_corridor,28,12,"[11, 29, 47, 53, 61, 73, 89, 97, 101, 109]","[3.1849954912553633, 3.306387250806318, 0.934822297203637, 0.5, 1.0]","{""time"": 1.0, ""collisions"": 0.05, ""congestion"": 1.0, ""fairness"": 0.0, ""incomplete_base"": 1000.0, ""incomplete_agent"": 10.0}","[47.80043227665706, 34.03284789644013, 32.54410774410775, 43.60217391304348, 33.77434210526316, 42.603988603988604, 39.739436619718305, 42.761477572559365, 37.27955271565495, 37.406140350877195]","[34.7, 30.900000000000002, 29.700000000000003, 34.5, 30.400000000000002, 35.1, 35.5, 37.9, 31.3, 34.2]"
ga,20,21,119.5400490931422,30.050000000000004,1752.3,1.8750490931421813,5.6,11.479642857142858,20.178333333333335,8.698690476190476,True,0.0,hospital_corridor,28,12,"[11, 29, 47, 53, 61, 73, 89, 97, 101, 109]","[3.388258323850488, 3.385824062834316, 0.7050618881169997, 0.5, 1.0]","{""time"": 1.0, ""collisions"": 0.05, ""congestion"": 1.0, ""fairness"": 0.0, ""incomplete_base"": 1000.0, ""incomplete_agent"": 10.0}","[300.12248803827754, 141.08275862068967, 76.32083333333333, 101.09852941176472, 84.03566433566434, 90.85144927536231, 95.51190476190476, 116.97218543046358, 98.20361010830325, 91.20106761565836]","[41.800000000000004, 29.0, 28.8, 27.200000000000003, 28.6, 27.6, 31.5, 30.200000000000003, 27.700000000000003, 28.1]"
ga,20,22,1213.4478,100.0,21.3,0.3828,3.7,13.798544085205416,24.969944444444444,11.171400359239033,False,11.2,hospital_corridor,28,12,"[11, 29, 47, 53, 61, 73, 89, 97, 101, 109]","[2.9162566347454457, 3.386995581571286, 1.332846698068821, 0.5, 1.0]","{""time"": 1.0, ""collisions"": 0.05, ""congestion"": 1.0, ""fairness"": 0.0, ""incomplete_base"": 1000.0, ""incomplete_agent"": 10.0}","[1202.431, 1250.967, 1191.3220000000001, 1220.982, 1210.8220000000001, 1200.622, 1180.5430000000001, 1164.534, 1191.741, 1320.514]","[100.0, 100.0, 100.0, 100.0, 100.0, 100.0, 100.0, 100.0, 100.0, 100.0]"
ga,20,23,38.284499159953086,34.660000000000004,38.6,1.6944991599530848,5.2,13.146785714285713,22.700000000000003,9.553214285714287,True,0.0,hospital_corridor,28,12,"[11, 29, 47, 53, 61, 73, 89, 97, 101, 109]","[2.989879774471669, 3.7866328638816262, 0.9292185964021414, 0.5, 1.0]","{""time"": 1.0, ""collisions"": 0.05, ""congestion"": 1.0, ""fairness"": 0.0, ""incomplete_base"": 1000.0, ""incomplete_agent"": 10.0}","[58.48386411889597, 35.08769230769231, 33.82658227848101, 34.80192307692308, 28.376923076923077, 33.330730897009964, 40.06510416666667, 41.20434782608695, 41.0707650273224, 36.597058823529416]","[47.1, 32.5, 31.6, 31.200000000000003, 26.0, 30.1, 38.400000000000006, 39.1, 36.6, 34.0]"
ga,21,0,36.84826308952923,32.29,55.9,1.7632630895292347,5.4,12.978214285714287,21.994166666666665,9.015952380952381,True,0.0,hospital_corridor,28,12,"[11, 29, 47, 53, 61, 73, 89, 97, 101, 109]","[3.041167919373871, 3.386995581571286, 0.9365780766198214, 0.5, 1.0]","{""time"": 1.0, ""collisions"": 0.05, ""congestion"": 1.0, ""fairness"": 0.0, ""incomplete_base"": 1000.0, ""incomplete_agent"": 10.0}","[37.53468013468014, 34.15299684542587, 32.990553745928345, 36.00692041522491, 29.75909090909091, 35.601246105919, 39.56612903225807, 39.61239669421488, 40.035329341317365, 43.22328767123288]","[29.700000000000003, 31.700000000000003, 30.700000000000003, 28.900000000000002, 26.400000000000002, 32.1, 37.2, 36.300000000000004, 33.4, 36.5]"
ga,21,1,36.84826308952923,32.29,55.9,1.7632630895292347,5.4,12.978214285714287,21.994166666666665,9.015952380952381,True,0.0,hospital_corridor,28,12,"[11, 29, 47, 53, 61, 73, 89, 97, 101, 109]","[3.041167919373871, 3.386995581571286, 0.9365780766198214, 0.5, 1.0]","{""time"": 1.0, ""collisions"": 0.05, ""congestion"": 1.0, ""fairness"": 0.0, ""incomplete_base"": 1000.0, ""incomplete_agent"": 10.0}","[37.53468013468014, 34.15299684542587, 32.990553745928345, 36.00692041522491, 29.75909090909091, 35.601246105919, 39.56612903225807, 39.61239669421488, 40.035329341317365, 43.22328767123288]","[29.700000000000003, 31.700000000000003, 30.700000000000003, 28.900000000000002, 26.400000000000002, 32.1, 37.2, 36.300000000000004, 33.4, 36.5]"
ga,21,2,40.469220307324534,34.470000000000006,85.7,1.7142203073245241,5.3,13.3025,23.0025,9.7,True,0.0,hospital_corridor,28,12,"[11, 29, 47, 53, 61, 73, 89, 97, 101, 109]","[3.038614628079664, 3.4356671069005884, 0.9328113851193645, 0.5, 1.0]","{""time"": 1.0, ""collisions"": 0.05, ""congestion"": 1.0, ""fairness"": 0.0, ""incomplete_base"": 1000.0, ""incomplete_agent"": 10.0}","[62.77013729977117, 35.06876971608833, 33.40983606557377, 35.75132450331126, 31.738297872340425, 32.7542662116041, 40.142175066313, 49.538811188811195, 40.05786163522012, 43.46072351421189]","[43.7, 31.700000000000003, 30.5, 30.200000000000003, 28.200000000000003, 29.3, 37.7, 42.900000000000006, 31.8, 38.7]"
ga,21,3,38.29852844227359,35.480000000000004,22.1,1.7135284422735932,5.2,13.790714285714287,23.8,10.009285714285713,True,0.0,hospital_corridor,28,12,"[11, 29, 47, 53, 61, 73, 89, 97, 101, 109]","[2.992433065765876, 4.500429214925255, 0.9329852879025982, 0.5, 1.0]","{""time"": 1.0, ""collisions"": 0.05, ""congestion"": 1.0, ""fairness"": 0.0, ""incomplete_base"": 1000.0, ""incomplete_agent"": 10.0}","[37.37500000000001, 42.74474327628362, 34.06269841269841, 34.65961538461539, 28.756463878326997, 35.628419452887535, 41.751269035533, 47.64782608695652, 39.51285714285714, 40.846391752577325]","[32.800000000000004, 40.900000000000006, 31.5, 31.200000000000003, 26.3, 32.9, 39.400000000000006, 46.0, 35.0, 38.800000000000004]"
ga,21,4,39.351033876183706,33.519999999999996,79.5,1.85603387618371,5.3,12.917499999999999,22.83,9.9125,True,0.0,hospital_corridor,28,12,"[11, 29, 47, 53, 61, 73, 89, 97, 101, 109]","[3.041167919373871, 3.3523919304078333, 0.9365780766198213, 0.5, 1.0]","{""time"": 1.0, ""collisions"": 0.05, ""congestion"": 1.0, ""fairness"": 0.0, ""incomplete_base"": 1000.0, ""incomplete_agent"": 10.0}","[63.19647887323944, 34.08690095846645, 33.24508196721312, 42.036904761904765, 29.826923076923077, 35.35, 38.53674033149172, 41.40809399477807, 39.327760252365934, 36.49545454545455]","[42.6, 31.3, 30.5, 33.6, 26.0, 32.0, 36.2, 38.300000000000004, 31.700000000000003, 33.0]"
ga,21,5,40.35554553697945,35.19000000000001,69.7,1.6805455369794409,5.3,13.095357142857145,23.515000000000004,10.419642857142858,True,0.0,hospital_corridor,28,12,"[11, 29, 47, 53, 61, 73, 89, 97, 101, 109]","[3.041167919373871, 3.266372729074738, 0.9365780766198213, 0.5, 1.0]","{""time"": 1.0, ""collisions"": 0.05, ""congestion"": 1.0, ""fairness"": 0.0, ""incomplete_base"": 1000.0, ""incomplete_agent"": 10.0}","[50.74063324538258, 49.09700460829494, 34.58064516129033, 34.7, 29.82348484848485, 32.976027397260275, 40.531081081081076, 40.332460732984295, 54.33635394456291, 36.43776435045317]","[37.9, 43.400000000000006, 31.0, 28.8, 26.400000000000002, 29.200000000000003, 37.0, 38.2, 46.900000000000006, 33.1]"
ga,21,6,43.50267566066593,33.24,171.7,1.677675660665929,5.3,12.531071428571428,22.165000000000003,9.633928571428573,True,0.0,hospital_corridor,28,12,"[11, 29, 47, 53, 61, 73, 89, 97, 101, 109]","[3.1325767115610814, 2.6523088571274216, 0.9365780766198215, 0.5, 1.0]","{""time"": 1.0, ""collisions"": 0.05, ""congestion"": 1.0, ""fairness"": 0.0, ""incomplete_base"": 1000.0, ""incomplete_agent"": 10.0}","[58.71474358974359, 34.205844155844154, 36.3702614379085, 58.81133333333334, 36.66441717791411, 36.49865771812081, 45.94408602150538, 44.22937853107344, 43.25144927536232, 40.336585365853665]","[31.200000000000003, 30.8, 30.6, 37.5, 32.6, 29.8, 37.2, 35.4, 34.5, 32.800000000000004]"
ga,21,7,44.991241988336306,32.19,220.3,1.786241988336308,5.3,12.682500000000001,22.21,9.5275,True,0.0,hospital_corridor,28,12,"[11, 29, 47, 53, 61, 73, 89, 97, 101, 109]","[3.041167919373871, 2.5043670864760905, 0.9365780766198214, 0.5, 1.0]","{""time"": 1.0, ""collisions"": 0.05, ""congestion"": 1.0, ""fairness"": 0.0, ""incomplete_base"": 1000.0, ""incomplete_agent"": 10.0}","[70.69918699186992, 34.35806451612903, 40.959016393442624, 55.42948717948718, 30.677099236641226, 39.62003367003367, 46.133149171270716, 41.73526912181304, 49.96798107255521, 40.33313253012049]","[36.9, 31.0, 30.5, 31.200000000000003, 26.200000000000003, 29.700000000000003, 36.2, 35.300000000000004, 31.700000000000003, 33.2]"
ga,21,8,36.84826308952923,32.29,55.9,1.7632630895292347,5.4,12.978214285714287,21.994166666666665,9.015952380952381,True,0.0,hospital_corridor,28,12,"[11, 29, 47, 53, 61, 73, 89, 97, 101, 109]","[3.041167919373871, 3.386995581571286, 0.9365780766198214, 0.5, 1.0]","{""time"": 1.0, ""collisions"": 0.05, ""congestion"": 1.0, ""fairness"": 0.0, ""incomplete_base"": 1000.0, ""incomplete_agent"": 10.0}","[37.53468013468014, 34.15299684542587, 32.990553745928345, 36.00692041522491, 29.75909090909091, 35.601246105919, 39.56612903225807, 39.61239669421488, 40.035329341317365, 43.22328767123288]","[29.700000000000003, 31.700000000000003, 30.700000000000003, 28.900000000000002, 26.400000000000002, 32.1, 37.2, 36.300000000000004, 33.4, 36.5]"
ga,21,9,1132.0022411411412,96.66,34.6,0.6122411411411413,4.4,15.750991832241834,27.05703030303031,11.306038470788472,False,3.3,hospital_corridor,28,12,"[11, 29, 47, 53, 61, 73, 89, 97, 101, 109]","[2.6679088862178464, 3.386995581571286, 1.0393423679980123, 0.5, 1.0]","{""time"": 1.0, ""collisions"": 0.05, ""congestion"": 1.0, ""fairness"": 0.0, ""incomplete_base"": 1000.0, ""incomplete_agent"": 10.0}","[1125.382, 1162.599, 1110.641, 1142.901, 1170.693, 1131.489, 1141.434, 1121.765, 71.31141141141141, 1141.807]","[100.0, 100.0, 100.0, 100.0, 100.0, 100.0, 100.0, 100.0, 66.60000000000001, 100.0]"
ga,21,10,38.318065265582334,34.15,49.6,1.6880652655823405,5.2,13.575714285714287,22.410000000000004,8.834285714285716,True,0.0,hospital_corridor,28,12,"[11, 29, 47, 53, 61, 73, 89, 97, 101, 109]","[3.041167919373871, 3.7766030069108463, 0.9365780766198213, 0.5, 1.0]","{""time"": 1.0, ""collisions"": 0.05, ""congestion"": 1.0, ""fairness"": 0.0, ""incomplete_base"": 1000.0, ""incomplete_agent"": 10.0}","[50.722544080604536, 36.228635014836804, 33.39856230031949, 33.69731543624161, 29.07857142857143, 34.881249999999994, 39.695646437994725, 42.77635658914729, 38.998606811145514, 43.70316455696202]","[39.7, 33.7, 31.3, 29.8, 26.6, 32.0, 37.9, 38.7, 32.300000000000004, 39.5]"
ga,21,11,40.19294005255649,35.47,60.3,1.707940052556486,5.1,13.546428571428573,23.405,9.858571428571429,True,0.0,hospital_corridor,28,12,"[11, 29, 47, 53, 61, 73, 89, 97, 101, 109]","[3.041167919373871, 3.7532447409386283, 0.9365780766198213, 0.5, 1.0]","{""time"": 1.0, ""collisions"": 0.05, ""congestion"": 1.0, ""fairness"": 0.0, ""incomplete_base"": 1000.0, ""incomplete_agent"": 10.0}","[71.43779527559056, 34.54797507788162, 34.85536277602524, 44.943765281173604, 29.3909594095941, 35.96515151515152, 38.06545961002786, 42.01088082901555, 35.123824451410655, 35.58822629969419]","[50.800000000000004, 32.1, 31.700000000000003, 40.900000000000006, 27.1, 33.0, 35.9, 38.6, 31.900000000000002, 32.7]"
ga,21,12,36.84826308952923,32.29,55.9,1.7632630895292347,5.4,12.978214285714287,21.994166666666665,9.015952380952381,True,0.0,hospital_corridor,28,12,"[11, 29, 47, 53, 61, 73, 89, 97, 101, 109]","[3.041167919373871, 3.386995581571286, 0.9365780766198214, 0.5, 1.0]","{""time"": 1.0, ""collisions"": 0.05, ""congestion"": 1.0, ""fairness"": 0.0, ""incomplete_base"": 1000.0, ""incomplete_agent"": 10.0}","[37.53468013468014, 34.15299684542587, 32.990553745928345, 36.00692041522491, 29.75909090909091, 35.601246105919, 39.56612903225807, 39.61239669421488, 40.035329341317365, 43.22328767123288]","[29.700000000000003, 31.700000000000003, 30.700000000000003, 28.900000000000002, 26.400000000000002, 32.1, 37.2, 36.300000000000004, 33.4, 36.5]"
ga,21,13,36.84826308952923,32.29,55.9,1.7632630895292347,5.4,12.978214285714287,21.994166666666665,9.015952380952381,True,0.0,hospital_corridor,28,12,"[11, 29, 47, 53, 61, 73, 89, 97, 101, 109]","[3.041167919373871, 3.386995581571286, 0.9365780766198214, 0.5, 1.0]","{""time"": 1.0, ""collisions"": 0.05, ""congestion"": 1.0, ""fairness"": 0.0, ""incomplete_base"": 1000.0, ""incomplete_agent"": 10.0}","[37.53468013468014, 34.15299684542587, 32.990553745928345, 36.00692041522491, 29.75909090909091, 35.601246105919, 39.56612903225807, 39.61239669421488, 40.035329341317365, 43.22328767123288]","[29.700000000000003, 31.700000000000003, 30.700000000000003, 28.900000000000002, 26.400000000000002, 32.1, 37.2, 36.300000000000004, 33.4, 36.5]"
ga,21,14,1052.9274008260436,40.660000000000004,70.8,1.7274008260435463,5.3,13.147417582417583,22.257380952380956,9.10996336996337,False,0.7,hospital_corridor,28,12,"[11, 29, 47, 53, 61, 73, 89, 97, 101, 109]","[2.9968100747654676, 3.446573007958979, 0.9356330781395328, 0.5, 1.0]","{""time"": 1.0, ""collisions"": 0.05, ""congestion"": 1.0, ""fairness"": 0.0, ""incomplete_base"": 1000.0, ""incomplete_agent"": 10.0}","[59.03720930232558, 34.68652037617555, 33.901265822784815, 1180.434, 29.65754716981132, 36.71756756756757, 40.43068783068783, 39.828, 38.431210191082805, 36.15]","[43.0, 31.900000000000002, 31.6, 100.0, 26.5, 33.300000000000004, 37.800000000000004, 37.5, 31.400000000000002, 33.6]"
ga,21,15,1056.4160610672152,46.440000000000005,50.6,1.446061067215114,5.0,14.17577922077922,25.835833333333333,11.660054112554112,False,0.6,hospital_corridor,28,12,"[11, 29, 47, 53, 61, 73, 89, 97, 101, 109]","[3.0342376190800726, 3.727055437493933, 0.9950426768184278, 0.5, 1.0]","{""time"": 1.0, ""collisions"": 0.05, ""congestion"": 1.0, ""fairness"": 0.0, ""incomplete_base"": 1000.0, ""incomplete_agent"": 10.0}","[57.656790123456794, 1164.486, 35.287993920972646, 47.07380952380952, 49.84147609147609, 35.95903426791278, 41.24948453608248, 49.58632478632479, 44.13832487309645, 38.88137254901961]","[48.6, 100.0, 32.9, 42.0, 48.1, 32.1, 38.800000000000004, 46.800000000000004, 39.400000000000006, 35.7]"
ga,21,16,1205.5462381585196,39.07000000000001,3272.6,1.8462381585196461,6.0,12.400714285714287,21.628030303030307,9.227316017316017,False,0.1,hospital_corridor,28,12,"[11, 29, 47, 53, 61, 73, 89, 97, 101, 109]","[3.041167919373871, 3.386995581571286, 0.5753350143613636, 0.5, 1.0]","{""time"": 1.0, ""collisions"": 0.05, ""congestion"": 1.0, ""fairness"": 0.0, ""incomplete_base"": 1000.0, ""incomplete_agent"": 10.0}","[1294.128, 215.7491467576792, 149.2660409556314, 202.8378881987578, 165.1336236933798, 146.28453237410073, 193.05271739130436, 339.53194444444443, 184.2603896103896, 165.2180981595092]","[100.0, 29.3, 29.3, 32.2, 28.700000000000003, 27.8, 36.800000000000004, 43.2, 30.8, 32.6]"
ga,21,17,1203.478,100.0,81.8,0.388,4.2,12.813331202046038,22.54158585858586,9.728254656539823,False,9.9,hospital_corridor,28,12,"[11, 29, 47, 53, 61, 73, 89, 97, 101, 109]","[3.041167919373871, 2.618376542370113, 1.3559017027180815, 0.5, 1.0]","{""time"": 1.0, ""collisions"": 0.05, ""congestion"": 1.0, ""fairness"": 0.0, ""incomplete_base"": 1000.0, ""incomplete_agent"": 10.0}","[1172.101, 1241.868, 1192.585, 1201.73, 1203.147, 1185.211, 1176.155, 1217.224, 1173.278, 1271.481]","[100.0, 100.0, 100.0, 100.0, 100.0, 100.0, 100.0, 100.0, 100.0, 100.0]"
ga,21,18,36.84826308952923,32.29,55.9,1.7632630895292347,5.4,12.978214285714287,21.994166666666665,9.015952380952381,True,0.0,hospital_corridor,28,12,"[11, 29, 47, 53, 61, 73, 89, 97, 101, 109]","[3.041167919373871, 3.386995581571286, 0.9365780766198214, 0.5, 1.0]","{""time"": 1.0, ""collisions"": 0.05, ""congestion"": 1.0, ""fairness"": 0.0, ""incomplete_base"": 1000.0, ""incomplete_agent"": 10.0}","[37.53468013468014, 34.15299684542587, 32.990553745928345, 36.00692041522491, 29.75909090909091, 35.601246105919, 39.56612903225807, 39.61239669421488, 40.035329341317365, 43.22328767123288]","[29.700000000000003, 31.700000000000003, 30.700000000000003, 28.900000000000002, 26.400000000000002, 32.1, 37.2, 36.300000000000004, 33.4, 36.5]"
ga,21,19,1123.9196641767394,83.57000000000001,33.1,0.6946641767394499,4.5,14.072623876123876,24.381085858585855,10.308461982461983,False,3.8,hospital_corridor,28,12,"[11, 29, 47, 53, 61, 73, 89, 97, 101, 109]","[3.041167919373871, 3.386995581571286, 1.092851003817748, 0.5, 1.0]","{""time"": 1.0, ""collisions"": 0.05, ""congestion"": 1.0, ""fairness"": 0.0, ""incomplete_base"": 1000.0, ""incomplete_agent"": 10.0}","[1165.644, 1161.116, 1140.753, 1161.525, 1170.738, 1172.715, 1121.573, 58.59380530973451, 39.425714285714285, 47.113122171945705]","[100.0, 100.0, 100.0, 100.0, 100.0, 100.0, 100.0, 56.5, 35.0, 44.2]"
ga,21,20,37.603467570707124,32.370000000000005,69.8,1.743467570707116,5.2,12.639285714285716,21.715833333333336,9.07654761904762,True,0.0,hospital_corridor,28,12,"[11, 29, 47, 53, 61, 73, 89, 97, 101, 109]","[3.363588660391936, 3.557317082769738, 0.9343859743986129, 0.5, 1.0]","{""time"": 1.0, ""collisions"": 0.05, ""congestion"": 1.0, ""fairness"": 0.0, ""incomplete_base"": 1000.0, ""incomplete_agent"": 10.0}","[47.00205479452055, 33.54805194805195, 33.82013422818792, 40.47166123778502, 33.19496644295302, 32.91712328767124, 38.46944444444444, 41.522282608695654, 39.88235294117648, 35.2066037735849]","[36.5, 30.8, 29.8, 30.700000000000003, 29.8, 29.200000000000003, 36.0, 36.800000000000004, 32.300000000000004, 31.8]"
ga,21,21,41.318408991764336,36.940000000000005,52.8,1.7384089917643297,5.2,13.233214285714288,24.158333333333335,10.925119047619045,True,0.0,hospital_corridor,28,12,"[11, 29, 47, 53, 61, 73, 89, 97, 101, 109]","[3.0023069498691988, 3.6163113626831747, 0.9314106986233499, 0.5, 1.0]","{""time"": 1.0, ""collisions"": 0.05, ""congestion"": 1.0, ""fairness"": 0.0, ""incomplete_base"": 1000.0, ""incomplete_agent"": 10.0}","[55.87627118644068, 36.476923076923086, 34.17893081761006, 37.834796238244515, 45.246039603960405, 35.394654088050316, 43.94525547445255, 37.62165242165243, 44.224000000000004, 42.38556701030928]","[47.2, 33.800000000000004, 31.8, 31.900000000000002, 40.400000000000006, 31.8, 41.1, 35.1, 37.5, 38.800000000000004]"
ga,21,22,1125.310205823681,87.80999999999999,56.8,0.6602058236808237,4.8,13.006023276723278,23.629848484848484,10.623825208125208,False,3.4,hospital_corridor,28,12,"[11, 29, 47, 53, 61, 73, 89, 97, 101, 109]","[3.041167919373871, 2.9797213555384987, 1.0732520994365073, 0.5, 1.0]","{""time"": 1.0, ""collisions"": 0.05, ""congestion"": 1.0, ""fairness"": 0.0, ""incomplete_base"": 1000.0, ""incomplete_agent"": 10.0}","[1130.562, 1161.545, 1140.853, 1164.561, 1160.841, 1144.38, 1121.297, 47.57053571428572, 39.222522522522524, 1142.27]","[100.0, 100.0, 100.0, 100.0, 100.0, 100.0, 100.0, 44.800000000000004, 33.300000000000004, 100.0]"
ga,21,23,40.62518876242498,34.83,81.9,1.7001887624249854,5.5,13.296428571428573,23.191666666666666,9.895238095238096,True,0.0,hospital_corridor,28,12,"[11, 29, 47, 53, 61, 73, 89, 97, 101, 109]","[3.041167919373871, 3.3736734281844933, 0.9365780766198213, 0.5, 1.0]","{""time"": 1.0, ""collisions"": 0.05, ""congestion"": 1.0, ""fairness"": 0.0, ""incomplete_base"": 1000.0, ""incomplete_agent"": 10.0}","[58.45168539325843, 33.94230769230769, 34.30530546623795, 39.59451410658308, 29.57857142857143, 35.16783439490446, 39.54572192513369, 51.74713958810069, 45.315934065934066, 38.602873563218395]","[44.5, 31.200000000000003, 31.1, 31.900000000000002, 25.900000000000002, 31.400000000000002, 37.4, 43.7, 36.4, 34.800000000000004]"
ga,22,0,36.84826308952923,32.29,55.9,1.7632630895292347,5.4,12.978214285714287,21.994166666666665,9.015952380952381,True,0.0,hospital_corridor,28,12,"[11, 29, 47, 53, 61, 73, 89, 97, 101, 109]","[3.041167919373871, 3.386995581571286, 0.9365780766198214, 0.5, 1.0]","{""time"": 1.0, ""collisions"": 0.05, ""congestion"": 1.0, ""fairness"": 0.0, ""incomplete_base"": 1000.0, ""incomplete_agent"": 10.0}","[37.53468013468014, 34.15299684542587, 32.990553745928345, 36.00692041522491, 29.75909090909091, 35.601246105919, 39.56612903225807, 39.61239669421488, 40.035329341317365, 43.22328767123288]","[29.700000000000003, 31.700000000000003, 30.700000000000003, 28.900000000000002, 26.400000000000002, 32.1, 37.2, 36.300000000000004, 33.4, 36.5]"
ga,22,1,36.84826308952923,32.29,55.9,1.7632630895292347,5.4,12.978214285714287,21.994166666666665,9.015952380952381,True,0.0,hospital_corridor,28,12,"[11, 29, 47, 53, 61, 73, 89, 97, 101, 109]","[3.041167919373871, 3.386995581571286, 0.9365780766198214, 0.5, 1.0]","{""time"": 1.0, ""collisions"": 0.05, ""congestion"": 1.0, ""fairness"": 0.0, ""incomplete_base"": 1000.0, ""incomplete_agent"": 10.0}","[37.53468013468014, 34.15299684542587, 32.990553745928345, 36.00692041522491, 29.75909090909091, 35.601246105919, 39.56612903225807, 39.61239669421488, 40.035329341317365, 43.22328767123288]","[29.700000000000003, 31.700000000000003, 30.700000000000003, 28.900000000000002, 26.400000000000002, 32.1, 37.2, 36.300000000000004, 33.4, 36.5]"
ga,22,2,38.514285554251956,32.49,85.1,1.7692855542519539,5.0,12.7825,22.248333333333335,9.465833333333334,True,0.0,hospital_corridor,28,12,"[11, 29, 47, 53, 61, 73, 89, 97, 101, 109]","[3.3216392725723094, 3.4976739877510736, 0.9363924664413015, 0.5, 1.0]","{""time"": 1.0, ""collisions"": 0.05, ""congestion"": 1.0, ""fairness"": 0.0, ""incomplete_base"": 1000.0, ""incomplete_agent"": 10.0}","[49.56621621621622, 34.87313915857605, 34.81304347826087, 41.154487179487184, 34.332441471571904, 32.88972602739726, 44.16216216216216, 37.95689655172414, 38.83416927899687, 36.56057401812689]","[37.0, 30.900000000000002, 29.900000000000002, 31.200000000000003, 29.900000000000002, 29.200000000000003, 37.0, 34.800000000000004, 31.900000000000002, 33.1]"
ga,22,3,40.493546843186024,35.470000000000006,65.6,1.7435468431860155,5.2,13.016785714285714,23.195833333333336,10.17904761904762,True,0.0,hospital_corridor,28,12,"[11, 29, 47, 53, 61, 73, 89, 97, 101, 109]","[3.0831173071934974, 3.4466386765899504, 0.9345715845771327, 0.5, 1.0]","{""time"": 1.0, ""collisions"": 0.05, ""congestion"": 1.0, ""fairness"": 0.0, ""incomplete_base"": 1000.0, ""incomplete_agent"": 10.0}","[61.55343035343036, 39.94830508474576, 32.97752442996743, 38.36387959866221, 34.54676375404531, 32.590476190476195, 40.052, 46.95296803652968, 39.22919075144509, 38.72093023255814]","[48.1, 35.4, 30.700000000000003, 29.900000000000002, 30.900000000000002, 29.400000000000002, 37.5, 43.800000000000004, 34.6, 34.4]"
ga,22,4,43.759604224509545,33.14,176.9,1.7746042245095481,5.1,13.078214285714285,22.520000000000003,9.441785714285714,True,0.0,hospital_corridor,28,12,"[11, 29, 47, 53, 61, 73, 89, 97, 101, 109]","[3.041167919373871, 2.8203983256343723, 0.9365780766198213, 0.5, 1.0]","{""time"": 1.0, ""collisions"": 0.05, ""congestion"": 1.0, ""fairness"": 0.0, ""incomplete_base"": 1000.0, ""incomplete_agent"": 10.0}","[55.58826979472141, 43.30375722543353, 37.347368421052636, 61.42571428571429, 29.395977011494253, 35.89727891156463, 42.80655737704918, 51.53940149625936, 40.02564102564102, 40.266076696165186]","[34.1, 34.6, 30.400000000000002, 35.0, 26.1, 29.400000000000002, 36.6, 40.1, 31.200000000000003, 33.9]"
ga,22,5,181.89935358114434,31.470000000000006,2968.7,1.9943535811443247,5.5,12.037857142857145,20.86916666666667,8.831309523809526,True,0.0,hospital_corridor,28,12,"[11, 29, 47, 53, 61, 73, 89, 97, 101, 109]","[3.041167919373871, 3.5766270208655055, 0.6490972595230262, 0.5, 1.0]","{""time"": 1.0, ""collisions"": 0.05, ""congestion"": 1.0, ""fairness"": 0.0, ""incomplete_base"": 1000.0, ""incomplete_agent"": 10.0}","[203.31035502958582, 194.79880546075088, 151.6377133105802, 185.78447204968944, 171.12073170731705, 137.12985611510794, 189.95108695652178, 230.37215568862277, 190.9058441558442, 163.98251533742334]","[33.800000000000004, 29.3, 29.3, 32.2, 28.700000000000003, 27.8, 36.800000000000004, 33.4, 30.8, 32.6]"
ga,22,6,36.84826308952923,32.29,55.9,1.7632630895292347,5.4,12.978214285714287,21.994166666666665,9.015952380952381,True,0.0,hospital_corridor,28,12,"[11, 29, 47, 53, 61, 73, 89, 97, 101, 109]","[3.041167919373871, 3.386995581571286, 0.9365780766198214, 0.5, 1.0]","{""time"": 1.0, ""collisions"": 0.05, ""congestion"": 1.0, ""fairness"": 0.0, ""incomplete_base"": 1000.0, ""incomplete_agent"": 10.0}","[37.53468013468014, 34.15299684542587, 32.990553745928345, 36.00692041522491, 29.75909090909091, 35.601246105919, 39.56612903225807, 39.61239669421488, 40.035329341317365, 43.22328767123288]","[29.700000000000003, 31.700000000000003, 30.700000000000003, 28.900000000000002, 26.400000000000002, 32.1, 37.2, 36.300000000000004, 33.4, 36.5]"
ga,22,7,40.47972327545607,36.86,38.2,1.7097232754560672,4.8,13.58607142857143,23.908333333333335,10.322261904761906,True,0.0,hospital_corridor,28,12,"[11, 29, 47, 53, 61, 73, 89, 97, 101, 109]","[3.041167919373871, 3.840998478611663, 0.9365780766198213, 0.5, 1.0]","{""time"": 1.0, ""collisions"": 0.05, ""congestion"": 1.0, ""fairness"": 0.0, ""incomplete_base"": 1000.0, ""incomplete_agent"": 10.0}","[57.09894736842106, 33.78471337579618, 33.01883116883117, 35.020967741935486, 38.55828729281768, 34.127049180327866, 39.37266666666666, 53.110851926977695, 41.21666666666667, 39.488251366120224]","[47.5, 31.400000000000002, 30.8, 31.0, 36.2, 30.5, 37.5, 49.300000000000004, 37.800000000000004, 36.6]"
ga,22,8,156.8091958941108,30.059999999999995,2497.9,1.8541958941107843,6.0,11.231428571428573,20.477500000000003,9.24607142857143,True,0.0,hospital_corridor,28,12,"[11, 29, 47, 53, 61, 73, 89, 97, 101, 109]","[3.169874306650909, 2.897368706763748, 0.6989694701976698, 0.5, 1.0]","{""time"": 1.0, ""collisions"": 0.05, ""congestion"": 1.0, ""fairness"": 0.0, ""incomplete_base"": 1000.0, ""incomplete_agent"": 10.0}","[273.17774566473986, 141.67130584192438, 121.4884879725086, 144.96512915129153, 146.7755244755245, 120.92779783393503, 153.6351851851852, 174.67628205128204, 146.6688581314879, 144.10564263322885]","[34.6, 29.1, 29.1, 27.1, 28.6, 27.700000000000003, 32.4, 31.200000000000003, 28.900000000000002, 31.900000000000002]"
ga,22,9,38.09336193330224,32.77,70.8,1.7833619333022415,5.3,12.985357142857143,22.5125,9.527142857142858,True,0.0,hospital_corridor,28,12,"[11, 29, 47, 53, 61, 73, 89, 97, 101, 109]","[3.196021303610226, 3.5685121290266526, 0.9318534180321223, 0.5, 1.0]","{""time"": 1.0, ""collisions"": 0.05, ""congestion"": 1.0, ""fairness"": 0.0, ""incomplete_base"": 1000.0, ""incomplete_agent"": 10.0}","[53.53803526448363, 34.3687898089172, 32.5258389261745, 37.57203389830509, 28.723166023166026, 39.43527607361963, 42.24276485788114, 40.766666666666666, 36.586507936507935, 35.17453987730061]","[39.7, 31.400000000000002, 29.8, 29.5, 25.900000000000002, 32.6, 38.7, 36.0, 31.5, 32.6]"
ga,22,10,36.84826308952923,32.29,55.9,1.7632630895292347,5.4,12.978214285714287,21.994166666666665,9.015952380952381,True,0.0,hospital_corridor,28,12,"[11, 29, 47, 53, 61, 73, 89, 97, 101, 109]","[3.041167919373871, 3.386995581571286, 0.9365780766198214, 0.5, 1.0]","{""time"": 1.0, ""collisions"": 0.05, ""congestion"": 1.0, ""fairness"": 0.0, ""incomplete_base"": 1000.0, ""incomplete_agent"": 10.0}","[37.53468013468014, 34.15299684542587, 32.990553745928345, 36.00692041522491, 29.75909090909091, 35.601246105919, 39.56612903225807, 39.61239669421488, 40.035329341317365, 43.22328767123288]","[29.700000000000003, 31.700000000000003, 30.700000000000003, 28.900000000000002, 26.400000000000002, 32.1, 37.2, 36.300000000000004, 33.4, 36.5]"
ga,22,11,36.84826308952923,32.29,55.9,1.7632630895292347,5.4,12.978214285714287,21.994166666666665,9.015952380952381,True,0.0,hospital_corridor,28,12,"[11, 29, 47, 53, 61, 73, 89, 97, 101, 109]","[3.041167919373871, 3.386995581571286, 0.9365780766198214, 0.5, 1.0]","{""time"": 1.0, ""collisions"": 0.05, ""congestion"": 1.0, ""fairness"": 0.0, ""incomplete_base"": 1000.0, ""incomplete_agent"": 10.0}","[37.53468013468014, 34.15299684542587, 32.990553745928345, 36.00692041522491, 29.75909090909091, 35.601246105919, 39.56612903225807, 39.61239669421488, 40.035329341317365, 43.22328767123288]","[29.700000000000003, 31.700000000000003, 30.700000000000003, 28.900000000000002, 26.400000000000002, 32.1, 37.2, 36.300000000000004, 33.4, 36.5]"
ga,22,12,37.98693975045081,34.52,33.8,1.7769397504508109,5.1,13.598214285714288,22.983333333333334,9.385119047619048,True,0.0,hospital_corridor,28,12,"[11, 29, 47, 53, 61, 73, 89, 97, 101, 109]","[3.041167919373871, 3.9961441487159926, 0.9365780766198213, 0.5, 1.0]","{""time"": 1.0, ""collisions"": 0.05, ""congestion"": 1.0, ""fairness"": 0.0, ""incomplete_base"": 1000.0, ""incomplete_agent"": 10.0}","[41.00714285714286, 33.718849840255594, 32.92961165048544, 36.20189873417722, 34.226100628930816, 34.896031746031746, 40.03311688311688, 42.953299492385796, 36.73125, 47.17209567198178]","[34.300000000000004, 31.3, 30.900000000000002, 31.6, 31.8, 31.5, 38.5, 39.400000000000006, 32.0, 43.900000000000006]"
ga,22,13,40.718385722395915,35.290000000000006,74.1,1.7233857223959137,5.4,13.356071428571429,23.190833333333334,9.834761904761905,True,0.0,hospital_corridor,28,12,"[11, 29, 47, 53, 61, 73, 89, 97, 101, 109]","[3.041167919373871, 3.3411348258044615, 0.9365780766198215, 0.5, 1.0]","{""time"": 1.0, ""collisions"": 0.05, ""congestion"": 1.0, ""fairness"": 0.0, ""incomplete_base"": 1000.0, ""incomplete_agent"": 10.0}","[59.44140271493213, 34.05607028753994, 34.69967320261438, 39.751315789473686, 40.88726790450929, 33.975752508361204, 45.474220623501196, 40.73421052631579, 37.48513931888545, 40.67880434782609]","[44.2, 31.3, 30.6, 30.400000000000002, 37.7, 29.900000000000002, 41.7, 38.0, 32.300000000000004, 36.800000000000004]"
ga,22,14,1101.9635899088917,75.14000000000001,37.9,0.9285899088917076,4.5,13.156793206793207,23.807666666666666,10.650873459873461,False,2.4,hospital_corridor,28,12,"[11, 29, 47, 53, 61, 73, 89, 97, 101, 109]","[3.035644120901317, 3.4642840503425014, 1.022919057225642, 0.5, 1.0]","{""time"": 1.0, ""collisions"": 0.05, ""congestion"": 1.0, ""fairness"": 0.0, ""incomplete_base"": 1000.0, ""incomplete_agent"": 10.0}","[54.079787234042556, 1161.512, 38.09766763848397, 1141.51, 1140.719, 38.26518105849582, 1141.58, 1123.764, 38.55526315789474, 1141.5529999999999]","[47.0, 100.0, 34.300000000000004, 100.0, 100.0, 35.9, 100.0, 100.0, 34.2, 100.0]"
ga,22,15,1208.7666,100.0,26.6,0.43660000000000004,3.8,13.82144340924776,25.185940836940837,11.36449742769308,False,10.7,hospital_corridor,28,12,"[11, 29, 47, 53, 61, 73, 89, 97, 101, 109]","[3.0397614175526266, 3.6324019126019373, 1.2780426347664928, 0.5, 1.0]","{""time"": 1.0, ""collisions"": 0.05, ""congestion"": 1.0, ""fairness"": 0.0, ""incomplete_base"": 1000.0, ""incomplete_agent"": 10.0}","[1183.358, 1250.893, 1200.813, 1251.007, 1211.089, 1181.146, 1171.306, 1165.789, 1171.78, 1300.485]","[100.0, 100.0, 100.0, 100.0, 100.0, 100.0, 100.0, 100.0, 100.0, 100.0]"
ga,22,16,41.481756934618375,35.67,83.1,1.6567569346183704,5.0,13.135,23.249166666666667,10.114166666666666,True,0.0,hospital_corridor,28,12,"[11, 29, 47, 53, 61, 73, 89, 97, 101, 109]","[3.041167919373871, 3.36900042924001, 0.9365780766198213, 0.5, 1.0]","{""time"": 1.0, ""collisions"": 0.05, ""congestion"": 1.0, ""fairness"": 0.0, ""incomplete_base"": 1000.0, ""incomplete_agent"": 10.0}","[55.63544303797468, 35.60473186119874, 34.864102564102566, 46.16559139784947, 38.685568513119534, 36.01534954407295, 39.808488063660484, 42.27727272727273, 47.92581453634086, 37.83520710059172]","[39.5, 31.700000000000003, 31.200000000000003, 37.2, 34.300000000000004, 32.9, 37.7, 38.5, 39.900000000000006, 33.800000000000004]"
ga,22,17,36.84826308952923,32.29,55.9,1.7632630895292347,5.4,12.978214285714287,21.994166666666665,9.015952380952381,True,0.0,hospital_corridor,28,12,"[11, 29, 47, 53, 61, 73, 89, 97, 101, 109]","[3.041167919373871, 3.386995581571286, 0.9365780766198214, 0.5, 1.0]","{""time"": 1.0, ""collisions"": 0.05, ""congestion"": 1.0, ""fairness"": 0.0, ""incomplete_base"": 1000.0, ""incomplete_agent"": 10.0}","[37.53468013468014, 34.15299684542587, 32.990553745928345, 36.00692041522491, 29.75909090909091, 35.601246105919, 39.56612903225807, 39.61239669421488, 40.035329341317365, 43.22328767123288]","[29.700000000000003, 31.700000000000003, 30.700000000000003, 28.900000000000002, 26.400000000000002, 32.1, 37.2, 36.300000000000004, 33.4, 36.5]"
ga,22,18,1051.4936796697084,41.410000000000004,150.7,1.548679669708297,5.1,13.354232804232804,23.105000000000004,9.750767195767196,False,0.1,hospital_corridor,28,12,"[11, 29, 47, 53, 61, 73, 89, 97, 101, 109]","[2.738967575685988, 2.576263493877186, 0.9355207293105853, 0.5, 1.0]","{""time"": 1.0, ""collisions"": 0.05, ""congestion"": 1.0, ""fairness"": 0.0, ""incomplete_base"": 1000.0, ""incomplete_agent"": 10.0}","[44.781528662420385, 57.54898477157361, 38.83231707317074, 55.33024691358025, 30.536567164179107, 1115.933, 44.738528678304235, 42.2112676056338, 44.08435582822086, 40.94]","[31.400000000000002, 39.400000000000006, 32.800000000000004, 40.5, 26.8, 100.0, 40.1, 35.5, 32.6, 35.0]"
ga,22,19,38.552881136988475,35.7,22.1,1.7478811369884717,5.4,13.575714285714287,24.082500000000003,10.506785714285716,True,0.0,hospital_corridor,28,12,"[11, 29, 47, 53, 61, 73, 89, 97, 101, 109]","[3.0389013407022136, 4.411197139557729, 0.9338687324286005, 0.5, 1.0]","{""time"": 1.0, ""collisions"": 0.05, ""congestion"": 1.0, ""fairness"": 0.0, ""incomplete_base"": 1000.0, ""incomplete_agent"": 10.0}","[43.09328165374677, 34.29596273291926, 34.26567398119122, 36.61190476190476, 29.784572490706324, 42.766666666666666, 44.9264705882353, 44.993925233644866, 35.884375, 38.90597826086957]","[38.7, 32.2, 31.900000000000002, 33.6, 26.900000000000002, 39.6, 42.5, 42.800000000000004, 32.0, 36.800000000000004]"
ga,22,20,40.43331931309263,35.15,74.0,1.5833193130926326,5.6,12.953928571428571,22.8575,9.903571428571428,True,0.0,hospital_corridor,28,12,"[11, 29, 47, 53, 61, 73, 89, 97, 101, 109]","[3.1553198493995587, 3.4109662154106273, 0.9341089294153306, 0.5, 1.0]","{""time"": 1.0, ""collisions"": 0.05, ""congestion"": 1.0, ""fairness"": 0.0, ""incomplete_base"": 1000.0, ""incomplete_agent"": 10.0}","[47.93908355795149, 37.452985074626866, 33.300993377483444, 40.60498489425982, 33.78355263157895, 39.66811594202898, 40.59842931937173, 46.11323529411765, 44.38445040214478, 40.48736263736264]","[37.1, 33.5, 30.200000000000003, 33.1, 30.400000000000002, 34.5, 38.2, 40.800000000000004, 37.300000000000004, 36.4]"
ga,22,21,38.3136322590667,33.25,66.8,1.7236322590667001,5.5,13.013214285714287,22.330833333333338,9.317619047619047,True,0.0,hospital_corridor,28,12,"[11, 29, 47, 53, 61, 73, 89, 97, 101, 109]","[3.039588193928372, 3.3983743196744545, 0.935280532323855, 0.5, 1.0]","{""time"": 1.0, ""collisions"": 0.05, ""congestion"": 1.0, ""fairness"": 0.0, ""incomplete_base"": 1000.0, ""incomplete_agent"": 10.0}","[53.46331658291458, 34.49811320754716, 34.14935064935065, 35.12255892255892, 29.303846153846155, 33.619387755102046, 39.836021505376344, 39.98296089385475, 39.28962264150944, 43.87114427860697]","[39.800000000000004, 31.8, 30.8, 29.700000000000003, 26.0, 29.400000000000002, 37.2, 35.800000000000004, 31.8, 40.2]"
ga,22,22,1186.2233,100.0,15.1,0.4683,3.8,14.328545067774417,24.934857142857147,10.606312075082727,False,8.5,hospital_corridor,28,12,"[11, 29, 47, 53, 61, 73, 89, 97, 101, 109]","[3.0252760795302827, 4.002103887872268, 1.147969072157925, 0.5, 1.0]","{""time"": 1.0, ""collisions"": 0.05, ""congestion"": 1.0, ""fairness"": 0.0, ""incomplete_base"": 1000.0, ""incomplete_agent"": 10.0}","[1192.986, 1241.06, 1170.586, 1201.073, 1210.7359999999999, 1161.123, 1160.699, 1161.288, 1142.098, 1220.584]","[100.0, 100.0, 100.0, 100.0, 100.0, 100.0, 100.0, 100.0, 100.0, 100.0]"
ga,22,23,38.75751033617234,35.07000000000001,37.9,1.7925103361723274,5.4,13.374642857142856,23.491666666666667,10.11702380952381,True,0.0,hospital_corridor,28,12,"[11, 29, 47, 53, 61, 73, 89, 97, 101, 109]","[2.9292072078047964, 3.87199875523748, 0.9339208736494546, 0.5, 1.0]","{""time"": 1.0, ""collisions"": 0.05, ""congestion"": 1.0, ""fairness"": 0.0, ""incomplete_base"": 1000.0, ""incomplete_agent"": 10.0}","[45.814824120603014, 36.597058823529416, 33.92068965517242, 40.717130919220054, 29.70441176470589, 34.86656441717791, 45.1139175257732, 47.35444444444445, 37.812345679012346, 35.67371601208459]","[39.800000000000004, 34.0, 31.900000000000002, 35.9, 27.200000000000003, 32.6, 38.800000000000004, 45.0, 32.4, 33.1]"
ga,23,0,36.84826308952923,32.29,55.9,1.7632630895292347,5.4,12.978214285714287,21.994166666666665,9.015952380952381,True,0.0,hospital_corridor,28,12,"[11, 29, 47, 53, 61, 73, 89, 97, 101, 109]","[3.041167919373871, 3.386995581571286, 0.9365780766198214, 0.5, 1.0]","{""time"": 1.0, ""collisions"": 0.05, ""congestion"": 1.0, ""fairness"": 0.0, ""incomplete_base"": 1000.0, ""incomplete_agent"": 10.0}","[37.53468013468014, 34.15299684542587, 32.990553745928345, 36.00692041522491, 29.75909090909091, 35.601246105919, 39.56612903225807, 39.61239669421488, 40.035329341317365, 43.22328767123288]","[29.700000000000003, 31.700000000000003, 30.700000000000003, 28.900000000000002, 26.400000000000002, 32.1, 37.2, 36.300000000000004, 33.4, 36.5]"
ga,23,1,36.84826308952923,32.29,55.9,1.7632630895292347,5.4,12.978214285714287,21.994166666666665,9.015952380952381,True,0.0,hospital_corridor,28,12,"[11, 29, 47, 53, 61, 73, 89, 97, 101, 109]","[3.041167919373871, 3.386995581571286, 0.9365780766198214, 0.5, 1.0]","{""time"": 1.0, ""collisions"": 0.05, ""congestion"": 1.0, ""fairness"": 0.0, ""incomplete_base"": 1000.0, ""incomplete_agent"": 10.0}","[37.53468013468014, 34.15299684542587, 32.990553745928345, 36.00692041522491, 29.75909090909091, 35.601246105919, 39.56612903225807, 39.61239669421488, 40.035329341317365, 43.22328767123288]","[29.700000000000003, 31.700000000000003, 30.700000000000003, 28.900000000000002, 26.400000000000002, 32.1, 37.2, 36.300000000000004, 33.4, 36.5]"
ga,23,2,36.84826308952923,32.29,55.9,1.7632630895292347,5.4,12.978214285714287,21.994166666666665,9.015952380952381,True,0.0,hospital_corridor,28,12,"[11, 29, 47, 53, 61, 73, 89, 97, 101, 109]","[3.041167919373871, 3.386995581571286, 0.9365780766198214, 0.5, 1.0]","{""time"": 1.0, ""collisions"": 0.05, ""congestion"": 1.0, ""fairness"": 0.0, ""incomplete_base"": 1000.0, ""incomplete_agent"": 10.0}","[37.53468013468014, 34.15299684542587, 32.990553745928345, 36.00692041522491, 29.75909090909091, 35.601246105919, 39.56612903225807, 39.61239669421488, 40.035329341317365, 43.22328767123288]","[29.700000000000003, 31.700000000000003, 30.700000000000003, 28.900000000000002, 26.400000000000002, 32.1, 37.2, 36.300000000000004, 33.4, 36.5]"
ga,23,3,44.332620867687524,30.919999999999998,231.3,1.847620867687528,5.6,11.858571428571429,20.986666666666668,9.12809523809524,True,0.0,hospital_corridor,28,12,"[11, 29, 47, 53, 61, 73, 89, 97, 101, 109]","[4.313913336486149, 3.386995581571286, 0.9365780766198213, 0.5, 1.0]","{""time"": 1.0, ""collisions"": 0.05, ""congestion"": 1.0, ""fairness"": 0.0, ""incomplete_base"": 1000.0, ""incomplete_agent"": 10.0}","[58.20522388059702, 53.70360360360361, 33.891666666666666, 45.445674740484435, 34.60438596491228, 32.99204946996466, 53.236705202312145, 44.9085626911315, 44.418458781362006, 41.919877675840986]","[33.5, 33.300000000000004, 28.8, 28.900000000000002, 28.5, 28.3, 34.6, 32.7, 27.900000000000002, 32.7]"
ga,23,4,36.84826308952923,32.29,55.9,1.7632630895292347,5.4,12.978214285714287,21.994166666666665,9.015952380952381,True,0.0,hospital_corridor,28,12,"[11, 29, 47, 53, 61, 73, 89, 97, 101, 109]","[3.041167919373871, 3.386995581571286, 0.9365780766198214, 0.5, 1.0]","{""time"": 1.0, ""collisions"": 0.05, ""congestion"": 1.0, ""fairness"": 0.0, ""incomplete_base"": 1000.0, ""incomplete_agent"": 10.0}","[37.53468013468014, 34.15299684542587, 32.990553745928345, 36.00692041522491, 29.75909090909091, 35.601246105919, 39.56612903225807, 39.61239669421488, 40.035329341317365, 43.22328767123288]","[29.700000000000003, 31.700000000000003, 30.700000000000003, 28.900000000000002, 26.400000000000002, 32.1, 37.2, 36.300000000000004, 33.4, 36.5]"
ga,23,5,41.13966674166943,33.65,115.2,1.729666741669432,5.1,13.031785714285714,22.705000000000005,9.673214285714286,True,0.0,hospital_corridor,28,12,"[11, 29, 47, 53, 61, 73, 89, 97, 101, 109]","[3.041167919373871, 3.079062838436288, 0.9365780766198214, 0.5, 1.0]","{""time"": 1.0, ""collisions"": 0.05, ""congestion"": 1.0, ""fairness"": 0.0, ""incomplete_base"": 1000.0, ""incomplete_agent"": 10.0}","[54.017052023121394, 34.1187898089172, 36.7275641025641, 45.46996699669967, 41.563274336283186, 33.75821917808219, 49.786036036036045, 40.70294117647059, 38.32974683544304, 36.92307692307692]","[34.6, 31.400000000000002, 31.200000000000003, 30.3, 33.9, 29.200000000000003, 44.400000000000006, 37.4, 31.6, 32.5]"
ga,23,6,1201.1403,100.0,34.3,0.4253,4.1,13.633805140473564,24.69975,11.06594485952644,False,9.9,hospital_corridor,28,12,"[11, 29, 47, 53, 61, 73, 89, 97, 101, 109]","[3.041167919373871, 3.386995581571286, 1.2371085129976813, 0.5, 1.0]","{""time"": 1.0, ""collisions"": 0.05, ""congestion"": 1.0, ""fairness"": 0.0, ""incomplete_base"": 1000.0, ""incomplete_agent"": 10.0}","[1184.316, 1241.992, 1171.6, 1220.884, 1211.494, 1181.509, 1172.556, 1165.104, 1161.412, 1300.536]","[100.0, 100.0, 100.0, 100.0, 100.0, 100.0, 100.0, 100.0, 100.0, 100.0]"
ga,23,7,36.84826308952923,32.29,55.9,1.7632630895292347,5.4,12.978214285714287,21.994166666666665,9.015952380952381,True,0.0,hospital_corridor,28,12,"[11, 29, 47, 53, 61, 73, 89, 97, 101, 109]","[3.041167919373871, 3.386995581571286, 0.9365780766198214, 0.5, 1.0]","{""time"": 1.0, ""collisions"": 0.05, ""congestion"": 1.0, ""fairness"": 0.0, ""incomplete_base"": 1000.0, ""incomplete_agent"": 10.0}","[37.53468013468014, 34.15299684542587, 32.990553745928345, 36.00692041522491, 29.75909090909091, 35.601246105919, 39.56612903225807, 39.61239669421488, 40.035329341317365, 43.22328767123288]","[29.700000000000003, 31.700000000000003, 30.700000000000003, 28.900000000000002, 26.400000000000002, 32.1, 37.2, 36.300000000000004, 33.4, 36.5]"
ga,23,8,39.714037591454556,34.720000000000006,64.2,1.7840375914545485,5.3,13.446071428571429,22.9825,9.536428571428571,True,0.0,hospital_corridor,28,12,"[11, 29, 47, 53, 61, 73, 89, 97, 101, 109]","[3.041167919373871, 3.510341827134158, 0.9365780766198214, 0.5, 1.0]","{""time"": 1.0, ""collisions"": 0.05, ""congestion"": 1.0, ""fairness"": 0.0, ""incomplete_base"": 1000.0, ""incomplete_agent"": 10.0}","[50.8025, 35.37422360248447, 38.681976744186045, 44.04350453172206, 29.82547169811321, 36.44268292682927, 41.619035532994936, 39.925396825396824, 41.58240223463688, 38.843181818181826]","[40.0, 32.2, 34.4, 33.1, 26.5, 32.800000000000004, 39.400000000000006, 37.800000000000004, 35.800000000000004, 35.2]"
ga,23,9,40.5014210424776,35.17,72.9,1.6864210424776005,5.0,14.014285714285714,22.880833333333335,8.86654761904762,True,0.0,hospital_corridor,28,12,"[11, 29, 47, 53, 61, 73, 89, 97, 101, 109]","[3.041167919373871, 3.8727979031531206, 0.9365780766198213, 0.5, 1.0]","{""time"": 1.0, ""collisions"": 0.05, ""congestion"": 1.0, ""fairness"": 0.0, ""incomplete_base"": 1000.0, ""incomplete_agent"": 10.0}","[66.82099567099567, 34.711111111111116, 33.564649681528664, 39.75806916426514, 28.56923076923077, 36.45220125786164, 39.89120734908137, 49.74601769911504, 39.813190184049084, 35.687537537537544]","[46.2, 32.4, 31.400000000000002, 34.7, 26.0, 31.8, 38.1, 45.2, 32.6, 33.300000000000004]"
ga,23,10,36.84826308952923,32.29,55.9,1.7632630895292347,5.4,12.978214285714287,21.994166666666665,9.015952380952381,True,0.0,hospital_corridor,28,12,"[11, 29, 47, 53, 61, 73, 89, 97, 101, 109]","[3.041167919373871, 3.386995581571286, 0.9365780766198214, 0.5, 1.0]","{""time"": 1.0, ""collisions"": 0.05, ""congestion"": 1.0, ""fairness"": 0.0, ""incomplete_base"": 1000.0, ""incomplete_agent"": 10.0}","[37.53468013468014, 34.15299684542587, 32.990553745928345, 36.00692041522491, 29.75909090909091, 35.601246105919, 39.56612903225807, 39.61239669421488, 40.035329341317365, 43.22328767123288]","[29.700000000000003, 31.700000000000003, 30.700000000000003, 28.900000000000002, 26.400000000000002, 32.1, 37.2, 36.300000000000004, 33.4, 36.5]"
ga,23,11,36.84826308952923,32.29,55.9,1.7632630895292347,5.4,12.978214285714287,21.994166666666665,9.015952380952381,True,0.0,hospital_corridor,28,12,"[11, 29, 47, 53, 61, 73, 89, 97, 101, 109]","[3.041167919373871, 3.386995581571286, 0.9365780766198214, 0.5, 1.0]","{""time"": 1.0, ""collisions"": 0.05, ""congestion"": 1.0, ""fairness"": 0.0, ""incomplete_base"": 1000.0, ""incomplete_agent"": 10.0}","[37.53468013468014, 34.15299684542587, 32.990553745928345, 36.00692041522491, 29.75909090909091, 35.601246105919, 39.56612903225807, 39.61239669421488, 40.035329341317365, 43.22328767123288]","[29.700000000000003, 31.700000000000003, 30.700000000000003, 28.900000000000002, 26.400000000000002, 32.1, 37.2, 36.300000000000004, 33.4, 36.5]"
ga,23,12,39.854619597459106,36.230000000000004,39.0,1.6746195974590954,4.5,13.367142857142857,23.789166666666667,10.422023809523811,True,0.0,hospital_corridor,28,12,"[11, 29, 47, 53, 61, 73, 89, 97, 101, 109]","[3.041167919373871, 3.829268365378612, 0.9365780766198213, 0.5, 1.0]","{""time"": 1.0, ""collisions"": 0.05, ""congestion"": 1.0, ""fairness"": 0.0, ""incomplete_base"": 1000.0, ""incomplete_agent"": 10.0}","[51.077367205542735, 34.73012422360249, 32.924267100977204, 35.258637873754154, 28.5, 44.32886977886978, 47.58114035087719, 48.9780353200883, 35.096875, 40.07087912087912]","[43.300000000000004, 32.2, 30.700000000000003, 30.1, 26.0, 40.7, 45.6, 45.300000000000004, 32.0, 36.4]"
ga,23,13,36.84826308952923,32.29,55.9,1.7632630895292347,5.4,12.978214285714287,21.994166666666665,9.015952380952381,True,0.0,hospital_corridor,28,12,"[11, 29, 47, 53, 61, 73, 89, 97, 101, 109]","[3.041167919373871, 3.386995581571286, 0.9365780766198214, 0.5, 1.0]","{""time"": 1.0, ""collisions"": 0.05, ""congestion"": 1.0, ""fairness"": 0.0, ""incomplete_base"": 1000.0, ""incomplete_agent"": 10.0}","[37.53468013468014, 34.15299684542587, 32.990553745928345, 36.00692041522491, 29.75909090909091, 35.601246105919, 39.56612903225807, 39.61239669421488, 40.035329341317365, 43.22328767123288]","[29.700000000000003, 31.700000000000003, 30.700000000000003, 28.900000000000002, 26.400000000000002, 32.1, 37.2, 36.300000000000004, 33.4, 36.5]"
ga,23,14,1164.6858,100.0,23.7,0.5007999999999999,3.8,15.966875506096159,27.378103535353535,11.411228029257376,False,6.3,hospital_corridor,28,12,"[11, 29, 47, 53, 61, 73, 89, 97, 101, 109]","[3.041095521151924, 3.6578696860675213, 1.1818897577292435, 0.5, 1.0]","{""time"": 1.0, ""collisions"": 0.05, ""congestion"": 1.0, ""fairness"": 0.0, ""incomplete_base"": 1000.0, ""incomplete_agent"": 10.0}","[1145.703, 1262.341, 1151.026, 1181.045, 1170.881, 1141.027, 1140.735, 1151.438, 1122.026, 1180.636]","[100.0, 100.0, 100.0, 100.0, 100.0, 100.0, 100.0, 100.0, 100.0, 100.0]"
ga,23,15,40.27303171500982,35.68000000000001,57.3,1.7280317150098163,5.4,13.477142857142857,23.299166666666668,9.82202380952381,True,0.0,hospital_corridor,28,12,"[11, 29, 47, 53, 61, 73, 89, 97, 101, 109]","[3.039660592150319, 3.6130585150548358, 0.9365315708700577, 0.5, 1.0]","{""time"": 1.0, ""collisions"": 0.05, ""congestion"": 1.0, ""fairness"": 0.0, ""incomplete_base"": 1000.0, ""incomplete_agent"": 10.0}","[46.35, 34.66875, 33.924193548387095, 35.3799331103679, 38.41685393258427, 44.85845771144279, 39.85263157894737, 40.04123989218329, 49.43894230769231, 39.79931506849315]","[34.9, 32.0, 31.0, 29.900000000000002, 35.6, 40.2, 38.0, 37.1, 41.6, 36.5]"
ga,23,16,41.52727421675427,35.06,92.6,1.8372742167542675,5.0,12.817142857142859,23.320833333333336,10.503690476190476,True,0.0,hospital_corridor,28,12,"[11, 29, 47, 53, 61, 73, 89, 97, 101, 109]","[3.27461521292258, 3.443762031285912, 0.9364624813476334, 0.5, 1.0]","{""time"": 1.0, ""collisions"": 0.05, ""congestion"": 1.0, ""fairness"": 0.0, ""incomplete_base"": 1000.0, ""incomplete_agent"": 10.0}","[55.21757105943153, 38.00780780780781, 31.87727272727273, 51.62135416666667, 33.35198675496689, 33.09931972789116, 41.48779527559055, 52.99383561643837, 37.660714285714285, 39.95508474576271]","[38.7, 33.300000000000004, 29.700000000000003, 38.400000000000006, 30.200000000000003, 29.400000000000002, 38.1, 43.800000000000004, 33.6, 35.4]"
ga,23,17,42.70121820936197,32.55,167.1,1.7962182093619687,5.4,12.2725,21.418333333333333,9.145833333333334,True,0.0,hospital_corridor,28,12,"[11, 29, 47, 53, 61, 73, 89, 97, 101, 109]","[3.9753264529669172, 3.4409075380364476, 0.9365080617134895, 0.5, 1.0]","{""time"": 1.0, ""collisions"": 0.05, ""congestion"": 1.0, ""fairness"": 0.0, ""incomplete_base"": 1000.0, ""incomplete_agent"": 10.0}","[59.72935779816514, 44.813881019830035, 48.499462365591405, 51.382738095238096, 33.58673469387755, 32.91754385964912, 41.469590643274856, 38.955891238670695, 37.37202797202798, 38.28495440729483]","[32.7, 35.300000000000004, 37.2, 33.6, 29.400000000000002, 28.5, 34.2, 33.1, 28.6, 32.9]"
ga,23,18,44.34910536869462,39.1,70.4,1.729105368694619,5.1,14.010357142857142,24.21583333333333,10.205476190476192,True,0.0,hospital_corridor,28,12,"[11, 29, 47, 53, 61, 73, 89, 97, 101, 109]","[3.039574569826526, 3.719131248551846, 0.9349072299677555, 0.5, 1.0]","{""time"": 1.0, ""collisions"": 0.05, ""congestion"": 1.0, ""fairness"": 0.0, ""incomplete_base"": 1000.0, ""incomplete_agent"": 10.0}","[49.84637305699482, 35.10550458715596, 33.283440514469454, 47.56691729323309, 50.406696428571436, 35.29769230769231, 39.586, 54.63245033112584, 36.25830721003135, 61.50767195767196]","[38.6, 32.7, 31.1, 39.900000000000006, 44.800000000000004, 32.5, 37.5, 45.300000000000004, 31.900000000000002, 56.7]"
ga,23,19,41.469174019441986,38.28,32.6,1.559174019441986,4.9,13.022142857142859,24.93666666666667,11.91452380952381,True,0.0,hospital_corridor,28,12,"[11, 29, 47, 53, 61, 73, 89, 97, 101, 109]","[3.03891496480406, 4.090440210680338, 0.9342420347846999, 0.5, 1.0]","{""time"": 1.0, ""collisions"": 0.05, ""congestion"": 1.0, ""fairness"": 0.0, ""incomplete_base"": 1000.0, ""incomplete_agent"": 10.0}","[80.54952120383037, 34.325, 33.08870967741935, 43.50496183206108, 28.588461538461537, 36.69705882352942, 40.89156010230179, 42.26969309462916, 34.49810725552051, 40.278666666666666]","[73.10000000000001, 32.0, 31.0, 39.300000000000004, 26.0, 34.0, 39.1, 39.1, 31.700000000000003, 37.5]"
ga,23,20,42.97268805865312,38.290000000000006,59.7,1.697688058653117,5.2,13.480357142857144,24.353333333333335,10.87297619047619,True,0.0,hospital_corridor,28,12,"[11, 29, 47, 53, 61, 73, 89, 97, 101, 109]","[3.041040934563582, 3.5697229846580787, 0.9360980400105465, 0.5, 1.0]","{""time"": 1.0, ""collisions"": 0.05, ""congestion"": 1.0, ""fairness"": 0.0, ""incomplete_base"": 1000.0, ""incomplete_agent"": 10.0}","[61.19556451612903, 34.53025078369906, 34.78653846153846, 38.562232415902145, 47.542986425339365, 39.27653958944282, 39.395844504021454, 45.003349282296654, 46.2179104477612, 43.215664160401005]","[49.6, 31.900000000000002, 31.200000000000003, 32.7, 44.2, 34.1, 37.300000000000004, 41.800000000000004, 40.2, 39.900000000000006]"
ga,23,21,38.98639524709121,35.31,39.9,1.68139524709121,5.1,13.624285714285714,23.2475,9.623214285714287,True,0.0,hospital_corridor,28,12,"[11, 29, 47, 53, 61, 73, 89, 97, 101, 109]","[3.0397151787386614, 3.6696498136280384, 0.9675807441654019, 0.5, 1.0]","{""time"": 1.0, ""collisions"": 0.05, ""congestion"": 1.0, ""fairness"": 0.0, ""incomplete_base"": 1000.0, ""incomplete_agent"": 10.0}","[51.79761904761905, 35.53006042296073, 34.9625, 44.725, 28.734090909090913, 37.279710144927535, 39.42978723404256, 40.05708661417323, 37.51296296296296, 39.83513513513513]","[42.0, 33.1, 32.0, 40.0, 26.400000000000002, 34.5, 37.6, 38.1, 32.4, 37.0]"
ga,23,22,38.58319264508947,33.87,59.2,1.7531926450894688,5.4,13.589642857142858,22.587500000000002,8.997857142857143,True,0.0,hospital_corridor,28,12,"[11, 29, 47, 53, 61, 73, 89, 97, 101, 109]","[3.2416969682489603, 3.5421713800261645, 0.9792564621377116, 0.5, 1.0]","{""time"": 1.0, ""collisions"": 0.05, ""congestion"": 1.0, ""fairness"": 0.0, ""incomplete_base"": 1000.0, ""incomplete_agent"": 10.0}","[53.152499999999996, 40.73838526912182, 34.33592233009709, 35.31333333333333, 28.93496240601504, 35.08025477707007, 39.63315649867374, 41.99574468085106, 41.84305177111717, 34.80461538461538]","[40.0, 35.300000000000004, 30.900000000000002, 30.0, 26.6, 31.400000000000002, 37.7, 37.6, 36.7, 32.5]"
ga,23,23,42.31332114655672,35.32,106.8,1.6533211465567192,5.4,13.180357142857144,23.185,10.004642857142859,True,0.0,hospital_corridor,28,12,"[11, 29, 47, 53, 61, 73, 89, 97, 101, 109]","[3.1594185058447786, 3.4133363305717745, 0.933617177709543, 0.5, 1.0]","{""time"": 1.0, ""collisions"": 0.05, ""congestion"": 1.0, ""fairness"": 0.0, ""incomplete_base"": 1000.0, ""incomplete_agent"": 10.0}","[64.07710843373495, 34.199681528662424, 32.3817880794702, 49.38823529411764, 33.64590163934426, 33.68027210884354, 41.68569553805774, 55.59098360655738, 40.321604938271605, 38.16194029850746]","[41.5, 31.400000000000002, 30.200000000000003, 37.4, 30.5, 29.400000000000002, 38.1, 48.800000000000004, 32.4, 33.5]"
ga,24,0,36.84826308952923,32.29,55.9,1.7632630895292347,5.4,12.978214285714287,21.994166666666665,9.015952380952381,True,0.0,hospital_corridor,28,12,"[11, 29, 47, 53, 61, 73, 89, 97, 101, 109]","[3.041167919373871, 3.386995581571286, 0.9365780766198214, 0.5, 1.0]","{""time"": 1.0, ""collisions"": 0.05, ""congestion"": 1.0, ""fairness"": 0.0, ""incomplete_base"": 1000.0, ""incomplete_agent"": 10.0}","[37.53468013468014, 34.15299684542587, 32.990553745928345, 36.00692041522491, 29.75909090909091, 35.601246105919, 39.56612903225807, 39.61239669421488, 40.035329341317365, 43.22328767123288]","[29.700000000000003, 31.700000000000003, 30.700000000000003, 28.900000000000002, 26.400000000000002, 32.1, 37.2, 36.300000000000004, 33.4, 36.5]"
ga,24,1,36.84826308952923,32.29,55.9,1.7632630895292347,5.4,12.978214285714287,21.994166666666665,9.015952380952381,True,0.0,hospital_corridor,28,12,"[11, 29, 47, 53, 61, 73, 89, 97, 101, 109]","[3.041167919373871, 3.386995581571286, 0.9365780766198214, 0.5, 1.0]","{""time"": 1.0, ""collisions"": 0.05, ""congestion"": 1.0, ""fairness"": 0.0, ""incomplete_base"": 1000.0, ""incomplete_agent"": 10.0}","[37.53468013468014, 34.15299684542587, 32.990553745928345, 36.00692041522491, 29.75909090909091, 35.601246105919, 39.56612903225807, 39.61239669421488, 40.035329341317365, 43.22328767123288]","[29.700000000000003, 31.700000000000003, 30.700000000000003, 28.900000000000002, 26.400000000000002, 32.1, 37.2, 36.300000000000004, 33.4, 36.5]"
ga,24,2,42.1579481747422,35.480000000000004,100.0,1.6779481747421972,5.2,13.308928571428572,23.5825,10.27357142857143,True,0.0,hospital_corridor,28,12,"[11, 29, 47, 53, 61, 73, 89, 97, 101, 109]","[3.041167919373871, 3.2280918979533757, 0.9365780766198213, 0.5, 1.0]","{""time"": 1.0, ""collisions"": 0.05, ""congestion"": 1.0, ""fairness"": 0.0, ""incomplete_base"": 1000.0, ""incomplete_agent"": 10.0}","[59.540625000000006, 34.43924050632912, 35.43827361563518, 43.814238410596026, 39.67192192192193, 41.82528089887641, 41.18287671232877, 42.23509234828496, 42.72127659574468, 40.71065573770492]","[44.800000000000004, 31.6, 30.700000000000003, 30.200000000000003, 33.300000000000004, 35.6, 36.5, 37.9, 37.6, 36.6]"
ga,24,3,40.280289564280594,34.78000000000001,76.4,1.6802895642805862,5.1,12.898928571428574,22.94833333333333,10.049404761904762,True,0.0,hospital_corridor,28,12,"[11, 29, 47, 53, 61, 73, 89, 97, 101, 109]","[3.041167919373871, 3.237966522054198, 0.9365780766198213, 0.5, 1.0]","{""time"": 1.0, ""collisions"": 0.05, ""congestion"": 1.0, ""fairness"": 0.0, ""incomplete_base"": 1000.0, ""incomplete_agent"": 10.0}","[51.64934725848565, 33.991318327974284, 34.69611650485437, 38.920547945205485, 39.69834254143647, 33.72185430463576, 40.96081081081081, 42.33821339950372, 44.96842105263158, 41.85792349726776]","[38.300000000000004, 31.1, 30.900000000000002, 29.200000000000003, 36.2, 30.200000000000003, 37.0, 40.300000000000004, 38.0, 36.6]"
ga,24,4,39.708070097522445,31.400000000000006,128.8,1.8680700975224434,5.7,12.286785714285715,21.1975,8.910714285714286,True,0.0,hospital_corridor,28,12,"[11, 29, 47, 53, 61, 73, 89, 97, 101, 109]","[3.4601446312717643, 3.4704812055089267, 0.8610042790740308, 0.5, 1.0]","{""time"": 1.0, ""collisions"": 0.05, ""congestion"": 1.0, ""fairness"": 0.0, ""incomplete_base"": 1000.0, ""incomplete_agent"": 10.0}","[57.92581120943953, 34.66470588235294, 41.46595744680852, 42.08355263157895, 35.782935153583615, 32.25874125874126, 39.96616314199396, 40.42413793103449, 36.97013422818792, 35.53856209150327]","[33.9, 30.6, 32.9, 30.400000000000002, 29.3, 28.6, 33.1, 34.800000000000004, 29.8, 30.6]"
ga,24,5,39.20827894990192,34.56,56.2,1.83827894990191,5.7,13.228571428571428,22.805833333333332,9.577261904761905,True,0.0,hospital_corridor,28,12,"[11, 29, 47, 53, 61, 73, 89, 97, 101, 109]","[3.0397939627173693, 3.6684706204576556, 0.9375181035340954, 0.5, 1.0]","{""time"": 1.0, ""collisions"": 0.05, ""congestion"": 1.0, ""fairness"": 0.0, ""incomplete_base"": 1000.0, ""incomplete_agent"": 10.0}","[54.63849765258216, 35.289143730886856, 35.041479099678455, 35.59488054607509, 41.84072164948454, 34.53013029315961, 42.3800518134715, 39.19130434782609, 37.87507886435331, 35.701501501501504]","[42.6, 32.7, 31.1, 29.3, 38.800000000000004, 30.700000000000003, 38.6, 36.800000000000004, 31.700000000000003, 33.300000000000004]"
ga,24,6,57.36694186616582,31.640000000000004,477.4,1.856941866165809,5.8,12.01607142857143,21.235000000000003,9.218928571428572,True,0.0,hospital_corridor,28,12,"[11, 29, 47, 53, 61, 73, 89, 97, 101, 109]","[3.041167919373871, 3.386995581571286, 0.7729588539100851, 0.5, 1.0]","{""time"": 1.0, ""collisions"": 0.05, ""congestion"": 1.0, ""fairness"": 0.0, ""incomplete_base"": 1000.0, ""incomplete_agent"": 10.0}","[86.5023076923077, 54.30081967213115, 42.2037037037037, 83.13900293255132, 42.01130268199234, 44.064912280701755, 64.90833333333333, 60.81609907120743, 48.12607260726073, 47.59686468646865]","[32.5, 36.6, 29.700000000000003, 34.1, 26.1, 28.5, 36.0, 32.300000000000004, 30.3, 30.3]"
ga,24,7,36.84826308952923,32.29,55.9,1.7632630895292347,5.4,12.978214285714287,21.994166666666665,9.015952380952381,True,0.0,hospital_corridor,28,12,"[11, 29, 47, 53, 61, 73, 89, 97, 101, 109]","[3.041167919373871, 3.386995581571286, 0.9365780766198214, 0.5, 1.0]","{""time"": 1.0, ""collisions"": 0.05, ""congestion"": 1.0, ""fairness"": 0.0, ""incomplete_base"": 1000.0, ""incomplete_agent"": 10.0}","[37.53468013468014, 34.15299684542587, 32.990553745928345, 36.00692041522491, 29.75909090909091, 35.601246105919, 39.56612903225807, 39.61239669421488, 40.035329341317365, 43.22328767123288]","[29.700000000000003, 31.700000000000003, 30.700000000000003, 28.900000000000002, 26.400000000000002, 32.1, 37.2, 36.300000000000004, 33.4, 36.5]"
ga,24,8,1085.580083139462,69.07000000000001,9.9,1.0150831394620154,4.8,16.252012385762388,28.048318181818182,11.796305796055796,False,1.5,hospital_corridor,28,12,"[11, 29, 47, 53, 61, 73, 89, 97, 101, 109]","[2.1408467420631334, 4.202324335968319, 0.9644583786403381, 0.5, 1.0]","{""time"": 1.0, ""collisions"": 0.05, ""congestion"": 1.0, ""fairness"": 0.0, ""incomplete_base"": 1000.0, ""incomplete_agent"": 10.0}","[1110.94, 1161.173, 42.61019656019656, 50.465838509316775, 1120.871, 35.84317507418398, 77.74609375000001, 53.848571428571425, 41.090956072351425, 1161.212]","[100.0, 100.0, 40.7, 48.300000000000004, 100.0, 33.7, 76.80000000000001, 52.5, 38.7, 100.0]"
ga,24,9,39.467696605417835,34.86,59.7,1.622696605417839,5.2,13.210714285714285,22.793333333333337,9.582619047619048,True,0.0,hospital_corridor,28,12,"[11, 29, 47, 53, 61, 73, 89, 97, 101, 109]","[3.0404657745062273, 3.526327641417987, 0.939700442144885, 0.5, 1.0]","{""time"": 1.0, ""collisions"": 0.05, ""congestion"": 1.0, ""fairness"": 0.0, ""incomplete_base"": 1000.0, ""incomplete_agent"": 10.0}","[51.09636803874093, 34.911490683229815, 35.73225806451613, 40.15712250712251, 35.180128205128206, 33.285973597359735, 40.41266149870801, 46.662471395881006, 40.41349206349206, 36.825]","[41.300000000000004, 32.2, 31.0, 35.1, 31.200000000000003, 30.3, 38.7, 43.7, 31.5, 33.6]"
ga,24,10,36.84826308952923,32.29,55.9,1.7632630895292347,5.4,12.978214285714287,21.994166666666665,9.015952380952381,True,0.0,hospital_corridor,28,12,"[11, 29, 47, 53, 61, 73, 89, 97, 101, 109]","[3.041167919373871, 3.386995581571286, 0.9365780766198214, 0.5, 1.0]","{""time"": 1.0, ""collisions"": 0.05, ""congestion"": 1.0, ""fairness"": 0.0, ""incomplete_base"": 1000.0, ""incomplete_agent"": 10.0}","[37.53468013468014, 34.15299684542587, 32.990553745928345, 36.00692041522491, 29.75909090909091, 35.601246105919, 39.56612903225807, 39.61239669421488, 40.035329341317365, 43.22328767123288]","[29.700000000000003, 31.700000000000003, 30.700000000000003, 28.900000000000002, 26.400000000000002, 32.1, 37.2, 36.300000000000004, 33.4, 36.5]"
ga,24,11,36.84826308952923,32.29,55.9,1.7632630895292347,5.4,12.978214285714287,21.994166666666665,9.015952380952381,True,0.0,hospital_corridor,28,12,"[11, 29, 47, 53, 61, 73, 89, 97, 101, 109]","[3.041167919373871, 3.386995581571286, 0.9365780766198214, 0.5, 1.0]","{""time"": 1.0, ""collisions"": 0.05, ""congestion"": 1.0, ""fairness"": 0.0, ""incomplete_base"": 1000.0, ""incomplete_agent"": 10.0}","[37.53468013468014, 34.15299684542587, 32.990553745928345, 36.00692041522491, 29.75909090909091, 35.601246105919, 39.56612903225807, 39.61239669421488, 40.035329341317365, 43.22328767123288]","[29.700000000000003, 31.700000000000003, 30.700000000000003, 28.900000000000002, 26.400000000000002, 32.1, 37.2, 36.300000000000004, 33.4, 36.5]"
ga,24,12,40.07368771870729,34.92,69.5,1.6786877187072862,5.2,13.265,22.963333333333335,9.698333333333334,True,0.0,hospital_corridor,28,12,"[11, 29, 47, 53, 61, 73, 89, 97, 101, 109]","[3.1712523549909895, 3.451346208272003, 0.9472417575196077, 0.5, 1.0]","{""time"": 1.0, ""collisions"": 0.05, ""congestion"": 1.0, ""fairness"": 0.0, ""incomplete_base"": 1000.0, ""incomplete_agent"": 10.0}","[49.53707571801567, 34.93513931888545, 34.60808580858086, 43.55290697674418, 34.736942675159234, 36.00833333333334, 45.23448687350836, 45.60605700712589, 36.55573248407643, 39.962116991643455]","[38.300000000000004, 32.300000000000004, 30.3, 34.4, 31.400000000000002, 31.200000000000003, 41.900000000000006, 42.1, 31.400000000000002, 35.9]"
ga,24,13,39.78223879312522,34.120000000000005,78.8,1.7222387931252143,4.6,13.438214285714286,22.793333333333333,9.355119047619047,True,0.0,hospital_corridor,28,12,"[11, 29, 47, 53, 61, 73, 89, 97, 101, 109]","[3.5343964991299623, 3.7175304519228796, 0.9685927812379252, 0.5, 1.0]","{""time"": 1.0, ""collisions"": 0.05, ""congestion"": 1.0, ""fairness"": 0.0, ""incomplete_base"": 1000.0, ""incomplete_agent"": 10.0}","[53.50939849624061, 42.609459459459465, 34.23813559322034, 39.941205211726384, 33.225, 34.43717948717949, 40.954918032786885, 47.5054524361949, 35.46688311688312, 35.93475609756098]","[39.900000000000006, 37.0, 29.5, 30.700000000000003, 29.6, 31.200000000000003, 36.6, 43.1, 30.8, 32.800000000000004]"
ga,24,14,40.884765610971954,36.11,62.1,1.6697656109719468,5.1,13.486785714285716,23.398333333333333,9.911547619047619,True,0.0,hospital_corridor,28,12,"[11, 29, 47, 53, 61, 73, 89, 97, 101, 109]","[2.8768606074502574, 3.386995581571286, 0.9365780766198213, 0.5, 1.0]","{""time"": 1.0, ""collisions"": 0.05, ""congestion"": 1.0, ""fairness"": 0.0, ""incomplete_base"": 1000.0, ""incomplete_agent"": 10.0}","[56.817460317460316, 35.38608562691132, 34.375, 50.217283950617286, 29.285018726591765, 37.96473988439307, 44.28417266187051, 44.073182957393485, 40.41267605633803, 36.032035928143706]","[44.1, 32.7, 32.0, 40.5, 26.700000000000003, 34.6, 41.7, 39.900000000000006, 35.5, 33.4]"
ga,24,15,165.85913527136515,29.7,2683.4,1.9891352713651358,6.0,11.357500000000002,20.185833333333335,8.828333333333335,True,0.0,hospital_corridor,28,12,"[11, 29, 47, 53, 61, 73, 89, 97, 101, 109]","[3.343072509352246, 3.386995581571286, 0.6907039228612801, 0.5, 1.0]","{""time"": 1.0, ""collisions"": 0.05, ""congestion"": 1.0, ""fairness"": 0.0, ""incomplete_base"": 1000.0, ""incomplete_agent"": 10.0}","[211.65000000000003, 193.3890243902439, 136.16736111111112, 151.21688311688314, 170.35000000000002, 131.31231884057974, 172.13765432098765, 182.8592105263158, 141.8452961672474, 167.6636042402827]","[33.0, 28.700000000000003, 28.8, 30.8, 28.3, 27.6, 32.4, 30.400000000000002, 28.700000000000003, 28.3]"
ga,24,16,41.28674714842521,32.940000000000005,131.0,1.796747148425204,5.3,12.53357142857143,22.288333333333334,9.754761904761907,True,0.0,hospital_corridor,28,12,"[11, 29, 47, 53, 61, 73, 89, 97, 101, 109]","[3.418991614582244, 3.330536596639494, 0.9365780766198213, 0.5, 1.0]","{""time"": 1.0, ""collisions"": 0.05, ""congestion"": 1.0, ""fairness"": 0.0, ""incomplete_base"": 1000.0, ""incomplete_agent"": 10.0}","[64.30909090909091, 40.948640483383684, 33.89794520547945, 45.42252747252748, 35.7066889632107, 33.34594594594595, 41.552305475504326, 45.1668449197861, 36.79426229508197, 35.72321981424149]","[36.300000000000004, 33.1, 29.200000000000003, 36.4, 29.900000000000002, 29.6, 34.7, 37.4, 30.5, 32.300000000000004]"
ga,24,17,42.88706071592607,38.18,61.2,1.647060715926067,4.9,13.626428571428573,24.249166666666667,10.622738095238095,True,0.0,hospital_corridor,28,12,"[11, 29, 47, 53, 61, 73, 89, 97, 101, 109]","[3.041167919373871, 3.6098140147268793, 0.9365780766198213, 0.5, 1.0]","{""time"": 1.0, ""collisions"": 0.05, ""congestion"": 1.0, ""fairness"": 0.0, ""incomplete_base"": 1000.0, ""incomplete_agent"": 10.0}","[49.02919799498748, 34.41069182389938, 37.157401812688825, 47.88882063882064, 49.98377192982456, 38.239285714285714, 40.060704960835515, 39.72425474254742, 48.43758865248227, 43.93888888888889]","[39.900000000000006, 31.8, 33.1, 40.7, 45.6, 33.6, 38.300000000000004, 36.9, 42.300000000000004, 39.6]"
ga,24,18,1190.9343968125968,38.22000000000001,2997.1,1.8593968125969145,6.1,12.062857142857144,20.985151515151514,8.922294372294374,False,0.1,hospital_corridor,28,12,"[11, 29, 47, 53, 61, 73, 89, 97, 101, 109]","[3.040421371796756, 3.6663832792265287, 0.5, 0.5, 1.0]","{""time"": 1.0, ""collisions"": 0.05, ""congestion"": 1.0, ""fairness"": 0.0, ""incomplete_base"": 1000.0, ""incomplete_agent"": 10.0}","[1267.2710000000002, 217.5501706484642, 149.46904761904761, 181.10372670807453, 181.06620209059233, 145.11654676258993, 178.24398907103827, 213.30229885057474, 202.8967532467533, 173.32423312883435]","[100.0, 29.3, 29.400000000000002, 32.2, 28.700000000000003, 27.8, 36.6, 34.800000000000004, 30.8, 32.6]"
ga,24,19,38.600178505334604,34.779999999999994,42.8,1.6801785053346083,4.8,13.212857142857143,23.402500000000003,10.189642857142857,True,0.0,hospital_corridor,28,12,"[11, 29, 47, 53, 61, 73, 89, 97, 101, 109]","[3.0396615123811754, 3.8110525130250954, 0.9355999148269588, 0.5, 1.0]","{""time"": 1.0, ""collisions"": 0.05, ""congestion"": 1.0, ""fairness"": 0.0, ""incomplete_base"": 1000.0, ""incomplete_agent"": 10.0}","[47.93704663212436, 39.46712707182321, 33.686075949367094, 35.618354430379746, 28.746183206106874, 39.4123595505618, 40.121148825065276, 48.529571106094814, 36.67608695652174, 35.80783132530121]","[38.6, 36.2, 31.6, 31.6, 26.200000000000003, 35.6, 38.300000000000004, 44.300000000000004, 32.2, 33.2]"
ga,24,20,37.848749921086,34.300000000000004,37.4,1.678749921085997,4.8,13.250714285714286,22.878333333333337,9.627619047619046,True,0.0,hospital_corridor,28,12,"[11, 29, 47, 53, 61, 73, 89, 97, 101, 109]","[3.041167919373871, 4.009161201969052, 0.9365780766198213, 0.5, 1.0]","{""time"": 1.0, ""collisions"": 0.05, ""congestion"": 1.0, ""fairness"": 0.0, ""incomplete_base"": 1000.0, ""incomplete_agent"": 10.0}","[37.48831775700935, 33.94217252396166, 32.88430420711975, 44.62435897435898, 28.74619771863118, 34.880434782608695, 37.68888888888888, 47.033928571428575, 41.774852071005924, 39.424043715847]","[32.1, 31.3, 30.900000000000002, 39.0, 26.3, 32.2, 36.0, 44.800000000000004, 33.800000000000004, 36.6]"
ga,24,21,38.58319264508947,33.87,59.2,1.7531926450894688,5.4,13.589642857142858,22.587500000000002,8.997857142857143,True,0.0,hospital_corridor,28,12,"[11, 29, 47, 53, 61, 73, 89, 97, 101, 109]","[3.2416969682489603, 3.5421713800261645, 0.9792564621377116, 0.5, 1.0]","{""time"": 1.0, ""collisions"": 0.05, ""congestion"": 1.0, ""fairness"": 0.0, ""incomplete_base"": 1000.0, ""incomplete_agent"": 10.0}","[53.152499999999996, 40.73838526912182, 34.33592233009709, 35.31333333333333, 28.93496240601504, 35.08025477707007, 39.63315649867374, 41.99574468085106, 41.84305177111717, 34.80461538461538]","[40.0, 35.300000000000004, 30.900000000000002, 30.0, 26.6, 31.400000000000002, 37.7, 37.6, 36.7, 32.5]"
ga,24,22,39.74604028054283,33.74,84.4,1.7860402805428315,5.5,13.406785714285714,23.003333333333337,9.596547619047621,True,0.0,hospital_corridor,28,12,"[11, 29, 47, 53, 61, 73, 89, 97, 101, 109]","[3.0350893051882717, 3.386995581571286, 0.9365780766198213, 0.5, 1.0]","{""time"": 1.0, ""collisions"": 0.05, ""congestion"": 1.0, ""fairness"": 0.0, ""incomplete_base"": 1000.0, ""incomplete_agent"": 10.0}","[46.618115942028986, 45.98740157480315, 33.999022801302935, 41.08146417445484, 29.664150943396226, 36.47278481012658, 40.036, 43.8948717948718, 39.45379746835444, 40.25279329608939]","[34.5, 38.1, 30.700000000000003, 32.1, 26.5, 31.6, 37.5, 39.0, 31.6, 35.800000000000004]"
ga,24,23,36.84826308952923,32.29,55.9,1.7632630895292347,5.4,12.978214285714287,21.994166666666665,9.015952380952381,True,0.0,hospital_corridor,28,12,"[11, 29, 47, 53, 61, 73, 89, 97, 101, 109]","[3.041167919373871, 3.386995581571286, 0.9365780766198214, 0.5, 1.0]","{""time"": 1.0, ""collisions"": 0.05, ""congestion"": 1.0, ""fairness"": 0.0, ""incomplete_base"": 1000.0, ""incomplete_agent"": 10.0}","[37.53468013468014, 34.15299684542587, 32.990553745928345, 36.00692041522491, 29.75909090909091, 35.601246105919, 39.56612903225807, 39.61239669421488, 40.035329341317365, 43.22328767123288]","[29.700000000000003, 31.700000000000003, 30.700000000000003, 28.900000000000002, 26.400000000000002, 32.1, 37.2, 36.300000000000004, 33.4, 36.5]"
