method,generation,individual_id,fitness,total_time,near_collisions,mean_congestion,peak_congestion,mean_high_time,mean_low_time,fairness_gap_time,all_evacuated,remaining_agents,layout,num_high,num_low,seed_list,params,fitness_weights,per_seed_fitnesses,per_seed_total_times
ga,0,0,1140.89626510096,70.78,2267.1,1.005613080757952,4.8,15.55843888888889,26.09409090909091,10.53565202020202,False,1.6,hospital_corridor,28,12,"[11, 29, 47, 53, 61, 73, 89, 97, 101, 109]","[2.0, 0.5, 2.0, 0.5, 1.0]","{""time"": 0.0, ""collisions"": 0.05, ""congestion"": 1.0, ""fairness"": 1.0, ""incomplete_base"": 1000.0, ""incomplete_agent"": 10.0}","[198.01025132275134, 1122.5391666666667, 1376.393, 85.47066900379785, 108.3268115942029, 1104.6443333333334, 98.50425170068027, 1143.4911111111112, 1080.7933376623378, 90.78971861471862]","[43.2, 100.0, 100.0, 32.6, 36.800000000000004, 100.0, 49.0, 100.0, 100.0, 46.2]"
ga,0,1,137.32118634956504,28.740000000000002,2538.4,2.0259482543269174,6.0,10.733928571428573,19.109166666666667,8.375238095238094,True,0.0,hospital_corridor,28,12,"[11, 29, 47, 53, 61, 73, 89, 97, 101, 109]","[4.2670725391884385, 3.5463567673223793, 0.5435633775441666, 0.5, 1.0]","{""time"": 0.0, ""collisions"": 0.05, ""congestion"": 1.0, ""fairness"": 1.0, ""incomplete_base"": 1000.0, ""incomplete_agent"": 10.0}","[226.6230414746544, 138.47380952380954, 99.96644905273938, 115.40943722943723, 124.11963626779125, 108.96071428571429, 146.79293248945146, 185.63589051934974, 98.61460084033614, 128.61535181236675]","[31.0, 28.0, 27.900000000000002, 27.5, 27.1, 27.200000000000003, 31.6, 33.1, 27.200000000000003, 26.8]"
ga,0,2,1086.8444939174353,100.0,62.3,0.40069999999999995,4.1,12.892314668423364,23.221108585858595,10.328793917435222,False,7.3,hospital_corridor,28,12,"[11, 29, 47, 53, 61, 73, 89, 97, 101, 109]","[4.996182265488238, 3.9185400104340022, 1.775283443634367, 0.5, 1.0]","{""time"": 0.0, ""collisions"": 0.05, ""congestion"": 1.0, ""fairness"": 1.0, ""incomplete_base"": 1000.0, ""incomplete_agent"": 10.0}","[1080.068, 1132.6292222222223, 1081.8772222222221, 1077.4149920948616, 1086.735181818182, 1064.6575454545455, 1073.4303333333332, 1086.3005, 1069.7493333333334, 1115.5826086956522]","[100.0, 100.0, 100.0, 100.0, 100.0, 100.0, 100.0, 100.0, 100.0, 100.0]"
ga,0,3,1331.1767095238094,100.0,20.0,0.1709,1.7,22.484833333333334,51.49064285714286,29.005809523809525,False,30.1,hospital_corridor,28,12,"[11, 29, 47, 53, 61, 73, 89, 97, 101, 109]","[0.4836436965475905, 1.7054298579632348, 2.5148508456092156, 0.5, 1.0]","{""time"": 0.0, ""collisions"": 0.05, ""congestion"": 1.0, ""fairness"": 1.0, ""incomplete_base"": 1000.0, ""incomplete_agent"": 10.0}","[1326.806380952381, 1320.932857142857, 1357.082, 1295.838, 1343.528, 1348.1232857142857, 1294.7165714285713, 1332.1826666666666, 1334.5416666666667, 1358.0156666666667]","[100.0, 100.0, 100.0, 100.0, 100.0, 100.0, 100.0, 100.0, 100.0, 100.0]"
ga,0,4,1148.525424211822,100.0,6.4,0.3271,3.2,13.738608327860652,25.616932539682544,11.87832421182189,False,13.6,hospital_corridor,28,12,"[11, 29, 47, 53, 61, 73, 89, 97, 101, 109]","[3.4138971831347744, 4.032910843487287, 2.936932299349427, 0.5, 1.0]","{""time"": 0.0, ""collisions"": 0.05, ""congestion"": 1.0, ""fairness"": 1.0, ""incomplete_base"": 1000.0, ""incomplete_agent"": 10.0}","[1151.382, 1152.551908496732, 1181.8895, 1138.792588235294, 1148.0906090225565, 1102.2705252525252, 1132.1545, 1171.618, 1153.0149444444444, 1153.4896666666666]","[100.0, 100.0, 100.0, 100.0, 100.0, 100.0, 100.0, 100.0, 100.0, 100.0]"
ga,0,5,1051.6844892470117,53.989999999999995,609.3,1.1729308054533143,5.0,12.221699134199135,22.268257575757577,10.046558441558442,False,1.0,hospital_corridor,28,12,"[11, 29, 47, 53, 61, 73, 89, 97, 101, 109]","[2.9149610112697584, 1.239330339312601, 1.2389044327085734, 0.5, 1.0]","{""time"": 0.0, ""collisions"": 0.05, ""congestion"": 1.0, ""fairness"": 1.0, ""incomplete_base"": 1000.0, ""incomplete_agent"": 10.0}","[89.98749024199844, 1087.1668181818181, 1040.7790033670033, 31.381865622961513, 25.007555879494653, 40.306334231805934, 47.74342105263158, 40.714333333333336, 1078.156239057239, 35.6018315018315]","[36.6, 100.0, 100.0, 29.200000000000003, 34.300000000000004, 31.8, 38.0, 37.5, 100.0, 32.5]"
ga,0,6,1045.8097639446873,87.76,151.1,0.6376543875777565,4.0,13.185087412587412,23.80219696969697,10.61710955710956,False,2.7,hospital_corridor,28,12,"[11, 29, 47, 53, 61, 73, 89, 97, 101, 109]","[4.249659238483234, 2.6030481126670924, 2.1351886210306423, 0.5, 1.0]","{""time"": 0.0, ""collisions"": 0.05, ""congestion"": 1.0, ""fairness"": 1.0, ""incomplete_base"": 1000.0, ""incomplete_agent"": 10.0}","[1047.2469743589743, 1075.638515151515, 1043.316097902098, 1049.2926666666667, 1071.931303030303, 1047.9926666666668, 21.84170569867291, 1038.0986666666668, 23.133838177104654, 1039.6052051282052]","[100.0, 100.0, 100.0, 100.0, 100.0, 100.0, 42.7, 100.0, 34.9, 100.0]"
ga,0,7,1207.3907087427278,100.0,4.3,0.3734,3.0,17.178691257272142,31.981000000000005,14.802308742727863,False,19.2,hospital_corridor,28,12,"[11, 29, 47, 53, 61, 73, 89, 97, 101, 109]","[1.9082323322730466, 4.091224580865629, 1.6450724942504817, 0.5, 1.0]","{""time"": 0.0, ""collisions"": 0.05, ""congestion"": 1.0, ""fairness"": 1.0, ""incomplete_base"": 1000.0, ""incomplete_agent"": 10.0}","[1197.8117692307692, 1195.1646666666666, 1254.3393333333333, 1198.9293076923077, 1194.0161428571428, 1182.77575, 1167.705705882353, 1203.3887450980392, 1227.2236666666668, 1252.552]","[100.0, 100.0, 100.0, 100.0, 100.0, 100.0, 100.0, 100.0, 100.0, 100.0]"
ga,0,8,1204.9905717334952,100.0,4.3,0.40040000000000003,2.7,20.155248901425374,31.530420634920638,11.375171733495263,False,19.3,hospital_corridor,28,12,"[11, 29, 47, 53, 61, 73, 89, 97, 101, 109]","[2.141811451897227, 4.879793001734997, 1.7240814628528023, 0.5, 1.0]","{""time"": 0.0, ""collisions"": 0.05, ""congestion"": 1.0, ""fairness"": 1.0, ""incomplete_base"": 1000.0, ""incomplete_agent"": 10.0}","[1237.812484848485, 1173.9377142857143, 1237.573484848485, 1213.7743076923077, 1221.6305454545454, 1172.4348431372548, 1156.3321307189542, 1168.5870634920634, 1217.259142857143, 1250.564]","[100.0, 100.0, 100.0, 100.0, 100.0, 100.0, 100.0, 100.0, 100.0, 100.0]"
ga,0,9,1217.4805597402597,100.0,4.3,0.3353,2.9,15.675073593073595,27.605333333333334,11.930259740259741,False,20.5,hospital_corridor,28,12,"[11, 29, 47, 53, 61, 73, 89, 97, 101, 109]","[2.090534738335224, 4.110054388976939, 1.7974123062003358, 0.5, 1.0]","{""time"": 0.0, ""collisions"": 0.05, ""congestion"": 1.0, ""fairness"": 1.0, ""incomplete_base"": 1000.0, ""incomplete_agent"": 10.0}","[1176.9826666666668, 1203.4722857142858, 1240.6764545454546, 1227.3837142857142, 1191.3115238095238, 1212.287, 1223.9161428571429, 1210.0366666666666, 1218.2951428571428, 1270.444]","[100.0, 100.0, 100.0, 100.0, 100.0, 100.0, 100.0, 100.0, 100.0, 100.0]"
ga,0,10,66.89189017318711,28.43,1123.9,1.9649854112823353,5.8,10.506428571428573,19.238333333333337,8.731904761904762,True,0.0,hospital_corridor,28,12,"[11, 29, 47, 53, 61, 73, 89, 97, 101, 109]","[4.755585248450862, 4.651443089686973, 0.7186956964798095, 0.5, 1.0]","{""time"": 0.0, ""collisions"": 0.05, ""congestion"": 1.0, ""fairness"": 1.0, ""incomplete_base"": 1000.0, ""incomplete_agent"": 10.0}","[111.09696969696971, 70.41127583108715, 42.13314185814186, 97.33256963162623, 66.32948051948053, 45.91640211640212, 64.69677351505973, 72.10541871921183, 51.41382445967317, 47.48304538421867]","[30.8, 31.8, 28.6, 26.5, 27.5, 27.0, 28.3, 29.0, 27.1, 27.700000000000003]"
ga,0,11,1142.0729707115188,100.0,11.2,0.3746,3.4,13.741490399592331,24.879861111111115,11.13837071151878,False,13.0,hospital_corridor,28,12,"[11, 29, 47, 53, 61, 73, 89, 97, 101, 109]","[3.923114314377654, 4.536376227076454, 1.578805309053594, 0.5, 1.0]","{""time"": 0.0, ""collisions"": 0.05, ""congestion"": 1.0, ""fairness"": 1.0, ""incomplete_base"": 1000.0, ""incomplete_agent"": 10.0}","[1135.2499298245614, 1152.39625, 1151.004045751634, 1150.31425, 1117.5585555555556, 1131.454, 1137.31, 1124.0203571428572, 1092.6163188405797, 1228.806]","[100.0, 100.0, 100.0, 100.0, 100.0, 100.0, 100.0, 100.0, 100.0, 100.0]"
ga,0,12,1119.9990416623739,100.0,20.0,0.37320000000000003,3.6,13.466100256817935,24.09194191919192,10.625841662373986,False,10.8,hospital_corridor,28,12,"[11, 29, 47, 53, 61, 73, 89, 97, 101, 109]","[3.760376688253301, 3.430569172587796, 2.334743374010566, 0.5, 1.0]","{""time"": 0.0, ""collisions"": 0.05, ""congestion"": 1.0, ""fairness"": 1.0, ""incomplete_base"": 1000.0, ""incomplete_agent"": 10.0}","[1113.911153110048, 1153.18525, 1139.533052631579, 1105.921, 1107.2491363636364, 1102.6760909090908, 1113.4622698412697, 1127.9664782608695, 1082.221652173913, 1153.8643333333334]","[100.0, 100.0, 100.0, 100.0, 100.0, 100.0, 100.0, 100.0, 100.0, 100.0]"
ga,0,13,1177.579131140351,100.0,5.6,0.3083,3.0,16.048192669172938,29.039023809523815,12.990831140350878,False,16.4,hospital_corridor,28,12,"[11, 29, 47, 53, 61, 73, 89, 97, 101, 109]","[1.792551719458883, 2.757856818657316, 2.3589559243532054, 0.5, 1.0]","{""time"": 0.0, ""collisions"": 0.05, ""congestion"": 1.0, ""fairness"": 1.0, ""incomplete_base"": 1000.0, ""incomplete_agent"": 10.0}","[1205.599, 1153.638, 1201.9967142857142, 1159.731, 1196.8801764705881, 1159.9873235294117, 1146.713394736842, 1173.456, 1180.6655357142856, 1197.1241666666667]","[100.0, 100.0, 100.0, 100.0, 100.0, 100.0, 100.0, 100.0, 100.0, 100.0]"
ga,0,14,162.76362715146638,35.760000000000005,3017.1,1.8260081038473426,5.7,13.755714285714287,23.838333333333335,10.082619047619048,True,0.0,hospital_corridor,28,12,"[11, 29, 47, 53, 61, 73, 89, 97, 101, 109]","[2.2101672111325334, 0.37672285614534695, 0.7212455121045129, 0.5, 1.0]","{""time"": 0.0, ""collisions"": 0.05, ""congestion"": 1.0, ""fairness"": 1.0, ""incomplete_base"": 1000.0, ""incomplete_agent"": 10.0}","[220.83162223106513, 154.28237247421225, 130.7740566037736, 150.35364369389927, 159.25998452012385, 159.5441176470588, 157.84189259645464, 209.34587227414332, 168.2421686746988, 117.16054079923428]","[35.9, 33.7, 31.8, 31.3, 32.300000000000004, 35.7, 41.1, 42.800000000000004, 33.2, 39.800000000000004]"
ga,0,15,12.668066330474364,37.080000000000005,16.7,1.7412806161886483,4.9,13.925714285714287,24.017500000000005,10.091785714285715,True,0.0,hospital_corridor,28,12,"[11, 29, 47, 53, 61, 73, 89, 97, 101, 109]","[3.39082916500055, 4.994022995018925, 0.9747392768902838, 0.5, 1.0]","{""time"": 0.0, ""collisions"": 0.05, ""congestion"": 1.0, ""fairness"": 1.0, ""incomplete_base"": 1000.0, ""incomplete_agent"": 10.0}","[17.586464191976006, 13.608559113300494, 10.997751322751325, 10.27857142857143, 7.373578595317726, 12.058123249299722, 15.254935452441844, 13.107867494824017, 13.841102445941157, 12.573710010319918]","[50.800000000000004, 46.400000000000006, 29.700000000000003, 31.5, 29.900000000000002, 34.0, 39.1, 36.800000000000004, 40.300000000000004, 32.300000000000004]"
ga,0,16,1044.0013398642602,51.6,511.2,1.2068835335539154,4.8,10.826907305657306,20.061363636363637,9.234456330706331,False,0.8,hospital_corridor,28,12,"[11, 29, 47, 53, 61, 73, 89, 97, 101, 109]","[4.377755551217259, 1.4020085450538358, 2.4168522802502164, 0.5, 1.0]","{""time"": 0.0, ""collisions"": 0.05, ""congestion"": 1.0, ""fairness"": 1.0, ""incomplete_base"": 1000.0, ""incomplete_agent"": 10.0}","[54.33831168831169, 1068.9838333333332, 1051.2241548821548, 37.305893068971365, 23.048771121351766, 1051.741717948718, 41.07255583649389, 43.534600262123206, 38.33388648388649, 30.429674017257913]","[30.8, 100.0, 100.0, 28.1, 31.0, 100.0, 33.9, 32.7, 29.700000000000003, 29.8]"
ga,0,17,1049.2304439353277,87.64,232.8,0.6352443016281063,4.5,12.37184582084582,22.327045454545456,9.955199633699634,False,2.7,hospital_corridor,28,12,"[11, 29, 47, 53, 61, 73, 89, 97, 101, 109]","[4.169871407973243, 2.5564239022841644, 1.4175311074031338, 0.5, 1.0]","{""time"": 0.0, ""collisions"": 0.05, ""congestion"": 1.0, ""fairness"": 1.0, ""incomplete_base"": 1000.0, ""incomplete_agent"": 10.0}","[1063.4733076923078, 1101.935, 1043.9036083916085, 1057.527, 1072.2215454545455, 1031.6436666666666, 28.326823968662016, 24.641190476190474, 1027.470142857143, 1041.1621538461538]","[100.0, 100.0, 100.0, 100.0, 100.0, 100.0, 38.900000000000006, 37.5, 100.0, 100.0]"
ga,0,18,1113.6940918156722,100.0,11.2,0.3568,3.4,13.259934374803942,23.037226190476197,9.777291815672251,False,10.3,hospital_corridor,28,12,"[11, 29, 47, 53, 61, 73, 89, 97, 101, 109]","[4.322209139555422, 4.059037749052704, 2.3403245163148103, 0.5, 1.0]","{""time"": 0.0, ""collisions"": 0.05, ""congestion"": 1.0, ""fairness"": 1.0, ""incomplete_base"": 1000.0, ""incomplete_agent"": 10.0}","[1107.741, 1132.1148888888888, 1119.9474761904762, 1105.737, 1106.864590909091, 1103.0760606060605, 1094.5445454545454, 1134.8060952380952, 1080.7282608695652, 1151.381]","[100.0, 100.0, 100.0, 100.0, 100.0, 100.0, 100.0, 100.0, 100.0, 100.0]"
ga,0,19,1202.7278074951194,100.0,4.4,0.2986,2.6,17.113052966641202,33.322260461760465,16.209207495119262,False,18.6,hospital_corridor,28,12,"[11, 29, 47, 53, 61, 73, 89, 97, 101, 109]","[1.8012459185243326, 3.909628137266099, 2.975381686600037, 0.5, 1.0]","{""time"": 0.0, ""collisions"": 0.05, ""congestion"": 1.0, ""fairness"": 1.0, ""incomplete_base"": 1000.0, ""incomplete_agent"": 10.0}","[1239.1820389610389, 1156.3869696969698, 1234.1035, 1163.7633333333333, 1196.6, 1171.7204444444444, 1195.035357142857, 1205.3067647058824, 1212.5746666666666, 1252.605]","[100.0, 100.0, 100.0, 100.0, 100.0, 100.0, 100.0, 100.0, 100.0, 100.0]"
ga,0,20,1372.9565126984128,100.0,20.2,0.1981,1.7,45.300000000000004,61.19571428571428,24.748412698412697,False,34.7,hospital_corridor,28,12,"[11, 29, 47, 53, 61, 73, 89, 97, 101, 109]","[0.22390335958721305, 1.6001996343221263, 0.9846346151112552, 0.5, 1.0]","{""time"": 0.0, ""collisions"": 0.05, ""congestion"": 1.0, ""fairness"": 1.0, ""incomplete_base"": 1000.0, ""incomplete_agent"": 10.0}","[1388.23, 1441.879, 1349.214, 1334.5941428571427, 1390.5713333333333, 1450.889, 1404.749, 1368.246, 1441.175, 1461.024]","[100.0, 100.0, 100.0, 100.0, 100.0, 100.0, 100.0, 100.0, 100.0, 100.0]"
ga,0,21,1045.0061543506474,80.58,177.0,0.7382805078235932,4.4,12.282656460206463,22.700530303030305,10.417873842823843,False,2.5,hospital_corridor,28,12,"[11, 29, 47, 53, 61, 73, 89, 97, 101, 109]","[3.990713466136409, 2.209605358640524, 2.0527323668388164, 0.5, 1.0]","{""time"": 0.0, ""collisions"": 0.05, ""congestion"": 1.0, ""fairness"": 1.0, ""incomplete_base"": 1000.0, ""incomplete_agent"": 10.0}","[30.27354888701043, 1076.1109696969697, 1045.7417132867133, 1051.6388333333334, 1073.667181818182, 1050.0576666666666, 25.580720092915215, 1040.5446666666667, 16.008678955453153, 1040.437564102564]","[33.800000000000004, 100.0, 100.0, 100.0, 100.0, 100.0, 41.0, 100.0, 31.0, 100.0]"
ga,0,22,1143.1377284070247,100.0,133.6,0.35109999999999997,3.6,14.254028158631874,25.360656565656562,11.106628407024694,False,12.5,hospital_corridor,28,12,"[11, 29, 47, 53, 61, 73, 89, 97, 101, 109]","[1.9905175532739083, 1.6850720009065236, 1.414030791572113, 0.5, 1.0]","{""time"": 0.0, ""collisions"": 0.05, ""congestion"": 1.0, ""fairness"": 1.0, ""incomplete_base"": 1000.0, ""incomplete_agent"": 10.0}","[1143.174754385965, 1194.8778571428572, 1150.5193333333334, 1181.749857142857, 1137.3701604278076, 1138.795596491228, 1137.5004444444444, 1094.6635, 1095.8388333333332, 1156.886947368421]","[100.0, 100.0, 100.0, 100.0, 100.0, 100.0, 100.0, 100.0, 100.0, 100.0]"
ga,0,23,120.00164941850566,28.78,2200.1,1.9077208470770946,5.8,10.81357142857143,18.902499999999996,8.088928571428571,True,0.0,hospital_corridor,28,12,"[11, 29, 47, 53, 61, 73, 89, 97, 101, 109]","[4.028124720075131, 0.15085263573181634, 2.5616126324870803, 0.5, 1.0]","{""time"": 0.0, ""collisions"": 0.05, ""congestion"": 1.0, ""fairness"": 1.0, ""incomplete_base"": 1000.0, ""incomplete_agent"": 10.0}","[135.55055331991952, 118.80545876887341, 92.46109723609725, 114.353995621237, 113.80377697841728, 85.36781385281387, 128.87579365079367, 193.75491900572547, 94.08108941418294, 122.96199633699634]","[28.400000000000002, 28.700000000000003, 28.6, 26.1, 27.8, 27.5, 31.5, 34.1, 27.8, 27.3]"
ga,1,0,12.668066330474364,37.080000000000005,16.7,1.7412806161886483,4.9,13.925714285714287,24.017500000000005,10.091785714285715,True,0.0,hospital_corridor,28,12,"[11, 29, 47, 53, 61, 73, 89, 97, 101, 109]","[3.39082916500055, 4.994022995018925, 0.9747392768902838, 0.5, 1.0]","{""time"": 0.0, ""collisions"": 0.05, ""congestion"": 1.0, ""fairness"": 1.0, ""incomplete_base"": 1000.0, ""incomplete_agent"": 10.0}","[17.586464191976006, 13.608559113300494, 10.997751322751325, 10.27857142857143, 7.373578595317726, 12.058123249299722, 15.254935452441844, 13.107867494824017, 13.841102445941157, 12.573710010319918]","[50.800000000000004, 46.400000000000006, 29.700000000000003, 31.5, 29.900000000000002, 34.0, 39.1, 36.800000000000004, 40.300000000000004, 32.300000000000004]"
ga,1,1,66.89189017318711,28.43,1123.9,1.9649854112823353,5.8,10.506428571428573,19.238333333333337,8.731904761904762,True,0.0,hospital_corridor,28,12,"[11, 29, 47, 53, 61, 73, 89, 97, 101, 109]","[4.755585248450862, 4.651443089686973, 0.7186956964798095, 0.5, 1.0]","{""time"": 0.0, ""collisions"": 0.05, ""congestion"": 1.0, ""fairness"": 1.0, ""incomplete_base"": 1000.0, ""incomplete_agent"": 10.0}","[111.09696969696971, 70.41127583108715, 42.13314185814186, 97.33256963162623, 66.32948051948053, 45.91640211640212, 64.69677351505973, 72.10541871921183, 51.41382445967317, 47.48304538421867]","[30.8, 31.8, 28.6, 26.5, 27.5, 27.0, 28.3, 29.0, 27.1, 27.700000000000003]"
ga,1,2,1062.8539591183612,37.15,961.2,1.5711019755040747,5.0,11.254642857142859,20.4775,9.22285714285714,False,0.4,hospital_corridor,28,12,"[11, 29, 47, 53, 61, 73, 89, 97, 101, 109]","[3.6343870427919014, 1.0864975882368642, 1.2630812251434467, 0.5, 1.0]","{""time"": 0.0, ""collisions"": 0.05, ""congestion"": 1.0, ""fairness"": 1.0, ""incomplete_base"": 1000.0, ""incomplete_agent"": 10.0}","[132.6496031746032, 1077.369, 44.758829365079364, 65.3452380952381, 40.404761904761905, 48.00364741641338, 49.94803499713139, 71.30342735820443, 57.2499060150376, 41.50714285714286]","[31.5, 100.0, 28.8, 28.0, 30.3, 28.200000000000003, 33.2, 31.400000000000002, 30.400000000000002, 29.700000000000003]"
ga,1,3,105.17946651336753,31.330000000000002,1881.2,1.7172046086056287,4.9,11.518571428571429,20.920833333333338,9.402261904761906,True,0.0,hospital_corridor,28,12,"[11, 29, 47, 53, 61, 73, 89, 97, 101, 109]","[3.3086986885529877, 0.36875539180265127, 2.760954775860377, 0.5, 1.0]","{""time"": 0.0, ""collisions"": 0.05, ""congestion"": 1.0, ""fairness"": 1.0, ""incomplete_base"": 1000.0, ""incomplete_agent"": 10.0}","[130.92313186813186, 89.51093369088251, 84.5562292358804, 87.0494338994339, 95.90690072639225, 84.7612519201229, 139.85964912280704, 122.88998664886516, 135.40883256528417, 80.9283154558752]","[32.5, 29.3, 30.1, 28.6, 29.5, 31.0, 39.900000000000006, 32.1, 31.0, 29.3]"
ga,1,4,158.46646149099058,31.02,2952.2,1.9714614909906043,6.2,11.780000000000001,20.665000000000003,8.885000000000002,True,0.0,hospital_corridor,28,12,"[11, 29, 47, 53, 61, 73, 89, 97, 101, 109]","[3.180189433128321, 2.4810213904957514, 0.6366629488651867, 0.5, 1.0]","{""time"": 0.0, ""collisions"": 0.05, ""congestion"": 1.0, ""fairness"": 1.0, ""incomplete_base"": 1000.0, ""incomplete_agent"": 10.0}","[192.3529369831765, 214.97371491643014, 119.48232695139912, 147.21151295961423, 147.45488677988678, 113.27488396080454, 154.619018404908, 188.56713364903976, 153.80557752512772, 152.92262277951932]","[33.4, 30.200000000000003, 29.1, 31.6, 28.6, 27.700000000000003, 32.6, 36.2, 28.900000000000002, 31.900000000000002]"
ga,1,5,1160.7175218386876,100.0,4.5,0.3249,3.1,13.553830542264754,24.72145238095238,11.167621838687626,False,14.9,hospital_corridor,28,12,"[11, 29, 47, 53, 61, 73, 89, 97, 101, 109]","[3.7921623468512076, 4.745336636373406, 2.084785486969177, 0.5, 1.0]","{""time"": 0.0, ""collisions"": 0.05, ""congestion"": 1.0, ""fairness"": 1.0, ""incomplete_base"": 1000.0, ""incomplete_agent"": 10.0}","[1171.9093157894738, 1179.7212142857143, 1183.3331428571428, 1159.6906666666666, 1130.243, 1102.2645454545454, 1157.68, 1167.982, 1121.709, 1232.6423333333332]","[100.0, 100.0, 100.0, 100.0, 100.0, 100.0, 100.0, 100.0, 100.0, 100.0]"
ga,1,6,1173.0771666666667,100.0,5.4,0.31399999999999995,3.1,14.05557142857143,25.548738095238097,11.493166666666669,False,16.1,hospital_corridor,28,12,"[11, 29, 47, 53, 61, 73, 89, 97, 101, 109]","[2.8540110074586034, 3.748109913868792, 1.830821885700653, 0.5, 1.0]","{""time"": 0.0, ""collisions"": 0.05, ""congestion"": 1.0, ""fairness"": 1.0, ""incomplete_base"": 1000.0, ""incomplete_agent"": 10.0}","[1181.3865, 1188.950380952381, 1182.3925, 1159.478, 1151.660388888889, 1119.2531666666666, 1153.2086666666667, 1204.7911111111111, 1164.8386666666668, 1224.8122857142857]","[100.0, 100.0, 100.0, 100.0, 100.0, 100.0, 100.0, 100.0, 100.0, 100.0]"
ga,1,7,1059.6925564620565,94.32000000000001,302.4,0.5470185185185186,4.3,13.529643874643876,24.555181818181822,11.025537943537945,False,3.3,hospital_corridor,28,12,"[11, 29, 47, 53, 61, 73, 89, 97, 101, 109]","[2.536818157541947, 1.7459130811501336, 1.1439173911896308, 0.5, 1.0]","{""time"": 0.0, ""collisions"": 0.05, ""congestion"": 1.0, ""fairness"": 1.0, ""incomplete_base"": 1000.0, ""incomplete_agent"": 10.0}","[1076.9636923076923, 1117.095, 1036.2643333333333, 1072.05, 1071.672, 1035.3814074074073, 26.851851851851855, 1060.623, 1037.7038181818182, 1062.3204615384616]","[100.0, 100.0, 100.0, 100.0, 100.0, 100.0, 43.2, 100.0, 100.0, 100.0]"
ga,1,8,19.052457166242505,30.860000000000003,173.8,1.7982904995758358,5.5,11.83,20.394166666666667,8.564166666666667,True,0.0,hospital_corridor,28,12,"[11, 29, 47, 53, 61, 73, 89, 97, 101, 109]","[4.161145155368766, 3.9205479409862862, 0.8483648933744482, 0.5, 1.0]","{""time"": 0.0, ""collisions"": 0.05, ""congestion"": 1.0, ""fairness"": 1.0, ""incomplete_base"": 1000.0, ""incomplete_agent"": 10.0}","[32.20147928994083, 18.5968253968254, 14.09500329543582, 29.52308313155771, 11.85983102918587, 14.523550724637683, 16.577568084089826, 16.726656314699795, 19.700818926296634, 16.71975546975547]","[33.800000000000004, 28.8, 28.900000000000002, 35.4, 31.0, 27.6, 29.900000000000002, 32.2, 31.400000000000002, 29.6]"
ga,1,9,151.93035441861255,30.300000000000004,2828.9,1.9626163233744496,5.9,11.473928571428573,19.996666666666666,8.522738095238095,True,0.0,hospital_corridor,28,12,"[11, 29, 47, 53, 61, 73, 89, 97, 101, 109]","[3.496756548820223, 4.311098239620595, 0.6699377610600021, 0.5, 1.0]","{""time"": 0.0, ""collisions"": 0.05, ""congestion"": 1.0, ""fairness"": 1.0, ""incomplete_base"": 1000.0, ""incomplete_agent"": 10.0}","[165.2941208791209, 165.1437395937396, 128.07293233082706, 125.86092715231788, 140.86785714285716, 116.52636363636364, 183.44199134199135, 219.6919988925803, 125.11826124945391, 149.28535196687372]","[32.5, 28.6, 28.5, 30.200000000000003, 28.0, 27.5, 33.0, 34.4, 32.7, 27.6]"
ga,1,10,1053.0923051811935,52.510000000000005,690.8,1.2164124628007342,4.5,11.678501221001222,21.01439393939394,9.335892718392719,False,0.8,hospital_corridor,28,12,"[11, 29, 47, 53, 61, 73, 89, 97, 101, 109]","[3.5026419860329234, 1.1332588475952188, 1.9790530763848762, 0.5, 1.0]","{""time"": 0.0, ""collisions"": 0.05, ""congestion"": 1.0, ""fairness"": 1.0, ""incomplete_base"": 1000.0, ""incomplete_agent"": 10.0}","[82.35444862155389, 1073.104, 1059.761494949495, 41.41946828201245, 27.590476190476192, 1056.7560512820512, 43.72990449661759, 67.0495122117615, 43.711290322580645, 35.44640545538604]","[32.300000000000004, 100.0, 100.0, 28.3, 31.8, 100.0, 35.9, 34.9, 31.0, 30.900000000000002]"
ga,1,11,1057.2416442718004,88.4,304.9,0.6136723640784145,4.3,13.291876577126576,24.67484848484849,11.38297190772191,False,3.0,hospital_corridor,28,12,"[11, 29, 47, 53, 61, 73, 89, 97, 101, 109]","[2.865631118458244, 1.4874532954824708, 1.8518299954374533, 0.5, 1.0]","{""time"": 0.0, ""collisions"": 0.05, ""congestion"": 1.0, ""fairness"": 1.0, ""incomplete_base"": 1000.0, ""incomplete_agent"": 10.0}","[1074.7268974358974, 1101.308, 1049.4406713286714, 1058.9346666666668, 1057.5336666666667, 1057.3063333333334, 29.421713309469578, 34.43039128369553, 1038.5546026936026, 1070.7595000000001]","[100.0, 100.0, 100.0, 100.0, 100.0, 100.0, 43.900000000000006, 40.1, 100.0, 100.0]"
ga,1,12,1109.671134748102,100.0,27.1,0.3775,3.7,12.81018487671749,22.748819624819625,9.93863474810214,False,9.8,hospital_corridor,28,12,"[11, 29, 47, 53, 61, 73, 89, 97, 101, 109]","[4.665038034388459, 3.9651287707857703, 2.317768003567055, 0.5, 1.0]","{""time"": 0.0, ""collisions"": 0.05, ""congestion"": 1.0, ""fairness"": 1.0, ""incomplete_base"": 1000.0, ""incomplete_agent"": 10.0}","[1094.9451645021645, 1153.547, 1120.0875, 1106.711, 1106.3201363636363, 1086.2264347826087, 1103.4492222222223, 1123.7493896103897, 1069.8448333333333, 1131.8306666666667]","[100.0, 100.0, 100.0, 100.0, 100.0, 100.0, 100.0, 100.0, 100.0, 100.0]"
ga,1,13,1106.4435814819735,100.0,26.8,0.36860000000000004,3.6,12.792228835486764,22.52721031746032,9.734981481973554,False,9.5,hospital_corridor,28,12,"[11, 29, 47, 53, 61, 73, 89, 97, 101, 109]","[4.665023769106096, 4.012448988700936, 1.7978399563821221, 0.5, 1.0]","{""time"": 0.0, ""collisions"": 0.05, ""congestion"": 1.0, ""fairness"": 1.0, ""incomplete_base"": 1000.0, ""incomplete_agent"": 10.0}","[1094.6054545454544, 1152.1607189542483, 1120.2763571428573, 1087.031909090909, 1107.426253968254, 1082.100652173913, 1083.5248333333334, 1114.5845403726707, 1069.242, 1153.4830952380953]","[100.0, 100.0, 100.0, 100.0, 100.0, 100.0, 100.0, 100.0, 100.0, 100.0]"
ga,1,14,1102.1051353237342,100.0,35.2,0.3807,3.6,12.847072252023342,22.811507575757577,9.964435323734236,False,9.0,hospital_corridor,28,12,"[11, 29, 47, 53, 61, 73, 89, 97, 101, 109]","[4.554648492332872, 3.6565315917663095, 2.3582360400834816, 0.5, 1.0]","{""time"": 0.0, ""collisions"": 0.05, ""congestion"": 1.0, ""fairness"": 1.0, ""incomplete_base"": 1000.0, ""incomplete_agent"": 10.0}","[1073.4599696969697, 1153.32525, 1100.0760808080809, 1086.964194805195, 1089.2059565217392, 1086.097, 1124.331888888889, 1104.8188913043477, 1071.0156666666667, 1131.7564545454545]","[100.0, 100.0, 100.0, 100.0, 100.0, 100.0, 100.0, 100.0, 100.0, 100.0]"
ga,1,15,116.5495022678471,27.98,2126.0,1.9315260773709064,5.9,10.270357142857142,18.588333333333335,8.317976190476191,True,0.0,hospital_corridor,28,12,"[11, 29, 47, 53, 61, 73, 89, 97, 101, 109]","[4.469658493230497, 0.1, 1.991569884724072, 0.5, 1.0]","{""time"": 0.0, ""collisions"": 0.05, ""congestion"": 1.0, ""fairness"": 1.0, ""incomplete_base"": 1000.0, ""incomplete_agent"": 10.0}","[150.1863256113256, 121.05331813576494, 90.79938146076937, 95.68613256113258, 120.6984126984127, 95.85087535014006, 122.08113176777562, 158.42521929824562, 95.05386687521724, 115.66035891968728]","[29.6, 28.200000000000003, 28.1, 25.900000000000002, 27.0, 27.200000000000003, 29.200000000000003, 30.400000000000002, 27.400000000000002, 26.8]"
ga,1,16,1038.0741483512884,66.67,304.4,0.9736710304609932,4.5,12.323537830687831,22.204015151515154,9.880477320827321,False,1.2,hospital_corridor,28,12,"[11, 29, 47, 53, 61, 73, 89, 97, 101, 109]","[4.187424525500524, 2.1201689742583483, 1.7344824834364223, 0.5, 1.0]","{""time"": 0.0, ""collisions"": 0.05, ""congestion"": 1.0, ""fairness"": 1.0, ""incomplete_base"": 1000.0, ""incomplete_agent"": 10.0}","[47.13586956521739, 1056.6648333333333, 1052.2883636363636, 17.68610567514677, 22.311815754339122, 1048.5196666666666, 26.875096525096524, 1048.0077407407407, 1036.0433116883116, 25.20867992766727]","[36.800000000000004, 100.0, 100.0, 29.200000000000003, 32.1, 100.0, 37.0, 100.0, 100.0, 31.6]"
ga,1,17,1078.0814569389547,100.0,56.8,0.421,3.9,12.907752657004831,23.7282095959596,10.820456938954766,False,6.4,hospital_corridor,28,12,"[11, 29, 47, 53, 61, 73, 89, 97, 101, 109]","[4.838153116718581, 3.6802363713791633, 2.127766891610007, 0.5, 1.0]","{""time"": 0.0, ""collisions"": 0.05, ""congestion"": 1.0, ""fairness"": 1.0, ""incomplete_base"": 1000.0, ""incomplete_agent"": 10.0}","[1079.993513833992, 1134.0521111111111, 1080.2745, 1056.6715, 1070.8463333333334, 1044.3693333333333, 1065.452, 1083.72, 1070.102111111111, 1095.3331666666666]","[100.0, 100.0, 100.0, 100.0, 100.0, 100.0, 100.0, 100.0, 100.0, 100.0]"
ga,1,18,1187.7569237789987,100.0,4.3,0.3458,2.8,15.29669764957265,28.492821428571425,13.196123778998778,False,17.4,hospital_corridor,28,12,"[11, 29, 47, 53, 61, 73, 89, 97, 101, 109]","[2.597485850658199, 4.017649565665479, 2.1971996567102474, 0.5, 1.0]","{""time"": 0.0, ""collisions"": 0.05, ""congestion"": 1.0, ""fairness"": 1.0, ""incomplete_base"": 1000.0, ""incomplete_agent"": 10.0}","[1153.0805, 1201.334, 1203.0128571428572, 1201.1513846153846, 1208.7295, 1151.2956666666666, 1155.1663888888888, 1168.312, 1178.6346071428572, 1256.8523333333333]","[100.0, 100.0, 100.0, 100.0, 100.0, 100.0, 100.0, 100.0, 100.0, 100.0]"
ga,1,19,1115.5211381586378,100.0,7.2,0.35760000000000003,3.4,13.896310326210786,23.699848484848484,9.803538158637702,False,10.5,hospital_corridor,28,12,"[11, 29, 47, 53, 61, 73, 89, 97, 101, 109]","[4.548492894492493, 4.592188492138999, 2.734713250217144, 0.5, 1.0]","{""time"": 0.0, ""collisions"": 0.05, ""congestion"": 1.0, ""fairness"": 1.0, ""incomplete_base"": 1000.0, ""incomplete_agent"": 10.0}","[1069.3241225296442, 1129.123269005848, 1120.1443333333334, 1126.722456140351, 1106.5154545454545, 1101.8382323232324, 1105.253585858586, 1143.1741904761905, 1099.1340707070708, 1153.9816666666666]","[100.0, 100.0, 100.0, 100.0, 100.0, 100.0, 100.0, 100.0, 100.0, 100.0]"
ga,1,20,1079.2066533963114,100.0,23.4,0.5237999999999999,4.2,12.754952159244265,22.267805555555558,9.512853396311291,False,6.8,hospital_corridor,28,12,"[11, 29, 47, 53, 61, 73, 89, 97, 101, 109]","[4.2144978277204785, 4.889068507086712, 1.1455000576310113, 0.5, 1.0]","{""time"": 0.0, ""collisions"": 0.05, ""congestion"": 1.0, ""fairness"": 1.0, ""incomplete_base"": 1000.0, ""incomplete_agent"": 10.0}","[1054.8095, 1111.7771004784688, 1049.8960909090908, 1086.5795454545455, 1135.6959210526315, 1072.452, 1056.192923076923, 1108.761, 1050.6995384615384, 1065.2029145299146]","[100.0, 100.0, 100.0, 100.0, 100.0, 100.0, 100.0, 100.0, 100.0, 100.0]"
ga,1,21,1096.1375805702255,100.0,75.5,0.40149999999999997,4.2,12.857217409572524,22.818297979797983,9.961080570225457,False,8.2,hospital_corridor,28,12,"[11, 29, 47, 53, 61, 73, 89, 97, 101, 109]","[4.227128362789353, 3.2712504036112104, 1.6259280056876146, 0.5, 1.0]","{""time"": 0.0, ""collisions"": 0.05, ""congestion"": 1.0, ""fairness"": 1.0, ""incomplete_base"": 1000.0, ""incomplete_agent"": 10.0}","[1078.8843333333334, 1153.1109477124182, 1084.7108333333333, 1070.4058774703558, 1107.1884603174603, 1063.2925757575758, 1087.1908888888888, 1084.511, 1072.5992222222221, 1159.4816666666666]","[100.0, 100.0, 100.0, 100.0, 100.0, 100.0, 100.0, 100.0, 100.0, 100.0]"
ga,1,22,1093.7338563457713,100.0,74.2,0.4035,4.2,12.17132042190546,21.79167676767677,9.620356345771308,False,8.0,hospital_corridor,28,12,"[11, 29, 47, 53, 61, 73, 89, 97, 101, 109]","[4.602628472057724, 3.6857893823072523, 1.432689298295477, 0.5, 1.0]","{""time"": 0.0, ""collisions"": 0.05, ""congestion"": 1.0, ""fairness"": 1.0, ""incomplete_base"": 1000.0, ""incomplete_agent"": 10.0}","[1064.941, 1151.7506470588235, 1081.5850555555555, 1070.034837944664, 1086.9064545454546, 1044.8615034965035, 1059.8157692307693, 1073.750923076923, 1108.2976666666666, 1195.394705882353]","[100.0, 100.0, 100.0, 100.0, 100.0, 100.0, 100.0, 100.0, 100.0, 100.0]"
ga,1,23,1100.1795156256915,100.0,47.4,0.3887,3.5,12.712815687439942,22.133631313131314,9.420815625691372,False,8.8,hospital_corridor,28,12,"[11, 29, 47, 53, 61, 73, 89, 97, 101, 109]","[4.402616014876372, 3.5968390657393208, 1.6227369596589187, 0.5, 1.0]","{""time"": 0.0, ""collisions"": 0.05, ""congestion"": 1.0, ""fairness"": 1.0, ""incomplete_base"": 1000.0, ""incomplete_agent"": 10.0}","[1094.3944545454544, 1130.6085438596492, 1122.1890714285714, 1072.0882648221343, 1107.050365079365, 1082.149956521739, 1085.1774444444445, 1084.0505, 1069.145888888889, 1154.9406666666666]","[100.0, 100.0, 100.0, 100.0, 100.0, 100.0, 100.0, 100.0, 100.0, 100.0]"
ga,2,0,12.668066330474364,37.080000000000005,16.7,1.7412806161886483,4.9,13.925714285714287,24.017500000000005,10.091785714285715,True,0.0,hospital_corridor,28,12,"[11, 29, 47, 53, 61, 73, 89, 97, 101, 109]","[3.39082916500055, 4.994022995018925, 0.9747392768902838, 0.5, 1.0]","{""time"": 0.0, ""collisions"": 0.05, ""congestion"": 1.0, ""fairness"": 1.0, ""incomplete_base"": 1000.0, ""incomplete_agent"": 10.0}","[17.586464191976006, 13.608559113300494, 10.997751322751325, 10.27857142857143, 7.373578595317726, 12.058123249299722, 15.254935452441844, 13.107867494824017, 13.841102445941157, 12.573710010319918]","[50.800000000000004, 46.400000000000006, 29.700000000000003, 31.5, 29.900000000000002, 34.0, 39.1, 36.800000000000004, 40.300000000000004, 32.300000000000004]"
ga,2,1,19.052457166242505,30.860000000000003,173.8,1.7982904995758358,5.5,11.83,20.394166666666667,8.564166666666667,True,0.0,hospital_corridor,28,12,"[11, 29, 47, 53, 61, 73, 89, 97, 101, 109]","[4.161145155368766, 3.9205479409862862, 0.8483648933744482, 0.5, 1.0]","{""time"": 0.0, ""collisions"": 0.05, ""congestion"": 1.0, ""fairness"": 1.0, ""incomplete_base"": 1000.0, ""incomplete_agent"": 10.0}","[32.20147928994083, 18.5968253968254, 14.09500329543582, 29.52308313155771, 11.85983102918587, 14.523550724637683, 16.577568084089826, 16.726656314699795, 19.700818926296634, 16.71975546975547]","[33.800000000000004, 28.8, 28.900000000000002, 35.4, 31.0, 27.6, 29.900000000000002, 32.2, 31.400000000000002, 29.6]"
ga,2,2,1067.957472120996,36.04,1075.5,1.5748530733770727,5.4,10.33404761904762,18.94166666666667,8.607619047619048,False,0.4,hospital_corridor,28,12,"[11, 29, 47, 53, 61, 73, 89, 97, 101, 109]","[4.423602121655619, 0.8604024782247598, 1.3738148162460697, 0.5, 1.0]","{""time"": 0.0, ""collisions"": 0.05, ""congestion"": 1.0, ""fairness"": 1.0, ""incomplete_base"": 1000.0, ""incomplete_agent"": 10.0}","[92.64101435094587, 1089.2206666666666, 48.29867452135494, 76.45443441317049, 48.369995964487494, 53.67322510822511, 64.3312271062271, 95.38538425271099, 61.30179409792087, 49.89830472825172]","[29.200000000000003, 100.0, 29.1, 26.900000000000002, 29.5, 27.5, 31.200000000000003, 30.3, 28.400000000000002, 28.3]"
ga,2,3,1116.975119767964,100.0,18.4,0.38739999999999997,3.7,13.927046105051826,24.594765873015874,10.667719767964048,False,10.5,hospital_corridor,28,12,"[11, 29, 47, 53, 61, 73, 89, 97, 101, 109]","[4.260554199295357, 4.128666028861953, 1.8997204383221742, 0.5, 1.0]","{""time"": 0.0, ""collisions"": 0.05, ""congestion"": 1.0, ""fairness"": 1.0, ""incomplete_base"": 1000.0, ""incomplete_agent"": 10.0}","[1138.6058421052633, 1131.2317777777778, 1120.255119047619, 1106.456, 1108.2342380952382, 1104.7018686868687, 1094.8890821256039, 1130.5540476190477, 1070.9478888888889, 1163.8753333333334]","[100.0, 100.0, 100.0, 100.0, 100.0, 100.0, 100.0, 100.0, 100.0, 100.0]"
ga,2,4,21.515750900945662,32.129999999999995,211.4,1.7697985199932815,5.7,12.200714285714286,21.376666666666665,9.175952380952381,True,0.0,hospital_corridor,28,12,"[11, 29, 47, 53, 61, 73, 89, 97, 101, 109]","[3.2950834169007317, 2.6490752049025343, 0.9135454538213672, 0.5, 1.0]","{""time"": 0.0, ""collisions"": 0.05, ""congestion"": 1.0, ""fairness"": 1.0, ""incomplete_base"": 1000.0, ""incomplete_agent"": 10.0}","[39.221957671957675, 12.023684210526316, 19.200850340136057, 25.854250634423053, 16.864285714285714, 16.624208746942884, 26.085576544667454, 19.228287135749824, 24.432362155388468, 15.622045855379188]","[32.4, 30.400000000000002, 29.400000000000002, 31.900000000000002, 31.5, 33.1, 36.300000000000004, 33.5, 30.400000000000002, 32.4]"
ga,2,5,1044.4782500607012,73.94,261.6,0.8673106760117019,4.9,11.661787888037889,21.192727272727275,9.530939384689386,False,2.1,hospital_corridor,28,12,"[11, 29, 47, 53, 61, 73, 89, 97, 101, 109]","[3.999013993320617, 2.357970324320616, 1.1979006646965278, 0.5, 1.0]","{""time"": 0.0, ""collisions"": 0.05, ""congestion"": 1.0, ""fairness"": 1.0, ""incomplete_base"": 1000.0, ""incomplete_agent"": 10.0}","[58.59993783414149, 1075.716606060606, 1041.4906713286714, 1054.2258333333334, 1053.8686666666667, 18.784447004608296, 25.514411536972517, 25.477596098680436, 1047.4136127946128, 1043.690717948718]","[38.300000000000004, 100.0, 100.0, 100.0, 100.0, 31.0, 36.9, 33.2, 100.0, 100.0]"
ga,2,6,1034.9952378574067,66.47999999999999,250.0,0.9638852877540389,4.4,12.176071672771673,21.707424242424246,9.53135256965257,False,1.2,hospital_corridor,28,12,"[11, 29, 47, 53, 61, 73, 89, 97, 101, 109]","[4.478543196339715, 2.3026033702993063, 1.827531073572914, 0.5, 1.0]","{""time"": 0.0, ""collisions"": 0.05, ""congestion"": 1.0, ""fairness"": 1.0, ""incomplete_base"": 1000.0, ""incomplete_agent"": 10.0}","[39.94238765928907, 1055.9603333333334, 1048.9973496503496, 16.91366133866134, 18.46577380952381, 1053.522, 25.678827689113795, 1038.8914444444445, 1026.4814935064935, 25.099107142857143]","[35.5, 100.0, 100.0, 28.6, 32.0, 100.0, 36.7, 100.0, 100.0, 32.0]"
ga,2,7,57.166149084211895,28.270000000000003,933.5,1.8326967032595065,5.3,10.500714285714286,19.15916666666667,8.658452380952383,True,0.0,hospital_corridor,28,12,"[11, 29, 47, 53, 61, 73, 89, 97, 101, 109]","[4.7467005453416435, 1.6592970923627344, 0.8827345076309674, 0.5, 1.0]","{""time"": 0.0, ""collisions"": 0.05, ""congestion"": 1.0, ""fairness"": 1.0, ""incomplete_base"": 1000.0, ""incomplete_agent"": 10.0}","[129.21114982578396, 43.684490509490516, 30.200734549138804, 67.6542328042328, 51.04596273291926, 36.37460317460318, 55.11150268054242, 69.57556634304207, 55.77128851540617, 33.03195970695971]","[28.700000000000003, 28.6, 28.200000000000003, 27.0, 27.6, 27.0, 30.200000000000003, 30.900000000000002, 27.200000000000003, 27.3]"
ga,2,8,59.17692163596672,30.509999999999998,960.3,1.9265644931095767,5.5,11.469642857142858,20.705000000000002,9.235357142857143,True,0.0,hospital_corridor,28,12,"[11, 29, 47, 53, 61, 73, 89, 97, 101, 109]","[3.493834544460596, 4.7407285093849705, 0.7226131621393285, 0.5, 1.0]","{""time"": 0.0, ""collisions"": 0.05, ""congestion"": 1.0, ""fairness"": 1.0, ""incomplete_base"": 1000.0, ""incomplete_agent"": 10.0}","[104.12497753818509, 74.05550595238095, 37.17290132547865, 87.78813628899836, 43.432596956308295, 39.06135465016332, 56.380233602875116, 55.32380952380953, 50.69801038062284, 43.731690140845075]","[31.8, 32.0, 29.1, 34.800000000000004, 29.1, 27.700000000000003, 31.8, 31.5, 28.900000000000002, 28.400000000000002]"
ga,2,9,13.20414090961887,35.36,21.9,1.7204504334283939,4.9,13.167142857142858,23.555833333333332,10.388690476190476,True,0.0,hospital_corridor,28,12,"[11, 29, 47, 53, 61, 73, 89, 97, 101, 109]","[3.3937511693601774, 5.0, 0.9220638758109575, 0.5, 1.0]","{""time"": 0.0, ""collisions"": 0.05, ""congestion"": 1.0, ""fairness"": 1.0, ""incomplete_base"": 1000.0, ""incomplete_agent"": 10.0}","[17.864472455648926, 12.691934791934793, 11.813116623895066, 13.649293353705119, 9.853571428571428, 12.258546051649502, 15.68690476190476, 12.972912677135199, 12.285439560439562, 12.965217391304348]","[45.900000000000006, 33.300000000000004, 33.4, 37.4, 32.0, 31.900000000000002, 39.0, 37.300000000000004, 31.200000000000003, 32.2]"
ga,2,10,1120.6596047043663,100.0,35.5,0.38919999999999993,3.6,13.467999336037725,22.963404040404043,9.495404704366319,False,10.9,hospital_corridor,28,12,"[11, 29, 47, 53, 61, 73, 89, 97, 101, 109]","[3.540852071096722, 3.623888493585525, 1.3536324753666362, 0.5, 1.0]","{""time"": 0.0, ""collisions"": 0.05, ""congestion"": 1.0, ""fairness"": 1.0, ""incomplete_base"": 1000.0, ""incomplete_agent"": 10.0}","[1109.2829545454545, 1151.572484848485, 1104.367, 1127.9565614035087, 1121.3983157894736, 1132.961606060606, 1083.3158695652173, 1102.7432826086956, 1070.3412222222223, 1202.65675]","[100.0, 100.0, 100.0, 100.0, 100.0, 100.0, 100.0, 100.0, 100.0, 100.0]"
ga,2,11,1036.6871044254995,74.12,144.8,0.9248511694961274,5.2,11.694943713693716,21.21719696969697,9.522253256003257,False,1.9,hospital_corridor,28,12,"[11, 29, 47, 53, 61, 73, 89, 97, 101, 109]","[3.4843641366957296, 2.4566320896702645, 1.073139956055636, 0.5, 1.0]","{""time"": 0.0, ""collisions"": 0.05, ""congestion"": 1.0, ""fairness"": 1.0, ""incomplete_base"": 1000.0, ""incomplete_agent"": 10.0}","[36.82857142857143, 1072.6183636363637, 1030.6788215488216, 1050.5856666666666, 1048.9055, 1026.0794444444446, 27.858982683982685, 18.102635098983413, 19.93175105485232, 1035.2813076923078]","[30.0, 100.0, 100.0, 100.0, 100.0, 100.0, 44.0, 35.6, 31.6, 100.0]"
ga,2,12,34.16247756071903,30.369999999999997,457.6,1.926287084528553,5.6,11.212142857142858,20.568333333333335,9.356190476190477,True,0.0,hospital_corridor,28,12,"[11, 29, 47, 53, 61, 73, 89, 97, 101, 109]","[4.401575415771059, 4.098924212487235, 0.7878883635080447, 0.5, 1.0]","{""time"": 0.0, ""collisions"": 0.05, ""congestion"": 1.0, ""fairness"": 1.0, ""incomplete_base"": 1000.0, ""incomplete_agent"": 10.0}","[66.1015750915751, 25.660714285714285, 27.180081300813008, 51.96495108617466, 23.231160506160506, 27.905319148936172, 40.31536630036631, 29.430568871844038, 24.439460784313727, 25.395578231292514]","[32.5, 29.0, 28.700000000000003, 33.1, 28.6, 32.9, 32.5, 29.8, 27.200000000000003, 29.400000000000002]"
ga,2,13,1021.7083790383605,57.01000000000001,20.2,1.3489984522798513,4.3,13.983119413919415,24.332500000000003,10.349380586080587,False,0.9,hospital_corridor,28,12,"[11, 29, 47, 53, 61, 73, 89, 97, 101, 109]","[3.7202830338661936, 4.9599598158918585, 1.0112962802450975, 0.5, 1.0]","{""time"": 0.0, ""collisions"": 0.05, ""congestion"": 1.0, ""fairness"": 1.0, ""incomplete_base"": 1000.0, ""incomplete_agent"": 10.0}","[9.56438923395445, 1055.7743333333333, 12.884376672017122, 1028.4266153846154, 1036.8016666666667, 15.656453634085214, 15.116204869857262, 13.364298905157634, 14.454819277108435, 15.040632406808879]","[41.400000000000006, 100.0, 35.6, 100.0, 100.0, 39.900000000000006, 39.7, 36.1, 33.2, 44.2]"
ga,2,14,1036.1443228468215,67.19000000000001,49.5,1.1743323373311054,4.7,13.085888278388278,22.58087878787879,9.49499050949051,False,2.3,hospital_corridor,28,12,"[11, 29, 47, 53, 61, 73, 89, 97, 101, 109]","[4.161895936031829, 4.46561607071914, 1.0411567015819803, 0.5, 1.0]","{""time"": 0.0, ""collisions"": 0.05, ""congestion"": 1.0, ""fairness"": 1.0, ""incomplete_base"": 1000.0, ""incomplete_agent"": 10.0}","[1045.8508095238096, 1050.326, 11.474037055095074, 1051.9306666666666, 1087.307645021645, 15.370705521472393, 1053.8823076923077, 16.319712070874857, 14.210238095238097, 14.77110682110682]","[100.0, 100.0, 29.3, 100.0, 100.0, 32.6, 100.0, 43.0, 30.0, 37.0]"
ga,2,15,16.609125749043535,32.54,111.6,1.8975781299959167,5.7,12.426785714285716,21.558333333333334,9.13154761904762,True,0.0,hospital_corridor,28,12,"[11, 29, 47, 53, 61, 73, 89, 97, 101, 109]","[4.213747047057415, 4.344000377353858, 0.8904032257733138, 0.5, 1.0]","{""time"": 0.0, ""collisions"": 0.05, ""congestion"": 1.0, ""fairness"": 1.0, ""incomplete_base"": 1000.0, ""incomplete_agent"": 10.0}","[19.791356681176627, 31.929374307862684, 12.505459770114943, 11.565821812596006, 11.686452045606977, 13.965975422427036, 18.11765536723164, 18.12120788263086, 15.65, 12.757954200788596]","[36.1, 43.0, 29.0, 27.900000000000002, 28.400000000000002, 27.900000000000002, 35.4, 38.300000000000004, 28.0, 31.400000000000002]"
ga,2,16,23.317076027622846,31.559999999999995,243.7,1.8050522180990338,5.5,12.097142857142856,21.42416666666667,9.32702380952381,True,0.0,hospital_corridor,28,12,"[11, 29, 47, 53, 61, 73, 89, 97, 101, 109]","[3.1658904799010195, 2.604081852494396, 0.8647235526912036, 0.5, 1.0]","{""time"": 0.0, ""collisions"": 0.05, ""congestion"": 1.0, ""fairness"": 1.0, ""incomplete_base"": 1000.0, ""incomplete_agent"": 10.0}","[44.95014214641081, 13.117880485527543, 18.42491467576792, 36.728139980824544, 13.983001107419714, 18.692991223793275, 23.460492332526233, 18.08336493889591, 24.1864168618267, 21.543416523235802]","[33.5, 30.6, 29.3, 29.8, 30.1, 29.3, 35.4, 33.9, 30.5, 33.2]"
ga,2,17,1052.5605342626857,94.26,148.4,0.5315971830985916,4.1,14.020017465867468,24.628954545454548,10.608937079587081,False,3.4,hospital_corridor,28,12,"[11, 29, 47, 53, 61, 73, 89, 97, 101, 109]","[3.59805604043028, 2.4010419149886446, 1.5389270279782643, 0.5, 1.0]","{""time"": 0.0, ""collisions"": 0.05, ""congestion"": 1.0, ""fairness"": 1.0, ""incomplete_base"": 1000.0, ""incomplete_agent"": 10.0}","[1055.0694615384616, 1094.0376666666666, 1045.8653776223775, 1050.5511666666666, 1070.4450909090908, 1051.3086666666666, 21.9179242119383, 1046.6776666666667, 1026.737090909091, 1062.9952307692308]","[100.0, 100.0, 100.0, 100.0, 100.0, 100.0, 42.6, 100.0, 100.0, 100.0]"
ga,2,18,80.62983496905969,29.230000000000008,1401.1,1.9412635404882692,5.7,11.108928571428573,19.7425,8.633571428571427,True,0.0,hospital_corridor,28,12,"[11, 29, 47, 53, 61, 73, 89, 97, 101, 109]","[4.095591631752258, 4.511614838572754, 0.7048287432271436, 0.5, 1.0]","{""time"": 0.0, ""collisions"": 0.05, ""congestion"": 1.0, ""fairness"": 1.0, ""incomplete_base"": 1000.0, ""incomplete_agent"": 10.0}","[181.73165385134223, 96.63176823176823, 46.755429732868755, 80.09701696770662, 71.97464539007092, 52.95199579831933, 65.8192944736423, 92.59268077601412, 59.91794871794872, 57.825915750915755]","[35.300000000000004, 28.6, 28.700000000000003, 26.1, 28.200000000000003, 27.200000000000003, 29.900000000000002, 32.4, 27.3, 28.6]"
ga,2,19,66.1398094399489,29.060000000000002,1111.2,2.0638570589965273,5.8,11.633214285714287,20.149166666666666,8.515952380952381,True,0.0,hospital_corridor,28,12,"[11, 29, 47, 53, 61, 73, 89, 97, 101, 109]","[4.060646934588533, 4.450926490734814, 0.7341107042918423, 0.5, 1.0]","{""time"": 0.0, ""collisions"": 0.05, ""congestion"": 1.0, ""fairness"": 1.0, ""incomplete_base"": 1000.0, ""incomplete_agent"": 10.0}","[138.29231601731604, 76.85675564343384, 59.37319976771197, 99.24224137931034, 39.84642857142857, 40.785749299719896, 54.15367751060821, 54.358257345491396, 52.440659340659344, 46.048809523809524]","[33.0, 28.900000000000002, 28.700000000000003, 29.0, 30.0, 27.200000000000003, 30.3, 28.200000000000003, 27.3, 28.0]"
ga,2,20,25.9358076631134,29.720000000000006,308.5,1.8383076631133992,5.0,11.482500000000002,20.155,8.672500000000001,True,0.0,hospital_corridor,28,12,"[11, 29, 47, 53, 61, 73, 89, 97, 101, 109]","[4.386887923012662, 3.040971599687997, 0.8936887040306427, 0.5, 1.0]","{""time"": 0.0, ""collisions"": 0.05, ""congestion"": 1.0, ""fairness"": 1.0, ""incomplete_base"": 1000.0, ""incomplete_agent"": 10.0}","[37.99460486322188, 32.5958152958153, 16.99294425087108, 28.80787815126051, 14.929885057471266, 16.125446965789926, 34.020153813737885, 25.180505952380955, 30.32082018927445, 22.390022091310755]","[28.200000000000003, 29.700000000000003, 28.700000000000003, 27.200000000000003, 29.0, 27.700000000000003, 33.9, 32.0, 31.700000000000003, 29.1]"
ga,2,21,53.78518935588467,33.39,838.2,2.0081655463608565,5.5,12.53464285714286,22.401666666666664,9.867023809523811,True,0.0,hospital_corridor,28,12,"[11, 29, 47, 53, 61, 73, 89, 97, 101, 109]","[3.5653428327583243, 3.3605977317940408, 0.7768462027247371, 0.5, 1.0]","{""time"": 0.0, ""collisions"": 0.05, ""congestion"": 1.0, ""fairness"": 1.0, ""incomplete_base"": 1000.0, ""incomplete_agent"": 10.0}","[174.29661016949154, 60.86049783549783, 30.50415224913495, 49.94139839034205, 32.70175657675658, 23.167840013703326, 41.865898617511526, 33.00595238095239, 65.70459183673469, 25.803195488721805]","[59.0, 37.4, 28.900000000000002, 28.400000000000002, 28.6, 27.8, 31.0, 30.0, 34.300000000000004, 28.5]"
ga,2,22,116.96288395615855,28.080000000000002,2135.8,1.8940744323489955,6.0,10.292857142857144,18.571666666666665,8.278809523809525,True,0.0,hospital_corridor,28,12,"[11, 29, 47, 53, 61, 73, 89, 97, 101, 109]","[4.4166146711854415, 0.1, 1.499474554424796, 0.5, 1.0]","{""time"": 0.0, ""collisions"": 0.05, ""congestion"": 1.0, ""fairness"": 1.0, ""incomplete_base"": 1000.0, ""incomplete_agent"": 10.0}","[140.82142857142858, 133.5199201178843, 93.2659718691747, 106.82355212355213, 117.78845106308206, 84.07976190476191, 129.434646539028, 163.1408079625293, 90.06629301355579, 110.68800639658849]","[28.0, 30.700000000000003, 28.1, 25.900000000000002, 27.1, 27.200000000000003, 29.1, 30.5, 27.400000000000002, 26.8]"
ga,2,23,1154.4456093027802,100.0,5.2,0.34940000000000004,3.3,14.37326688769607,26.20947619047619,11.836209302780123,False,14.2,hospital_corridor,28,12,"[11, 29, 47, 53, 61, 73, 89, 97, 101, 109]","[3.647669265818408, 4.5908114690911415, 1.9801759179153906, 0.5, 1.0]","{""time"": 0.0, ""collisions"": 0.05, ""congestion"": 1.0, ""fairness"": 1.0, ""incomplete_base"": 1000.0, ""incomplete_agent"": 10.0}","[1164.4553174603175, 1152.85075, 1167.029794117647, 1159.4916666666666, 1161.9764736842105, 1121.135238095238, 1185.4085555555555, 1167.1282280701755, 1110.6402272727273, 1154.3398421052632]","[100.0, 100.0, 100.0, 100.0, 100.0, 100.0, 100.0, 100.0, 100.0, 100.0]"
ga,3,0,12.668066330474364,37.080000000000005,16.7,1.7412806161886483,4.9,13.925714285714287,24.017500000000005,10.091785714285715,True,0.0,hospital_corridor,28,12,"[11, 29, 47, 53, 61, 73, 89, 97, 101, 109]","[3.39082916500055, 4.994022995018925, 0.9747392768902838, 0.5, 1.0]","{""time"": 0.0, ""collisions"": 0.05, ""congestion"": 1.0, ""fairness"": 1.0, ""incomplete_base"": 1000.0, ""incomplete_agent"": 10.0}","[17.586464191976006, 13.608559113300494, 10.997751322751325, 10.27857142857143, 7.373578595317726, 12.058123249299722, 15.254935452441844, 13.107867494824017, 13.841102445941157, 12.573710010319918]","[50.800000000000004, 46.400000000000006, 29.700000000000003, 31.5, 29.900000000000002, 34.0, 39.1, 36.800000000000004, 40.300000000000004, 32.300000000000004]"
ga,3,1,13.20414090961887,35.36,21.9,1.7204504334283939,4.9,13.167142857142858,23.555833333333332,10.388690476190476,True,0.0,hospital_corridor,28,12,"[11, 29, 47, 53, 61, 73, 89, 97, 101, 109]","[3.3937511693601774, 5.0, 0.9220638758109575, 0.5, 1.0]","{""time"": 0.0, ""collisions"": 0.05, ""congestion"": 1.0, ""fairness"": 1.0, ""incomplete_base"": 1000.0, ""incomplete_agent"": 10.0}","[17.864472455648926, 12.691934791934793, 11.813116623895066, 13.649293353705119, 9.853571428571428, 12.258546051649502, 15.68690476190476, 12.972912677135199, 12.285439560439562, 12.965217391304348]","[45.900000000000006, 33.300000000000004, 33.4, 37.4, 32.0, 31.900000000000002, 39.0, 37.300000000000004, 31.200000000000003, 32.2]"
ga,3,2,16.954841756063807,30.940000000000005,125.5,1.8968655655876177,5.5,12.025357142857143,20.808333333333334,8.782976190476191,True,0.0,hospital_corridor,28,12,"[11, 29, 47, 53, 61, 73, 89, 97, 101, 109]","[3.6528459964666187, 3.9205479409862862, 0.8483648933744482, 0.5, 1.0]","{""time"": 0.0, ""collisions"": 0.05, ""congestion"": 1.0, ""fairness"": 1.0, ""incomplete_base"": 1000.0, ""incomplete_agent"": 10.0}","[32.60906881077038, 10.675689223057642, 12.772619047619049, 20.65329457364341, 11.346449167902456, 14.252158001009594, 20.307491970395198, 14.799425033171165, 16.78538961038961, 15.346832122679583]","[38.2, 30.400000000000002, 29.0, 30.1, 28.900000000000002, 28.3, 34.1, 32.300000000000004, 28.6, 29.5]"
ga,3,3,13.20414090961887,35.36,21.9,1.7204504334283939,4.9,13.167142857142858,23.555833333333332,10.388690476190476,True,0.0,hospital_corridor,28,12,"[11, 29, 47, 53, 61, 73, 89, 97, 101, 109]","[3.3937511693601774, 5.0, 0.9220638758109575, 0.5, 1.0]","{""time"": 0.0, ""collisions"": 0.05, ""congestion"": 1.0, ""fairness"": 1.0, ""incomplete_base"": 1000.0, ""incomplete_agent"": 10.0}","[17.864472455648926, 12.691934791934793, 11.813116623895066, 13.649293353705119, 9.853571428571428, 12.258546051649502, 15.68690476190476, 12.972912677135199, 12.285439560439562, 12.965217391304348]","[45.900000000000006, 33.300000000000004, 33.4, 37.4, 32.0, 31.900000000000002, 39.0, 37.300000000000004, 31.200000000000003, 32.2]"
ga,3,4,1021.659148261204,38.379999999999995,83.0,1.8491482612040504,5.6,12.45,21.110000000000003,8.66,False,0.7,hospital_corridor,28,12,"[11, 29, 47, 53, 61, 73, 89, 97, 101, 109]","[3.506455515894968, 4.396848063879153, 0.8661160378191742, 0.5, 1.0]","{""time"": 0.0, ""collisions"": 0.05, ""congestion"": 1.0, ""fairness"": 1.0, ""incomplete_base"": 1000.0, ""incomplete_agent"": 10.0}","[1089.1576666666667, 14.244117418954554, 12.460034013605444, 16.918589743589745, 9.631577885391447, 13.50218253968254, 16.58247508305648, 15.63712989493792, 15.7065734989648, 12.751135867190914]","[100.0, 30.700000000000003, 29.400000000000002, 31.200000000000003, 29.5, 28.8, 34.4, 34.9, 32.2, 32.7]"
ga,3,5,14.544807943930001,33.69,57.5,1.7912365153585719,5.0,12.413928571428574,22.2925,9.87857142857143,True,0.0,hospital_corridor,28,12,"[11, 29, 47, 53, 61, 73, 89, 97, 101, 109]","[4.101042700522625, 4.947152313474705, 0.9001679806971153, 0.5, 1.0]","{""time"": 0.0, ""collisions"": 0.05, ""congestion"": 1.0, ""fairness"": 1.0, ""incomplete_base"": 1000.0, ""incomplete_agent"": 10.0}","[25.434689572031346, 16.733214285714286, 10.75306823760432, 13.694564694564693, 8.940176490176492, 12.689983579638753, 18.723565804274468, 13.55471102971103, 12.811804158283033, 12.11230158730159]","[47.400000000000006, 40.0, 29.1, 29.700000000000003, 28.6, 29.0, 38.1, 35.1, 28.400000000000002, 31.5]"
ga,3,6,13.276122905110132,37.78000000000001,28.5,1.7432657622529866,4.9,14.044642857142858,24.152500000000003,10.107857142857146,True,0.0,hospital_corridor,28,12,"[11, 29, 47, 53, 61, 73, 89, 97, 101, 109]","[3.600690695251129, 4.753676195686348, 0.9638925500189024, 0.5, 1.0]","{""time"": 0.0, ""collisions"": 0.05, ""congestion"": 1.0, ""fairness"": 1.0, ""incomplete_base"": 1000.0, ""incomplete_agent"": 10.0}","[17.239455364455367, 12.711, 11.55087887503995, 11.199404761904763, 9.446118854045682, 12.960631777463462, 15.91797619047619, 12.634439240176945, 16.892857142857146, 12.208466844681798]","[40.7, 37.5, 29.8, 33.6, 36.9, 30.3, 40.0, 54.900000000000006, 42.0, 32.1]"
ga,3,7,1106.1523595871627,100.0,30.3,0.42329999999999995,3.9,13.397563789460815,24.611623376623378,11.214059587162563,False,9.3,hospital_corridor,28,12,"[11, 29, 47, 53, 61, 73, 89, 97, 101, 109]","[4.003885516806837, 4.584347176686435, 1.237977923136254, 0.5, 1.0]","{""time"": 0.0, ""collisions"": 0.05, ""congestion"": 1.0, ""fairness"": 1.0, ""incomplete_base"": 1000.0, ""incomplete_agent"": 10.0}","[1081.8783333333333, 1160.0634242424242, 1109.4040158730159, 1127.3906608187135, 1127.6171812865498, 1090.0415217391305, 1083.959835164835, 1084.699962962963, 1060.5864786324787, 1135.8821818181818]","[100.0, 100.0, 100.0, 100.0, 100.0, 100.0, 100.0, 100.0, 100.0, 100.0]"
ga,3,8,14.464173299928834,35.120000000000005,53.8,1.7302447285002631,5.4,12.50857142857143,22.552500000000002,10.043928571428571,True,0.0,hospital_corridor,28,12,"[11, 29, 47, 53, 61, 73, 89, 97, 101, 109]","[4.004212990632486, 4.6710771650684535, 0.90325697780125, 0.5, 1.0]","{""time"": 0.0, ""collisions"": 0.05, ""congestion"": 1.0, ""fairness"": 1.0, ""incomplete_base"": 1000.0, ""incomplete_agent"": 10.0}","[19.482762957762958, 14.979193160943902, 11.323171330387826, 15.621222347206599, 8.486124794745484, 14.881666666666666, 18.990372670807457, 12.041708560256946, 16.21071428571429, 12.624796224796226]","[40.7, 33.7, 29.1, 38.1, 29.0, 35.0, 41.400000000000006, 34.1, 36.800000000000004, 33.300000000000004]"
ga,3,9,34.08846222714917,31.98,451.8,1.9748907985777422,5.5,12.133928571428573,21.6575,9.523571428571428,True,0.0,hospital_corridor,28,12,"[11, 29, 47, 53, 61, 73, 89, 97, 101, 109]","[3.4822078061203223, 4.834560668523226, 0.7763110423161774, 0.5, 1.0]","{""time"": 0.0, ""collisions"": 0.05, ""congestion"": 1.0, ""fairness"": 1.0, ""incomplete_base"": 1000.0, ""incomplete_agent"": 10.0}","[63.96829805996473, 43.885267857142864, 28.53082922824302, 39.09364014062001, 25.028280232956494, 21.129443871411382, 33.03417761763459, 33.61317626527051, 28.137589584328715, 24.46391941391942]","[40.5, 32.0, 29.0, 29.8, 27.8, 27.700000000000003, 33.7, 38.2, 29.900000000000002, 31.200000000000003]"
ga,3,10,15.556965509563499,35.949999999999996,70.1,1.7857750333730213,5.3,12.602142857142859,22.868333333333332,10.266190476190477,True,0.0,hospital_corridor,28,12,"[11, 29, 47, 53, 61, 73, 89, 97, 101, 109]","[3.957317120466564, 4.375519847737386, 0.9144757565439976, 0.5, 1.0]","{""time"": 0.0, ""collisions"": 0.05, ""congestion"": 1.0, ""fairness"": 1.0, ""incomplete_base"": 1000.0, ""incomplete_agent"": 10.0}","[21.01008535489668, 17.532218203737195, 13.014334806087385, 13.69163824681066, 11.9265306122449, 15.467997198879553, 17.377763902763903, 15.337446823109648, 17.00327892827893, 13.208361018826135]","[37.1, 39.5, 29.1, 37.7, 29.400000000000002, 34.0, 42.900000000000006, 34.7, 40.7, 34.4]"
ga,3,11,13.152942241502718,32.85000000000001,30.4,1.7932993843598606,5.6,12.547857142857143,22.3875,9.839642857142858,True,0.0,hospital_corridor,28,12,"[11, 29, 47, 53, 61, 73, 89, 97, 101, 109]","[3.6501810959510284, 4.968480529616472, 0.8979913450402737, 0.5, 1.0]","{""time"": 0.0, ""collisions"": 0.05, ""congestion"": 1.0, ""fairness"": 1.0, ""incomplete_base"": 1000.0, ""incomplete_agent"": 10.0}","[15.104395604395602, 13.984910459910461, 11.842906234658813, 11.394047619047619, 14.054047619047621, 12.499824355971898, 13.464202172096911, 13.891371778069026, 13.234052494718025, 12.059664077111208]","[39.0, 35.1, 29.1, 28.0, 37.5, 30.5, 34.2, 32.7, 29.3, 33.1]"
ga,3,12,13.514697194788406,38.42,40.7,1.7563638614550716,5.4,14.1875,23.910833333333336,9.723333333333334,True,0.0,hospital_corridor,28,12,"[11, 29, 47, 53, 61, 73, 89, 97, 101, 109]","[3.35393059383192, 4.799216102127237, 0.9217780060193647, 0.5, 1.0]","{""time"": 0.0, ""collisions"": 0.05, ""congestion"": 1.0, ""fairness"": 1.0, ""incomplete_base"": 1000.0, ""incomplete_agent"": 10.0}","[27.871918767507005, 13.680275974025975, 11.795205920205923, 10.376108374384238, 6.559353741496599, 12.186111111111114, 14.192560406952097, 12.270410129369669, 14.346518987341772, 11.868508535489669]","[74.8, 35.2, 29.6, 29.0, 39.2, 31.5, 33.7, 34.6, 39.5, 37.1]"
ga,3,13,16.608496281026497,32.82,101.7,1.7636153286455436,5.4,12.499285714285715,22.259166666666665,9.759880952380952,True,0.0,hospital_corridor,28,12,"[11, 29, 47, 53, 61, 73, 89, 97, 101, 109]","[3.4890839039759403, 3.555541901113653, 0.91383132361296, 0.5, 1.0]","{""time"": 0.0, ""collisions"": 0.05, ""congestion"": 1.0, ""fairness"": 1.0, ""incomplete_base"": 1000.0, ""incomplete_agent"": 10.0}","[24.03146490203711, 13.331079519186314, 15.324319727891158, 18.994743045733145, 9.904499596448748, 13.962024221453287, 18.679761904761907, 17.58161851998417, 20.26179458930102, 14.013656783468107]","[36.7, 30.900000000000002, 29.400000000000002, 30.3, 29.5, 28.900000000000002, 35.7, 36.1, 38.900000000000006, 31.8]"
ga,3,14,16.918208393779565,31.02,104.5,1.9695179175890902,5.5,11.809642857142856,21.533333333333335,9.723690476190477,True,0.0,hospital_corridor,28,12,"[11, 29, 47, 53, 61, 73, 89, 97, 101, 109]","[4.3009000127861094, 4.344000377353858, 0.8904032257733138, 0.5, 1.0]","{""time"": 0.0, ""collisions"": 0.05, ""congestion"": 1.0, ""fairness"": 1.0, ""incomplete_base"": 1000.0, ""incomplete_agent"": 10.0}","[25.35420035938904, 19.28035714285714, 12.613793103448277, 17.50456645344705, 10.227191654046777, 16.113643371017474, 15.811525629360025, 17.454298356510748, 19.99743460764588, 14.82507326007326]","[31.8, 33.6, 29.0, 33.5, 28.3, 27.8, 31.400000000000002, 33.9, 28.400000000000002, 32.5]"
ga,3,15,23.85651099755122,31.95,253.9,1.8382967118369316,5.3,12.209285714285716,21.532500000000002,9.323214285714286,True,0.0,hospital_corridor,28,12,"[11, 29, 47, 53, 61, 73, 89, 97, 101, 109]","[3.2950834169007317, 2.540172440736773, 0.9135454538213672, 0.5, 1.0]","{""time"": 0.0, ""collisions"": 0.05, ""congestion"": 1.0, ""fairness"": 1.0, ""incomplete_base"": 1000.0, ""incomplete_agent"": 10.0}","[49.32989570467957, 13.651221804511279, 24.580318543799773, 30.304577464788736, 9.578148366784731, 18.992857142857144, 27.81214285714286, 23.118329043329048, 23.858208020050128, 17.33941102756892]","[34.7, 30.400000000000002, 29.3, 28.400000000000002, 36.300000000000004, 29.400000000000002, 35.0, 33.300000000000004, 30.400000000000002, 32.300000000000004]"
ga,3,16,18.806687118699628,31.76,152.9,1.90442521393772,5.5,12.031071428571432,21.288333333333334,9.257261904761906,True,0.0,hospital_corridor,28,12,"[11, 29, 47, 53, 61, 73, 89, 97, 101, 109]","[4.170430157591833, 3.9607152696777352, 0.8888562161141271, 0.5, 1.0]","{""time"": 0.0, ""collisions"": 0.05, ""congestion"": 1.0, ""fairness"": 1.0, ""incomplete_base"": 1000.0, ""incomplete_agent"": 10.0}","[41.08428991243853, 21.586904761904762, 13.840229885057473, 20.48690476190476, 12.524242424242425, 13.462119649303766, 17.26285412899337, 16.134761904761906, 17.71785714285714, 13.96670661553212]","[39.7, 36.0, 29.0, 29.400000000000002, 28.6, 27.700000000000003, 31.6, 35.0, 30.8, 29.8]"
ga,3,17,19.338040264676042,32.82000000000001,160.8,1.8145878837236602,5.3,12.038214285714286,21.52166666666667,9.48345238095238,True,0.0,hospital_corridor,28,12,"[11, 29, 47, 53, 61, 73, 89, 97, 101, 109]","[4.204462044834348, 4.303833048662409, 0.8499119030336348, 0.5, 1.0]","{""time"": 0.0, ""collisions"": 0.05, ""congestion"": 1.0, ""fairness"": 1.0, ""incomplete_base"": 1000.0, ""incomplete_agent"": 10.0}","[43.70379818594105, 19.0057210031348, 12.900694444444444, 17.340927750410508, 10.930513784461153, 13.576007994438653, 21.163916256157638, 15.60822510822511, 22.08529411764706, 17.06530400190001]","[44.1, 31.900000000000002, 28.8, 29.0, 28.5, 27.400000000000002, 34.800000000000004, 33.0, 30.6, 40.1]"
ga,3,18,19.06715141429421,33.290000000000006,152.8,1.897865700008491,5.7,12.570714285714285,22.1,9.529285714285715,True,0.0,hospital_corridor,28,12,"[11, 29, 47, 53, 61, 73, 89, 97, 101, 109]","[4.165095583288898, 4.253464360568065, 0.8763777189684955, 0.5, 1.0]","{""time"": 0.0, ""collisions"": 0.05, ""congestion"": 1.0, ""fairness"": 1.0, ""incomplete_base"": 1000.0, ""incomplete_agent"": 10.0}","[29.982453686435413, 36.490873015873014, 11.97367358708189, 18.285663627152992, 10.766700201207245, 13.659575569358179, 20.629697554697557, 17.831302950628103, 17.29274969915764, 13.758824251350026]","[38.300000000000004, 50.400000000000006, 28.900000000000002, 32.9, 28.400000000000002, 27.6, 37.0, 32.6, 27.700000000000003, 29.1]"
ga,3,19,1071.9644601735497,100.0,60.5,0.4664,4.3,12.76401991303044,23.237080086580086,10.473060173549648,False,5.8,hospital_corridor,28,12,"[11, 29, 47, 53, 61, 73, 89, 97, 101, 109]","[4.2097966191372835, 4.011083957772079, 1.16629125655467, 0.5, 1.0]","{""time"": 0.0, ""collisions"": 0.05, ""congestion"": 1.0, ""fairness"": 1.0, ""incomplete_base"": 1000.0, ""incomplete_agent"": 10.0}","[1063.8055, 1110.827, 1061.2925606060605, 1090.9351774891775, 1122.0117894736843, 1054.8551818181818, 1036.4584285714286, 1072.4806560846562, 1051.562153846154, 1055.4161538461537]","[100.0, 100.0, 100.0, 100.0, 100.0, 100.0, 100.0, 100.0, 100.0, 100.0]"
ga,3,20,1030.888888502704,61.29,127.9,1.0829192867348025,4.8,12.465621693121694,21.876590909090915,9.410969215969217,False,1.4,hospital_corridor,28,12,"[11, 29, 47, 53, 61, 73, 89, 97, 101, 109]","[4.16862976462449, 3.6037082388642814, 1.0456232098997156, 0.5, 1.0]","{""time"": 0.0, ""collisions"": 0.05, ""congestion"": 1.0, ""fairness"": 1.0, ""incomplete_base"": 1000.0, ""incomplete_agent"": 10.0}","[32.48727106227106, 1051.9975, 16.029545454545456, 1050.7975, 1051.841, 1028.8381683501684, 21.48676351896691, 25.256870831870835, 15.277857142857144, 14.876408666360437]","[39.0, 100.0, 30.8, 100.0, 100.0, 100.0, 41.300000000000004, 40.7, 30.0, 31.1]"
ga,3,21,101.0346417935408,28.449999999999996,1815.4,1.8809513173503025,6.2,10.412142857142857,18.795833333333338,8.383690476190477,True,0.0,hospital_corridor,28,12,"[11, 29, 47, 53, 61, 73, 89, 97, 101, 109]","[4.35993292639008, 0.416839702122005, 1.0567235845392882, 0.5, 1.0]","{""time"": 0.0, ""collisions"": 0.05, ""congestion"": 1.0, ""fairness"": 1.0, ""incomplete_base"": 1000.0, ""incomplete_agent"": 10.0}","[141.68252145381123, 74.61447368421052, 80.07984183072523, 94.29369090596528, 98.38617216117217, 74.99311193111932, 111.33583219230185, 161.4948717948718, 78.48938129996523, 94.97652068126521]","[28.3, 28.5, 28.3, 27.700000000000003, 27.3, 27.1, 31.3, 31.200000000000003, 27.400000000000002, 27.400000000000002]"
ga,3,22,13.30444709306628,39.160000000000004,16.4,1.7815899502091355,5.2,14.949642857142857,25.652499999999996,10.702857142857145,True,0.0,hospital_corridor,28,12,"[11, 29, 47, 53, 61, 73, 89, 97, 101, 109]","[2.521668850176293, 5.0, 0.9220638758109575, 0.5, 1.0]","{""time"": 0.0, ""collisions"": 0.05, ""congestion"": 1.0, ""fairness"": 1.0, ""incomplete_base"": 1000.0, ""incomplete_agent"": 10.0}","[11.875955479805807, 11.014923907707413, 13.380175224123878, 10.953125, 7.2215184186882295, 15.50892114950718, 15.59527503125355, 17.781878306878312, 12.100000000000001, 17.612698412698418]","[46.1, 38.800000000000004, 40.900000000000006, 32.0, 31.8, 40.1, 41.900000000000006, 43.2, 33.6, 43.2]"
ga,3,23,13.20414090961887,35.36,21.9,1.7204504334283939,4.9,13.167142857142858,23.555833333333332,10.388690476190476,True,0.0,hospital_corridor,28,12,"[11, 29, 47, 53, 61, 73, 89, 97, 101, 109]","[3.3937511693601774, 5.0, 0.9220638758109575, 0.5, 1.0]","{""time"": 0.0, ""collisions"": 0.05, ""congestion"": 1.0, ""fairness"": 1.0, ""incomplete_base"": 1000.0, ""incomplete_agent"": 10.0}","[17.864472455648926, 12.691934791934793, 11.813116623895066, 13.649293353705119, 9.853571428571428, 12.258546051649502, 15.68690476190476, 12.972912677135199, 12.285439560439562, 12.965217391304348]","[45.900000000000006, 33.300000000000004, 33.4, 37.4, 32.0, 31.900000000000002, 39.0, 37.300000000000004, 31.200000000000003, 32.2]"
ga,4,0,12.668066330474364,37.080000000000005,16.7,1.7412806161886483,4.9,13.925714285714287,24.017500000000005,10.091785714285715,True,0.0,hospital_corridor,28,12,"[11, 29, 47, 53, 61, 73, 89, 97, 101, 109]","[3.39082916500055, 4.994022995018925, 0.9747392768902838, 0.5, 1.0]","{""time"": 0.0, ""collisions"": 0.05, ""congestion"": 1.0, ""fairness"": 1.0, ""incomplete_base"": 1000.0, ""incomplete_agent"": 10.0}","[17.586464191976006, 13.608559113300494, 10.997751322751325, 10.27857142857143, 7.373578595317726, 12.058123249299722, 15.254935452441844, 13.107867494824017, 13.841102445941157, 12.573710010319918]","[50.800000000000004, 46.400000000000006, 29.700000000000003, 31.5, 29.900000000000002, 34.0, 39.1, 36.800000000000004, 40.300000000000004, 32.300000000000004]"
ga,4,1,13.152942241502718,32.85000000000001,30.4,1.7932993843598606,5.6,12.547857142857143,22.3875,9.839642857142858,True,0.0,hospital_corridor,28,12,"[11, 29, 47, 53, 61, 73, 89, 97, 101, 109]","[3.6501810959510284, 4.968480529616472, 0.8979913450402737, 0.5, 1.0]","{""time"": 0.0, ""collisions"": 0.05, ""congestion"": 1.0, ""fairness"": 1.0, ""incomplete_base"": 1000.0, ""incomplete_agent"": 10.0}","[15.104395604395602, 13.984910459910461, 11.842906234658813, 11.394047619047619, 14.054047619047621, 12.499824355971898, 13.464202172096911, 13.891371778069026, 13.234052494718025, 12.059664077111208]","[39.0, 35.1, 29.1, 28.0, 37.5, 30.5, 34.2, 32.7, 29.3, 33.1]"
ga,4,2,15.556965509563499,35.949999999999996,70.1,1.7857750333730213,5.3,12.602142857142859,22.868333333333332,10.266190476190477,True,0.0,hospital_corridor,28,12,"[11, 29, 47, 53, 61, 73, 89, 97, 101, 109]","[3.957317120466564, 4.375519847737386, 0.9144757565439976, 0.5, 1.0]","{""time"": 0.0, ""collisions"": 0.05, ""congestion"": 1.0, ""fairness"": 1.0, ""incomplete_base"": 1000.0, ""incomplete_agent"": 10.0}","[21.01008535489668, 17.532218203737195, 13.014334806087385, 13.69163824681066, 11.9265306122449, 15.467997198879553, 17.377763902763903, 15.337446823109648, 17.00327892827893, 13.208361018826135]","[37.1, 39.5, 29.1, 37.7, 29.400000000000002, 34.0, 42.900000000000006, 34.7, 40.7, 34.4]"
ga,4,3,13.315013693145069,35.440000000000005,26.8,1.7565613121926866,5.1,13.135714285714286,23.354166666666668,10.218452380952382,True,0.0,hospital_corridor,28,12,"[11, 29, 47, 53, 61, 73, 89, 97, 101, 109]","[3.6060096687119265, 5.0, 0.9220638758109575, 0.5, 1.0]","{""time"": 0.0, ""collisions"": 0.05, ""congestion"": 1.0, ""fairness"": 1.0, ""incomplete_base"": 1000.0, ""incomplete_agent"": 10.0}","[13.475080906148868, 14.64242034943474, 11.355004035512511, 15.861789288463651, 9.860588972431078, 12.415329419439011, 14.711904761904762, 16.813348107739518, 12.383991228070176, 11.63067986230637]","[41.2, 41.7, 29.5, 43.300000000000004, 30.400000000000002, 29.200000000000003, 33.6, 41.900000000000006, 30.400000000000002, 33.2]"
ga,4,4,15.21144841763898,34.56,67.2,1.7433531795437411,5.3,12.38107142857143,22.489166666666666,10.108095238095238,True,0.0,hospital_corridor,28,12,"[11, 29, 47, 53, 61, 73, 89, 97, 101, 109]","[4.2137266191724585, 4.679239910217636, 0.9062189790869879, 0.5, 1.0]","{""time"": 0.0, ""collisions"": 0.05, ""congestion"": 1.0, ""fairness"": 1.0, ""incomplete_base"": 1000.0, ""incomplete_agent"": 10.0}","[21.865392266567206, 18.438945578231294, 16.954140786749484, 16.03663233318406, 8.139836782769645, 13.051215895610914, 16.89914609822987, 14.143697478991598, 13.286904761904763, 13.298572194150974]","[38.300000000000004, 44.1, 36.800000000000004, 31.900000000000002, 28.3, 28.1, 38.2, 40.800000000000004, 28.0, 31.1]"
ga,4,5,13.775428062351498,34.330000000000005,40.5,1.981737586161022,5.6,13.279642857142857,23.048333333333336,9.768690476190477,True,0.0,hospital_corridor,28,12,"[11, 29, 47, 53, 61, 73, 89, 97, 101, 109]","[3.4809245629738284, 4.6647604671362215, 0.9062481224972834, 0.5, 1.0]","{""time"": 0.0, ""collisions"": 0.05, ""congestion"": 1.0, ""fairness"": 1.0, ""incomplete_base"": 1000.0, ""incomplete_agent"": 10.0}","[19.284363295880155, 16.52803805124821, 12.806829573934838, 9.955096948959225, 8.070796130952381, 12.614789069990412, 18.15876972489876, 12.508618376928236, 13.619281524926688, 14.207697925796088]","[44.5, 43.300000000000004, 30.400000000000002, 33.4, 25.6, 29.8, 34.1, 35.5, 34.1, 32.6]"
ga,4,6,12.765561222286873,34.25,23.3,1.6981802699059187,5.3,12.696785714285715,22.599166666666665,9.902380952380954,True,0.0,hospital_corridor,28,12,"[11, 29, 47, 53, 61, 73, 89, 97, 101, 109]","[3.482504827495402, 4.974461369120638, 0.9076034873079597, 0.5, 1.0]","{""time"": 0.0, ""collisions"": 0.05, ""congestion"": 1.0, ""fairness"": 1.0, ""incomplete_base"": 1000.0, ""incomplete_agent"": 10.0}","[15.585704911886012, 15.38467261904762, 11.776022690955578, 15.376945920600189, 7.8233258928571425, 12.568911007025761, 13.259767316017316, 12.251882613510519, 11.668234323432344, 11.960144927536232]","[38.1, 38.400000000000006, 29.8, 45.7, 25.6, 30.5, 35.2, 34.4, 30.3, 34.5]"
ga,4,7,12.606532685049132,31.580000000000005,37.8,1.8258183993348438,5.4,12.419285714285715,21.310000000000002,8.890714285714287,True,0.0,hospital_corridor,28,12,"[11, 29, 47, 53, 61, 73, 89, 97, 101, 109]","[4.012289042387401, 4.89911002935309, 0.914628369200113, 0.5, 1.0]","{""time"": 0.0, ""collisions"": 0.05, ""congestion"": 1.0, ""fairness"": 1.0, ""incomplete_base"": 1000.0, ""incomplete_agent"": 10.0}","[12.705523212419767, 14.176247807905032, 10.87860824742268, 13.762409200968523, 9.800625504439061, 12.767980295566502, 14.052329192546583, 13.08016795865633, 12.616420361247947, 12.225015069318868]","[31.900000000000002, 35.300000000000004, 29.1, 29.5, 29.5, 29.0, 32.2, 38.7, 29.0, 31.6]"
ga,4,8,14.685218472094698,35.49,54.7,1.7972422816185076,5.0,12.820357142857144,22.973333333333336,10.15297619047619,True,0.0,hospital_corridor,28,12,"[11, 29, 47, 53, 61, 73, 89, 97, 101, 109]","[3.7691414566611794, 4.4605495449500205, 0.9283123811104297, 0.5, 1.0]","{""time"": 0.0, ""collisions"": 0.05, ""congestion"": 1.0, ""fairness"": 1.0, ""incomplete_base"": 1000.0, ""incomplete_agent"": 10.0}","[22.486070201276384, 15.511619441164894, 12.207635467980296, 12.754761904761907, 14.7639057119107, 13.503322672352526, 13.157640369580669, 14.862323037323037, 15.312026239067057, 12.292879675529518]","[38.800000000000004, 36.300000000000004, 29.0, 34.0, 40.1, 33.5, 40.2, 37.0, 34.300000000000004, 31.700000000000003]"
ga,4,9,17.566459251029137,33.1,118.8,1.8171735367434203,5.2,12.333214285714286,22.142500000000002,9.809285714285714,True,0.0,hospital_corridor,28,12,"[11, 29, 47, 53, 61, 73, 89, 97, 101, 109]","[4.441153034083584, 4.302712648668476, 0.9500559254524704, 0.5, 1.0]","{""time"": 0.0, ""collisions"": 0.05, ""congestion"": 1.0, ""fairness"": 1.0, ""incomplete_base"": 1000.0, ""incomplete_agent"": 10.0}","[30.854967159277507, 14.689970645792563, 12.41073883161512, 18.82795414462081, 9.178869047619049, 16.01477196512408, 25.030943246863963, 21.50682302771855, 15.284210526315789, 11.865343915343917]","[34.800000000000004, 29.200000000000003, 29.1, 40.5, 28.8, 28.400000000000002, 39.1, 40.2, 28.5, 32.4]"
ga,4,10,1020.0554721378879,43.27,17.7,1.6660864236021993,5.2,14.030614285714284,24.535000000000004,10.504385714285714,False,0.7,hospital_corridor,28,12,"[11, 29, 47, 53, 61, 73, 89, 97, 101, 109]","[2.5877725109950274, 4.991943348657711, 0.9115462828283589, 0.5, 1.0]","{""time"": 0.0, ""collisions"": 0.05, ""congestion"": 1.0, ""fairness"": 1.0, ""incomplete_base"": 1000.0, ""incomplete_agent"": 10.0}","[14.334733893557424, 11.266812865497075, 12.741400638467677, 1077.54, 8.148231185218568, 16.254421768707484, 14.960725411659991, 17.13261664867459, 14.134010550327915, 14.041768416768418]","[40.800000000000004, 34.2, 35.800000000000004, 100.0, 31.700000000000003, 39.2, 42.800000000000004, 39.7, 33.4, 35.1]"
ga,4,11,148.22384062813416,30.22,2743.2,1.9927691995627246,5.7,11.163928571428572,20.235,9.071071428571429,True,0.0,hospital_corridor,28,12,"[11, 29, 47, 53, 61, 73, 89, 97, 101, 109]","[3.584077435132294, 4.976537180958761, 0.649461453478432, 0.5, 1.0]","{""time"": 0.0, ""collisions"": 0.05, ""congestion"": 1.0, ""fairness"": 1.0, ""incomplete_base"": 1000.0, ""incomplete_agent"": 10.0}","[175.50140186915888, 160.73201754385968, 115.49850771294433, 134.88423713967194, 156.6082344851298, 123.03747827598193, 154.23397832817338, 187.8824945887446, 126.90692239858907, 146.953133939088]","[32.1, 28.5, 28.400000000000002, 29.900000000000002, 27.700000000000003, 27.400000000000002, 32.300000000000004, 35.2, 32.4, 28.3]"
ga,4,12,12.595181040104453,39.39,32.5,1.7566096115330254,5.2,14.391428571428571,23.605,9.213571428571429,True,0.0,hospital_corridor,28,12,"[11, 29, 47, 53, 61, 73, 89, 97, 101, 109]","[3.6346489999251284, 4.793218223271722, 0.935855698722013, 0.5, 1.0]","{""time"": 0.0, ""collisions"": 0.05, ""congestion"": 1.0, ""fairness"": 1.0, ""incomplete_base"": 1000.0, ""incomplete_agent"": 10.0}","[14.890707741870537, 12.862430786267993, 11.800689808633734, 9.897799308998048, 12.802248677248677, 12.44181343770385, 15.320456754130225, 11.769372294372296, 12.321086261980831, 11.845205329838357]","[94.60000000000001, 34.4, 32.1, 31.700000000000003, 35.1, 29.200000000000003, 34.300000000000004, 38.5, 31.3, 32.7]"
ga,4,13,13.70508522455264,36.45,31.1,1.7400852245526395,5.0,13.477500000000003,23.8875,10.41,True,0.0,hospital_corridor,28,12,"[11, 29, 47, 53, 61, 73, 89, 97, 101, 109]","[3.8577985433622857, 5.0, 0.9533593347122684, 0.5, 1.0]","{""time"": 0.0, ""collisions"": 0.05, ""congestion"": 1.0, ""fairness"": 1.0, ""incomplete_base"": 1000.0, ""incomplete_agent"": 10.0}","[20.08644568938687, 11.428581107239644, 16.14848484848485, 11.085531135531134, 9.731130063965885, 15.232457322551664, 15.127359108781125, 13.027417227278724, 13.371669680530442, 11.811776061776063]","[45.900000000000006, 36.9, 46.2, 31.200000000000003, 33.5, 37.1, 32.7, 36.1, 31.6, 33.300000000000004]"
ga,4,14,13.262629407627585,34.00000000000001,26.9,1.8432246457228234,5.3,12.626428571428573,22.700833333333335,10.074404761904763,True,0.0,hospital_corridor,28,12,"[11, 29, 47, 53, 61, 73, 89, 97, 101, 109]","[3.6341334545218795, 4.993380834994397, 0.9034924995763464, 0.5, 1.0]","{""time"": 0.0, ""collisions"": 0.05, ""congestion"": 1.0, ""fairness"": 1.0, ""incomplete_base"": 1000.0, ""incomplete_agent"": 10.0}","[12.667261904761903, 14.946388998812822, 11.979600484261502, 16.321171171171173, 9.060494987468672, 12.291666666666668, 16.194862155388474, 14.173421541318477, 12.628330928330929, 12.363095238095237]","[33.6, 36.1, 29.5, 44.400000000000006, 30.400000000000002, 29.400000000000002, 38.0, 35.9, 29.700000000000003, 33.0]"
ga,4,15,12.803855597857158,37.660000000000004,18.0,1.7236175026190632,5.6,13.791428571428574,23.971666666666668,10.180238095238096,True,0.0,hospital_corridor,28,12,"[11, 29, 47, 53, 61, 73, 89, 97, 101, 109]","[3.406876806429699, 4.969122689641, 0.9692381223542111, 0.5, 1.0]","{""time"": 0.0, ""collisions"": 0.05, ""congestion"": 1.0, ""fairness"": 1.0, ""incomplete_base"": 1000.0, ""incomplete_agent"": 10.0}","[17.87647861692448, 9.586654315905037, 12.468121693121695, 10.029678848283499, 7.204029304029303, 12.960675571041424, 15.02247521116416, 12.62420634920635, 15.53290273556231, 14.733333333333334]","[47.1, 34.7, 43.2, 34.4, 27.3, 36.9, 38.900000000000006, 44.1, 37.6, 32.4]"
ga,4,16,13.688811252189769,34.5,30.4,1.79916839504691,5.2,12.860357142857145,23.23,10.369642857142859,True,0.0,hospital_corridor,28,12,"[11, 29, 47, 53, 61, 73, 89, 97, 101, 109]","[2.916891472073069, 4.046393630716286, 0.912110623947515, 0.5, 1.0]","{""time"": 0.0, ""collisions"": 0.05, ""congestion"": 1.0, ""fairness"": 1.0, ""incomplete_base"": 1000.0, ""incomplete_agent"": 10.0}","[16.990838772057046, 10.398562443845464, 12.143481276005549, 13.506261022927692, 8.759899749373433, 13.821760096443644, 15.022351524879616, 19.579194778527427, 13.04283468104223, 13.622928176795583]","[39.400000000000006, 31.8, 30.900000000000002, 32.4, 26.6, 31.6, 35.6, 48.7, 31.8, 36.2]"
ga,4,17,1016.9953301248294,48.6,30.3,1.410158167157448,5.7,13.808161375661376,24.878333333333337,11.07017195767196,False,0.3,hospital_corridor,28,12,"[11, 29, 47, 53, 61, 73, 89, 97, 101, 109]","[2.4359363238064917, 4.87415431027, 0.8583181452378909, 0.5, 1.0]","{""time"": 0.0, ""collisions"": 0.05, ""congestion"": 1.0, ""fairness"": 1.0, ""incomplete_base"": 1000.0, ""incomplete_agent"": 10.0}","[13.653295376121461, 10.381836945304437, 12.75928162095784, 11.468154761904763, 9.973809523809525, 15.246839080459772, 1046.7068148148148, 20.245009603284988, 14.766191852463528, 14.75206766917293]","[41.400000000000006, 32.300000000000004, 34.9, 67.2, 29.0, 34.800000000000004, 100.0, 71.9, 34.6, 39.900000000000006]"
ga,4,18,15.945151767003523,32.529999999999994,97.4,1.7656279574797107,5.4,12.269642857142859,21.57916666666667,9.30952380952381,True,0.0,hospital_corridor,28,12,"[11, 29, 47, 53, 61, 73, 89, 97, 101, 109]","[3.6505458002008786, 4.493987961392979, 0.8519215329481633, 0.5, 1.0]","{""time"": 0.0, ""collisions"": 0.05, ""congestion"": 1.0, ""fairness"": 1.0, ""incomplete_base"": 1000.0, ""incomplete_agent"": 10.0}","[23.55934065934066, 16.45305635148042, 14.498152709359607, 14.920549696388623, 11.375396825396827, 13.74951573849879, 16.09866828087167, 17.592709486895533, 17.762550443906377, 13.441577477896697]","[39.0, 34.9, 29.0, 29.8, 28.8, 29.5, 35.4, 38.7, 29.5, 30.700000000000003]"
ga,4,19,151.19853447819077,30.05,2816.9,1.9699630496193374,6.1,11.356428571428571,19.740000000000002,8.383571428571429,True,0.0,hospital_corridor,28,12,"[11, 29, 47, 53, 61, 73, 89, 97, 101, 109]","[3.6524812922167684, 4.39504050920978, 0.6826712531029564, 0.5, 1.0]","{""time"": 0.0, ""collisions"": 0.05, ""congestion"": 1.0, ""fairness"": 1.0, ""incomplete_base"": 1000.0, ""incomplete_agent"": 10.0}","[223.5810747663552, 148.8264419852448, 118.43217639168344, 129.5228234728235, 160.1606068420148, 111.15527459158847, 150.77924430641824, 211.62900112707806, 116.64512987012988, 141.25357142857146]","[32.1, 28.400000000000002, 28.400000000000002, 29.700000000000003, 27.700000000000003, 27.400000000000002, 32.2, 33.800000000000004, 30.8, 30.0]"
ga,4,20,13.924052598842659,35.49,47.6,1.7013145036045632,5.5,13.206428571428571,23.04916666666667,9.842738095238095,True,0.0,hospital_corridor,28,12,"[11, 29, 47, 53, 61, 73, 89, 97, 101, 109]","[3.461866784950345, 4.466884683848387, 0.9056556256488837, 0.5, 1.0]","{""time"": 0.0, ""collisions"": 0.05, ""congestion"": 1.0, ""fairness"": 1.0, ""incomplete_base"": 1000.0, ""incomplete_agent"": 10.0}","[15.877137119908205, 10.53360805860806, 12.168707482993199, 24.440349666436624, 9.51010101010101, 12.635159500693483, 14.189245359160616, 12.07848158131177, 15.666476046611997, 12.141260162601627]","[33.2, 31.200000000000003, 29.400000000000002, 62.1, 29.700000000000003, 30.900000000000002, 35.4, 37.1, 33.1, 32.800000000000004]"
ga,4,21,12.561070386347815,37.42999999999999,20.6,1.6339275292049593,4.9,13.977857142857143,23.875000000000004,9.897142857142857,True,0.0,hospital_corridor,28,12,"[11, 29, 47, 53, 61, 73, 89, 97, 101, 109]","[3.1472939644694096, 4.872126654217541, 0.9120392497359803, 0.5, 1.0]","{""time"": 0.0, ""collisions"": 0.05, ""congestion"": 1.0, ""fairness"": 1.0, ""incomplete_base"": 1000.0, ""incomplete_agent"": 10.0}","[10.923809523809528, 9.750584007187783, 14.930537720706262, 14.29361471861472, 7.513311688311688, 12.026190476190479, 15.170894263217097, 14.158713272543059, 13.143893046968222, 13.69915514592934]","[42.0, 31.8, 35.6, 44.0, 26.400000000000002, 31.5, 38.1, 37.6, 43.900000000000006, 43.400000000000006]"
ga,4,22,14.052246748129292,36.60000000000001,36.8,1.6383181767007204,5.0,13.421071428571429,23.995000000000005,10.57392857142857,True,0.0,hospital_corridor,28,12,"[11, 29, 47, 53, 61, 73, 89, 97, 101, 109]","[2.7582463435286693, 3.8306823450808922, 0.9171723177974238, 0.5, 1.0]","{""time"": 0.0, ""collisions"": 0.05, ""congestion"": 1.0, ""fairness"": 1.0, ""incomplete_base"": 1000.0, ""incomplete_agent"": 10.0}","[18.844238809013966, 15.518394777265748, 14.580209698558324, 8.286345001576787, 8.524826110219369, 15.965260545905707, 15.04386586695747, 17.10078360458107, 13.325533158048497, 13.333009909165979]","[46.7, 43.400000000000006, 32.7, 30.200000000000003, 26.700000000000003, 40.300000000000004, 39.300000000000004, 39.5, 32.6, 34.6]"
ga,4,23,13.870566040442617,34.53,40.1,1.8329469928235678,5.3,13.398214285714285,23.430833333333332,10.032619047619049,True,0.0,hospital_corridor,28,12,"[11, 29, 47, 53, 61, 73, 89, 97, 101, 109]","[3.3672151055237967, 4.5240756581599975, 0.9184370118349009, 0.5, 1.0]","{""time"": 0.0, ""collisions"": 0.05, ""congestion"": 1.0, ""fairness"": 1.0, ""incomplete_base"": 1000.0, ""incomplete_agent"": 10.0}","[18.899960411718133, 14.969674185463663, 14.563455988455988, 14.88607647547797, 10.76309523809524, 12.495941195270056, 14.008123249299722, 12.693652986056303, 13.169507835082914, 12.256172839506174]","[42.1, 38.0, 29.700000000000003, 40.1, 30.0, 29.8, 35.7, 36.2, 31.3, 32.4]"
ga,5,0,12.561070386347815,37.42999999999999,20.6,1.6339275292049593,4.9,13.977857142857143,23.875000000000004,9.897142857142857,True,0.0,hospital_corridor,28,12,"[11, 29, 47, 53, 61, 73, 89, 97, 101, 109]","[3.1472939644694096, 4.872126654217541, 0.9120392497359803, 0.5, 1.0]","{""time"": 0.0, ""collisions"": 0.05, ""congestion"": 1.0, ""fairness"": 1.0, ""incomplete_base"": 1000.0, ""incomplete_agent"": 10.0}","[10.923809523809528, 9.750584007187783, 14.930537720706262, 14.29361471861472, 7.513311688311688, 12.026190476190479, 15.170894263217097, 14.158713272543059, 13.143893046968222, 13.69915514592934]","[42.0, 31.8, 35.6, 44.0, 26.400000000000002, 31.5, 38.1, 37.6, 43.900000000000006, 43.400000000000006]"
ga,5,1,12.595181040104453,39.39,32.5,1.7566096115330254,5.2,14.391428571428571,23.605,9.213571428571429,True,0.0,hospital_corridor,28,12,"[11, 29, 47, 53, 61, 73, 89, 97, 101, 109]","[3.6346489999251284, 4.793218223271722, 0.935855698722013, 0.5, 1.0]","{""time"": 0.0, ""collisions"": 0.05, ""congestion"": 1.0, ""fairness"": 1.0, ""incomplete_base"": 1000.0, ""incomplete_agent"": 10.0}","[14.890707741870537, 12.862430786267993, 11.800689808633734, 9.897799308998048, 12.802248677248677, 12.44181343770385, 15.320456754130225, 11.769372294372296, 12.321086261980831, 11.845205329838357]","[94.60000000000001, 34.4, 32.1, 31.700000000000003, 35.1, 29.200000000000003, 34.300000000000004, 38.5, 31.3, 32.7]"
ga,5,2,12.755697170911729,37.269999999999996,14.0,1.7820066947212514,4.9,13.904642857142857,24.178333333333335,10.273690476190477,True,0.0,hospital_corridor,28,12,"[11, 29, 47, 53, 61, 73, 89, 97, 101, 109]","[3.276359637853307, 4.936648296978481, 0.9411959927455662, 0.5, 1.0]","{""time"": 0.0, ""collisions"": 0.05, ""congestion"": 1.0, ""fairness"": 1.0, ""incomplete_base"": 1000.0, ""incomplete_agent"": 10.0}","[14.23467797190819, 10.90501752848379, 12.537569213732006, 9.460710304188567, 9.646448806151358, 13.493723510346548, 15.228477935676892, 12.541195372750643, 14.217087573815807, 15.292063492063491]","[55.6, 32.6, 30.1, 29.900000000000002, 35.300000000000004, 38.2, 38.2, 38.900000000000006, 37.9, 36.0]"
ga,5,3,13.97744654124109,39.239999999999995,33.1,1.7423274936220428,4.9,14.958214285714286,25.538333333333334,10.580119047619046,True,0.0,hospital_corridor,28,12,"[11, 29, 47, 53, 61, 73, 89, 97, 101, 109]","[3.261763491616653, 4.774323915243446, 0.945582533880698, 0.5, 1.0]","{""time"": 0.0, ""collisions"": 0.05, ""congestion"": 1.0, ""fairness"": 1.0, ""incomplete_base"": 1000.0, ""incomplete_agent"": 10.0}","[13.283811916726489, 12.721031746031747, 11.804220779220781, 15.049688796680499, 9.111591478696742, 13.395388349514564, 15.083983540645809, 12.339398023360285, 21.76273173391494, 15.222619047619046]","[39.800000000000004, 37.800000000000004, 30.8, 48.2, 32.300000000000004, 30.900000000000002, 37.9, 42.400000000000006, 52.400000000000006, 39.900000000000006]"
ga,5,4,12.595181040104453,39.39,32.5,1.7566096115330254,5.2,14.391428571428571,23.605,9.213571428571429,True,0.0,hospital_corridor,28,12,"[11, 29, 47, 53, 61, 73, 89, 97, 101, 109]","[3.6346489999251284, 4.793218223271722, 0.935855698722013, 0.5, 1.0]","{""time"": 0.0, ""collisions"": 0.05, ""congestion"": 1.0, ""fairness"": 1.0, ""incomplete_base"": 1000.0, ""incomplete_agent"": 10.0}","[14.890707741870537, 12.862430786267993, 11.800689808633734, 9.897799308998048, 12.802248677248677, 12.44181343770385, 15.320456754130225, 11.769372294372296, 12.321086261980831, 11.845205329838357]","[94.60000000000001, 34.4, 32.1, 31.700000000000003, 35.1, 29.200000000000003, 34.300000000000004, 38.5, 31.3, 32.7]"
ga,5,5,12.595181040104453,39.39,32.5,1.7566096115330254,5.2,14.391428571428571,23.605,9.213571428571429,True,0.0,hospital_corridor,28,12,"[11, 29, 47, 53, 61, 73, 89, 97, 101, 109]","[3.6346489999251284, 4.793218223271722, 0.935855698722013, 0.5, 1.0]","{""time"": 0.0, ""collisions"": 0.05, ""congestion"": 1.0, ""fairness"": 1.0, ""incomplete_base"": 1000.0, ""incomplete_agent"": 10.0}","[14.890707741870537, 12.862430786267993, 11.800689808633734, 9.897799308998048, 12.802248677248677, 12.44181343770385, 15.320456754130225, 11.769372294372296, 12.321086261980831, 11.845205329838357]","[94.60000000000001, 34.4, 32.1, 31.700000000000003, 35.1, 29.200000000000003, 34.300000000000004, 38.5, 31.3, 32.7]"
ga,5,6,12.765561222286873,34.25,23.3,1.6981802699059187,5.3,12.696785714285715,22.599166666666665,9.902380952380954,True,0.0,hospital_corridor,28,12,"[11, 29, 47, 53, 61, 73, 89, 97, 101, 109]","[3.482504827495402, 4.974461369120638, 0.9076034873079597, 0.5, 1.0]","{""time"": 0.0, ""collisions"": 0.05, ""congestion"": 1.0, ""fairness"": 1.0, ""incomplete_base"": 1000.0, ""incomplete_agent"": 10.0}","[15.585704911886012, 15.38467261904762, 11.776022690955578, 15.376945920600189, 7.8233258928571425, 12.568911007025761, 13.259767316017316, 12.251882613510519, 11.668234323432344, 11.960144927536232]","[38.1, 38.400000000000006, 29.8, 45.7, 25.6, 30.5, 35.2, 34.4, 30.3, 34.5]"
ga,5,7,12.765561222286873,34.25,23.3,1.6981802699059187,5.3,12.696785714285715,22.599166666666665,9.902380952380954,True,0.0,hospital_corridor,28,12,"[11, 29, 47, 53, 61, 73, 89, 97, 101, 109]","[3.482504827495402, 4.974461369120638, 0.9076034873079597, 0.5, 1.0]","{""time"": 0.0, ""collisions"": 0.05, ""congestion"": 1.0, ""fairness"": 1.0, ""incomplete_base"": 1000.0, ""incomplete_agent"": 10.0}","[15.585704911886012, 15.38467261904762, 11.776022690955578, 15.376945920600189, 7.8233258928571425, 12.568911007025761, 13.259767316017316, 12.251882613510519, 11.668234323432344, 11.960144927536232]","[38.1, 38.400000000000006, 29.8, 45.7, 25.6, 30.5, 35.2, 34.4, 30.3, 34.5]"
ga,5,8,12.186967763795298,33.45,29.1,1.82434871617625,5.6,12.938214285714286,21.845833333333335,8.907619047619049,True,0.0,hospital_corridor,28,12,"[11, 29, 47, 53, 61, 73, 89, 97, 101, 109]","[3.537967901266401, 4.661229665803205, 0.9159004557852566, 0.5, 1.0]","{""time"": 0.0, ""collisions"": 0.05, ""congestion"": 1.0, ""fairness"": 1.0, ""incomplete_base"": 1000.0, ""incomplete_agent"": 10.0}","[14.733782201405152, 12.402988855116513, 11.332045343734764, 10.809779987944548, 8.723486682808716, 12.782695139911636, 15.378474740149866, 11.260398314821908, 12.566471506635441, 11.879554865424431]","[42.7, 32.9, 29.3, 31.6, 29.5, 29.1, 39.400000000000006, 37.300000000000004, 30.5, 32.2]"
ga,5,9,13.155785549019853,33.75,44.6,1.8851903109246149,5.7,13.32357142857143,22.36416666666667,9.04059523809524,True,0.0,hospital_corridor,28,12,"[11, 29, 47, 53, 61, 73, 89, 97, 101, 109]","[3.479428300208424, 4.8313265219732635, 0.9005279010899179, 0.5, 1.0]","{""time"": 0.0, ""collisions"": 0.05, ""congestion"": 1.0, ""fairness"": 1.0, ""incomplete_base"": 1000.0, ""incomplete_agent"": 10.0}","[16.07977546371624, 15.004386742289968, 13.027666366231037, 12.618472445157838, 7.983241758241757, 12.672923588039868, 14.768452380952384, 12.641225749559084, 14.440703670003035, 12.321007326007326]","[43.900000000000006, 40.300000000000004, 31.700000000000003, 35.6, 26.0, 30.1, 33.6, 32.4, 31.400000000000002, 32.5]"
ga,5,10,1018.9548242338003,42.07,17.2,1.8438993253753537,5.5,14.027527472527472,23.27845238095238,9.25092490842491,False,0.7,hospital_corridor,28,12,"[11, 29, 47, 53, 61, 73, 89, 97, 101, 109]","[3.1969357802132614, 4.650616430286841, 0.9589223980803961, 0.5, 1.0]","{""time"": 0.0, ""collisions"": 0.05, ""congestion"": 1.0, ""fairness"": 1.0, ""incomplete_base"": 1000.0, ""incomplete_agent"": 10.0}","[13.917857142857143, 9.834959349593495, 11.762137461216781, 1077.713010989011, 7.876743981725531, 12.676775956284155, 14.27324561403509, 16.77966704610131, 11.771296296296297, 12.942548500881834]","[42.0, 32.800000000000004, 35.300000000000004, 100.0, 27.1, 30.5, 38.0, 50.2, 32.4, 32.4]"
ga,5,11,12.972074570099789,36.09,27.0,1.7215983796235972,5.1,13.720357142857143,23.620833333333334,9.90047619047619,True,0.0,hospital_corridor,28,12,"[11, 29, 47, 53, 61, 73, 89, 97, 101, 109]","[2.952139728315958, 4.1396891510598905, 0.9329891966073116, 0.5, 1.0]","{""time"": 0.0, ""collisions"": 0.05, ""congestion"": 1.0, ""fairness"": 1.0, ""incomplete_base"": 1000.0, ""incomplete_agent"": 10.0}","[16.118610911701364, 10.424896480331263, 12.054339963833636, 8.840410052910055, 7.754604672057503, 13.196606254442077, 17.143442436640527, 18.95660674865973, 12.658333333333335, 12.572894847088396]","[39.800000000000004, 32.2, 31.6, 43.2, 26.5, 33.5, 41.900000000000006, 45.300000000000004, 32.800000000000004, 34.1]"
ga,5,12,18.778583424448673,32.31,151.1,1.8750119958772449,5.4,12.181428571428572,21.53,9.348571428571429,True,0.0,hospital_corridor,28,12,"[11, 29, 47, 53, 61, 73, 89, 97, 101, 109]","[4.164271236378481, 3.9352144494209673, 0.9148841446195788, 0.5, 1.0]","{""time"": 0.0, ""collisions"": 0.05, ""congestion"": 1.0, ""fairness"": 1.0, ""incomplete_base"": 1000.0, ""incomplete_agent"": 10.0}","[44.360205379861874, 17.839272412875765, 11.933341571922888, 23.97715946843854, 11.134727061556331, 13.453774062816615, 15.998245614035088, 18.28893178893179, 16.33783922171019, 14.462337662337662]","[39.300000000000004, 35.800000000000004, 28.900000000000002, 30.1, 28.700000000000003, 28.200000000000003, 34.2, 37.0, 27.900000000000002, 33.0]"
ga,5,13,13.228536954970652,34.10000000000001,30.8,1.8857988597325561,5.6,12.99642857142857,22.799166666666668,9.802738095238096,True,0.0,hospital_corridor,28,12,"[11, 29, 47, 53, 61, 73, 89, 97, 101, 109]","[3.408310464860489, 4.748433184641588, 0.9098009897126056, 0.5, 1.0]","{""time"": 0.0, ""collisions"": 0.05, ""congestion"": 1.0, ""fairness"": 1.0, ""incomplete_base"": 1000.0, ""incomplete_agent"": 10.0}","[16.025544794188864, 17.72281746031746, 12.006537530266344, 10.279240052185257, 8.463875205254515, 12.948649728347718, 14.47503288608261, 12.525952380952383, 13.994023181119957, 13.843696330991413]","[41.300000000000004, 43.2, 29.5, 29.200000000000003, 26.1, 29.8, 36.2, 35.0, 34.1, 36.6]"
ga,5,14,12.915156477500487,37.10000000000001,24.5,1.7556326679766763,5.0,13.94714285714286,23.881666666666668,9.93452380952381,True,0.0,hospital_corridor,28,12,"[11, 29, 47, 53, 61, 73, 89, 97, 101, 109]","[3.563997978770071, 4.993457417705964, 0.9522266675109485, 0.5, 1.0]","{""time"": 0.0, ""collisions"": 0.05, ""congestion"": 1.0, ""fairness"": 1.0, ""incomplete_base"": 1000.0, ""incomplete_agent"": 10.0}","[21.218609022556393, 10.546583850931675, 11.27994350282486, 9.540018315018315, 9.580952380952379, 11.4747854997855, 15.09912651451113, 12.853994583615435, 16.351030958289023, 11.206520146520148]","[60.800000000000004, 32.2, 29.5, 36.4, 30.0, 33.300000000000004, 33.800000000000004, 42.2, 40.300000000000004, 32.5]"
ga,5,15,12.838120567894252,34.55,23.4,1.7721681869418693,5.0,13.285714285714286,23.181666666666665,9.895952380952384,True,0.0,hospital_corridor,28,12,"[11, 29, 47, 53, 61, 73, 89, 97, 101, 109]","[3.4609646407523584, 4.993946412307357, 0.9260051089556816, 0.5, 1.0]","{""time"": 0.0, ""collisions"": 0.05, ""congestion"": 1.0, ""fairness"": 1.0, ""incomplete_base"": 1000.0, ""incomplete_agent"": 10.0}","[11.976267281105992, 15.96691443074692, 11.816444713478614, 9.954421768707483, 10.08323970037453, 12.711177644710581, 15.536309523809525, 13.311518661518663, 14.74858670741024, 12.276325247079964]","[31.0, 39.400000000000006, 29.5, 29.400000000000002, 35.6, 33.4, 33.6, 44.400000000000006, 37.4, 31.8]"
ga,5,16,1036.7599448692656,68.62,25.4,1.125318828639633,4.6,13.321419413919415,23.686045454545457,10.364626040626039,False,2.4,hospital_corridor,28,12,"[11, 29, 47, 53, 61, 73, 89, 97, 101, 109]","[4.001401203592305, 4.905304461525995, 1.0393726365084, 0.5, 1.0]","{""time"": 0.0, ""collisions"": 0.05, ""congestion"": 1.0, ""fairness"": 1.0, ""incomplete_base"": 1000.0, ""incomplete_agent"": 10.0}","[12.714306495665596, 1053.3573333333334, 1029.5686666666666, 1069.8236666666667, 1088.0971212121212, 15.205206942590118, 1052.7756153846153, 19.87313140446052, 14.023205741626796, 12.161194844910442]","[40.1, 100.0, 100.0, 100.0, 100.0, 32.1, 100.0, 39.5, 41.800000000000004, 32.7]"
ga,5,17,13.345849010135392,33.269999999999996,32.0,1.8445394863258684,5.4,12.760357142857144,22.66166666666667,9.901309523809525,True,0.0,hospital_corridor,28,12,"[11, 29, 47, 53, 61, 73, 89, 97, 101, 109]","[3.645021293316976, 5.0, 0.907489595622291, 0.5, 1.0]","{""time"": 0.0, ""collisions"": 0.05, ""congestion"": 1.0, ""fairness"": 1.0, ""incomplete_base"": 1000.0, ""incomplete_agent"": 10.0}","[13.969499527856469, 12.611024844720497, 12.97173311184939, 12.387053571428574, 11.63254527162978, 12.362615851709812, 14.701190476190476, 15.871875, 14.403404684349308, 12.547547761619617]","[35.300000000000004, 34.5, 30.1, 32.0, 35.5, 29.8, 33.0, 38.400000000000006, 30.700000000000003, 33.4]"
ga,5,18,13.277305122632951,33.24000000000001,31.9,1.8411146464424728,5.3,12.462142857142856,22.303333333333335,9.841190476190478,True,0.0,hospital_corridor,28,12,"[11, 29, 47, 53, 61, 73, 89, 97, 101, 109]","[3.8660760423322222, 4.974461369120638, 0.9076034873079597, 0.5, 1.0]","{""time"": 0.0, ""collisions"": 0.05, ""congestion"": 1.0, ""fairness"": 1.0, ""incomplete_base"": 1000.0, ""incomplete_agent"": 10.0}","[15.642842799770513, 12.983455718736092, 12.364965986394559, 15.325340136054422, 8.669661266568484, 15.660217290799817, 14.792711962833915, 12.036079205551571, 13.775999856135808, 11.52177700348432]","[33.2, 32.1, 29.400000000000002, 39.2, 29.1, 30.900000000000002, 32.800000000000004, 39.800000000000004, 33.1, 32.800000000000004]"
ga,5,19,14.005733795788837,33.45,44.0,1.9960909386459804,5.5,13.215357142857144,23.025,9.809642857142856,True,0.0,hospital_corridor,28,12,"[11, 29, 47, 53, 61, 73, 89, 97, 101, 109]","[3.482504827495402, 4.703372666814656, 0.9076034873079597, 0.5, 1.0]","{""time"": 0.0, ""collisions"": 0.05, ""congestion"": 1.0, ""fairness"": 1.0, ""incomplete_base"": 1000.0, ""incomplete_agent"": 10.0}","[23.20717446270544, 15.118814065135592, 12.572210049664037, 11.875227531285553, 8.420554952018831, 13.087374686716794, 14.472775958520945, 14.235170162247723, 13.520765027322405, 13.547271062271061]","[45.2, 36.7, 32.6, 29.3, 26.3, 30.400000000000002, 34.9, 36.1, 30.5, 32.5]"
ga,5,20,1160.2783369270526,37.239999999999995,2970.8,1.901432165147766,5.9,11.848928571428573,20.685833333333335,8.83690476190476,False,0.1,hospital_corridor,28,12,"[11, 29, 47, 53, 61, 73, 89, 97, 101, 109]","[3.163701328208215, 4.84765217285415, 0.5239426902319706, 0.5, 1.0]","{""time"": 0.0, ""collisions"": 0.05, ""congestion"": 1.0, ""fairness"": 1.0, ""incomplete_base"": 1000.0, ""incomplete_agent"": 10.0}","[1195.2924285714287, 159.05487606001304, 125.95379234167893, 164.28931585292344, 166.3600899100899, 121.02907673860912, 157.46451367781157, 210.62809374533512, 160.76292517006803, 141.94825720256756]","[100.0, 29.200000000000003, 29.1, 31.6, 28.6, 27.8, 32.9, 31.900000000000002, 29.400000000000002, 31.900000000000002]"
ga,5,21,13.001248689970241,32.480000000000004,43.4,1.7513677375892853,5.4,12.646785714285713,21.72666666666667,9.079880952380956,True,0.0,hospital_corridor,28,12,"[11, 29, 47, 53, 61, 73, 89, 97, 101, 109]","[3.6182416361863226, 4.405212007848721, 0.914079172867362, 0.5, 1.0]","{""time"": 0.0, ""collisions"": 0.05, ""congestion"": 1.0, ""fairness"": 1.0, ""incomplete_base"": 1000.0, ""incomplete_agent"": 10.0}","[17.862630318399546, 14.793564993564994, 12.256740614334472, 11.983290433290435, 8.628860028860032, 12.086315536315539, 14.351502002670227, 13.049317923455856, 12.64156314699793, 12.358701901813358]","[33.800000000000004, 37.0, 29.3, 33.300000000000004, 29.700000000000003, 29.700000000000003, 32.1, 37.7, 29.900000000000002, 32.300000000000004]"
ga,5,22,155.9588993744951,30.329999999999995,2904.4,2.0358041363998645,6.0,11.70607142857143,20.409166666666668,8.703095238095239,True,0.0,hospital_corridor,28,12,"[11, 29, 47, 53, 61, 73, 89, 97, 101, 109]","[3.345167011475361, 4.909709458876714, 0.6103258905623703, 0.5, 1.0]","{""time"": 0.0, ""collisions"": 0.05, ""congestion"": 1.0, ""fairness"": 1.0, ""incomplete_base"": 1000.0, ""incomplete_agent"": 10.0}","[197.93419913419913, 164.00830429732872, 133.00585317460317, 144.33711484593837, 153.96528103044497, 116.04523809523809, 173.4941798941799, 192.0115907099036, 128.02084785133565, 156.76638471177947]","[33.0, 28.700000000000003, 28.8, 30.6, 30.5, 27.6, 32.4, 32.6, 28.700000000000003, 30.400000000000002]"
ga,5,23,13.675231058988253,37.300000000000004,25.5,1.7785643923215855,5.4,13.682500000000001,24.30416666666667,10.621666666666668,True,0.0,hospital_corridor,28,12,"[11, 29, 47, 53, 61, 73, 89, 97, 101, 109]","[3.284631780489451, 4.936878564461465, 0.911860863800177, 0.5, 1.0]","{""time"": 0.0, ""collisions"": 0.05, ""congestion"": 1.0, ""fairness"": 1.0, ""incomplete_base"": 1000.0, ""incomplete_agent"": 10.0}","[16.41636591478697, 9.868014375561547, 13.037142857142857, 19.124447502293393, 9.76632116569025, 12.135797342192692, 16.42857142857143, 12.13868715083799, 14.767340521114109, 13.069622331691297]","[47.5, 31.8, 30.0, 57.1, 31.700000000000003, 30.1, 37.1, 35.800000000000004, 37.1, 34.800000000000004]"
ga,6,0,12.186967763795298,33.45,29.1,1.82434871617625,5.6,12.938214285714286,21.845833333333335,8.907619047619049,True,0.0,hospital_corridor,28,12,"[11, 29, 47, 53, 61, 73, 89, 97, 101, 109]","[3.537967901266401, 4.661229665803205, 0.9159004557852566, 0.5, 1.0]","{""time"": 0.0, ""collisions"": 0.05, ""congestion"": 1.0, ""fairness"": 1.0, ""incomplete_base"": 1000.0, ""incomplete_agent"": 10.0}","[14.733782201405152, 12.402988855116513, 11.332045343734764, 10.809779987944548, 8.723486682808716, 12.782695139911636, 15.378474740149866, 11.260398314821908, 12.566471506635441, 11.879554865424431]","[42.7, 32.9, 29.3, 31.6, 29.5, 29.1, 39.400000000000006, 37.300000000000004, 30.5, 32.2]"
ga,6,1,12.561070386347815,37.42999999999999,20.6,1.6339275292049593,4.9,13.977857142857143,23.875000000000004,9.897142857142857,True,0.0,hospital_corridor,28,12,"[11, 29, 47, 53, 61, 73, 89, 97, 101, 109]","[3.1472939644694096, 4.872126654217541, 0.9120392497359803, 0.5, 1.0]","{""time"": 0.0, ""collisions"": 0.05, ""congestion"": 1.0, ""fairness"": 1.0, ""incomplete_base"": 1000.0, ""incomplete_agent"": 10.0}","[10.923809523809528, 9.750584007187783, 14.930537720706262, 14.29361471861472, 7.513311688311688, 12.026190476190479, 15.170894263217097, 14.158713272543059, 13.143893046968222, 13.69915514592934]","[42.0, 31.8, 35.6, 44.0, 26.400000000000002, 31.5, 38.1, 37.6, 43.900000000000006, 43.400000000000006]"
ga,6,2,13.21150989259769,36.36,31.6,1.7343670354548322,5.2,13.282857142857143,23.18,9.897142857142857,True,0.0,hospital_corridor,28,12,"[11, 29, 47, 53, 61, 73, 89, 97, 101, 109]","[3.7112140467349444, 4.793218223271722, 0.935855698722013, 0.5, 1.0]","{""time"": 0.0, ""collisions"": 0.05, ""congestion"": 1.0, ""fairness"": 1.0, ""incomplete_base"": 1000.0, ""incomplete_agent"": 10.0}","[16.971180320469422, 13.777162977867203, 13.483938729075248, 15.370734528629265, 9.00130233301374, 12.011755952380952, 13.669912494912495, 12.537495738152062, 13.155528375733855, 12.13608747574265]","[42.2, 35.5, 29.3, 49.400000000000006, 29.8, 32.0, 35.1, 41.900000000000006, 36.5, 31.900000000000002]"
ga,6,3,11.97247206182292,33.82,21.7,1.8062815856324423,4.9,13.484642857142859,22.565833333333334,9.081190476190477,True,0.0,hospital_corridor,28,12,"[11, 29, 47, 53, 61, 73, 89, 97, 101, 109]","[3.4609646407523584, 5.0, 0.9260051089556816, 0.5, 1.0]","{""time"": 0.0, ""collisions"": 0.05, ""congestion"": 1.0, ""fairness"": 1.0, ""incomplete_base"": 1000.0, ""incomplete_agent"": 10.0}","[11.388838530335992, 14.696919119406555, 11.941081517352707, 8.620238095238095, 8.859807776321539, 12.022890295358652, 15.526685630004216, 12.094634129311551, 11.952898550724637, 12.620726974175252]","[39.400000000000006, 39.800000000000004, 29.5, 30.8, 32.7, 31.6, 33.9, 34.1, 34.5, 31.900000000000002]"
ga,6,4,12.226262526262666,35.59000000000001,23.9,1.8461434786436164,5.4,14.033214285714289,23.218333333333334,9.185119047619049,True,0.0,hospital_corridor,28,12,"[11, 29, 47, 53, 61, 73, 89, 97, 101, 109]","[3.4618501372483528, 5.0, 0.9400691489295753, 0.5, 1.0]","{""time"": 0.0, ""collisions"": 0.05, ""congestion"": 1.0, ""fairness"": 1.0, ""incomplete_base"": 1000.0, ""incomplete_agent"": 10.0}","[14.52195318805488, 11.135936804628393, 11.293416903185115, 9.68639910813824, 7.9415879192143795, 12.047474955400027, 14.99495798319328, 13.303277153558053, 14.675749250749252, 12.661871996505027]","[47.2, 32.1, 30.200000000000003, 29.900000000000002, 25.700000000000003, 34.7, 34.0, 35.6, 42.900000000000006, 43.6]"
ga,6,5,12.748828280821769,34.53,27.1,1.7951378046312942,5.6,13.192142857142859,22.79083333333333,9.598690476190475,True,0.0,hospital_corridor,28,12,"[11, 29, 47, 53, 61, 73, 89, 97, 101, 109]","[3.3524774018713552, 4.727550795797469, 0.9170272996012474, 0.5, 1.0]","{""time"": 0.0, ""collisions"": 0.05, ""congestion"": 1.0, ""fairness"": 1.0, ""incomplete_base"": 1000.0, ""incomplete_agent"": 10.0}","[15.188417890520693, 12.968650793650795, 11.915265169612997, 13.192799070847851, 8.523117386489478, 12.346268775966763, 14.911066398390343, 12.487491616364855, 13.56798941798942, 12.387216288384511]","[42.800000000000004, 35.1, 29.900000000000002, 41.0, 25.8, 29.8, 35.5, 35.5, 37.800000000000004, 32.1]"
ga,6,6,1020.5510291385484,43.85000000000001,40.5,1.6333042708235717,4.7,13.525608465608467,23.418333333333333,9.89272486772487,False,0.7,hospital_corridor,28,12,"[11, 29, 47, 53, 61, 73, 89, 97, 101, 109]","[3.4630932238128285, 5.0, 0.9080323228099695, 0.5, 1.0]","{""time"": 0.0, ""collisions"": 0.05, ""congestion"": 1.0, ""fairness"": 1.0, ""incomplete_base"": 1000.0, ""incomplete_agent"": 10.0}","[21.09468864468865, 14.534523809523812, 12.349319727891157, 12.341737388024518, 1080.3402962962964, 12.081385281385284, 14.210028248587571, 12.204670094258786, 14.34818401937046, 12.005457875457875]","[52.0, 37.800000000000004, 29.400000000000002, 40.400000000000006, 100.0, 30.8, 35.4, 38.900000000000006, 41.300000000000004, 32.5]"
ga,6,7,13.42126822796299,36.6,21.6,1.7609110851058472,4.9,13.22214285714286,23.802500000000002,10.580357142857142,True,0.0,hospital_corridor,28,12,"[11, 29, 47, 53, 61, 73, 89, 97, 101, 109]","[3.427722068543062, 4.92636314056974, 0.9093721542105958, 0.5, 1.0]","{""time"": 0.0, ""collisions"": 0.05, ""congestion"": 1.0, ""fairness"": 1.0, ""incomplete_base"": 1000.0, ""incomplete_agent"": 10.0}","[15.074833456698743, 17.264193746167994, 11.215420262064555, 14.023456057007127, 7.574891774891774, 12.534500466853409, 16.330879680116322, 14.465003615328994, 12.64970141150923, 13.079801808991757]","[38.6, 46.6, 29.8, 42.1, 26.400000000000002, 30.6, 39.300000000000004, 46.1, 30.700000000000003, 35.800000000000004]"
ga,6,8,13.04226737292965,36.220000000000006,22.1,1.6085768967391723,4.9,12.997142857142858,23.325833333333335,10.328690476190477,True,0.0,hospital_corridor,28,12,"[11, 29, 47, 53, 61, 73, 89, 97, 101, 109]","[3.3056208113254177, 4.882997504389253, 0.9127247293048378, 0.5, 1.0]","{""time"": 0.0, ""collisions"": 0.05, ""congestion"": 1.0, ""fairness"": 1.0, ""incomplete_base"": 1000.0, ""incomplete_agent"": 10.0}","[17.758130804188898, 14.274002849002851, 11.42465986394558, 13.875772963213723, 8.440853658536586, 11.719761904761906, 14.56541402461768, 12.456149366221307, 13.453398678083222, 12.45452961672474]","[48.2, 35.1, 29.400000000000002, 42.2, 32.800000000000004, 30.0, 38.300000000000004, 41.7, 31.700000000000003, 32.800000000000004]"
ga,6,9,13.733500530717777,36.91,26.2,1.7596910069082525,5.5,13.697857142857142,24.361666666666668,10.663809523809524,True,0.0,hospital_corridor,28,12,"[11, 29, 47, 53, 61, 73, 89, 97, 101, 109]","[3.3026377938963503, 5.0, 0.925319629386824, 0.5, 1.0]","{""time"": 0.0, ""collisions"": 0.05, ""congestion"": 1.0, ""fairness"": 1.0, ""incomplete_base"": 1000.0, ""incomplete_agent"": 10.0}","[18.798495058400718, 12.12440119760479, 11.523996655518394, 19.320021645021647, 9.283133066310638, 12.837012987012988, 13.599315068493151, 13.15357142857143, 12.747990836713237, 13.947067363530781]","[42.400000000000006, 33.4, 29.900000000000002, 56.1, 32.1, 30.8, 36.5, 39.300000000000004, 31.700000000000003, 36.9]"
ga,6,10,12.92615696589802,36.120000000000005,30.2,1.8290141087551626,5.3,14.105357142857144,23.692500000000003,9.587142857142856,True,0.0,hospital_corridor,28,12,"[11, 29, 47, 53, 61, 73, 89, 97, 101, 109]","[3.096855447074837, 4.898096374798568, 0.9257363450939129, 0.5, 1.0]","{""time"": 0.0, ""collisions"": 0.05, ""congestion"": 1.0, ""fairness"": 1.0, ""incomplete_base"": 1000.0, ""incomplete_agent"": 10.0}","[18.18110307414105, 9.891790826760152, 12.267378655642322, 12.734599504541702, 7.416909705058496, 13.170458553791885, 15.420434033962714, 14.82075196985269, 12.33317610062893, 13.024967234600263]","[55.300000000000004, 32.6, 31.1, 34.6, 28.900000000000002, 32.4, 40.1, 41.7, 31.8, 32.7]"
ga,6,11,13.25298125797677,36.62,21.3,1.7756003055958183,5.1,13.716785714285715,24.12916666666667,10.412380952380952,True,0.0,hospital_corridor,28,12,"[11, 29, 47, 53, 61, 73, 89, 97, 101, 109]","[3.249864659733332, 4.910678576397453, 0.9274988973876337, 0.5, 1.0]","{""time"": 0.0, ""collisions"": 0.05, ""congestion"": 1.0, ""fairness"": 1.0, ""incomplete_base"": 1000.0, ""incomplete_agent"": 10.0}","[14.29922360248447, 15.705508265482361, 12.486434941869723, 10.114363778298205, 10.032243460764587, 13.02314366424536, 14.212728937728938, 14.347580015612802, 12.880931736856592, 15.427654176424667]","[46.0, 38.6, 29.900000000000002, 30.5, 35.5, 35.4, 36.4, 36.6, 34.6, 42.7]"
ga,6,12,13.980488393904654,35.239999999999995,32.9,1.7500122034284633,5.7,12.740357142857144,23.325833333333332,10.585476190476191,True,0.0,hospital_corridor,28,12,"[11, 29, 47, 53, 61, 73, 89, 97, 101, 109]","[3.5689638534238917, 4.901573821210419, 0.9094494965418525, 0.5, 1.0]","{""time"": 0.0, ""collisions"": 0.05, ""congestion"": 1.0, ""fairness"": 1.0, ""incomplete_base"": 1000.0, ""incomplete_agent"": 10.0}","[15.832679025808797, 16.134898644596376, 11.923039215686273, 16.394766397124886, 11.064844998402044, 13.200691244239632, 15.75916025092672, 13.148809523809526, 13.998164084911073, 12.347830553541213]","[39.300000000000004, 39.7, 30.6, 42.400000000000006, 29.8, 31.0, 33.4, 33.6, 33.2, 39.400000000000006]"
ga,6,13,12.83782507496656,35.88,22.5,1.7085393606808457,5.4,13.233214285714286,23.237500000000004,10.004285714285714,True,0.0,hospital_corridor,28,12,"[11, 29, 47, 53, 61, 73, 89, 97, 101, 109]","[3.165465153048018, 4.94501420212776, 0.9101932405020875, 0.5, 1.0]","{""time"": 0.0, ""collisions"": 0.05, ""congestion"": 1.0, ""fairness"": 1.0, ""incomplete_base"": 1000.0, ""incomplete_agent"": 10.0}","[15.415820356578655, 9.792063492063491, 13.721251768033948, 12.401931716082661, 11.240517747139924, 12.69559748427673, 14.219954491491889, 13.269597069597069, 13.279166666666669, 12.342349957734575]","[42.2, 31.5, 30.3, 31.8, 48.7, 31.8, 36.1, 39.0, 33.6, 33.800000000000004]"
ga,6,14,14.424693086266446,36.9,39.1,1.7937407053140628,5.3,13.028214285714284,23.70416666666667,10.675952380952383,True,0.0,hospital_corridor,28,12,"[11, 29, 47, 53, 61, 73, 89, 97, 101, 109]","[3.498552350807616, 4.67388146025991, 0.914016360374517, 0.5, 1.0]","{""time"": 0.0, ""collisions"": 0.05, ""congestion"": 1.0, ""fairness"": 1.0, ""incomplete_base"": 1000.0, ""incomplete_agent"": 10.0}","[20.779285714285717, 15.080934830934835, 11.952551020408166, 17.252623261694062, 8.509620334620335, 13.133820709491852, 16.14230769230769, 11.5535848047084, 17.272319008904375, 12.569883485309019]","[52.5, 40.7, 29.400000000000002, 45.2, 29.6, 29.8, 36.4, 35.6, 36.9, 32.9]"
ga,6,15,13.864610645587497,33.13,33.8,1.9867535027303522,5.8,12.979642857142858,23.1675,10.187857142857144,True,0.0,hospital_corridor,28,12,"[11, 29, 47, 53, 61, 73, 89, 97, 101, 109]","[3.5219203779541877, 4.961809574663933, 0.9094875827186993, 0.5, 1.0]","{""time"": 0.0, ""collisions"": 0.05, ""congestion"": 1.0, ""fairness"": 1.0, ""incomplete_base"": 1000.0, ""incomplete_agent"": 10.0}","[22.32277074976859, 13.79484126984127, 11.916326530612245, 13.395996018986374, 8.017336309523808, 13.145578231292518, 17.94893632009017, 12.184274640088596, 13.589136904761904, 12.330909480909483]","[46.300000000000004, 36.0, 29.400000000000002, 31.1, 25.6, 29.400000000000002, 33.800000000000004, 34.4, 32.0, 33.300000000000004]"
ga,6,16,1016.7400518289638,40.61,28.0,1.7778332142452586,5.4,13.51202380952381,25.074242424242424,11.562218614718615,False,0.2,hospital_corridor,28,12,"[11, 29, 47, 53, 61, 73, 89, 97, 101, 109]","[3.3626778991958957, 4.5861997272954955, 0.9355848590863666, 0.5, 1.0]","{""time"": 0.0, ""collisions"": 0.05, ""congestion"": 1.0, ""fairness"": 1.0, ""incomplete_base"": 1000.0, ""incomplete_agent"": 10.0}","[1051.6474242424242, 11.678333333333336, 11.814669087974172, 15.098253251639258, 8.445695970695972, 11.976174223955793, 13.889226682408502, 13.879772079772081, 15.44160433807031, 13.529365079365082]","[100.0, 35.0, 29.5, 44.300000000000004, 26.0, 29.3, 36.300000000000004, 35.1, 38.2, 32.4]"
ga,6,17,13.224165859653949,34.49,29.8,1.743689669177758,5.0,13.302857142857144,23.293333333333333,9.99047619047619,True,0.0,hospital_corridor,28,12,"[11, 29, 47, 53, 61, 73, 89, 97, 101, 109]","[3.224110829045191, 4.3467076470361175, 0.9332600362429581, 0.5, 1.0]","{""time"": 0.0, ""collisions"": 0.05, ""congestion"": 1.0, ""fairness"": 1.0, ""incomplete_base"": 1000.0, ""incomplete_agent"": 10.0}","[14.832426303854875, 15.080623973727423, 11.801347117794485, 11.946035598705503, 7.450457875457875, 13.17786901464187, 16.662065637065638, 14.541465863453814, 13.661160714285714, 13.088206497552292]","[44.1, 34.800000000000004, 30.400000000000002, 30.900000000000002, 26.0, 36.1, 37.0, 41.5, 32.0, 32.1]"
ga,6,18,13.291286349003649,34.970000000000006,26.8,1.7056911109084099,5.0,12.78357142857143,23.029166666666672,10.245595238095238,True,0.0,hospital_corridor,28,12,"[11, 29, 47, 53, 61, 73, 89, 97, 101, 109]","[3.537967901266401, 4.762810459559222, 0.9159004557852566, 0.5, 1.0]","{""time"": 0.0, ""collisions"": 0.05, ""congestion"": 1.0, ""fairness"": 1.0, ""incomplete_base"": 1000.0, ""incomplete_agent"": 10.0}","[13.015665823851666, 10.840269151138717, 12.015213882163033, 15.222289766970619, 11.601120448179271, 13.530000000000001, 14.841385985288424, 13.296052631578947, 16.424675324675327, 12.126190476190477]","[33.9, 34.5, 29.5, 42.300000000000004, 30.6, 30.0, 36.9, 39.900000000000006, 38.5, 33.6]"
ga,6,19,12.186967763795298,33.45,29.1,1.82434871617625,5.6,12.938214285714286,21.845833333333335,8.907619047619049,True,0.0,hospital_corridor,28,12,"[11, 29, 47, 53, 61, 73, 89, 97, 101, 109]","[3.537967901266401, 4.661229665803205, 0.9159004557852566, 0.5, 1.0]","{""time"": 0.0, ""collisions"": 0.05, ""congestion"": 1.0, ""fairness"": 1.0, ""incomplete_base"": 1000.0, ""incomplete_agent"": 10.0}","[14.733782201405152, 12.402988855116513, 11.332045343734764, 10.809779987944548, 8.723486682808716, 12.782695139911636, 15.378474740149866, 11.260398314821908, 12.566471506635441, 11.879554865424431]","[42.7, 32.9, 29.3, 31.6, 29.5, 29.1, 39.400000000000006, 37.300000000000004, 30.5, 32.2]"
ga,6,20,12.17971834004137,34.42,19.7,1.7532897686128002,5.2,13.118571428571428,22.560000000000002,9.44142857142857,True,0.0,hospital_corridor,28,12,"[11, 29, 47, 53, 61, 73, 89, 97, 101, 109]","[3.5654452377736323, 4.927648039287493, 0.943505780900328, 0.5, 1.0]","{""time"": 0.0, ""collisions"": 0.05, ""congestion"": 1.0, ""fairness"": 1.0, ""incomplete_base"": 1000.0, ""incomplete_agent"": 10.0}","[14.948475505310036, 9.421048227597748, 11.924066924066926, 10.60950782997763, 10.767615985300871, 13.054436020218143, 13.69545369328834, 12.602106227106226, 12.830222734254995, 11.944250253292807]","[41.7, 31.3, 29.6, 29.8, 31.1, 35.800000000000004, 38.1, 42.900000000000006, 31.0, 32.9]"
ga,6,21,13.994718306703074,33.92999999999999,47.4,1.8254325924173607,5.3,12.655714285714286,22.455000000000002,9.799285714285714,True,0.0,hospital_corridor,28,12,"[11, 29, 47, 53, 61, 73, 89, 97, 101, 109]","[4.4690570418384, 4.859027601690195, 0.9445765853326336, 0.5, 1.0]","{""time"": 0.0, ""collisions"": 0.05, ""congestion"": 1.0, ""fairness"": 1.0, ""incomplete_base"": 1000.0, ""incomplete_agent"": 10.0}","[21.649488256841202, 14.43636567834681, 11.895073323447027, 12.86547619047619, 9.656362478101611, 12.293645204560699, 15.57797274979356, 15.601190476190476, 13.80360275689223, 12.168005952380952]","[44.2, 37.1, 28.900000000000002, 37.800000000000004, 29.900000000000002, 28.400000000000002, 34.6, 36.0, 30.400000000000002, 32.0]"
ga,6,22,29.803085536967785,32.2,368.0,1.8311807750630198,5.4,12.086428571428574,21.658333333333335,9.571904761904761,True,0.0,hospital_corridor,28,12,"[11, 29, 47, 53, 61, 73, 89, 97, 101, 109]","[3.4272441206332567, 4.714205382923877, 0.7800362244220189, 0.5, 1.0]","{""time"": 0.0, ""collisions"": 0.05, ""congestion"": 1.0, ""fairness"": 1.0, ""incomplete_base"": 1000.0, ""incomplete_agent"": 10.0}","[33.81160714285714, 36.72073170731707, 26.009206890947507, 33.33952380952381, 29.36634491634492, 20.75186952037133, 27.795652173913044, 31.152272727272727, 36.6167537746806, 22.46689270644967]","[32.0, 36.9, 29.3, 35.0, 29.6, 27.700000000000003, 32.2, 30.8, 36.9, 31.6]"
ga,6,23,13.334308519778281,36.379999999999995,18.7,1.7714513769211355,5.3,13.399642857142856,24.0275,10.627857142857145,True,0.0,hospital_corridor,28,12,"[11, 29, 47, 53, 61, 73, 89, 97, 101, 109]","[3.3231372901263496, 4.883672579857809, 0.9315224431887823, 0.5, 1.0]","{""time"": 0.0, ""collisions"": 0.05, ""congestion"": 1.0, ""fairness"": 1.0, ""incomplete_base"": 1000.0, ""incomplete_agent"": 10.0}","[11.61904761904762, 12.626280323450136, 13.781630400504575, 15.576133103843949, 8.453155425739071, 14.073160173160172, 14.734893267651888, 12.523688458434224, 17.493267651888345, 12.461828774062818]","[36.4, 31.8, 30.200000000000003, 41.5, 26.900000000000002, 33.0, 34.800000000000004, 35.4, 60.900000000000006, 32.9]"
ga,7,0,11.97247206182292,33.82,21.7,1.8062815856324423,4.9,13.484642857142859,22.565833333333334,9.081190476190477,True,0.0,hospital_corridor,28,12,"[11, 29, 47, 53, 61, 73, 89, 97, 101, 109]","[3.4609646407523584, 5.0, 0.9260051089556816, 0.5, 1.0]","{""time"": 0.0, ""collisions"": 0.05, ""congestion"": 1.0, ""fairness"": 1.0, ""incomplete_base"": 1000.0, ""incomplete_agent"": 10.0}","[11.388838530335992, 14.696919119406555, 11.941081517352707, 8.620238095238095, 8.859807776321539, 12.022890295358652, 15.526685630004216, 12.094634129311551, 11.952898550724637, 12.620726974175252]","[39.400000000000006, 39.800000000000004, 29.5, 30.8, 32.7, 31.6, 33.9, 34.1, 34.5, 31.900000000000002]"
ga,7,1,12.17971834004137,34.42,19.7,1.7532897686128002,5.2,13.118571428571428,22.560000000000002,9.44142857142857,True,0.0,hospital_corridor,28,12,"[11, 29, 47, 53, 61, 73, 89, 97, 101, 109]","[3.5654452377736323, 4.927648039287493, 0.943505780900328, 0.5, 1.0]","{""time"": 0.0, ""collisions"": 0.05, ""congestion"": 1.0, ""fairness"": 1.0, ""incomplete_base"": 1000.0, ""incomplete_agent"": 10.0}","[14.948475505310036, 9.421048227597748, 11.924066924066926, 10.60950782997763, 10.767615985300871, 13.054436020218143, 13.69545369328834, 12.602106227106226, 12.830222734254995, 11.944250253292807]","[41.7, 31.3, 29.6, 29.8, 31.1, 35.800000000000004, 38.1, 42.900000000000006, 31.0, 32.9]"
ga,7,2,1019.200833069484,38.67999999999999,34.2,1.8917259266268693,5.4,13.207142857142859,21.806250000000002,8.599107142857143,False,0.7,hospital_corridor,28,12,"[11, 29, 47, 53, 61, 73, 89, 97, 101, 109]","[3.8458487188228974, 5.0, 0.9350756151333208, 0.5, 1.0]","{""time"": 0.0, ""collisions"": 0.05, ""congestion"": 1.0, ""fairness"": 1.0, ""incomplete_base"": 1000.0, ""incomplete_agent"": 10.0}","[1083.9195, 13.942521367521367, 11.459388807069217, 9.892226890756303, 9.531162464985995, 13.035623869801086, 14.438054882970139, 11.915539196179864, 12.041464891041162, 11.832848324514991]","[100.0, 35.1, 29.1, 30.6, 27.200000000000003, 31.6, 35.4, 35.9, 29.5, 32.4]"
ga,7,3,13.9884678153345,38.36,25.0,1.7488249581916424,5.2,14.022857142857145,25.0125,10.989642857142858,True,0.0,hospital_corridor,28,12,"[11, 29, 47, 53, 61, 73, 89, 97, 101, 109]","[3.461212749858639, 5.0, 0.9309986427519359, 0.5, 1.0]","{""time"": 0.0, ""collisions"": 0.05, ""congestion"": 1.0, ""fairness"": 1.0, ""incomplete_base"": 1000.0, ""incomplete_agent"": 10.0}","[13.96448965024982, 17.215396825396827, 16.98106947697112, 14.738624010398203, 9.98468720821662, 16.663116688116688, 14.359261544790705, 12.744903806794923, 11.171150920432071, 12.061978021978023]","[46.7, 45.0, 42.7, 40.300000000000004, 30.6, 33.300000000000004, 46.300000000000004, 34.9, 31.3, 32.5]"
ga,7,4,12.99581398051713,34.7,26.3,1.8615282662314143,5.3,13.275714285714287,23.095,9.819285714285716,True,0.0,hospital_corridor,28,12,"[11, 29, 47, 53, 61, 73, 89, 97, 101, 109]","[3.419215009212609, 4.684789838961223, 0.9164260788500999, 0.5, 1.0]","{""time"": 0.0, ""collisions"": 0.05, ""congestion"": 1.0, ""fairness"": 1.0, ""incomplete_base"": 1000.0, ""incomplete_agent"": 10.0}","[13.425202634245188, 11.601587301587305, 11.821526084836666, 11.401115129596143, 11.746511627906976, 13.256972789115649, 16.352634660421547, 15.857590759075908, 12.21148233486943, 12.283516483516484]","[37.6, 31.5, 29.3, 31.6, 34.4, 29.400000000000002, 36.6, 50.5, 31.0, 35.1]"
ga,7,5,12.886534170560061,33.97,31.8,1.775462741988631,5.3,13.188928571428571,22.71,9.52107142857143,True,0.0,hospital_corridor,28,12,"[11, 29, 47, 53, 61, 73, 89, 97, 101, 109]","[3.4712302939251476, 4.703990622639451, 0.9165016765364041, 0.5, 1.0]","{""time"": 0.0, ""collisions"": 0.05, ""congestion"": 1.0, ""fairness"": 1.0, ""incomplete_base"": 1000.0, ""incomplete_agent"": 10.0}","[12.86212671509282, 14.503663003663007, 12.727229299363056, 12.668586789554531, 9.934680134680136, 12.783571428571431, 16.55266106442577, 12.684885473176614, 12.256926406926405, 11.891011390146838]","[35.4, 36.4, 31.400000000000002, 31.0, 29.700000000000003, 30.0, 40.800000000000004, 39.5, 30.8, 34.7]"
ga,7,6,12.797282048097738,34.269999999999996,23.0,1.8353772861929774,5.5,12.86142857142857,22.67333333333334,9.811904761904762,True,0.0,hospital_corridor,28,12,"[11, 29, 47, 53, 61, 73, 89, 97, 101, 109]","[3.511923965355101, 4.883994234989478, 0.9133687929531271, 0.5, 1.0]","{""time"": 0.0, ""collisions"": 0.05, ""congestion"": 1.0, ""fairness"": 1.0, ""incomplete_base"": 1000.0, ""incomplete_agent"": 10.0}","[11.623912255257434, 16.4000164885899, 11.94785876808061, 13.095000698226507, 8.005361686659398, 12.620825179386824, 14.60663124754034, 15.73809523809524, 12.114227642276422, 11.82089127686473]","[39.400000000000006, 36.1, 29.3, 34.1, 26.200000000000003, 29.200000000000003, 36.300000000000004, 45.400000000000006, 32.800000000000004, 33.9]"
ga,7,7,12.407042148506154,32.78,24.4,1.821923100887106,4.9,12.928214285714285,22.293333333333333,9.365119047619048,True,0.0,hospital_corridor,28,12,"[11, 29, 47, 53, 61, 73, 89, 97, 101, 109]","[3.453766004454362, 4.805179365139484, 0.9119038170427254, 0.5, 1.0]","{""time"": 0.0, ""collisions"": 0.05, ""congestion"": 1.0, ""fairness"": 1.0, ""incomplete_base"": 1000.0, ""incomplete_agent"": 10.0}","[14.032878435927218, 12.836371603856268, 10.890193704600485, 11.38814699792961, 8.937311472631757, 12.490747842761266, 16.457975502339664, 12.442611176702087, 12.442328042328043, 12.151856705985146]","[36.9, 32.6, 29.5, 32.2, 28.1, 29.8, 34.6, 36.300000000000004, 35.1, 32.7]"
ga,7,8,13.122440718888509,34.05,35.1,1.710178814126603,5.3,12.80857142857143,22.465833333333332,9.657261904761905,True,0.0,hospital_corridor,28,12,"[11, 29, 47, 53, 61, 73, 89, 97, 101, 109]","[3.537967901266401, 4.762374756657269, 0.9159004557852566, 0.5, 1.0]","{""time"": 0.0, ""collisions"": 0.05, ""congestion"": 1.0, ""fairness"": 1.0, ""incomplete_base"": 1000.0, ""incomplete_agent"": 10.0}","[19.38255345522157, 10.557515594097062, 11.896267150928168, 9.204268292682928, 10.53316326530612, 13.337229437229439, 14.588682322243967, 12.637002609262883, 16.037092731829574, 13.050632330083367]","[46.1, 31.3, 29.5, 28.700000000000003, 29.400000000000002, 30.8, 36.5, 36.5, 38.0, 33.7]"
ga,7,9,12.62291133739027,33.230000000000004,32.3,1.8425541945331283,5.5,12.907142857142858,22.0725,9.165357142857143,True,0.0,hospital_corridor,28,12,"[11, 29, 47, 53, 61, 73, 89, 97, 101, 109]","[3.537967901266401, 4.661665368705158, 0.9159004557852566, 0.5, 1.0]","{""time"": 0.0, ""collisions"": 0.05, ""congestion"": 1.0, ""fairness"": 1.0, ""incomplete_base"": 1000.0, ""incomplete_agent"": 10.0}","[18.002380952380953, 11.950805860805861, 11.379282463838779, 11.079159132007234, 8.71906779661017, 12.613957307060755, 15.85439416604338, 12.167541512282147, 12.52111631537861, 11.941407867494826]","[44.800000000000004, 32.5, 29.3, 31.6, 29.5, 29.0, 38.2, 34.7, 30.5, 32.2]"
ga,7,10,13.79023829509552,36.2,40.0,1.8261906760479003,5.1,13.554285714285715,23.518333333333334,9.96404761904762,True,0.0,hospital_corridor,28,12,"[11, 29, 47, 53, 61, 73, 89, 97, 101, 109]","[3.5708071946130224, 4.8011036558518265, 0.9199658239879769, 0.5, 1.0]","{""time"": 0.0, ""collisions"": 0.05, ""congestion"": 1.0, ""fairness"": 1.0, ""incomplete_base"": 1000.0, ""incomplete_agent"": 10.0}","[25.2647209421403, 9.578100597152044, 11.679158512720157, 10.529479626902308, 12.243109668109668, 11.75404761904762, 16.840875912408762, 11.645626003210275, 16.868238095238095, 11.499025974025976]","[55.800000000000004, 31.1, 29.200000000000003, 29.1, 39.6, 30.0, 41.1, 35.6, 37.5, 33.0]"
ga,7,11,153.43283922140122,30.25,2858.8,1.983791602353591,6.2,11.679285714285715,20.188333333333333,8.509047619047617,True,0.0,hospital_corridor,28,12,"[11, 29, 47, 53, 61, 73, 89, 97, 101, 109]","[3.2877008165913315, 4.864241221637437, 0.6265040315699821, 0.5, 1.0]","{""time"": 0.0, ""collisions"": 0.05, ""congestion"": 1.0, ""fairness"": 1.0, ""incomplete_base"": 1000.0, ""incomplete_agent"": 10.0}","[206.80032928064844, 157.9906746031746, 123.34372631405505, 138.71874039938555, 158.8747484909457, 101.28793995859213, 161.05089558759283, 187.19166666666666, 143.565, 155.50467091295116]","[32.9, 28.8, 28.900000000000002, 31.0, 28.400000000000002, 27.6, 32.7, 30.8, 30.0, 31.400000000000002]"
ga,7,12,15.784113403735814,35.93,67.1,1.7207800704024816,5.3,12.75,23.458333333333336,10.708333333333332,True,0.0,hospital_corridor,28,12,"[11, 29, 47, 53, 61, 73, 89, 97, 101, 109]","[4.045729693501416, 4.661229665803205, 0.9159004557852566, 0.5, 1.0]","{""time"": 0.0, ""collisions"": 0.05, ""congestion"": 1.0, ""fairness"": 1.0, ""incomplete_base"": 1000.0, ""incomplete_agent"": 10.0}","[17.854125138427463, 17.915577078288948, 14.818262278733485, 24.767256443861953, 11.253524743230628, 16.136301369863013, 15.082480454868517, 14.089236838430386, 13.03081271614791, 12.89355697550586]","[34.4, 41.300000000000004, 38.2, 43.6, 30.6, 36.5, 33.5, 34.1, 35.800000000000004, 31.3]"
ga,7,13,12.83782507496656,35.88,22.5,1.7085393606808457,5.4,13.233214285714286,23.237500000000004,10.004285714285714,True,0.0,hospital_corridor,28,12,"[11, 29, 47, 53, 61, 73, 89, 97, 101, 109]","[3.165465153048018, 4.94501420212776, 0.9101932405020875, 0.5, 1.0]","{""time"": 0.0, ""collisions"": 0.05, ""congestion"": 1.0, ""fairness"": 1.0, ""incomplete_base"": 1000.0, ""incomplete_agent"": 10.0}","[15.415820356578655, 9.792063492063491, 13.721251768033948, 12.401931716082661, 11.240517747139924, 12.69559748427673, 14.219954491491889, 13.269597069597069, 13.279166666666669, 12.342349957734575]","[42.2, 31.5, 30.3, 31.8, 48.7, 31.8, 36.1, 39.0, 33.6, 33.800000000000004]"
ga,7,14,13.43204004642773,31.74,41.5,1.838944808332491,5.3,12.06857142857143,21.58666666666667,9.518095238095238,True,0.0,hospital_corridor,28,12,"[11, 29, 47, 53, 61, 73, 89, 97, 101, 109]","[3.992910072462943, 4.661229665803205, 0.9159004557852566, 0.5, 1.0]","{""time"": 0.0, ""collisions"": 0.05, ""congestion"": 1.0, ""fairness"": 1.0, ""incomplete_base"": 1000.0, ""incomplete_agent"": 10.0}","[17.25364885791715, 13.982745629897531, 11.261634756995583, 11.560870927318298, 11.233979015334949, 12.385680632677099, 14.151036866359448, 16.153399541634837, 14.10595238095238, 12.231451855190027]","[36.9, 31.6, 29.1, 30.400000000000002, 29.5, 28.3, 31.0, 37.4, 31.5, 31.700000000000003]"
ga,7,15,13.120878838377124,34.099999999999994,43.7,1.6798074098056965,5.1,12.851428571428574,22.107500000000005,9.256071428571428,True,0.0,hospital_corridor,28,12,"[11, 29, 47, 53, 61, 73, 89, 97, 101, 109]","[3.537967901266401, 4.246599558773863, 0.9159004557852566, 0.5, 1.0]","{""time"": 0.0, ""collisions"": 0.05, ""congestion"": 1.0, ""fairness"": 1.0, ""incomplete_base"": 1000.0, ""incomplete_agent"": 10.0}","[13.798076923076923, 10.11117216117216, 13.374258391881344, 15.015238095238093, 8.698333333333334, 13.550160875160874, 14.91178468505558, 11.886904761904761, 16.483724895793863, 13.379134261154318]","[39.0, 31.200000000000003, 30.5, 35.0, 30.0, 29.6, 34.7, 38.400000000000006, 37.7, 34.9]"
ga,7,16,13.173648356530533,34.88,23.4,1.7113864517686288,5.0,13.01107142857143,23.303333333333335,10.292261904761904,True,0.0,hospital_corridor,28,12,"[11, 29, 47, 53, 61, 73, 89, 97, 101, 109]","[3.538901653561618, 4.735910664724772, 0.9338945641317055, 0.5, 1.0]","{""time"": 0.0, ""collisions"": 0.05, ""congestion"": 1.0, ""fairness"": 1.0, ""incomplete_base"": 1000.0, ""incomplete_agent"": 10.0}","[15.653571428571428, 12.84753694581281, 13.073712998712999, 13.280665024630544, 9.014002828854316, 13.544788710186062, 13.217555331991953, 15.374941927990712, 13.547309101155257, 12.18239926739927]","[40.5, 34.800000000000004, 29.6, 40.6, 30.3, 30.200000000000003, 35.5, 41.0, 33.800000000000004, 32.5]"
ga,7,17,12.96105119382256,34.56000000000001,27.5,1.7578369081082734,5.4,13.189285714285717,23.017500000000002,9.828214285714285,True,0.0,hospital_corridor,28,12,"[11, 29, 47, 53, 61, 73, 89, 97, 101, 109]","[3.5645114854784157, 4.852967040365925, 0.9255116725538791, 0.5, 1.0]","{""time"": 0.0, ""collisions"": 0.05, ""congestion"": 1.0, ""fairness"": 1.0, ""incomplete_base"": 1000.0, ""incomplete_agent"": 10.0}","[17.14459706959707, 15.175519070187319, 11.366836734693878, 15.240706707086018, 7.766555493792847, 11.948789208516171, 14.550730994152048, 12.394030692845858, 12.534884442376299, 11.48786152497809]","[41.6, 42.2, 29.400000000000002, 37.7, 25.700000000000003, 29.3, 34.2, 42.2, 30.700000000000003, 32.6]"
ga,7,18,13.052886533282054,36.330000000000005,27.5,1.7926484380439596,5.4,14.14892857142857,24.034166666666664,9.885238095238094,True,0.0,hospital_corridor,28,12,"[11, 29, 47, 53, 61, 73, 89, 97, 101, 109]","[3.155875817069817, 4.933814580130405, 0.9112670407190355, 0.5, 1.0]","{""time"": 0.0, ""collisions"": 0.05, ""congestion"": 1.0, ""fairness"": 1.0, ""incomplete_base"": 1000.0, ""incomplete_agent"": 10.0}","[14.141815476190475, 9.896817979528262, 14.210746901500325, 12.235714285714288, 7.642857142857142, 15.59482038429407, 15.7936044490789, 15.474427365883061, 13.116110128261834, 12.421951219512195]","[44.800000000000004, 32.1, 36.5, 42.0, 28.0, 34.2, 41.1, 39.5, 32.300000000000004, 32.800000000000004]"
ga,7,19,12.841017035153953,34.2,22.6,1.8178027494396674,5.5,13.369285714285715,23.262500000000003,9.893214285714286,True,0.0,hospital_corridor,28,12,"[11, 29, 47, 53, 61, 73, 89, 97, 101, 109]","[3.1568833004476105, 4.883326276214897, 0.9109654495190322, 0.5, 1.0]","{""time"": 0.0, ""collisions"": 0.05, ""congestion"": 1.0, ""fairness"": 1.0, ""incomplete_base"": 1000.0, ""incomplete_agent"": 10.0}","[15.506863792898704, 9.932971669680533, 13.376190476190477, 12.29345722028649, 10.90011614401858, 12.49032738095238, 14.417740046838407, 13.99206247716478, 12.857375145180024, 12.643065998329158]","[40.1, 31.6, 30.0, 36.9, 28.700000000000003, 32.0, 36.6, 39.1, 32.800000000000004, 34.2]"
ga,7,20,13.07605990095658,36.36000000000001,19.9,1.8918932342899115,5.3,14.1,24.289166666666667,10.189166666666669,True,0.0,hospital_corridor,28,12,"[11, 29, 47, 53, 61, 73, 89, 97, 101, 109]","[3.2452337828873072, 4.898853367838211, 0.9321233157312743, 0.5, 1.0]","{""time"": 0.0, ""collisions"": 0.05, ""congestion"": 1.0, ""fairness"": 1.0, ""incomplete_base"": 1000.0, ""incomplete_agent"": 10.0}","[9.674299719887955, 13.80358773646445, 14.585571149280826, 13.457018479033408, 8.221611721611723, 14.081722689075631, 15.53827639751553, 13.132866905304263, 14.726959130108739, 13.538685081283269]","[35.7, 36.5, 34.1, 40.2, 31.200000000000003, 34.0, 36.800000000000004, 43.900000000000006, 38.1, 33.1]"
ga,7,21,1133.7259463244359,100.0,8.2,0.43010000000000004,3.7,14.485739534150062,25.37158585858586,10.885846324435798,False,12.2,hospital_corridor,28,12,"[11, 29, 47, 53, 61, 73, 89, 97, 101, 109]","[3.228741705891216, 4.358532855595359, 1.3572563952854089, 0.5, 1.0]","{""time"": 0.0, ""collisions"": 0.05, ""congestion"": 1.0, ""fairness"": 1.0, ""incomplete_base"": 1000.0, ""incomplete_agent"": 10.0}","[1118.377105263158, 1161.8654935064935, 1119.3595555555555, 1125.5280701754386, 1119.873947368421, 1112.5680454545454, 1159.734515151515, 1083.9102692307692, 1071.147, 1264.8954615384616]","[100.0, 100.0, 100.0, 100.0, 100.0, 100.0, 100.0, 100.0, 100.0, 100.0]"
ga,7,22,13.224165859653949,34.49,29.8,1.743689669177758,5.0,13.302857142857144,23.293333333333333,9.99047619047619,True,0.0,hospital_corridor,28,12,"[11, 29, 47, 53, 61, 73, 89, 97, 101, 109]","[3.224110829045191, 4.3467076470361175, 0.9332600362429581, 0.5, 1.0]","{""time"": 0.0, ""collisions"": 0.05, ""congestion"": 1.0, ""fairness"": 1.0, ""incomplete_base"": 1000.0, ""incomplete_agent"": 10.0}","[14.832426303854875, 15.080623973727423, 11.801347117794485, 11.946035598705503, 7.450457875457875, 13.17786901464187, 16.662065637065638, 14.541465863453814, 13.661160714285714, 13.088206497552292]","[44.1, 34.800000000000004, 30.400000000000002, 30.900000000000002, 26.0, 36.1, 37.0, 41.5, 32.0, 32.1]"
ga,7,23,12.226262526262666,35.59000000000001,23.9,1.8461434786436164,5.4,14.033214285714289,23.218333333333334,9.185119047619049,True,0.0,hospital_corridor,28,12,"[11, 29, 47, 53, 61, 73, 89, 97, 101, 109]","[3.4618501372483528, 5.0, 0.9400691489295753, 0.5, 1.0]","{""time"": 0.0, ""collisions"": 0.05, ""congestion"": 1.0, ""fairness"": 1.0, ""incomplete_base"": 1000.0, ""incomplete_agent"": 10.0}","[14.52195318805488, 11.135936804628393, 11.293416903185115, 9.68639910813824, 7.9415879192143795, 12.047474955400027, 14.99495798319328, 13.303277153558053, 14.675749250749252, 12.661871996505027]","[47.2, 32.1, 30.200000000000003, 29.900000000000002, 25.700000000000003, 34.7, 34.0, 35.6, 42.900000000000006, 43.6]"
ga,8,0,11.97247206182292,33.82,21.7,1.8062815856324423,4.9,13.484642857142859,22.565833333333334,9.081190476190477,True,0.0,hospital_corridor,28,12,"[11, 29, 47, 53, 61, 73, 89, 97, 101, 109]","[3.4609646407523584, 5.0, 0.9260051089556816, 0.5, 1.0]","{""time"": 0.0, ""collisions"": 0.05, ""congestion"": 1.0, ""fairness"": 1.0, ""incomplete_base"": 1000.0, ""incomplete_agent"": 10.0}","[11.388838530335992, 14.696919119406555, 11.941081517352707, 8.620238095238095, 8.859807776321539, 12.022890295358652, 15.526685630004216, 12.094634129311551, 11.952898550724637, 12.620726974175252]","[39.400000000000006, 39.800000000000004, 29.5, 30.8, 32.7, 31.6, 33.9, 34.1, 34.5, 31.900000000000002]"
ga,8,1,12.17971834004137,34.42,19.7,1.7532897686128002,5.2,13.118571428571428,22.560000000000002,9.44142857142857,True,0.0,hospital_corridor,28,12,"[11, 29, 47, 53, 61, 73, 89, 97, 101, 109]","[3.5654452377736323, 4.927648039287493, 0.943505780900328, 0.5, 1.0]","{""time"": 0.0, ""collisions"": 0.05, ""congestion"": 1.0, ""fairness"": 1.0, ""incomplete_base"": 1000.0, ""incomplete_agent"": 10.0}","[14.948475505310036, 9.421048227597748, 11.924066924066926, 10.60950782997763, 10.767615985300871, 13.054436020218143, 13.69545369328834, 12.602106227106226, 12.830222734254995, 11.944250253292807]","[41.7, 31.3, 29.6, 29.8, 31.1, 35.800000000000004, 38.1, 42.900000000000006, 31.0, 32.9]"
ga,8,2,11.97247206182292,33.82,21.7,1.8062815856324423,4.9,13.484642857142859,22.565833333333334,9.081190476190477,True,0.0,hospital_corridor,28,12,"[11, 29, 47, 53, 61, 73, 89, 97, 101, 109]","[3.4609646407523584, 5.0, 0.9260051089556816, 0.5, 1.0]","{""time"": 0.0, ""collisions"": 0.05, ""congestion"": 1.0, ""fairness"": 1.0, ""incomplete_base"": 1000.0, ""incomplete_agent"": 10.0}","[11.388838530335992, 14.696919119406555, 11.941081517352707, 8.620238095238095, 8.859807776321539, 12.022890295358652, 15.526685630004216, 12.094634129311551, 11.952898550724637, 12.620726974175252]","[39.400000000000006, 39.800000000000004, 29.5, 30.8, 32.7, 31.6, 33.9, 34.1, 34.5, 31.900000000000002]"
ga,8,3,12.226262526262666,35.59000000000001,23.9,1.8461434786436164,5.4,14.033214285714289,23.218333333333334,9.185119047619049,True,0.0,hospital_corridor,28,12,"[11, 29, 47, 53, 61, 73, 89, 97, 101, 109]","[3.4618501372483528, 5.0, 0.9400691489295753, 0.5, 1.0]","{""time"": 0.0, ""collisions"": 0.05, ""congestion"": 1.0, ""fairness"": 1.0, ""incomplete_base"": 1000.0, ""incomplete_agent"": 10.0}","[14.52195318805488, 11.135936804628393, 11.293416903185115, 9.68639910813824, 7.9415879192143795, 12.047474955400027, 14.99495798319328, 13.303277153558053, 14.675749250749252, 12.661871996505027]","[47.2, 32.1, 30.200000000000003, 29.900000000000002, 25.700000000000003, 34.7, 34.0, 35.6, 42.900000000000006, 43.6]"
ga,8,4,11.97247206182292,33.82,21.7,1.8062815856324423,4.9,13.484642857142859,22.565833333333334,9.081190476190477,True,0.0,hospital_corridor,28,12,"[11, 29, 47, 53, 61, 73, 89, 97, 101, 109]","[3.4609646407523584, 5.0, 0.9260051089556816, 0.5, 1.0]","{""time"": 0.0, ""collisions"": 0.05, ""congestion"": 1.0, ""fairness"": 1.0, ""incomplete_base"": 1000.0, ""incomplete_agent"": 10.0}","[11.388838530335992, 14.696919119406555, 11.941081517352707, 8.620238095238095, 8.859807776321539, 12.022890295358652, 15.526685630004216, 12.094634129311551, 11.952898550724637, 12.620726974175252]","[39.400000000000006, 39.800000000000004, 29.5, 30.8, 32.7, 31.6, 33.9, 34.1, 34.5, 31.900000000000002]"
ga,8,5,14.372104331707725,36.11,38.0,1.799723379326771,5.4,13.696785714285715,24.369166666666672,10.672380952380953,True,0.0,hospital_corridor,28,12,"[11, 29, 47, 53, 61, 73, 89, 97, 101, 109]","[3.1568833004476105, 4.678133639644813, 0.9109654495190322, 0.5, 1.0]","{""time"": 0.0, ""collisions"": 0.05, ""congestion"": 1.0, ""fairness"": 1.0, ""incomplete_base"": 1000.0, ""incomplete_agent"": 10.0}","[28.332918673087214, 9.713492063492062, 15.866911285061969, 8.264880952380954, 9.981766917293234, 14.867063492063492, 15.482450076804916, 13.235022148394243, 13.178535891968728, 14.798001816530427]","[53.400000000000006, 31.5, 36.5, 33.6, 28.5, 31.5, 37.2, 38.7, 33.5, 36.7]"
ga,8,6,13.47643380372051,35.39,32.1,1.824767137053843,5.1,13.084999999999999,23.131666666666668,10.046666666666667,True,0.0,hospital_corridor,28,12,"[11, 29, 47, 53, 61, 73, 89, 97, 101, 109]","[3.5132925835631714, 4.704902393583073, 0.9151606425811248, 0.5, 1.0]","{""time"": 0.0, ""collisions"": 0.05, ""congestion"": 1.0, ""fairness"": 1.0, ""incomplete_base"": 1000.0, ""incomplete_agent"": 10.0}","[15.414016172506738, 14.732123499806427, 11.919027441485069, 9.455735930735932, 11.893048527312832, 13.294745484400659, 15.03480741327002, 16.90586673518328, 14.233730158730161, 11.881236673773989]","[42.400000000000006, 36.9, 29.5, 30.8, 36.7, 34.800000000000004, 36.1, 41.7, 31.5, 33.5]"
ga,8,7,13.908099290122994,33.74000000000001,46.9,1.9555992901229922,6.0,12.637500000000001,22.245,9.607500000000002,True,0.0,hospital_corridor,28,12,"[11, 29, 47, 53, 61, 73, 89, 97, 101, 109]","[4.135621492402811, 4.840757210111563, 0.914108606157259, 0.5, 1.0]","{""time"": 0.0, ""collisions"": 0.05, ""congestion"": 1.0, ""fairness"": 1.0, ""incomplete_base"": 1000.0, ""incomplete_agent"": 10.0}","[18.55075187969925, 12.937278124617457, 13.919386125057052, 12.832668881506091, 10.459939858296263, 14.590169106511864, 16.86313753927967, 14.639042207792208, 11.963573970513472, 12.3250452079566]","[45.6, 38.900000000000006, 31.3, 30.1, 28.900000000000002, 28.3, 39.400000000000006, 35.2, 28.1, 31.6]"
ga,8,8,18.4575849993492,32.720000000000006,141.8,1.8988945231587233,5.4,12.754642857142859,22.223333333333336,9.468690476190476,True,0.0,hospital_corridor,28,12,"[11, 29, 47, 53, 61, 73, 89, 97, 101, 109]","[3.4551778121697243, 4.875771716635812, 0.8320514608099631, 0.5, 1.0]","{""time"": 0.0, ""collisions"": 0.05, ""congestion"": 1.0, ""fairness"": 1.0, ""incomplete_base"": 1000.0, ""incomplete_agent"": 10.0}","[38.67205882352941, 17.33396065012832, 13.987755102040817, 20.826190476190476, 8.89616402116402, 14.080691569914187, 16.10188087774295, 17.22948328267477, 17.057585825027687, 20.390079365079362]","[40.800000000000004, 33.4, 29.400000000000002, 32.0, 32.4, 28.3, 31.900000000000002, 32.9, 30.1, 36.0]"
ga,8,9,12.12763488499365,32.5,19.7,1.8619205992793657,5.2,12.756785714285714,22.0375,9.280714285714286,True,0.0,hospital_corridor,28,12,"[11, 29, 47, 53, 61, 73, 89, 97, 101, 109]","[3.510512157639739, 4.81340188349315, 0.9130741667035864, 0.5, 1.0]","{""time"": 0.0, ""collisions"": 0.05, ""congestion"": 1.0, ""fairness"": 1.0, ""incomplete_base"": 1000.0, ""incomplete_agent"": 10.0}","[10.66417649628659, 14.119513457556938, 12.430992736077483, 9.420864661654134, 8.645346320346322, 12.442154042825186, 17.076125876707277, 12.35892857142857, 12.676976845784186, 11.441269841269843]","[32.7, 34.5, 29.5, 28.5, 30.8, 29.8, 38.7, 33.6, 32.7, 34.2]"
ga,8,10,12.955779113605672,35.55,16.8,1.8423267326532902,5.4,13.313214285714286,23.58666666666667,10.273452380952381,True,0.0,hospital_corridor,28,12,"[11, 29, 47, 53, 61, 73, 89, 97, 101, 109]","[3.5654452377736323, 5.0, 0.943505780900328, 0.5, 1.0]","{""time"": 0.0, ""collisions"": 0.05, ""congestion"": 1.0, ""fairness"": 1.0, ""incomplete_base"": 1000.0, ""incomplete_agent"": 10.0}","[13.786732097419119, 12.521925211802511, 10.69332611832612, 13.212087912087911, 10.125430597771025, 10.943440555029959, 15.6816653934301, 12.108430120015488, 14.147226477722459, 16.337526652452027]","[39.300000000000004, 32.6, 29.700000000000003, 39.0, 32.9, 30.200000000000003, 37.4, 36.9, 37.300000000000004, 40.2]"
ga,8,11,14.978768678575936,36.36,49.5,1.7913877261949818,5.2,13.081785714285719,23.79416666666667,10.712380952380954,True,0.0,hospital_corridor,28,12,"[11, 29, 47, 53, 61, 73, 89, 97, 101, 109]","[4.056913870473389, 4.927648039287493, 0.943505780900328, 0.5, 1.0]","{""time"": 0.0, ""collisions"": 0.05, ""congestion"": 1.0, ""fairness"": 1.0, ""incomplete_base"": 1000.0, ""incomplete_agent"": 10.0}","[19.720404595404595, 18.32750820042982, 13.8249192897498, 14.794258946182024, 9.251024363233665, 12.302175697865355, 16.16552731522057, 16.560744941753526, 15.850263220866236, 12.990860215053765]","[42.900000000000006, 42.1, 29.5, 33.800000000000004, 30.1, 29.0, 32.6, 46.6, 39.800000000000004, 37.2]"
ga,8,12,13.122788910943676,37.85,16.5,1.8225508157055799,5.6,14.433928571428572,24.909166666666668,10.475238095238096,True,0.0,hospital_corridor,28,12,"[11, 29, 47, 53, 61, 73, 89, 97, 101, 109]","[2.9831106035599633, 5.0, 0.9219868500930686, 0.5, 1.0]","{""time"": 0.0, ""collisions"": 0.05, ""congestion"": 1.0, ""fairness"": 1.0, ""incomplete_base"": 1000.0, ""incomplete_agent"": 10.0}","[13.981313294548588, 9.81904761904762, 15.40987554112554, 8.585137085137085, 6.7802380952380945, 13.594897959183674, 17.68963802704853, 15.613112491373359, 15.363275613275615, 14.391353383458648]","[44.2, 32.4, 35.2, 29.700000000000003, 30.0, 34.300000000000004, 41.900000000000006, 41.400000000000006, 49.5, 39.900000000000006]"
ga,8,13,12.805851115752004,34.010000000000005,22.0,1.7351368300377188,5.2,13.004285714285714,22.975,9.970714285714285,True,0.0,hospital_corridor,28,12,"[11, 29, 47, 53, 61, 73, 89, 97, 101, 109]","[3.236574186495709, 4.967148831059378, 0.9149837083816452, 0.5, 1.0]","{""time"": 0.0, ""collisions"": 0.05, ""congestion"": 1.0, ""fairness"": 1.0, ""incomplete_base"": 1000.0, ""incomplete_agent"": 10.0}","[14.126559934318554, 14.564285714285713, 11.373598502946331, 10.95828173374613, 7.584956709956712, 11.900457875457878, 14.338299131807418, 15.252903739061257, 13.486012874205056, 14.473154941735002]","[40.6, 37.800000000000004, 29.900000000000002, 32.300000000000004, 26.400000000000002, 31.200000000000003, 36.2, 41.900000000000006, 30.700000000000003, 33.1]"
ga,8,14,14.009303883484316,35.74999999999999,40.4,1.7106134072938395,5.4,12.969642857142858,23.248333333333335,10.278690476190476,True,0.0,hospital_corridor,28,12,"[11, 29, 47, 53, 61, 73, 89, 97, 101, 109]","[3.500491797842307, 4.604081889697612, 0.9124200830738198, 0.5, 1.0]","{""time"": 0.0, ""collisions"": 0.05, ""congestion"": 1.0, ""fairness"": 1.0, ""incomplete_base"": 1000.0, ""incomplete_agent"": 10.0}","[21.613981762917938, 15.56070837764386, 14.04325396825397, 9.351911468812878, 9.457849071832126, 12.771887697058347, 16.129400157853198, 12.027629233511586, 17.233333333333334, 11.903083763625933]","[47.0, 40.300000000000004, 37.800000000000004, 28.400000000000002, 29.5, 29.3, 36.2, 37.4, 38.400000000000006, 33.2]"
ga,8,15,13.221932930682048,34.68,37.3,1.6346710259201438,4.8,12.803571428571427,22.525833333333335,9.722261904761904,True,0.0,hospital_corridor,28,12,"[11, 29, 47, 53, 61, 73, 89, 97, 101, 109]","[3.491242107878456, 4.447697034215735, 0.9153841897541621, 0.5, 1.0]","{""time"": 0.0, ""collisions"": 0.05, ""congestion"": 1.0, ""fairness"": 1.0, ""incomplete_base"": 1000.0, ""incomplete_agent"": 10.0}","[13.132355540824221, 19.431457925636007, 11.449517374517376, 11.843443496801708, 9.526833976833979, 13.496825396825397, 15.29839630066903, 12.722966827180311, 12.735497835497835, 12.582034632034631]","[43.1, 43.800000000000004, 29.6, 33.5, 29.6, 31.5, 36.300000000000004, 35.6, 30.8, 33.0]"
ga,8,16,13.388761041418384,35.339999999999996,29.4,1.693641993799337,5.3,12.893214285714288,23.118333333333332,10.225119047619046,True,0.0,hospital_corridor,28,12,"[11, 29, 47, 53, 61, 73, 89, 97, 101, 109]","[3.5058553620061734, 4.690150614955889, 0.9163183470420423, 0.5, 1.0]","{""time"": 0.0, ""collisions"": 0.05, ""congestion"": 1.0, ""fairness"": 1.0, ""incomplete_base"": 1000.0, ""incomplete_agent"": 10.0}","[18.003103044496488, 13.73957478552779, 11.507043056743655, 13.27967032967033, 10.97948375611927, 12.64150481945044, 15.765719696969699, 12.292587765033021, 13.21875, 12.46017316017316]","[42.7, 38.300000000000004, 33.4, 32.5, 32.1, 33.1, 35.2, 41.1, 32.0, 33.0]"
ga,8,17,13.363913265211403,34.06,37.9,1.8904608842590218,5.2,13.138214285714287,22.71666666666667,9.578452380952381,True,0.0,hospital_corridor,28,12,"[11, 29, 47, 53, 61, 73, 89, 97, 101, 109]","[3.5033428331853753, 4.67550537638872, 0.9160837852796184, 0.5, 1.0]","{""time"": 0.0, ""collisions"": 0.05, ""congestion"": 1.0, ""fairness"": 1.0, ""incomplete_base"": 1000.0, ""incomplete_agent"": 10.0}","[19.258928571428573, 13.182579867389993, 11.284605070697221, 11.903523489932887, 10.440543575920936, 12.898865452221157, 16.859686147186153, 11.697231065128005, 14.23347879344664, 11.879690618762474]","[44.800000000000004, 39.5, 29.3, 29.8, 31.8, 29.8, 35.2, 35.9, 31.1, 33.4]"
ga,8,18,13.059100592498698,33.21,33.0,1.7658863067844124,5.5,12.696785714285713,22.340000000000003,9.643214285714285,True,0.0,hospital_corridor,28,12,"[11, 29, 47, 53, 61, 73, 89, 97, 101, 109]","[3.511923965355101, 4.883994234989478, 0.8994321559907476, 0.5, 1.0]","{""time"": 0.0, ""collisions"": 0.05, ""congestion"": 1.0, ""fairness"": 1.0, ""incomplete_base"": 1000.0, ""incomplete_agent"": 10.0}","[14.20788474810214, 15.5191603660963, 11.60170068027211, 13.744903926482875, 9.171364567332308, 12.827955665024632, 14.952683615819211, 12.327177700348432, 14.339321039988699, 11.89885361552028]","[41.400000000000006, 35.9, 29.400000000000002, 34.2, 27.900000000000002, 29.0, 35.4, 32.800000000000004, 33.7, 32.4]"
ga,8,19,12.744646554979328,35.830000000000005,20.1,1.6935751264078989,5.1,13.46642857142857,23.512499999999996,10.046071428571429,True,0.0,hospital_corridor,28,12,"[11, 29, 47, 53, 61, 73, 89, 97, 101, 109]","[3.0767000306141155, 4.94501420212776, 0.9101932405020875, 0.5, 1.0]","{""time"": 0.0, ""collisions"": 0.05, ""congestion"": 1.0, ""fairness"": 1.0, ""incomplete_base"": 1000.0, ""incomplete_agent"": 10.0}","[15.919744597249508, 12.521539862403884, 12.238972431077695, 10.137040588047299, 7.411586183769281, 14.302619047619046, 13.972428571428573, 14.166891891891893, 13.672924297924299, 13.102718078381796]","[50.900000000000006, 35.300000000000004, 30.400000000000002, 29.8, 28.400000000000002, 40.0, 37.5, 37.0, 35.1, 33.9]"
ga,8,20,1141.4464079640293,100.0,6.4,0.3901,3.7,14.107525369303971,23.843833333333333,9.736307964029361,False,13.1,hospital_corridor,28,12,"[11, 29, 47, 53, 61, 73, 89, 97, 101, 109]","[3.558974527810363, 4.669297766319404, 1.4296069107588, 0.5, 1.0]","{""time"": 0.0, ""collisions"": 0.05, ""congestion"": 1.0, ""fairness"": 1.0, ""incomplete_base"": 1000.0, ""incomplete_agent"": 10.0}","[1108.046, 1188.2739285714285, 1117.8537777777779, 1127.0420350877193, 1120.0888421052632, 1198.9757777777777, 1099.8674106280193, 1128.9521666666667, 1089.7178333333334, 1235.6463076923078]","[100.0, 100.0, 100.0, 100.0, 100.0, 100.0, 100.0, 100.0, 100.0, 100.0]"
ga,8,21,1150.384259462054,37.08,2772.7,1.8530256958201534,6.1,11.275357142857146,20.17159090909091,8.896233766233767,False,0.1,hospital_corridor,28,12,"[11, 29, 47, 53, 61, 73, 89, 97, 101, 109]","[3.5498005680690605, 4.418424807005584, 0.5, 0.5, 1.0]","{""time"": 0.0, ""collisions"": 0.05, ""congestion"": 1.0, ""fairness"": 1.0, ""incomplete_base"": 1000.0, ""incomplete_agent"": 10.0}","[1186.5051948051948, 157.33997493734336, 119.79335839598998, 135.9495238095238, 136.17264474134976, 122.77986618004866, 168.86293995859214, 183.9822798145807, 126.8983508082132, 165.55846116970275]","[100.0, 28.5, 28.5, 30.0, 27.8, 27.400000000000002, 32.2, 33.9, 32.7, 29.8]"
ga,8,22,14.546099133506669,37.91000000000001,41.8,1.7176467525542882,5.0,13.703214285714285,24.44166666666667,10.738452380952381,True,0.0,hospital_corridor,28,12,"[11, 29, 47, 53, 61, 73, 89, 97, 101, 109]","[3.5242143062614226, 4.899102781263243, 0.9193974197207496, 0.5, 1.0]","{""time"": 0.0, ""collisions"": 0.05, ""congestion"": 1.0, ""fairness"": 1.0, ""incomplete_base"": 1000.0, ""incomplete_agent"": 10.0}","[25.19387861228735, 10.598057086336016, 15.123891063274625, 17.241176967240797, 8.469287339509183, 12.460963455149503, 15.405919127427506, 13.49624060150376, 14.29675824175824, 13.17481884057971]","[64.10000000000001, 33.7, 36.5, 42.300000000000004, 29.3, 30.1, 35.800000000000004, 38.0, 32.5, 36.800000000000004]"
ga,8,23,1125.7220093573856,100.0,8.3,0.40820000000000006,4.0,13.701047785471584,24.599857142857143,10.89880935738556,False,11.4,hospital_corridor,28,12,"[11, 29, 47, 53, 61, 73, 89, 97, 101, 109]","[3.553154896867311, 5.0, 1.2347833194316997, 0.5, 1.0]","{""time"": 0.0, ""collisions"": 0.05, ""congestion"": 1.0, ""fairness"": 1.0, ""incomplete_base"": 1000.0, ""incomplete_agent"": 10.0}","[1101.414619047619, 1171.7445555555555, 1109.6807936507937, 1131.8712573099415, 1147.6548345864662, 1129.3739090909091, 1085.024, 1125.8338260869566, 1068.9006666666667, 1185.7216315789474]","[100.0, 100.0, 100.0, 100.0, 100.0, 100.0, 100.0, 100.0, 100.0, 100.0]"
ga,9,0,11.97247206182292,33.82,21.7,1.8062815856324423,4.9,13.484642857142859,22.565833333333334,9.081190476190477,True,0.0,hospital_corridor,28,12,"[11, 29, 47, 53, 61, 73, 89, 97, 101, 109]","[3.4609646407523584, 5.0, 0.9260051089556816, 0.5, 1.0]","{""time"": 0.0, ""collisions"": 0.05, ""congestion"": 1.0, ""fairness"": 1.0, ""incomplete_base"": 1000.0, ""incomplete_agent"": 10.0}","[11.388838530335992, 14.696919119406555, 11.941081517352707, 8.620238095238095, 8.859807776321539, 12.022890295358652, 15.526685630004216, 12.094634129311551, 11.952898550724637, 12.620726974175252]","[39.400000000000006, 39.800000000000004, 29.5, 30.8, 32.7, 31.6, 33.9, 34.1, 34.5, 31.900000000000002]"
ga,9,1,11.97247206182292,33.82,21.7,1.8062815856324423,4.9,13.484642857142859,22.565833333333334,9.081190476190477,True,0.0,hospital_corridor,28,12,"[11, 29, 47, 53, 61, 73, 89, 97, 101, 109]","[3.4609646407523584, 5.0, 0.9260051089556816, 0.5, 1.0]","{""time"": 0.0, ""collisions"": 0.05, ""congestion"": 1.0, ""fairness"": 1.0, ""incomplete_base"": 1000.0, ""incomplete_agent"": 10.0}","[11.388838530335992, 14.696919119406555, 11.941081517352707, 8.620238095238095, 8.859807776321539, 12.022890295358652, 15.526685630004216, 12.094634129311551, 11.952898550724637, 12.620726974175252]","[39.400000000000006, 39.800000000000004, 29.5, 30.8, 32.7, 31.6, 33.9, 34.1, 34.5, 31.900000000000002]"
ga,9,2,12.57348916045258,34.85,25.5,1.80539392235734,5.2,13.666071428571431,23.15916666666667,9.49309523809524,True,0.0,hospital_corridor,28,12,"[11, 29, 47, 53, 61, 73, 89, 97, 101, 109]","[3.4615541805161767, 5.0, 0.9340632954189714, 0.5, 1.0]","{""time"": 0.0, ""collisions"": 0.05, ""congestion"": 1.0, ""fairness"": 1.0, ""incomplete_base"": 1000.0, ""incomplete_agent"": 10.0}","[16.157200166718766, 9.797955974842768, 11.481972789115646, 15.170042643923242, 8.619402396720277, 11.128809523809526, 17.482312061880595, 11.302336389101097, 11.197527472527472, 13.397332185886404]","[45.7, 31.8, 29.400000000000002, 40.2, 30.200000000000003, 30.0, 39.400000000000006, 37.4, 31.200000000000003, 33.2]"
ga,9,3,12.807829328666173,34.540000000000006,19.4,1.8062817096185533,5.1,13.474285714285717,23.505833333333335,10.03154761904762,True,0.0,hospital_corridor,28,12,"[11, 29, 47, 53, 61, 73, 89, 97, 101, 109]","[3.461260597484534, 5.0, 0.9320109624662856, 0.5, 1.0]","{""time"": 0.0, ""collisions"": 0.05, ""congestion"": 1.0, ""fairness"": 1.0, ""incomplete_base"": 1000.0, ""incomplete_agent"": 10.0}","[15.23833039388595, 14.05394223263076, 13.04719531880549, 14.930851777330654, 7.472796934865901, 13.047834050007966, 15.292469545957918, 11.964729921819476, 11.263403184617697, 11.766739926739929]","[48.6, 36.6, 29.5, 42.6, 26.1, 29.900000000000002, 34.4, 33.5, 31.700000000000003, 32.5]"
ga,9,4,13.620577025540127,38.290000000000006,26.2,1.703315120778223,5.1,13.50107142857143,24.108333333333338,10.607261904761904,True,0.0,hospital_corridor,28,12,"[11, 29, 47, 53, 61, 73, 89, 97, 101, 109]","[3.5212342406454, 4.991969349302079, 0.9174534738150034, 0.5, 1.0]","{""time"": 0.0, ""collisions"": 0.05, ""congestion"": 1.0, ""fairness"": 1.0, ""incomplete_base"": 1000.0, ""incomplete_agent"": 10.0}","[14.732254116599915, 18.206800655484866, 12.598363095238096, 11.959043250327657, 10.00014619883041, 12.12404761904762, 17.232368082368087, 13.83310855810856, 13.416625615763547, 12.103013063632533]","[42.800000000000004, 49.400000000000006, 32.0, 32.7, 34.2, 30.0, 44.400000000000006, 42.900000000000006, 40.6, 33.9]"
ga,9,5,12.928297103386285,34.56,24.6,1.7730590081481878,5.2,13.198928571428572,23.124166666666667,9.925238095238097,True,0.0,hospital_corridor,28,12,"[11, 29, 47, 53, 61, 73, 89, 97, 101, 109]","[3.413978259229474, 4.975179481757299, 0.9235353435223234, 0.5, 1.0]","{""time"": 0.0, ""collisions"": 0.05, ""congestion"": 1.0, ""fairness"": 1.0, ""incomplete_base"": 1000.0, ""incomplete_agent"": 10.0}","[13.565563086548488, 13.660921325051762, 13.055464716006885, 16.998201512364602, 9.162033462033461, 12.164125918823906, 13.309646094087185, 13.357458487717855, 11.895515487748497, 12.114040943480196]","[41.1, 34.5, 33.2, 46.6, 29.6, 29.8, 33.1, 34.7, 30.900000000000002, 32.1]"
ga,9,6,12.791165255228005,34.59,30.2,1.8531890647518154,5.3,13.632857142857143,23.060833333333335,9.42797619047619,True,0.0,hospital_corridor,28,12,"[11, 29, 47, 53, 61, 73, 89, 97, 101, 109]","[3.389899088670543, 4.988805815085444, 0.9184481330199066, 0.5, 1.0]","{""time"": 0.0, ""collisions"": 0.05, ""congestion"": 1.0, ""fairness"": 1.0, ""incomplete_base"": 1000.0, ""incomplete_agent"": 10.0}","[16.183132691278757, 13.143213932457257, 15.578679653679654, 9.706788931788935, 7.9018661518661535, 12.228296703296703, 16.33483026874116, 12.593192263500573, 12.358187560738582, 11.883464394932286]","[44.5, 33.7, 36.300000000000004, 29.6, 25.900000000000002, 31.200000000000003, 40.400000000000006, 37.300000000000004, 34.300000000000004, 32.7]"
ga,9,7,13.166833382652573,37.160000000000004,22.3,1.6845714778906675,5.0,13.731071428571429,24.098333333333336,10.367261904761905,True,0.0,hospital_corridor,28,12,"[11, 29, 47, 53, 61, 73, 89, 97, 101, 109]","[3.1477655826959303, 5.0, 0.9177502164378624, 0.5, 1.0]","{""time"": 0.0, ""collisions"": 0.05, ""congestion"": 1.0, ""fairness"": 1.0, ""incomplete_base"": 1000.0, ""incomplete_agent"": 10.0}","[13.445823798627003, 9.843387072697418, 11.467131819615265, 17.914500966438233, 8.161340852130326, 16.679934569247543, 16.111996336996338, 14.58848133848134, 11.18845755693582, 12.267279515356439]","[43.7, 31.900000000000002, 30.200000000000003, 54.2, 26.6, 39.300000000000004, 39.0, 40.7, 32.2, 33.800000000000004]"
ga,9,8,13.893448178922046,36.96,38.5,1.832257702731571,5.3,13.882142857142856,24.018333333333334,10.136190476190475,True,0.0,hospital_corridor,28,12,"[11, 29, 47, 53, 61, 73, 89, 97, 101, 109]","[3.5567941188431265, 5.0, 0.9413457806589812, 0.5, 1.0]","{""time"": 0.0, ""collisions"": 0.05, ""congestion"": 1.0, ""fairness"": 1.0, ""incomplete_base"": 1000.0, ""incomplete_agent"": 10.0}","[22.87130750605327, 13.455952380952379, 14.373001390337159, 9.372459499263623, 9.890433534977507, 11.438957055214724, 14.330677655677654, 12.392857142857142, 16.352307206068268, 14.45652841781874]","[47.2, 36.4, 41.1, 29.1, 30.700000000000003, 32.6, 36.4, 35.7, 33.9, 46.5]"
ga,9,9,1154.6661668028137,36.33,2864.2,1.9164048980518626,6.0,11.498571428571429,20.038333333333338,8.539761904761907,False,0.1,hospital_corridor,28,12,"[11, 29, 47, 53, 61, 73, 89, 97, 101, 109]","[3.4696157596828643, 5.0, 0.5, 0.5, 1.0]","{""time"": 0.0, ""collisions"": 0.05, ""congestion"": 1.0, ""fairness"": 1.0, ""incomplete_base"": 1000.0, ""incomplete_agent"": 10.0}","[1184.5524285714287, 172.79284881784884, 121.70362137862138, 137.86681989627533, 146.62857142857143, 116.53904761904764, 176.90940766550523, 201.51664355062417, 140.41693442082715, 147.735344679388]","[100.0, 28.6, 28.6, 30.3, 28.0, 27.5, 32.800000000000004, 30.900000000000002, 28.900000000000002, 27.700000000000003]"
ga,9,10,14.090411900436035,38.48,31.9,1.7225547575788904,5.5,13.899642857142856,24.672500000000003,10.772857142857143,True,0.0,hospital_corridor,28,12,"[11, 29, 47, 53, 61, 73, 89, 97, 101, 109]","[3.1999493848972835, 4.964451053694852, 0.911161301962681, 0.5, 1.0]","{""time"": 0.0, ""collisions"": 0.05, ""congestion"": 1.0, ""fairness"": 1.0, ""incomplete_base"": 1000.0, ""incomplete_agent"": 10.0}","[20.044047619047618, 9.884523809523808, 13.833118741058653, 18.090476190476195, 11.836658456486042, 12.553218551264154, 16.040281030444966, 13.297043701799486, 12.505436760691538, 12.819314143567876]","[46.0, 32.5, 46.6, 48.0, 40.6, 30.700000000000003, 36.6, 38.900000000000006, 31.400000000000002, 33.5]"
ga,9,11,13.358940956101515,35.910000000000004,29.3,1.9507266703872272,5.4,14.029285714285717,23.9725,9.943214285714287,True,0.0,hospital_corridor,28,12,"[11, 29, 47, 53, 61, 73, 89, 97, 101, 109]","[3.113324832212541, 4.9477119794922855, 0.9140156469210519, 0.5, 1.0]","{""time"": 0.0, ""collisions"": 0.05, ""congestion"": 1.0, ""fairness"": 1.0, ""incomplete_base"": 1000.0, ""incomplete_agent"": 10.0}","[20.731426595534483, 11.950721784776904, 11.930043859649123, 8.137409200968523, 7.810714285714286, 14.105031446540883, 16.42920059215396, 14.09940476190476, 12.537357009843044, 15.858100023929168]","[48.2, 38.1, 30.400000000000002, 29.5, 26.900000000000002, 31.8, 38.6, 40.0, 35.800000000000004, 39.800000000000004]"
ga,9,12,12.795884076836142,35.74,27.7,1.8702888387409016,5.5,13.74607142857143,23.28666666666667,9.54059523809524,True,0.0,hospital_corridor,28,12,"[11, 29, 47, 53, 61, 73, 89, 97, 101, 109]","[3.5244897447885815, 5.0, 0.9219868500930686, 0.5, 1.0]","{""time"": 0.0, ""collisions"": 0.05, ""congestion"": 1.0, ""fairness"": 1.0, ""incomplete_base"": 1000.0, ""incomplete_agent"": 10.0}","[13.832456515540347, 13.876579854461895, 11.27517006802721, 11.051417561244152, 9.067489177489179, 12.23960530520933, 18.715601503759398, 12.853184096605151, 12.885480093676815, 12.161856592347924]","[50.1, 37.300000000000004, 29.400000000000002, 34.6, 27.5, 29.8, 41.800000000000004, 41.800000000000004, 30.5, 34.6]"
ga,9,13,13.122788910943676,37.85,16.5,1.8225508157055799,5.6,14.433928571428572,24.909166666666668,10.475238095238096,True,0.0,hospital_corridor,28,12,"[11, 29, 47, 53, 61, 73, 89, 97, 101, 109]","[2.9831106035599633, 5.0, 0.9219868500930686, 0.5, 1.0]","{""time"": 0.0, ""collisions"": 0.05, ""congestion"": 1.0, ""fairness"": 1.0, ""incomplete_base"": 1000.0, ""incomplete_agent"": 10.0}","[13.981313294548588, 9.81904761904762, 15.40987554112554, 8.585137085137085, 6.7802380952380945, 13.594897959183674, 17.68963802704853, 15.613112491373359, 15.363275613275615, 14.391353383458648]","[44.2, 32.4, 35.2, 29.700000000000003, 30.0, 34.300000000000004, 41.900000000000006, 41.400000000000006, 49.5, 39.900000000000006]"
ga,9,14,12.744646554979328,35.830000000000005,20.1,1.6935751264078989,5.1,13.46642857142857,23.512499999999996,10.046071428571429,True,0.0,hospital_corridor,28,12,"[11, 29, 47, 53, 61, 73, 89, 97, 101, 109]","[3.0767000306141155, 4.94501420212776, 0.9101932405020875, 0.5, 1.0]","{""time"": 0.0, ""collisions"": 0.05, ""congestion"": 1.0, ""fairness"": 1.0, ""incomplete_base"": 1000.0, ""incomplete_agent"": 10.0}","[15.919744597249508, 12.521539862403884, 12.238972431077695, 10.137040588047299, 7.411586183769281, 14.302619047619046, 13.972428571428573, 14.166891891891893, 13.672924297924299, 13.102718078381796]","[50.900000000000006, 35.300000000000004, 30.400000000000002, 29.8, 28.400000000000002, 40.0, 37.5, 37.0, 35.1, 33.9]"
ga,9,15,12.744646554979328,35.830000000000005,20.1,1.6935751264078989,5.1,13.46642857142857,23.512499999999996,10.046071428571429,True,0.0,hospital_corridor,28,12,"[11, 29, 47, 53, 61, 73, 89, 97, 101, 109]","[3.0767000306141155, 4.94501420212776, 0.9101932405020875, 0.5, 1.0]","{""time"": 0.0, ""collisions"": 0.05, ""congestion"": 1.0, ""fairness"": 1.0, ""incomplete_base"": 1000.0, ""incomplete_agent"": 10.0}","[15.919744597249508, 12.521539862403884, 12.238972431077695, 10.137040588047299, 7.411586183769281, 14.302619047619046, 13.972428571428573, 14.166891891891893, 13.672924297924299, 13.102718078381796]","[50.900000000000006, 35.300000000000004, 30.400000000000002, 29.8, 28.400000000000002, 40.0, 37.5, 37.0, 35.1, 33.9]"
ga,9,16,13.221932930682048,34.68,37.3,1.6346710259201438,4.8,12.803571428571427,22.525833333333335,9.722261904761904,True,0.0,hospital_corridor,28,12,"[11, 29, 47, 53, 61, 73, 89, 97, 101, 109]","[3.491242107878456, 4.447697034215735, 0.9153841897541621, 0.5, 1.0]","{""time"": 0.0, ""collisions"": 0.05, ""congestion"": 1.0, ""fairness"": 1.0, ""incomplete_base"": 1000.0, ""incomplete_agent"": 10.0}","[13.132355540824221, 19.431457925636007, 11.449517374517376, 11.843443496801708, 9.526833976833979, 13.496825396825397, 15.29839630066903, 12.722966827180311, 12.735497835497835, 12.582034632034631]","[43.1, 43.800000000000004, 29.6, 33.5, 29.6, 31.5, 36.300000000000004, 35.6, 30.8, 33.0]"
ga,9,17,12.226262526262666,35.59000000000001,23.9,1.8461434786436164,5.4,14.033214285714289,23.218333333333334,9.185119047619049,True,0.0,hospital_corridor,28,12,"[11, 29, 47, 53, 61, 73, 89, 97, 101, 109]","[3.4618501372483528, 5.0, 0.9400691489295753, 0.5, 1.0]","{""time"": 0.0, ""collisions"": 0.05, ""congestion"": 1.0, ""fairness"": 1.0, ""incomplete_base"": 1000.0, ""incomplete_agent"": 10.0}","[14.52195318805488, 11.135936804628393, 11.293416903185115, 9.68639910813824, 7.9415879192143795, 12.047474955400027, 14.99495798319328, 13.303277153558053, 14.675749250749252, 12.661871996505027]","[47.2, 32.1, 30.200000000000003, 29.900000000000002, 25.700000000000003, 34.7, 34.0, 35.6, 42.900000000000006, 43.6]"
ga,9,18,1065.5413924482925,100.0,12.1,0.5396,4.5,14.122194564694563,25.51898701298701,11.39679244829245,False,5.3,hospital_corridor,28,12,"[11, 29, 47, 53, 61, 73, 89, 97, 101, 109]","[3.4864256493919745, 4.792158636160028, 1.090723344940025, 0.5, 1.0]","{""time"": 0.0, ""collisions"": 0.05, ""congestion"": 1.0, ""fairness"": 1.0, ""incomplete_base"": 1000.0, ""incomplete_agent"": 10.0}","[1076.017, 1075.6025757575758, 1031.6569158249158, 1070.5083333333334, 1091.0671471861472, 1034.9151428571429, 1074.7382307692308, 1074.4038095238095, 1050.0815384615385, 1076.4232307692307]","[100.0, 100.0, 100.0, 100.0, 100.0, 100.0, 100.0, 100.0, 100.0, 100.0]"
ga,9,19,13.342457471869388,36.03,24.4,1.808766995678912,5.5,13.319642857142856,23.633333333333333,10.313690476190477,True,0.0,hospital_corridor,28,12,"[11, 29, 47, 53, 61, 73, 89, 97, 101, 109]","[3.478767321041754, 4.883346740228692, 0.9259517252275163, 0.5, 1.0]","{""time"": 0.0, ""collisions"": 0.05, ""congestion"": 1.0, ""fairness"": 1.0, ""incomplete_base"": 1000.0, ""incomplete_agent"": 10.0}","[19.188577159529018, 10.289088565362452, 11.421711057304279, 14.154827435561382, 9.854098753595398, 13.17202917202917, 14.468784530386742, 14.211541455819386, 14.226017943409246, 12.437898645696814]","[45.7, 31.400000000000002, 29.5, 43.6, 29.8, 33.300000000000004, 36.2, 36.7, 41.400000000000006, 32.7]"
ga,9,20,12.193597576545418,33.7,21.5,1.7152642432120853,5.2,13.0425,22.445833333333333,9.403333333333332,True,0.0,hospital_corridor,28,12,"[11, 29, 47, 53, 61, 73, 89, 97, 101, 109]","[3.3998471023223704, 4.987606846318223, 0.9218516590397894, 0.5, 1.0]","{""time"": 0.0, ""collisions"": 0.05, ""congestion"": 1.0, ""fairness"": 1.0, ""incomplete_base"": 1000.0, ""incomplete_agent"": 10.0}","[14.56552649228706, 12.729761904761906, 11.332979407979408, 12.164384010484927, 6.936357316649288, 12.236607142857142, 13.526190476190479, 13.449919743178171, 12.555815457173285, 12.438433813892532]","[42.6, 36.0, 29.6, 32.7, 27.400000000000002, 32.0, 37.1, 35.6, 31.3, 32.7]"
ga,9,21,13.047420788937439,36.53,23.0,1.7651588841755348,5.1,13.791071428571428,23.923333333333336,10.132261904761904,True,0.0,hospital_corridor,28,12,"[11, 29, 47, 53, 61, 73, 89, 97, 101, 109]","[3.1378175690441035, 4.957407355809537, 0.9143466904179796, 0.5, 1.0]","{""time"": 0.0, ""collisions"": 0.05, ""congestion"": 1.0, ""fairness"": 1.0, ""incomplete_base"": 1000.0, ""incomplete_agent"": 10.0}","[18.649633699633704, 11.267113095238095, 11.848454746136865, 8.352527723418133, 9.47626626247316, 14.629857251825218, 14.396428571428572, 13.73478835978836, 13.159281894576015, 14.959856284856283]","[45.5, 32.0, 30.200000000000003, 29.200000000000003, 37.7, 43.7, 38.5, 37.800000000000004, 37.4, 33.300000000000004]"
ga,9,22,12.78903604587192,35.46,17.6,1.7292741411100176,4.9,13.67607142857143,23.855833333333333,10.179761904761904,True,0.0,hospital_corridor,28,12,"[11, 29, 47, 53, 61, 73, 89, 97, 101, 109]","[3.1072181346292145, 4.498581960551349, 0.9625914567947188, 0.5, 1.0]","{""time"": 0.0, ""collisions"": 0.05, ""congestion"": 1.0, ""fairness"": 1.0, ""incomplete_base"": 1000.0, ""incomplete_agent"": 10.0}","[13.350510204081633, 10.325242372398058, 11.441154309825198, 8.36280566280566, 6.365130568356375, 13.51559405940594, 18.872619047619047, 17.644913419913422, 15.153479853479855, 12.858910960834036]","[39.2, 33.4, 31.6, 29.6, 27.900000000000002, 30.3, 48.0, 41.800000000000004, 39.0, 33.800000000000004]"
ga,9,23,1031.63597861733,60.32000000000001,13.1,1.1696149809663907,5.0,14.287575757575757,26.098939393939396,11.811363636363637,False,1.8,hospital_corridor,28,12,"[11, 29, 47, 53, 61, 73, 89, 97, 101, 109]","[3.1263651964325114, 4.712672871226719, 1.0031689394865901, 0.5, 1.0]","{""time"": 0.0, ""collisions"": 0.05, ""congestion"": 1.0, ""fairness"": 1.0, ""incomplete_base"": 1000.0, ""incomplete_agent"": 10.0}","[10.733842239185753, 1071.754909090909, 11.69456289978678, 1052.221, 1088.4690606060606, 12.186229086229087, 16.49213250517598, 20.574908424908426, 15.469047619047622, 16.764093701996927]","[52.400000000000006, 100.0, 33.5, 100.0, 100.0, 37.0, 48.300000000000004, 49.400000000000006, 39.2, 43.400000000000006]"
ga,10,0,11.97247206182292,33.82,21.7,1.8062815856324423,4.9,13.484642857142859,22.565833333333334,9.081190476190477,True,0.0,hospital_corridor,28,12,"[11, 29, 47, 53, 61, 73, 89, 97, 101, 109]","[3.4609646407523584, 5.0, 0.9260051089556816, 0.5, 1.0]","{""time"": 0.0, ""collisions"": 0.05, ""congestion"": 1.0, ""fairness"": 1.0, ""incomplete_base"": 1000.0, ""incomplete_agent"": 10.0}","[11.388838530335992, 14.696919119406555, 11.941081517352707, 8.620238095238095, 8.859807776321539, 12.022890295358652, 15.526685630004216, 12.094634129311551, 11.952898550724637, 12.620726974175252]","[39.400000000000006, 39.800000000000004, 29.5, 30.8, 32.7, 31.6, 33.9, 34.1, 34.5, 31.900000000000002]"
ga,10,1,11.97247206182292,33.82,21.7,1.8062815856324423,4.9,13.484642857142859,22.565833333333334,9.081190476190477,True,0.0,hospital_corridor,28,12,"[11, 29, 47, 53, 61, 73, 89, 97, 101, 109]","[3.4609646407523584, 5.0, 0.9260051089556816, 0.5, 1.0]","{""time"": 0.0, ""collisions"": 0.05, ""congestion"": 1.0, ""fairness"": 1.0, ""incomplete_base"": 1000.0, ""incomplete_agent"": 10.0}","[11.388838530335992, 14.696919119406555, 11.941081517352707, 8.620238095238095, 8.859807776321539, 12.022890295358652, 15.526685630004216, 12.094634129311551, 11.952898550724637, 12.620726974175252]","[39.400000000000006, 39.800000000000004, 29.5, 30.8, 32.7, 31.6, 33.9, 34.1, 34.5, 31.900000000000002]"
ga,10,2,12.467468882686452,35.050000000000004,16.9,1.7398498350674039,5.4,13.393214285714288,23.27583333333333,9.882619047619048,True,0.0,hospital_corridor,28,12,"[11, 29, 47, 53, 61, 73, 89, 97, 101, 109]","[3.3280702148623105, 5.0, 0.926159273807388, 0.5, 1.0]","{""time"": 0.0, ""collisions"": 0.05, ""congestion"": 1.0, ""fairness"": 1.0, ""incomplete_base"": 1000.0, ""incomplete_agent"": 10.0}","[12.962619047619045, 13.197995522995527, 12.14387755102041, 12.896884735202494, 7.88040593286495, 12.182899022801303, 14.597474348855567, 13.242857142857142, 13.167410714285715, 12.40226480836237]","[45.0, 35.1, 29.400000000000002, 42.800000000000004, 30.5, 30.700000000000003, 36.2, 36.0, 32.0, 32.800000000000004]"
ga,10,3,1020.6469609976537,43.5,24.9,1.7208300452726704,5.4,13.39636904761905,24.0775,10.681130952380952,False,0.7,hospital_corridor,28,12,"[11, 29, 47, 53, 61, 73, 89, 97, 101, 109]","[3.2812495483497965, 5.0, 0.9256542380494457, 0.5, 1.0]","{""time"": 0.0, ""collisions"": 0.05, ""congestion"": 1.0, ""fairness"": 1.0, ""incomplete_base"": 1000.0, ""incomplete_agent"": 10.0}","[1083.2871666666667, 12.96396987366375, 11.706789979835582, 14.601510882775386, 15.133619047619046, 13.381618610747053, 14.840123456790122, 14.49024787997391, 14.123778440880269, 11.940785137584447]","[100.0, 34.300000000000004, 30.700000000000003, 43.1, 50.0, 32.7, 40.5, 36.5, 38.300000000000004, 28.900000000000002]"
ga,10,4,13.265112349237985,33.269999999999996,36.7,1.8735647301903686,5.7,12.579285714285714,22.135833333333334,9.556547619047617,True,0.0,hospital_corridor,28,12,"[11, 29, 47, 53, 61, 73, 89, 97, 101, 109]","[4.065755719755637, 4.990743559533757, 0.9269441657940154, 0.5, 1.0]","{""time"": 0.0, ""collisions"": 0.05, ""congestion"": 1.0, ""fairness"": 1.0, ""incomplete_base"": 1000.0, ""incomplete_agent"": 10.0}","[16.3171562082777, 14.896448303078136, 10.867036124794746, 12.188525835866265, 9.045238095238094, 14.100769230769231, 14.664176204606472, 15.134275662771707, 13.647240072499589, 11.790257754477938]","[42.800000000000004, 36.2, 29.0, 28.200000000000003, 30.8, 32.5, 33.7, 37.9, 28.900000000000002, 32.7]"
ga,10,5,12.629339215462426,32.36,29.0,1.830886834510044,5.4,12.575714285714287,21.924166666666668,9.348452380952383,True,0.0,hospital_corridor,28,12,"[11, 29, 47, 53, 61, 73, 89, 97, 101, 109]","[3.9622436814072284, 4.996863286784466, 0.9289707886647456, 0.5, 1.0]","{""time"": 0.0, ""collisions"": 0.05, ""congestion"": 1.0, ""fairness"": 1.0, ""incomplete_base"": 1000.0, ""incomplete_agent"": 10.0}","[15.413212334113972, 12.487194036493102, 10.405781732488215, 13.064206874802903, 8.697448979591835, 12.5002598107647, 15.06872586872587, 14.701216356107663, 12.156164383561645, 11.799181777974349]","[36.6, 32.1, 29.3, 30.200000000000003, 29.400000000000002, 30.700000000000003, 37.0, 36.800000000000004, 29.200000000000003, 32.300000000000004]"
ga,10,6,12.283536145396004,35.69,13.2,1.7709170977769548,5.6,13.820714285714285,23.673333333333336,9.852619047619049,True,0.0,hospital_corridor,28,12,"[11, 29, 47, 53, 61, 73, 89, 97, 101, 109]","[3.2381116502524767, 4.982065976392095, 0.9377206495140968, 0.5, 1.0]","{""time"": 0.0, ""collisions"": 0.05, ""congestion"": 1.0, ""fairness"": 1.0, ""incomplete_base"": 1000.0, ""incomplete_agent"": 10.0}","[11.409585617542728, 10.676409582237806, 11.828101503759399, 11.885771658060815, 7.359755403868031, 13.05685085354897, 14.532832080200505, 16.412051432482645, 12.806146179401994, 12.867857142857146]","[44.300000000000004, 32.6, 30.400000000000002, 33.2, 29.3, 31.8, 38.0, 48.7, 34.4, 34.2]"
ga,10,7,12.896030413638172,36.59,20.6,1.7422208898286466,5.0,13.345357142857145,23.469166666666666,10.123809523809525,True,0.0,hospital_corridor,28,12,"[11, 29, 47, 53, 61, 73, 89, 97, 101, 109]","[3.3615560560399795, 4.9753413794174435, 0.9166951898334579, 0.5, 1.0]","{""time"": 0.0, ""collisions"": 0.05, ""congestion"": 1.0, ""fairness"": 1.0, ""incomplete_base"": 1000.0, ""incomplete_agent"": 10.0}","[13.774812666183227, 10.24269138034961, 11.794480519480521, 19.046295017039704, 8.421388622563118, 11.748743993010047, 13.262369681600454, 14.251648724662978, 13.707701652089408, 12.710171879402651]","[39.400000000000006, 31.6, 29.700000000000003, 51.7, 29.8, 32.7, 33.800000000000004, 49.1, 34.300000000000004, 33.800000000000004]"
ga,10,8,1018.4163162726792,43.0,25.8,2.022149606012547,4.9,13.294285714285715,23.398452380952385,10.104166666666668,False,0.5,hospital_corridor,28,12,"[11, 29, 47, 53, 61, 73, 89, 97, 101, 109]","[3.559111217309101, 4.998361805438369, 0.9158179615188606, 0.5, 1.0]","{""time"": 0.0, ""collisions"": 0.05, ""congestion"": 1.0, ""fairness"": 1.0, ""incomplete_base"": 1000.0, ""incomplete_agent"": 10.0}","[18.882806691449815, 12.418207282913166, 12.04336677814939, 16.983526999316474, 7.693812709030101, 12.301373626373628, 14.420169479895707, 14.601470588235294, 1059.8398571428572, 14.978571428571428]","[53.800000000000004, 34.0, 29.900000000000002, 41.800000000000004, 29.900000000000002, 32.5, 34.7, 37.4, 100.0, 36.0]"
ga,10,9,13.629987362825856,38.489999999999995,18.8,1.6098683152068105,4.8,13.910714285714286,24.990833333333335,11.080119047619046,True,0.0,hospital_corridor,28,12,"[11, 29, 47, 53, 61, 73, 89, 97, 101, 109]","[3.363952013617095, 5.0, 0.9354124893733957, 0.5, 1.0]","{""time"": 0.0, ""collisions"": 0.05, ""congestion"": 1.0, ""fairness"": 1.0, ""incomplete_base"": 1000.0, ""incomplete_agent"": 10.0}","[13.642939244663381, 15.263201802460115, 11.30121452621453, 13.4217999126256, 9.378368176538908, 12.365335922888793, 19.22846279196089, 12.19361387966039, 12.777022653721684, 16.727914717524293]","[40.6, 39.1, 29.700000000000003, 43.6, 36.9, 33.1, 52.6, 38.7, 30.900000000000002, 39.7]"
ga,10,10,13.557687647584661,38.02,21.4,1.6424495523465654,5.0,13.606428571428571,24.45166666666667,10.845238095238097,True,0.0,hospital_corridor,28,12,"[11, 29, 47, 53, 61, 73, 89, 97, 101, 109]","[3.4535145132817164, 4.995216626667474, 0.9328651355489315, 0.5, 1.0]","{""time"": 0.0, ""collisions"": 0.05, ""congestion"": 1.0, ""fairness"": 1.0, ""incomplete_base"": 1000.0, ""incomplete_agent"": 10.0}","[16.12787382468911, 14.951742758959252, 14.224945742372018, 17.376973473953342, 7.971525096525097, 13.67631257631258, 13.850834322648728, 11.190406162464987, 11.824473267567898, 14.381789250353608]","[47.1, 38.800000000000004, 37.300000000000004, 44.7, 25.900000000000002, 35.1, 36.1, 35.7, 39.1, 40.400000000000006]"
ga,10,11,12.839762095488982,34.17,20.3,1.7475001907270795,4.8,13.196071428571429,23.273333333333333,10.077261904761903,True,0.0,hospital_corridor,28,12,"[11, 29, 47, 53, 61, 73, 89, 97, 101, 109]","[3.4078867695568307, 4.9923902196507495, 0.9230498189098293, 0.5, 1.0]","{""time"": 0.0, ""collisions"": 0.05, ""congestion"": 1.0, ""fairness"": 1.0, ""incomplete_base"": 1000.0, ""incomplete_agent"": 10.0}","[13.658174955126173, 13.366352614665498, 12.666908797417271, 14.637004895416108, 8.053251599147123, 12.395776255707762, 14.234047619047617, 12.947350230414745, 13.411098310291862, 13.027655677655677]","[45.1, 32.6, 29.5, 42.800000000000004, 26.8, 29.200000000000003, 35.0, 37.2, 31.0, 32.5]"
ga,10,12,1141.8399210544478,100.0,6.3,0.38730000000000003,3.5,13.588291643964988,23.725912698412703,10.137621054447715,False,13.1,hospital_corridor,28,12,"[11, 29, 47, 53, 61, 73, 89, 97, 101, 109]","[3.4642992157069776, 4.987606846318223, 1.3001552359884792, 0.5, 1.0]","{""time"": 0.0, ""collisions"": 0.05, ""congestion"": 1.0, ""fairness"": 1.0, ""incomplete_base"": 1000.0, ""incomplete_agent"": 10.0}","[1126.117, 1182.2445, 1109.7651587301586, 1157.4143174603175, 1147.0764586466166, 1091.0832995169083, 1086.6111666666666, 1180.2233333333334, 1087.6928333333333, 1250.171142857143]","[100.0, 100.0, 100.0, 100.0, 100.0, 100.0, 100.0, 100.0, 100.0, 100.0]"
ga,10,13,12.853960443825835,35.75,25.2,1.69622234858774,5.2,13.56642857142857,23.464166666666664,9.897738095238095,True,0.0,hospital_corridor,28,12,"[11, 29, 47, 53, 61, 73, 89, 97, 101, 109]","[3.3998471023223704, 5.0, 0.9218516590397894, 0.5, 1.0]","{""time"": 0.0, ""collisions"": 0.05, ""congestion"": 1.0, ""fairness"": 1.0, ""incomplete_base"": 1000.0, ""incomplete_agent"": 10.0}","[16.30012531328321, 11.96800841883715, 13.27150502402796, 13.531573498964804, 9.567857142857143, 11.570735721941512, 13.041162621037275, 14.661267208305127, 12.53155253837072, 12.095816950633466]","[45.6, 36.2, 32.7, 36.800000000000004, 28.0, 31.1, 35.9, 42.2, 36.300000000000004, 32.7]"
ga,10,14,14.271886005193291,38.83,26.2,1.7762907670980534,5.3,13.536071428571429,24.72166666666667,11.185595238095239,True,0.0,hospital_corridor,28,12,"[11, 29, 47, 53, 61, 73, 89, 97, 101, 109]","[3.517129226521283, 5.0, 0.9260051089556816, 0.5, 1.0]","{""time"": 0.0, ""collisions"": 0.05, ""congestion"": 1.0, ""fairness"": 1.0, ""incomplete_base"": 1000.0, ""incomplete_agent"": 10.0}","[20.459131075110456, 14.36068459802874, 11.925934503494233, 19.40185326807383, 7.776648351648352, 12.81221340388007, 14.720416310236672, 15.970550161812302, 13.164871603091498, 12.126556776556775]","[58.2, 40.1, 29.3, 46.7, 26.0, 32.4, 33.4, 51.5, 38.2, 32.5]"
ga,10,15,12.193597576545418,33.7,21.5,1.7152642432120853,5.2,13.0425,22.445833333333333,9.403333333333332,True,0.0,hospital_corridor,28,12,"[11, 29, 47, 53, 61, 73, 89, 97, 101, 109]","[3.3998471023223704, 4.987606846318223, 0.9218516590397894, 0.5, 1.0]","{""time"": 0.0, ""collisions"": 0.05, ""congestion"": 1.0, ""fairness"": 1.0, ""incomplete_base"": 1000.0, ""incomplete_agent"": 10.0}","[14.56552649228706, 12.729761904761906, 11.332979407979408, 12.164384010484927, 6.936357316649288, 12.236607142857142, 13.526190476190479, 13.449919743178171, 12.555815457173285, 12.438433813892532]","[42.6, 36.0, 29.6, 32.7, 27.400000000000002, 32.0, 37.1, 35.6, 31.3, 32.7]"
ga,10,16,13.722805583938218,34.88,39.2,1.8100674887001227,5.4,12.68642857142857,22.639166666666668,9.952738095238095,True,0.0,hospital_corridor,28,12,"[11, 29, 47, 53, 61, 73, 89, 97, 101, 109]","[4.03267706557516, 5.0, 0.9192276384816823, 0.5, 1.0]","{""time"": 0.0, ""collisions"": 0.05, ""congestion"": 1.0, ""fairness"": 1.0, ""incomplete_base"": 1000.0, ""incomplete_agent"": 10.0}","[18.78694316436252, 15.833440445586975, 11.356122448979592, 17.5475468975469, 9.398879810226674, 12.211693741041568, 15.175088183421519, 11.705264244426097, 12.998457411133467, 12.214619492656876]","[46.5, 38.900000000000006, 29.400000000000002, 49.5, 27.1, 29.900000000000002, 32.4, 34.6, 28.400000000000002, 32.1]"
ga,10,17,13.544426662245908,36.97,28.6,1.74680761462686,5.0,13.460714285714285,23.828333333333333,10.367619047619048,True,0.0,hospital_corridor,28,12,"[11, 29, 47, 53, 61, 73, 89, 97, 101, 109]","[3.45556589327434, 4.989543594288662, 0.9252256034939059, 0.5, 1.0]","{""time"": 0.0, ""collisions"": 0.05, ""congestion"": 1.0, ""fairness"": 1.0, ""incomplete_base"": 1000.0, ""incomplete_agent"": 10.0}","[16.728120978120977, 17.521258503401363, 11.542125792296442, 14.117234089897643, 8.91430510314875, 12.142476489028214, 15.295785924989467, 12.622229219143577, 14.350244200244202, 12.210486322188451]","[44.400000000000006, 49.0, 29.3, 42.800000000000004, 30.700000000000003, 31.900000000000002, 33.9, 39.7, 35.1, 32.9]"
ga,10,18,12.959083892883623,36.21,18.1,1.7058696071693364,5.6,13.301785714285717,23.65,10.348214285714286,True,0.0,hospital_corridor,28,12,"[11, 29, 47, 53, 61, 73, 89, 97, 101, 109]","[3.1873878382955985, 5.0, 0.9186990785107378, 0.5, 1.0]","{""time"": 0.0, ""collisions"": 0.05, ""congestion"": 1.0, ""fairness"": 1.0, ""incomplete_base"": 1000.0, ""incomplete_agent"": 10.0}","[14.534842826019297, 9.765406162464984, 11.981190476190479, 14.72432747586506, 8.996477162293488, 13.058744993324433, 15.001574500768049, 14.76452380952381, 14.015807799442898, 12.747943722943724]","[45.900000000000006, 32.300000000000004, 30.0, 43.900000000000006, 34.300000000000004, 32.1, 37.2, 37.5, 35.9, 33.0]"
ga,10,19,13.790174635019866,35.78,31.3,1.8420793969246279,5.6,13.531071428571428,23.91416666666667,10.383095238095239,True,0.0,hospital_corridor,28,12,"[11, 29, 47, 53, 61, 73, 89, 97, 101, 109]","[3.325054426891634, 5.0, 0.9210379880201931, 0.5, 1.0]","{""time"": 0.0, ""collisions"": 0.05, ""congestion"": 1.0, ""fairness"": 1.0, ""incomplete_base"": 1000.0, ""incomplete_agent"": 10.0}","[17.01601731601732, 15.153687315634217, 13.944378085682434, 16.163697164258966, 10.56900691900692, 12.395160031225606, 13.992535482159436, 14.204488194169638, 12.208333333333334, 12.254442508710802]","[36.300000000000004, 45.2, 29.900000000000002, 44.5, 35.1, 30.5, 35.9, 36.1, 31.5, 32.800000000000004]"
ga,10,20,13.130560065056388,37.1,20.4,1.7465124460087704,5.2,13.601785714285716,23.965833333333336,10.364047619047618,True,0.0,hospital_corridor,28,12,"[11, 29, 47, 53, 61, 73, 89, 97, 101, 109]","[3.2201678155697024, 4.987737866272177, 0.9192410942586968, 0.5, 1.0]","{""time"": 0.0, ""collisions"": 0.05, ""congestion"": 1.0, ""fairness"": 1.0, ""incomplete_base"": 1000.0, ""incomplete_agent"": 10.0}","[13.022351524879614, 9.68436232537179, 11.732838283828382, 10.382820976491864, 9.992163228927934, 15.848970398970398, 14.68095238095238, 17.82284427284427, 16.33448773448773, 11.803809523809523]","[35.6, 31.700000000000003, 30.3, 31.6, 37.4, 37.0, 38.5, 44.400000000000006, 49.5, 35.0]"
ga,10,21,13.599161413107478,38.03,27.8,1.7724947464408107,5.3,13.9125,24.34916666666667,10.436666666666667,True,0.0,hospital_corridor,28,12,"[11, 29, 47, 53, 61, 73, 89, 97, 101, 109]","[3.327444869448598, 4.999868980046046, 0.920360781218955, 0.5, 1.0]","{""time"": 0.0, ""collisions"": 0.05, ""congestion"": 1.0, ""fairness"": 1.0, ""incomplete_base"": 1000.0, ""incomplete_agent"": 10.0}","[17.38978855079938, 10.311800268696821, 13.634846650524617, 14.726557632398755, 7.945080862533692, 16.57392301748285, 14.40418158907017, 12.674024199843874, 15.802380952380952, 12.529030407343662]","[55.400000000000006, 31.900000000000002, 29.5, 42.800000000000004, 26.5, 49.300000000000004, 35.9, 36.6, 39.2, 33.2]"
ga,10,22,13.158658745740828,34.46,25.9,1.7972301743122583,5.3,13.053571428571427,23.119999999999997,10.06642857142857,True,0.0,hospital_corridor,28,12,"[11, 29, 47, 53, 61, 73, 89, 97, 101, 109]","[3.398767443675169, 5.0, 0.9200357324502583, 0.5, 1.0]","{""time"": 0.0, ""collisions"": 0.05, ""congestion"": 1.0, ""fairness"": 1.0, ""incomplete_base"": 1000.0, ""incomplete_agent"": 10.0}","[16.45302197802198, 11.669607180411596, 13.759407922461019, 12.531625258799172, 10.81215907415598, 11.978507986266607, 13.975793650793651, 14.66869582950953, 13.583225108225108, 12.154543468763652]","[36.4, 31.700000000000003, 33.9, 32.2, 32.300000000000004, 31.900000000000002, 36.0, 46.7, 30.8, 32.7]"
ga,10,23,14.302214121390504,37.580000000000005,26.9,1.7520950737714565,4.9,13.565714285714284,24.770833333333336,11.205119047619048,True,0.0,hospital_corridor,28,12,"[11, 29, 47, 53, 61, 73, 89, 97, 101, 109]","[3.210552319536938, 5.0, 0.9317777794065755, 0.5, 1.0]","{""time"": 0.0, ""collisions"": 0.05, ""congestion"": 1.0, ""fairness"": 1.0, ""incomplete_base"": 1000.0, ""incomplete_agent"": 10.0}","[21.054345122962143, 12.609726443768999, 11.497571108980505, 20.4877688172043, 8.50749063670412, 11.800246305418721, 14.624296817172466, 14.222580645161294, 13.128726082578048, 15.089389233954451]","[51.7, 32.9, 29.8, 49.6, 26.700000000000003, 34.800000000000004, 38.6, 37.2, 33.1, 41.400000000000006]"
ga,11,0,11.97247206182292,33.82,21.7,1.8062815856324423,4.9,13.484642857142859,22.565833333333334,9.081190476190477,True,0.0,hospital_corridor,28,12,"[11, 29, 47, 53, 61, 73, 89, 97, 101, 109]","[3.4609646407523584, 5.0, 0.9260051089556816, 0.5, 1.0]","{""time"": 0.0, ""collisions"": 0.05, ""congestion"": 1.0, ""fairness"": 1.0, ""incomplete_base"": 1000.0, ""incomplete_agent"": 10.0}","[11.388838530335992, 14.696919119406555, 11.941081517352707, 8.620238095238095, 8.859807776321539, 12.022890295358652, 15.526685630004216, 12.094634129311551, 11.952898550724637, 12.620726974175252]","[39.400000000000006, 39.800000000000004, 29.5, 30.8, 32.7, 31.6, 33.9, 34.1, 34.5, 31.900000000000002]"
ga,11,1,11.97247206182292,33.82,21.7,1.8062815856324423,4.9,13.484642857142859,22.565833333333334,9.081190476190477,True,0.0,hospital_corridor,28,12,"[11, 29, 47, 53, 61, 73, 89, 97, 101, 109]","[3.4609646407523584, 5.0, 0.9260051089556816, 0.5, 1.0]","{""time"": 0.0, ""collisions"": 0.05, ""congestion"": 1.0, ""fairness"": 1.0, ""incomplete_base"": 1000.0, ""incomplete_agent"": 10.0}","[11.388838530335992, 14.696919119406555, 11.941081517352707, 8.620238095238095, 8.859807776321539, 12.022890295358652, 15.526685630004216, 12.094634129311551, 11.952898550724637, 12.620726974175252]","[39.400000000000006, 39.800000000000004, 29.5, 30.8, 32.7, 31.6, 33.9, 34.1, 34.5, 31.900000000000002]"
ga,11,2,16.0568413181105,36.16000000000001,90.6,1.783269889539072,5.0,14.023928571428574,23.767500000000002,9.74357142857143,True,0.0,hospital_corridor,28,12,"[11, 29, 47, 53, 61, 73, 89, 97, 101, 109]","[3.4049048051810997, 4.516156542134464, 0.9349742991987663, 0.5, 1.0]","{""time"": 0.0, ""collisions"": 0.05, ""congestion"": 1.0, ""fairness"": 1.0, ""incomplete_base"": 1000.0, ""incomplete_agent"": 10.0}","[49.08278289810548, 9.999084249084248, 11.113945578231293, 10.204629629629629, 13.907875457875459, 12.501406926406926, 14.04052939611599, 12.120034697296004, 13.26747886070316, 14.330645487656819]","[55.800000000000004, 31.200000000000003, 29.400000000000002, 32.4, 39.0, 30.8, 35.800000000000004, 39.800000000000004, 32.1, 35.300000000000004]"
ga,11,3,12.497226937181793,34.59,16.4,1.8744888419436996,5.3,13.451428571428574,23.25416666666667,9.802738095238094,True,0.0,hospital_corridor,28,12,"[11, 29, 47, 53, 61, 73, 89, 97, 101, 109]","[3.4125617217177115, 4.995424473746784, 0.9333033257235609, 0.5, 1.0]","{""time"": 0.0, ""collisions"": 0.05, ""congestion"": 1.0, ""fairness"": 1.0, ""incomplete_base"": 1000.0, ""incomplete_agent"": 10.0}","[13.335979425177648, 9.92105028927459, 13.852839931153184, 10.346902522764594, 7.055478750640043, 12.845048203330414, 16.91534090909091, 16.19922048997773, 11.825541125541127, 12.674867724867724]","[44.900000000000006, 32.1, 33.2, 31.900000000000002, 27.900000000000002, 32.6, 35.2, 44.900000000000006, 30.8, 32.4]"
ga,11,4,12.154142667102931,38.34,18.2,1.6565236194838824,4.9,14.390714285714285,23.978333333333335,9.587619047619048,True,0.0,hospital_corridor,28,12,"[11, 29, 47, 53, 61, 73, 89, 97, 101, 109]","[3.2573150376212903, 4.985596307600989, 0.9369534206427768, 0.5, 1.0]","{""time"": 0.0, ""collisions"": 0.05, ""congestion"": 1.0, ""fairness"": 1.0, ""incomplete_base"": 1000.0, ""incomplete_agent"": 10.0}","[11.78192640692641, 9.696343800678166, 11.305263157894737, 11.113163126757833, 8.902981969486827, 12.167014652014654, 15.630827067669175, 13.257345884090071, 15.077898743140384, 12.608661862371065]","[44.0, 32.300000000000004, 30.400000000000002, 49.1, 30.900000000000002, 32.5, 38.0, 38.7, 53.800000000000004, 33.7]"
ga,11,5,13.03689681051099,34.56,23.3,1.7945158581300362,5.3,13.241785714285715,23.31916666666667,10.077380952380954,True,0.0,hospital_corridor,28,12,"[11, 29, 47, 53, 61, 73, 89, 97, 101, 109]","[3.321936032887963, 4.729838177308504, 0.9238170477811494, 0.5, 1.0]","{""time"": 0.0, ""collisions"": 0.05, ""congestion"": 1.0, ""fairness"": 1.0, ""incomplete_base"": 1000.0, ""incomplete_agent"": 10.0}","[11.522434607645874, 12.955059523809526, 13.266904761904764, 10.608333333333334, 9.713243635404298, 14.703786574870914, 16.431324404761906, 15.446995761655451, 13.58679653679654, 12.134088964927289]","[35.5, 38.400000000000006, 30.0, 29.400000000000002, 36.1, 33.2, 38.400000000000006, 38.2, 33.0, 33.4]"
ga,11,6,12.703446225681969,35.06,22.7,1.7941605113962535,5.4,13.280714285714287,23.055,9.774285714285714,True,0.0,hospital_corridor,28,12,"[11, 29, 47, 53, 61, 73, 89, 97, 101, 109]","[3.380401828353703, 4.984908367718175, 0.9188201268814276, 0.5, 1.0]","{""time"": 0.0, ""collisions"": 0.05, ""congestion"": 1.0, ""fairness"": 1.0, ""incomplete_base"": 1000.0, ""incomplete_agent"": 10.0}","[18.485034013605446, 14.687218871717551, 12.724025974025974, 11.75924204001127, 7.501061776061777, 12.435721868365182, 13.20816232570376, 12.394285714285717, 11.772690272690271, 12.067019400352734]","[44.1, 37.9, 36.300000000000004, 33.800000000000004, 25.900000000000002, 31.400000000000002, 36.2, 37.5, 35.1, 32.4]"
ga,11,7,12.933926500793444,36.58,38.1,1.8107122150791573,5.4,14.071785714285715,23.29,9.218214285714286,True,0.0,hospital_corridor,28,12,"[11, 29, 47, 53, 61, 73, 89, 97, 101, 109]","[3.3810013300086474, 4.9904330116992694, 0.9197267219918197, 0.5, 1.0]","{""time"": 0.0, ""collisions"": 0.05, ""congestion"": 1.0, ""fairness"": 1.0, ""incomplete_base"": 1000.0, ""incomplete_agent"": 10.0}","[16.72758799171843, 12.38342490842491, 11.316326530612248, 10.090230731467845, 8.464285714285715, 12.02999231950845, 17.792975011786897, 14.158051596508674, 14.555222956234518, 11.82116724738676]","[48.300000000000004, 32.5, 29.400000000000002, 29.1, 34.5, 31.0, 50.5, 43.1, 34.6, 32.800000000000004]"
ga,11,8,13.560335963541032,32.910000000000004,45.6,1.8054550111600776,5.3,12.729285714285714,22.20416666666667,9.474880952380953,True,0.0,hospital_corridor,28,12,"[11, 29, 47, 53, 61, 73, 89, 97, 101, 109]","[4.034934439350104, 4.991730347109519, 0.9194987236871682, 0.5, 1.0]","{""time"": 0.0, ""collisions"": 0.05, ""congestion"": 1.0, ""fairness"": 1.0, ""incomplete_base"": 1000.0, ""incomplete_agent"": 10.0}","[19.45639395223965, 15.988906782872299, 13.213770913770913, 12.844480519480518, 9.827168085777357, 12.578092783505156, 14.938376136971643, 11.301999101527404, 13.350810014727541, 12.103361344537817]","[33.7, 37.7, 29.6, 33.0, 30.200000000000003, 29.1, 35.6, 37.1, 29.1, 34.0]"
ga,11,9,14.11006448994787,34.82,44.0,1.819350204233583,5.5,12.654285714285717,22.745000000000005,10.090714285714288,True,0.0,hospital_corridor,28,12,"[11, 29, 47, 53, 61, 73, 89, 97, 101, 109]","[4.063498345980693, 4.96519467013062, 0.9266730805885295, 0.5, 1.0]","{""time"": 0.0, ""collisions"": 0.05, ""congestion"": 1.0, ""fairness"": 1.0, ""incomplete_base"": 1000.0, ""incomplete_agent"": 10.0}","[22.86264367816092, 17.86988598256204, 11.29169928245271, 11.996232670283302, 8.145012870012872, 12.756427040269486, 15.034265811587794, 14.959860383944156, 13.804061624649862, 12.380555555555558]","[46.400000000000006, 42.6, 29.200000000000003, 31.6, 29.6, 31.1, 32.300000000000004, 38.2, 35.7, 31.5]"
ga,11,10,13.32957378374186,38.830000000000005,24.0,1.7133833075513856,5.4,14.097142857142856,24.51333333333334,10.416190476190476,True,0.0,hospital_corridor,28,12,"[11, 29, 47, 53, 61, 73, 89, 97, 101, 109]","[3.312420733980362, 4.979249185961734, 0.9372811211379305, 0.5, 1.0]","{""time"": 0.0, ""collisions"": 0.05, ""congestion"": 1.0, ""fairness"": 1.0, ""incomplete_base"": 1000.0, ""incomplete_agent"": 10.0}","[12.332511088794039, 9.802083333333336, 11.44404761904762, 9.149436840604507, 8.761242022582229, 11.766269841269843, 18.547042527702907, 19.15138528138528, 14.459299191374665, 17.882420091324203]","[56.900000000000006, 32.0, 30.0, 33.4, 29.1, 30.6, 47.7, 55.0, 37.1, 36.5]"
ga,11,11,12.26254108791234,36.510000000000005,18.6,1.6298029926742454,5.1,13.563928571428571,23.26666666666667,9.702738095238095,True,0.0,hospital_corridor,28,12,"[11, 29, 47, 53, 61, 73, 89, 97, 101, 109]","[3.2872469723120945, 4.978158169847804, 0.9171347182096242, 0.5, 1.0]","{""time"": 0.0, ""collisions"": 0.05, ""congestion"": 1.0, ""fairness"": 1.0, ""incomplete_base"": 1000.0, ""incomplete_agent"": 10.0}","[12.810631656261478, 9.689303482587066, 11.48544263342921, 14.508325518391164, 9.07640056022409, 12.794125174499769, 15.157092198581564, 11.556191018548649, 11.982814248414769, 13.565084388185655]","[38.900000000000006, 33.5, 29.8, 45.7, 27.200000000000003, 30.700000000000003, 37.6, 43.900000000000006, 38.300000000000004, 39.5]"
ga,11,12,13.134343772240314,35.32,15.8,1.7150580579545966,5.2,13.223214285714286,23.8525,10.629285714285716,True,0.0,hospital_corridor,28,12,"[11, 29, 47, 53, 61, 73, 89, 97, 101, 109]","[3.027683727101681, 5.0, 0.9197629840335275, 0.5, 1.0]","{""time"": 0.0, ""collisions"": 0.05, ""congestion"": 1.0, ""fairness"": 1.0, ""incomplete_base"": 1000.0, ""incomplete_agent"": 10.0}","[17.112147025112012, 9.672574955908292, 11.600000000000001, 13.65586932447398, 7.939453885643479, 14.491202090592335, 15.19142294713161, 14.741128195147267, 12.80901627108524, 14.130623027308907]","[45.7, 32.4, 31.0, 43.0, 26.900000000000002, 32.800000000000004, 38.1, 36.7, 31.900000000000002, 34.7]"
ga,11,13,1082.509834625168,100.0,26.3,0.47050000000000003,4.1,13.511352243518834,26.235686868686873,12.724334625168037,False,6.8,hospital_corridor,28,12,"[11, 29, 47, 53, 61, 73, 89, 97, 101, 109]","[3.2907191146721244, 3.98933353072436, 1.1245168296346089, 0.5, 1.0]","{""time"": 0.0, ""collisions"": 0.05, ""congestion"": 1.0, ""fairness"": 1.0, ""incomplete_base"": 1000.0, ""incomplete_agent"": 10.0}","[1083.926181818182, 1141.915, 1060.892, 1091.7709264069265, 1124.054842105263, 1053.5353636363636, 1055.3783636363637, 1062.8854074074075, 1050.585923076923, 1100.1543381642512]","[100.0, 100.0, 100.0, 100.0, 100.0, 100.0, 100.0, 100.0, 100.0, 100.0]"
ga,11,14,14.004210219998107,36.17999999999999,37.3,1.91254355333144,5.3,13.4025,23.629166666666666,10.226666666666668,True,0.0,hospital_corridor,28,12,"[11, 29, 47, 53, 61, 73, 89, 97, 101, 109]","[3.8092004724863076, 4.998848070525675, 0.9265934586968722, 0.5, 1.0]","{""time"": 0.0, ""collisions"": 0.05, ""congestion"": 1.0, ""fairness"": 1.0, ""incomplete_base"": 1000.0, ""incomplete_agent"": 10.0}","[17.8269877675841, 10.107251082251082, 13.11531773118804, 11.963837812352665, 7.789189189189188, 18.362348668280873, 17.413278388278385, 15.843995859213255, 15.80739570164349, 11.812500000000002]","[43.6, 30.8, 29.3, 30.3, 25.900000000000002, 41.300000000000004, 45.5, 46.0, 33.9, 35.2]"
ga,11,15,13.119805251576008,34.36,28.7,1.7463528706236264,5.0,12.953214285714287,22.891666666666666,9.93845238095238,True,0.0,hospital_corridor,28,12,"[11, 29, 47, 53, 61, 73, 89, 97, 101, 109]","[3.7175198880216875, 4.991895489008082, 0.9263558160528248, 0.5, 1.0]","{""time"": 0.0, ""collisions"": 0.05, ""congestion"": 1.0, ""fairness"": 1.0, ""incomplete_base"": 1000.0, ""incomplete_agent"": 10.0}","[21.51362715298886, 14.478590944574552, 12.108419243986255, 11.885308697611539, 9.449133148404993, 11.669357469015003, 13.831823027718551, 11.614488966318234, 13.589027904155294, 11.058275960986803]","[47.0, 36.6, 29.1, 31.700000000000003, 30.900000000000002, 29.200000000000003, 33.5, 41.0, 31.400000000000002, 33.2]"
ga,11,16,13.40406973285095,34.260000000000005,32.3,1.9357363995176162,5.2,13.132499999999999,22.985833333333336,9.853333333333333,True,0.0,hospital_corridor,28,12,"[11, 29, 47, 53, 61, 73, 89, 97, 101, 109]","[3.9431556359784823, 4.989699482992234, 0.9361798444535802, 0.5, 1.0]","{""time"": 0.0, ""collisions"": 0.05, ""congestion"": 1.0, ""fairness"": 1.0, ""incomplete_base"": 1000.0, ""incomplete_agent"": 10.0}","[14.642496392496394, 13.373484848484848, 10.997356739305893, 11.660383833248602, 11.003846153846155, 16.575732600732604, 15.975833969951617, 13.990280739161335, 12.798150183150184, 13.023131868131868]","[39.6, 35.2, 29.5, 28.1, 31.200000000000003, 36.4, 37.4, 40.2, 32.5, 32.5]"
ga,11,17,13.24055995613351,36.2,19.8,1.8075837656573188,5.4,13.635357142857146,24.078333333333333,10.442976190476191,True,0.0,hospital_corridor,28,12,"[11, 29, 47, 53, 61, 73, 89, 97, 101, 109]","[3.4378758322173475, 4.987583120067335, 0.9344059406094481, 0.5, 1.0]","{""time"": 0.0, ""collisions"": 0.05, ""congestion"": 1.0, ""fairness"": 1.0, ""incomplete_base"": 1000.0, ""incomplete_agent"": 10.0}","[13.149875124875127, 15.912716955941255, 11.466404358353511, 11.680548068283915, 9.705359056806003, 12.578968253968256, 15.807762557077629, 16.11240716470075, 12.081809078771697, 13.909748942556964]","[42.900000000000006, 42.800000000000004, 29.5, 37.1, 31.1, 31.5, 36.5, 43.6, 32.1, 34.9]"
ga,11,18,13.774452781277388,35.120000000000005,41.5,1.7805242098488159,5.1,13.291071428571431,23.210000000000004,9.918928571428571,True,0.0,hospital_corridor,28,12,"[11, 29, 47, 53, 61, 73, 89, 97, 101, 109]","[3.341442432236504, 4.85958419430844, 0.8808380282516702, 0.5, 1.0]","{""time"": 0.0, ""collisions"": 0.05, ""congestion"": 1.0, ""fairness"": 1.0, ""incomplete_base"": 1000.0, ""incomplete_agent"": 10.0}","[21.829341736694676, 13.595543093270365, 13.498133848133847, 10.78347025711243, 7.705319940476193, 12.661111111111111, 14.311072482090182, 12.935606060606062, 17.13965053763441, 13.2852787456446]","[47.6, 36.300000000000004, 29.6, 31.3, 25.6, 31.5, 33.9, 33.0, 49.6, 32.800000000000004]"
ga,11,19,13.148245179479405,34.52,21.5,1.8499118461460724,5.1,13.285000000000002,23.508333333333333,10.223333333333333,True,0.0,hospital_corridor,28,12,"[11, 29, 47, 53, 61, 73, 89, 97, 101, 109]","[3.3864748849481767, 4.9962550388795615, 0.9250059429888561, 0.5, 1.0]","{""time"": 0.0, ""collisions"": 0.05, ""congestion"": 1.0, ""fairness"": 1.0, ""incomplete_base"": 1000.0, ""incomplete_agent"": 10.0}","[14.708836351441988, 15.04426495393798, 13.036585700562648, 10.799432355723745, 8.32672955974843, 12.16619496855346, 14.956830657334981, 13.023253068932956, 13.021959356991205, 16.398364821566673]","[35.5, 36.7, 34.7, 30.200000000000003, 31.8, 31.8, 34.7, 35.300000000000004, 31.400000000000002, 43.1]"
ga,11,20,13.185133461630103,35.54,19.4,1.789776318772961,5.2,13.249642857142856,23.675000000000004,10.425357142857143,True,0.0,hospital_corridor,28,12,"[11, 29, 47, 53, 61, 73, 89, 97, 101, 109]","[3.387350441337182, 4.987847188934129, 0.924444548887028, 0.5, 1.0]","{""time"": 0.0, ""collisions"": 0.05, ""congestion"": 1.0, ""fairness"": 1.0, ""incomplete_base"": 1000.0, ""incomplete_agent"": 10.0}","[11.997486772486772, 15.016716529543757, 13.631016731016732, 15.570218579234972, 7.756043956043957, 12.19049249836921, 15.995122515025425, 12.381404628890662, 13.778741496598641, 13.53409090909091]","[40.5, 38.2, 29.6, 42.7, 26.0, 29.200000000000003, 41.2, 35.800000000000004, 39.2, 33.0]"
ga,11,21,13.872463555289901,36.65,24.7,1.7819873648137108,5.5,13.397857142857143,24.253333333333334,10.85547619047619,True,0.0,hospital_corridor,28,12,"[11, 29, 47, 53, 61, 73, 89, 97, 101, 109]","[3.293782014984879, 4.999890677338048, 0.9208016543273505, 0.5, 1.0]","{""time"": 0.0, ""collisions"": 0.05, ""congestion"": 1.0, ""fairness"": 1.0, ""incomplete_base"": 1000.0, ""incomplete_agent"": 10.0}","[18.39452887537994, 14.292737497008854, 11.56674972314507, 16.653260225251927, 8.864848484848483, 13.755906885047011, 17.865379403794037, 12.42623568414708, 12.584089303377137, 12.320899470899471]","[47.0, 39.800000000000004, 30.1, 48.2, 27.5, 31.400000000000002, 36.9, 39.5, 33.7, 32.4]"
ga,11,22,13.424991906919061,35.040000000000006,22.4,1.830944287871441,5.4,13.001785714285713,23.475833333333334,10.47404761904762,True,0.0,hospital_corridor,28,12,"[11, 29, 47, 53, 61, 73, 89, 97, 101, 109]","[3.3587789144995748, 4.987694999201732, 0.9218156111292256, 0.5, 1.0]","{""time"": 0.0, ""collisions"": 0.05, ""congestion"": 1.0, ""fairness"": 1.0, ""incomplete_base"": 1000.0, ""incomplete_agent"": 10.0}","[18.84709966059858, 11.699977748108592, 13.17903551251009, 12.445503488019412, 7.548168498168501, 12.15769230769231, 14.136472485247705, 14.177954779033914, 14.889140457243908, 15.168874132567598]","[46.300000000000004, 32.1, 29.5, 31.400000000000002, 26.0, 31.200000000000003, 34.7, 41.7, 37.7, 39.800000000000004]"
ga,11,23,1017.5295678771625,40.86,21.0,1.9351631152578357,5.0,13.557857142857141,23.10226190476191,9.544404761904762,False,0.5,hospital_corridor,28,12,"[11, 29, 47, 53, 61, 73, 89, 97, 101, 109]","[3.261236003392498, 4.987649713388667, 0.9192771421692606, 0.5, 1.0]","{""time"": 0.0, ""collisions"": 0.05, ""congestion"": 1.0, ""fairness"": 1.0, ""incomplete_base"": 1000.0, ""incomplete_agent"": 10.0}","[14.93396358543417, 11.711860670194005, 11.564164648910412, 11.435119047619047, 9.596881287726358, 13.372157127835365, 1063.9562857142857, 11.8140350877193, 12.735963455149502, 14.175248146752107]","[40.800000000000004, 32.4, 29.5, 33.6, 28.400000000000002, 31.700000000000003, 100.0, 39.900000000000006, 34.4, 37.9]"
ga,12,0,11.97247206182292,33.82,21.7,1.8062815856324423,4.9,13.484642857142859,22.565833333333334,9.081190476190477,True,0.0,hospital_corridor,28,12,"[11, 29, 47, 53, 61, 73, 89, 97, 101, 109]","[3.4609646407523584, 5.0, 0.9260051089556816, 0.5, 1.0]","{""time"": 0.0, ""collisions"": 0.05, ""congestion"": 1.0, ""fairness"": 1.0, ""incomplete_base"": 1000.0, ""incomplete_agent"": 10.0}","[11.388838530335992, 14.696919119406555, 11.941081517352707, 8.620238095238095, 8.859807776321539, 12.022890295358652, 15.526685630004216, 12.094634129311551, 11.952898550724637, 12.620726974175252]","[39.400000000000006, 39.800000000000004, 29.5, 30.8, 32.7, 31.6, 33.9, 34.1, 34.5, 31.900000000000002]"
ga,12,1,11.97247206182292,33.82,21.7,1.8062815856324423,4.9,13.484642857142859,22.565833333333334,9.081190476190477,True,0.0,hospital_corridor,28,12,"[11, 29, 47, 53, 61, 73, 89, 97, 101, 109]","[3.4609646407523584, 5.0, 0.9260051089556816, 0.5, 1.0]","{""time"": 0.0, ""collisions"": 0.05, ""congestion"": 1.0, ""fairness"": 1.0, ""incomplete_base"": 1000.0, ""incomplete_agent"": 10.0}","[11.388838530335992, 14.696919119406555, 11.941081517352707, 8.620238095238095, 8.859807776321539, 12.022890295358652, 15.526685630004216, 12.094634129311551, 11.952898550724637, 12.620726974175252]","[39.400000000000006, 39.800000000000004, 29.5, 30.8, 32.7, 31.6, 33.9, 34.1, 34.5, 31.900000000000002]"
ga,12,2,12.94306048516263,35.31,18.3,1.828298580400724,5.4,13.30107142857143,23.500833333333333,10.199761904761905,True,0.0,hospital_corridor,28,12,"[11, 29, 47, 53, 61, 73, 89, 97, 101, 109]","[3.338168435962272, 4.985215946863318, 0.9310605577485326, 0.5, 1.0]","{""time"": 0.0, ""collisions"": 0.05, ""congestion"": 1.0, ""fairness"": 1.0, ""incomplete_base"": 1000.0, ""incomplete_agent"": 10.0}","[13.600052443885044, 14.04790193305045, 11.553349944629016, 13.948376623376625, 7.4496460746460755, 12.600915750915753, 14.50338827838828, 15.643267164347925, 13.405659456211508, 12.678047182175623]","[45.400000000000006, 40.400000000000006, 30.1, 38.5, 25.900000000000002, 32.5, 33.800000000000004, 42.1, 31.700000000000003, 32.7]"
ga,12,3,11.975197867019071,35.830000000000005,23.2,1.7621026289238344,5.2,13.896071428571428,22.949166666666667,9.053095238095237,True,0.0,hospital_corridor,28,12,"[11, 29, 47, 53, 61, 73, 89, 97, 101, 109]","[3.4352169387704485, 4.994033239098417, 0.9322256723450795, 0.5, 1.0]","{""time"": 0.0, ""collisions"": 0.05, ""congestion"": 1.0, ""fairness"": 1.0, ""incomplete_base"": 1000.0, ""incomplete_agent"": 10.0}","[11.744024045261671, 13.152422003284073, 11.415193704600483, 11.499063330916123, 7.1823643410852736, 12.043715393133999, 14.823099325567137, 12.60720992622401, 12.985319500550862, 12.2995670995671]","[40.400000000000006, 34.800000000000004, 29.5, 39.400000000000006, 25.8, 34.4, 46.6, 35.5, 38.900000000000006, 33.0]"
ga,12,4,12.644133781616647,34.14,27.0,1.8563956863785507,5.3,13.331428571428571,22.769166666666667,9.437738095238096,True,0.0,hospital_corridor,28,12,"[11, 29, 47, 53, 61, 73, 89, 97, 101, 109]","[3.3837482148843954, 4.991335875119455, 0.907244978074885, 0.5, 1.0]","{""time"": 0.0, ""collisions"": 0.05, ""congestion"": 1.0, ""fairness"": 1.0, ""incomplete_base"": 1000.0, ""incomplete_agent"": 10.0}","[15.444047619047618, 13.343045283508502, 11.590894465894467, 9.981818181818182, 8.252076411960132, 11.909848484848483, 16.267934782608698, 12.154201680672273, 14.788637644406878, 12.708833261401239]","[43.2, 36.7, 29.6, 30.8, 25.8, 30.8, 36.800000000000004, 40.800000000000004, 33.800000000000004, 33.1]"
ga,12,5,13.959420478258451,35.599999999999994,43.4,1.8422776211155927,5.2,13.105357142857144,23.052500000000002,9.947142857142858,True,0.0,hospital_corridor,28,12,"[11, 29, 47, 53, 61, 73, 89, 97, 101, 109]","[3.945975352385058, 4.9953521754593755, 0.9224043780480886, 0.5, 1.0]","{""time"": 0.0, ""collisions"": 0.05, ""congestion"": 1.0, ""fairness"": 1.0, ""incomplete_base"": 1000.0, ""incomplete_agent"": 10.0}","[23.270535714285714, 16.866853126792883, 10.192844953681131, 11.005059523809525, 8.697558922558922, 15.572753185781355, 17.775723622782447, 11.971042967315462, 12.56462818003914, 11.677204585537918]","[44.800000000000004, 41.5, 29.3, 28.8, 29.700000000000003, 35.5, 45.900000000000006, 38.900000000000006, 29.200000000000003, 32.4]"
ga,12,6,12.996940054381952,34.540000000000006,26.1,1.884678149620046,5.1,13.276071428571427,23.083333333333336,9.807261904761905,True,0.0,hospital_corridor,28,12,"[11, 29, 47, 53, 61, 73, 89, 97, 101, 109]","[3.5956706182603657, 4.995893531425242, 0.9260813679843853, 0.5, 1.0]","{""time"": 0.0, ""collisions"": 0.05, ""congestion"": 1.0, ""fairness"": 1.0, ""incomplete_base"": 1000.0, ""incomplete_agent"": 10.0}","[15.606792717086838, 13.489051817200433, 13.325141242937853, 13.898468517841922, 7.4493564993565, 13.052472527472528, 13.782167152575319, 13.177380952380956, 13.400473878871939, 12.788095238095238]","[47.6, 39.7, 29.5, 39.1, 25.900000000000002, 31.200000000000003, 34.300000000000004, 33.6, 30.900000000000002, 33.6]"
ga,12,7,12.726371447313243,34.709999999999994,29.2,1.7754190663608598,5.3,13.393214285714288,22.884166666666665,9.490952380952383,True,0.0,hospital_corridor,28,12,"[11, 29, 47, 53, 61, 73, 89, 97, 101, 109]","[3.5828139105136803, 5.0, 0.9262795570241211, 0.5, 1.0]","{""time"": 0.0, ""collisions"": 0.05, ""congestion"": 1.0, ""fairness"": 1.0, ""incomplete_base"": 1000.0, ""incomplete_agent"": 10.0}","[14.096975992613114, 15.229815888169112, 11.203741496598639, 11.50018315018315, 7.402816492450639, 12.481338371526085, 16.381007684247294, 13.438264500112846, 13.647945638432365, 11.881625258799172]","[36.1, 41.900000000000006, 29.400000000000002, 32.5, 28.700000000000003, 29.3, 40.900000000000006, 42.2, 33.9, 32.2]"
ga,12,8,12.9091244374114,36.839999999999996,25.0,1.6456720564590193,5.1,13.318214285714287,23.33166666666667,10.013452380952382,True,0.0,hospital_corridor,28,12,"[11, 29, 47, 53, 61, 73, 89, 97, 101, 109]","[3.582642507320176, 4.852981666960252, 0.9286270367884298, 0.5, 1.0]","{""time"": 0.0, ""collisions"": 0.05, ""congestion"": 1.0, ""fairness"": 1.0, ""incomplete_base"": 1000.0, ""incomplete_agent"": 10.0}","[12.539420383538031, 11.203968253968256, 13.521257485029942, 18.896638031604628, 8.586190476190474, 12.145694716242662, 13.71404358353511, 11.775773507372495, 14.787835401421152, 11.92042253521127]","[44.2, 31.5, 33.4, 44.900000000000006, 30.0, 29.200000000000003, 35.4, 39.400000000000006, 44.900000000000006, 35.5]"
ga,12,9,12.649492615840469,34.53000000000001,27.1,1.766397377745228,5.3,13.12857142857143,22.65666666666667,9.52809523809524,True,0.0,hospital_corridor,28,12,"[11, 29, 47, 53, 61, 73, 89, 97, 101, 109]","[3.8214777694106647, 4.997351279856254, 0.9335579166208319, 0.5, 1.0]","{""time"": 0.0, ""collisions"": 0.05, ""congestion"": 1.0, ""fairness"": 1.0, ""incomplete_base"": 1000.0, ""incomplete_agent"": 10.0}","[18.12734082397004, 12.850493350493352, 11.251402478799738, 13.518298623797346, 7.5956873315363875, 12.2921802054155, 14.020695970695972, 12.298110766045546, 12.833540372670809, 11.707176234979974]","[44.5, 33.300000000000004, 29.200000000000003, 39.1, 26.5, 30.6, 36.4, 36.800000000000004, 36.800000000000004, 32.1]"
ga,12,10,12.852023903602074,35.8,21.9,1.8189286655068337,5.7,13.29857142857143,23.236666666666665,9.93809523809524,True,0.0,hospital_corridor,28,12,"[11, 29, 47, 53, 61, 73, 89, 97, 101, 109]","[3.384756803320746, 4.758478840262289, 0.9206669925356659, 0.5, 1.0]","{""time"": 0.0, ""collisions"": 0.05, ""congestion"": 1.0, ""fairness"": 1.0, ""incomplete_base"": 1000.0, ""incomplete_agent"": 10.0}","[16.254761904761903, 14.59122807017544, 11.119272844272844, 11.032589285714288, 7.68474025974026, 12.302296777296778, 14.654545454545453, 15.326944602542211, 13.515232683982685, 12.038627152988855]","[37.0, 39.900000000000006, 29.6, 32.0, 35.2, 29.700000000000003, 36.300000000000004, 50.2, 35.2, 32.9]"
ga,12,11,13.446299762582434,32.39000000000001,39.0,1.9073711911538627,5.4,12.51107142857143,22.1,9.588928571428571,True,0.0,hospital_corridor,28,12,"[11, 29, 47, 53, 61, 73, 89, 97, 101, 109]","[4.108148401723366, 4.994559696817636, 0.9231590773346179, 0.5, 1.0]","{""time"": 0.0, ""collisions"": 0.05, ""congestion"": 1.0, ""fairness"": 1.0, ""incomplete_base"": 1000.0, ""incomplete_agent"": 10.0}","[15.300604069520983, 15.706316812439262, 11.065230731467846, 16.341553587134065, 9.338535551206785, 12.687891986062718, 15.69054790590935, 13.186904761904765, 13.007617382617383, 12.137794837561193]","[33.7, 34.300000000000004, 29.1, 37.9, 29.200000000000003, 28.700000000000003, 33.2, 37.1, 28.6, 32.1]"
ga,12,12,12.666221458589341,33.21,26.2,1.984435744303624,5.5,13.343214285714287,22.714999999999996,9.371785714285716,True,0.0,hospital_corridor,28,12,"[11, 29, 47, 53, 61, 73, 89, 97, 101, 109]","[3.4539243566628377, 4.9919612825168285, 0.9254380579223255, 0.5, 1.0]","{""time"": 0.0, ""collisions"": 0.05, ""congestion"": 1.0, ""fairness"": 1.0, ""incomplete_base"": 1000.0, ""incomplete_agent"": 10.0}","[9.909717784877529, 15.777940332759613, 11.834032179424673, 12.581525573192241, 8.306234945340005, 11.942512531328322, 14.409313725490195, 11.869867999013078, 17.177627257799674, 12.853442256668064]","[31.3, 41.5, 29.3, 32.4, 25.700000000000003, 30.400000000000002, 34.0, 38.6, 34.800000000000004, 34.1]"
ga,12,13,1025.9172933576322,68.35,10.3,1.0511180514568013,4.8,13.541476208976212,25.892651515151517,12.351175306175307,False,1.2,hospital_corridor,28,12,"[11, 29, 47, 53, 61, 73, 89, 97, 101, 109]","[3.388041614098168, 4.998471729182441, 0.9896956341502904, 0.5, 1.0]","{""time"": 0.0, ""collisions"": 0.05, ""congestion"": 1.0, ""fairness"": 1.0, ""incomplete_base"": 1000.0, ""incomplete_agent"": 10.0}","[12.008473711077084, 1082.3526363636363, 11.336996336996338, 9.234020791415158, 1026.040962962963, 16.048207597645803, 1037.3103846153847, 1036.106292929293, 13.993791946308725, 14.741166321601105]","[65.3, 100.0, 31.200000000000003, 35.5, 100.0, 35.6, 100.0, 100.0, 74.5, 41.400000000000006]"
ga,12,14,12.579136194687175,34.78,17.4,1.682350480401461,5.1,13.033214285714285,23.060000000000002,10.026785714285714,True,0.0,hospital_corridor,28,12,"[11, 29, 47, 53, 61, 73, 89, 97, 101, 109]","[3.2927089291089255, 4.992438651180974, 0.9235413559594173, 0.5, 1.0]","{""time"": 0.0, ""collisions"": 0.05, ""congestion"": 1.0, ""fairness"": 1.0, ""incomplete_base"": 1000.0, ""incomplete_agent"": 10.0}","[14.610379882289994, 14.80358713406207, 11.437516087516087, 10.799462971308397, 7.796816168327798, 12.738457556935819, 13.587035225048924, 12.581958793492461, 14.038038884192733, 13.39810924369748]","[44.5, 37.9, 29.6, 31.700000000000003, 25.8, 32.2, 36.5, 40.1, 33.800000000000004, 35.7]"
ga,12,15,25.37552429173009,31.639999999999997,292.2,1.8068338155396162,5.5,11.989642857142858,20.948333333333334,8.958690476190476,True,0.0,hospital_corridor,28,12,"[11, 29, 47, 53, 61, 73, 89, 97, 101, 109]","[3.670440218478157, 5.0, 0.7937830284180464, 0.5, 1.0]","{""time"": 0.0, ""collisions"": 0.05, ""congestion"": 1.0, ""fairness"": 1.0, ""incomplete_base"": 1000.0, ""incomplete_agent"": 10.0}","[38.05365623822088, 41.29342211460856, 15.63083822570124, 26.468353174603173, 14.354428733950918, 18.673972250770813, 28.14708314193845, 25.642410714285717, 26.22934362934363, 19.261734693877553]","[37.9, 41.300000000000004, 29.200000000000003, 28.8, 29.3, 27.8, 31.1, 32.0, 29.6, 29.400000000000002]"
ga,12,16,13.878325421171295,36.34,39.5,1.692253992599864,5.5,13.818928571428572,24.03,10.211071428571431,True,0.0,hospital_corridor,28,12,"[11, 29, 47, 53, 61, 73, 89, 97, 101, 109]","[2.869010074115372, 4.9895605153837135, 0.8743832589052666, 0.5, 1.0]","{""time"": 0.0, ""collisions"": 0.05, ""congestion"": 1.0, ""fairness"": 1.0, ""incomplete_base"": 1000.0, ""incomplete_agent"": 10.0}","[15.833493589743593, 14.374540311173975, 11.92128302731751, 15.30203913248468, 8.414459604066344, 12.227976190476191, 15.08541973490427, 15.228928571428574, 15.564860426929393, 14.830253623188405]","[41.6, 40.400000000000006, 31.900000000000002, 40.400000000000006, 26.700000000000003, 32.0, 38.800000000000004, 40.0, 34.800000000000004, 36.800000000000004]"
ga,12,17,12.59073808095939,34.34,19.3,1.7970476047689121,5.1,13.144642857142859,22.973333333333336,9.828690476190477,True,0.0,hospital_corridor,28,12,"[11, 29, 47, 53, 61, 73, 89, 97, 101, 109]","[3.5550167508220802, 4.989918093691703, 0.9312099951439252, 0.5, 1.0]","{""time"": 0.0, ""collisions"": 0.05, ""congestion"": 1.0, ""fairness"": 1.0, ""incomplete_base"": 1000.0, ""incomplete_agent"": 10.0}","[12.036904761904761, 13.084960431163873, 14.35646900269542, 14.923410035155005, 7.118076081007118, 12.127650957290133, 14.728164924506387, 12.360403726708077, 13.117297762478486, 12.054043126684638]","[39.2, 34.9, 31.8, 44.7, 26.1, 29.1, 32.800000000000004, 34.5, 33.2, 37.1]"
ga,12,18,11.821842496851406,31.869999999999997,21.9,1.7342234492323598,4.9,12.745714285714286,21.738333333333337,8.992619047619048,True,0.0,hospital_corridor,28,12,"[11, 29, 47, 53, 61, 73, 89, 97, 101, 109]","[3.6461576623598186, 5.0, 0.920838062619316, 0.5, 1.0]","{""time"": 0.0, ""collisions"": 0.05, ""congestion"": 1.0, ""fairness"": 1.0, ""incomplete_base"": 1000.0, ""incomplete_agent"": 10.0}","[12.829401052205583, 10.577133728890917, 11.56236795059321, 12.13159824046921, 8.157890365448505, 12.631396287328492, 14.020890461447737, 12.058054711246202, 12.412937559129613, 11.836754611754612]","[35.300000000000004, 31.3, 29.3, 34.1, 25.8, 29.5, 32.300000000000004, 37.6, 30.200000000000003, 33.300000000000004]"
ga,12,19,14.421497818680162,38.92,31.0,1.6500692472515914,4.8,13.49607142857143,24.7175,11.221428571428572,True,0.0,hospital_corridor,28,12,"[11, 29, 47, 53, 61, 73, 89, 97, 101, 109]","[3.639546184545499, 4.979274018766181, 0.9332500762330849, 0.5, 1.0]","{""time"": 0.0, ""collisions"": 0.05, ""congestion"": 1.0, ""fairness"": 1.0, ""incomplete_base"": 1000.0, ""incomplete_agent"": 10.0}","[22.85478547854786, 19.73639455782313, 11.165236470014628, 18.26901910464785, 8.929413179413178, 11.479328287606432, 14.527122776821573, 11.272402597402596, 14.174598715890852, 11.80667701863354]","[50.5, 58.800000000000004, 29.3, 50.1, 29.700000000000003, 30.200000000000003, 33.2, 39.6, 35.6, 32.2]"
ga,12,20,12.679963631057412,35.239999999999995,30.0,1.8499636310574086,5.4,13.340000000000003,22.669999999999998,9.330000000000002,True,0.0,hospital_corridor,28,12,"[11, 29, 47, 53, 61, 73, 89, 97, 101, 109]","[3.5062772437570056, 4.995421459877331, 0.9260918089544966, 0.5, 1.0]","{""time"": 0.0, ""collisions"": 0.05, ""congestion"": 1.0, ""fairness"": 1.0, ""incomplete_base"": 1000.0, ""incomplete_agent"": 10.0}","[15.834017984876356, 9.48221110100091, 11.711986023078172, 15.21977468839885, 7.980308880308882, 12.339125918823907, 17.31825396825397, 11.54214285714286, 12.356605222734256, 13.015209665955936]","[46.6, 31.400000000000002, 29.3, 44.7, 25.900000000000002, 29.8, 36.0, 37.5, 31.0, 40.2]"
ga,12,21,1017.3943597354273,42.59,20.2,1.7398954497129915,4.7,13.648035714285717,24.292499999999997,10.644464285714287,False,0.4,hospital_corridor,28,12,"[11, 29, 47, 53, 61, 73, 89, 97, 101, 109]","[3.6722072850170404, 4.996474029130751, 0.9837785791285018, 0.5, 1.0]","{""time"": 0.0, ""collisions"": 0.05, ""congestion"": 1.0, ""fairness"": 1.0, ""incomplete_base"": 1000.0, ""incomplete_agent"": 10.0}","[15.88690996049075, 1055.2305, 10.608673469387757, 12.56083148285221, 10.651419020330195, 11.955084557187359, 15.603846153846156, 15.951642036124799, 13.3375478169107, 12.157142857142858]","[45.800000000000004, 100.0, 29.400000000000002, 38.6, 34.9, 32.1, 36.4, 40.6, 36.1, 32.0]"
ga,12,22,1155.6741769284888,36.79,2877.1,1.8743717336836991,6.0,11.594285714285714,20.53909090909091,8.944805194805195,False,0.1,hospital_corridor,28,12,"[11, 29, 47, 53, 61, 73, 89, 97, 101, 109]","[3.333120573725544, 4.986657267680785, 0.5, 0.5, 1.0]","{""time"": 0.0, ""collisions"": 0.05, ""congestion"": 1.0, ""fairness"": 1.0, ""incomplete_base"": 1000.0, ""incomplete_agent"": 10.0}","[1189.6486233766234, 144.8483134920635, 135.13680555555555, 144.15800865800867, 167.5522631667508, 118.16542443064182, 176.7576307572209, 169.43357142857144, 141.68725937183387, 169.35386904761904]","[100.0, 28.8, 28.8, 30.8, 28.3, 27.6, 36.6, 30.0, 28.200000000000003, 28.8]"
ga,12,23,1078.5403215932215,100.0,8.8,0.5145,4.2,14.815888363488364,24.401709956709958,9.585821593221594,False,6.8,hospital_corridor,28,12,"[11, 29, 47, 53, 61, 73, 89, 97, 101, 109]","[3.385159104648105, 4.998939039920204, 1.1002605342822855, 0.5, 1.0]","{""time"": 0.0, ""collisions"": 0.05, ""congestion"": 1.0, ""fairness"": 1.0, ""incomplete_base"": 1000.0, ""incomplete_agent"": 10.0}","[1077.9524545454547, 1112.178, 1029.7038316498317, 1069.972393939394, 1134.9098571428572, 1044.3662097902097, 1075.5167307692307, 1071.7732380952382, 1076.685, 1092.3455]","[100.0, 100.0, 100.0, 100.0, 100.0, 100.0, 100.0, 100.0, 100.0, 100.0]"
ga,13,0,11.821842496851406,31.869999999999997,21.9,1.7342234492323598,4.9,12.745714285714286,21.738333333333337,8.992619047619048,True,0.0,hospital_corridor,28,12,"[11, 29, 47, 53, 61, 73, 89, 97, 101, 109]","[3.6461576623598186, 5.0, 0.920838062619316, 0.5, 1.0]","{""time"": 0.0, ""collisions"": 0.05, ""congestion"": 1.0, ""fairness"": 1.0, ""incomplete_base"": 1000.0, ""incomplete_agent"": 10.0}","[12.829401052205583, 10.577133728890917, 11.56236795059321, 12.13159824046921, 8.157890365448505, 12.631396287328492, 14.020890461447737, 12.058054711246202, 12.412937559129613, 11.836754611754612]","[35.300000000000004, 31.3, 29.3, 34.1, 25.8, 29.5, 32.300000000000004, 37.6, 30.200000000000003, 33.300000000000004]"
ga,13,1,11.97247206182292,33.82,21.7,1.8062815856324423,4.9,13.484642857142859,22.565833333333334,9.081190476190477,True,0.0,hospital_corridor,28,12,"[11, 29, 47, 53, 61, 73, 89, 97, 101, 109]","[3.4609646407523584, 5.0, 0.9260051089556816, 0.5, 1.0]","{""time"": 0.0, ""collisions"": 0.05, ""congestion"": 1.0, ""fairness"": 1.0, ""incomplete_base"": 1000.0, ""incomplete_agent"": 10.0}","[11.388838530335992, 14.696919119406555, 11.941081517352707, 8.620238095238095, 8.859807776321539, 12.022890295358652, 15.526685630004216, 12.094634129311551, 11.952898550724637, 12.620726974175252]","[39.400000000000006, 39.800000000000004, 29.5, 30.8, 32.7, 31.6, 33.9, 34.1, 34.5, 31.900000000000002]"
ga,13,2,12.709607199757592,34.97,24.3,1.762464342614734,4.7,13.232857142857142,22.965000000000003,9.732142857142858,True,0.0,hospital_corridor,28,12,"[11, 29, 47, 53, 61, 73, 89, 97, 101, 109]","[3.5663190877314563, 5.0, 0.9209858771594894, 0.5, 1.0]","{""time"": 0.0, ""collisions"": 0.05, ""congestion"": 1.0, ""fairness"": 1.0, ""incomplete_base"": 1000.0, ""incomplete_agent"": 10.0}","[13.35757165425412, 12.019367015098721, 12.224136321195147, 14.42188644688645, 7.677131782945737, 11.937161531279179, 15.444902749832329, 13.143852413944796, 14.373333333333335, 12.496728748806115]","[42.2, 32.800000000000004, 30.6, 39.0, 25.8, 30.6, 35.5, 43.300000000000004, 35.0, 34.9]"
ga,13,3,18.342597484393075,33.10000000000001,134.6,1.7474784367740235,5.1,12.383214285714285,22.248333333333335,9.865119047619048,True,0.0,hospital_corridor,28,12,"[11, 29, 47, 53, 61, 73, 89, 97, 101, 109]","[3.5408032153807207, 5.0, 0.8247781739015201, 0.5, 1.0]","{""time"": 0.0, ""collisions"": 0.05, ""congestion"": 1.0, ""fairness"": 1.0, ""incomplete_base"": 1000.0, ""incomplete_agent"": 10.0}","[25.20430318916558, 17.23136645962733, 23.426250165804486, 26.005371345935345, 10.171130952380953, 14.942152917505032, 18.32890520694259, 15.610023283761457, 17.596782496782495, 14.90968882602546]","[32.7, 32.2, 35.9, 46.1, 32.0, 28.400000000000002, 32.1, 31.700000000000003, 29.6, 30.3]"
ga,13,4,12.852860498599556,33.9,25.5,1.891670022409081,5.2,13.429642857142857,23.115833333333335,9.686190476190475,True,0.0,hospital_corridor,28,12,"[11, 29, 47, 53, 61, 73, 89, 97, 101, 109]","[3.4293180242298114, 5.0, 0.9235530674199068, 0.5, 1.0]","{""time"": 0.0, ""collisions"": 0.05, ""congestion"": 1.0, ""fairness"": 1.0, ""incomplete_base"": 1000.0, ""incomplete_agent"": 10.0}","[16.12627422828428, 13.473768472906404, 11.677522195318808, 11.7151475314052, 10.144105691056911, 12.284253065774806, 15.240616246498604, 11.84038577456299, 13.660785358919687, 12.365746421267893]","[39.800000000000004, 34.800000000000004, 29.5, 32.6, 32.800000000000004, 29.900000000000002, 34.0, 39.5, 33.5, 32.6]"
ga,13,5,15.451472664019652,41.45,46.4,1.8186155211625088,5.1,15.082142857142856,26.395000000000003,11.312857142857144,True,0.0,hospital_corridor,28,12,"[11, 29, 47, 53, 61, 73, 89, 97, 101, 109]","[3.3243555456314726, 4.998833632538574, 0.925993397495192, 0.5, 1.0]","{""time"": 0.0, ""collisions"": 0.05, ""congestion"": 1.0, ""fairness"": 1.0, ""incomplete_base"": 1000.0, ""incomplete_agent"": 10.0}","[27.93087696617109, 14.517703913248468, 12.066244239631338, 11.922416413373861, 10.616902846929658, 12.645714285714288, 14.9968128983877, 21.284322820037104, 16.145036319612593, 12.388695937090434]","[66.3, 40.400000000000006, 31.0, 37.6, 37.300000000000004, 30.0, 38.1, 53.900000000000006, 47.2, 32.7]"
ga,13,6,15.249462154799904,42.709999999999994,25.8,1.4892240595618074,5.0,14.243928571428572,26.714166666666664,12.470238095238097,True,0.0,hospital_corridor,28,12,"[11, 29, 47, 53, 61, 73, 89, 97, 101, 109]","[2.3788683900816965, 4.993121021085402, 0.8759802853357173, 0.5, 1.0]","{""time"": 0.0, ""collisions"": 0.05, ""congestion"": 1.0, ""fairness"": 1.0, ""incomplete_base"": 1000.0, ""incomplete_agent"": 10.0}","[18.514352640545145, 9.696080910240203, 12.983761904761904, 17.878667953667954, 9.845238095238095, 13.436430507162214, 17.69237047020066, 22.082905686546464, 13.704751369574378, 16.660062010062006]","[58.7, 33.9, 37.5, 55.5, 30.8, 36.9, 47.7, 51.5, 33.9, 40.7]"
ga,13,7,1055.5223492607838,89.67,9.7,0.7455577929923479,4.6,14.312294390794392,27.604085858585858,13.291791467791466,False,4.1,hospital_corridor,28,12,"[11, 29, 47, 53, 61, 73, 89, 97, 101, 109]","[3.125351094309932, 4.9929135234290625, 1.053544563812322, 0.5, 1.0]","{""time"": 0.0, ""collisions"": 0.05, ""congestion"": 1.0, ""fairness"": 1.0, ""incomplete_base"": 1000.0, ""incomplete_agent"": 10.0}","[1051.6606666666667, 1093.5876666666666, 1040.2444074074074, 1080.2118181818182, 1090.6684632034633, 16.343772893772893, 1063.9295384615384, 1039.8218571428572, 11.808233607579158, 1066.9470683760683]","[100.0, 100.0, 100.0, 100.0, 100.0, 58.5, 100.0, 100.0, 38.2, 100.0]"
ga,13,8,1159.4198820652634,100.0,4.2,0.6761000000000001,3.8,16.7214401569587,28.255222222222223,11.533782065263523,False,14.7,hospital_corridor,28,12,"[11, 29, 47, 53, 61, 73, 89, 97, 101, 109]","[2.5026256013885515, 4.994033239098417, 1.261501714193371, 0.5, 1.0]","{""time"": 0.0, ""collisions"": 0.05, ""congestion"": 1.0, ""fairness"": 1.0, ""incomplete_base"": 1000.0, ""incomplete_agent"": 10.0}","[1154.9056984126985, 1208.499, 1105.5405757575757, 1108.406, 1159.8321830065358, 1172.156, 1105.7016904761904, 1225.4632941176471, 1127.7155217391305, 1225.9788571428571]","[100.0, 100.0, 100.0, 100.0, 100.0, 100.0, 100.0, 100.0, 100.0, 100.0]"
ga,13,9,11.975197867019071,35.830000000000005,23.2,1.7621026289238344,5.2,13.896071428571428,22.949166666666667,9.053095238095237,True,0.0,hospital_corridor,28,12,"[11, 29, 47, 53, 61, 73, 89, 97, 101, 109]","[3.4352169387704485, 4.994033239098417, 0.9322256723450795, 0.5, 1.0]","{""time"": 0.0, ""collisions"": 0.05, ""congestion"": 1.0, ""fairness"": 1.0, ""incomplete_base"": 1000.0, ""incomplete_agent"": 10.0}","[11.744024045261671, 13.152422003284073, 11.415193704600483, 11.499063330916123, 7.1823643410852736, 12.043715393133999, 14.823099325567137, 12.60720992622401, 12.985319500550862, 12.2995670995671]","[40.400000000000006, 34.800000000000004, 29.5, 39.400000000000006, 25.8, 34.4, 46.6, 35.5, 38.900000000000006, 33.0]"
ga,13,10,13.657699601702323,37.83,30.6,1.6657948397975608,5.0,13.758928571428573,24.220833333333335,10.461904761904762,True,0.0,hospital_corridor,28,12,"[11, 29, 47, 53, 61, 73, 89, 97, 101, 109]","[3.51438005849891, 4.922662779510538, 0.9310449515427712, 0.5, 1.0]","{""time"": 0.0, ""collisions"": 0.05, ""congestion"": 1.0, ""fairness"": 1.0, ""incomplete_base"": 1000.0, ""incomplete_agent"": 10.0}","[13.622033898305085, 17.08165024630542, 11.863256113256115, 11.513785573400959, 9.643010752688173, 16.825806451612905, 17.598506811037375, 12.42717086834734, 14.850239658226531, 11.151535643843335]","[41.300000000000004, 49.300000000000004, 29.6, 33.800000000000004, 31.0, 37.2, 40.900000000000006, 35.7, 45.7, 33.800000000000004]"
ga,13,11,13.961039367489938,37.489999999999995,38.4,1.952586986537558,5.4,14.205714285714288,24.294166666666673,10.088452380952381,True,0.0,hospital_corridor,28,12,"[11, 29, 47, 53, 61, 73, 89, 97, 101, 109]","[3.5034793875917143, 4.924352126548131, 0.9298077575907382, 0.5, 1.0]","{""time"": 0.0, ""collisions"": 0.05, ""congestion"": 1.0, ""fairness"": 1.0, ""incomplete_base"": 1000.0, ""incomplete_agent"": 10.0}","[19.016456582633054, 11.645099667774087, 13.63990744665819, 14.029545454545456, 11.342350697184951, 14.933974358974359, 15.7479078613694, 12.474631120053658, 15.215106951871658, 11.565413533834587]","[47.6, 43.0, 33.7, 38.5, 36.2, 31.200000000000003, 33.800000000000004, 35.5, 37.4, 38.0]"
ga,13,12,13.178888624609879,35.739999999999995,24.4,1.7654362436574984,5.5,13.253214285714288,23.44666666666667,10.193452380952381,True,0.0,hospital_corridor,28,12,"[11, 29, 47, 53, 61, 73, 89, 97, 101, 109]","[3.442134818714638, 4.9976132877291635, 0.9191108155424726, 0.5, 1.0]","{""time"": 0.0, ""collisions"": 0.05, ""congestion"": 1.0, ""fairness"": 1.0, ""incomplete_base"": 1000.0, ""incomplete_agent"": 10.0}","[14.706746031746032, 13.924021526418787, 11.563740920096853, 17.570521541950114, 10.990179360869016, 12.38519108280255, 14.069856577645893, 12.470180023228805, 11.686446886446886, 12.422002294893861]","[43.2, 36.5, 29.5, 44.1, 37.7, 31.400000000000002, 33.7, 36.9, 31.200000000000003, 33.2]"
ga,13,13,13.007883466631526,33.89,29.0,1.9976453713934297,5.7,13.418928571428571,22.979166666666664,9.560238095238097,True,0.0,hospital_corridor,28,12,"[11, 29, 47, 53, 61, 73, 89, 97, 101, 109]","[3.4025780369221157, 4.993722587390293, 0.914139271488094, 0.5, 1.0]","{""time"": 0.0, ""collisions"": 0.05, ""congestion"": 1.0, ""fairness"": 1.0, ""incomplete_base"": 1000.0, ""incomplete_agent"": 10.0}","[23.255864281196352, 10.176380042462844, 12.04469111969112, 11.000209399720802, 8.721332371332371, 13.618650793650797, 14.37093754415713, 12.318058918482647, 12.640552995391705, 11.93215720022949]","[52.7, 31.400000000000002, 29.6, 30.700000000000003, 29.700000000000003, 31.5, 33.7, 35.4, 31.0, 33.2]"
ga,13,14,13.049078118450502,34.25,36.7,1.7747924041647896,5.4,13.125714285714286,22.564999999999998,9.439285714285713,True,0.0,hospital_corridor,28,12,"[11, 29, 47, 53, 61, 73, 89, 97, 101, 109]","[3.5084314994998644, 4.76613014767151, 0.9257500991951937, 0.5, 1.0]","{""time"": 0.0, ""collisions"": 0.05, ""congestion"": 1.0, ""fairness"": 1.0, ""incomplete_base"": 1000.0, ""incomplete_agent"": 10.0}","[22.786622130866732, 9.658150183150184, 11.312146892655367, 11.950187969924812, 8.870421245421245, 13.04414381914382, 15.588365800865802, 11.905285714285714, 13.495746648173835, 11.879710780017529]","[55.6, 31.200000000000003, 29.5, 30.400000000000002, 29.900000000000002, 29.700000000000003, 35.2, 37.5, 30.900000000000002, 32.6]"
ga,13,15,13.178669230532147,33.96000000000001,25.5,1.8496216114845285,5.4,12.776785714285717,22.83083333333333,10.05404761904762,True,0.0,hospital_corridor,28,12,"[11, 29, 47, 53, 61, 73, 89, 97, 101, 109]","[3.5986908036123126, 5.0, 0.9210930723798039, 0.5, 1.0]","{""time"": 0.0, ""collisions"": 0.05, ""congestion"": 1.0, ""fairness"": 1.0, ""incomplete_base"": 1000.0, ""incomplete_agent"": 10.0}","[12.513593576965668, 16.93403608139291, 12.830084745762711, 11.7525087887504, 9.811497493734334, 12.075027144408253, 15.884825870646768, 13.977911956149363, 13.67946051838457, 12.3277461291265]","[34.4, 45.400000000000006, 29.5, 29.8, 30.400000000000002, 30.700000000000003, 33.5, 41.7, 31.6, 32.6]"
ga,13,16,14.207517096149973,38.96,33.3,1.7832313818642578,5.0,14.015714285714285,24.775,10.759285714285715,True,0.0,hospital_corridor,28,12,"[11, 29, 47, 53, 61, 73, 89, 97, 101, 109]","[3.437805281126752, 4.753076969952092, 0.9291300913758502, 0.5, 1.0]","{""time"": 0.0, ""collisions"": 0.05, ""congestion"": 1.0, ""fairness"": 1.0, ""incomplete_base"": 1000.0, ""incomplete_agent"": 10.0}","[19.685403726708074, 9.851380648105888, 13.372742200328407, 11.19753063028925, 17.657924335378322, 12.349718045112782, 13.835946240960569, 15.073935827152532, 17.17783591143464, 11.87275339602926]","[48.300000000000004, 31.3, 34.800000000000004, 37.7, 48.900000000000006, 30.400000000000002, 34.9, 44.300000000000004, 47.1, 31.900000000000002]"
ga,13,17,1102.855693695145,100.0,6.5,0.6094999999999999,4.0,15.055837690136375,24.977031385281386,9.92119369514501,False,9.2,hospital_corridor,28,12,"[11, 29, 47, 53, 61, 73, 89, 97, 101, 109]","[3.222873774421913, 4.99785415742107, 1.1377381328098695, 0.5, 1.0]","{""time"": 0.0, ""collisions"": 0.05, ""congestion"": 1.0, ""fairness"": 1.0, ""incomplete_base"": 1000.0, ""incomplete_agent"": 10.0}","[1084.441, 1171.85675, 1061.468, 1091.4224329004328, 1146.3070977443608, 1141.952, 1049.0134615384616, 1084.3564814814815, 1051.766076923077, 1145.9736363636364]","[100.0, 100.0, 100.0, 100.0, 100.0, 100.0, 100.0, 100.0, 100.0, 100.0]"
ga,13,18,15.577290413540327,36.09,63.3,1.7664570802069934,5.4,12.707500000000001,23.35333333333333,10.645833333333334,True,0.0,hospital_corridor,28,12,"[11, 29, 47, 53, 61, 73, 89, 97, 101, 109]","[4.2126448040231885, 5.0, 0.9224841375077588, 0.5, 1.0]","{""time"": 0.0, ""collisions"": 0.05, ""congestion"": 1.0, ""fairness"": 1.0, ""incomplete_base"": 1000.0, ""incomplete_agent"": 10.0}","[25.85088908981314, 15.933669907753679, 13.250564555719196, 18.272860156720917, 8.491420361247945, 13.085714285714289, 17.15222007722008, 15.443256997455471, 16.257642187309706, 12.034666516448851]","[47.400000000000006, 38.2, 29.1, 39.5, 29.0, 30.6, 37.0, 39.300000000000004, 39.1, 31.700000000000003]"
ga,13,19,13.239823302250187,35.46,33.6,1.8122042546311392,5.2,13.608214285714288,23.355833333333337,9.747619047619049,True,0.0,hospital_corridor,28,12,"[11, 29, 47, 53, 61, 73, 89, 97, 101, 109]","[3.4789689682251153, 5.0, 0.9243590340672387, 0.5, 1.0]","{""time"": 0.0, ""collisions"": 0.05, ""congestion"": 1.0, ""fairness"": 1.0, ""incomplete_base"": 1000.0, ""incomplete_agent"": 10.0}","[20.178428311215196, 14.337585034013607, 11.742176870748299, 11.179198387819078, 8.24108536391145, 12.052380952380954, 15.61731662024141, 13.108996383363472, 13.38664596273292, 12.554419136075484]","[54.900000000000006, 39.2, 29.400000000000002, 31.900000000000002, 29.900000000000002, 29.400000000000002, 35.9, 39.5, 32.2, 32.300000000000004]"
ga,13,20,1074.4798134192954,100.0,16.7,0.5631999999999999,4.6,14.461048196866276,25.542661616161617,11.081613419295342,False,6.2,hospital_corridor,28,12,"[11, 29, 47, 53, 61, 73, 89, 97, 101, 109]","[3.6890730792122253, 4.929682868310013, 1.1116929382950436, 0.5, 1.0]","{""time"": 0.0, ""collisions"": 0.05, ""congestion"": 1.0, ""fairness"": 1.0, ""incomplete_base"": 1000.0, ""incomplete_agent"": 10.0}","[1071.7717944664032, 1130.508432748538, 1035.419175084175, 1072.786090909091, 1136.3582105263158, 1041.7204475524475, 1073.4203846153846, 1074.0306666666668, 1052.1361538461538, 1056.6467777777777]","[100.0, 100.0, 100.0, 100.0, 100.0, 100.0, 100.0, 100.0, 100.0, 100.0]"
ga,13,21,12.85915681860035,36.400000000000006,24.4,1.6926091995527321,5.1,13.391785714285714,23.33833333333333,9.946547619047617,True,0.0,hospital_corridor,28,12,"[11, 29, 47, 53, 61, 73, 89, 97, 101, 109]","[3.4299395028489648, 5.0, 0.9238286665739674, 0.5, 1.0]","{""time"": 0.0, ""collisions"": 0.05, ""congestion"": 1.0, ""fairness"": 1.0, ""incomplete_base"": 1000.0, ""incomplete_agent"": 10.0}","[16.257022471910112, 12.318734335839599, 11.669370460048427, 14.880608738340696, 8.414622641509435, 12.242303710781973, 14.616595380667238, 12.199255952380952, 13.410281385281383, 12.582773109243698]","[44.5, 38.0, 29.5, 48.5, 26.5, 29.900000000000002, 33.4, 38.400000000000006, 39.6, 35.7]"
ga,13,22,1039.5977259755498,84.25,6.0,0.8599703145442265,4.2,14.885698884448885,27.323454545454545,12.437755661005662,False,2.6,hospital_corridor,28,12,"[11, 29, 47, 53, 61, 73, 89, 97, 101, 109]","[2.6618440609648193, 4.993090640261178, 1.0195342138622503, 0.5, 1.0]","{""time"": 0.0, ""collisions"": 0.05, ""congestion"": 1.0, ""fairness"": 1.0, ""incomplete_base"": 1000.0, ""incomplete_agent"": 10.0}","[1029.5307435897437, 1072.815393939394, 11.778457273320285, 1048.0328333333334, 1093.7225454545455, 15.885587863463972, 1036.4942307692309, 1039.315, 14.918181818181818, 1033.4842857142858]","[100.0, 100.0, 51.1, 100.0, 100.0, 45.2, 100.0, 100.0, 46.2, 100.0]"
ga,13,23,12.97692812145411,36.63000000000001,19.8,1.9047852643112548,5.2,13.780357142857145,23.8625,10.082142857142856,True,0.0,hospital_corridor,28,12,"[11, 29, 47, 53, 61, 73, 89, 97, 101, 109]","[3.4150629062609914, 4.9982452348582775, 0.9173328382533414, 0.5, 1.0]","{""time"": 0.0, ""collisions"": 0.05, ""congestion"": 1.0, ""fairness"": 1.0, ""incomplete_base"": 1000.0, ""incomplete_agent"": 10.0}","[15.258377837116155, 9.861080586080588, 13.681073446327684, 10.36017316017316, 7.150877192982454, 16.929240264435492, 15.86601703344523, 14.027313407632555, 14.576794953014463, 12.058333333333334]","[42.800000000000004, 31.200000000000003, 29.5, 30.8, 26.6, 46.1, 38.300000000000004, 42.300000000000004, 45.1, 33.6]"
ga,14,0,11.821842496851406,31.869999999999997,21.9,1.7342234492323598,4.9,12.745714285714286,21.738333333333337,8.992619047619048,True,0.0,hospital_corridor,28,12,"[11, 29, 47, 53, 61, 73, 89, 97, 101, 109]","[3.6461576623598186, 5.0, 0.920838062619316, 0.5, 1.0]","{""time"": 0.0, ""collisions"": 0.05, ""congestion"": 1.0, ""fairness"": 1.0, ""incomplete_base"": 1000.0, ""incomplete_agent"": 10.0}","[12.829401052205583, 10.577133728890917, 11.56236795059321, 12.13159824046921, 8.157890365448505, 12.631396287328492, 14.020890461447737, 12.058054711246202, 12.412937559129613, 11.836754611754612]","[35.300000000000004, 31.3, 29.3, 34.1, 25.8, 29.5, 32.300000000000004, 37.6, 30.200000000000003, 33.300000000000004]"
ga,14,1,11.97247206182292,33.82,21.7,1.8062815856324423,4.9,13.484642857142859,22.565833333333334,9.081190476190477,True,0.0,hospital_corridor,28,12,"[11, 29, 47, 53, 61, 73, 89, 97, 101, 109]","[3.4609646407523584, 5.0, 0.9260051089556816, 0.5, 1.0]","{""time"": 0.0, ""collisions"": 0.05, ""congestion"": 1.0, ""fairness"": 1.0, ""incomplete_base"": 1000.0, ""incomplete_agent"": 10.0}","[11.388838530335992, 14.696919119406555, 11.941081517352707, 8.620238095238095, 8.859807776321539, 12.022890295358652, 15.526685630004216, 12.094634129311551, 11.952898550724637, 12.620726974175252]","[39.400000000000006, 39.800000000000004, 29.5, 30.8, 32.7, 31.6, 33.9, 34.1, 34.5, 31.900000000000002]"
ga,14,2,11.821842496851406,31.869999999999997,21.9,1.7342234492323598,4.9,12.745714285714286,21.738333333333337,8.992619047619048,True,0.0,hospital_corridor,28,12,"[11, 29, 47, 53, 61, 73, 89, 97, 101, 109]","[3.6461576623598186, 5.0, 0.920838062619316, 0.5, 1.0]","{""time"": 0.0, ""collisions"": 0.05, ""congestion"": 1.0, ""fairness"": 1.0, ""incomplete_base"": 1000.0, ""incomplete_agent"": 10.0}","[12.829401052205583, 10.577133728890917, 11.56236795059321, 12.13159824046921, 8.157890365448505, 12.631396287328492, 14.020890461447737, 12.058054711246202, 12.412937559129613, 11.836754611754612]","[35.300000000000004, 31.3, 29.3, 34.1, 25.8, 29.5, 32.300000000000004, 37.6, 30.200000000000003, 33.300000000000004]"
ga,14,3,13.178888624609879,35.739999999999995,24.4,1.7654362436574984,5.5,13.253214285714288,23.44666666666667,10.193452380952381,True,0.0,hospital_corridor,28,12,"[11, 29, 47, 53, 61, 73, 89, 97, 101, 109]","[3.442134818714638, 4.9976132877291635, 0.9191108155424726, 0.5, 1.0]","{""time"": 0.0, ""collisions"": 0.05, ""congestion"": 1.0, ""fairness"": 1.0, ""incomplete_base"": 1000.0, ""incomplete_agent"": 10.0}","[14.706746031746032, 13.924021526418787, 11.563740920096853, 17.570521541950114, 10.990179360869016, 12.38519108280255, 14.069856577645893, 12.470180023228805, 11.686446886446886, 12.422002294893861]","[43.2, 36.5, 29.5, 44.1, 37.7, 31.400000000000002, 33.7, 36.9, 31.200000000000003, 33.2]"
ga,14,4,1103.9677438184087,100.0,8.4,0.45899999999999996,4.0,13.8812561815913,24.97,11.088743818408698,False,9.2,hospital_corridor,28,12,"[11, 29, 47, 53, 61, 73, 89, 97, 101, 109]","[3.5157747040903367, 5.0, 1.177620362314784, 0.5, 1.0]","{""time"": 0.0, ""collisions"": 0.05, ""congestion"": 1.0, ""fairness"": 1.0, ""incomplete_base"": 1000.0, ""incomplete_agent"": 10.0}","[1081.1323636363636, 1170.0499831932773, 1082.1979130434784, 1088.7535844155843, 1147.618007518797, 1112.3148181818183, 1083.428, 1091.3094814814815, 1049.320923076923, 1133.5523636363637]","[100.0, 100.0, 100.0, 100.0, 100.0, 100.0, 100.0, 100.0, 100.0, 100.0]"
ga,14,5,13.16939810695935,36.84000000000001,20.5,1.8692790593403026,5.5,14.038214285714286,24.313333333333333,10.275119047619048,True,0.0,hospital_corridor,28,12,"[11, 29, 47, 53, 61, 73, 89, 97, 101, 109]","[3.4602454500608326, 4.997912796331333, 0.938396869721741, 0.5, 1.0]","{""time"": 0.0, ""collisions"": 0.05, ""congestion"": 1.0, ""fairness"": 1.0, ""incomplete_base"": 1000.0, ""incomplete_agent"": 10.0}","[16.17375283446712, 13.360393902603533, 11.772120708748616, 11.159074293617863, 8.19011627906977, 14.662698412698417, 16.194864559819415, 12.565952380952382, 12.747771672771671, 14.867236024844722]","[44.1, 35.300000000000004, 30.1, 48.2, 25.8, 36.0, 44.300000000000004, 35.0, 35.1, 34.5]"
ga,14,6,13.25842998257243,34.76,31.8,1.792715696858145,6.1,13.584285714285716,23.46,9.875714285714285,True,0.0,hospital_corridor,28,12,"[11, 29, 47, 53, 61, 73, 89, 97, 101, 109]","[3.0246137939948428, 4.995268389711672, 0.8867593365808213, 0.5, 1.0]","{""time"": 0.0, ""collisions"": 0.05, ""congestion"": 1.0, ""fairness"": 1.0, ""incomplete_base"": 1000.0, ""incomplete_agent"": 10.0}","[19.502630568356373, 10.675250227479527, 11.806977840641206, 9.61725274725275, 10.030086580086582, 13.961619504031646, 15.284483109483109, 15.106101190476192, 12.501729559748428, 14.0981684981685]","[49.6, 31.400000000000002, 30.3, 32.5, 30.8, 31.3, 35.1, 38.400000000000006, 31.8, 36.4]"
ga,14,7,12.723040297203644,35.82,21.0,1.7436355352988826,5.3,14.041428571428574,23.97083333333333,9.929404761904761,True,0.0,hospital_corridor,28,12,"[11, 29, 47, 53, 61, 73, 89, 97, 101, 109]","[2.92057368381831, 4.99785263137373, 0.9102068259143854, 0.5, 1.0]","{""time"": 0.0, ""collisions"": 0.05, ""congestion"": 1.0, ""fairness"": 1.0, ""incomplete_base"": 1000.0, ""incomplete_agent"": 10.0}","[14.269331911869227, 11.452650155539601, 12.12857142857143, 11.420097368020693, 8.182489896327535, 14.383826683826683, 14.841290726817046, 14.963786384118862, 11.8868315018315, 13.70152691511387]","[46.900000000000006, 39.800000000000004, 31.5, 31.3, 27.1, 33.300000000000004, 39.900000000000006, 39.1, 32.5, 36.800000000000004]"
ga,14,8,12.9531775519563,35.160000000000004,27.3,1.7672251710039188,5.3,13.508214285714285,23.32916666666667,9.82095238095238,True,0.0,hospital_corridor,28,12,"[11, 29, 47, 53, 61, 73, 89, 97, 101, 109]","[3.4611686228683207, 5.0, 0.9255623765957279, 0.5, 1.0]","{""time"": 0.0, ""collisions"": 0.05, ""congestion"": 1.0, ""fairness"": 1.0, ""incomplete_base"": 1000.0, ""incomplete_agent"": 10.0}","[19.083423749246535, 14.14377720617333, 11.766545601291362, 9.581715506715508, 8.493763821318002, 12.001839826839829, 14.355825958702063, 15.996220446220445, 11.971825396825398, 12.136838006230528]","[47.400000000000006, 36.1, 29.5, 35.1, 32.300000000000004, 30.8, 33.9, 42.900000000000006, 31.5, 32.1]"
ga,14,9,13.837099042358073,36.370000000000005,30.5,1.8387657090247373,5.4,13.507499999999999,23.980833333333333,10.473333333333334,True,0.0,hospital_corridor,28,12,"[11, 29, 47, 53, 61, 73, 89, 97, 101, 109]","[3.478764986109153, 5.0, 0.9248017664271921, 0.5, 1.0]","{""time"": 0.0, ""collisions"": 0.05, ""congestion"": 1.0, ""fairness"": 1.0, ""incomplete_base"": 1000.0, ""incomplete_agent"": 10.0}","[19.983391123439667, 16.319348823866896, 11.758333333333335, 12.258150183150184, 13.588592750533051, 11.895217779944744, 14.779573934837092, 11.566129032258065, 13.686494252873565, 12.535759209344114]","[51.5, 41.5, 29.400000000000002, 31.200000000000003, 40.2, 29.3, 39.900000000000006, 34.1, 34.800000000000004, 31.8]"
ga,14,10,12.779302159731623,35.81,22.9,1.7187069216363842,5.5,13.51357142857143,23.429166666666667,9.91559523809524,True,0.0,hospital_corridor,28,12,"[11, 29, 47, 53, 61, 73, 89, 97, 101, 109]","[3.4215472088720595, 4.994207201935131, 0.9267864783759726, 0.5, 1.0]","{""time"": 0.0, ""collisions"": 0.05, ""congestion"": 1.0, ""fairness"": 1.0, ""incomplete_base"": 1000.0, ""incomplete_agent"": 10.0}","[14.885444619836884, 12.995831627780053, 11.856292517006803, 15.633959253804614, 7.450123152709358, 12.440855490461168, 13.952390900649954, 14.728997289972899, 12.471557271557275, 11.377569473537216]","[36.2, 34.9, 29.400000000000002, 48.5, 26.1, 31.700000000000003, 35.9, 36.9, 44.400000000000006, 34.1]"
ga,14,11,1023.3159631265222,39.86,183.7,1.7321932852524111,5.2,12.540396825396826,21.93916666666667,9.398769841269843,False,0.3,hospital_corridor,28,12,"[11, 29, 47, 53, 61, 73, 89, 97, 101, 109]","[3.4287326361593804, 4.998071272021563, 0.8143333972998584, 0.5, 1.0]","{""time"": 0.0, ""collisions"": 0.05, ""congestion"": 1.0, ""fairness"": 1.0, ""incomplete_base"": 1000.0, ""incomplete_agent"": 10.0}","[41.54267728674204, 30.414189189189187, 14.621768707482993, 19.836690085870412, 12.16526610644258, 15.416728031418755, 18.976470588235298, 1044.154888888889, 19.07142857142857, 16.95952380952381]","[41.7, 44.400000000000006, 29.400000000000002, 30.5, 25.5, 29.1, 35.7, 100.0, 31.5, 30.8]"
ga,14,12,13.985767651036277,39.10000000000001,21.0,1.7023152700838957,5.2,13.883214285714285,25.116666666666667,11.23345238095238,True,0.0,hospital_corridor,28,12,"[11, 29, 47, 53, 61, 73, 89, 97, 101, 109]","[3.1337614371585136, 4.997046840090231, 0.9279444020958201, 0.5, 1.0]","{""time"": 0.0, ""collisions"": 0.05, ""congestion"": 1.0, ""fairness"": 1.0, ""incomplete_base"": 1000.0, ""incomplete_agent"": 10.0}","[14.501391524351678, 16.246045197740113, 11.822056138749431, 13.494231421784868, 7.9816066884769175, 12.366883116883118, 15.17328869047619, 18.285655814388623, 13.805131362889984, 16.18138655462185]","[52.7, 41.300000000000004, 31.3, 42.1, 26.200000000000003, 30.8, 38.400000000000006, 50.900000000000006, 34.800000000000004, 42.5]"
ga,14,13,15.683866687668207,34.12,84.3,1.8086285924301109,5.7,12.90392857142857,22.56416666666667,9.660238095238096,True,0.0,hospital_corridor,28,12,"[11, 29, 47, 53, 61, 73, 89, 97, 101, 109]","[3.4346981379186285, 3.68864731093544, 0.9281099368232268, 0.5, 1.0]","{""time"": 0.0, ""collisions"": 0.05, ""congestion"": 1.0, ""fairness"": 1.0, ""incomplete_base"": 1000.0, ""incomplete_agent"": 10.0}","[24.660068603712674, 20.27042428345746, 14.321013543031892, 13.066012298959318, 9.182371332371334, 13.737746512746515, 14.67275169120573, 16.98009351372861, 16.709485407066055, 13.238699690402477]","[35.4, 42.2, 32.7, 30.200000000000003, 29.700000000000003, 29.700000000000003, 35.9, 35.9, 37.2, 32.300000000000004]"
ga,14,14,12.65309094088926,35.290000000000006,25.7,1.839757607555925,5.4,13.680000000000001,23.208333333333336,9.528333333333334,True,0.0,hospital_corridor,28,12,"[11, 29, 47, 53, 61, 73, 89, 97, 101, 109]","[3.430955990706878, 5.0, 0.9305918520625245, 0.5, 1.0]","{""time"": 0.0, ""collisions"": 0.05, ""congestion"": 1.0, ""fairness"": 1.0, ""incomplete_base"": 1000.0, ""incomplete_agent"": 10.0}","[18.74138438880707, 10.238492063492068, 12.24460076960077, 11.259237492465342, 8.691261398176293, 12.340005359056809, 16.448736822973466, 12.50519250253293, 11.893560748837793, 12.16843786295006]","[48.5, 31.5, 29.700000000000003, 31.6, 32.9, 31.1, 39.300000000000004, 37.6, 37.9, 32.800000000000004]"
ga,14,15,1133.034394606563,100.0,5.3,0.4032,3.4,14.853825595457172,26.2200202020202,11.366194606563027,False,12.1,hospital_corridor,28,12,"[11, 29, 47, 53, 61, 73, 89, 97, 101, 109]","[3.433578972293382, 4.994654903853984, 1.4234962519353533, 0.5, 1.0]","{""time"": 0.0, ""collisions"": 0.05, ""congestion"": 1.0, ""fairness"": 1.0, ""incomplete_base"": 1000.0, ""incomplete_agent"": 10.0}","[1107.286, 1164.018090909091, 1118.425888888889, 1127.2238128654972, 1131.3317777777777, 1153.0215714285714, 1096.7617272727273, 1101.7473846153846, 1093.288, 1237.2396923076924]","[100.0, 100.0, 100.0, 100.0, 100.0, 100.0, 100.0, 100.0, 100.0, 100.0]"
ga,14,16,13.049078118450502,34.25,36.7,1.7747924041647896,5.4,13.125714285714286,22.564999999999998,9.439285714285713,True,0.0,hospital_corridor,28,12,"[11, 29, 47, 53, 61, 73, 89, 97, 101, 109]","[3.5084314994998644, 4.76613014767151, 0.9257500991951937, 0.5, 1.0]","{""time"": 0.0, ""collisions"": 0.05, ""congestion"": 1.0, ""fairness"": 1.0, ""incomplete_base"": 1000.0, ""incomplete_agent"": 10.0}","[22.786622130866732, 9.658150183150184, 11.312146892655367, 11.950187969924812, 8.870421245421245, 13.04414381914382, 15.588365800865802, 11.905285714285714, 13.495746648173835, 11.879710780017529]","[55.6, 31.200000000000003, 29.5, 30.400000000000002, 29.900000000000002, 29.700000000000003, 35.2, 37.5, 30.900000000000002, 32.6]"
ga,14,17,13.178888624609879,35.739999999999995,24.4,1.7654362436574984,5.5,13.253214285714288,23.44666666666667,10.193452380952381,True,0.0,hospital_corridor,28,12,"[11, 29, 47, 53, 61, 73, 89, 97, 101, 109]","[3.442134818714638, 4.9976132877291635, 0.9191108155424726, 0.5, 1.0]","{""time"": 0.0, ""collisions"": 0.05, ""congestion"": 1.0, ""fairness"": 1.0, ""incomplete_base"": 1000.0, ""incomplete_agent"": 10.0}","[14.706746031746032, 13.924021526418787, 11.563740920096853, 17.570521541950114, 10.990179360869016, 12.38519108280255, 14.069856577645893, 12.470180023228805, 11.686446886446886, 12.422002294893861]","[43.2, 36.5, 29.5, 44.1, 37.7, 31.400000000000002, 33.7, 36.9, 31.200000000000003, 33.2]"
ga,14,18,1056.1535151459245,94.11,11.8,0.7509530413625304,4.5,13.927453046953048,25.740015151515156,11.812562104562106,False,4.3,hospital_corridor,28,12,"[11, 29, 47, 53, 61, 73, 89, 97, 101, 109]","[3.5025883836192917, 5.0, 1.0768584607025116, 0.5, 1.0]","{""time"": 0.0, ""collisions"": 0.05, ""congestion"": 1.0, ""fairness"": 1.0, ""incomplete_base"": 1000.0, ""incomplete_agent"": 10.0}","[1081.2469090909092, 1115.452, 1031.4211794871794, 1071.5159393939393, 1091.339831168831, 1031.4757142857143, 1056.79, 1035.394857142857, 13.553006604101498, 1033.3457142857144]","[100.0, 100.0, 100.0, 100.0, 100.0, 100.0, 100.0, 100.0, 41.1, 100.0]"
ga,14,19,12.81045410878429,37.60000000000001,13.5,1.7823588706890507,5.2,14.518571428571425,24.871666666666663,10.35309523809524,True,0.0,hospital_corridor,28,12,"[11, 29, 47, 53, 61, 73, 89, 97, 101, 109]","[3.0676909195928412, 5.0, 0.9467018276617802, 0.5, 1.0]","{""time"": 0.0, ""collisions"": 0.05, ""congestion"": 1.0, ""fairness"": 1.0, ""incomplete_base"": 1000.0, ""incomplete_agent"": 10.0}","[10.743040293040297, 14.238978494623655, 12.527929541722646, 9.464332928638878, 7.008333333333335, 14.395857795172864, 14.987490747594375, 16.05041784925891, 13.513362260792169, 15.17479784366577]","[46.800000000000004, 37.2, 31.900000000000002, 35.300000000000004, 35.2, 36.5, 38.6, 45.300000000000004, 32.1, 37.1]"
ga,14,20,12.913833072599843,34.83,29.8,1.8551425964093642,5.2,13.492142857142857,23.06083333333334,9.56869047619048,True,0.0,hospital_corridor,28,12,"[11, 29, 47, 53, 61, 73, 89, 97, 101, 109]","[3.4726288572660713, 4.999834249413806, 0.9245561043025727, 0.5, 1.0]","{""time"": 0.0, ""collisions"": 0.05, ""congestion"": 1.0, ""fairness"": 1.0, ""incomplete_base"": 1000.0, ""incomplete_agent"": 10.0}","[15.321536796536797, 10.233184523809523, 11.324319727891156, 12.310550458715598, 8.14295222881485, 12.108643892339547, 18.27059902200489, 13.49351817847962, 14.914844079224613, 13.01818181818182]","[44.0, 32.0, 29.400000000000002, 32.7, 31.3, 32.2, 40.900000000000006, 38.900000000000006, 33.9, 33.0]"
ga,14,21,1020.8462581701709,49.730000000000004,32.4,1.4833653130280824,5.0,13.997107142857143,24.740000000000002,10.742892857142857,False,0.7,hospital_corridor,28,12,"[11, 29, 47, 53, 61, 73, 89, 97, 101, 109]","[3.864633450054884, 4.998999383124768, 1.0063018978464024, 0.5, 1.0]","{""time"": 0.0, ""collisions"": 0.05, ""congestion"": 1.0, ""fairness"": 1.0, ""incomplete_base"": 1000.0, ""incomplete_agent"": 10.0}","[18.416262353998206, 1064.2405, 10.930372065260645, 7.865372670807453, 1036.9053333333334, 13.519513457556938, 18.587324929971984, 11.521166263115418, 13.69469696969697, 12.782039657968452]","[47.7, 100.0, 35.9, 34.5, 100.0, 32.2, 40.800000000000004, 35.4, 38.5, 32.300000000000004]"
ga,14,22,13.44143400530172,35.769999999999996,34.7,1.8425054338731477,5.1,13.653571428571428,23.517500000000002,9.863928571428572,True,0.0,hospital_corridor,28,12,"[11, 29, 47, 53, 61, 73, 89, 97, 101, 109]","[3.4641295293790204, 5.0, 0.921759796727129, 0.5, 1.0]","{""time"": 0.0, ""collisions"": 0.05, ""congestion"": 1.0, ""fairness"": 1.0, ""incomplete_base"": 1000.0, ""incomplete_agent"": 10.0}","[22.179860524091293, 9.643601190476192, 11.11914850686037, 15.380673274094327, 9.489003759398496, 12.148330137424097, 15.31094032549729, 12.242886658795753, 13.690718321226795, 13.209177355152587]","[50.7, 32.0, 29.5, 41.800000000000004, 30.400000000000002, 29.8, 39.5, 36.300000000000004, 35.4, 32.300000000000004]"
ga,14,23,13.126186299081132,35.29,28.1,1.741424394319227,5.0,13.21607142857143,23.195833333333333,9.979761904761904,True,0.0,hospital_corridor,28,12,"[11, 29, 47, 53, 61, 73, 89, 97, 101, 109]","[3.5638792984631036, 5.0, 0.9228863430725817, 0.5, 1.0]","{""time"": 0.0, ""collisions"": 0.05, ""congestion"": 1.0, ""fairness"": 1.0, ""incomplete_base"": 1000.0, ""incomplete_agent"": 10.0}","[14.569854070660522, 10.224792960662526, 14.842595818815333, 16.595414264360453, 7.739640324214792, 12.498513800424629, 14.303820184790334, 15.012820512820516, 12.743181818181819, 12.731229235880399]","[43.400000000000006, 32.2, 32.800000000000004, 44.6, 28.200000000000003, 31.400000000000002, 33.5, 41.6, 30.8, 34.4]"
ga,15,0,11.821842496851406,31.869999999999997,21.9,1.7342234492323598,4.9,12.745714285714286,21.738333333333337,8.992619047619048,True,0.0,hospital_corridor,28,12,"[11, 29, 47, 53, 61, 73, 89, 97, 101, 109]","[3.6461576623598186, 5.0, 0.920838062619316, 0.5, 1.0]","{""time"": 0.0, ""collisions"": 0.05, ""congestion"": 1.0, ""fairness"": 1.0, ""incomplete_base"": 1000.0, ""incomplete_agent"": 10.0}","[12.829401052205583, 10.577133728890917, 11.56236795059321, 12.13159824046921, 8.157890365448505, 12.631396287328492, 14.020890461447737, 12.058054711246202, 12.412937559129613, 11.836754611754612]","[35.300000000000004, 31.3, 29.3, 34.1, 25.8, 29.5, 32.300000000000004, 37.6, 30.200000000000003, 33.300000000000004]"
ga,15,1,11.821842496851406,31.869999999999997,21.9,1.7342234492323598,4.9,12.745714285714286,21.738333333333337,8.992619047619048,True,0.0,hospital_corridor,28,12,"[11, 29, 47, 53, 61, 73, 89, 97, 101, 109]","[3.6461576623598186, 5.0, 0.920838062619316, 0.5, 1.0]","{""time"": 0.0, ""collisions"": 0.05, ""congestion"": 1.0, ""fairness"": 1.0, ""incomplete_base"": 1000.0, ""incomplete_agent"": 10.0}","[12.829401052205583, 10.577133728890917, 11.56236795059321, 12.13159824046921, 8.157890365448505, 12.631396287328492, 14.020890461447737, 12.058054711246202, 12.412937559129613, 11.836754611754612]","[35.300000000000004, 31.3, 29.3, 34.1, 25.8, 29.5, 32.300000000000004, 37.6, 30.200000000000003, 33.300000000000004]"
ga,15,2,13.390890269647528,35.92,29.7,1.6988664601237193,5.1,12.924642857142857,23.131666666666668,10.20702380952381,True,0.0,hospital_corridor,28,12,"[11, 29, 47, 53, 61, 73, 89, 97, 101, 109]","[3.857486487588191, 5.0, 0.920838062619316, 0.5, 1.0]","{""time"": 0.0, ""collisions"": 0.05, ""congestion"": 1.0, ""fairness"": 1.0, ""incomplete_base"": 1000.0, ""incomplete_agent"": 10.0}","[15.177497502497502, 13.190206648697213, 14.009408718170047, 16.292791005291008, 10.557094342439168, 12.501015764667642, 14.740982636148381, 12.25826810176125, 13.180492424242425, 12.001145552560647]","[42.900000000000006, 31.8, 33.1, 43.2, 31.900000000000002, 29.3, 36.2, 43.800000000000004, 35.2, 31.8]"
ga,15,3,11.821842496851406,31.869999999999997,21.9,1.7342234492323598,4.9,12.745714285714286,21.738333333333337,8.992619047619048,True,0.0,hospital_corridor,28,12,"[11, 29, 47, 53, 61, 73, 89, 97, 101, 109]","[3.6461576623598186, 5.0, 0.920838062619316, 0.5, 1.0]","{""time"": 0.0, ""collisions"": 0.05, ""congestion"": 1.0, ""fairness"": 1.0, ""incomplete_base"": 1000.0, ""incomplete_agent"": 10.0}","[12.829401052205583, 10.577133728890917, 11.56236795059321, 12.13159824046921, 8.157890365448505, 12.631396287328492, 14.020890461447737, 12.058054711246202, 12.412937559129613, 11.836754611754612]","[35.300000000000004, 31.3, 29.3, 34.1, 25.8, 29.5, 32.300000000000004, 37.6, 30.200000000000003, 33.300000000000004]"
ga,15,4,13.745836326911126,35.720000000000006,31.8,1.810360136434935,4.8,13.302857142857144,23.648333333333333,10.345476190476191,True,0.0,hospital_corridor,28,12,"[11, 29, 47, 53, 61, 73, 89, 97, 101, 109]","[3.5337742214215933, 4.99785263137373, 0.9102068259143854, 0.5, 1.0]","{""time"": 0.0, ""collisions"": 0.05, ""congestion"": 1.0, ""fairness"": 1.0, ""incomplete_base"": 1000.0, ""incomplete_agent"": 10.0}","[20.153552680914885, 12.47927599611273, 12.338265306122448, 12.690977645077323, 14.47008281573499, 12.939652014652015, 14.774593495934958, 12.629937548790007, 13.261172161172162, 11.720853604599736]","[50.800000000000004, 34.300000000000004, 29.400000000000002, 31.1, 41.400000000000006, 31.200000000000003, 32.800000000000004, 42.7, 31.200000000000003, 32.300000000000004]"
ga,15,5,12.723040297203644,35.82,21.0,1.7436355352988826,5.3,14.041428571428574,23.97083333333333,9.929404761904761,True,0.0,hospital_corridor,28,12,"[11, 29, 47, 53, 61, 73, 89, 97, 101, 109]","[2.92057368381831, 4.99785263137373, 0.9102068259143854, 0.5, 1.0]","{""time"": 0.0, ""collisions"": 0.05, ""congestion"": 1.0, ""fairness"": 1.0, ""incomplete_base"": 1000.0, ""incomplete_agent"": 10.0}","[14.269331911869227, 11.452650155539601, 12.12857142857143, 11.420097368020693, 8.182489896327535, 14.383826683826683, 14.841290726817046, 14.963786384118862, 11.8868315018315, 13.70152691511387]","[46.900000000000006, 39.800000000000004, 31.5, 31.3, 27.1, 33.300000000000004, 39.900000000000006, 39.1, 32.5, 36.800000000000004]"
ga,15,6,1021.1369110856538,50.83,29.5,1.447289873532595,5.3,13.648333333333332,24.862954545454546,11.214621212121212,False,0.7,hospital_corridor,28,12,"[11, 29, 47, 53, 61, 73, 89, 97, 101, 109]","[4.014260674448236, 4.865905483527491, 0.9997786889374233, 0.5, 1.0]","{""time"": 0.0, ""collisions"": 0.05, ""congestion"": 1.0, ""fairness"": 1.0, ""incomplete_base"": 1000.0, ""incomplete_agent"": 10.0}","[20.297283865002317, 1054.7976666666666, 17.869170469170466, 9.985071301247773, 1036.2865454545454, 15.492701440249126, 15.988636363636363, 13.109759881289627, 14.716773011934302, 12.825502402795982]","[41.2, 100.0, 40.7, 37.4, 100.0, 36.7, 44.0, 35.300000000000004, 40.300000000000004, 32.7]"
ga,15,7,13.414539400165918,34.330000000000005,24.9,1.892039400165918,5.2,13.25,23.5275,10.2775,True,0.0,hospital_corridor,28,12,"[11, 29, 47, 53, 61, 73, 89, 97, 101, 109]","[3.4763523170109165, 4.9948515371026, 0.924302140845783, 0.5, 1.0]","{""time"": 0.0, ""collisions"": 0.05, ""congestion"": 1.0, ""fairness"": 1.0, ""incomplete_base"": 1000.0, ""incomplete_agent"": 10.0}","[18.759316770186338, 15.452199200290803, 12.062244897959186, 11.075281954887217, 9.200301810865191, 12.003559641678454, 16.719505494505494, 11.70357142857143, 14.211661807580176, 12.957750995134898]","[41.400000000000006, 39.300000000000004, 29.400000000000002, 30.400000000000002, 35.5, 30.3, 36.4, 34.0, 34.300000000000004, 32.300000000000004]"
ga,15,8,1021.5419743638874,45.82000000000001,24.3,1.5783632527763056,4.7,12.7775,24.526111111111113,11.748611111111114,False,0.7,hospital_corridor,28,12,"[11, 29, 47, 53, 61, 73, 89, 97, 101, 109]","[3.633549647464715, 4.9984417962678105, 0.9198008631095598, 0.5, 1.0]","{""time"": 0.0, ""collisions"": 0.05, ""congestion"": 1.0, ""fairness"": 1.0, ""incomplete_base"": 1000.0, ""incomplete_agent"": 10.0}","[14.104628012574222, 10.354315476190479, 11.554591836734694, 30.11619815668203, 15.576372549019611, 12.635105204872646, 15.804396941258258, 1080.7317777777778, 12.750498338870432, 11.791859344894029]","[40.900000000000006, 32.0, 29.400000000000002, 77.5, 42.5, 30.1, 41.1, 100.0, 30.1, 34.6]"
ga,15,9,12.68155368921517,32.720000000000006,28.5,1.8307203558818361,5.6,12.842500000000001,22.268333333333334,9.425833333333333,True,0.0,hospital_corridor,28,12,"[11, 29, 47, 53, 61, 73, 89, 97, 101, 109]","[3.454742833609742, 4.464662422722418, 0.9201480150522289, 0.5, 1.0]","{""time"": 0.0, ""collisions"": 0.05, ""congestion"": 1.0, ""fairness"": 1.0, ""incomplete_base"": 1000.0, ""incomplete_agent"": 10.0}","[14.727380952380953, 10.311538461538461, 13.283843537414967, 12.442128586450352, 7.943489583333335, 13.28265251787616, 14.674089635854344, 13.446825396825396, 14.278384968445211, 12.42520325203252]","[42.0, 31.200000000000003, 29.400000000000002, 31.700000000000003, 25.6, 31.3, 34.0, 36.0, 33.2, 32.800000000000004]"
ga,15,10,12.922349501230336,35.790000000000006,25.0,1.717349501230333,5.0,13.295000000000002,23.250000000000004,9.955000000000002,True,0.0,hospital_corridor,28,12,"[11, 29, 47, 53, 61, 73, 89, 97, 101, 109]","[3.0239853669366084, 4.441815831631628, 0.907062941151901, 0.5, 1.0]","{""time"": 0.0, ""collisions"": 0.05, ""congestion"": 1.0, ""fairness"": 1.0, ""incomplete_base"": 1000.0, ""incomplete_agent"": 10.0}","[11.770529710443256, 9.642538671519564, 12.108574490889605, 14.756336405529956, 10.208643892339545, 13.22664255575648, 16.57531787584144, 14.256573498964807, 12.477545155993433, 14.200792755025264]","[34.7, 31.400000000000002, 31.1, 43.400000000000006, 34.5, 31.6, 38.2, 36.800000000000004, 31.900000000000002, 44.300000000000004]"
ga,15,11,14.022801819489514,39.62,27.7,1.6238732480609415,5.2,14.293571428571429,25.307500000000005,11.013928571428572,True,0.0,hospital_corridor,28,12,"[11, 29, 47, 53, 61, 73, 89, 97, 101, 109]","[2.76808494739506, 4.997245299719783, 0.8899032213433057, 0.5, 1.0]","{""time"": 0.0, ""collisions"": 0.05, ""congestion"": 1.0, ""fairness"": 1.0, ""incomplete_base"": 1000.0, ""incomplete_agent"": 10.0}","[15.39166666666667, 9.336323366555925, 12.337492828456682, 18.825768757687577, 8.163764044943822, 15.497740163062744, 14.52593015093015, 15.229712812960233, 17.255528052805282, 13.664091350826045]","[53.2, 34.4, 33.2, 54.2, 26.700000000000003, 40.300000000000004, 40.7, 38.800000000000004, 40.400000000000006, 34.300000000000004]"
ga,15,12,12.792292237341812,33.540000000000006,34.4,1.8415779516275237,5.3,13.291785714285718,22.522500000000004,9.230714285714289,True,0.0,hospital_corridor,28,12,"[11, 29, 47, 53, 61, 73, 89, 97, 101, 109]","[3.478764986109153, 4.607071697366522, 0.9248017664271921, 0.5, 1.0]","{""time"": 0.0, ""collisions"": 0.05, ""congestion"": 1.0, ""fairness"": 1.0, ""incomplete_base"": 1000.0, ""incomplete_agent"": 10.0}","[14.81325437630065, 14.796814218645206, 11.248547215496368, 13.512096774193548, 8.027661064425768, 11.97448979591837, 14.863360525268604, 12.337218045112785, 14.742869415807563, 11.60661094224924]","[38.900000000000006, 35.5, 29.5, 31.0, 25.5, 29.400000000000002, 35.9, 38.0, 38.800000000000004, 32.9]"
ga,15,13,12.65309094088926,35.290000000000006,25.7,1.839757607555925,5.4,13.680000000000001,23.208333333333336,9.528333333333334,True,0.0,hospital_corridor,28,12,"[11, 29, 47, 53, 61, 73, 89, 97, 101, 109]","[3.430955990706878, 5.0, 0.9305918520625245, 0.5, 1.0]","{""time"": 0.0, ""collisions"": 0.05, ""congestion"": 1.0, ""fairness"": 1.0, ""incomplete_base"": 1000.0, ""incomplete_agent"": 10.0}","[18.74138438880707, 10.238492063492068, 12.24460076960077, 11.259237492465342, 8.691261398176293, 12.340005359056809, 16.448736822973466, 12.50519250253293, 11.893560748837793, 12.16843786295006]","[48.5, 31.5, 29.700000000000003, 31.6, 32.9, 31.1, 39.300000000000004, 37.6, 37.9, 32.800000000000004]"
ga,15,14,1179.4084273753765,100.0,4.4,0.4263,3.2,15.172467862718637,25.934595238095238,10.762127375376602,False,16.8,hospital_corridor,28,12,"[11, 29, 47, 53, 61, 73, 89, 97, 101, 109]","[2.599584928325538, 4.5957457279308604, 1.4650714753766558, 0.5, 1.0]","{""time"": 0.0, ""collisions"": 0.05, ""congestion"": 1.0, ""fairness"": 1.0, ""incomplete_base"": 1000.0, ""incomplete_agent"": 10.0}","[1145.4676209150327, 1193.0181538461538, 1181.1573333333333, 1191.5788803418804, 1150.8286993464053, 1170.7925789473684, 1173.7667394957982, 1203.0345555555555, 1150.2574812030075, 1234.1822307692307]","[100.0, 100.0, 100.0, 100.0, 100.0, 100.0, 100.0, 100.0, 100.0, 100.0]"
ga,15,15,13.259321142910647,35.89,34.1,1.760392571482075,5.4,13.47107142857143,23.265000000000004,9.793928571428571,True,0.0,hospital_corridor,28,12,"[11, 29, 47, 53, 61, 73, 89, 97, 101, 109]","[3.569247256596667, 4.837209112143975, 0.9434763309441788, 0.5, 1.0]","{""time"": 0.0, ""collisions"": 0.05, ""congestion"": 1.0, ""fairness"": 1.0, ""incomplete_base"": 1000.0, ""incomplete_agent"": 10.0}","[22.24660194174757, 11.741459627329192, 10.994011544011542, 10.50974025974026, 7.893418171866446, 13.470545314900155, 15.410596914822268, 13.323047619047621, 14.165189657524902, 12.838600378116507]","[51.5, 34.5, 29.700000000000003, 30.8, 26.1, 31.0, 42.6, 37.5, 34.9, 40.300000000000004]"
ga,15,16,14.507679639040846,36.620000000000005,47.7,1.8719653533265597,5.4,13.329285714285717,23.580000000000002,10.250714285714286,True,0.0,hospital_corridor,28,12,"[11, 29, 47, 53, 61, 73, 89, 97, 101, 109]","[3.431044312044526, 4.997907722546342, 0.8854914961073153, 0.5, 1.0]","{""time"": 0.0, ""collisions"": 0.05, ""congestion"": 1.0, ""fairness"": 1.0, ""incomplete_base"": 1000.0, ""incomplete_agent"": 10.0}","[21.497419783363988, 9.575207039337474, 12.13494753833737, 19.339754098360654, 9.3631071826724, 12.9920297444491, 18.740279823269514, 12.223369565217391, 17.625990548891316, 11.58469106650925]","[46.6, 32.2, 29.5, 42.7, 29.900000000000002, 34.1, 38.800000000000004, 36.800000000000004, 39.300000000000004, 36.300000000000004]"
ga,15,17,13.490033822249476,37.9,18.8,1.6539623936780479,5.1,14.011428571428572,24.907500000000002,10.896071428571428,True,0.0,hospital_corridor,28,12,"[11, 29, 47, 53, 61, 73, 89, 97, 101, 109]","[2.6596897779183823, 4.782712332226901, 0.9059961958182329, 0.5, 1.0]","{""time"": 0.0, ""collisions"": 0.05, ""congestion"": 1.0, ""fairness"": 1.0, ""incomplete_base"": 1000.0, ""incomplete_agent"": 10.0}","[17.14446778711485, 8.89778516057586, 12.532758620689657, 10.520042935206869, 7.9403474903474915, 12.854436304436305, 15.022738095238097, 18.65270610446822, 14.124341438703143, 17.210714285714285]","[51.0, 34.4, 34.800000000000004, 36.6, 29.6, 35.1, 40.0, 45.400000000000006, 32.9, 39.2]"
ga,15,18,12.01915011431661,34.45,22.5,1.8109358286023234,5.3,13.436785714285714,22.520000000000003,9.083214285714286,True,0.0,hospital_corridor,28,12,"[11, 29, 47, 53, 61, 73, 89, 97, 101, 109]","[3.4866358276242413, 4.9996684042142, 0.925856705104365, 0.5, 1.0]","{""time"": 0.0, ""collisions"": 0.05, ""congestion"": 1.0, ""fairness"": 1.0, ""incomplete_base"": 1000.0, ""incomplete_agent"": 10.0}","[11.03993139628733, 9.815528437080163, 12.475020177562548, 10.1557475359221, 13.968242529827897, 12.482760442060785, 14.831942053930005, 10.684165035877365, 12.824136619504033, 11.914026915113872]","[35.4, 31.900000000000002, 29.5, 40.1, 45.1, 29.3, 33.2, 36.5, 31.3, 32.2]"
ga,15,19,56.565356606455296,29.860000000000003,913.3,1.8645232731219594,5.7,11.352500000000001,20.388333333333335,9.035833333333334,True,0.0,hospital_corridor,28,12,"[11, 29, 47, 53, 61, 73, 89, 97, 101, 109]","[3.581069043607637, 4.9945387977209315, 0.7189313481514862, 0.5, 1.0]","{""time"": 0.0, ""collisions"": 0.05, ""congestion"": 1.0, ""fairness"": 1.0, ""incomplete_base"": 1000.0, ""incomplete_agent"": 10.0}","[85.27308970099668, 51.281809686331876, 35.64345238095238, 103.80618336886994, 41.10768398268399, 39.52355072463769, 61.24347133757962, 55.70697223514814, 44.76759074259075, 47.2997619047619]","[30.1, 29.3, 28.8, 33.5, 28.6, 27.6, 31.400000000000002, 30.700000000000003, 28.6, 30.0]"
ga,15,20,55.98825678222086,29.900000000000006,897.0,1.858375829839907,5.3,11.384285714285715,20.66416666666667,9.279880952380953,True,0.0,hospital_corridor,28,12,"[11, 29, 47, 53, 61, 73, 89, 97, 101, 109]","[3.4373301858140524, 4.999801853936147, 0.7193580285895576, 0.5, 1.0]","{""time"": 0.0, ""collisions"": 0.05, ""congestion"": 1.0, ""fairness"": 1.0, ""incomplete_base"": 1000.0, ""incomplete_agent"": 10.0}","[80.74899626517275, 95.22673992673994, 36.85742513500246, 64.23291316526611, 51.020270270270274, 41.09794997421351, 47.186172161172166, 56.627187153931345, 45.257908757908766, 41.62700501253133]","[30.6, 36.4, 29.1, 27.200000000000003, 29.6, 27.700000000000003, 31.200000000000003, 30.1, 28.6, 28.5]"
ga,15,21,26.65669678220869,30.640000000000004,312.8,1.8920539250658304,5.5,12.190357142857142,21.315,9.124642857142858,True,0.0,hospital_corridor,28,12,"[11, 29, 47, 53, 61, 73, 89, 97, 101, 109]","[3.4357606236074636, 4.997811433793016, 0.7870299427481694, 0.5, 1.0]","{""time"": 0.0, ""collisions"": 0.05, ""congestion"": 1.0, ""fairness"": 1.0, ""incomplete_base"": 1000.0, ""incomplete_agent"": 10.0}","[29.967581204667297, 36.50013623978202, 31.652668584212208, 36.22058889386476, 15.702905886764157, 18.98151538593777, 29.018556138051554, 25.03521421107628, 24.312424097155642, 19.1753771805752]","[30.200000000000003, 36.7, 29.8, 31.900000000000002, 25.400000000000002, 27.700000000000003, 32.7, 31.900000000000002, 29.8, 30.3]"
ga,15,22,11.821842496851406,31.869999999999997,21.9,1.7342234492323598,4.9,12.745714285714286,21.738333333333337,8.992619047619048,True,0.0,hospital_corridor,28,12,"[11, 29, 47, 53, 61, 73, 89, 97, 101, 109]","[3.6461576623598186, 5.0, 0.920838062619316, 0.5, 1.0]","{""time"": 0.0, ""collisions"": 0.05, ""congestion"": 1.0, ""fairness"": 1.0, ""incomplete_base"": 1000.0, ""incomplete_agent"": 10.0}","[12.829401052205583, 10.577133728890917, 11.56236795059321, 12.13159824046921, 8.157890365448505, 12.631396287328492, 14.020890461447737, 12.058054711246202, 12.412937559129613, 11.836754611754612]","[35.300000000000004, 31.3, 29.3, 34.1, 25.8, 29.5, 32.300000000000004, 37.6, 30.200000000000003, 33.300000000000004]"
ga,15,23,1119.5792536926183,100.0,5.5,0.43079999999999996,3.5,15.332531516616822,27.205985209235205,11.873453692618385,False,10.7,hospital_corridor,28,12,"[11, 29, 47, 53, 61, 73, 89, 97, 101, 109]","[3.6461576623598186, 5.0, 1.3976398016517932, 0.5, 1.0]","{""time"": 0.0, ""collisions"": 0.05, ""congestion"": 1.0, ""fairness"": 1.0, ""incomplete_base"": 1000.0, ""incomplete_agent"": 10.0}","[1111.426, 1161.9132727272727, 1119.068888888889, 1131.1264385964912, 1120.6131578947368, 1113.5700454545454, 1096.0493913043479, 1073.0462692307692, 1092.3383333333334, 1176.6407394957982]","[100.0, 100.0, 100.0, 100.0, 100.0, 100.0, 100.0, 100.0, 100.0, 100.0]"
ga,16,0,11.821842496851406,31.869999999999997,21.9,1.7342234492323598,4.9,12.745714285714286,21.738333333333337,8.992619047619048,True,0.0,hospital_corridor,28,12,"[11, 29, 47, 53, 61, 73, 89, 97, 101, 109]","[3.6461576623598186, 5.0, 0.920838062619316, 0.5, 1.0]","{""time"": 0.0, ""collisions"": 0.05, ""congestion"": 1.0, ""fairness"": 1.0, ""incomplete_base"": 1000.0, ""incomplete_agent"": 10.0}","[12.829401052205583, 10.577133728890917, 11.56236795059321, 12.13159824046921, 8.157890365448505, 12.631396287328492, 14.020890461447737, 12.058054711246202, 12.412937559129613, 11.836754611754612]","[35.300000000000004, 31.3, 29.3, 34.1, 25.8, 29.5, 32.300000000000004, 37.6, 30.200000000000003, 33.300000000000004]"
ga,16,1,11.821842496851406,31.869999999999997,21.9,1.7342234492323598,4.9,12.745714285714286,21.738333333333337,8.992619047619048,True,0.0,hospital_corridor,28,12,"[11, 29, 47, 53, 61, 73, 89, 97, 101, 109]","[3.6461576623598186, 5.0, 0.920838062619316, 0.5, 1.0]","{""time"": 0.0, ""collisions"": 0.05, ""congestion"": 1.0, ""fairness"": 1.0, ""incomplete_base"": 1000.0, ""incomplete_agent"": 10.0}","[12.829401052205583, 10.577133728890917, 11.56236795059321, 12.13159824046921, 8.157890365448505, 12.631396287328492, 14.020890461447737, 12.058054711246202, 12.412937559129613, 11.836754611754612]","[35.300000000000004, 31.3, 29.3, 34.1, 25.8, 29.5, 32.300000000000004, 37.6, 30.200000000000003, 33.300000000000004]"
ga,16,2,13.359897564855242,34.14,32.6,1.8351356600933388,5.1,13.168571428571429,23.063333333333333,9.894761904761904,True,0.0,hospital_corridor,28,12,"[11, 29, 47, 53, 61, 73, 89, 97, 101, 109]","[3.561864255453653, 4.999325765736096, 0.9199585252008615, 0.5, 1.0]","{""time"": 0.0, ""collisions"": 0.05, ""congestion"": 1.0, ""fairness"": 1.0, ""incomplete_base"": 1000.0, ""incomplete_agent"": 10.0}","[23.3483893557423, 13.069224924012158, 11.746938775510205, 14.058493646835295, 7.714985994397762, 11.735762224352829, 14.182260228034876, 12.591518278699583, 12.985822510822508, 12.165579710144929]","[47.6, 32.9, 29.400000000000002, 40.1, 25.5, 29.8, 35.5, 35.300000000000004, 30.8, 34.5]"
ga,16,3,14.193585061137831,36.05,41.8,1.7896564897092593,5.8,12.99107142857143,23.305000000000003,10.313928571428573,True,0.0,hospital_corridor,28,12,"[11, 29, 47, 53, 61, 73, 89, 97, 101, 109]","[3.5528962220148053, 4.651511685273217, 0.9110863633328399, 0.5, 1.0]","{""time"": 0.0, ""collisions"": 0.05, ""congestion"": 1.0, ""fairness"": 1.0, ""incomplete_base"": 1000.0, ""incomplete_agent"": 10.0}","[20.171100164203615, 13.581658895012012, 17.71080586080586, 15.80337617962903, 8.509105534105535, 11.890218458517428, 15.448971861471863, 12.733683473389357, 13.625256410256412, 12.461673773987208]","[43.5, 33.7, 45.5, 43.900000000000006, 29.6, 29.1, 35.2, 34.0, 32.5, 33.5]"
ga,16,4,11.821842496851406,31.869999999999997,21.9,1.7342234492323598,4.9,12.745714285714286,21.738333333333337,8.992619047619048,True,0.0,hospital_corridor,28,12,"[11, 29, 47, 53, 61, 73, 89, 97, 101, 109]","[3.6461576623598186, 5.0, 0.920838062619316, 0.5, 1.0]","{""time"": 0.0, ""collisions"": 0.05, ""congestion"": 1.0, ""fairness"": 1.0, ""incomplete_base"": 1000.0, ""incomplete_agent"": 10.0}","[12.829401052205583, 10.577133728890917, 11.56236795059321, 12.13159824046921, 8.157890365448505, 12.631396287328492, 14.020890461447737, 12.058054711246202, 12.412937559129613, 11.836754611754612]","[35.300000000000004, 31.3, 29.3, 34.1, 25.8, 29.5, 32.300000000000004, 37.6, 30.200000000000003, 33.300000000000004]"
ga,16,5,11.821842496851406,31.869999999999997,21.9,1.7342234492323598,4.9,12.745714285714286,21.738333333333337,8.992619047619048,True,0.0,hospital_corridor,28,12,"[11, 29, 47, 53, 61, 73, 89, 97, 101, 109]","[3.6461576623598186, 5.0, 0.920838062619316, 0.5, 1.0]","{""time"": 0.0, ""collisions"": 0.05, ""congestion"": 1.0, ""fairness"": 1.0, ""incomplete_base"": 1000.0, ""incomplete_agent"": 10.0}","[12.829401052205583, 10.577133728890917, 11.56236795059321, 12.13159824046921, 8.157890365448505, 12.631396287328492, 14.020890461447737, 12.058054711246202, 12.412937559129613, 11.836754611754612]","[35.300000000000004, 31.3, 29.3, 34.1, 25.8, 29.5, 32.300000000000004, 37.6, 30.200000000000003, 33.300000000000004]"
ga,16,6,12.395204141587463,34.93,21.5,1.7685374749207958,5.1,13.532500000000002,23.08416666666667,9.551666666666668,True,0.0,hospital_corridor,28,12,"[11, 29, 47, 53, 61, 73, 89, 97, 101, 109]","[3.4430647127868887, 5.0, 0.9259006982914446, 0.5, 1.0]","{""time"": 0.0, ""collisions"": 0.05, ""congestion"": 1.0, ""fairness"": 1.0, ""incomplete_base"": 1000.0, ""incomplete_agent"": 10.0}","[17.41299498746867, 9.924543836226082, 11.675907990314771, 13.007086907870196, 7.7186955063715645, 11.608914636088548, 14.157656116338753, 13.534950859950861, 13.269420656545996, 11.64186991869919]","[47.5, 32.1, 29.5, 38.300000000000004, 28.400000000000002, 29.900000000000002, 33.4, 40.7, 36.7, 32.800000000000004]"
ga,16,7,12.201229687839165,35.96,28.6,1.8234915926010686,5.8,14.078928571428573,23.026666666666667,8.947738095238096,True,0.0,hospital_corridor,28,12,"[11, 29, 47, 53, 61, 73, 89, 97, 101, 109]","[3.6340489402798077, 5.0, 0.9255292163903959, 0.5, 1.0]","{""time"": 0.0, ""collisions"": 0.05, ""congestion"": 1.0, ""fairness"": 1.0, ""incomplete_base"": 1000.0, ""incomplete_agent"": 10.0}","[16.222846025569762, 9.572865668006333, 12.591646489104118, 10.713305322128852, 8.86454248366013, 11.869897959183675, 14.354722332146157, 12.425, 13.93348861283644, 11.46398198575618]","[51.400000000000006, 39.1, 29.5, 35.7, 30.6, 29.400000000000002, 36.1, 39.2, 34.5, 34.1]"
ga,16,8,12.01915011431661,34.45,22.5,1.8109358286023234,5.3,13.436785714285714,22.520000000000003,9.083214285714286,True,0.0,hospital_corridor,28,12,"[11, 29, 47, 53, 61, 73, 89, 97, 101, 109]","[3.4866358276242413, 4.9996684042142, 0.925856705104365, 0.5, 1.0]","{""time"": 0.0, ""collisions"": 0.05, ""congestion"": 1.0, ""fairness"": 1.0, ""incomplete_base"": 1000.0, ""incomplete_agent"": 10.0}","[11.03993139628733, 9.815528437080163, 12.475020177562548, 10.1557475359221, 13.968242529827897, 12.482760442060785, 14.831942053930005, 10.684165035877365, 12.824136619504033, 11.914026915113872]","[35.4, 31.900000000000002, 29.5, 40.1, 45.1, 29.3, 33.2, 36.5, 31.3, 32.2]"
ga,16,9,1018.9285797292524,53.75,19.8,1.5756035387762428,5.1,14.522857142857143,28.885833333333334,14.36297619047619,False,0.2,hospital_corridor,28,12,"[11, 29, 47, 53, 61, 73, 89, 97, 101, 109]","[3.007243322869893, 5.0, 0.9305918520625245, 0.5, 1.0]","{""time"": 0.0, ""collisions"": 0.05, ""congestion"": 1.0, ""fairness"": 1.0, ""incomplete_base"": 1000.0, ""incomplete_agent"": 10.0}","[28.41060893383903, 19.758711122825517, 12.267434715821814, 27.295054945054947, 1026.1296666666667, 14.798519163763068, 15.482161506900411, 19.436738407153257, 12.814985994397759, 12.891915836101884]","[67.8, 54.2, 31.0, 97.5, 100.0, 32.800000000000004, 38.300000000000004, 45.800000000000004, 35.7, 34.4]"
ga,16,10,12.870344239672619,32.620000000000005,41.6,1.8089156682440475,5.2,12.878571428571428,21.859999999999996,8.981428571428571,True,0.0,hospital_corridor,28,12,"[11, 29, 47, 53, 61, 73, 89, 97, 101, 109]","[3.456251644127245, 4.2508893917727315, 0.9263596692351111, 0.5, 1.0]","{""time"": 0.0, ""collisions"": 0.05, ""congestion"": 1.0, ""fairness"": 1.0, ""incomplete_base"": 1000.0, ""incomplete_agent"": 10.0}","[16.063140161725066, 9.660714285714285, 11.54366424535916, 13.999509803921569, 8.687313988095239, 12.621078431372549, 16.46330425299891, 13.776659247268313, 13.278787878787881, 12.609270101483215]","[37.1, 30.8, 29.5, 30.6, 25.6, 30.6, 39.300000000000004, 35.300000000000004, 30.8, 36.6]"
ga,16,11,12.98637068367856,34.39,26.4,1.760894493202369,5.2,13.050357142857143,22.955833333333338,9.905476190476191,True,0.0,hospital_corridor,28,12,"[11, 29, 47, 53, 61, 73, 89, 97, 101, 109]","[3.6208620089394516, 4.877046684408765, 0.9250702454467293, 0.5, 1.0]","{""time"": 0.0, ""collisions"": 0.05, ""congestion"": 1.0, ""fairness"": 1.0, ""incomplete_base"": 1000.0, ""incomplete_agent"": 10.0}","[16.06785714285714, 10.460805860805863, 12.897779922779923, 16.629761904761907, 9.870238095238097, 12.491384180790963, 16.01833333333333, 11.416594516594518, 11.926854020296641, 12.084097859327219]","[44.400000000000006, 31.200000000000003, 29.6, 42.0, 29.400000000000002, 29.5, 35.0, 39.6, 30.5, 32.7]"
ga,16,12,12.997542171423476,33.89,28.2,1.8289707428520436,5.1,13.016428571428571,22.775,9.75857142857143,True,0.0,hospital_corridor,28,12,"[11, 29, 47, 53, 61, 73, 89, 97, 101, 109]","[3.6174495919293728, 4.884148379872847, 0.9340877374804417, 0.5, 1.0]","{""time"": 0.0, ""collisions"": 0.05, ""congestion"": 1.0, ""fairness"": 1.0, ""incomplete_base"": 1000.0, ""incomplete_agent"": 10.0}","[15.312468671679198, 15.983045977011496, 11.259295499021526, 11.175392972723072, 9.154182754182756, 12.681165247555978, 14.116055243849805, 14.757338795867476, 13.449030664897538, 12.087445887445888]","[39.900000000000006, 40.6, 29.200000000000003, 30.900000000000002, 29.6, 30.200000000000003, 33.1, 40.1, 32.300000000000004, 33.0]"
ga,16,13,12.169201764977057,34.61,29.7,1.7995589078341987,5.1,13.817857142857145,22.7025,8.884642857142858,True,0.0,hospital_corridor,28,12,"[11, 29, 47, 53, 61, 73, 89, 97, 101, 109]","[3.5979553270271127, 4.953060732271128, 0.9302266560830531, 0.5, 1.0]","{""time"": 0.0, ""collisions"": 0.05, ""congestion"": 1.0, ""fairness"": 1.0, ""incomplete_base"": 1000.0, ""incomplete_agent"": 10.0}","[14.764093701996925, 9.605798771121353, 11.31633755891435, 12.378439153439157, 8.204187511580507, 13.307545787545786, 14.859503920900103, 11.332660991857884, 15.05520438263801, 10.868245869776484]","[46.5, 31.0, 29.3, 32.4, 25.700000000000003, 32.5, 41.900000000000006, 38.6, 33.9, 34.300000000000004]"
ga,16,14,1019.4907463231806,42.52,18.9,1.621070998505242,5.0,13.407824675324676,24.3325,10.924675324675325,False,0.6,hospital_corridor,28,12,"[11, 29, 47, 53, 61, 73, 89, 97, 101, 109]","[3.63504714627761, 4.999788589261704, 0.9859333500963018, 0.5, 1.0]","{""time"": 0.0, ""collisions"": 0.05, ""congestion"": 1.0, ""fairness"": 1.0, ""incomplete_base"": 1000.0, ""incomplete_agent"": 10.0}","[16.602877641122674, 1073.5965151515152, 10.952992277992278, 11.794003087519298, 7.293139097744362, 13.928571428571429, 15.177157129881927, 21.051710587147475, 12.428221288515408, 12.082275541795667]","[45.300000000000004, 100.0, 29.6, 40.1, 30.400000000000002, 39.0, 36.7, 41.2, 30.6, 32.300000000000004]"
ga,16,15,12.32944624659762,35.32,17.0,1.7133748180261918,5.1,13.44142857142857,23.207500000000003,9.766071428571427,True,0.0,hospital_corridor,28,12,"[11, 29, 47, 53, 61, 73, 89, 97, 101, 109]","[3.3574069675722833, 4.999879814952495, 0.9247154752126122, 0.5, 1.0]","{""time"": 0.0, ""collisions"": 0.05, ""congestion"": 1.0, ""fairness"": 1.0, ""incomplete_base"": 1000.0, ""incomplete_agent"": 10.0}","[11.459837092731831, 11.438050030138637, 11.53385491320274, 16.635999796064038, 7.547530864197531, 12.273214285714287, 14.013068709377903, 12.921608946608949, 12.441077207582063, 13.030220620358236]","[39.900000000000006, 31.6, 29.900000000000002, 46.7, 32.4, 33.6, 35.9, 39.6, 30.900000000000002, 32.7]"
ga,16,16,11.821842496851406,31.869999999999997,21.9,1.7342234492323598,4.9,12.745714285714286,21.738333333333337,8.992619047619048,True,0.0,hospital_corridor,28,12,"[11, 29, 47, 53, 61, 73, 89, 97, 101, 109]","[3.6461576623598186, 5.0, 0.920838062619316, 0.5, 1.0]","{""time"": 0.0, ""collisions"": 0.05, ""congestion"": 1.0, ""fairness"": 1.0, ""incomplete_base"": 1000.0, ""incomplete_agent"": 10.0}","[12.829401052205583, 10.577133728890917, 11.56236795059321, 12.13159824046921, 8.157890365448505, 12.631396287328492, 14.020890461447737, 12.058054711246202, 12.412937559129613, 11.836754611754612]","[35.300000000000004, 31.3, 29.3, 34.1, 25.8, 29.5, 32.300000000000004, 37.6, 30.200000000000003, 33.300000000000004]"
ga,16,17,12.922349501230336,35.790000000000006,25.0,1.717349501230333,5.0,13.295000000000002,23.250000000000004,9.955000000000002,True,0.0,hospital_corridor,28,12,"[11, 29, 47, 53, 61, 73, 89, 97, 101, 109]","[3.0239853669366084, 4.441815831631628, 0.907062941151901, 0.5, 1.0]","{""time"": 0.0, ""collisions"": 0.05, ""congestion"": 1.0, ""fairness"": 1.0, ""incomplete_base"": 1000.0, ""incomplete_agent"": 10.0}","[11.770529710443256, 9.642538671519564, 12.108574490889605, 14.756336405529956, 10.208643892339545, 13.22664255575648, 16.57531787584144, 14.256573498964807, 12.477545155993433, 14.200792755025264]","[34.7, 31.400000000000002, 31.1, 43.400000000000006, 34.5, 31.6, 38.2, 36.800000000000004, 31.900000000000002, 44.300000000000004]"
ga,16,18,13.391759250004059,37.050000000000004,30.2,1.8500925833373927,5.3,13.885000000000002,23.916666666666664,10.031666666666666,True,0.0,hospital_corridor,28,12,"[11, 29, 47, 53, 61, 73, 89, 97, 101, 109]","[3.598475772504611, 5.0, 0.9282764168812956, 0.5, 1.0]","{""time"": 0.0, ""collisions"": 0.05, ""congestion"": 1.0, ""fairness"": 1.0, ""incomplete_base"": 1000.0, ""incomplete_agent"": 10.0}","[17.109873949579836, 9.333075523202911, 13.965947888589398, 13.884817115251899, 7.670098039215686, 14.265932811480758, 17.2558176100629, 12.098273330780035, 15.35591366627952, 12.977842565597669]","[51.0, 31.400000000000002, 31.8, 41.400000000000006, 25.5, 43.800000000000004, 37.1, 37.300000000000004, 36.9, 34.300000000000004]"
ga,16,19,12.284899240727762,35.290000000000006,21.7,1.7563278121563353,5.2,13.678928571428571,23.122500000000002,9.443571428571428,True,0.0,hospital_corridor,28,12,"[11, 29, 47, 53, 61, 73, 89, 97, 101, 109]","[3.350371865548525, 5.0, 0.9231534978005449, 0.5, 1.0]","{""time"": 0.0, ""collisions"": 0.05, ""congestion"": 1.0, ""fairness"": 1.0, ""incomplete_base"": 1000.0, ""incomplete_agent"": 10.0}","[14.64135506551614, 12.387423312883437, 11.350965250965253, 10.488095238095239, 8.42089947089947, 11.953881278538814, 13.913638465094774, 12.680295848316446, 13.573572930749588, 13.438865546218487]","[44.7, 32.6, 29.6, 32.4, 27.0, 29.200000000000003, 41.2, 43.7, 31.700000000000003, 40.800000000000004]"
ga,16,20,12.731054477695546,34.32000000000001,29.3,1.7917687634098307,5.3,13.365714285714287,22.840000000000003,9.474285714285715,True,0.0,hospital_corridor,28,12,"[11, 29, 47, 53, 61, 73, 89, 97, 101, 109]","[3.7647293280642584, 4.999904787091818, 0.9229437344850664, 0.5, 1.0]","{""time"": 0.0, ""collisions"": 0.05, ""congestion"": 1.0, ""fairness"": 1.0, ""incomplete_base"": 1000.0, ""incomplete_agent"": 10.0}","[14.690487977369168, 12.91374841972187, 14.154489164086689, 13.993414387031407, 8.21359126984127, 11.916666666666666, 13.991526610644259, 12.323815907059876, 13.539691714836225, 11.573112659698026]","[40.400000000000006, 33.9, 32.300000000000004, 37.6, 28.8, 31.5, 34.0, 37.300000000000004, 34.6, 32.800000000000004]"
ga,16,21,12.521110621487237,33.11,19.3,1.9414677643443787,5.3,13.202857142857145,22.817500000000003,9.614642857142858,True,0.0,hospital_corridor,28,12,"[11, 29, 47, 53, 61, 73, 89, 97, 101, 109]","[3.4880411756432355, 4.999763617122382, 0.9237510332386147, 0.5, 1.0]","{""time"": 0.0, ""collisions"": 0.05, ""congestion"": 1.0, ""fairness"": 1.0, ""incomplete_base"": 1000.0, ""incomplete_agent"": 10.0}","[14.049951519069165, 14.638166953528401, 11.168877551020408, 12.425865800865802, 9.105417335473518, 12.037585034013608, 14.601985304507561, 13.797140631953715, 12.083431180691456, 11.302684903748734]","[44.2, 33.2, 29.400000000000002, 33.0, 26.700000000000003, 29.400000000000002, 33.7, 32.1, 36.5, 32.9]"
ga,16,22,14.720225207629401,36.470000000000006,28.0,1.7111775885817828,5.1,12.661785714285715,24.270833333333336,11.609047619047619,True,0.0,hospital_corridor,28,12,"[11, 29, 47, 53, 61, 73, 89, 97, 101, 109]","[3.598345632580119, 4.9989934582356454, 0.9133531888889913, 0.5, 1.0]","{""time"": 0.0, ""collisions"": 0.05, ""congestion"": 1.0, ""fairness"": 1.0, ""incomplete_base"": 1000.0, ""incomplete_agent"": 10.0}","[13.823472168158817, 21.882359307359305, 11.398711676451402, 12.61673669467787, 18.490705765407554, 12.53069145466406, 15.423051948051947, 12.541982091982096, 15.832539682539686, 12.662001287001287]","[36.7, 44.0, 29.200000000000003, 35.7, 50.300000000000004, 29.200000000000003, 35.2, 35.1, 36.0, 33.300000000000004]"
ga,16,23,13.817886409831733,36.38,27.2,1.7599102193555407,5.0,13.215357142857144,23.913333333333338,10.697976190476192,True,0.0,hospital_corridor,28,12,"[11, 29, 47, 53, 61, 73, 89, 97, 101, 109]","[3.5815862512012933, 4.998859173138085, 0.9176916996447101, 0.5, 1.0]","{""time"": 0.0, ""collisions"": 0.05, ""congestion"": 1.0, ""fairness"": 1.0, ""incomplete_base"": 1000.0, ""incomplete_agent"": 10.0}","[16.483593503626615, 13.32553516819572, 11.438095238095237, 10.489557366570788, 17.414659724259316, 11.92699744327261, 17.808933839022334, 14.05219562759141, 13.118722943722943, 12.12057324396034]","[45.300000000000004, 32.7, 29.5, 29.8, 48.7, 29.8, 45.2, 37.9, 30.8, 34.1]"
ga,17,0,11.821842496851406,31.869999999999997,21.9,1.7342234492323598,4.9,12.745714285714286,21.738333333333337,8.992619047619048,True,0.0,hospital_corridor,28,12,"[11, 29, 47, 53, 61, 73, 89, 97, 101, 109]","[3.6461576623598186, 5.0, 0.920838062619316, 0.5, 1.0]","{""time"": 0.0, ""collisions"": 0.05, ""congestion"": 1.0, ""fairness"": 1.0, ""incomplete_base"": 1000.0, ""incomplete_agent"": 10.0}","[12.829401052205583, 10.577133728890917, 11.56236795059321, 12.13159824046921, 8.157890365448505, 12.631396287328492, 14.020890461447737, 12.058054711246202, 12.412937559129613, 11.836754611754612]","[35.300000000000004, 31.3, 29.3, 34.1, 25.8, 29.5, 32.300000000000004, 37.6, 30.200000000000003, 33.300000000000004]"
ga,17,1,11.821842496851406,31.869999999999997,21.9,1.7342234492323598,4.9,12.745714285714286,21.738333333333337,8.992619047619048,True,0.0,hospital_corridor,28,12,"[11, 29, 47, 53, 61, 73, 89, 97, 101, 109]","[3.6461576623598186, 5.0, 0.920838062619316, 0.5, 1.0]","{""time"": 0.0, ""collisions"": 0.05, ""congestion"": 1.0, ""fairness"": 1.0, ""incomplete_base"": 1000.0, ""incomplete_agent"": 10.0}","[12.829401052205583, 10.577133728890917, 11.56236795059321, 12.13159824046921, 8.157890365448505, 12.631396287328492, 14.020890461447737, 12.058054711246202, 12.412937559129613, 11.836754611754612]","[35.300000000000004, 31.3, 29.3, 34.1, 25.8, 29.5, 32.300000000000004, 37.6, 30.200000000000003, 33.300000000000004]"
ga,17,2,12.946544904402845,34.49,25.3,1.8940449044028433,5.4,13.504999999999999,23.292500000000004,9.787500000000001,True,0.0,hospital_corridor,28,12,"[11, 29, 47, 53, 61, 73, 89, 97, 101, 109]","[3.399253930401324, 4.999998286236129, 0.9234070090183838, 0.5, 1.0]","{""time"": 0.0, ""collisions"": 0.05, ""congestion"": 1.0, ""fairness"": 1.0, ""incomplete_base"": 1000.0, ""incomplete_agent"": 10.0}","[18.216349206349207, 15.086883876357563, 12.172962066182405, 11.388610518834403, 6.864814814814816, 11.86622635355512, 14.44959758551308, 12.251120448179272, 12.72327013915486, 14.445614035087718]","[45.0, 34.2, 29.5, 33.5, 27.0, 29.200000000000003, 35.5, 35.7, 37.300000000000004, 38.0]"
ga,17,3,13.255404277034675,35.410000000000004,19.9,1.6917138008441988,5.2,12.872142857142858,23.440833333333334,10.568690476190476,True,0.0,hospital_corridor,28,12,"[11, 29, 47, 53, 61, 73, 89, 97, 101, 109]","[3.604310699530778, 4.999881528716366, 0.9221465288135444, 0.5, 1.0]","{""time"": 0.0, ""collisions"": 0.05, ""congestion"": 1.0, ""fairness"": 1.0, ""incomplete_base"": 1000.0, ""incomplete_agent"": 10.0}","[15.214698119432532, 13.030357142857142, 11.486422136422139, 14.338750862663904, 9.45478555660675, 12.539155251141555, 15.064850270004907, 14.897431077694234, 15.117277167277166, 11.410315186246418]","[43.300000000000004, 33.6, 29.6, 41.400000000000006, 30.200000000000003, 29.200000000000003, 38.800000000000004, 38.0, 35.1, 34.9]"
ga,17,4,13.2676691945441,35.05,22.1,1.8613596707345739,5.0,13.200357142857143,23.50166666666667,10.301309523809525,True,0.0,hospital_corridor,28,12,"[11, 29, 47, 53, 61, 73, 89, 97, 101, 109]","[3.534874293479667, 4.999711985771281, 0.9225516893690531, 0.5, 1.0]","{""time"": 0.0, ""collisions"": 0.05, ""congestion"": 1.0, ""fairness"": 1.0, ""incomplete_base"": 1000.0, ""incomplete_agent"": 10.0}","[14.796212121212125, 15.611428571428574, 14.73548479632817, 11.770238095238094, 7.493498168498169, 13.04826254826255, 16.08889065648531, 14.140799614643548, 12.721760343481655, 12.270117029862794]","[38.5, 40.0, 33.2, 37.800000000000004, 26.0, 29.6, 44.900000000000006, 34.6, 30.5, 35.4]"
ga,17,5,13.585564440551497,37.19,25.0,1.7503263453134026,5.2,13.27892857142857,23.864166666666666,10.585238095238095,True,0.0,hospital_corridor,28,12,"[11, 29, 47, 53, 61, 73, 89, 97, 101, 109]","[3.5979191965043924, 4.999956418442919, 0.9241430783546278, 0.5, 1.0]","{""time"": 0.0, ""collisions"": 0.05, ""congestion"": 1.0, ""fairness"": 1.0, ""incomplete_base"": 1000.0, ""incomplete_agent"": 10.0}","[14.220470383275261, 11.688271604938272, 10.823159434422234, 14.945772116286342, 11.651190476190479, 14.828222703222707, 13.511184773310521, 12.620421245421245, 14.532427858924118, 17.03452380952381]","[49.2, 32.4, 29.3, 45.7, 35.0, 29.700000000000003, 33.4, 35.1, 40.1, 42.0]"
ga,17,6,11.821842496851406,31.869999999999997,21.9,1.7342234492323598,4.9,12.745714285714286,21.738333333333337,8.992619047619048,True,0.0,hospital_corridor,28,12,"[11, 29, 47, 53, 61, 73, 89, 97, 101, 109]","[3.6461576623598186, 5.0, 0.920838062619316, 0.5, 1.0]","{""time"": 0.0, ""collisions"": 0.05, ""congestion"": 1.0, ""fairness"": 1.0, ""incomplete_base"": 1000.0, ""incomplete_agent"": 10.0}","[12.829401052205583, 10.577133728890917, 11.56236795059321, 12.13159824046921, 8.157890365448505, 12.631396287328492, 14.020890461447737, 12.058054711246202, 12.412937559129613, 11.836754611754612]","[35.300000000000004, 31.3, 29.3, 34.1, 25.8, 29.5, 32.300000000000004, 37.6, 30.200000000000003, 33.300000000000004]"
ga,17,7,12.588997981017068,37.34,20.3,1.6811408381599247,5.1,14.079642857142858,23.972500000000004,9.892857142857142,True,0.0,hospital_corridor,28,12,"[11, 29, 47, 53, 61, 73, 89, 97, 101, 109]","[3.1736409716181133, 5.0, 0.920838062619316, 0.5, 1.0]","{""time"": 0.0, ""collisions"": 0.05, ""congestion"": 1.0, ""fairness"": 1.0, ""incomplete_base"": 1000.0, ""incomplete_agent"": 10.0}","[10.944057948559035, 12.557212885154062, 11.86547619047619, 12.048189689098782, 7.461450216450217, 12.686630036630037, 13.61010296010296, 16.63367346938776, 15.264097744360903, 12.819088669950741]","[46.1, 34.0, 30.0, 36.300000000000004, 27.5, 31.200000000000003, 37.0, 49.0, 47.5, 34.800000000000004]"
ga,17,8,1019.2810746097124,41.67,39.0,2.064460853098593,5.1,13.406005291005291,22.672619047619047,9.266613756613756,False,0.6,hospital_corridor,28,12,"[11, 29, 47, 53, 61, 73, 89, 97, 101, 109]","[3.6358857848673494, 5.0, 0.9215304690932757, 0.5, 1.0]","{""time"": 0.0, ""collisions"": 0.05, ""congestion"": 1.0, ""fairness"": 1.0, ""incomplete_base"": 1000.0, ""incomplete_agent"": 10.0}","[16.516056910569105, 13.918152478382659, 12.004050869494554, 15.296581997954315, 9.341291147331415, 13.708414043583534, 15.360008818342154, 1071.2533756613757, 14.133757732700332, 11.279056437389773]","[49.2, 39.1, 29.3, 41.900000000000006, 29.8, 29.5, 32.4, 100.0, 33.1, 32.4]"
ga,17,9,12.640447953142026,34.1,25.4,1.7536622388563132,5.1,13.275714285714287,22.892500000000002,9.616785714285713,True,0.0,hospital_corridor,28,12,"[11, 29, 47, 53, 61, 73, 89, 97, 101, 109]","[3.644320817772277, 5.0, 0.9248368099164361, 0.5, 1.0]","{""time"": 0.0, ""collisions"": 0.05, ""congestion"": 1.0, ""fairness"": 1.0, ""incomplete_base"": 1000.0, ""incomplete_agent"": 10.0}","[13.441630591630592, 10.443533123028391, 11.645820668693009, 15.306442577030811, 8.491666666666667, 11.656708546610826, 15.55739100389496, 13.524750830564784, 13.897899159663869, 12.438636363636366]","[39.6, 31.700000000000003, 32.9, 40.800000000000004, 26.0, 30.700000000000003, 37.9, 34.4, 34.0, 33.0]"
ga,17,10,15.94357726007407,34.63,94.1,1.8251248791216876,5.6,13.190714285714288,22.604166666666668,9.413452380952382,True,0.0,hospital_corridor,28,12,"[11, 29, 47, 53, 61, 73, 89, 97, 101, 109]","[3.470523585882586, 4.026988931806711, 0.9131300576681556, 0.5, 1.0]","{""time"": 0.0, ""collisions"": 0.05, ""congestion"": 1.0, ""fairness"": 1.0, ""incomplete_base"": 1000.0, ""incomplete_agent"": 10.0}","[37.288333333333334, 10.979646697388635, 11.972482123839953, 17.077663837812352, 9.006871204857784, 14.054468362687542, 15.007037193575655, 18.637250384024576, 13.109398296059638, 12.302621167161227]","[52.5, 31.0, 31.3, 30.3, 29.8, 29.200000000000003, 33.800000000000004, 43.400000000000006, 31.3, 33.7]"
ga,17,11,60.75552132160786,31.660000000000004,982.1,1.8449260835126082,5.7,11.876071428571429,21.681666666666665,9.80559523809524,True,0.0,hospital_corridor,28,12,"[11, 29, 47, 53, 61, 73, 89, 97, 101, 109]","[3.199619443413841, 4.864872827014885, 0.721520748740013, 0.5, 1.0]","{""time"": 0.0, ""collisions"": 0.05, ""congestion"": 1.0, ""fairness"": 1.0, ""incomplete_base"": 1000.0, ""incomplete_agent"": 10.0}","[108.48511390146837, 65.97281474233529, 37.19895629484671, 90.2442084942085, 49.43010421420965, 41.49327731092437, 56.62347921827691, 55.67877358490566, 63.55668202764978, 38.871803427253255]","[34.7, 29.200000000000003, 29.200000000000003, 37.0, 31.3, 28.900000000000002, 34.6, 31.8, 31.0, 28.900000000000002]"
ga,17,12,1159.221895153608,100.0,5.3,0.3855,3.5,14.738688179725333,26.310083333333335,11.571395153608004,False,14.7,hospital_corridor,28,12,"[11, 29, 47, 53, 61, 73, 89, 97, 101, 109]","[3.3717411773438215, 5.0, 1.5402020091562805, 0.5, 1.0]","{""time"": 0.0, ""collisions"": 0.05, ""congestion"": 1.0, ""fairness"": 1.0, ""incomplete_base"": 1000.0, ""incomplete_agent"": 10.0}","[1129.7393333333334, 1184.7346666666667, 1179.7856666666667, 1161.504, 1141.0730588235294, 1174.9973157894738, 1114.375, 1154.8173333333334, 1115.9575, 1235.235076923077]","[100.0, 100.0, 100.0, 100.0, 100.0, 100.0, 100.0, 100.0, 100.0, 100.0]"
ga,17,13,11.821842496851406,31.869999999999997,21.9,1.7342234492323598,4.9,12.745714285714286,21.738333333333337,8.992619047619048,True,0.0,hospital_corridor,28,12,"[11, 29, 47, 53, 61, 73, 89, 97, 101, 109]","[3.6461576623598186, 5.0, 0.920838062619316, 0.5, 1.0]","{""time"": 0.0, ""collisions"": 0.05, ""congestion"": 1.0, ""fairness"": 1.0, ""incomplete_base"": 1000.0, ""incomplete_agent"": 10.0}","[12.829401052205583, 10.577133728890917, 11.56236795059321, 12.13159824046921, 8.157890365448505, 12.631396287328492, 14.020890461447737, 12.058054711246202, 12.412937559129613, 11.836754611754612]","[35.300000000000004, 31.3, 29.3, 34.1, 25.8, 29.5, 32.300000000000004, 37.6, 30.200000000000003, 33.300000000000004]"
ga,17,14,13.204619281677221,35.58,36.0,1.7821192816772193,5.3,13.425,23.047500000000003,9.622500000000002,True,0.0,hospital_corridor,28,12,"[11, 29, 47, 53, 61, 73, 89, 97, 101, 109]","[3.691657100383997, 4.999916206092484, 0.9224200810856238, 0.5, 1.0]","{""time"": 0.0, ""collisions"": 0.05, ""congestion"": 1.0, ""fairness"": 1.0, ""incomplete_base"": 1000.0, ""incomplete_agent"": 10.0}","[19.44047619047619, 9.494949954504095, 11.73529411764706, 16.998947475986107, 8.774700109051256, 11.320140247879975, 15.103686635944701, 11.763492063492066, 14.08139417239984, 13.333111849390919]","[45.5, 31.400000000000002, 34.0, 46.6, 26.200000000000003, 29.200000000000003, 37.2, 36.0, 35.300000000000004, 34.4]"
ga,17,15,12.900309559399396,35.709999999999994,30.5,1.8019762260660617,5.3,13.135000000000002,22.708333333333332,9.573333333333334,True,0.0,hospital_corridor,28,12,"[11, 29, 47, 53, 61, 73, 89, 97, 101, 109]","[3.71922989004008, 4.999988580999334, 0.9213617160187587, 0.5, 1.0]","{""time"": 0.0, ""collisions"": 0.05, ""congestion"": 1.0, ""fairness"": 1.0, ""incomplete_base"": 1000.0, ""incomplete_agent"": 10.0}","[17.3975, 11.887166085946575, 12.751671732522798, 13.90341962288271, 8.496279761904763, 12.612619047619047, 14.695594220594224, 11.72178472497032, 14.14315476190476, 11.393905635648755]","[40.0, 36.9, 37.6, 44.7, 25.6, 30.0, 35.1, 36.1, 38.400000000000006, 32.7]"
ga,17,16,13.042048156637378,36.29,27.3,1.765500537589757,5.3,13.336785714285716,23.248333333333342,9.91154761904762,True,0.0,hospital_corridor,28,12,"[11, 29, 47, 53, 61, 73, 89, 97, 101, 109]","[3.485702200352333, 4.9999136443458, 0.9250978404358565, 0.5, 1.0]","{""time"": 0.0, ""collisions"": 0.05, ""congestion"": 1.0, ""fairness"": 1.0, ""incomplete_base"": 1000.0, ""incomplete_agent"": 10.0}","[15.182932972743664, 16.463565891472868, 11.38714689265537, 13.277867570385819, 8.596904761904762, 12.31505448574414, 14.43092420400113, 12.563802538130165, 13.891709775832341, 12.31057247350351]","[44.900000000000006, 43.0, 29.5, 41.1, 30.0, 31.900000000000002, 33.800000000000004, 40.900000000000006, 35.9, 31.900000000000002]"
ga,17,17,13.03166973518449,34.3,28.2,1.8317887828035364,5.0,13.256785714285716,23.04666666666667,9.789880952380953,True,0.0,hospital_corridor,28,12,"[11, 29, 47, 53, 61, 73, 89, 97, 101, 109]","[3.7998422214563647, 4.999991142746018, 0.9237465923406545, 0.5, 1.0]","{""time"": 0.0, ""collisions"": 0.05, ""congestion"": 1.0, ""fairness"": 1.0, ""incomplete_base"": 1000.0, ""incomplete_agent"": 10.0}","[15.59055637799161, 13.92369154869155, 13.920123939986958, 11.280724417426546, 7.22140541041319, 11.739065255731923, 16.791767983789256, 14.01954247257098, 13.917630733274905, 11.912189211967974]","[38.6, 33.300000000000004, 29.200000000000003, 37.6, 25.700000000000003, 32.4, 37.6, 42.1, 32.6, 33.9]"
ga,17,18,143.7404137399242,29.870000000000005,2663.3,1.9666042161146742,5.9,11.195357142857143,19.804166666666667,8.608809523809525,True,0.0,hospital_corridor,28,12,"[11, 29, 47, 53, 61, 73, 89, 97, 101, 109]","[3.6461576623598186, 5.0, 0.6816977481521724, 0.5, 1.0]","{""time"": 0.0, ""collisions"": 0.05, ""congestion"": 1.0, ""fairness"": 1.0, ""incomplete_base"": 1000.0, ""incomplete_agent"": 10.0}","[205.97942812639073, 138.97530181086518, 118.00186116700202, 122.03446368446369, 128.97558019597733, 108.78210809871395, 163.12722567287784, 190.15005175983435, 114.61666666666667, 146.7614502164502]","[32.1, 28.400000000000002, 28.400000000000002, 29.700000000000003, 27.700000000000003, 27.400000000000002, 32.2, 34.5, 30.8, 27.5]"
ga,17,19,11.821842496851406,31.869999999999997,21.9,1.7342234492323598,4.9,12.745714285714286,21.738333333333337,8.992619047619048,True,0.0,hospital_corridor,28,12,"[11, 29, 47, 53, 61, 73, 89, 97, 101, 109]","[3.6461576623598186, 5.0, 0.920838062619316, 0.5, 1.0]","{""time"": 0.0, ""collisions"": 0.05, ""congestion"": 1.0, ""fairness"": 1.0, ""incomplete_base"": 1000.0, ""incomplete_agent"": 10.0}","[12.829401052205583, 10.577133728890917, 11.56236795059321, 12.13159824046921, 8.157890365448505, 12.631396287328492, 14.020890461447737, 12.058054711246202, 12.412937559129613, 11.836754611754612]","[35.300000000000004, 31.3, 29.3, 34.1, 25.8, 29.5, 32.300000000000004, 37.6, 30.200000000000003, 33.300000000000004]"
ga,17,20,11.821842496851406,31.869999999999997,21.9,1.7342234492323598,4.9,12.745714285714286,21.738333333333337,8.992619047619048,True,0.0,hospital_corridor,28,12,"[11, 29, 47, 53, 61, 73, 89, 97, 101, 109]","[3.6461576623598186, 5.0, 0.920838062619316, 0.5, 1.0]","{""time"": 0.0, ""collisions"": 0.05, ""congestion"": 1.0, ""fairness"": 1.0, ""incomplete_base"": 1000.0, ""incomplete_agent"": 10.0}","[12.829401052205583, 10.577133728890917, 11.56236795059321, 12.13159824046921, 8.157890365448505, 12.631396287328492, 14.020890461447737, 12.058054711246202, 12.412937559129613, 11.836754611754612]","[35.300000000000004, 31.3, 29.3, 34.1, 25.8, 29.5, 32.300000000000004, 37.6, 30.200000000000003, 33.300000000000004]"
ga,17,21,11.821842496851406,31.869999999999997,21.9,1.7342234492323598,4.9,12.745714285714286,21.738333333333337,8.992619047619048,True,0.0,hospital_corridor,28,12,"[11, 29, 47, 53, 61, 73, 89, 97, 101, 109]","[3.6461576623598186, 5.0, 0.920838062619316, 0.5, 1.0]","{""time"": 0.0, ""collisions"": 0.05, ""congestion"": 1.0, ""fairness"": 1.0, ""incomplete_base"": 1000.0, ""incomplete_agent"": 10.0}","[12.829401052205583, 10.577133728890917, 11.56236795059321, 12.13159824046921, 8.157890365448505, 12.631396287328492, 14.020890461447737, 12.058054711246202, 12.412937559129613, 11.836754611754612]","[35.300000000000004, 31.3, 29.3, 34.1, 25.8, 29.5, 32.300000000000004, 37.6, 30.200000000000003, 33.300000000000004]"
ga,17,22,14.12445560312685,36.33,33.1,1.8111222697935137,5.1,13.110000000000003,23.768333333333334,10.658333333333335,True,0.0,hospital_corridor,28,12,"[11, 29, 47, 53, 61, 73, 89, 97, 101, 109]","[3.632996859079992, 4.776093030244465, 0.926314516241419, 0.5, 1.0]","{""time"": 0.0, ""collisions"": 0.05, ""congestion"": 1.0, ""fairness"": 1.0, ""incomplete_base"": 1000.0, ""incomplete_agent"": 10.0}","[17.302081362346264, 13.341071428571428, 11.220408163265306, 16.61154761904762, 7.830862533692724, 17.82122002085506, 17.75873392010833, 13.34259483454399, 14.487776075577687, 11.528260073260073]","[45.300000000000004, 33.6, 29.400000000000002, 40.0, 26.5, 41.1, 42.2, 35.4, 37.300000000000004, 32.5]"
ga,17,23,12.660959582912904,34.61,26.5,1.8626262495795707,5.2,13.607500000000002,23.080833333333338,9.473333333333333,True,0.0,hospital_corridor,28,12,"[11, 29, 47, 53, 61, 73, 89, 97, 101, 109]","[3.599527853704427, 5.0, 0.9274911170302723, 0.5, 1.0]","{""time"": 0.0, ""collisions"": 0.05, ""congestion"": 1.0, ""fairness"": 1.0, ""incomplete_base"": 1000.0, ""incomplete_agent"": 10.0}","[12.169275845053047, 11.077997109386885, 15.521590625779105, 14.239718614718619, 7.603187101612301, 12.756793434097187, 14.936645962732921, 12.530474315710535, 14.060556257901391, 11.71335656213705]","[38.6, 31.3, 38.2, 44.0, 25.400000000000002, 29.3, 34.5, 38.1, 33.9, 32.800000000000004]"
ga,18,0,11.821842496851406,31.869999999999997,21.9,1.7342234492323598,4.9,12.745714285714286,21.738333333333337,8.992619047619048,True,0.0,hospital_corridor,28,12,"[11, 29, 47, 53, 61, 73, 89, 97, 101, 109]","[3.6461576623598186, 5.0, 0.920838062619316, 0.5, 1.0]","{""time"": 0.0, ""collisions"": 0.05, ""congestion"": 1.0, ""fairness"": 1.0, ""incomplete_base"": 1000.0, ""incomplete_agent"": 10.0}","[12.829401052205583, 10.577133728890917, 11.56236795059321, 12.13159824046921, 8.157890365448505, 12.631396287328492, 14.020890461447737, 12.058054711246202, 12.412937559129613, 11.836754611754612]","[35.300000000000004, 31.3, 29.3, 34.1, 25.8, 29.5, 32.300000000000004, 37.6, 30.200000000000003, 33.300000000000004]"
ga,18,1,11.821842496851406,31.869999999999997,21.9,1.7342234492323598,4.9,12.745714285714286,21.738333333333337,8.992619047619048,True,0.0,hospital_corridor,28,12,"[11, 29, 47, 53, 61, 73, 89, 97, 101, 109]","[3.6461576623598186, 5.0, 0.920838062619316, 0.5, 1.0]","{""time"": 0.0, ""collisions"": 0.05, ""congestion"": 1.0, ""fairness"": 1.0, ""incomplete_base"": 1000.0, ""incomplete_agent"": 10.0}","[12.829401052205583, 10.577133728890917, 11.56236795059321, 12.13159824046921, 8.157890365448505, 12.631396287328492, 14.020890461447737, 12.058054711246202, 12.412937559129613, 11.836754611754612]","[35.300000000000004, 31.3, 29.3, 34.1, 25.8, 29.5, 32.300000000000004, 37.6, 30.200000000000003, 33.300000000000004]"
ga,18,2,11.821842496851406,31.869999999999997,21.9,1.7342234492323598,4.9,12.745714285714286,21.738333333333337,8.992619047619048,True,0.0,hospital_corridor,28,12,"[11, 29, 47, 53, 61, 73, 89, 97, 101, 109]","[3.6461576623598186, 5.0, 0.920838062619316, 0.5, 1.0]","{""time"": 0.0, ""collisions"": 0.05, ""congestion"": 1.0, ""fairness"": 1.0, ""incomplete_base"": 1000.0, ""incomplete_agent"": 10.0}","[12.829401052205583, 10.577133728890917, 11.56236795059321, 12.13159824046921, 8.157890365448505, 12.631396287328492, 14.020890461447737, 12.058054711246202, 12.412937559129613, 11.836754611754612]","[35.300000000000004, 31.3, 29.3, 34.1, 25.8, 29.5, 32.300000000000004, 37.6, 30.200000000000003, 33.300000000000004]"
ga,18,3,13.709421853488738,32.519999999999996,43.3,1.8520409011077852,5.4,12.504285714285714,22.19666666666667,9.692380952380953,True,0.0,hospital_corridor,28,12,"[11, 29, 47, 53, 61, 73, 89, 97, 101, 109]","[4.222996737736973, 5.0, 0.920838062619316, 0.5, 1.0]","{""time"": 0.0, ""collisions"": 0.05, ""congestion"": 1.0, ""fairness"": 1.0, ""incomplete_base"": 1000.0, ""incomplete_agent"": 10.0}","[19.122277593207826, 16.06758241758242, 11.805500821018065, 13.849988055422838, 11.906401384083047, 12.469818913480886, 15.433878127522195, 12.065083798882682, 12.45265567765568, 11.921031746031748]","[38.7, 36.4, 29.0, 29.900000000000002, 28.900000000000002, 28.400000000000002, 35.4, 35.800000000000004, 31.200000000000003, 31.5]"
ga,18,4,11.821842496851406,31.869999999999997,21.9,1.7342234492323598,4.9,12.745714285714286,21.738333333333337,8.992619047619048,True,0.0,hospital_corridor,28,12,"[11, 29, 47, 53, 61, 73, 89, 97, 101, 109]","[3.6461576623598186, 5.0, 0.920838062619316, 0.5, 1.0]","{""time"": 0.0, ""collisions"": 0.05, ""congestion"": 1.0, ""fairness"": 1.0, ""incomplete_base"": 1000.0, ""incomplete_agent"": 10.0}","[12.829401052205583, 10.577133728890917, 11.56236795059321, 12.13159824046921, 8.157890365448505, 12.631396287328492, 14.020890461447737, 12.058054711246202, 12.412937559129613, 11.836754611754612]","[35.300000000000004, 31.3, 29.3, 34.1, 25.8, 29.5, 32.300000000000004, 37.6, 30.200000000000003, 33.300000000000004]"
ga,18,5,16.342233940144137,31.380000000000003,101.9,1.8389006068108025,5.3,12.2,21.608333333333334,9.408333333333335,True,0.0,hospital_corridor,28,12,"[11, 29, 47, 53, 61, 73, 89, 97, 101, 109]","[4.621335468459302, 4.520502010646945, 0.920838062619316, 0.5, 1.0]","{""time"": 0.0, ""collisions"": 0.05, ""congestion"": 1.0, ""fairness"": 1.0, ""incomplete_base"": 1000.0, ""incomplete_agent"": 10.0}","[20.600930305897194, 18.371904761904766, 11.572038327526132, 17.44796961729477, 12.15105633802817, 15.513412127440905, 19.34500955109838, 19.00636288998358, 15.559001802613789, 13.85465367965368]","[30.200000000000003, 35.0, 28.700000000000003, 32.6, 28.400000000000002, 27.8, 34.9, 34.800000000000004, 31.700000000000003, 29.700000000000003]"
ga,18,6,13.925297984278588,35.080000000000005,32.1,1.8882741747547793,4.9,13.244642857142859,23.67666666666667,10.432023809523809,True,0.0,hospital_corridor,28,12,"[11, 29, 47, 53, 61, 73, 89, 97, 101, 109]","[3.6424871516470048, 4.999933133487906, 0.9214946508720699, 0.5, 1.0]","{""time"": 0.0, ""collisions"": 0.05, ""congestion"": 1.0, ""fairness"": 1.0, ""incomplete_base"": 1000.0, ""incomplete_agent"": 10.0}","[17.283463796477495, 15.185638168310806, 11.905229194481532, 18.46993670886076, 8.297527472527474, 13.052562550443906, 13.665420905204188, 14.582818532818537, 12.702049180327869, 14.108333333333334]","[43.800000000000004, 39.1, 32.1, 39.5, 26.0, 29.5, 32.300000000000004, 44.400000000000006, 30.5, 33.6]"
ga,18,7,17.86994755520083,33.65,118.3,1.9628046980579714,5.4,12.587857142857143,22.580000000000002,9.99214285714286,True,0.0,hospital_corridor,28,12,"[11, 29, 47, 53, 61, 73, 89, 97, 101, 109]","[3.607981210243592, 4.9999483952284605, 0.8347953784856104, 0.5, 1.0]","{""time"": 0.0, ""collisions"": 0.05, ""congestion"": 1.0, ""fairness"": 1.0, ""incomplete_base"": 1000.0, ""incomplete_agent"": 10.0}","[25.128113553113558, 17.09291696578129, 17.96642716258101, 20.635226385636223, 11.47360248447205, 14.223216403999324, 19.779673721340387, 21.951744712136637, 16.87287110283853, 13.575683060109288]","[36.4, 39.800000000000004, 33.800000000000004, 30.5, 32.2, 28.1, 32.4, 42.1, 30.700000000000003, 30.5]"
ga,18,8,13.358185457631329,34.37,34.5,1.8129473623932324,5.5,13.168928571428571,22.98916666666667,9.820238095238096,True,0.0,hospital_corridor,28,12,"[11, 29, 47, 53, 61, 73, 89, 97, 101, 109]","[3.5915276714728592, 5.0, 0.920838062619316, 0.5, 1.0]","{""time"": 0.0, ""collisions"": 0.05, ""congestion"": 1.0, ""fairness"": 1.0, ""incomplete_base"": 1000.0, ""incomplete_agent"": 10.0}","[21.920176518883416, 12.502653997378768, 12.051234163390127, 11.336098531631674, 7.586406844106464, 12.38077601410935, 16.377953119232192, 12.11268667230206, 14.622289156626508, 12.691579558652728]","[46.400000000000006, 32.7, 32.7, 34.7, 26.3, 32.4, 38.7, 33.800000000000004, 33.2, 32.800000000000004]"
ga,18,9,13.077122631853149,34.61,17.6,1.9172416794721954,5.5,13.441785714285714,23.721666666666668,10.279880952380953,True,0.0,hospital_corridor,28,12,"[11, 29, 47, 53, 61, 73, 89, 97, 101, 109]","[3.3358863168769184, 5.0, 0.920838062619316, 0.5, 1.0]","{""time"": 0.0, ""collisions"": 0.05, ""congestion"": 1.0, ""fairness"": 1.0, ""incomplete_base"": 1000.0, ""incomplete_agent"": 10.0}","[13.490952380952379, 14.683894696089821, 11.496872477804681, 14.057556935817807, 8.752747252747254, 13.56147186147186, 15.237288786482337, 15.244431326249508, 12.201091901728844, 12.044918699186994]","[35.0, 36.9, 29.5, 36.800000000000004, 27.3, 30.8, 37.2, 48.400000000000006, 31.400000000000002, 32.800000000000004]"
ga,18,10,11.821842496851406,31.869999999999997,21.9,1.7342234492323598,4.9,12.745714285714286,21.738333333333337,8.992619047619048,True,0.0,hospital_corridor,28,12,"[11, 29, 47, 53, 61, 73, 89, 97, 101, 109]","[3.6461576623598186, 5.0, 0.920838062619316, 0.5, 1.0]","{""time"": 0.0, ""collisions"": 0.05, ""congestion"": 1.0, ""fairness"": 1.0, ""incomplete_base"": 1000.0, ""incomplete_agent"": 10.0}","[12.829401052205583, 10.577133728890917, 11.56236795059321, 12.13159824046921, 8.157890365448505, 12.631396287328492, 14.020890461447737, 12.058054711246202, 12.412937559129613, 11.836754611754612]","[35.300000000000004, 31.3, 29.3, 34.1, 25.8, 29.5, 32.300000000000004, 37.6, 30.200000000000003, 33.300000000000004]"
ga,18,11,11.821842496851406,31.869999999999997,21.9,1.7342234492323598,4.9,12.745714285714286,21.738333333333337,8.992619047619048,True,0.0,hospital_corridor,28,12,"[11, 29, 47, 53, 61, 73, 89, 97, 101, 109]","[3.6461576623598186, 5.0, 0.920838062619316, 0.5, 1.0]","{""time"": 0.0, ""collisions"": 0.05, ""congestion"": 1.0, ""fairness"": 1.0, ""incomplete_base"": 1000.0, ""incomplete_agent"": 10.0}","[12.829401052205583, 10.577133728890917, 11.56236795059321, 12.13159824046921, 8.157890365448505, 12.631396287328492, 14.020890461447737, 12.058054711246202, 12.412937559129613, 11.836754611754612]","[35.300000000000004, 31.3, 29.3, 34.1, 25.8, 29.5, 32.300000000000004, 37.6, 30.200000000000003, 33.300000000000004]"
ga,18,12,12.52224328850307,33.010000000000005,27.1,1.949981383741164,5.4,12.911071428571432,22.128333333333337,9.217261904761905,True,0.0,hospital_corridor,28,12,"[11, 29, 47, 53, 61, 73, 89, 97, 101, 109]","[3.779629615113856, 5.0, 0.9241777112121502, 0.5, 1.0]","{""time"": 0.0, ""collisions"": 0.05, ""congestion"": 1.0, ""fairness"": 1.0, ""incomplete_base"": 1000.0, ""incomplete_agent"": 10.0}","[15.21050358196376, 15.167003593890387, 12.023552123552125, 12.614146947122409, 7.71331417624521, 12.675331369661267, 14.469510978043914, 11.875660004934616, 11.946685971685973, 11.526724137931037]","[33.9, 42.400000000000006, 29.6, 32.6, 26.1, 29.1, 33.4, 38.6, 29.6, 34.800000000000004]"
ga,18,13,12.79103599137199,36.46,27.0,1.7384169437529409,4.9,13.678214285714287,23.380833333333335,9.702619047619049,True,0.0,hospital_corridor,28,12,"[11, 29, 47, 53, 61, 73, 89, 97, 101, 109]","[3.6197404600469354, 4.999993420181399, 0.9270599981587766, 0.5, 1.0]","{""time"": 0.0, ""collisions"": 0.05, ""congestion"": 1.0, ""fairness"": 1.0, ""incomplete_base"": 1000.0, ""incomplete_agent"": 10.0}","[20.023691159064008, 9.966907775768535, 11.325141242937853, 11.713713195201745, 8.172596919808814, 11.381775378961875, 15.211484593837536, 15.752537533388598, 12.86331168831169, 11.499200426439232]","[52.300000000000004, 31.6, 29.5, 39.300000000000004, 26.900000000000002, 31.1, 35.7, 51.7, 33.0, 33.5]"
ga,18,14,13.796056478931142,37.29,23.7,1.7092707646454273,4.7,13.690714285714288,24.5925,10.901785714285715,True,0.0,hospital_corridor,28,12,"[11, 29, 47, 53, 61, 73, 89, 97, 101, 109]","[3.4315774597980195, 4.9999988021666955, 0.923296549228982, 0.5, 1.0]","{""time"": 0.0, ""collisions"": 0.05, ""congestion"": 1.0, ""fairness"": 1.0, ""incomplete_base"": 1000.0, ""incomplete_agent"": 10.0}","[15.54404761904762, 13.945109395109395, 11.871258503401362, 15.533062234794908, 8.855071754729288, 12.523594521420607, 14.855995280995284, 13.66832819458719, 19.181126270733014, 11.982971014492755]","[44.1, 37.0, 29.400000000000002, 40.400000000000006, 29.200000000000003, 29.900000000000002, 33.300000000000004, 41.7, 53.400000000000006, 34.5]"
ga,18,15,13.725321054283675,37.370000000000005,25.8,1.789844863807484,5.1,13.407857142857143,24.053333333333335,10.645476190476192,True,0.0,hospital_corridor,28,12,"[11, 29, 47, 53, 61, 73, 89, 97, 101, 109]","[3.613834132963123, 4.999999484069434, 0.9209485224087178, 0.5, 1.0]","{""time"": 0.0, ""collisions"": 0.05, ""congestion"": 1.0, ""fairness"": 1.0, ""incomplete_base"": 1000.0, ""incomplete_agent"": 10.0}","[20.76415220293725, 15.889970164970165, 12.537046004842617, 12.223737808376365, 11.925589604927143, 12.237782587782588, 14.430083655083655, 13.38110599078341, 11.89000471475719, 11.973737808376363]","[74.9, 40.7, 29.5, 33.2, 31.700000000000003, 29.700000000000003, 33.300000000000004, 37.2, 30.3, 33.2]"
ga,18,16,13.21424036990215,32.4,49.4,1.8487641794259588,5.3,12.827857142857145,21.723333333333336,8.895476190476192,True,0.0,hospital_corridor,28,12,"[11, 29, 47, 53, 61, 73, 89, 97, 101, 109]","[3.7546103292967796, 4.464641456290565, 0.9223033100195404, 0.5, 1.0]","{""time"": 0.0, ""collisions"": 0.05, ""congestion"": 1.0, ""fairness"": 1.0, ""incomplete_base"": 1000.0, ""incomplete_agent"": 10.0}","[15.104613095238093, 18.30070591050491, 10.758463796477495, 12.63395061728395, 9.63728813559322, 12.73452380952381, 14.515585408475316, 12.87192348849652, 13.17642613359337, 12.40892330383481]","[32.0, 39.800000000000004, 29.200000000000003, 32.4, 29.5, 29.6, 32.7, 35.6, 29.3, 33.9]"
ga,18,17,12.82195233701719,36.29,25.9,1.694809479874332,5.2,13.707857142857145,23.540000000000003,9.832142857142859,True,0.0,hospital_corridor,28,12,"[11, 29, 47, 53, 61, 73, 89, 97, 101, 109]","[3.470448117188962, 4.999989475684701, 0.9228049983398728, 0.5, 1.0]","{""time"": 0.0, ""collisions"": 0.05, ""congestion"": 1.0, ""fairness"": 1.0, ""incomplete_base"": 1000.0, ""incomplete_agent"": 10.0}","[11.548649609097373, 11.148041833555851, 11.790092816787732, 15.413833992094862, 10.70265780730897, 12.16487086359968, 14.53602261048304, 13.367307692307692, 14.830277185501068, 12.717768959435627]","[40.2, 32.1, 29.5, 50.6, 34.4, 29.5, 41.7, 39.0, 33.5, 32.4]"
ga,18,18,12.478229395542625,34.38,23.9,1.7803722526854817,5.3,13.204642857142858,22.7075,9.502857142857144,True,0.0,hospital_corridor,28,12,"[11, 29, 47, 53, 61, 73, 89, 97, 101, 109]","[3.560698073014591, 4.999943247229133, 0.9224400615387, 0.5, 1.0]","{""time"": 0.0, ""collisions"": 0.05, ""congestion"": 1.0, ""fairness"": 1.0, ""incomplete_base"": 1000.0, ""incomplete_agent"": 10.0}","[12.871428571428572, 12.05669988925803, 14.274282079243912, 11.611613436915551, 7.886788617886179, 12.842342342342342, 14.550349301397205, 14.072233800682074, 12.807086999022484, 11.809468917249898]","[38.800000000000004, 34.4, 39.300000000000004, 33.1, 28.700000000000003, 29.6, 33.4, 37.7, 34.1, 34.7]"
ga,18,19,1128.3727576205006,100.0,6.0,0.41209999999999997,3.4,14.729005077912172,26.3896626984127,11.660657620500526,False,11.6,hospital_corridor,28,12,"[11, 29, 47, 53, 61, 73, 89, 97, 101, 109]","[3.6203338828248945, 5.0, 1.3179955302524702, 0.5, 1.0]","{""time"": 0.0, ""collisions"": 0.05, ""congestion"": 1.0, ""fairness"": 1.0, ""incomplete_base"": 1000.0, ""incomplete_agent"": 10.0}","[1124.5575, 1192.2875714285715, 1108.7885873015873, 1137.8549122807017, 1146.6755338345865, 1097.7775507246376, 1092.663142857143, 1114.1176666666668, 1075.8147777777779, 1193.1903333333332]","[100.0, 100.0, 100.0, 100.0, 100.0, 100.0, 100.0, 100.0, 100.0, 100.0]"
ga,18,20,12.460535153990925,33.260000000000005,25.5,1.7638684873242574,5.2,13.000000000000004,22.421666666666667,9.421666666666667,True,0.0,hospital_corridor,28,12,"[11, 29, 47, 53, 61, 73, 89, 97, 101, 109]","[3.5928782966804245, 4.999978587378292, 0.9224333682785476, 0.5, 1.0]","{""time"": 0.0, ""collisions"": 0.05, ""congestion"": 1.0, ""fairness"": 1.0, ""incomplete_base"": 1000.0, ""incomplete_agent"": 10.0}","[13.236962908556741, 11.317289547397907, 12.048486682808718, 13.289729620661824, 8.889869721473495, 13.275929549902152, 15.371962233169128, 10.693597168597169, 13.410250266240682, 13.07127384110143]","[38.900000000000006, 32.300000000000004, 29.5, 35.4, 26.5, 29.200000000000003, 34.800000000000004, 37.0, 31.3, 37.7]"
ga,18,21,1018.8627759837855,38.96,24.7,1.865166093675591,5.3,12.893818681318681,21.65642857142857,8.76260989010989,False,0.7,hospital_corridor,28,12,"[11, 29, 47, 53, 61, 73, 89, 97, 101, 109]","[3.611505461918332, 4.999977831064626, 0.9225477726953962, 0.5, 1.0]","{""time"": 0.0, ""collisions"": 0.05, ""congestion"": 1.0, ""fairness"": 1.0, ""incomplete_base"": 1000.0, ""incomplete_agent"": 10.0}","[1077.9606703296704, 13.214108031272211, 13.385320169023242, 10.380177187153931, 9.954273099968464, 12.399902486591907, 14.983487987339949, 11.789579989299089, 13.244620936193172, 11.315619621342513]","[100.0, 33.5, 29.3, 30.1, 30.200000000000003, 29.3, 33.1, 35.6, 35.300000000000004, 33.2]"
ga,18,22,12.306468874865386,33.660000000000004,25.6,1.8775403034368137,5.6,13.16857142857143,22.317500000000003,9.148928571428572,True,0.0,hospital_corridor,28,12,"[11, 29, 47, 53, 61, 73, 89, 97, 101, 109]","[3.640965722968097, 5.0, 0.9269375037697226, 0.5, 1.0]","{""time"": 0.0, ""collisions"": 0.05, ""congestion"": 1.0, ""fairness"": 1.0, ""incomplete_base"": 1000.0, ""incomplete_agent"": 10.0}","[15.294322344322348, 10.761481156879931, 12.362229437229438, 10.920797855566068, 9.201540616246497, 12.152124979684707, 15.146358543417369, 11.861263736263737, 12.757051282051284, 12.607518796992483]","[46.800000000000004, 32.6, 33.0, 30.200000000000003, 28.900000000000002, 29.3, 34.0, 36.4, 31.200000000000003, 34.2]"
ga,18,23,13.097428615820416,35.44,23.2,1.8233809967727972,5.4,13.234285714285715,23.348333333333336,10.11404761904762,True,0.0,hospital_corridor,28,12,"[11, 29, 47, 53, 61, 73, 89, 97, 101, 109]","[3.6047197930961485, 5.0, 0.9213916758798657, 0.5, 1.0]","{""time"": 0.0, ""collisions"": 0.05, ""congestion"": 1.0, ""fairness"": 1.0, ""incomplete_base"": 1000.0, ""incomplete_agent"": 10.0}","[14.246406109613659, 14.603239656518342, 11.077299691207543, 11.4976641129638, 11.039421338155517, 12.230945077417472, 14.248109828889774, 15.375151129494114, 14.293831168831169, 12.362218045112781]","[42.400000000000006, 36.6, 29.3, 31.700000000000003, 31.6, 32.6, 35.9, 44.900000000000006, 35.2, 34.2]"
ga,19,0,11.821842496851406,31.869999999999997,21.9,1.7342234492323598,4.9,12.745714285714286,21.738333333333337,8.992619047619048,True,0.0,hospital_corridor,28,12,"[11, 29, 47, 53, 61, 73, 89, 97, 101, 109]","[3.6461576623598186, 5.0, 0.920838062619316, 0.5, 1.0]","{""time"": 0.0, ""collisions"": 0.05, ""congestion"": 1.0, ""fairness"": 1.0, ""incomplete_base"": 1000.0, ""incomplete_agent"": 10.0}","[12.829401052205583, 10.577133728890917, 11.56236795059321, 12.13159824046921, 8.157890365448505, 12.631396287328492, 14.020890461447737, 12.058054711246202, 12.412937559129613, 11.836754611754612]","[35.300000000000004, 31.3, 29.3, 34.1, 25.8, 29.5, 32.300000000000004, 37.6, 30.200000000000003, 33.300000000000004]"
ga,19,1,11.821842496851406,31.869999999999997,21.9,1.7342234492323598,4.9,12.745714285714286,21.738333333333337,8.992619047619048,True,0.0,hospital_corridor,28,12,"[11, 29, 47, 53, 61, 73, 89, 97, 101, 109]","[3.6461576623598186, 5.0, 0.920838062619316, 0.5, 1.0]","{""time"": 0.0, ""collisions"": 0.05, ""congestion"": 1.0, ""fairness"": 1.0, ""incomplete_base"": 1000.0, ""incomplete_agent"": 10.0}","[12.829401052205583, 10.577133728890917, 11.56236795059321, 12.13159824046921, 8.157890365448505, 12.631396287328492, 14.020890461447737, 12.058054711246202, 12.412937559129613, 11.836754611754612]","[35.300000000000004, 31.3, 29.3, 34.1, 25.8, 29.5, 32.300000000000004, 37.6, 30.200000000000003, 33.300000000000004]"
ga,19,2,14.71190787464662,32.67,74.2,1.8723840651228087,5.5,12.727142857142859,21.856666666666666,9.12952380952381,True,0.0,hospital_corridor,28,12,"[11, 29, 47, 53, 61, 73, 89, 97, 101, 109]","[3.750446418102298, 4.130273080497124, 0.9211803857272952, 0.5, 1.0]","{""time"": 0.0, ""collisions"": 0.05, ""congestion"": 1.0, ""fairness"": 1.0, ""incomplete_base"": 1000.0, ""incomplete_agent"": 10.0}","[22.71736694677871, 17.574285714285715, 13.883100147275405, 18.353279424977536, 9.344618395303328, 12.60421492921493, 15.062491423082204, 12.96406868377378, 13.061592111592113, 11.554060970182466]","[35.7, 37.5, 29.1, 31.8, 29.200000000000003, 29.6, 34.7, 37.300000000000004, 29.700000000000003, 32.1]"
ga,19,3,11.976476792070207,33.8,21.7,1.7907625063559212,5.0,13.094285714285714,22.195,9.100714285714286,True,0.0,hospital_corridor,28,12,"[11, 29, 47, 53, 61, 73, 89, 97, 101, 109]","[3.6503215735543, 5.0, 0.9219609869115611, 0.5, 1.0]","{""time"": 0.0, ""collisions"": 0.05, ""congestion"": 1.0, ""fairness"": 1.0, ""incomplete_base"": 1000.0, ""incomplete_agent"": 10.0}","[14.498899939722724, 9.50488056959118, 11.760935426802302, 10.574776531773121, 9.37872340425532, 11.924659863945578, 14.376831501831502, 12.067133242845836, 14.29296066252588, 11.38496677740864]","[39.5, 31.1, 32.300000000000004, 29.3, 32.9, 29.400000000000002, 32.5, 42.1, 34.5, 34.4]"
ga,19,4,12.897301367065072,35.44,21.0,1.7645632718269766,5.2,12.848928571428573,22.931666666666665,10.082738095238096,True,0.0,hospital_corridor,28,12,"[11, 29, 47, 53, 61, 73, 89, 97, 101, 109]","[3.600991904791889, 4.9999985588985005, 0.9212667458415111, 0.5, 1.0]","{""time"": 0.0, ""collisions"": 0.05, ""congestion"": 1.0, ""fairness"": 1.0, ""incomplete_base"": 1000.0, ""incomplete_agent"": 10.0}","[16.387848158131174, 12.943134377038488, 11.109786117836968, 10.844727891156461, 10.343697478991597, 11.845018492834027, 14.078169014084509, 14.134192037470727, 15.19274521774522, 12.093694885361554]","[53.0, 36.5, 29.5, 34.300000000000004, 30.6, 30.900000000000002, 35.5, 36.6, 35.1, 32.4]"
ga,19,5,13.492934847141886,35.019999999999996,32.3,1.8156729423799778,5.6,13.031071428571432,23.093333333333334,10.062261904761908,True,0.0,hospital_corridor,28,12,"[11, 29, 47, 53, 61, 73, 89, 97, 101, 109]","[3.6016378267613067, 4.999980028479792, 0.9220046850563525, 0.5, 1.0]","{""time"": 0.0, ""collisions"": 0.05, ""congestion"": 1.0, ""fairness"": 1.0, ""incomplete_base"": 1000.0, ""incomplete_agent"": 10.0}","[21.07444812362031, 12.9453802416489, 10.816142532098164, 14.801751592356688, 10.444483734087694, 12.418444227005871, 15.032081963220069, 12.454725938713855, 12.91837821390537, 12.023511904761907]","[45.300000000000004, 33.5, 29.3, 47.1, 30.3, 29.200000000000003, 39.1, 33.1, 31.3, 32.0]"
ga,19,6,15.236048850809269,35.61,72.8,1.6906917079521224,5.9,12.90214285714286,22.807500000000005,9.905357142857145,True,0.0,hospital_corridor,28,12,"[11, 29, 47, 53, 61, 73, 89, 97, 101, 109]","[2.968773960548813, 5.0, 0.8337339805848102, 0.5, 1.0]","{""time"": 0.0, ""collisions"": 0.05, ""congestion"": 1.0, ""fairness"": 1.0, ""incomplete_base"": 1000.0, ""incomplete_agent"": 10.0}","[20.197418244406194, 12.351053988474373, 12.672812936249418, 15.898243601509126, 13.195017636684303, 14.317741562644477, 16.64377577802775, 16.271100164203613, 16.932142857142857, 13.881181738750549]","[41.5, 31.400000000000002, 30.700000000000003, 46.7, 32.4, 30.900000000000002, 38.1, 40.6, 31.1, 32.7]"
ga,19,7,12.791188015665938,34.68,28.7,1.778807063284986,5.3,13.541785714285714,23.119166666666665,9.577380952380953,True,0.0,hospital_corridor,28,12,"[11, 29, 47, 53, 61, 73, 89, 97, 101, 109]","[3.404932734591287, 4.910728727221499, 0.920838062619316, 0.5, 1.0]","{""time"": 0.0, ""collisions"": 0.05, ""congestion"": 1.0, ""fairness"": 1.0, ""incomplete_base"": 1000.0, ""incomplete_agent"": 10.0}","[18.89602974691136, 12.784698025551684, 13.159639953542394, 11.325220182116734, 6.914207447684957, 11.881000319590923, 13.40826626425218, 12.622673305247032, 14.74333976833977, 12.176805143422357]","[39.7, 32.800000000000004, 32.800000000000004, 31.900000000000002, 28.900000000000002, 29.8, 35.5, 37.300000000000004, 44.400000000000006, 33.7]"
ga,19,8,12.522252047506454,33.120000000000005,21.5,1.7889187141731189,5.1,12.8125,22.470833333333335,9.658333333333335,True,0.0,hospital_corridor,28,12,"[11, 29, 47, 53, 61, 73, 89, 97, 101, 109]","[3.6445656364526218, 5.0, 0.9242869467509713, 0.5, 1.0]","{""time"": 0.0, ""collisions"": 0.05, ""congestion"": 1.0, ""fairness"": 1.0, ""incomplete_base"": 1000.0, ""incomplete_agent"": 10.0}","[14.159730848861283, 11.493728222996518, 11.933131557707828, 11.471979215138827, 8.522991639403852, 11.983163265306123, 14.410480572597137, 13.765610030994647, 15.199682341764635, 12.282022780293673]","[41.400000000000006, 32.800000000000004, 29.5, 30.700000000000003, 26.200000000000003, 29.400000000000002, 32.6, 33.800000000000004, 40.1, 34.7]"
ga,19,9,1064.307036084286,100.0,15.8,0.5554,4.6,14.156326036926037,25.117962121212123,10.961636084286086,False,5.2,hospital_corridor,28,12,"[11, 29, 47, 53, 61, 73, 89, 97, 101, 109]","[3.6425577488752934, 5.0, 1.091220087094345, 0.5, 1.0]","{""time"": 0.0, ""collisions"": 0.05, ""congestion"": 1.0, ""fairness"": 1.0, ""incomplete_base"": 1000.0, ""incomplete_agent"": 10.0}","[1078.9797272727274, 1052.0986666666668, 1050.696181818182, 1068.3941818181818, 1124.5665, 1040.5121468531468, 1075.9116153846153, 1076.4222857142856, 1037.6469124579125, 1037.8421428571428]","[100.0, 100.0, 100.0, 100.0, 100.0, 100.0, 100.0, 100.0, 100.0, 100.0]"
ga,19,10,12.31289868018424,34.00000000000001,20.6,1.7053986801842398,4.9,12.9275,22.505000000000003,9.5775,True,0.0,hospital_corridor,28,12,"[11, 29, 47, 53, 61, 73, 89, 97, 101, 109]","[3.5112379080726486, 4.999993347500287, 0.926264852380996, 0.5, 1.0]","{""time"": 0.0, ""collisions"": 0.05, ""congestion"": 1.0, ""fairness"": 1.0, ""incomplete_base"": 1000.0, ""incomplete_agent"": 10.0}","[14.34906204906205, 10.026465201465204, 11.763790021127903, 14.86753663003663, 7.5697355412753335, 12.455913603226309, 14.979619758351102, 13.517769064666439, 11.389483480688694, 12.209611451942742]","[39.6, 31.200000000000003, 29.3, 41.6, 28.900000000000002, 30.700000000000003, 33.5, 41.900000000000006, 30.700000000000003, 32.6]"
ga,19,11,13.328799187516967,36.65,17.0,1.6659420446598237,5.3,12.932142857142859,23.745,10.812857142857144,True,0.0,hospital_corridor,28,12,"[11, 29, 47, 53, 61, 73, 89, 97, 101, 109]","[3.6001759320844102, 4.999996128184414, 0.9234776497285995, 0.5, 1.0]","{""time"": 0.0, ""collisions"": 0.05, ""congestion"": 1.0, ""fairness"": 1.0, ""incomplete_base"": 1000.0, ""incomplete_agent"": 10.0}","[13.633916478555305, 14.359046394907578, 11.254111815374614, 16.66356749311295, 9.39111268269684, 12.50805609915199, 13.485492801771873, 17.81140747438216, 11.984335839598996, 12.196944795617362]","[44.300000000000004, 38.900000000000006, 29.3, 48.400000000000006, 30.3, 29.200000000000003, 34.4, 47.400000000000006, 30.400000000000002, 33.9]"
ga,19,12,12.810255939785872,34.82000000000001,23.6,1.840613082643015,5.3,13.172857142857143,22.962500000000002,9.789642857142857,True,0.0,hospital_corridor,28,12,"[11, 29, 47, 53, 61, 73, 89, 97, 101, 109]","[3.6081634336558173, 4.999947913179329, 0.9222081100550759, 0.5, 1.0]","{""time"": 0.0, ""collisions"": 0.05, ""congestion"": 1.0, ""fairness"": 1.0, ""incomplete_base"": 1000.0, ""incomplete_agent"": 10.0}","[19.33525240697372, 12.45006321112516, 11.718044043555988, 12.24028182701652, 9.366277699198491, 12.386734693877552, 13.975595238095238, 11.184293394777265, 12.753301886792453, 12.692714996446341]","[54.900000000000006, 33.9, 29.3, 34.300000000000004, 30.3, 29.400000000000002, 33.6, 37.2, 31.8, 33.5]"
ga,19,13,13.845732051675284,35.129999999999995,30.9,1.9319225278657615,5.4,13.115357142857144,23.48416666666667,10.368809523809523,True,0.0,hospital_corridor,28,12,"[11, 29, 47, 53, 61, 73, 89, 97, 101, 109]","[3.598692301718592, 4.999995334049804, 0.9210700141029401, 0.5, 1.0]","{""time"": 0.0, ""collisions"": 0.05, ""congestion"": 1.0, ""fairness"": 1.0, ""incomplete_base"": 1000.0, ""incomplete_agent"": 10.0}","[14.936417322834647, 16.233036441960643, 15.834981684981685, 13.431421072365955, 9.779918546365913, 11.997580269892975, 14.963859275053306, 12.49702380952381, 16.475718778077272, 12.30736331569665]","[38.1, 40.900000000000006, 31.200000000000003, 38.1, 30.400000000000002, 30.700000000000003, 33.5, 33.6, 42.400000000000006, 32.4]"
ga,19,14,11.821842496851406,31.869999999999997,21.9,1.7342234492323598,4.9,12.745714285714286,21.738333333333337,8.992619047619048,True,0.0,hospital_corridor,28,12,"[11, 29, 47, 53, 61, 73, 89, 97, 101, 109]","[3.6461576623598186, 5.0, 0.920838062619316, 0.5, 1.0]","{""time"": 0.0, ""collisions"": 0.05, ""congestion"": 1.0, ""fairness"": 1.0, ""incomplete_base"": 1000.0, ""incomplete_agent"": 10.0}","[12.829401052205583, 10.577133728890917, 11.56236795059321, 12.13159824046921, 8.157890365448505, 12.631396287328492, 14.020890461447737, 12.058054711246202, 12.412937559129613, 11.836754611754612]","[35.300000000000004, 31.3, 29.3, 34.1, 25.8, 29.5, 32.300000000000004, 37.6, 30.200000000000003, 33.300000000000004]"
ga,19,15,13.3376245131558,36.36,26.6,1.6325054655367524,5.1,12.890714285714287,23.265833333333337,10.375119047619048,True,0.0,hospital_corridor,28,12,"[11, 29, 47, 53, 61, 73, 89, 97, 101, 109]","[3.805418149218921, 5.0, 0.9182380877331375, 0.5, 1.0]","{""time"": 0.0, ""collisions"": 0.05, ""congestion"": 1.0, ""fairness"": 1.0, ""incomplete_base"": 1000.0, ""incomplete_agent"": 10.0}","[14.364910419613391, 11.474068322981367, 13.975368568480025, 16.1492673992674, 8.36316046966732, 11.823956294846706, 17.585353358947494, 13.38633617626155, 14.695731067757501, 11.558093053735256]","[40.400000000000006, 34.5, 32.300000000000004, 45.5, 29.200000000000003, 29.200000000000003, 40.900000000000006, 33.5, 45.400000000000006, 32.7]"
ga,19,16,11.909898889612794,32.99999999999999,18.5,1.7364465086604113,5.2,12.593214285714286,21.84166666666667,9.248452380952383,True,0.0,hospital_corridor,28,12,"[11, 29, 47, 53, 61, 73, 89, 97, 101, 109]","[3.5824083853168607, 4.863025446956831, 0.9215990728497014, 0.5, 1.0]","{""time"": 0.0, ""collisions"": 0.05, ""congestion"": 1.0, ""fairness"": 1.0, ""incomplete_base"": 1000.0, ""incomplete_agent"": 10.0}","[14.420171214553237, 10.362746899402849, 11.771107589793598, 10.613464696223318, 9.557738095238093, 12.620779220779223, 14.057773952954678, 11.864915966386556, 12.389708141321044, 11.440583119475336]","[44.5, 31.1, 29.3, 29.0, 32.0, 30.8, 33.2, 35.7, 31.0, 33.4]"
ga,19,17,13.410181215578586,35.910000000000004,32.8,1.8375621679595397,5.3,13.400714285714287,23.333333333333336,9.932619047619047,True,0.0,hospital_corridor,28,12,"[11, 29, 47, 53, 61, 73, 89, 97, 101, 109]","[3.624447350057549, 4.999985464239384, 0.9216790513083144, 0.5, 1.0]","{""time"": 0.0, ""collisions"": 0.05, ""congestion"": 1.0, ""fairness"": 1.0, ""incomplete_base"": 1000.0, ""incomplete_agent"": 10.0}","[13.138359788359788, 13.257409850483732, 11.244900861368441, 18.721210706504827, 11.509362389023407, 12.344693301049233, 15.401820728291314, 12.164579989299089, 15.112242842756437, 11.207231698649608]","[43.2, 37.9, 29.3, 45.900000000000006, 35.4, 29.5, 35.7, 35.6, 33.1, 33.5]"
ga,19,18,12.922141233611212,34.89,23.4,1.9097602812302585,5.4,13.216785714285717,23.05916666666667,9.842380952380953,True,0.0,hospital_corridor,28,12,"[11, 29, 47, 53, 61, 73, 89, 97, 101, 109]","[3.606249693958593, 5.0, 0.9212805030040232, 0.5, 1.0]","{""time"": 0.0, ""collisions"": 0.05, ""congestion"": 1.0, ""fairness"": 1.0, ""incomplete_base"": 1000.0, ""incomplete_agent"": 10.0}","[14.070287577133545, 14.781245120999221, 12.024614259111466, 11.609740259740258, 8.945645363408524, 11.904262148545428, 14.154761904761905, 15.141782810685248, 15.03578744346901, 11.553285448257517]","[40.900000000000006, 36.6, 35.800000000000004, 29.700000000000003, 30.400000000000002, 29.3, 33.6, 41.0, 35.800000000000004, 35.800000000000004]"
ga,19,19,1020.023472236292,40.290000000000006,46.9,2.0415674743872634,5.5,12.18392857142857,21.820833333333333,9.636904761904763,False,0.6,hospital_corridor,28,12,"[11, 29, 47, 53, 61, 73, 89, 97, 101, 109]","[3.6446277614973743, 5.0, 0.8784259949570802, 0.5, 1.0]","{""time"": 0.0, ""collisions"": 0.05, ""congestion"": 1.0, ""fairness"": 1.0, ""incomplete_base"": 1000.0, ""incomplete_agent"": 10.0}","[17.24248624072745, 1077.679, 12.469531880548832, 15.297172619047622, 10.407875457875459, 12.617577030812328, 15.614833544037086, 14.326428571428572, 12.727463054187194, 11.852353964255727]","[39.800000000000004, 100.0, 29.5, 38.400000000000006, 31.200000000000003, 28.900000000000002, 33.9, 32.5, 29.0, 39.7]"
ga,19,20,1153.807344647558,36.7,2847.9,1.9110134787267612,6.0,11.710714285714285,20.212045454545454,8.501331168831168,False,0.1,hospital_corridor,28,12,"[11, 29, 47, 53, 61, 73, 89, 97, 101, 109]","[3.2790788341457002, 5.0, 0.5210941774888274, 0.5, 1.0]","{""time"": 0.0, ""collisions"": 0.05, ""congestion"": 1.0, ""fairness"": 1.0, ""incomplete_base"": 1000.0, ""incomplete_agent"": 10.0}","[1203.7727402597402, 147.95911188004612, 137.50762481463173, 138.25388148828665, 147.7296445338699, 122.31253223310986, 162.1752044989775, 168.06008771929825, 152.51690476190478, 157.78571428571428]","[100.0, 28.900000000000002, 28.900000000000002, 31.1, 28.400000000000002, 27.700000000000003, 32.6, 28.5, 30.0, 30.900000000000002]"
ga,19,21,158.4636236932787,29.96,2960.9,2.0377903599453573,5.9,11.567499999999999,19.94833333333333,8.380833333333335,True,0.0,hospital_corridor,28,12,"[11, 29, 47, 53, 61, 73, 89, 97, 101, 109]","[3.6461576623598186, 5.0, 0.6781878753737722, 0.5, 1.0]","{""time"": 0.0, ""collisions"": 0.05, ""congestion"": 1.0, ""fairness"": 1.0, ""incomplete_base"": 1000.0, ""incomplete_agent"": 10.0}","[328.1563435855928, 143.68110328638497, 118.52620724346077, 122.03446368446369, 136.5294610624033, 108.78210809871395, 163.4343685300207, 197.42510351966874, 115.7871212121212, 150.27995670995674]","[35.300000000000004, 28.400000000000002, 28.400000000000002, 29.700000000000003, 27.700000000000003, 27.400000000000002, 32.2, 32.2, 30.8, 27.5]"
ga,19,22,13.326983903597874,35.37,24.9,1.892936284550256,5.1,13.034285714285716,23.223333333333336,10.189047619047619,True,0.0,hospital_corridor,28,12,"[11, 29, 47, 53, 61, 73, 89, 97, 101, 109]","[3.633659599142959, 4.999994369570097, 0.9113248314108413, 0.5, 1.0]","{""time"": 0.0, ""collisions"": 0.05, ""congestion"": 1.0, ""fairness"": 1.0, ""incomplete_base"": 1000.0, ""incomplete_agent"": 10.0}","[15.40179409792086, 14.492543859649125, 11.186541565778855, 13.676636904761907, 10.561307808425966, 14.15272893772894, 15.22942857142857, 12.97490476190476, 13.607619047619048, 11.986333480760727]","[49.7, 38.0, 29.5, 32.0, 34.7, 32.5, 37.5, 37.5, 30.0, 32.300000000000004]"
ga,19,23,1162.180313681262,100.0,5.0,0.4324,3.1,13.957467271118976,26.455380952380956,12.497913681261979,False,14.9,hospital_corridor,28,12,"[11, 29, 47, 53, 61, 73, 89, 97, 101, 109]","[3.632238523263795, 5.0, 1.5235772363719486, 0.5, 1.0]","{""time"": 0.0, ""collisions"": 0.05, ""congestion"": 1.0, ""fairness"": 1.0, ""incomplete_base"": 1000.0, ""incomplete_agent"": 10.0}","[1136.125888888889, 1197.5157142857142, 1139.360111111111, 1176.5323333333333, 1179.303156862745, 1174.4754210526316, 1127.0883684210526, 1156.7997142857143, 1136.1944285714285, 1198.408]","[100.0, 100.0, 100.0, 100.0, 100.0, 100.0, 100.0, 100.0, 100.0, 100.0]"
ga,20,0,11.821842496851406,31.869999999999997,21.9,1.7342234492323598,4.9,12.745714285714286,21.738333333333337,8.992619047619048,True,0.0,hospital_corridor,28,12,"[11, 29, 47, 53, 61, 73, 89, 97, 101, 109]","[3.6461576623598186, 5.0, 0.920838062619316, 0.5, 1.0]","{""time"": 0.0, ""collisions"": 0.05, ""congestion"": 1.0, ""fairness"": 1.0, ""incomplete_base"": 1000.0, ""incomplete_agent"": 10.0}","[12.829401052205583, 10.577133728890917, 11.56236795059321, 12.13159824046921, 8.157890365448505, 12.631396287328492, 14.020890461447737, 12.058054711246202, 12.412937559129613, 11.836754611754612]","[35.300000000000004, 31.3, 29.3, 34.1, 25.8, 29.5, 32.300000000000004, 37.6, 30.200000000000003, 33.300000000000004]"
ga,20,1,11.821842496851406,31.869999999999997,21.9,1.7342234492323598,4.9,12.745714285714286,21.738333333333337,8.992619047619048,True,0.0,hospital_corridor,28,12,"[11, 29, 47, 53, 61, 73, 89, 97, 101, 109]","[3.6461576623598186, 5.0, 0.920838062619316, 0.5, 1.0]","{""time"": 0.0, ""collisions"": 0.05, ""congestion"": 1.0, ""fairness"": 1.0, ""incomplete_base"": 1000.0, ""incomplete_agent"": 10.0}","[12.829401052205583, 10.577133728890917, 11.56236795059321, 12.13159824046921, 8.157890365448505, 12.631396287328492, 14.020890461447737, 12.058054711246202, 12.412937559129613, 11.836754611754612]","[35.300000000000004, 31.3, 29.3, 34.1, 25.8, 29.5, 32.300000000000004, 37.6, 30.200000000000003, 33.300000000000004]"
ga,20,2,11.821842496851406,31.869999999999997,21.9,1.7342234492323598,4.9,12.745714285714286,21.738333333333337,8.992619047619048,True,0.0,hospital_corridor,28,12,"[11, 29, 47, 53, 61, 73, 89, 97, 101, 109]","[3.6461576623598186, 5.0, 0.920838062619316, 0.5, 1.0]","{""time"": 0.0, ""collisions"": 0.05, ""congestion"": 1.0, ""fairness"": 1.0, ""incomplete_base"": 1000.0, ""incomplete_agent"": 10.0}","[12.829401052205583, 10.577133728890917, 11.56236795059321, 12.13159824046921, 8.157890365448505, 12.631396287328492, 14.020890461447737, 12.058054711246202, 12.412937559129613, 11.836754611754612]","[35.300000000000004, 31.3, 29.3, 34.1, 25.8, 29.5, 32.300000000000004, 37.6, 30.200000000000003, 33.300000000000004]"
ga,20,3,1109.6686499514597,100.0,25.4,0.4065,3.7,12.831372775813051,22.823522727272728,9.992149951459677,False,9.8,hospital_corridor,28,12,"[11, 29, 47, 53, 61, 73, 89, 97, 101, 109]","[4.7590301645949245, 5.0, 1.341518388874166, 0.5, 1.0]","{""time"": 0.0, ""collisions"": 0.05, ""congestion"": 1.0, ""fairness"": 1.0, ""incomplete_base"": 1000.0, ""incomplete_agent"": 10.0}","[1107.0867727272728, 1153.4486060606062, 1099.2836262626263, 1130.7742514619883, 1098.1144545454545, 1093.2940048309179, 1085.941, 1093.5963333333334, 1070.934888888889, 1164.2125614035087]","[100.0, 100.0, 100.0, 100.0, 100.0, 100.0, 100.0, 100.0, 100.0, 100.0]"
ga,20,4,75.42699581543515,30.21,1297.9,1.8500910535303738,5.3,11.473928571428573,20.155833333333334,8.681904761904763,True,0.0,hospital_corridor,28,12,"[11, 29, 47, 53, 61, 73, 89, 97, 101, 109]","[3.6303381871231277, 4.999989168656345, 0.7024043119627877, 0.5, 1.0]","{""time"": 0.0, ""collisions"": 0.05, ""congestion"": 1.0, ""fairness"": 1.0, ""incomplete_base"": 1000.0, ""incomplete_agent"": 10.0}","[159.07753786328286, 54.24045587518284, 42.307638888888896, 124.39347826086957, 48.884175084175084, 56.606211180124234, 72.11471861471863, 86.27738095238095, 62.595409386776296, 47.772952047952046]","[34.9, 29.3, 28.8, 32.2, 29.700000000000003, 27.6, 30.8, 32.4, 27.8, 28.6]"
ga,20,5,12.450941216106353,33.92,23.9,1.7107031208682568,4.9,13.033928571428572,22.57916666666667,9.545238095238096,True,0.0,hospital_corridor,28,12,"[11, 29, 47, 53, 61, 73, 89, 97, 101, 109]","[3.64026682529424, 4.999996295583038, 0.9209181226847378, 0.5, 1.0]","{""time"": 0.0, ""collisions"": 0.05, ""congestion"": 1.0, ""fairness"": 1.0, ""incomplete_base"": 1000.0, ""incomplete_agent"": 10.0}","[12.635221674876847, 11.556926406926408, 11.468657565415247, 11.47343109429202, 8.976150527325025, 12.518810289389068, 17.78675153229609, 12.61385017421603, 13.062441790596365, 12.417171105730429]","[34.800000000000004, 39.6, 29.3, 30.200000000000003, 29.8, 31.1, 40.400000000000006, 36.9, 31.700000000000003, 35.4]"
ga,20,6,12.757770502899099,34.11,21.7,1.8294371695657659,5.3,13.015,22.85833333333333,9.843333333333334,True,0.0,hospital_corridor,28,12,"[11, 29, 47, 53, 61, 73, 89, 97, 101, 109]","[3.5471534145017607, 4.999999747117687, 0.9218121845591093, 0.5, 1.0]","{""time"": 0.0, ""collisions"": 0.05, ""congestion"": 1.0, ""fairness"": 1.0, ""incomplete_base"": 1000.0, ""incomplete_agent"": 10.0}","[18.56417748917749, 13.337774451097804, 11.536481033091205, 10.387375415282394, 7.524925595238093, 12.435808580858087, 14.055608028335302, 11.9771291900446, 16.19393627954779, 11.564488966318233]","[44.0, 33.4, 29.5, 34.4, 25.6, 30.3, 36.300000000000004, 33.1, 41.7, 32.800000000000004]"
ga,20,7,12.730663865673037,33.81000000000001,28.5,1.8403067228158938,5.5,12.864642857142858,22.330000000000002,9.465357142857142,True,0.0,hospital_corridor,28,12,"[11, 29, 47, 53, 61, 73, 89, 97, 101, 109]","[3.9287769856750763, 5.0, 0.9252907304412027, 0.5, 1.0]","{""time"": 0.0, ""collisions"": 0.05, ""congestion"": 1.0, ""fairness"": 1.0, ""incomplete_base"": 1000.0, ""incomplete_agent"": 10.0}","[18.35042407520948, 15.679672057502245, 10.667267021421752, 10.593346870520786, 7.7536839145106855, 12.202756892230578, 14.062107396149948, 11.713191926516803, 14.248897002890615, 12.035291499777482]","[46.6, 37.1, 34.9, 29.900000000000002, 25.400000000000002, 28.5, 32.9, 39.400000000000006, 31.3, 32.1]"
ga,20,8,13.758054841417735,36.15,30.5,1.86984055570345,5.6,13.169285714285715,23.532500000000002,10.363214285714285,True,0.0,hospital_corridor,28,12,"[11, 29, 47, 53, 61, 73, 89, 97, 101, 109]","[3.6882469641194335, 4.815210901909828, 0.923532932957605, 0.5, 1.0]","{""time"": 0.0, ""collisions"": 0.05, ""congestion"": 1.0, ""fairness"": 1.0, ""incomplete_base"": 1000.0, ""incomplete_agent"": 10.0}","[12.612288786482337, 15.194696969696972, 12.811132134973194, 19.08305408583187, 9.334375000000001, 12.409652714589022, 18.365873015873014, 12.369857280087828, 13.396274961597541, 12.003343465045594]","[37.2, 38.5, 30.200000000000003, 48.6, 32.0, 31.400000000000002, 45.0, 34.7, 31.0, 32.9]"
ga,20,9,1123.8826921249104,100.0,14.5,0.43570000000000003,3.9,13.760573531655226,24.482565656565658,10.72199212491043,False,11.2,hospital_corridor,28,12,"[11, 29, 47, 53, 61, 73, 89, 97, 101, 109]","[3.471281906772563, 4.315062178587296, 1.3236352421147382, 0.5, 1.0]","{""time"": 0.0, ""collisions"": 0.05, ""congestion"": 1.0, ""fairness"": 1.0, ""incomplete_base"": 1000.0, ""incomplete_agent"": 10.0}","[1109.7728571428572, 1163.8495454545455, 1119.1397777777777, 1127.7002046783625, 1119.404789473684, 1096.9339371980677, 1083.8903333333333, 1113.738, 1079.3523333333333, 1225.0451428571428]","[100.0, 100.0, 100.0, 100.0, 100.0, 100.0, 100.0, 100.0, 100.0, 100.0]"
ga,20,10,12.276538590187549,35.0,20.3,1.7080862092351659,4.9,13.140714285714287,22.694166666666668,9.553452380952383,True,0.0,hospital_corridor,28,12,"[11, 29, 47, 53, 61, 73, 89, 97, 101, 109]","[3.5314534304354717, 4.999996510597409, 0.9246670691187411, 0.5, 1.0]","{""time"": 0.0, ""collisions"": 0.05, ""congestion"": 1.0, ""fairness"": 1.0, ""incomplete_base"": 1000.0, ""incomplete_agent"": 10.0}","[11.406493506493508, 9.673644688644687, 12.057869249394672, 12.384523809523811, 8.197785160575862, 12.257914533891736, 13.985077129443328, 17.321938775510205, 12.788733705772811, 12.691405342624854]","[38.5, 32.5, 29.5, 39.900000000000006, 25.8, 30.700000000000003, 35.5, 49.0, 35.800000000000004, 32.800000000000004]"
ga,20,11,12.636350202085627,35.120000000000005,27.4,1.7976597258951497,5.2,13.367142857142857,22.835833333333333,9.468690476190476,True,0.0,hospital_corridor,28,12,"[11, 29, 47, 53, 61, 73, 89, 97, 101, 109]","[3.6243501140897987, 4.999996836902878, 0.9258847300132262, 0.5, 1.0]","{""time"": 0.0, ""collisions"": 0.05, ""congestion"": 1.0, ""fairness"": 1.0, ""incomplete_base"": 1000.0, ""incomplete_agent"": 10.0}","[15.452277432712219, 15.304434092477575, 11.633794946550049, 12.09160530191458, 7.925519978106183, 11.950941306755261, 15.359897678079493, 11.935652603010114, 13.302078050154975, 11.407300631095813]","[48.300000000000004, 41.400000000000006, 34.300000000000004, 29.1, 26.1, 30.1, 36.300000000000004, 38.6, 33.800000000000004, 33.2]"
ga,20,12,13.781525560673277,37.239999999999995,33.7,1.7698588940066116,5.1,13.355,23.681666666666665,10.326666666666666,True,0.0,hospital_corridor,28,12,"[11, 29, 47, 53, 61, 73, 89, 97, 101, 109]","[3.5864312041687905, 4.966954245862601, 0.9210135834168682, 0.5, 1.0]","{""time"": 0.0, ""collisions"": 0.05, ""congestion"": 1.0, ""fairness"": 1.0, ""incomplete_base"": 1000.0, ""incomplete_agent"": 10.0}","[15.086852240896356, 16.854231330415175, 10.997598870056496, 15.848280737473134, 10.692549668874172, 12.145885484103008, 17.914404197698037, 13.306698221457257, 12.993710764048384, 11.97504409171076]","[54.400000000000006, 35.9, 29.5, 42.1, 30.200000000000003, 33.1, 42.2, 41.5, 31.1, 32.4]"
ga,20,13,12.319426164563192,32.77,23.6,1.7614499740870015,5.5,12.650357142857143,22.028333333333332,9.37797619047619,True,0.0,hospital_corridor,28,12,"[11, 29, 47, 53, 61, 73, 89, 97, 101, 109]","[3.642134843507889, 4.89607120109423, 0.9214235520521493, 0.5, 1.0]","{""time"": 0.0, ""collisions"": 0.05, ""congestion"": 1.0, ""fairness"": 1.0, ""incomplete_base"": 1000.0, ""incomplete_agent"": 10.0}","[13.383501956023203, 12.75877020532984, 12.15301696020874, 12.946014492753623, 8.464434523809524, 12.56105442176871, 13.999680603948896, 11.65427054478301, 13.74942396313364, 11.524093973872734]","[35.300000000000004, 32.7, 29.200000000000003, 32.2, 32.0, 29.400000000000002, 32.800000000000004, 36.1, 34.1, 33.9]"
ga,20,14,13.143200137049046,35.1,31.0,1.789152518001427,5.3,13.424285714285713,23.22833333333333,9.80404761904762,True,0.0,hospital_corridor,28,12,"[11, 29, 47, 53, 61, 73, 89, 97, 101, 109]","[3.5442846704555717, 4.999994200451592, 0.9239462018393914, 0.5, 1.0]","{""time"": 0.0, ""collisions"": 0.05, ""congestion"": 1.0, ""fairness"": 1.0, ""incomplete_base"": 1000.0, ""incomplete_agent"": 10.0}","[21.984943977591037, 9.517019400352737, 14.163604143947657, 9.674820613176777, 8.06527700574393, 15.063378123526638, 13.999096880131365, 14.46246655965757, 12.484782608695653, 12.016612057667103]","[47.6, 32.4, 39.300000000000004, 29.200000000000003, 25.700000000000003, 30.3, 34.800000000000004, 44.5, 34.5, 32.7]"
ga,20,15,1020.001478393189,43.7,32.7,2.0604710671816746,5.0,13.488159340659342,23.79416666666667,10.306007326007325,False,0.6,hospital_corridor,28,12,"[11, 29, 47, 53, 61, 73, 89, 97, 101, 109]","[3.613110899976895, 4.999999147048695, 0.9231567131609206, 0.5, 1.0]","{""time"": 0.0, ""collisions"": 0.05, ""congestion"": 1.0, ""fairness"": 1.0, ""incomplete_base"": 1000.0, ""incomplete_agent"": 10.0}","[18.37925170068027, 13.34404761904762, 12.386185600520072, 14.878457779293099, 17.025195694716242, 12.299723424723425, 14.286676798378927, 11.333723653395786, 13.27682935344226, 1072.8046923076922]","[49.0, 33.6, 29.3, 41.900000000000006, 43.800000000000004, 29.700000000000003, 32.9, 42.7, 34.1, 100.0]"
ga,20,16,13.801055676643617,35.81,32.6,1.8093890099769496,4.9,13.452500000000004,23.81416666666667,10.361666666666668,True,0.0,hospital_corridor,28,12,"[11, 29, 47, 53, 61, 73, 89, 97, 101, 109]","[3.6268847505156074, 4.999998893719163, 0.9216121221986087, 0.5, 1.0]","{""time"": 0.0, ""collisions"": 0.05, ""congestion"": 1.0, ""fairness"": 1.0, ""incomplete_base"": 1000.0, ""incomplete_agent"": 10.0}","[14.756348263771066, 17.009639016897086, 11.430456687794573, 15.29294871794872, 11.960136964484791, 12.523103309120259, 16.132013388909943, 12.544336600075386, 13.661792836792838, 12.699780980641517]","[42.1, 46.5, 29.3, 36.4, 29.900000000000002, 29.5, 37.7, 37.9, 35.1, 33.7]"
ga,20,17,14.724852842120907,33.32,64.3,2.081638556406623,5.7,13.024285714285716,22.4525,9.428214285714285,True,0.0,hospital_corridor,28,12,"[11, 29, 47, 53, 61, 73, 89, 97, 101, 109]","[3.6244287278305816, 5.0, 0.870161229419031, 0.5, 1.0]","{""time"": 0.0, ""collisions"": 0.05, ""congestion"": 1.0, ""fairness"": 1.0, ""incomplete_base"": 1000.0, ""incomplete_agent"": 10.0}","[22.35095238095238, 11.808183079056867, 12.643031854379977, 15.713393852524288, 12.329098854731765, 12.713111545988259, 17.39657695939566, 15.75714285714286, 14.564285714285715, 11.972751322751323]","[45.0, 30.900000000000002, 29.3, 29.900000000000002, 31.6, 29.200000000000003, 35.300000000000004, 38.800000000000004, 30.8, 32.4]"
ga,20,18,14.203874862462929,34.86,45.2,1.7441129577010261,5.4,12.79107142857143,22.990833333333335,10.199761904761903,True,0.0,hospital_corridor,28,12,"[11, 29, 47, 53, 61, 73, 89, 97, 101, 109]","[3.6016328698346523, 4.276172080718964, 0.9215333884460694, 0.5, 1.0]","{""time"": 0.0, ""collisions"": 0.05, ""congestion"": 1.0, ""fairness"": 1.0, ""incomplete_base"": 1000.0, ""incomplete_agent"": 10.0}","[17.07304147465438, 14.655321285140563, 10.700934503494231, 20.049413145539905, 9.785584629891563, 14.04181343770385, 16.22162353775257, 14.582714285714285, 12.488448844884488, 12.439853479853479]","[43.400000000000006, 33.2, 29.3, 42.6, 30.3, 29.200000000000003, 40.300000000000004, 37.5, 30.3, 32.5]"
ga,20,19,13.952505451535743,32.45,54.6,1.9064340229643122,5.6,12.488928571428572,21.805000000000003,9.31607142857143,True,0.0,hospital_corridor,28,12,"[11, 29, 47, 53, 61, 73, 89, 97, 101, 109]","[4.228851693618286, 4.93363205023693, 0.9209037470229482, 0.5, 1.0]","{""time"": 0.0, ""collisions"": 0.05, ""congestion"": 1.0, ""fairness"": 1.0, ""incomplete_base"": 1000.0, ""incomplete_agent"": 10.0}","[21.102267573696146, 14.058766233766235, 11.573974295600593, 14.804401993355482, 8.322222222222221, 14.753521126760564, 15.187277896233123, 13.120124037639007, 14.351263736263737, 12.251235399820306]","[44.1, 33.0, 28.900000000000002, 30.1, 28.8, 28.400000000000002, 33.5, 33.4, 32.5, 31.8]"
ga,20,20,1154.8387062611464,36.92999999999999,2864.5,1.888922711362887,5.7,11.423928571428572,20.14871212121212,8.724783549783549,False,0.1,hospital_corridor,28,12,"[11, 29, 47, 53, 61, 73, 89, 97, 101, 109]","[3.5112379080726486, 4.999993347500287, 0.5, 0.5, 1.0]","{""time"": 0.0, ""collisions"": 0.05, ""congestion"": 1.0, ""fairness"": 1.0, ""incomplete_base"": 1000.0, ""incomplete_agent"": 10.0}","[1185.1568831168831, 165.27406015037596, 128.3167919799499, 130.40390255439925, 154.84404761904764, 119.19467532467534, 163.01735055724419, 219.98387036202496, 139.4277741371778, 142.76770680968633]","[100.0, 28.5, 28.5, 30.200000000000003, 28.0, 27.5, 32.9, 31.700000000000003, 32.7, 29.3]"
ga,20,21,13.3376245131558,36.36,26.6,1.6325054655367524,5.1,12.890714285714287,23.265833333333337,10.375119047619048,True,0.0,hospital_corridor,28,12,"[11, 29, 47, 53, 61, 73, 89, 97, 101, 109]","[3.805418149218921, 5.0, 0.9182380877331375, 0.5, 1.0]","{""time"": 0.0, ""collisions"": 0.05, ""congestion"": 1.0, ""fairness"": 1.0, ""incomplete_base"": 1000.0, ""incomplete_agent"": 10.0}","[14.364910419613391, 11.474068322981367, 13.975368568480025, 16.1492673992674, 8.36316046966732, 11.823956294846706, 17.585353358947494, 13.38633617626155, 14.695731067757501, 11.558093053735256]","[40.400000000000006, 34.5, 32.300000000000004, 45.5, 29.200000000000003, 29.200000000000003, 40.900000000000006, 33.5, 45.400000000000006, 32.7]"
ga,20,22,12.189813575739091,34.45,24.5,1.8057659566914712,5.5,13.176785714285714,22.335833333333333,9.15904761904762,True,0.0,hospital_corridor,28,12,"[11, 29, 47, 53, 61, 73, 89, 97, 101, 109]","[3.642837843311524, 5.0, 0.9262009207383284, 0.5, 1.0]","{""time"": 0.0, ""collisions"": 0.05, ""congestion"": 1.0, ""fairness"": 1.0, ""incomplete_base"": 1000.0, ""incomplete_agent"": 10.0}","[12.888136288998357, 10.220611015490533, 11.324259974259975, 10.41746031746032, 8.448261102193689, 13.609567901234568, 14.178899835796388, 11.61521164021164, 16.27751196172249, 12.918215720022948]","[43.5, 33.2, 29.6, 31.5, 26.700000000000003, 32.4, 34.800000000000004, 37.800000000000004, 41.800000000000004, 33.2]"
ga,20,23,12.280059539703352,34.93,23.8,1.7680357301795424,4.8,13.644642857142859,22.96666666666667,9.32202380952381,True,0.0,hospital_corridor,28,12,"[11, 29, 47, 53, 61, 73, 89, 97, 101, 109]","[3.5129657012137465, 4.999996723191719, 0.9458763460256958, 0.5, 1.0]","{""time"": 0.0, ""collisions"": 0.05, ""congestion"": 1.0, ""fairness"": 1.0, ""incomplete_base"": 1000.0, ""incomplete_agent"": 10.0}","[14.23652301775817, 13.533491186529863, 11.19179009396401, 9.863533834586468, 8.449414850686036, 11.12826420890937, 15.162946428571427, 11.911076604554864, 15.346290363110946, 11.97726480836237]","[42.1, 36.2, 29.900000000000002, 28.5, 29.5, 37.2, 38.400000000000006, 36.800000000000004, 37.9, 32.800000000000004]"
ga,21,0,11.821842496851406,31.869999999999997,21.9,1.7342234492323598,4.9,12.745714285714286,21.738333333333337,8.992619047619048,True,0.0,hospital_corridor,28,12,"[11, 29, 47, 53, 61, 73, 89, 97, 101, 109]","[3.6461576623598186, 5.0, 0.920838062619316, 0.5, 1.0]","{""time"": 0.0, ""collisions"": 0.05, ""congestion"": 1.0, ""fairness"": 1.0, ""incomplete_base"": 1000.0, ""incomplete_agent"": 10.0}","[12.829401052205583, 10.577133728890917, 11.56236795059321, 12.13159824046921, 8.157890365448505, 12.631396287328492, 14.020890461447737, 12.058054711246202, 12.412937559129613, 11.836754611754612]","[35.300000000000004, 31.3, 29.3, 34.1, 25.8, 29.5, 32.300000000000004, 37.6, 30.200000000000003, 33.300000000000004]"
ga,21,1,11.821842496851406,31.869999999999997,21.9,1.7342234492323598,4.9,12.745714285714286,21.738333333333337,8.992619047619048,True,0.0,hospital_corridor,28,12,"[11, 29, 47, 53, 61, 73, 89, 97, 101, 109]","[3.6461576623598186, 5.0, 0.920838062619316, 0.5, 1.0]","{""time"": 0.0, ""collisions"": 0.05, ""congestion"": 1.0, ""fairness"": 1.0, ""incomplete_base"": 1000.0, ""incomplete_agent"": 10.0}","[12.829401052205583, 10.577133728890917, 11.56236795059321, 12.13159824046921, 8.157890365448505, 12.631396287328492, 14.020890461447737, 12.058054711246202, 12.412937559129613, 11.836754611754612]","[35.300000000000004, 31.3, 29.3, 34.1, 25.8, 29.5, 32.300000000000004, 37.6, 30.200000000000003, 33.300000000000004]"
ga,21,2,1018.6219111419775,42.2,27.2,2.0429561155225207,5.1,13.211044973544976,23.43,10.218955026455026,False,0.5,hospital_corridor,28,12,"[11, 29, 47, 53, 61, 73, 89, 97, 101, 109]","[3.6360257560328417, 4.999994232628695, 0.9224817323293925, 0.5, 1.0]","{""time"": 0.0, ""collisions"": 0.05, ""congestion"": 1.0, ""fairness"": 1.0, ""incomplete_base"": 1000.0, ""incomplete_agent"": 10.0}","[21.357142857142858, 1065.1034074074073, 11.961120702057258, 12.750304540420819, 8.287082649151614, 12.01353914447135, 15.023693379790942, 13.625042215467749, 13.987836438923395, 12.109942084942086]","[56.0, 100.0, 33.1, 34.4, 26.1, 29.5, 32.800000000000004, 42.300000000000004, 34.5, 33.300000000000004]"
ga,21,3,12.010835977351428,35.040000000000006,17.8,1.775478834494285,5.2,13.769642857142859,23.115000000000002,9.345357142857143,True,0.0,hospital_corridor,28,12,"[11, 29, 47, 53, 61, 73, 89, 97, 101, 109]","[3.196038745777825, 4.999999967822897, 0.9223025321293149, 0.5, 1.0]","{""time"": 0.0, ""collisions"": 0.05, ""congestion"": 1.0, ""fairness"": 1.0, ""incomplete_base"": 1000.0, ""incomplete_agent"": 10.0}","[12.939855072463766, 9.856331680937359, 11.57109679937549, 9.176465201465202, 8.126587301587302, 11.847887864823349, 13.724891774891777, 17.77919473000118, 12.925659737579242, 12.160389610389611]","[46.0, 31.700000000000003, 30.5, 39.0, 27.0, 31.0, 39.6, 40.300000000000004, 32.300000000000004, 33.0]"
ga,21,4,13.6079301131103,34.49,27.8,1.6815015416817274,5.0,12.84107142857143,23.3775,10.536428571428573,True,0.0,hospital_corridor,28,12,"[11, 29, 47, 53, 61, 73, 89, 97, 101, 109]","[3.5730161969053214, 4.986245101897988, 0.9236082622941106, 0.5, 1.0]","{""time"": 0.0, ""collisions"": 0.05, ""congestion"": 1.0, ""fairness"": 1.0, ""incomplete_base"": 1000.0, ""incomplete_agent"": 10.0}","[15.449670973917204, 14.065077148177709, 12.004931972789116, 16.23290476190476, 8.932367475292002, 12.71857142857143, 15.383268983268986, 13.819481862223796, 15.617132216014898, 11.85589430894309]","[39.800000000000004, 35.800000000000004, 29.400000000000002, 37.5, 26.5, 30.0, 37.0, 40.300000000000004, 35.800000000000004, 32.800000000000004]"
ga,21,5,12.990823682316709,34.940000000000005,29.7,1.9091570156500421,5.4,13.610000000000003,23.20666666666667,9.596666666666668,True,0.0,hospital_corridor,28,12,"[11, 29, 47, 53, 61, 73, 89, 97, 101, 109]","[3.544868437698941, 5.0, 0.9220723902414988, 0.5, 1.0]","{""time"": 0.0, ""collisions"": 0.05, ""congestion"": 1.0, ""fairness"": 1.0, ""incomplete_base"": 1000.0, ""incomplete_agent"": 10.0}","[21.405038759689926, 13.816129032258065, 11.619430992736078, 10.19246031746032, 7.627093755790254, 12.24284511784512, 15.491897081413212, 13.008127487306165, 12.902188940092167, 11.603025338575799]","[60.2, 37.2, 29.5, 31.5, 25.700000000000003, 29.700000000000003, 37.2, 34.7, 31.0, 32.7]"
ga,21,6,13.046889829881678,32.519999999999996,33.4,1.890223163215009,5.5,12.602500000000003,22.089166666666664,9.486666666666668,True,0.0,hospital_corridor,28,12,"[11, 29, 47, 53, 61, 73, 89, 97, 101, 109]","[3.8204790857982154, 4.694639190148098, 0.9227286502675303, 0.5, 1.0]","{""time"": 0.0, ""collisions"": 0.05, ""congestion"": 1.0, ""fairness"": 1.0, ""incomplete_base"": 1000.0, ""incomplete_agent"": 10.0}","[11.441321044546852, 14.482252747252748, 11.409752120026095, 13.225568181818183, 9.943367346938777, 13.050992063492064, 14.434818629646216, 17.878384162653827, 12.524267399267398, 12.078174603174602]","[31.0, 32.5, 29.200000000000003, 35.2, 29.400000000000002, 28.8, 31.900000000000002, 44.5, 31.200000000000003, 31.5]"
ga,21,7,155.02595757520444,30.380000000000006,2887.3,1.9689337656806054,5.6,11.454642857142858,20.14666666666667,8.692023809523809,True,0.0,hospital_corridor,28,12,"[11, 29, 47, 53, 61, 73, 89, 97, 101, 109]","[3.6094432931174496, 4.964982835920134, 0.641272012548302, 0.5, 1.0]","{""time"": 0.0, ""collisions"": 0.05, ""congestion"": 1.0, ""fairness"": 1.0, ""incomplete_base"": 1000.0, ""incomplete_agent"": 10.0}","[241.7533340526543, 142.49793233082707, 123.40348759221997, 132.40185362735699, 159.34716348633316, 114.08356795272854, 151.12182539682541, 194.25747726056716, 143.52115583075337, 147.87177822177824]","[33.1, 28.5, 28.400000000000002, 29.8, 27.700000000000003, 27.400000000000002, 32.4, 35.6, 32.300000000000004, 28.6]"
ga,21,8,13.462503150769999,35.989999999999995,26.2,1.835955531722379,5.1,13.134285714285715,23.450833333333332,10.31654761904762,True,0.0,hospital_corridor,28,12,"[11, 29, 47, 53, 61, 73, 89, 97, 101, 109]","[3.596169144545939, 4.999998580919403, 0.9248269273156, 0.5, 1.0]","{""time"": 0.0, ""collisions"": 0.05, ""congestion"": 1.0, ""fairness"": 1.0, ""incomplete_base"": 1000.0, ""incomplete_agent"": 10.0}","[16.194887955182075, 14.454578754578755, 11.481462585034013, 11.574707530070853, 10.497619047619049, 13.616536203522505, 15.326190476190476, 12.45544315992293, 15.950943638794612, 13.072662156784721]","[51.0, 41.6, 29.400000000000002, 28.900000000000002, 28.0, 29.200000000000003, 35.0, 34.6, 46.300000000000004, 35.9]"
ga,21,9,28.983250781820562,30.0,354.4,1.8880126865824671,5.5,11.511428571428572,20.886666666666663,9.375238095238096,True,0.0,hospital_corridor,28,12,"[11, 29, 47, 53, 61, 73, 89, 97, 101, 109]","[3.864061271564609, 4.999997929678006, 0.7835340713089223, 0.5, 1.0]","{""time"": 0.0, ""collisions"": 0.05, ""congestion"": 1.0, ""fairness"": 1.0, ""incomplete_base"": 1000.0, ""incomplete_agent"": 10.0}","[46.642183288409704, 36.92698412698413, 18.270544918998525, 34.38190396559962, 17.56699057714959, 23.12417748917749, 29.796171802054157, 33.25954519532364, 29.05353847421322, 20.81046798029557]","[31.8, 31.5, 29.1, 29.900000000000002, 28.3, 27.5, 30.6, 33.4, 28.900000000000002, 29.0]"
ga,21,10,13.885254687941947,35.97,29.9,1.6846594498467087,5.5,12.686071428571429,23.391666666666666,10.705595238095238,True,0.0,hospital_corridor,28,12,"[11, 29, 47, 53, 61, 73, 89, 97, 101, 109]","[3.617484571849759, 4.999999922670953, 0.9206913448416122, 0.5, 1.0]","{""time"": 0.0, ""collisions"": 0.05, ""congestion"": 1.0, ""fairness"": 1.0, ""incomplete_base"": 1000.0, ""incomplete_agent"": 10.0}","[20.12206848256544, 17.704074784276123, 11.664285714285715, 11.243722943722943, 12.312586983217358, 12.343066542577946, 15.052628822790114, 13.975966386554623, 12.871954595791806, 11.562191623637405]","[49.300000000000004, 44.7, 29.400000000000002, 30.8, 34.9, 30.700000000000003, 34.1, 42.5, 30.1, 33.2]"
ga,21,11,15.101527619240283,34.239999999999995,71.7,1.7630752382879016,5.7,12.723214285714286,22.476666666666667,9.753452380952382,True,0.0,hospital_corridor,28,12,"[11, 29, 47, 53, 61, 73, 89, 97, 101, 109]","[3.7350869918709235, 4.40530801331692, 0.9193589274506346, 0.5, 1.0]","{""time"": 0.0, ""collisions"": 0.05, ""congestion"": 1.0, ""fairness"": 1.0, ""incomplete_base"": 1000.0, ""incomplete_agent"": 10.0}","[33.8314791860345, 15.362724434035911, 10.633480608738342, 13.937542916853264, 10.549192897497981, 12.191067433684882, 14.315560721329954, 14.232431457431458, 13.573484848484847, 12.38831168831169]","[46.1, 36.6, 29.1, 31.900000000000002, 29.5, 29.8, 33.800000000000004, 39.6, 33.0, 33.0]"
ga,21,12,12.46277038699673,34.25,18.7,1.7855084822348264,5.3,12.81607142857143,22.558333333333334,9.742261904761904,True,0.0,hospital_corridor,28,12,"[11, 29, 47, 53, 61, 73, 89, 97, 101, 109]","[3.5364655123598596, 4.999998339498918, 0.9280091457651594, 0.5, 1.0]","{""time"": 0.0, ""collisions"": 0.05, ""congestion"": 1.0, ""fairness"": 1.0, ""incomplete_base"": 1000.0, ""incomplete_agent"": 10.0}","[12.314839034205232, 13.189310260186549, 11.315508365508364, 14.30994091067084, 7.811100386100387, 12.76424668227947, 14.670451314854299, 12.545962732919255, 13.795629897528634, 11.910714285714285]","[35.5, 38.800000000000004, 29.6, 41.1, 25.900000000000002, 30.5, 33.5, 34.5, 39.5, 33.6]"
ga,21,13,1137.7307048636083,100.0,7.9,0.4101,3.8,14.100486406232974,27.02609126984127,12.925604863608296,False,12.4,hospital_corridor,28,12,"[11, 29, 47, 53, 61, 73, 89, 97, 101, 109]","[3.6193380321654107, 4.999998383692802, 1.3261949254690444, 0.5, 1.0]","{""time"": 0.0, ""collisions"": 0.05, ""congestion"": 1.0, ""fairness"": 1.0, ""incomplete_base"": 1000.0, ""incomplete_agent"": 10.0}","[1123.6635, 1189.6037936507937, 1109.4780634920635, 1136.8317251461988, 1143.771947368421, 1122.1208571428572, 1100.2986231884058, 1147.6782608695653, 1080.0062777777778, 1223.854]","[100.0, 100.0, 100.0, 100.0, 100.0, 100.0, 100.0, 100.0, 100.0, 100.0]"
ga,21,14,12.956908850461708,33.55,22.8,1.8589326599855163,5.3,13.077857142857145,23.035833333333336,9.957976190476192,True,0.0,hospital_corridor,28,12,"[11, 29, 47, 53, 61, 73, 89, 97, 101, 109]","[3.73424708102315, 4.978738985002557, 0.9310044000642343, 0.5, 1.0]","{""time"": 0.0, ""collisions"": 0.05, ""congestion"": 1.0, ""fairness"": 1.0, ""incomplete_base"": 1000.0, ""incomplete_agent"": 10.0}","[15.220822102425878, 14.793301778542741, 11.785512510088783, 12.055380104564081, 7.9450166112956815, 13.34142857142857, 15.972389306599835, 13.366875423155046, 11.661457334611699, 13.426904761904762]","[37.1, 33.2, 29.5, 33.7, 25.8, 30.0, 34.2, 42.2, 29.8, 40.0]"
ga,21,15,1085.6236052357974,100.0,29.5,0.49420000000000003,4.2,13.374726798834695,24.029132034632035,10.654405235797341,False,7.3,hospital_corridor,28,12,"[11, 29, 47, 53, 61, 73, 89, 97, 101, 109]","[4.13744245590666, 4.954893065234373, 1.1330258678920138, 0.5, 1.0]","{""time"": 0.0, ""collisions"": 0.05, ""congestion"": 1.0, ""fairness"": 1.0, ""incomplete_base"": 1000.0, ""incomplete_agent"": 10.0}","[1056.7106666666666, 1131.4494444444445, 1053.0156363636363, 1088.3094935064935, 1136.214342105263, 1095.589, 1105.9506666666666, 1076.2626402116402, 1049.1093846153847, 1063.6247777777778]","[100.0, 100.0, 100.0, 100.0, 100.0, 100.0, 100.0, 100.0, 100.0, 100.0]"
ga,21,16,12.30986994385097,34.519999999999996,23.3,1.729155658136683,5.0,13.081785714285715,22.4975,9.415714285714287,True,0.0,hospital_corridor,28,12,"[11, 29, 47, 53, 61, 73, 89, 97, 101, 109]","[3.658154447666939, 5.0, 0.9197046217400855, 0.5, 1.0]","{""time"": 0.0, ""collisions"": 0.05, ""congestion"": 1.0, ""fairness"": 1.0, ""incomplete_base"": 1000.0, ""incomplete_agent"": 10.0}","[15.221428571428573, 11.67315270935961, 11.53737113402062, 11.485001273236566, 7.576579757378235, 12.301346604215457, 14.802380952380954, 14.045544655630495, 12.855573951434877, 11.600319829424308]","[40.800000000000004, 34.800000000000004, 29.1, 37.4, 26.3, 30.5, 36.0, 46.6, 30.200000000000003, 33.5]"
ga,21,17,12.749700402032255,33.730000000000004,30.7,1.798152782984633,5.6,13.011785714285713,22.428333333333335,9.416547619047622,True,0.0,hospital_corridor,28,12,"[11, 29, 47, 53, 61, 73, 89, 97, 101, 109]","[3.7934213639118, 5.0, 0.919371528612368, 0.5, 1.0]","{""time"": 0.0, ""collisions"": 0.05, ""congestion"": 1.0, ""fairness"": 1.0, ""incomplete_base"": 1000.0, ""incomplete_agent"": 10.0}","[16.6822501532802, 10.299435333045604, 12.497439660795825, 11.411309523809523, 8.73962195565249, 12.361720667648504, 15.327823920265782, 13.438944036829234, 15.132584269662923, 11.605874499332444]","[46.6, 33.1, 29.200000000000003, 33.6, 26.200000000000003, 29.1, 38.7, 33.1, 35.6, 32.1]"
ga,21,18,11.821842496851406,31.869999999999997,21.9,1.7342234492323598,4.9,12.745714285714286,21.738333333333337,8.992619047619048,True,0.0,hospital_corridor,28,12,"[11, 29, 47, 53, 61, 73, 89, 97, 101, 109]","[3.6461576623598186, 5.0, 0.920838062619316, 0.5, 1.0]","{""time"": 0.0, ""collisions"": 0.05, ""congestion"": 1.0, ""fairness"": 1.0, ""incomplete_base"": 1000.0, ""incomplete_agent"": 10.0}","[12.829401052205583, 10.577133728890917, 11.56236795059321, 12.13159824046921, 8.157890365448505, 12.631396287328492, 14.020890461447737, 12.058054711246202, 12.412937559129613, 11.836754611754612]","[35.300000000000004, 31.3, 29.3, 34.1, 25.8, 29.5, 32.300000000000004, 37.6, 30.200000000000003, 33.300000000000004]"
ga,21,19,11.821842496851406,31.869999999999997,21.9,1.7342234492323598,4.9,12.745714285714286,21.738333333333337,8.992619047619048,True,0.0,hospital_corridor,28,12,"[11, 29, 47, 53, 61, 73, 89, 97, 101, 109]","[3.6461576623598186, 5.0, 0.920838062619316, 0.5, 1.0]","{""time"": 0.0, ""collisions"": 0.05, ""congestion"": 1.0, ""fairness"": 1.0, ""incomplete_base"": 1000.0, ""incomplete_agent"": 10.0}","[12.829401052205583, 10.577133728890917, 11.56236795059321, 12.13159824046921, 8.157890365448505, 12.631396287328492, 14.020890461447737, 12.058054711246202, 12.412937559129613, 11.836754611754612]","[35.300000000000004, 31.3, 29.3, 34.1, 25.8, 29.5, 32.300000000000004, 37.6, 30.200000000000003, 33.300000000000004]"
ga,21,20,13.122035049391297,34.83,39.5,1.8569160017722468,5.4,13.203214285714287,22.493333333333336,9.29011904761905,True,0.0,hospital_corridor,28,12,"[11, 29, 47, 53, 61, 73, 89, 97, 101, 109]","[3.718576789505688, 5.0, 0.9217056145329556, 0.5, 1.0]","{""time"": 0.0, ""collisions"": 0.05, ""congestion"": 1.0, ""fairness"": 1.0, ""incomplete_base"": 1000.0, ""incomplete_agent"": 10.0}","[21.381690279417555, 12.21839826839827, 12.543524970963997, 11.651870748299322, 10.216637980493404, 11.756099151989563, 14.476813917586986, 12.078884011705243, 13.020590828924165, 11.875840336134454]","[48.400000000000006, 33.0, 32.800000000000004, 29.400000000000002, 33.2, 29.200000000000003, 40.1, 35.800000000000004, 32.4, 34.0]"
ga,21,21,13.50647102300066,34.31,53.0,1.845637689667327,5.3,13.09,22.100833333333334,9.010833333333334,True,0.0,hospital_corridor,28,12,"[11, 29, 47, 53, 61, 73, 89, 97, 101, 109]","[3.8504670214636283, 4.649853758389222, 0.9245032385929849, 0.5, 1.0]","{""time"": 0.0, ""collisions"": 0.05, ""congestion"": 1.0, ""fairness"": 1.0, ""incomplete_base"": 1000.0, ""incomplete_agent"": 10.0}","[23.541321044546855, 13.48044408774746, 10.45823581992524, 12.159426229508197, 8.274761904761906, 12.479464285714286, 17.456994047619045, 11.569076038903626, 13.251350024545902, 12.393636746734092]","[43.400000000000006, 35.6, 29.3, 30.5, 30.0, 28.8, 44.800000000000004, 37.7, 29.1, 33.9]"
ga,21,22,12.79139824420071,33.760000000000005,27.4,1.786993482295948,5.0,13.013928571428574,22.648333333333333,9.634404761904761,True,0.0,hospital_corridor,28,12,"[11, 29, 47, 53, 61, 73, 89, 97, 101, 109]","[3.63584212654681, 4.999999759433566, 0.9214516755263824, 0.5, 1.0]","{""time"": 0.0, ""collisions"": 0.05, ""congestion"": 1.0, ""fairness"": 1.0, ""incomplete_base"": 1000.0, ""incomplete_agent"": 10.0}","[12.903581267217632, 13.31934250764526, 11.915715910937752, 14.836993309720581, 9.424408756791305, 13.512530266343827, 14.825176366843035, 12.319168004280364, 13.203494623655917, 11.653571428571428]","[36.300000000000004, 32.7, 29.3, 48.400000000000006, 29.8, 29.5, 32.4, 35.6, 31.0, 32.6]"
ga,21,23,13.600098019203443,36.209999999999994,25.2,1.8015265906320148,5.1,13.431428571428572,23.970000000000002,10.538571428571428,True,0.0,hospital_corridor,28,12,"[11, 29, 47, 53, 61, 73, 89, 97, 101, 109]","[3.5574689503147687, 5.0, 0.9211985716520428, 0.5, 1.0]","{""time"": 0.0, ""collisions"": 0.05, ""congestion"": 1.0, ""fairness"": 1.0, ""incomplete_base"": 1000.0, ""incomplete_agent"": 10.0}","[14.605362921867776, 13.29435215946844, 17.173055919615553, 10.80980392156863, 11.339849624060152, 12.524782184167044, 15.188690476190475, 14.424185463659146, 13.102903600464575, 13.537993920972646]","[41.2, 34.4, 43.6, 34.0, 38.0, 31.700000000000003, 33.6, 39.900000000000006, 32.800000000000004, 32.9]"
ga,22,0,11.821842496851406,31.869999999999997,21.9,1.7342234492323598,4.9,12.745714285714286,21.738333333333337,8.992619047619048,True,0.0,hospital_corridor,28,12,"[11, 29, 47, 53, 61, 73, 89, 97, 101, 109]","[3.6461576623598186, 5.0, 0.920838062619316, 0.5, 1.0]","{""time"": 0.0, ""collisions"": 0.05, ""congestion"": 1.0, ""fairness"": 1.0, ""incomplete_base"": 1000.0, ""incomplete_agent"": 10.0}","[12.829401052205583, 10.577133728890917, 11.56236795059321, 12.13159824046921, 8.157890365448505, 12.631396287328492, 14.020890461447737, 12.058054711246202, 12.412937559129613, 11.836754611754612]","[35.300000000000004, 31.3, 29.3, 34.1, 25.8, 29.5, 32.300000000000004, 37.6, 30.200000000000003, 33.300000000000004]"
ga,22,1,11.821842496851406,31.869999999999997,21.9,1.7342234492323598,4.9,12.745714285714286,21.738333333333337,8.992619047619048,True,0.0,hospital_corridor,28,12,"[11, 29, 47, 53, 61, 73, 89, 97, 101, 109]","[3.6461576623598186, 5.0, 0.920838062619316, 0.5, 1.0]","{""time"": 0.0, ""collisions"": 0.05, ""congestion"": 1.0, ""fairness"": 1.0, ""incomplete_base"": 1000.0, ""incomplete_agent"": 10.0}","[12.829401052205583, 10.577133728890917, 11.56236795059321, 12.13159824046921, 8.157890365448505, 12.631396287328492, 14.020890461447737, 12.058054711246202, 12.412937559129613, 11.836754611754612]","[35.300000000000004, 31.3, 29.3, 34.1, 25.8, 29.5, 32.300000000000004, 37.6, 30.200000000000003, 33.300000000000004]"
ga,22,2,1108.7856220999083,100.0,9.4,0.4237,3.9,13.968792185805972,23.860714285714288,9.891922099908314,False,9.8,hospital_corridor,28,12,"[11, 29, 47, 53, 61, 73, 89, 97, 101, 109]","[3.6461576623598186, 5.0, 1.1878468137310325, 0.5, 1.0]","{""time"": 0.0, ""collisions"": 0.05, ""congestion"": 1.0, ""fairness"": 1.0, ""incomplete_base"": 1000.0, ""incomplete_agent"": 10.0}","[1097.4328095238095, 1171.22975, 1081.202043478261, 1117.2495476190477, 1137.0817894736842, 1139.2585454545454, 1084.4225, 1074.998402116402, 1078.0175, 1106.9633333333334]","[100.0, 100.0, 100.0, 100.0, 100.0, 100.0, 100.0, 100.0, 100.0, 100.0]"
ga,22,3,11.821842496851406,31.869999999999997,21.9,1.7342234492323598,4.9,12.745714285714286,21.738333333333337,8.992619047619048,True,0.0,hospital_corridor,28,12,"[11, 29, 47, 53, 61, 73, 89, 97, 101, 109]","[3.6461576623598186, 5.0, 0.920838062619316, 0.5, 1.0]","{""time"": 0.0, ""collisions"": 0.05, ""congestion"": 1.0, ""fairness"": 1.0, ""incomplete_base"": 1000.0, ""incomplete_agent"": 10.0}","[12.829401052205583, 10.577133728890917, 11.56236795059321, 12.13159824046921, 8.157890365448505, 12.631396287328492, 14.020890461447737, 12.058054711246202, 12.412937559129613, 11.836754611754612]","[35.300000000000004, 31.3, 29.3, 34.1, 25.8, 29.5, 32.300000000000004, 37.6, 30.200000000000003, 33.300000000000004]"
ga,22,4,1018.8440876950586,39.81,21.3,1.73807102839197,5.1,12.894400000000001,21.93541666666667,9.041016666666668,False,0.7,hospital_corridor,28,12,"[11, 29, 47, 53, 61, 73, 89, 97, 101, 109]","[3.642263725142191, 4.9999999855066655, 0.921188566006152, 0.5, 1.0]","{""time"": 0.0, ""collisions"": 0.05, ""congestion"": 1.0, ""fairness"": 1.0, ""incomplete_base"": 1000.0, ""incomplete_agent"": 10.0}","[1078.6745, 13.554152148664347, 12.697399749373432, 10.044203382287495, 9.804327594229875, 12.196555980251635, 14.21327583665045, 11.74809052333805, 12.763133640552995, 12.745238095238095]","[100.0, 32.800000000000004, 30.400000000000002, 32.1, 30.700000000000003, 29.900000000000002, 32.300000000000004, 40.400000000000006, 31.0, 38.5]"
ga,22,5,1152.6612352623983,100.0,5.1,0.3651,3.3,14.731695906432748,26.772831168831168,12.04113526239842,False,14.0,hospital_corridor,28,12,"[11, 29, 47, 53, 61, 73, 89, 97, 101, 109]","[3.1999326829954526, 4.999999982316231, 1.3993942125364978, 0.5, 1.0]","{""time"": 0.0, ""collisions"": 0.05, ""congestion"": 1.0, ""fairness"": 1.0, ""incomplete_base"": 1000.0, ""incomplete_agent"": 10.0}","[1120.3767368421052, 1162.9831688311688, 1158.4722539682539, 1126.896976608187, 1139.6899532163743, 1143.9539047619048, 1183.0006666666666, 1137.211857142857, 1167.6732631578948, 1186.3535714285715]","[100.0, 100.0, 100.0, 100.0, 100.0, 100.0, 100.0, 100.0, 100.0, 100.0]"
ga,22,6,11.821842496851406,31.869999999999997,21.9,1.7342234492323598,4.9,12.745714285714286,21.738333333333337,8.992619047619048,True,0.0,hospital_corridor,28,12,"[11, 29, 47, 53, 61, 73, 89, 97, 101, 109]","[3.6461576623598186, 5.0, 0.920838062619316, 0.5, 1.0]","{""time"": 0.0, ""collisions"": 0.05, ""congestion"": 1.0, ""fairness"": 1.0, ""incomplete_base"": 1000.0, ""incomplete_agent"": 10.0}","[12.829401052205583, 10.577133728890917, 11.56236795059321, 12.13159824046921, 8.157890365448505, 12.631396287328492, 14.020890461447737, 12.058054711246202, 12.412937559129613, 11.836754611754612]","[35.300000000000004, 31.3, 29.3, 34.1, 25.8, 29.5, 32.300000000000004, 37.6, 30.200000000000003, 33.300000000000004]"
ga,22,7,11.821842496851406,31.869999999999997,21.9,1.7342234492323598,4.9,12.745714285714286,21.738333333333337,8.992619047619048,True,0.0,hospital_corridor,28,12,"[11, 29, 47, 53, 61, 73, 89, 97, 101, 109]","[3.6461576623598186, 5.0, 0.920838062619316, 0.5, 1.0]","{""time"": 0.0, ""collisions"": 0.05, ""congestion"": 1.0, ""fairness"": 1.0, ""incomplete_base"": 1000.0, ""incomplete_agent"": 10.0}","[12.829401052205583, 10.577133728890917, 11.56236795059321, 12.13159824046921, 8.157890365448505, 12.631396287328492, 14.020890461447737, 12.058054711246202, 12.412937559129613, 11.836754611754612]","[35.300000000000004, 31.3, 29.3, 34.1, 25.8, 29.5, 32.300000000000004, 37.6, 30.200000000000003, 33.300000000000004]"
ga,22,8,13.918820906312668,37.34,21.6,1.9289399539317145,5.3,13.971785714285716,24.881666666666668,10.909880952380952,True,0.0,hospital_corridor,28,12,"[11, 29, 47, 53, 61, 73, 89, 97, 101, 109]","[3.2084401556887063, 4.999999993230148, 0.9208476770052697, 0.5, 1.0]","{""time"": 0.0, ""collisions"": 0.05, ""congestion"": 1.0, ""fairness"": 1.0, ""incomplete_base"": 1000.0, ""incomplete_agent"": 10.0}","[15.64011680143756, 9.809126984126985, 18.20740578439965, 15.47867298578199, 8.19660434643656, 12.526290609701826, 15.769272590926136, 15.15815768930523, 14.274683031107179, 14.127878239903556]","[42.400000000000006, 31.5, 48.900000000000006, 42.2, 29.8, 32.1, 38.1, 36.6, 32.300000000000004, 39.5]"
ga,22,9,13.764546250402969,35.47,27.4,1.7987129170696363,5.4,12.825,23.420833333333334,10.595833333333333,True,0.0,hospital_corridor,28,12,"[11, 29, 47, 53, 61, 73, 89, 97, 101, 109]","[3.6337562524489373, 4.999999974592749, 0.9222929177433612, 0.5, 1.0]","{""time"": 0.0, ""collisions"": 0.05, ""congestion"": 1.0, ""fairness"": 1.0, ""incomplete_base"": 1000.0, ""incomplete_agent"": 10.0}","[18.383624218918335, 17.332440476190474, 11.800440313111547, 15.330259417199716, 8.36052271483306, 12.91827541827542, 15.006172839506172, 14.50668498168498, 12.200057790106333, 11.806984334203657]","[44.2, 44.800000000000004, 29.200000000000003, 40.2, 26.1, 29.6, 32.4, 39.0, 30.900000000000002, 38.300000000000004]"
ga,22,10,23.16153843166461,30.18,243.6,1.9388003364265134,5.6,12.091428571428573,21.134166666666665,9.042738095238096,True,0.0,hospital_corridor,28,12,"[11, 29, 47, 53, 61, 73, 89, 97, 101, 109]","[3.646157662359818, 4.874015987733504, 0.8026023948462118, 0.5, 1.0]","{""time"": 0.0, ""collisions"": 0.05, ""congestion"": 1.0, ""fairness"": 1.0, ""incomplete_base"": 1000.0, ""incomplete_agent"": 10.0}","[34.843809523809526, 25.422994987468673, 19.147439660795825, 25.43203463203463, 12.877791461412151, 19.09642857142857, 28.791350611040876, 19.727918586789556, 28.27827380952381, 17.997342472342474]","[30.0, 30.400000000000002, 29.200000000000003, 30.8, 29.0, 29.0, 33.9, 31.0, 28.8, 29.700000000000003]"
ga,22,11,15.019855445427666,31.670000000000005,73.3,1.8854506835229046,5.1,12.246428571428572,21.715833333333336,9.469404761904762,True,0.0,hospital_corridor,28,12,"[11, 29, 47, 53, 61, 73, 89, 97, 101, 109]","[3.646157662359818, 5.0, 0.8492750773255453, 0.5, 1.0]","{""time"": 0.0, ""collisions"": 0.05, ""congestion"": 1.0, ""fairness"": 1.0, ""incomplete_base"": 1000.0, ""incomplete_agent"": 10.0}","[18.193756698821005, 14.850440917107584, 14.097783251231528, 17.339682539682542, 8.620019157088123, 13.774419179436482, 19.79670868347339, 14.486024135681674, 15.350163078930205, 13.689556812824142]","[31.1, 32.4, 29.0, 32.4, 26.1, 28.900000000000002, 40.800000000000004, 36.5, 29.200000000000003, 30.3]"
ga,22,12,13.325516897958963,34.260000000000005,29.6,1.7775407074827712,5.6,12.630357142857145,22.698333333333334,10.067976190476191,True,0.0,hospital_corridor,28,12,"[11, 29, 47, 53, 61, 73, 89, 97, 101, 109]","[3.695247066403906, 4.728345389762104, 0.9215772686280248, 0.5, 1.0]","{""time"": 0.0, ""collisions"": 0.05, ""congestion"": 1.0, ""fairness"": 1.0, ""incomplete_base"": 1000.0, ""incomplete_agent"": 10.0}","[15.088157894736842, 14.584848484848486, 12.324609946367625, 16.302483526047496, 8.64397546897547, 12.550396825396826, 17.278208846990573, 12.356746031746033, 11.481649831649833, 12.64409212283044]","[39.900000000000006, 38.5, 29.3, 38.300000000000004, 29.700000000000003, 29.700000000000003, 39.400000000000006, 36.0, 29.700000000000003, 32.1]"
ga,22,13,1041.8092887372663,74.99,16.9,1.073470971698565,4.5,13.8155685980686,25.706386363636362,11.890817765567766,False,2.8,hospital_corridor,28,12,"[11, 29, 47, 53, 61, 73, 89, 97, 101, 109]","[3.7713896817541275, 4.966293800385993, 1.05779234464148, 0.5, 1.0]","{""time"": 0.0, ""collisions"": 0.05, ""congestion"": 1.0, ""fairness"": 1.0, ""incomplete_base"": 1000.0, ""incomplete_agent"": 10.0}","[1032.1425384615384, 1056.0153333333333, 13.952297895902548, 1068.0046363636363, 1088.0772683982684, 17.966525890561883, 1073.7821153846153, 1038.8435714285715, 12.676993355481727, 16.63160686075378]","[100.0, 100.0, 34.4, 100.0, 100.0, 38.900000000000006, 100.0, 100.0, 34.4, 42.2]"
ga,22,14,13.069043859926595,35.410000000000004,27.3,1.748805764688499,5.2,13.388928571428574,23.344166666666673,9.955238095238096,True,0.0,hospital_corridor,28,12,"[11, 29, 47, 53, 61, 73, 89, 97, 101, 109]","[3.4763814395866093, 4.9867098928735984, 0.92045825553947, 0.5, 1.0]","{""time"": 0.0, ""collisions"": 0.05, ""congestion"": 1.0, ""fairness"": 1.0, ""incomplete_base"": 1000.0, ""incomplete_agent"": 10.0}","[14.195595238095242, 11.547940797940797, 11.106292517006803, 14.038301849665487, 7.857882882882883, 12.466666666666669, 19.069123606889562, 13.007296466973887, 15.00050270688322, 12.4008358662614]","[40.0, 33.300000000000004, 29.400000000000002, 36.300000000000004, 29.6, 30.0, 42.300000000000004, 37.2, 43.1, 32.9]"
ga,22,15,12.889173672923992,34.00000000000001,34.4,1.9359593872097047,5.2,13.364285714285714,22.5975,9.233214285714286,True,0.0,hospital_corridor,28,12,"[11, 29, 47, 53, 61, 73, 89, 97, 101, 109]","[3.7149076131878704, 5.0, 0.9200844288199317, 0.5, 1.0]","{""time"": 0.0, ""collisions"": 0.05, ""congestion"": 1.0, ""fairness"": 1.0, ""incomplete_base"": 1000.0, ""incomplete_agent"": 10.0}","[17.367723453017568, 12.473593073593076, 12.629931972789116, 12.074287939474857, 7.700558035714286, 12.658309990662934, 17.24197994987469, 12.59373419113604, 12.642094313453537, 11.50952380952381]","[37.4, 33.0, 29.400000000000002, 32.1, 25.6, 30.6, 39.900000000000006, 43.300000000000004, 30.900000000000002, 37.800000000000004]"
ga,22,16,12.795042796752956,33.25000000000001,28.0,1.697899939610099,5.1,12.657857142857143,22.355,9.697142857142858,True,0.0,hospital_corridor,28,12,"[11, 29, 47, 53, 61, 73, 89, 97, 101, 109]","[3.637477154416983, 4.9999999957779195, 0.9208772735947499, 0.5, 1.0]","{""time"": 0.0, ""collisions"": 0.05, ""congestion"": 1.0, ""fairness"": 1.0, ""incomplete_base"": 1000.0, ""incomplete_agent"": 10.0}","[17.670962143399507, 11.441849816849818, 11.258877783195189, 12.465655884995506, 9.15990731863215, 12.98828541001065, 14.401278659611993, 13.31832298136646, 13.280737704918032, 11.964550264550265]","[43.900000000000006, 31.200000000000003, 29.3, 31.8, 29.8, 31.3, 32.4, 34.5, 30.5, 37.800000000000004]"
ga,22,17,147.84342231579927,29.95,2748.5,1.9785413634183064,6.3,11.276785714285714,19.71666666666667,8.439880952380951,True,0.0,hospital_corridor,28,12,"[11, 29, 47, 53, 61, 73, 89, 97, 101, 109]","[3.6445226344896455, 5.0, 0.625916697853196, 0.5, 1.0]","{""time"": 0.0, ""collisions"": 0.05, ""congestion"": 1.0, ""fairness"": 1.0, ""incomplete_base"": 1000.0, ""incomplete_agent"": 10.0}","[199.22386515353807, 152.65863514419854, 118.98413816230719, 130.17012987012987, 132.4770027505587, 109.56655370177268, 160.80967908902693, 212.0520114942529, 116.78030303030303, 145.71190476190478]","[32.1, 28.400000000000002, 28.400000000000002, 29.700000000000003, 27.700000000000003, 27.400000000000002, 32.2, 34.800000000000004, 30.8, 28.0]"
ga,22,18,1018.1530587858946,40.5,20.3,1.950068859154678,5.3,12.66659340659341,21.85458333333333,9.187989926739926,False,0.6,hospital_corridor,28,12,"[11, 29, 47, 53, 61, 73, 89, 97, 101, 109]","[3.605700842316463, 5.0, 0.9216076520500807, 0.5, 1.0]","{""time"": 0.0, ""collisions"": 0.05, ""congestion"": 1.0, ""fairness"": 1.0, ""incomplete_base"": 1000.0, ""incomplete_agent"": 10.0}","[13.159247757073842, 1071.985423076923, 13.431605222734255, 12.371044546850996, 8.44119937694704, 12.115476190476192, 13.843452380952382, 11.87404761904762, 12.509435922019815, 11.799655765920827]","[41.400000000000006, 100.0, 37.2, 31.0, 32.1, 29.200000000000003, 33.6, 37.5, 29.8, 33.2]"
ga,22,19,13.919065619901641,36.31,33.9,1.8358513341873528,5.3,13.426785714285714,23.815,10.388214285714287,True,0.0,hospital_corridor,28,12,"[11, 29, 47, 53, 61, 73, 89, 97, 101, 109]","[3.3837592673731622, 4.999999995148687, 0.9200664086916023, 0.5, 1.0]","{""time"": 0.0, ""collisions"": 0.05, ""congestion"": 1.0, ""fairness"": 1.0, ""incomplete_base"": 1000.0, ""incomplete_agent"": 10.0}","[25.560037541987747, 10.193943125839677, 11.263775510204082, 14.606873315363883, 8.307640144665461, 11.955627705627705, 13.238588850174217, 12.613614246788636, 14.172226974622182, 17.2783287837428]","[48.2, 31.900000000000002, 29.400000000000002, 37.1, 31.6, 30.8, 36.9, 36.7, 33.4, 47.1]"
ga,22,20,11.821842496851406,31.869999999999997,21.9,1.7342234492323598,4.9,12.745714285714286,21.738333333333337,8.992619047619048,True,0.0,hospital_corridor,28,12,"[11, 29, 47, 53, 61, 73, 89, 97, 101, 109]","[3.6461576623598186, 5.0, 0.920838062619316, 0.5, 1.0]","{""time"": 0.0, ""collisions"": 0.05, ""congestion"": 1.0, ""fairness"": 1.0, ""incomplete_base"": 1000.0, ""incomplete_agent"": 10.0}","[12.829401052205583, 10.577133728890917, 11.56236795059321, 12.13159824046921, 8.157890365448505, 12.631396287328492, 14.020890461447737, 12.058054711246202, 12.412937559129613, 11.836754611754612]","[35.300000000000004, 31.3, 29.3, 34.1, 25.8, 29.5, 32.300000000000004, 37.6, 30.200000000000003, 33.300000000000004]"
ga,22,21,13.122035049391297,34.83,39.5,1.8569160017722468,5.4,13.203214285714287,22.493333333333336,9.29011904761905,True,0.0,hospital_corridor,28,12,"[11, 29, 47, 53, 61, 73, 89, 97, 101, 109]","[3.718576789505688, 5.0, 0.9217056145329556, 0.5, 1.0]","{""time"": 0.0, ""collisions"": 0.05, ""congestion"": 1.0, ""fairness"": 1.0, ""incomplete_base"": 1000.0, ""incomplete_agent"": 10.0}","[21.381690279417555, 12.21839826839827, 12.543524970963997, 11.651870748299322, 10.216637980493404, 11.756099151989563, 14.476813917586986, 12.078884011705243, 13.020590828924165, 11.875840336134454]","[48.400000000000006, 33.0, 32.800000000000004, 29.400000000000002, 33.2, 29.200000000000003, 40.1, 35.800000000000004, 32.4, 34.0]"
ga,22,22,14.279227856508449,34.5,44.5,1.855299285079877,5.2,12.45607142857143,22.655,10.19892857142857,True,0.0,hospital_corridor,28,12,"[11, 29, 47, 53, 61, 73, 89, 97, 101, 109]","[4.089283926682282, 5.0, 0.9218492431046856, 0.5, 1.0]","{""time"": 0.0, ""collisions"": 0.05, ""congestion"": 1.0, ""fairness"": 1.0, ""incomplete_base"": 1000.0, ""incomplete_agent"": 10.0}","[25.072110659210303, 16.161328725038402, 11.422766323024057, 12.479922418405565, 10.330857637172517, 13.026063829787235, 15.027954144620812, 13.026863354037268, 14.465476190476192, 11.77893528331214]","[56.2, 37.2, 29.1, 35.6, 28.900000000000002, 28.200000000000003, 32.4, 32.2, 31.5, 33.7]"
ga,22,23,13.167125567622016,35.32,27.6,1.8476017580982067,5.2,13.03464285714286,22.97416666666667,9.93952380952381,True,0.0,hospital_corridor,28,12,"[11, 29, 47, 53, 61, 73, 89, 97, 101, 109]","[3.6131034278683636, 5.0, 0.9210612097561292, 0.5, 1.0]","{""time"": 0.0, ""collisions"": 0.05, ""congestion"": 1.0, ""fairness"": 1.0, ""incomplete_base"": 1000.0, ""incomplete_agent"": 10.0}","[17.54676113360324, 16.416614274071488, 11.312074829931973, 13.783901758901758, 8.395603488920322, 11.980964014270203, 15.567596404556062, 10.410714285714285, 13.898692152917505, 12.358333333333334]","[49.400000000000006, 40.900000000000006, 29.400000000000002, 33.300000000000004, 30.3, 30.700000000000003, 34.7, 36.0, 35.5, 33.0]"
ga,23,0,11.821842496851406,31.869999999999997,21.9,1.7342234492323598,4.9,12.745714285714286,21.738333333333337,8.992619047619048,True,0.0,hospital_corridor,28,12,"[11, 29, 47, 53, 61, 73, 89, 97, 101, 109]","[3.6461576623598186, 5.0, 0.920838062619316, 0.5, 1.0]","{""time"": 0.0, ""collisions"": 0.05, ""congestion"": 1.0, ""fairness"": 1.0, ""incomplete_base"": 1000.0, ""incomplete_agent"": 10.0}","[12.829401052205583, 10.577133728890917, 11.56236795059321, 12.13159824046921, 8.157890365448505, 12.631396287328492, 14.020890461447737, 12.058054711246202, 12.412937559129613, 11.836754611754612]","[35.300000000000004, 31.3, 29.3, 34.1, 25.8, 29.5, 32.300000000000004, 37.6, 30.200000000000003, 33.300000000000004]"
ga,23,1,11.821842496851406,31.869999999999997,21.9,1.7342234492323598,4.9,12.745714285714286,21.738333333333337,8.992619047619048,True,0.0,hospital_corridor,28,12,"[11, 29, 47, 53, 61, 73, 89, 97, 101, 109]","[3.6461576623598186, 5.0, 0.920838062619316, 0.5, 1.0]","{""time"": 0.0, ""collisions"": 0.05, ""congestion"": 1.0, ""fairness"": 1.0, ""incomplete_base"": 1000.0, ""incomplete_agent"": 10.0}","[12.829401052205583, 10.577133728890917, 11.56236795059321, 12.13159824046921, 8.157890365448505, 12.631396287328492, 14.020890461447737, 12.058054711246202, 12.412937559129613, 11.836754611754612]","[35.300000000000004, 31.3, 29.3, 34.1, 25.8, 29.5, 32.300000000000004, 37.6, 30.200000000000003, 33.300000000000004]"
ga,23,2,11.821842496851406,31.869999999999997,21.9,1.7342234492323598,4.9,12.745714285714286,21.738333333333337,8.992619047619048,True,0.0,hospital_corridor,28,12,"[11, 29, 47, 53, 61, 73, 89, 97, 101, 109]","[3.6461576623598186, 5.0, 0.920838062619316, 0.5, 1.0]","{""time"": 0.0, ""collisions"": 0.05, ""congestion"": 1.0, ""fairness"": 1.0, ""incomplete_base"": 1000.0, ""incomplete_agent"": 10.0}","[12.829401052205583, 10.577133728890917, 11.56236795059321, 12.13159824046921, 8.157890365448505, 12.631396287328492, 14.020890461447737, 12.058054711246202, 12.412937559129613, 11.836754611754612]","[35.300000000000004, 31.3, 29.3, 34.1, 25.8, 29.5, 32.300000000000004, 37.6, 30.200000000000003, 33.300000000000004]"
ga,23,3,11.821842496851406,31.869999999999997,21.9,1.7342234492323598,4.9,12.745714285714286,21.738333333333337,8.992619047619048,True,0.0,hospital_corridor,28,12,"[11, 29, 47, 53, 61, 73, 89, 97, 101, 109]","[3.6461576623598186, 5.0, 0.920838062619316, 0.5, 1.0]","{""time"": 0.0, ""collisions"": 0.05, ""congestion"": 1.0, ""fairness"": 1.0, ""incomplete_base"": 1000.0, ""incomplete_agent"": 10.0}","[12.829401052205583, 10.577133728890917, 11.56236795059321, 12.13159824046921, 8.157890365448505, 12.631396287328492, 14.020890461447737, 12.058054711246202, 12.412937559129613, 11.836754611754612]","[35.300000000000004, 31.3, 29.3, 34.1, 25.8, 29.5, 32.300000000000004, 37.6, 30.200000000000003, 33.300000000000004]"
ga,23,4,12.93621357106106,34.57,29.9,1.8472849996324865,5.2,13.518571428571429,23.1125,9.593928571428574,True,0.0,hospital_corridor,28,12,"[11, 29, 47, 53, 61, 73, 89, 97, 101, 109]","[3.665149083892127, 5.0, 0.9203776032283482, 0.5, 1.0]","{""time"": 0.0, ""collisions"": 0.05, ""congestion"": 1.0, ""fairness"": 1.0, ""incomplete_base"": 1000.0, ""incomplete_agent"": 10.0}","[20.43725038402458, 10.368911995177818, 12.057142857142857, 11.25979133226324, 7.657359307359306, 13.15639589169001, 13.93978564235362, 13.953277520484505, 14.462311092101514, 12.069909688013137]","[46.5, 31.6, 33.6, 35.6, 26.400000000000002, 30.6, 33.1, 40.1, 33.4, 34.800000000000004]"
ga,23,5,1147.2194576199167,36.589999999999996,2720.1,1.8419359748951254,5.7,11.200357142857145,19.572878787878786,8.372521645021646,False,0.1,hospital_corridor,28,12,"[11, 29, 47, 53, 61, 73, 89, 97, 101, 109]","[3.695916191655561, 5.0, 0.5, 0.5, 1.0]","{""time"": 0.0, ""collisions"": 0.05, ""congestion"": 1.0, ""fairness"": 1.0, ""incomplete_base"": 1000.0, ""incomplete_agent"": 10.0}","[1183.9364545454546, 159.59205231388333, 116.92613158337541, 130.48397901533494, 153.92665463297232, 111.7231317344456, 156.51275257877631, 195.46071428571432, 121.64136904761905, 141.99133646159197]","[100.0, 28.400000000000002, 28.3, 29.5, 27.700000000000003, 27.400000000000002, 33.7, 31.5, 32.0, 27.400000000000002]"
ga,23,6,13.10989455914514,34.46,29.0,1.7747755115260901,5.3,13.138214285714284,23.023333333333333,9.88511904761905,True,0.0,hospital_corridor,28,12,"[11, 29, 47, 53, 61, 73, 89, 97, 101, 109]","[3.6591494687849613, 5.0, 0.921677287569231, 0.5, 1.0]","{""time"": 0.0, ""collisions"": 0.05, ""congestion"": 1.0, ""fairness"": 1.0, ""incomplete_base"": 1000.0, ""incomplete_agent"": 10.0}","[15.926895943562613, 11.300457875457877, 12.608163265306123, 12.033748145150414, 12.281496862310819, 12.036626858945471, 14.665819209039547, 12.009047619047621, 15.845771144278608, 12.390918668352297]","[40.5, 31.200000000000003, 29.400000000000002, 35.300000000000004, 38.7, 31.700000000000003, 35.4, 35.0, 33.5, 33.9]"
ga,23,7,12.681817271537259,34.58,26.6,1.6966982239182098,5.5,12.908214285714285,22.56333333333334,9.65511904761905,True,0.0,hospital_corridor,28,12,"[11, 29, 47, 53, 61, 73, 89, 97, 101, 109]","[3.7055849830805454, 5.0, 0.9208663895830407, 0.5, 1.0]","{""time"": 0.0, ""collisions"": 0.05, ""congestion"": 1.0, ""fairness"": 1.0, ""incomplete_base"": 1000.0, ""incomplete_agent"": 10.0}","[15.240101565101567, 9.42725543891678, 12.706382079459003, 13.40371148459384, 8.137611607142858, 11.821703296703298, 16.366456582633052, 12.01342332208474, 15.994946279347394, 11.706581059390048]","[42.900000000000006, 31.3, 33.800000000000004, 35.7, 25.6, 31.200000000000003, 35.7, 38.1, 35.9, 35.6]"
ga,23,8,13.538303242551954,34.97,41.1,1.7578270520757644,5.3,12.795357142857144,22.520833333333336,9.72547619047619,True,0.0,hospital_corridor,28,12,"[11, 29, 47, 53, 61, 73, 89, 97, 101, 109]","[3.6461576623598186, 4.502475852279652, 0.920838062619316, 0.5, 1.0]","{""time"": 0.0, ""collisions"": 0.05, ""congestion"": 1.0, ""fairness"": 1.0, ""incomplete_base"": 1000.0, ""incomplete_agent"": 10.0}","[19.88095238095238, 14.806934001670843, 11.303988708885615, 11.548265776898996, 8.828559403559405, 12.189413123108777, 15.734127999025697, 13.546805752003774, 14.83593623890234, 12.708049040511728]","[49.5, 34.2, 29.1, 28.900000000000002, 29.700000000000003, 29.900000000000002, 39.1, 40.400000000000006, 35.4, 33.5]"
ga,23,9,11.821842496851406,31.869999999999997,21.9,1.7342234492323598,4.9,12.745714285714286,21.738333333333337,8.992619047619048,True,0.0,hospital_corridor,28,12,"[11, 29, 47, 53, 61, 73, 89, 97, 101, 109]","[3.6461576623598186, 5.0, 0.920838062619316, 0.5, 1.0]","{""time"": 0.0, ""collisions"": 0.05, ""congestion"": 1.0, ""fairness"": 1.0, ""incomplete_base"": 1000.0, ""incomplete_agent"": 10.0}","[12.829401052205583, 10.577133728890917, 11.56236795059321, 12.13159824046921, 8.157890365448505, 12.631396287328492, 14.020890461447737, 12.058054711246202, 12.412937559129613, 11.836754611754612]","[35.300000000000004, 31.3, 29.3, 34.1, 25.8, 29.5, 32.300000000000004, 37.6, 30.200000000000003, 33.300000000000004]"
ga,23,10,14.008126455620825,36.480000000000004,32.0,1.6433645508589205,4.9,13.21107142857143,23.975833333333334,10.764761904761905,True,0.0,hospital_corridor,28,12,"[11, 29, 47, 53, 61, 73, 89, 97, 101, 109]","[3.7149076131878704, 5.0, 0.930226552113186, 0.5, 1.0]","{""time"": 0.0, ""collisions"": 0.05, ""congestion"": 1.0, ""fairness"": 1.0, ""incomplete_base"": 1000.0, ""incomplete_agent"": 10.0}","[19.39084249084249, 13.859584086799279, 11.91466357874208, 14.091657579062161, 9.512762067284253, 13.634577758595885, 13.797007426823942, 15.451110744528762, 12.972058823529412, 15.457]","[46.800000000000004, 39.5, 29.3, 39.300000000000004, 29.3, 33.1, 32.7, 43.300000000000004, 34.0, 37.5]"
ga,23,11,13.10577976113245,37.41000000000001,14.5,1.7114940468467352,5.0,13.918214285714289,24.5875,10.669285714285715,True,0.0,hospital_corridor,28,12,"[11, 29, 47, 53, 61, 73, 89, 97, 101, 109]","[2.8610831076183803, 5.0, 0.9210612097561292, 0.5, 1.0]","{""time"": 0.0, ""collisions"": 0.05, ""congestion"": 1.0, ""fairness"": 1.0, ""incomplete_base"": 1000.0, ""incomplete_agent"": 10.0}","[7.673211437685122, 14.449647805332406, 16.23333333333333, 11.441181921870545, 7.408333333333335, 14.39134199134199, 14.506255044390638, 17.307708628005656, 13.56668461354391, 14.080099502487561]","[41.800000000000004, 40.900000000000006, 42.0, 33.4, 28.0, 33.0, 41.300000000000004, 40.400000000000006, 39.800000000000004, 33.5]"
ga,23,12,12.78815961538061,34.67,22.6,1.7513739010948952,5.2,12.973214285714288,22.88,9.906785714285714,True,0.0,hospital_corridor,28,12,"[11, 29, 47, 53, 61, 73, 89, 97, 101, 109]","[3.6386941920365636, 4.999999999969503, 0.9208702635476599, 0.5, 1.0]","{""time"": 0.0, ""collisions"": 0.05, ""congestion"": 1.0, ""fairness"": 1.0, ""incomplete_base"": 1000.0, ""incomplete_agent"": 10.0}","[13.438489958317545, 10.850259125732311, 12.035324232081912, 13.899302134646964, 9.032630233301374, 13.564254385964913, 15.386111111111113, 13.145065120065121, 14.401011007418044, 12.12914884516681]","[37.7, 31.700000000000003, 29.3, 43.5, 29.8, 30.400000000000002, 36.0, 35.1, 39.800000000000004, 33.4]"
ga,23,13,15.44497536942002,32.980000000000004,69.3,1.8584277503723992,5.0,12.556785714285715,22.67833333333333,10.12154761904762,True,0.0,hospital_corridor,28,12,"[11, 29, 47, 53, 61, 73, 89, 97, 101, 109]","[4.489286711355657, 4.999999995808417, 0.920845072666406, 0.5, 1.0]","{""time"": 0.0, ""collisions"": 0.05, ""congestion"": 1.0, ""fairness"": 1.0, ""incomplete_base"": 1000.0, ""incomplete_agent"": 10.0}","[16.283791208791207, 19.996506986027946, 15.95982142857143, 15.44240162302863, 17.140945882074917, 13.978320802005012, 16.981402647018694, 13.175037096991774, 13.357399035563592, 12.134126984126983]","[31.200000000000003, 33.4, 32.0, 31.1, 40.300000000000004, 28.5, 34.9, 35.300000000000004, 31.6, 31.5]"
ga,23,14,14.519344959819575,32.55,59.7,1.9318449598195744,5.5,12.59,22.192500000000003,9.602500000000001,True,0.0,hospital_corridor,28,12,"[11, 29, 47, 53, 61, 73, 89, 97, 101, 109]","[3.9742318689724065, 4.490363113686918, 0.9213677405013825, 0.5, 1.0]","{""time"": 0.0, ""collisions"": 0.05, ""congestion"": 1.0, ""fairness"": 1.0, ""incomplete_base"": 1000.0, ""incomplete_agent"": 10.0}","[17.462413872301333, 15.604228855721395, 14.16252204585538, 16.532756354075374, 9.684262883235487, 13.11591478696742, 16.461047619047623, 16.031190476190474, 13.941707717569788, 12.197404987231488]","[31.1, 33.5, 32.4, 32.6, 29.200000000000003, 28.5, 37.5, 40.0, 29.0, 31.700000000000003]"
ga,23,15,12.833120894934657,34.48,28.5,1.880025656839419,5.1,13.216071428571428,22.744166666666672,9.528095238095238,True,0.0,hospital_corridor,28,12,"[11, 29, 47, 53, 61, 73, 89, 97, 101, 109]","[3.7612097200696937, 5.0, 0.9213195652226192, 0.5, 1.0]","{""time"": 0.0, ""collisions"": 0.05, ""congestion"": 1.0, ""fairness"": 1.0, ""incomplete_base"": 1000.0, ""incomplete_agent"": 10.0}","[17.93152709359606, 10.84139194139194, 12.25678686265503, 11.411198247845132, 10.090161725067388, 12.132339224349534, 15.272828768813227, 12.302966246164338, 13.362211291702312, 12.729797547761619]","[40.6, 31.200000000000003, 31.1, 33.7, 31.8, 29.1, 38.6, 41.900000000000006, 33.4, 33.4]"
ga,23,16,11.821842496851406,31.869999999999997,21.9,1.7342234492323598,4.9,12.745714285714286,21.738333333333337,8.992619047619048,True,0.0,hospital_corridor,28,12,"[11, 29, 47, 53, 61, 73, 89, 97, 101, 109]","[3.6461576623598186, 5.0, 0.920838062619316, 0.5, 1.0]","{""time"": 0.0, ""collisions"": 0.05, ""congestion"": 1.0, ""fairness"": 1.0, ""incomplete_base"": 1000.0, ""incomplete_agent"": 10.0}","[12.829401052205583, 10.577133728890917, 11.56236795059321, 12.13159824046921, 8.157890365448505, 12.631396287328492, 14.020890461447737, 12.058054711246202, 12.412937559129613, 11.836754611754612]","[35.300000000000004, 31.3, 29.3, 34.1, 25.8, 29.5, 32.300000000000004, 37.6, 30.200000000000003, 33.300000000000004]"
ga,23,17,11.821842496851406,31.869999999999997,21.9,1.7342234492323598,4.9,12.745714285714286,21.738333333333337,8.992619047619048,True,0.0,hospital_corridor,28,12,"[11, 29, 47, 53, 61, 73, 89, 97, 101, 109]","[3.6461576623598186, 5.0, 0.920838062619316, 0.5, 1.0]","{""time"": 0.0, ""collisions"": 0.05, ""congestion"": 1.0, ""fairness"": 1.0, ""incomplete_base"": 1000.0, ""incomplete_agent"": 10.0}","[12.829401052205583, 10.577133728890917, 11.56236795059321, 12.13159824046921, 8.157890365448505, 12.631396287328492, 14.020890461447737, 12.058054711246202, 12.412937559129613, 11.836754611754612]","[35.300000000000004, 31.3, 29.3, 34.1, 25.8, 29.5, 32.300000000000004, 37.6, 30.200000000000003, 33.300000000000004]"
ga,23,18,12.8226035110837,35.54,22.3,1.7705797015598914,5.0,13.209642857142859,23.14666666666667,9.93702380952381,True,0.0,hospital_corridor,28,12,"[11, 29, 47, 53, 61, 73, 89, 97, 101, 109]","[3.4685582207220813, 4.999999996829131, 0.9206657502044084, 0.5, 1.0]","{""time"": 0.0, ""collisions"": 0.05, ""congestion"": 1.0, ""fairness"": 1.0, ""incomplete_base"": 1000.0, ""incomplete_agent"": 10.0}","[12.554323308270675, 14.180791505791507, 11.333535108958838, 14.6084126984127, 9.54387070617721, 11.970681063122925, 13.47199036918138, 14.637574404761908, 13.527963826480146, 12.396892119679732]","[39.900000000000006, 37.0, 29.5, 45.0, 32.300000000000004, 30.1, 35.6, 38.400000000000006, 33.7, 33.9]"
ga,23,19,13.193826165658365,33.36,25.8,1.9238261656583653,5.2,13.1125,23.0925,9.98,True,0.0,hospital_corridor,28,12,"[11, 29, 47, 53, 61, 73, 89, 97, 101, 109]","[3.561358709010899, 4.999999998319556, 0.9202387211065098, 0.5, 1.0]","{""time"": 0.0, ""collisions"": 0.05, ""congestion"": 1.0, ""fairness"": 1.0, ""incomplete_base"": 1000.0, ""incomplete_agent"": 10.0}","[13.573214285714286, 15.26842723004695, 12.24795918367347, 17.000995024875625, 7.699888392857142, 11.384720176730486, 15.532593688362919, 14.554088471849868, 12.292940552016983, 12.383434650455929]","[38.400000000000006, 35.5, 29.400000000000002, 40.2, 25.6, 29.1, 33.800000000000004, 37.300000000000004, 31.400000000000002, 32.9]"
ga,23,20,11.821842496851406,31.869999999999997,21.9,1.7342234492323598,4.9,12.745714285714286,21.738333333333337,8.992619047619048,True,0.0,hospital_corridor,28,12,"[11, 29, 47, 53, 61, 73, 89, 97, 101, 109]","[3.6461576623598186, 5.0, 0.920838062619316, 0.5, 1.0]","{""time"": 0.0, ""collisions"": 0.05, ""congestion"": 1.0, ""fairness"": 1.0, ""incomplete_base"": 1000.0, ""incomplete_agent"": 10.0}","[12.829401052205583, 10.577133728890917, 11.56236795059321, 12.13159824046921, 8.157890365448505, 12.631396287328492, 14.020890461447737, 12.058054711246202, 12.412937559129613, 11.836754611754612]","[35.300000000000004, 31.3, 29.3, 34.1, 25.8, 29.5, 32.300000000000004, 37.6, 30.200000000000003, 33.300000000000004]"
ga,23,21,11.821842496851406,31.869999999999997,21.9,1.7342234492323598,4.9,12.745714285714286,21.738333333333337,8.992619047619048,True,0.0,hospital_corridor,28,12,"[11, 29, 47, 53, 61, 73, 89, 97, 101, 109]","[3.6461576623598186, 5.0, 0.920838062619316, 0.5, 1.0]","{""time"": 0.0, ""collisions"": 0.05, ""congestion"": 1.0, ""fairness"": 1.0, ""incomplete_base"": 1000.0, ""incomplete_agent"": 10.0}","[12.829401052205583, 10.577133728890917, 11.56236795059321, 12.13159824046921, 8.157890365448505, 12.631396287328492, 14.020890461447737, 12.058054711246202, 12.412937559129613, 11.836754611754612]","[35.300000000000004, 31.3, 29.3, 34.1, 25.8, 29.5, 32.300000000000004, 37.6, 30.200000000000003, 33.300000000000004]"
ga,23,22,11.821842496851406,31.869999999999997,21.9,1.7342234492323598,4.9,12.745714285714286,21.738333333333337,8.992619047619048,True,0.0,hospital_corridor,28,12,"[11, 29, 47, 53, 61, 73, 89, 97, 101, 109]","[3.6461576623598186, 5.0, 0.920838062619316, 0.5, 1.0]","{""time"": 0.0, ""collisions"": 0.05, ""congestion"": 1.0, ""fairness"": 1.0, ""incomplete_base"": 1000.0, ""incomplete_agent"": 10.0}","[12.829401052205583, 10.577133728890917, 11.56236795059321, 12.13159824046921, 8.157890365448505, 12.631396287328492, 14.020890461447737, 12.058054711246202, 12.412937559129613, 11.836754611754612]","[35.300000000000004, 31.3, 29.3, 34.1, 25.8, 29.5, 32.300000000000004, 37.6, 30.200000000000003, 33.300000000000004]"
ga,23,23,13.341215777719432,32.49,37.3,1.7822872062908584,5.3,12.57607142857143,22.27,9.693928571428573,True,0.0,hospital_corridor,28,12,"[11, 29, 47, 53, 61, 73, 89, 97, 101, 109]","[4.046809514121106, 5.0, 0.920838062619316, 0.5, 1.0]","{""time"": 0.0, ""collisions"": 0.05, ""congestion"": 1.0, ""fairness"": 1.0, ""incomplete_base"": 1000.0, ""incomplete_agent"": 10.0}","[15.484540117416831, 15.672945521698985, 11.410714285714286, 16.379045683313976, 9.400181598062956, 12.656036217303823, 14.804142409314824, 13.218399549168778, 12.14160530191458, 12.244547093285265]","[36.5, 36.1, 31.0, 36.9, 29.5, 28.400000000000002, 31.900000000000002, 33.800000000000004, 29.1, 31.700000000000003]"
ga,24,0,11.821842496851406,31.869999999999997,21.9,1.7342234492323598,4.9,12.745714285714286,21.738333333333337,8.992619047619048,True,0.0,hospital_corridor,28,12,"[11, 29, 47, 53, 61, 73, 89, 97, 101, 109]","[3.6461576623598186, 5.0, 0.920838062619316, 0.5, 1.0]","{""time"": 0.0, ""collisions"": 0.05, ""congestion"": 1.0, ""fairness"": 1.0, ""incomplete_base"": 1000.0, ""incomplete_agent"": 10.0}","[12.829401052205583, 10.577133728890917, 11.56236795059321, 12.13159824046921, 8.157890365448505, 12.631396287328492, 14.020890461447737, 12.058054711246202, 12.412937559129613, 11.836754611754612]","[35.300000000000004, 31.3, 29.3, 34.1, 25.8, 29.5, 32.300000000000004, 37.6, 30.200000000000003, 33.300000000000004]"
ga,24,1,11.821842496851406,31.869999999999997,21.9,1.7342234492323598,4.9,12.745714285714286,21.738333333333337,8.992619047619048,True,0.0,hospital_corridor,28,12,"[11, 29, 47, 53, 61, 73, 89, 97, 101, 109]","[3.6461576623598186, 5.0, 0.920838062619316, 0.5, 1.0]","{""time"": 0.0, ""collisions"": 0.05, ""congestion"": 1.0, ""fairness"": 1.0, ""incomplete_base"": 1000.0, ""incomplete_agent"": 10.0}","[12.829401052205583, 10.577133728890917, 11.56236795059321, 12.13159824046921, 8.157890365448505, 12.631396287328492, 14.020890461447737, 12.058054711246202, 12.412937559129613, 11.836754611754612]","[35.300000000000004, 31.3, 29.3, 34.1, 25.8, 29.5, 32.300000000000004, 37.6, 30.200000000000003, 33.300000000000004]"
ga,24,2,11.821842496851406,31.869999999999997,21.9,1.7342234492323598,4.9,12.745714285714286,21.738333333333337,8.992619047619048,True,0.0,hospital_corridor,28,12,"[11, 29, 47, 53, 61, 73, 89, 97, 101, 109]","[3.6461576623598186, 5.0, 0.920838062619316, 0.5, 1.0]","{""time"": 0.0, ""collisions"": 0.05, ""congestion"": 1.0, ""fairness"": 1.0, ""incomplete_base"": 1000.0, ""incomplete_agent"": 10.0}","[12.829401052205583, 10.577133728890917, 11.56236795059321, 12.13159824046921, 8.157890365448505, 12.631396287328492, 14.020890461447737, 12.058054711246202, 12.412937559129613, 11.836754611754612]","[35.300000000000004, 31.3, 29.3, 34.1, 25.8, 29.5, 32.300000000000004, 37.6, 30.200000000000003, 33.300000000000004]"
ga,24,3,1099.040329647746,100.0,9.8,0.5102000000000001,4.3,13.55450130463505,22.594630952380953,9.040129647745903,False,8.9,hospital_corridor,28,12,"[11, 29, 47, 53, 61, 73, 89, 97, 101, 109]","[3.6461576623598186, 5.0, 1.1576695427382637, 0.5, 1.0]","{""time"": 0.0, ""collisions"": 0.05, ""congestion"": 1.0, ""fairness"": 1.0, ""incomplete_base"": 1000.0, ""incomplete_agent"": 10.0}","[1116.319880952381, 1161.7604117647059, 1060.059, 1108.581, 1136.7597368421052, 1061.101153846154, 1081.313, 1073.6750687830688, 1058.2902564102565, 1132.543787878788]","[100.0, 100.0, 100.0, 100.0, 100.0, 100.0, 100.0, 100.0, 100.0, 100.0]"
ga,24,4,12.726601460263343,33.67999999999999,24.6,1.7361252697871503,5.7,12.615357142857144,22.375833333333336,9.760476190476192,True,0.0,hospital_corridor,28,12,"[11, 29, 47, 53, 61, 73, 89, 97, 101, 109]","[3.6461576623598186, 4.705099488490817, 0.920838062619316, 0.5, 1.0]","{""time"": 0.0, ""collisions"": 0.05, ""congestion"": 1.0, ""fairness"": 1.0, ""incomplete_base"": 1000.0, ""incomplete_agent"": 10.0}","[17.13373015873016, 11.406349206349207, 12.079026491142532, 12.750680272108847, 7.480841638981172, 12.20553607946246, 15.786632083000798, 12.949626046383976, 13.66297965788257, 11.810612968591691]","[44.1, 31.5, 29.3, 39.2, 25.8, 32.6, 35.800000000000004, 34.7, 30.900000000000002, 32.9]"
ga,24,5,13.044955642337062,35.81,19.4,1.7259080232894426,5.1,13.601785714285716,23.950833333333332,10.349047619047619,True,0.0,hospital_corridor,28,12,"[11, 29, 47, 53, 61, 73, 89, 97, 101, 109]","[3.646157662359818, 5.0, 0.9716803167412891, 0.5, 1.0]","{""time"": 0.0, ""collisions"": 0.05, ""congestion"": 1.0, ""fairness"": 1.0, ""incomplete_base"": 1000.0, ""incomplete_agent"": 10.0}","[14.63687963311974, 11.776863354037268, 11.436371488658555, 15.437915494425342, 9.348383790602332, 13.643184238551651, 14.446962233169131, 13.95160098522168, 13.437544273907912, 12.33385093167702]","[37.9, 32.2, 31.700000000000003, 45.7, 30.200000000000003, 31.3, 34.800000000000004, 43.5, 36.300000000000004, 34.5]"
ga,24,6,1019.3268255273024,39.61,26.5,1.7620350511119274,5.2,12.686042857142859,21.925833333333333,9.239790476190478,False,0.7,hospital_corridor,28,12,"[11, 29, 47, 53, 61, 73, 89, 97, 101, 109]","[3.6371545561373257, 4.9999999999590035, 0.9203581648324284, 0.5, 1.0]","{""time"": 0.0, ""collisions"": 0.05, ""congestion"": 1.0, ""fairness"": 1.0, ""incomplete_base"": 1000.0, ""incomplete_agent"": 10.0}","[1081.443, 15.393418688230012, 11.851418007476028, 10.44134382566586, 8.991187280281238, 12.094390637610978, 13.57294871794872, 11.843671679197996, 12.979750346740637, 14.65712608987257]","[100.0, 37.1, 29.3, 35.4, 29.8, 29.5, 32.5, 36.1, 30.900000000000002, 35.5]"
ga,24,7,14.143979809303262,36.84,30.5,1.7750512378746888,5.3,13.233571428571429,24.0775,10.843928571428574,True,0.0,hospital_corridor,28,12,"[11, 29, 47, 53, 61, 73, 89, 97, 101, 109]","[3.570361815233392, 4.999999998360552, 0.9207186188933976, 0.5, 1.0]","{""time"": 0.0, ""collisions"": 0.05, ""congestion"": 1.0, ""fairness"": 1.0, ""incomplete_base"": 1000.0, ""incomplete_agent"": 10.0}","[21.927977383338103, 14.855820105820108, 12.660204081632655, 14.62026678141136, 7.755350301039957, 11.94215210355987, 14.653251599147122, 12.60261904761905, 17.464393939393943, 12.957762750070444]","[49.900000000000006, 43.2, 29.400000000000002, 41.5, 26.1, 30.900000000000002, 33.5, 35.0, 45.1, 33.800000000000004]"
ga,24,8,11.821842496851406,31.869999999999997,21.9,1.7342234492323598,4.9,12.745714285714286,21.738333333333337,8.992619047619048,True,0.0,hospital_corridor,28,12,"[11, 29, 47, 53, 61, 73, 89, 97, 101, 109]","[3.6461576623598186, 5.0, 0.920838062619316, 0.5, 1.0]","{""time"": 0.0, ""collisions"": 0.05, ""congestion"": 1.0, ""fairness"": 1.0, ""incomplete_base"": 1000.0, ""incomplete_agent"": 10.0}","[12.829401052205583, 10.577133728890917, 11.56236795059321, 12.13159824046921, 8.157890365448505, 12.631396287328492, 14.020890461447737, 12.058054711246202, 12.412937559129613, 11.836754611754612]","[35.300000000000004, 31.3, 29.3, 34.1, 25.8, 29.5, 32.300000000000004, 37.6, 30.200000000000003, 33.300000000000004]"
ga,24,9,11.821842496851406,31.869999999999997,21.9,1.7342234492323598,4.9,12.745714285714286,21.738333333333337,8.992619047619048,True,0.0,hospital_corridor,28,12,"[11, 29, 47, 53, 61, 73, 89, 97, 101, 109]","[3.6461576623598186, 5.0, 0.920838062619316, 0.5, 1.0]","{""time"": 0.0, ""collisions"": 0.05, ""congestion"": 1.0, ""fairness"": 1.0, ""incomplete_base"": 1000.0, ""incomplete_agent"": 10.0}","[12.829401052205583, 10.577133728890917, 11.56236795059321, 12.13159824046921, 8.157890365448505, 12.631396287328492, 14.020890461447737, 12.058054711246202, 12.412937559129613, 11.836754611754612]","[35.300000000000004, 31.3, 29.3, 34.1, 25.8, 29.5, 32.300000000000004, 37.6, 30.200000000000003, 33.300000000000004]"
ga,24,10,11.821842496851406,31.869999999999997,21.9,1.7342234492323598,4.9,12.745714285714286,21.738333333333337,8.992619047619048,True,0.0,hospital_corridor,28,12,"[11, 29, 47, 53, 61, 73, 89, 97, 101, 109]","[3.6461576623598186, 5.0, 0.920838062619316, 0.5, 1.0]","{""time"": 0.0, ""collisions"": 0.05, ""congestion"": 1.0, ""fairness"": 1.0, ""incomplete_base"": 1000.0, ""incomplete_agent"": 10.0}","[12.829401052205583, 10.577133728890917, 11.56236795059321, 12.13159824046921, 8.157890365448505, 12.631396287328492, 14.020890461447737, 12.058054711246202, 12.412937559129613, 11.836754611754612]","[35.300000000000004, 31.3, 29.3, 34.1, 25.8, 29.5, 32.300000000000004, 37.6, 30.200000000000003, 33.300000000000004]"
ga,24,11,1088.6964817126172,100.0,12.0,0.5578999999999998,4.5,14.492521822736375,24.031103535353537,9.538581712617162,False,7.8,hospital_corridor,28,12,"[11, 29, 47, 53, 61, 73, 89, 97, 101, 109]","[3.6461576623598186, 5.0, 1.1555524890285735, 0.5, 1.0]","{""time"": 0.0, ""collisions"": 0.05, ""congestion"": 1.0, ""fairness"": 1.0, ""incomplete_base"": 1000.0, ""incomplete_agent"": 10.0}","[1080.3137272727272, 1143.7717647058823, 1032.0396363636364, 1108.258, 1136.3834736842105, 1071.2974444444444, 1081.0405, 1070.6086772486772, 1051.4153076923078, 1111.8362857142856]","[100.0, 100.0, 100.0, 100.0, 100.0, 100.0, 100.0, 100.0, 100.0, 100.0]"
ga,24,12,13.298579433824038,35.480000000000004,26.9,1.8198889576335613,5.6,13.022142857142859,23.155833333333334,10.133690476190477,True,0.0,hospital_corridor,28,12,"[11, 29, 47, 53, 61, 73, 89, 97, 101, 109]","[3.68379226886679, 5.0, 0.9208543167610386, 0.5, 1.0]","{""time"": 0.0, ""collisions"": 0.05, ""congestion"": 1.0, ""fairness"": 1.0, ""incomplete_base"": 1000.0, ""incomplete_agent"": 10.0}","[20.02014613778706, 9.52346390168971, 13.965075154730329, 13.893022328548646, 8.114590254706535, 11.967190165968667, 16.91996753246753, 12.247352054278178, 14.656198929275853, 11.67878787878788]","[47.900000000000006, 31.0, 37.7, 41.800000000000004, 25.8, 30.700000000000003, 35.2, 37.9, 33.800000000000004, 33.0]"
ga,24,13,14.735156587879427,32.760000000000005,66.0,1.8407518259746642,5.5,12.57392857142857,22.168333333333333,9.594404761904762,True,0.0,hospital_corridor,28,12,"[11, 29, 47, 53, 61, 73, 89, 97, 101, 109]","[4.469126758946757, 5.0, 0.9208501354413181, 0.5, 1.0]","{""time"": 0.0, ""collisions"": 0.05, ""congestion"": 1.0, ""fairness"": 1.0, ""incomplete_base"": 1000.0, ""incomplete_agent"": 10.0}","[19.124951606658925, 19.74309104873621, 11.340394088669951, 12.796724193032917, 13.485373295046664, 12.321975088967971, 19.436749903213318, 14.792047200111718, 12.240013703323056, 12.070245751033532]","[36.9, 34.1, 29.0, 29.8, 39.800000000000004, 28.1, 36.9, 34.1, 27.8, 31.1]"
ga,24,14,12.400874900780265,33.089999999999996,22.0,1.7967082341135978,5.1,12.720000000000002,22.22416666666667,9.504166666666666,True,0.0,hospital_corridor,28,12,"[11, 29, 47, 53, 61, 73, 89, 97, 101, 109]","[3.7184794333789633, 5.0, 0.920838062619316, 0.5, 1.0]","{""time"": 0.0, ""collisions"": 0.05, ""congestion"": 1.0, ""fairness"": 1.0, ""incomplete_base"": 1000.0, ""incomplete_agent"": 10.0}","[11.526130198915011, 11.973363095238096, 12.515816326530613, 11.993860877684408, 8.333556547619049, 12.341386554621849, 17.166276838191195, 11.952615144418424, 13.887577639751552, 12.318165784832452]","[39.5, 32.0, 29.400000000000002, 30.6, 25.6, 30.6, 39.7, 36.6, 34.5, 32.4]"
ga,24,15,12.654640419326658,33.720000000000006,25.0,1.7653547050409444,5.3,12.818214285714285,22.457500000000003,9.639285714285714,True,0.0,hospital_corridor,28,12,"[11, 29, 47, 53, 61, 73, 89, 97, 101, 109]","[3.742397132229305, 5.0, 0.920838062619316, 0.5, 1.0]","{""time"": 0.0, ""collisions"": 0.05, ""congestion"": 1.0, ""fairness"": 1.0, ""incomplete_base"": 1000.0, ""incomplete_agent"": 10.0}","[15.909590992153067, 9.863556067588325, 12.18759954493743, 13.689889680212262, 8.396600579395257, 12.299630143319463, 17.569047619047616, 11.979775280898878, 12.804761904761905, 11.845952380952381]","[44.300000000000004, 31.0, 29.3, 34.1, 26.3, 30.900000000000002, 38.7, 35.6, 32.0, 35.0]"
ga,24,16,11.821842496851406,31.869999999999997,21.9,1.7342234492323598,4.9,12.745714285714286,21.738333333333337,8.992619047619048,True,0.0,hospital_corridor,28,12,"[11, 29, 47, 53, 61, 73, 89, 97, 101, 109]","[3.6461576623598186, 5.0, 0.920838062619316, 0.5, 1.0]","{""time"": 0.0, ""collisions"": 0.05, ""congestion"": 1.0, ""fairness"": 1.0, ""incomplete_base"": 1000.0, ""incomplete_agent"": 10.0}","[12.829401052205583, 10.577133728890917, 11.56236795059321, 12.13159824046921, 8.157890365448505, 12.631396287328492, 14.020890461447737, 12.058054711246202, 12.412937559129613, 11.836754611754612]","[35.300000000000004, 31.3, 29.3, 34.1, 25.8, 29.5, 32.300000000000004, 37.6, 30.200000000000003, 33.300000000000004]"
ga,24,17,12.681817271537259,34.58,26.6,1.6966982239182098,5.5,12.908214285714285,22.56333333333334,9.65511904761905,True,0.0,hospital_corridor,28,12,"[11, 29, 47, 53, 61, 73, 89, 97, 101, 109]","[3.7055849830805454, 5.0, 0.9208663895830407, 0.5, 1.0]","{""time"": 0.0, ""collisions"": 0.05, ""congestion"": 1.0, ""fairness"": 1.0, ""incomplete_base"": 1000.0, ""incomplete_agent"": 10.0}","[15.240101565101567, 9.42725543891678, 12.706382079459003, 13.40371148459384, 8.137611607142858, 11.821703296703298, 16.366456582633052, 12.01342332208474, 15.994946279347394, 11.706581059390048]","[42.900000000000006, 31.3, 33.800000000000004, 35.7, 25.6, 31.200000000000003, 35.7, 38.1, 35.9, 35.6]"
ga,24,18,12.732247904110096,34.46000000000001,25.4,1.7066526660148564,5.6,12.586071428571428,22.34166666666667,9.755595238095239,True,0.0,hospital_corridor,28,12,"[11, 29, 47, 53, 61, 73, 89, 97, 101, 109]","[3.727382285417155, 5.0, 0.920838062619316, 0.5, 1.0]","{""time"": 0.0, ""collisions"": 0.05, ""congestion"": 1.0, ""fairness"": 1.0, ""incomplete_base"": 1000.0, ""incomplete_agent"": 10.0}","[16.753826336912898, 11.20825027685493, 11.986904761904764, 9.631533101045296, 7.764918154761906, 12.60641109654871, 14.583045977011494, 12.232539682539684, 17.80311915159077, 12.751930501930502]","[43.900000000000006, 34.4, 29.400000000000002, 28.700000000000003, 25.6, 32.7, 34.800000000000004, 36.0, 45.800000000000004, 33.300000000000004]"
ga,24,19,14.205665909769083,34.330000000000005,39.8,1.8900706716738438,5.5,12.701071428571428,23.026666666666667,10.32559523809524,True,0.0,hospital_corridor,28,12,"[11, 29, 47, 53, 61, 73, 89, 97, 101, 109]","[3.970145487114538, 4.823302501121515, 0.920838062619316, 0.5, 1.0]","{""time"": 0.0, ""collisions"": 0.05, ""congestion"": 1.0, ""fairness"": 1.0, ""incomplete_base"": 1000.0, ""incomplete_agent"": 10.0}","[16.55392535392535, 15.322681869581608, 10.451970443349754, 17.227477695367092, 9.760456553755523, 15.839682539682538, 15.716876750700283, 16.102671755725193, 12.602945508100149, 12.477970627503339]","[37.0, 37.9, 29.0, 44.300000000000004, 29.1, 31.5, 34.0, 39.300000000000004, 29.1, 32.1]"
ga,24,20,11.821842496851406,31.869999999999997,21.9,1.7342234492323598,4.9,12.745714285714286,21.738333333333337,8.992619047619048,True,0.0,hospital_corridor,28,12,"[11, 29, 47, 53, 61, 73, 89, 97, 101, 109]","[3.6461576623598186, 5.0, 0.920838062619316, 0.5, 1.0]","{""time"": 0.0, ""collisions"": 0.05, ""congestion"": 1.0, ""fairness"": 1.0, ""incomplete_base"": 1000.0, ""incomplete_agent"": 10.0}","[12.829401052205583, 10.577133728890917, 11.56236795059321, 12.13159824046921, 8.157890365448505, 12.631396287328492, 14.020890461447737, 12.058054711246202, 12.412937559129613, 11.836754611754612]","[35.300000000000004, 31.3, 29.3, 34.1, 25.8, 29.5, 32.300000000000004, 37.6, 30.200000000000003, 33.300000000000004]"
ga,24,21,52.96527237220896,30.2,839.6,1.8699152293518115,5.9,11.439642857142857,20.555,9.115357142857142,True,0.0,hospital_corridor,28,12,"[11, 29, 47, 53, 61, 73, 89, 97, 101, 109]","[3.646157662359818, 5.0, 0.7320139335396494, 0.5, 1.0]","{""time"": 0.0, ""collisions"": 0.05, ""congestion"": 1.0, ""fairness"": 1.0, ""incomplete_base"": 1000.0, ""incomplete_agent"": 10.0}","[85.85395021645023, 59.30834964122635, 32.99719504240052, 61.343049155145934, 39.370784957092376, 36.776759834368534, 55.04309675947057, 60.465860215053766, 56.20929533429534, 42.28438256658596]","[35.2, 29.200000000000003, 29.200000000000003, 31.0, 28.3, 27.6, 31.3, 31.0, 29.700000000000003, 29.5]"
ga,24,22,11.821842496851406,31.869999999999997,21.9,1.7342234492323598,4.9,12.745714285714286,21.738333333333337,8.992619047619048,True,0.0,hospital_corridor,28,12,"[11, 29, 47, 53, 61, 73, 89, 97, 101, 109]","[3.6461576623598186, 5.0, 0.920838062619316, 0.5, 1.0]","{""time"": 0.0, ""collisions"": 0.05, ""congestion"": 1.0, ""fairness"": 1.0, ""incomplete_base"": 1000.0, ""incomplete_agent"": 10.0}","[12.829401052205583, 10.577133728890917, 11.56236795059321, 12.13159824046921, 8.157890365448505, 12.631396287328492, 14.020890461447737, 12.058054711246202, 12.412937559129613, 11.836754611754612]","[35.300000000000004, 31.3, 29.3, 34.1, 25.8, 29.5, 32.300000000000004, 37.6, 30.200000000000003, 33.300000000000004]"
ga,24,23,11.821842496851406,31.869999999999997,21.9,1.7342234492323598,4.9,12.745714285714286,21.738333333333337,8.992619047619048,True,0.0,hospital_corridor,28,12,"[11, 29, 47, 53, 61, 73, 89, 97, 101, 109]","[3.6461576623598186, 5.0, 0.920838062619316, 0.5, 1.0]","{""time"": 0.0, ""collisions"": 0.05, ""congestion"": 1.0, ""fairness"": 1.0, ""incomplete_base"": 1000.0, ""incomplete_agent"": 10.0}","[12.829401052205583, 10.577133728890917, 11.56236795059321, 12.13159824046921, 8.157890365448505, 12.631396287328492, 14.020890461447737, 12.058054711246202, 12.412937559129613, 11.836754611754612]","[35.300000000000004, 31.3, 29.3, 34.1, 25.8, 29.5, 32.300000000000004, 37.6, 30.200000000000003, 33.300000000000004]"
