method,generation,individual_id,fitness,total_time,near_collisions,mean_congestion,peak_congestion,mean_high_time,mean_low_time,fairness_gap_time,all_evacuated,remaining_agents,layout,num_high,num_low,seed_list,params,fitness_weights,per_seed_fitnesses,per_seed_total_times
ga,0,0,1222.211917121162,70.78,2267.1,1.005613080757952,4.8,15.55843888888889,26.09409090909091,10.53565202020202,False,1.6,hospital_corridor,28,12,"[11, 29, 47, 53, 61, 73, 89, 97, 101, 109]","[2.0, 0.5, 2.0, 0.5, 1.0]","{""time"": 1.0, ""collisions"": 0.05, ""congestion"": 1.0, ""fairness"": 2.0, ""incomplete_base"": 1000.0, ""incomplete_agent"": 10.0}","[247.35429894179893, 1232.8933333333334, 1486.6460000000002, 123.59685947998832, 152.91014492753624, 1216.0416666666667, 161.11972789115646, 1260.3522222222223, 1190.1306753246754, 151.07424242424244]","[43.2, 100.0, 100.0, 32.6, 36.800000000000004, 100.0, 49.0, 100.0, 100.0, 46.2]"
ga,0,1,1265.9776414467542,100.0,96.5,0.34819999999999995,3.3,13.694239594083246,26.09646031746032,12.402220723377074,False,13.6,hospital_corridor,28,12,"[11, 29, 47, 53, 61, 73, 89, 97, 101, 109]","[2.202239043392729, 1.840636390382474, 2.178576762973371, 0.5, 1.0]","{""time"": 1.0, ""collisions"": 0.05, ""congestion"": 1.0, ""fairness"": 2.0, ""incomplete_base"": 1000.0, ""incomplete_agent"": 10.0}","[1258.3836315789474, 1273.342, 1297.3366666666666, 1270.3896666666667, 1260.9264962406014, 1219.0043333333333, 1249.723, 1281.5213333333334, 1251.8405555555555, 1297.308731092437]","[100.0, 100.0, 100.0, 100.0, 100.0, 100.0, 100.0, 100.0, 100.0, 100.0]"
ga,0,2,1229.7748472115604,100.0,191.0,0.3772,3.7,14.859160521203943,25.28298412698413,10.423823605780186,False,9.9,hospital_corridor,28,12,"[11, 29, 47, 53, 61, 73, 89, 97, 101, 109]","[1.719022760025326, 1.333242042204493, 1.1541177971975412, 0.5, 1.0]","{""time"": 1.0, ""collisions"": 0.05, ""congestion"": 1.0, ""fairness"": 2.0, ""incomplete_base"": 1000.0, ""incomplete_agent"": 10.0}","[1221.2517272727273, 1271.9405, 1185.102, 1260.7565555555557, 1232.2665555555554, 1227.545111111111, 1207.978111111111, 1206.317076923077, 1206.247, 1278.343834586466]","[100.0, 100.0, 100.0, 100.0, 100.0, 100.0, 100.0, 100.0, 100.0, 100.0]"
ga,0,3,1219.6486803868138,100.0,57.7,0.4151000000000001,3.7,20.92590677629007,39.60019696969697,18.674290193406897,False,7.9,hospital_corridor,28,12,"[11, 29, 47, 53, 61, 73, 89, 97, 101, 109]","[1.1376623742675092, 2.021044447572249, 0.8799068923575266, 0.5, 1.0]","{""time"": 1.0, ""collisions"": 0.05, ""congestion"": 1.0, ""fairness"": 2.0, ""incomplete_base"": 1000.0, ""incomplete_agent"": 10.0}","[1198.5732727272728, 1214.7456666666667, 1205.955438735178, 1238.2504784688995, 1233.9889523809525, 1243.5625454545454, 1186.5726666666667, 1240.0054347826087, 1230.3288095238095, 1204.5035384615385]","[100.0, 100.0, 100.0, 100.0, 100.0, 100.0, 100.0, 100.0, 100.0, 100.0]"
ga,0,4,1127.2652896664933,73.13,268.8,0.8880305367342999,4.7,11.46970376845377,20.873333333333335,9.403629564879564,False,2.1,hospital_corridor,28,12,"[11, 29, 47, 53, 61, 73, 89, 97, 101, 109]","[4.443665677757753, 2.5834832783232833, 1.2291448535252765, 0.5, 1.0]","{""time"": 1.0, ""collisions"": 0.05, ""congestion"": 1.0, ""fairness"": 2.0, ""incomplete_base"": 1000.0, ""incomplete_agent"": 10.0}","[93.69126984126984, 1187.1067878787878, 1149.854958041958, 1160.3923333333332, 1159.1713333333332, 60.6858709273183, 87.46050420168068, 64.7746603970742, 1152.9860505050506, 1156.5291282051282]","[33.300000000000004, 100.0, 100.0, 100.0, 100.0, 30.400000000000002, 35.7, 31.900000000000002, 100.0, 100.0]"
ga,0,5,1329.2506627816629,100.0,25.1,0.3005,2.8,17.009300283050287,34.35688167388168,17.347581390831387,False,19.3,hospital_corridor,28,12,"[11, 29, 47, 53, 61, 73, 89, 97, 101, 109]","[0.8699571461260891, 1.9246596974172792, 0.9754206222103994, 0.5, 1.0]","{""time"": 1.0, ""collisions"": 0.05, ""congestion"": 1.0, ""fairness"": 2.0, ""incomplete_base"": 1000.0, ""incomplete_agent"": 10.0}","[1358.0011038961038, 1328.8873636363637, 1365.5740476190476, 1328.788090909091, 1289.5192857142856, 1324.8914835164835, 1317.3463333333334, 1318.4165, 1326.3769191919191, 1334.7055]","[100.0, 100.0, 100.0, 100.0, 100.0, 100.0, 100.0, 100.0, 100.0, 100.0]"
ga,0,6,1366.9226968253968,100.0,4.2,0.2563000000000001,2.1,16.00757142857143,37.73576984126984,21.72819841269841,False,22.3,hospital_corridor,28,12,"[11, 29, 47, 53, 61, 73, 89, 97, 101, 109]","[1.5114874068484958, 4.545649617754408, 2.6599872942792944, 0.5, 1.0]","{""time"": 1.0, ""collisions"": 0.05, ""congestion"": 1.0, ""fairness"": 2.0, ""incomplete_base"": 1000.0, ""incomplete_agent"": 10.0}","[1368.382, 1339.6972929292929, 1399.777, 1321.2073636363637, 1354.055025974026, 1338.974, 1379.249, 1384.2275714285715, 1373.6597142857142, 1409.998]","[100.0, 100.0, 100.0, 100.0, 100.0, 100.0, 100.0, 100.0, 100.0, 100.0]"
ga,0,7,1237.4651392025849,100.0,80.0,0.3857,3.8,13.044419287596464,24.084138888888894,11.039719601292429,False,11.1,hospital_corridor,28,12,"[11, 29, 47, 53, 61, 73, 89, 97, 101, 109]","[2.8098847787002232, 2.388545887267513, 1.576301372705667, 0.5, 1.0]","{""time"": 1.0, ""collisions"": 0.05, ""congestion"": 1.0, ""fairness"": 2.0, ""incomplete_base"": 1000.0, ""incomplete_agent"": 10.0}","[1225.1744444444444, 1267.521, 1253.8824444444444, 1260.2705, 1222.4335714285714, 1219.1491414141415, 1226.0204545454546, 1226.1043913043477, 1180.6338888888888, 1293.4615555555556]","[100.0, 100.0, 100.0, 100.0, 100.0, 100.0, 100.0, 100.0, 100.0, 100.0]"
ga,0,8,109.32272989317468,27.990000000000002,1244.3,1.8260632265080012,5.5,10.352500000000001,18.998333333333335,8.645833333333336,True,0.0,hospital_corridor,28,12,"[11, 29, 47, 53, 61, 73, 89, 97, 101, 109]","[4.31895419570349, 0.9248635942552459, 0.8970240655469335, 0.5, 1.0]","{""time"": 1.0, ""collisions"": 0.05, ""congestion"": 1.0, ""fairness"": 2.0, ""incomplete_base"": 1000.0, ""incomplete_agent"": 10.0}","[186.73533834586468, 101.48858166922685, 79.09743263853585, 111.60257400257402, 90.53737502118287, 87.73096995255668, 122.02766059443911, 123.3346560846561, 97.86794871794872, 92.8047619047619]","[28.5, 27.900000000000002, 28.1, 25.900000000000002, 28.1, 27.1, 29.8, 29.700000000000003, 27.3, 27.5]"
ga,0,9,122.49717685150293,27.9,1517.2,1.8614625657886534,5.7,10.062142857142858,18.500000000000004,8.437857142857142,True,0.0,hospital_corridor,28,12,"[11, 29, 47, 53, 61, 73, 89, 97, 101, 109]","[4.5745883418011, 0.5561452217601026, 1.001634094934641, 0.5, 1.0]","{""time"": 1.0, ""collisions"": 0.05, ""congestion"": 1.0, ""fairness"": 2.0, ""incomplete_base"": 1000.0, ""incomplete_agent"": 10.0}","[185.5745805795628, 115.6624060150376, 97.45410567053678, 110.22469545957918, 95.59544664581162, 105.67466174661747, 122.05884813384816, 162.8469111969112, 104.08025210084035, 125.79986096628433]","[28.1, 28.5, 28.3, 25.8, 27.400000000000002, 27.1, 29.6, 29.6, 27.200000000000003, 27.400000000000002]"
ga,0,10,1492.174619047619,100.0,610.7,0.192,1.9,39.1,55.49825793650795,12.723809523809527,False,33.6,hospital_corridor,28,12,"[11, 29, 47, 53, 61, 73, 89, 97, 101, 109]","[0.2517873114256476, 0.7322149746017974, 0.9484809753627648, 0.5, 1.0]","{""time"": 1.0, ""collisions"": 0.05, ""congestion"": 1.0, ""fairness"": 2.0, ""incomplete_base"": 1000.0, ""incomplete_agent"": 10.0}","[1707.301, 1643.577, 1669.451, 1443.1145714285715, 1679.108, 1627.68, 1655.512, 1548.9696666666666, 1677.5529999999999, 1665.899]","[100.0, 100.0, 100.0, 100.0, 100.0, 100.0, 100.0, 100.0, 100.0, 100.0]"
ga,0,11,237.5224045596276,39.39,3457.8,1.72883313105615,6.0,14.013214285714287,25.77,11.756785714285716,True,0.0,hospital_corridor,28,12,"[11, 29, 47, 53, 61, 73, 89, 97, 101, 109]","[1.9502745291176256, 0.8270449544386965, 0.676709035033402, 0.5, 1.0]","{""time"": 1.0, ""collisions"": 0.05, ""congestion"": 1.0, ""fairness"": 2.0, ""incomplete_base"": 1000.0, ""incomplete_agent"": 10.0}","[296.49024524359396, 218.1422142150629, 224.4660807778609, 242.28776683087028, 216.0530303030303, 209.54123182207016, 261.5230265260467, 288.07104562104564, 222.27448731317344, 196.37491694352164]","[43.300000000000004, 33.7, 38.2, 40.6, 33.0, 33.4, 44.7, 42.900000000000006, 41.1, 43.0]"
ga,0,12,1431.8337666666666,100.0,4.0,0.2071,1.7,20.43617857142857,42.6495119047619,22.213333333333335,False,28.7,hospital_corridor,28,12,"[11, 29, 47, 53, 61, 73, 89, 97, 101, 109]","[0.6422077459020827, 4.730325856330527, 2.0350771158214376, 0.5, 1.0]","{""time"": 1.0, ""collisions"": 0.05, ""congestion"": 1.0, ""fairness"": 2.0, ""incomplete_base"": 1000.0, ""incomplete_agent"": 10.0}","[1404.3126666666667, 1505.1866666666667, 1449.916, 1416.2697142857144, 1460.7466666666667, 1382.0620952380953, 1448.929, 1413.1996666666666, 1401.3625238095237, 1436.3526666666667]","[100.0, 100.0, 100.0, 100.0, 100.0, 100.0, 100.0, 100.0, 100.0, 100.0]"
ga,0,13,1379.99733001443,100.0,4.9,0.2354,2.0,14.82549531024531,39.083960317460324,24.258465007215005,False,23.1,hospital_corridor,28,12,"[11, 29, 47, 53, 61, 73, 89, 97, 101, 109]","[1.124421399044748, 2.995655052977259, 2.6662875341442063, 0.5, 1.0]","{""time"": 1.0, ""collisions"": 0.05, ""congestion"": 1.0, ""fairness"": 2.0, ""incomplete_base"": 1000.0, ""incomplete_agent"": 10.0}","[1406.6382857142858, 1384.841, 1402.0592857142858, 1356.0367777777778, 1394.4604285714286, 1340.2833636363637, 1374.3765555555556, 1356.1367142857143, 1349.5131111111111, 1435.6277777777777]","[100.0, 100.0, 100.0, 100.0, 100.0, 100.0, 100.0, 100.0, 100.0, 100.0]"
ga,0,14,1229.2493120262777,100.0,78.3,0.38259999999999994,3.4,14.476545502012609,24.452401515151518,9.975856013138909,False,10.5,hospital_corridor,28,12,"[11, 29, 47, 53, 61, 73, 89, 97, 101, 109]","[2.7432667980426744, 2.1756868005189434, 2.2297735366197724, 0.5, 1.0]","{""time"": 1.0, ""collisions"": 0.05, ""congestion"": 1.0, ""fairness"": 2.0, ""incomplete_base"": 1000.0, ""incomplete_agent"": 10.0}","[1221.6467703349283, 1267.7115, 1225.807476190476, 1212.183, 1218.519909090909, 1217.4877272727272, 1228.8182727272726, 1233.4233333333334, 1175.0762424242425, 1291.818888888889]","[100.0, 100.0, 100.0, 100.0, 100.0, 100.0, 100.0, 100.0, 100.0, 100.0]"
ga,0,15,3464.7793,100.0,35535.1,0.0243,0.8,,37.934375,,False,38.8,hospital_corridor,28,12,"[11, 29, 47, 53, 61, 73, 89, 97, 101, 109]","[0.43781837634654, 3.669575617419952, 0.5458950416913475, 0.5, 1.0]","{""time"": 1.0, ""collisions"": 0.05, ""congestion"": 1.0, ""fairness"": 2.0, ""incomplete_base"": 1000.0, ""incomplete_agent"": 10.0}","[3606.422, 3655.8500000000004, 3503.8500000000004, 3379.968, 3454.272, 3377.393, 3468.8680000000004, 3532.7690000000002, 3409.219, 3259.1820000000002]","[100.0, 100.0, 100.0, 100.0, 100.0, 100.0, 100.0, 100.0, 100.0, 100.0]"
ga,0,16,99.46186093303825,28.52,1065.6,1.68495617113349,5.5,10.320714285714285,18.309166666666666,7.988452380952381,True,0.0,hospital_corridor,28,12,"[11, 29, 47, 53, 61, 73, 89, 97, 101, 109]","[4.916199348180851, 0.8657442111234269, 1.7596895219880742, 0.5, 1.0]","{""time"": 1.0, ""collisions"": 0.05, ""congestion"": 1.0, ""fairness"": 2.0, ""incomplete_base"": 1000.0, ""incomplete_agent"": 10.0}","[115.05919540229885, 86.18710801393729, 84.74843444227007, 99.8698113207547, 83.05891590678826, 89.94551971326166, 104.35049261083745, 144.74455445544555, 92.46529175050304, 94.18928571428572]","[29.0, 28.700000000000003, 29.200000000000003, 26.5, 28.200000000000003, 27.900000000000002, 29.0, 30.3, 28.400000000000002, 28.0]"
ga,0,17,1104.9464510989758,36.75,904.4,1.5074034799281935,5.3,10.59297619047619,19.3275,8.73452380952381,False,0.4,hospital_corridor,28,12,"[11, 29, 47, 53, 61, 73, 89, 97, 101, 109]","[4.12802141855329, 0.8807775689469268, 2.6558672889484147, 0.5, 1.0]","{""time"": 1.0, ""collisions"": 0.05, ""congestion"": 1.0, ""fairness"": 2.0, ""incomplete_base"": 1000.0, ""incomplete_agent"": 10.0}","[118.39950166112958, 1192.6706666666666, 84.15119047619046, 97.02486676981263, 81.04282560706403, 88.3932067932068, 96.41072607260728, 115.01741024485506, 88.00544217687074, 88.34867452135492]","[30.1, 100.0, 30.400000000000002, 27.700000000000003, 30.200000000000003, 28.6, 30.3, 31.700000000000003, 29.400000000000002, 29.1]"
ga,0,18,1356.6879473304473,100.0,4.3,0.2995,2.6,16.55228427128427,31.139007936507937,14.586723665223667,False,22.7,hospital_corridor,28,12,"[11, 29, 47, 53, 61, 73, 89, 97, 101, 109]","[1.6719802176296457, 4.047713245563268, 2.0563946975985483, 0.5, 1.0]","{""time"": 1.0, ""collisions"": 0.05, ""congestion"": 1.0, ""fairness"": 2.0, ""incomplete_base"": 1000.0, ""incomplete_agent"": 10.0}","[1368.9533333333334, 1363.521909090909, 1372.3935555555556, 1357.769, 1356.0870909090909, 1313.8846666666666, 1303.0789206349207, 1375.203, 1339.5744415584415, 1416.4135555555556]","[100.0, 100.0, 100.0, 100.0, 100.0, 100.0, 100.0, 100.0, 100.0, 100.0]"
ga,0,19,1296.861240964591,100.0,30.9,0.31839999999999996,2.9,16.275635073260077,30.27455555555556,13.998920482295484,False,16.7,hospital_corridor,28,12,"[11, 29, 47, 53, 61, 73, 89, 97, 101, 109]","[1.4387935285669489, 1.8577753246896644, 2.559986519573632, 0.5, 1.0]","{""time"": 1.0, ""collisions"": 0.05, ""congestion"": 1.0, ""fairness"": 2.0, ""incomplete_base"": 1000.0, ""incomplete_agent"": 10.0}","[1315.983888888889, 1269.2835, 1320.5188888888888, 1293.5172857142857, 1288.1024444444445, 1256.9985555555556, 1279.3525, 1291.865, 1336.1348461538462, 1316.8555000000001]","[100.0, 100.0, 100.0, 100.0, 100.0, 100.0, 100.0, 100.0, 100.0, 100.0]"
ga,0,20,1161.8699336478337,100.0,24.1,0.5596000000000001,4.7,13.801242266992267,24.853909090909095,11.052666823916827,False,3.8,hospital_corridor,28,12,"[11, 29, 47, 53, 61, 73, 89, 97, 101, 109]","[3.4248063859701636, 4.28991985402995, 1.0586196601917004, 0.5, 1.0]","{""time"": 1.0, ""collisions"": 0.05, ""congestion"": 1.0, ""fairness"": 2.0, ""incomplete_base"": 1000.0, ""incomplete_agent"": 10.0}","[1157.5996666666667, 1166.6316666666667, 1148.1519225589225, 1166.7253333333333, 1215.063, 1145.8408571428572, 1166.2633076923078, 1142.9757142857143, 1160.2091538461539, 1149.2387142857142]","[100.0, 100.0, 100.0, 100.0, 100.0, 100.0, 100.0, 100.0, 100.0, 100.0]"
ga,0,21,1359.6691776334776,100.0,4.2,0.3267,2.6,20.937681818181822,34.285920634920636,14.066238816738817,False,23.1,hospital_corridor,28,12,"[11, 29, 47, 53, 61, 73, 89, 97, 101, 109]","[1.5660237459292052, 4.620311488372075, 1.9499244324582063, 0.5, 1.0]","{""time"": 1.0, ""collisions"": 0.05, ""congestion"": 1.0, ""fairness"": 2.0, ""incomplete_base"": 1000.0, ""incomplete_agent"": 10.0}","[1355.989, 1352.601, 1345.7350000000001, 1360.972, 1368.357, 1326.1672222222223, 1314.1541904761905, 1407.626, 1376.984, 1388.1063636363638]","[100.0, 100.0, 100.0, 100.0, 100.0, 100.0, 100.0, 100.0, 100.0, 100.0]"
ga,0,22,1310.715771151071,100.0,4.8,0.27870000000000006,2.9,16.073131091131092,30.67166666666667,14.598535575535575,False,18.1,hospital_corridor,28,12,"[11, 29, 47, 53, 61, 73, 89, 97, 101, 109]","[1.6686633444923766, 3.1443280589525378, 2.7840923288864485, 0.5, 1.0]","{""time"": 1.0, ""collisions"": 0.05, ""congestion"": 1.0, ""fairness"": 2.0, ""incomplete_base"": 1000.0, ""incomplete_agent"": 10.0}","[1330.0775454545455, 1276.3703333333333, 1325.2116666666666, 1281.6512857142857, 1317.594, 1292.013, 1324.98, 1320.4894444444444, 1295.6313333333333, 1343.1391025641026]","[100.0, 100.0, 100.0, 100.0, 100.0, 100.0, 100.0, 100.0, 100.0, 100.0]"
ga,0,23,1380.6431465645464,100.0,4.5,0.24309999999999996,2.2,15.316917193917192,38.40444047619048,23.087523282273285,False,23.4,hospital_corridor,28,12,"[11, 29, 47, 53, 61, 73, 89, 97, 101, 109]","[1.4137809876268626, 3.551121994151837, 2.467183425676197, 0.5, 1.0]","{""time"": 1.0, ""collisions"": 0.05, ""congestion"": 1.0, ""fairness"": 2.0, ""incomplete_base"": 1000.0, ""incomplete_agent"": 10.0}","[1369.3881428571428, 1361.9692077922077, 1403.741, 1337.039, 1382.004, 1367.4186363636363, 1382.8417777777777, 1430.9675897435898, 1340.734, 1430.3281111111112]","[100.0, 100.0, 100.0, 100.0, 100.0, 100.0, 100.0, 100.0, 100.0, 100.0]"
ga,0,24,1313.739682525318,100.0,4.7,0.30510000000000004,2.7,16.44035159448395,29.04014285714286,12.599791262658911,False,18.8,hospital_corridor,28,12,"[11, 29, 47, 53, 61, 73, 89, 97, 101, 109]","[1.9699980426703874, 3.4181935895315347, 2.20421153707628, 0.5, 1.0]","{""time"": 1.0, ""collisions"": 0.05, ""congestion"": 1.0, ""fairness"": 2.0, ""incomplete_base"": 1000.0, ""incomplete_agent"": 10.0}","[1341.285076923077, 1310.607358974359, 1332.2254761904762, 1290.4294285714286, 1328.3453333333334, 1278.0951848739496, 1273.7378235294118, 1349.9816666666666, 1316.4464761904762, 1316.243]","[100.0, 100.0, 100.0, 100.0, 100.0, 100.0, 100.0, 100.0, 100.0, 100.0]"
ga,0,25,1091.5294142378748,43.550000000000004,474.1,1.4334883119488284,5.4,13.179537037037036,24.100000000000005,10.920462962962963,False,0.1,hospital_corridor,28,12,"[11, 29, 47, 53, 61, 73, 89, 97, 101, 109]","[2.1726841809482624, 1.4781540008193723, 0.8642987190406652, 0.5, 1.0]","{""time"": 1.0, ""collisions"": 0.05, ""congestion"": 1.0, ""fairness"": 2.0, ""incomplete_base"": 1000.0, ""incomplete_agent"": 10.0}","[99.57774854984487, 61.252949215940156, 71.03518518518518, 79.54170506912445, 70.39460486322189, 1157.0365925925926, 95.87474367737528, 86.70366492146597, 110.48892013498313, 83.38802816901409]","[35.300000000000004, 33.1, 37.800000000000004, 31.0, 37.6, 100.0, 41.800000000000004, 38.2, 38.1, 42.6]"
ga,0,26,195.67579843900216,35.660000000000004,2757.5,1.8077032009069245,6.3,13.214285714285714,23.380833333333335,10.16654761904762,True,0.0,hospital_corridor,28,12,"[11, 29, 47, 53, 61, 73, 89, 97, 101, 109]","[2.3286153560462624, 0.12225001194965444, 2.463936925521174, 0.5, 1.0]","{""time"": 1.0, ""collisions"": 0.05, ""congestion"": 1.0, ""fairness"": 2.0, ""incomplete_base"": 1000.0, ""incomplete_agent"": 10.0}","[216.54502164502165, 191.30115887062792, 158.02132065290704, 203.68613569321536, 213.53603368176542, 157.95057051574625, 191.5633262260128, 251.1703385702107, 196.67128091546698, 176.31279761904761]","[33.0, 33.9, 35.300000000000004, 33.9, 32.800000000000004, 31.3, 40.2, 39.1, 38.7, 38.400000000000006]"
ga,0,27,1350.3887688644688,100.0,18.1,0.2858,2.8,16.373801282051282,32.47278571428571,16.098984432234435,False,21.7,hospital_corridor,28,12,"[11, 29, 47, 53, 61, 73, 89, 97, 101, 109]","[0.8628310952571024, 1.937750896858434, 1.2950133554159098, 0.5, 1.0]","{""time"": 1.0, ""collisions"": 0.05, ""congestion"": 1.0, ""fairness"": 2.0, ""incomplete_base"": 1000.0, ""incomplete_agent"": 10.0}","[1311.07405982906, 1331.847, 1387.0720000000001, 1362.253, 1352.048, 1353.7326233766235, 1319.7056923076923, 1407.5514242424242, 1342.6018888888889, 1336.002]","[100.0, 100.0, 100.0, 100.0, 100.0, 100.0, 100.0, 100.0, 100.0, 100.0]"
ga,0,28,216.6999444080481,34.12,3231.2,1.8873253604290707,5.9,12.872857142857146,22.439166666666665,9.566309523809524,True,0.0,hospital_corridor,28,12,"[11, 29, 47, 53, 61, 73, 89, 97, 101, 109]","[2.513817360991523, 2.0723435255633413, 0.6670643032909019, 0.5, 1.0]","{""time"": 1.0, ""collisions"": 0.05, ""congestion"": 1.0, ""fairness"": 2.0, ""incomplete_base"": 1000.0, ""incomplete_agent"": 10.0}","[248.80511363636367, 221.18207282913164, 168.35343745215127, 226.9772486772487, 219.64386048733877, 178.13700396825396, 218.18626943005182, 251.8906624752591, 226.36007489049032, 207.46370023419203]","[35.2, 34.0, 31.1, 32.4, 29.900000000000002, 28.8, 38.6, 40.900000000000006, 33.7, 36.6]"
ga,0,29,1126.9647724204863,42.58,1172.7,1.4773831430968838,5.3,10.201153846153847,18.837348484848484,8.63619463869464,False,0.7,hospital_corridor,28,12,"[11, 29, 47, 53, 61, 73, 89, 97, 101, 109]","[4.624710710343429, 1.0661828753319642, 1.2093967148613325, 0.5, 1.0]","{""time"": 1.0, ""collisions"": 0.05, ""congestion"": 1.0, ""fairness"": 2.0, ""incomplete_base"": 1000.0, ""incomplete_agent"": 10.0}","[122.43232822540782, 1194.9656666666667, 83.61116700201207, 97.07397310069068, 100.3774608783443, 84.57454753118961, 101.94100785945447, 1301.4845594405595, 98.36111111111111, 84.82590238942552]","[28.900000000000002, 100.0, 28.400000000000002, 26.200000000000003, 28.3, 27.1, 30.900000000000002, 100.0, 27.900000000000002, 28.1]"
ga,0,30,1304.6903116605617,100.0,4.4,0.42349999999999993,3.2,17.914010836385838,29.937416666666667,12.023405830280831,False,18.0,hospital_corridor,28,12,"[11, 29, 47, 53, 61, 73, 89, 97, 101, 109]","[1.8271084165046307, 3.733069688772951, 1.4225656863997909, 0.5, 1.0]","{""time"": 1.0, ""collisions"": 0.05, ""congestion"": 1.0, ""fairness"": 2.0, ""incomplete_base"": 1000.0, ""incomplete_agent"": 10.0}","[1313.0848571428571, 1292.546, 1305.2753333333333, 1326.2883333333334, 1296.5194999999999, 1284.544, 1259.0014444444444, 1293.866, 1306.085076923077, 1369.6925714285715]","[100.0, 100.0, 100.0, 100.0, 100.0, 100.0, 100.0, 100.0, 100.0, 100.0]"
ga,0,31,173.16587120579547,28.669999999999998,2520.8,1.9753950153192554,6.1,10.743928571428572,18.984166666666663,8.240238095238096,True,0.0,hospital_corridor,28,12,"[11, 29, 47, 53, 61, 73, 89, 97, 101, 109]","[4.100228536777432, 4.745026648244647, 0.6748133904591886, 0.5, 1.0]","{""time"": 1.0, ""collisions"": 0.05, ""congestion"": 1.0, ""fairness"": 2.0, ""incomplete_base"": 1000.0, ""incomplete_agent"": 10.0}","[199.9494411269331, 173.2572953736655, 156.25476190476192, 157.99908424908426, 191.38494397759104, 136.44324229691878, 187.63553791887128, 235.3669652426887, 128.66611721611721, 164.70132275132275]","[31.1, 28.1, 28.0, 27.3, 27.200000000000003, 27.200000000000003, 32.4, 31.1, 27.3, 27.0]"
ga,0,32,1288.6120106983144,100.0,4.4,0.3103000000000001,2.6,17.96578353973168,31.506638888888894,13.540855349157203,False,16.1,hospital_corridor,28,12,"[11, 29, 47, 53, 61, 73, 89, 97, 101, 109]","[2.315944135628194, 4.3336288082538, 2.794492370787581, 0.5, 1.0]","{""time"": 1.0, ""collisions"": 0.05, ""congestion"": 1.0, ""fairness"": 2.0, ""incomplete_base"": 1000.0, ""incomplete_agent"": 10.0}","[1258.503, 1264.1734999999999, 1328.9072857142858, 1266.5876666666666, 1281.364294117647, 1270.0781111111112, 1253.2163684210527, 1314.955, 1279.0212142857142, 1369.3136666666667]","[100.0, 100.0, 100.0, 100.0, 100.0, 100.0, 100.0, 100.0, 100.0, 100.0]"
ga,0,33,1292.4017110948562,100.0,4.7,0.3152,2.8,17.73064127796868,30.156396825396833,12.42575554742815,False,16.7,hospital_corridor,28,12,"[11, 29, 47, 53, 61, 73, 89, 97, 101, 109]","[1.792926533025879, 3.3409380834567113, 2.5616841803060217, 0.5, 1.0]","{""time"": 1.0, ""collisions"": 0.05, ""congestion"": 1.0, ""fairness"": 2.0, ""incomplete_base"": 1000.0, ""incomplete_agent"": 10.0}","[1303.9763418803418, 1260.493, 1321.0801208791208, 1267.1, 1288.5045555555555, 1258.673633986928, 1290.906, 1308.2773157894737, 1292.4149523809524, 1332.5911904761906]","[100.0, 100.0, 100.0, 100.0, 100.0, 100.0, 100.0, 100.0, 100.0, 100.0]"
ga,0,34,1225.0827546138073,100.0,34.1,0.381,3.7,14.095678248651932,24.594055555555553,10.498377306903624,False,10.2,hospital_corridor,28,12,"[11, 29, 47, 53, 61, 73, 89, 97, 101, 109]","[3.349492116926836, 2.855192015302742, 2.1519543369918837, 0.5, 1.0]","{""time"": 1.0, ""collisions"": 0.05, ""congestion"": 1.0, ""fairness"": 2.0, ""incomplete_base"": 1000.0, ""incomplete_agent"": 10.0}","[1219.489052631579, 1245.7102222222222, 1227.7450476190477, 1211.711, 1216.831365079365, 1220.363797979798, 1227.0537272727272, 1231.0386666666666, 1179.9, 1270.9846666666667]","[100.0, 100.0, 100.0, 100.0, 100.0, 100.0, 100.0, 100.0, 100.0, 100.0]"
ga,0,35,1377.010695027195,100.0,4.8,0.2815,2.4,22.8386882006882,42.583285714285715,19.74459751359752,False,23.7,hospital_corridor,28,12,"[11, 29, 47, 53, 61, 73, 89, 97, 101, 109]","[0.6840969694454389, 3.7479229644186782, 1.3170727762009742, 0.5, 1.0]","{""time"": 1.0, ""collisions"": 0.05, ""congestion"": 1.0, ""fairness"": 2.0, ""incomplete_base"": 1000.0, ""incomplete_agent"": 10.0}","[1323.4164615384616, 1361.469, 1417.6595714285716, 1377.2666666666667, 1420.9878571428571, 1395.192253968254, 1344.3902564102564, 1411.3424545454545, 1361.1054285714285, 1357.277]","[100.0, 100.0, 100.0, 100.0, 100.0, 100.0, 100.0, 100.0, 100.0, 100.0]"
ga,0,36,1395.4118132756132,100.0,28.0,0.2522,2.4,22.012252886002887,47.39205952380953,25.379806637806638,False,24.3,hospital_corridor,28,12,"[11, 29, 47, 53, 61, 73, 89, 97, 101, 109]","[0.6393620445892616, 1.9362865390017259, 0.9063510934636688, 0.5, 1.0]","{""time"": 1.0, ""collisions"": 0.05, ""congestion"": 1.0, ""fairness"": 2.0, ""incomplete_base"": 1000.0, ""incomplete_agent"": 10.0}","[1343.5115238095239, 1364.1774444444445, 1406.47, 1430.9216666666666, 1390.102, 1437.2154285714287, 1366.7785454545456, 1485.841, 1368.309142857143, 1360.791380952381]","[100.0, 100.0, 100.0, 100.0, 100.0, 100.0, 100.0, 100.0, 100.0, 100.0]"
ga,0,37,1454.4147666666668,100.0,4.3,0.1376,1.7,41.008250000000004,59.48933333333334,18.531083333333335,False,31.7,hospital_corridor,28,12,"[11, 29, 47, 53, 61, 73, 89, 97, 101, 109]","[0.4291319520013931, 4.749594226017852, 1.0093316864974367, 0.5, 1.0]","{""time"": 1.0, ""collisions"": 0.05, ""congestion"": 1.0, ""fairness"": 2.0, ""incomplete_base"": 1000.0, ""incomplete_agent"": 10.0}","[1400.808, 1501.0306666666665, 1419.324, 1468.496, 1423.487, 1475.3803333333333, 1479.061, 1460.645, 1483.6796666666667, 1432.2359999999999]","[100.0, 100.0, 100.0, 100.0, 100.0, 100.0, 100.0, 100.0, 100.0, 100.0]"
ga,0,38,1104.5286438950468,60.36,250.3,1.0585392293421068,4.6,12.361159788359789,22.158712121212126,9.797552332852334,False,1.1,hospital_corridor,28,12,"[11, 29, 47, 53, 61, 73, 89, 97, 101, 109]","[3.9422587617791334, 1.9584884859900362, 2.1449901091285075, 0.5, 1.0]","{""time"": 1.0, ""collisions"": 0.05, ""congestion"": 1.0, ""fairness"": 2.0, ""incomplete_base"": 1000.0, ""incomplete_agent"": 10.0}","[91.33579027355624, 1166.9786666666666, 1160.3429090909092, 52.22840722495895, 55.997900817131594, 1161.152, 80.53284072249589, 1150.6738518518519, 60.2195792880259, 65.82449301487156]","[37.6, 100.0, 100.0, 29.0, 33.800000000000004, 100.0, 40.6, 100.0, 30.900000000000002, 31.700000000000003]"
ga,0,39,1391.300948773449,100.0,4.4,0.20950000000000002,2.1,14.027851010101012,36.4635753968254,22.435724386724388,False,24.6,hospital_corridor,28,12,"[11, 29, 47, 53, 61, 73, 89, 97, 101, 109]","[1.154678935929838, 3.925308245507165, 2.9437102915981166, 0.5, 1.0]","{""time"": 1.0, ""collisions"": 0.05, ""congestion"": 1.0, ""fairness"": 2.0, ""incomplete_base"": 1000.0, ""incomplete_agent"": 10.0}","[1440.575, 1363.074, 1412.6933333333334, 1355.2783333333334, 1385.935, 1383.0338412698413, 1394.061888888889, 1390.4054242424243, 1373.306, 1414.6466666666668]","[100.0, 100.0, 100.0, 100.0, 100.0, 100.0, 100.0, 100.0, 100.0, 100.0]"
ga,0,40,1179.3614558466124,35.510000000000005,2484.2,1.8357848509413537,6.2,10.749285714285715,19.152121212121216,8.402835497835499,False,0.1,hospital_corridor,28,12,"[11, 29, 47, 53, 61, 73, 89, 97, 101, 109]","[3.8933057537866005, 4.215114950189485, 0.5872181375040872, 0.5, 1.0]","{""time"": 1.0, ""collisions"": 0.05, ""congestion"": 1.0, ""fairness"": 2.0, ""incomplete_base"": 1000.0, ""incomplete_agent"": 10.0}","[1280.5793766233767, 178.26215805471122, 145.66864235055723, 159.50728189085854, 184.16614718614719, 141.88736263736266, 189.95923520923523, 204.15714285714287, 134.99139194139195, 174.43581971534002]","[100.0, 28.200000000000003, 28.200000000000003, 27.400000000000002, 27.5, 27.3, 29.700000000000003, 32.4, 27.3, 27.1]"
ga,0,41,1225.0233188343059,100.0,18.9,0.35760000000000003,3.5,13.403077451533974,23.26343686868687,9.860359417152896,False,10.4,hospital_corridor,28,12,"[11, 29, 47, 53, 61, 73, 89, 97, 101, 109]","[4.1013553322897085, 3.657090573357208, 2.414977316048917, 0.5, 1.0]","{""time"": 1.0, ""collisions"": 0.05, ""congestion"": 1.0, ""fairness"": 2.0, ""incomplete_base"": 1000.0, ""incomplete_agent"": 10.0}","[1197.7868484848484, 1264.231, 1229.7537619047619, 1211.097, 1212.8141818181819, 1214.633898989899, 1216.56998989899, 1247.9096666666667, 1189.2771739130435, 1266.1596666666667]","[100.0, 100.0, 100.0, 100.0, 100.0, 100.0, 100.0, 100.0, 100.0, 100.0]"
ga,0,42,1297.3553900380666,100.0,13.5,0.3305,2.9,15.987316885728651,29.66226190476191,13.674945019033254,False,16.9,hospital_corridor,28,12,"[11, 29, 47, 53, 61, 73, 89, 97, 101, 109]","[1.5997352188266174, 2.196375817254484, 2.115431380206664, 0.5, 1.0]","{""time"": 1.0, ""collisions"": 0.05, ""congestion"": 1.0, ""fairness"": 2.0, ""incomplete_base"": 1000.0, ""incomplete_agent"": 10.0}","[1299.4954285714286, 1305.7288571428571, 1323.732, 1270.8443333333335, 1307.785411764706, 1269.4842380952382, 1264.605111111111, 1285.087, 1331.5214615384616, 1315.2700588235293]","[100.0, 100.0, 100.0, 100.0, 100.0, 100.0, 100.0, 100.0, 100.0, 100.0]"
ga,0,43,1266.8632795049218,100.0,192.1,0.3348,3.5,13.738137231666121,26.699876984126984,12.961739752460867,False,13.1,hospital_corridor,28,12,"[11, 29, 47, 53, 61, 73, 89, 97, 101, 109]","[1.836008127507894, 1.1894575024955274, 2.695063847715854, 0.5, 1.0]","{""time"": 1.0, ""collisions"": 0.05, ""congestion"": 1.0, ""fairness"": 2.0, ""incomplete_base"": 1000.0, ""incomplete_agent"": 10.0}","[1278.0306666666665, 1274.5605, 1303.143, 1284.789888888889, 1266.7578045112782, 1241.9555238095238, 1219.2411739130434, 1281.407619047619, 1234.541888888889, 1284.2047293233084]","[100.0, 100.0, 100.0, 100.0, 100.0, 100.0, 100.0, 100.0, 100.0, 100.0]"
ga,0,44,1178.7335582750584,100.0,71.0,0.4276,3.9,12.711717832167833,23.58969696969697,10.877979137529138,False,5.3,hospital_corridor,28,12,"[11, 29, 47, 53, 61, 73, 89, 97, 101, 109]","[4.465871999332358, 3.012226488843267, 2.9966318627730457, 0.5, 1.0]","{""time"": 1.0, ""collisions"": 0.05, ""congestion"": 1.0, ""fairness"": 2.0, ""incomplete_base"": 1000.0, ""incomplete_agent"": 10.0}","[1166.8923333333332, 1227.2673333333332, 1173.102, 1181.6068484848486, 1195.787, 1156.0493333333334, 1174.1642727272726, 1182.097, 1161.4578461538463, 1168.9116153846153]","[100.0, 100.0, 100.0, 100.0, 100.0, 100.0, 100.0, 100.0, 100.0, 100.0]"
ga,0,45,1383.6020077922078,100.0,4.1,0.4713,2.4,21.98396753246753,39.21015476190477,17.462853896103898,False,24.8,hospital_corridor,28,12,"[11, 29, 47, 53, 61, 73, 89, 97, 101, 109]","[0.9426720963144261, 4.854935659626541, 1.6736760842730096, 0.5, 1.0]","{""time"": 1.0, ""collisions"": 0.05, ""congestion"": 1.0, ""fairness"": 2.0, ""incomplete_base"": 1000.0, ""incomplete_agent"": 10.0}","[1323.1426666666666, 1359.173, 1354.3288181818182, 1433.765619047619, 1395.4214285714286, 1373.7925454545455, 1372.540857142857, 1429.458, 1351.248142857143, 1443.149]","[100.0, 100.0, 100.0, 100.0, 100.0, 100.0, 100.0, 100.0, 100.0, 100.0]"
ga,0,46,1368.3173532467533,100.0,64.8,0.2701,2.5,16.753573232323234,34.65719985569986,17.903626623376624,False,22.9,hospital_corridor,28,12,"[11, 29, 47, 53, 61, 73, 89, 97, 101, 109]","[0.6604110207854745, 1.291285019369364, 1.1946316832680233, 0.5, 1.0]","{""time"": 1.0, ""collisions"": 0.05, ""congestion"": 1.0, ""fairness"": 2.0, ""incomplete_base"": 1000.0, ""incomplete_agent"": 10.0}","[1358.3767272727273, 1361.602, 1380.585142857143, 1400.316380952381, 1356.362, 1358.159, 1374.105, 1401.8210909090908, 1348.3312857142857, 1343.5149047619047]","[100.0, 100.0, 100.0, 100.0, 100.0, 100.0, 100.0, 100.0, 100.0, 100.0]"
ga,0,47,1197.8931201853277,100.0,40.9,0.395,3.7,12.380942432588725,23.107502525252524,10.726560092663801,False,7.4,hospital_corridor,28,12,"[11, 29, 47, 53, 61, 73, 89, 97, 101, 109]","[4.973473914946683, 3.75256118381743, 2.542037838222456, 0.5, 1.0]","{""time"": 1.0, ""collisions"": 0.05, ""congestion"": 1.0, ""fairness"": 2.0, ""incomplete_base"": 1000.0, ""incomplete_agent"": 10.0}","[1182.116648221344, 1244.960128342246, 1188.819, 1181.0143333333333, 1194.9046363636364, 1160.2316666666666, 1239.7911111111111, 1218.424652173913, 1160.5456923076922, 1208.1233333333334]","[100.0, 100.0, 100.0, 100.0, 100.0, 100.0, 100.0, 100.0, 100.0, 100.0]"
ga,0,48,1779.4865,100.0,2546.1,0.18150000000000002,1.7,,64.93523809523809,,False,35.2,hospital_corridor,28,12,"[11, 29, 47, 53, 61, 73, 89, 97, 101, 109]","[0.1897223068034149, 0.22885373826268365, 2.9214902548515966, 0.5, 1.0]","{""time"": 1.0, ""collisions"": 0.05, ""congestion"": 1.0, ""fairness"": 2.0, ""incomplete_base"": 1000.0, ""incomplete_agent"": 10.0}","[1819.93, 1759.587, 1815.6019999999999, 1714.653, 1819.0149999999999, 1734.714, 1788.88, 1851.576, 1728.495, 1762.413]","[100.0, 100.0, 100.0, 100.0, 100.0, 100.0, 100.0, 100.0, 100.0, 100.0]"
ga,0,49,1112.6109208044813,37.14,1030.1,1.537587471148056,5.1,11.106666666666666,20.320833333333336,9.214166666666667,False,0.4,hospital_corridor,28,12,"[11, 29, 47, 53, 61, 73, 89, 97, 101, 109]","[3.5824319433139866, 0.8556583790483688, 1.473883226238843, 0.5, 1.0]","{""time"": 1.0, ""collisions"": 0.05, ""congestion"": 1.0, ""fairness"": 2.0, ""incomplete_base"": 1000.0, ""incomplete_agent"": 10.0}","[122.62968999680409, 1195.3923333333332, 91.6947619047619, 103.2857843137255, 81.27895545314902, 86.72891637220259, 109.34653423499579, 123.24285714285715, 116.48907284768211, 96.02030244530246]","[29.8, 100.0, 30.0, 27.200000000000003, 31.0, 28.3, 33.800000000000004, 31.5, 30.200000000000003, 29.6]"
ga,0,50,1286.2206773305813,100.0,5.1,0.31800000000000006,2.9,14.313546255344244,27.137384920634922,12.823838665290676,False,16.0,hospital_corridor,28,12,"[11, 29, 47, 53, 61, 73, 89, 97, 101, 109]","[2.440766030702844, 3.490759843281484, 2.563654679259383, 0.5, 1.0]","{""time"": 1.0, ""collisions"": 0.05, ""congestion"": 1.0, ""fairness"": 2.0, ""incomplete_base"": 1000.0, ""incomplete_agent"": 10.0}","[1313.9315555555556, 1264.031, 1312.914, 1269.6193333333333, 1278.6630924369747, 1252.5103157894737, 1243.082, 1295.592, 1317.5631428571428, 1314.3003333333334]","[100.0, 100.0, 100.0, 100.0, 100.0, 100.0, 100.0, 100.0, 100.0, 100.0]"
ga,0,51,1168.398796070596,100.0,96.6,0.4852,4.9,12.586611055611057,22.12840909090909,9.541798035298036,False,4.4,hospital_corridor,28,12,"[11, 29, 47, 53, 61, 73, 89, 97, 101, 109]","[3.6342629353594527, 3.1379592921386408, 1.1299402106978305, 0.5, 1.0]","{""time"": 1.0, ""collisions"": 0.05, ""congestion"": 1.0, ""fairness"": 2.0, ""incomplete_base"": 1000.0, ""incomplete_agent"": 10.0}","[1176.1673333333333, 1202.366, 1152.4706013986015, 1176.9973636363636, 1175.235818181818, 1167.6182727272728, 1149.9567142857143, 1147.3908571428572, 1170.4160769230768, 1165.368923076923]","[100.0, 100.0, 100.0, 100.0, 100.0, 100.0, 100.0, 100.0, 100.0, 100.0]"
ga,0,52,1399.988873015873,100.0,4.3,0.20750000000000002,1.9,18.282015873015876,35.065202380952385,16.783186507936506,False,26.6,hospital_corridor,28,12,"[11, 29, 47, 53, 61, 73, 89, 97, 101, 109]","[1.15080242964693, 4.372005522075451, 2.038990752194323, 0.5, 1.0]","{""time"": 1.0, ""collisions"": 0.05, ""congestion"": 1.0, ""fairness"": 2.0, ""incomplete_base"": 1000.0, ""incomplete_agent"": 10.0}","[1394.489, 1406.9055714285714, 1411.647, 1448.9776666666667, 1387.7547142857143, 1378.0326666666667, 1399.8736666666666, 1398.6056666666666, 1352.7177777777779, 1420.885]","[100.0, 100.0, 100.0, 100.0, 100.0, 100.0, 100.0, 100.0, 100.0, 100.0]"
ga,0,53,1279.7079802198489,100.0,4.8,0.36229999999999996,3.2,14.132447408113043,25.18528751803752,11.052840109924476,False,15.7,hospital_corridor,28,12,"[11, 29, 47, 53, 61, 73, 89, 97, 101, 109]","[2.789275322514927, 4.227103201688227, 1.4934456494106103, 0.5, 1.0]","{""time"": 1.0, ""collisions"": 0.05, ""congestion"": 1.0, ""fairness"": 2.0, ""incomplete_base"": 1000.0, ""incomplete_agent"": 10.0}","[1293.5581960784314, 1272.1943376623376, 1268.4795882352942, 1277.9385714285713, 1250.2038235294117, 1281.958, 1252.4227777777778, 1270.0576015037593, 1281.7174444444445, 1348.5494615384616]","[100.0, 100.0, 100.0, 100.0, 100.0, 100.0, 100.0, 100.0, 100.0, 100.0]"
ga,0,54,1499.8082285714286,100.0,5.0,0.13930000000000003,1.3,19.549166666666668,55.758630952380955,36.20946428571428,False,32.7,hospital_corridor,28,12,"[11, 29, 47, 53, 61, 73, 89, 97, 101, 109]","[0.32845132706916047, 2.7315731281413522, 2.1265572207873724, 0.5, 1.0]","{""time"": 1.0, ""collisions"": 0.05, ""congestion"": 1.0, ""fairness"": 2.0, ""incomplete_base"": 1000.0, ""incomplete_agent"": 10.0}","[1478.7532857142858, 1461.9326666666666, 1525.533, 1523.44, 1521.5976666666666, 1486.069, 1494.297, 1530.812, 1508.9673333333333, 1466.6803333333332]","[100.0, 100.0, 100.0, 100.0, 100.0, 100.0, 100.0, 100.0, 100.0, 100.0]"
ga,0,55,1495.8001333333334,100.0,4.1,0.10979999999999998,1.3,29.674166666666668,55.41683333333333,25.742666666666672,False,34.4,hospital_corridor,28,12,"[11, 29, 47, 53, 61, 73, 89, 97, 101, 109]","[0.2861276415620377, 4.3343965060227045, 2.136007691730205, 0.5, 1.0]","{""time"": 1.0, ""collisions"": 0.05, ""congestion"": 1.0, ""fairness"": 2.0, ""incomplete_base"": 1000.0, ""incomplete_agent"": 10.0}","[1436.8593333333333, 1489.219, 1514.716, 1494.4366666666667, 1479.6973333333333, 1502.67, 1554.411, 1478.488, 1537.18, 1470.324]","[100.0, 100.0, 100.0, 100.0, 100.0, 100.0, 100.0, 100.0, 100.0, 100.0]"
ga,0,56,1162.5207285286301,42.05,1912.8,1.517038052439587,5.3,12.639821428571429,22.29666666666667,9.656845238095238,False,0.4,hospital_corridor,28,12,"[11, 29, 47, 53, 61, 73, 89, 97, 101, 109]","[2.6601430699098962, 0.3748349006824607, 2.2710545008206067, 0.5, 1.0]","{""time"": 1.0, ""collisions"": 0.05, ""congestion"": 1.0, ""fairness"": 2.0, ""incomplete_base"": 1000.0, ""incomplete_agent"": 10.0}","[193.67931437931438, 1223.3036666666667, 148.82480556692593, 148.9246553884712, 128.14294670846397, 153.90732600732605, 150.803802044378, 199.30727580372252, 150.08123249299717, 128.23226022803487]","[40.7, 100.0, 34.9, 30.400000000000002, 31.900000000000002, 33.800000000000004, 38.2, 39.400000000000006, 35.7, 35.5]"
ga,0,57,1097.7909524475015,36.67,758.5,1.4647619713109743,4.7,10.430238095238096,19.295833333333334,8.865595238095239,False,0.4,hospital_corridor,28,12,"[11, 29, 47, 53, 61, 73, 89, 97, 101, 109]","[4.539722516048796, 1.0898854553884987, 2.355460064149823, 0.5, 1.0]","{""time"": 1.0, ""collisions"": 0.05, ""congestion"": 1.0, ""fairness"": 2.0, ""incomplete_base"": 1000.0, ""incomplete_agent"": 10.0}","[104.96754260232522, 1192.1193333333333, 74.69455445544554, 90.4904761904762, 74.03671096345516, 83.37268170426066, 96.25670995670995, 101.8691078963231, 81.18522167487686, 78.91718569780855]","[29.900000000000002, 100.0, 30.3, 27.6, 30.1, 28.5, 30.8, 31.6, 29.0, 28.900000000000002]"
ga,0,58,1104.4793637855971,36.2,911.3,1.5265066427399687,4.9,10.309404761904762,18.903333333333332,8.593928571428572,False,0.4,hospital_corridor,28,12,"[11, 29, 47, 53, 61, 73, 89, 97, 101, 109]","[4.547082552361446, 0.9248003584067107, 2.1787482750390863, 0.5, 1.0]","{""time"": 1.0, ""collisions"": 0.05, ""congestion"": 1.0, ""fairness"": 2.0, ""incomplete_base"": 1000.0, ""incomplete_agent"": 10.0}","[121.70140581830003, 1190.8586666666667, 85.36952540213409, 95.32857142857142, 82.688740245262, 85.2484295845998, 103.68745173745174, 108.91809986130376, 86.08710801393728, 84.90563909774437]","[29.3, 100.0, 29.900000000000002, 27.0, 29.900000000000002, 28.200000000000003, 29.6, 30.900000000000002, 28.700000000000003, 28.5]"
ga,0,59,1156.4277870853748,93.97,138.9,0.5408889168765743,4.3,12.245960006660008,22.23190909090909,9.985949084249084,False,3.5,hospital_corridor,28,12,"[11, 29, 47, 53, 61, 73, 89, 97, 101, 109]","[4.545437501234711, 3.0113011496844355, 1.4798842895663076, 0.5, 1.0]","{""time"": 1.0, ""collisions"": 0.05, ""congestion"": 1.0, ""fairness"": 2.0, ""incomplete_base"": 1000.0, ""incomplete_agent"": 10.0}","[1155.225358974359, 1204.0166666666667, 1170.708, 1172.998, 1192.5598181818182, 1157.1943333333334, 73.90188916876575, 1149.743, 1138.7277532467533, 1149.2030512820513]","[100.0, 100.0, 100.0, 100.0, 100.0, 100.0, 39.7, 100.0, 100.0, 100.0]"
ga,1,0,99.46186093303825,28.52,1065.6,1.68495617113349,5.5,10.320714285714285,18.309166666666666,7.988452380952381,True,0.0,hospital_corridor,28,12,"[11, 29, 47, 53, 61, 73, 89, 97, 101, 109]","[4.916199348180851, 0.8657442111234269, 1.7596895219880742, 0.5, 1.0]","{""time"": 1.0, ""collisions"": 0.05, ""congestion"": 1.0, ""fairness"": 2.0, ""incomplete_base"": 1000.0, ""incomplete_agent"": 10.0}","[115.05919540229885, 86.18710801393729, 84.74843444227007, 99.8698113207547, 83.05891590678826, 89.94551971326166, 104.35049261083745, 144.74455445544555, 92.46529175050304, 94.18928571428572]","[29.0, 28.700000000000003, 29.200000000000003, 26.5, 28.200000000000003, 27.900000000000002, 29.0, 30.3, 28.400000000000002, 28.0]"
ga,1,1,109.32272989317468,27.990000000000002,1244.3,1.8260632265080012,5.5,10.352500000000001,18.998333333333335,8.645833333333336,True,0.0,hospital_corridor,28,12,"[11, 29, 47, 53, 61, 73, 89, 97, 101, 109]","[4.31895419570349, 0.9248635942552459, 0.8970240655469335, 0.5, 1.0]","{""time"": 1.0, ""collisions"": 0.05, ""congestion"": 1.0, ""fairness"": 2.0, ""incomplete_base"": 1000.0, ""incomplete_agent"": 10.0}","[186.73533834586468, 101.48858166922685, 79.09743263853585, 111.60257400257402, 90.53737502118287, 87.73096995255668, 122.02766059443911, 123.3346560846561, 97.86794871794872, 92.8047619047619]","[28.5, 27.900000000000002, 28.1, 25.900000000000002, 28.1, 27.1, 29.8, 29.700000000000003, 27.3, 27.5]"
ga,1,2,1104.597640260528,36.019999999999996,915.8,1.5508545462422068,5.3,10.299107142857142,18.9175,8.618392857142858,False,0.4,hospital_corridor,28,12,"[11, 29, 47, 53, 61, 73, 89, 97, 101, 109]","[4.564110198499701, 0.9587747645529492, 1.6957867562262199, 0.5, 1.0]","{""time"": 1.0, ""collisions"": 0.05, ""congestion"": 1.0, ""fairness"": 2.0, ""incomplete_base"": 1000.0, ""incomplete_agent"": 10.0}","[123.99217687074831, 1191.365, 80.47312925170067, 95.82246618491754, 71.62383406971037, 86.67738095238096, 106.3517316017316, 111.7611369629285, 87.5137049941928, 90.39584171696849]","[29.400000000000002, 100.0, 29.400000000000002, 25.700000000000003, 29.1, 28.0, 30.8, 30.700000000000003, 28.700000000000003, 28.400000000000002]"
ga,1,3,1104.2875928000249,36.18,916.5,1.5452118476439172,5.5,10.434642857142858,18.803333333333335,8.368690476190476,False,0.4,hospital_corridor,28,12,"[11, 29, 47, 53, 61, 73, 89, 97, 101, 109]","[4.607683064205174, 1.0322084691857256, 1.5982833189893628, 0.5, 1.0]","{""time"": 1.0, ""collisions"": 0.05, ""congestion"": 1.0, ""fairness"": 2.0, ""incomplete_base"": 1000.0, ""incomplete_agent"": 10.0}","[122.40352250489238, 1190.342, 82.25838615309605, 90.99265010351968, 74.12724594992636, 79.95491551459294, 101.82402597402597, 132.07515025427648, 84.74618714618717, 84.15184439973173]","[29.200000000000003, 100.0, 29.3, 27.6, 29.1, 27.900000000000002, 30.8, 30.900000000000002, 28.6, 28.400000000000002]"
ga,1,4,1168.8033777994951,93.64,41.5,0.624610989010989,4.3,14.094328715970022,25.326212121212123,11.231883405242101,False,5.0,hospital_corridor,28,12,"[11, 29, 47, 53, 61, 73, 89, 97, 101, 109]","[3.4311298900392497, 3.8660567636404783, 1.1238141657851206, 0.5, 1.0]","{""time"": 1.0, ""collisions"": 0.05, ""congestion"": 1.0, ""fairness"": 2.0, ""incomplete_base"": 1000.0, ""incomplete_agent"": 10.0}","[1162.0796666666668, 1237.167808080808, 1181.8373438735177, 1174.9995757575757, 1212.007, 1165.3003286713288, 1165.283, 1160.1941428571429, 60.91868131868132, 1168.2462307692308]","[100.0, 100.0, 100.0, 100.0, 100.0, 100.0, 100.0, 100.0, 36.4, 100.0]"
ga,1,5,1168.6489035262643,100.0,169.4,0.5054000000000001,4.8,12.821490661110227,22.658242424242424,9.836751763132199,False,4.0,hospital_corridor,28,12,"[11, 29, 47, 53, 61, 73, 89, 97, 101, 109]","[3.6279394312903666, 2.923006638265044, 1.121500358236042, 0.5, 1.0]","{""time"": 1.0, ""collisions"": 0.05, ""congestion"": 1.0, ""fairness"": 2.0, ""incomplete_base"": 1000.0, ""incomplete_agent"": 10.0}","[1177.0653333333335, 1214.6087056277056, 1188.1285217391305, 1162.4873333333333, 1156.0626666666667, 1139.0375185185185, 1161.1588571428572, 1153.7057142857143, 1167.1442307692307, 1167.090153846154]","[100.0, 100.0, 100.0, 100.0, 100.0, 100.0, 100.0, 100.0, 100.0, 100.0]"
ga,1,6,1118.3350124283609,44.56999999999999,973.7,1.3826223184707982,4.8,11.09463827838828,19.943333333333335,8.848695054945054,False,0.6,hospital_corridor,28,12,"[11, 29, 47, 53, 61, 73, 89, 97, 101, 109]","[3.763835722648918, 0.872501325195598, 2.027231692397242, 0.5, 1.0]","{""time"": 1.0, ""collisions"": 0.05, ""congestion"": 1.0, ""fairness"": 2.0, ""incomplete_base"": 1000.0, ""incomplete_agent"": 10.0}","[135.88793859649124, 1196.1516666666666, 88.62518315018316, 92.52435897435898, 78.12892818365131, 1179.8126153846154, 95.96251266464031, 124.54773698953267, 102.13809523809525, 89.57108843537415]","[30.400000000000002, 100.0, 31.200000000000003, 27.3, 30.700000000000003, 100.0, 32.9, 32.300000000000004, 31.5, 29.400000000000002]"
ga,1,7,1108.1362880429917,43.760000000000005,811.3,1.3958779900816694,5.2,10.687294973544976,19.395000000000003,8.707705026455026,False,0.5,hospital_corridor,28,12,"[11, 29, 47, 53, 61, 73, 89, 97, 101, 109]","[4.358318736713865, 1.1020167043309927, 1.802111597991424, 0.5, 1.0]","{""time"": 1.0, ""collisions"": 0.05, ""congestion"": 1.0, ""fairness"": 2.0, ""incomplete_base"": 1000.0, ""incomplete_agent"": 10.0}","[127.49073186321509, 1189.6316666666667, 1157.8721481481482, 82.14388770433547, 70.69232456140351, 81.05388471177945, 98.23541666666667, 108.79534935469513, 86.70238095238095, 78.74508980062615]","[29.8, 100.0, 100.0, 26.8, 30.400000000000002, 28.5, 32.0, 32.1, 29.1, 28.900000000000002]"
ga,1,8,1152.1748182960848,52.86999999999999,1419.9,1.2645928992594415,4.8,12.117387301587303,21.64,9.522612698412699,False,0.8,hospital_corridor,28,12,"[11, 29, 47, 53, 61, 73, 89, 97, 101, 109]","[2.9425118662153866, 0.5870382385353099, 2.262074854127319, 0.5, 1.0]","{""time"": 1.0, ""collisions"": 0.05, ""congestion"": 1.0, ""fairness"": 2.0, ""incomplete_base"": 1000.0, ""incomplete_agent"": 10.0}","[153.0999467518637, 1205.433, 113.06735333631886, 119.39258549057206, 113.98207547169812, 1203.2583333333334, 123.30196078431374, 1216.7377777777779, 148.03753709198813, 125.4376129229827]","[31.3, 100.0, 31.900000000000002, 29.8, 31.8, 100.0, 39.1, 100.0, 33.7, 31.1]"
ga,1,9,1111.4737374097788,36.53,1033.9,1.5592136002549004,5.5,10.697738095238096,19.5425,8.844761904761906,False,0.4,hospital_corridor,28,12,"[11, 29, 47, 53, 61, 73, 89, 97, 101, 109]","[3.9189259384774937, 0.8539795374791149, 1.383713573613031, 0.5, 1.0]","{""time"": 1.0, ""collisions"": 0.05, ""congestion"": 1.0, ""fairness"": 2.0, ""incomplete_base"": 1000.0, ""incomplete_agent"": 10.0}","[126.32776705276704, 1202.1676666666667, 86.71000643500643, 99.44175824175825, 79.63508771929824, 92.21359447004609, 115.95654761904763, 126.8028822055138, 95.73659491193739, 89.74546877574559]","[29.6, 100.0, 29.6, 27.3, 30.400000000000002, 27.900000000000002, 32.0, 30.400000000000002, 29.200000000000003, 28.900000000000002]"
ga,1,10,1161.6795068109507,94.11,123.5,0.5280678832116787,4.1,13.0659472027972,23.99916666666667,10.933219463869465,False,3.9,hospital_corridor,28,12,"[11, 29, 47, 53, 61, 73, 89, 97, 101, 109]","[4.454460336453795, 2.8242827193911646, 2.578660073809109, 0.5, 1.0]","{""time"": 1.0, ""collisions"": 0.05, ""congestion"": 1.0, ""fairness"": 2.0, ""incomplete_base"": 1000.0, ""incomplete_agent"": 10.0}","[1172.3943333333334, 1187.9784545454545, 1177.338, 1158.8856666666666, 1195.6129090909092, 1159.1503333333333, 1178.9066666666668, 1145.135, 1161.9486923076922, 79.44501216545014]","[100.0, 100.0, 100.0, 100.0, 100.0, 100.0, 100.0, 100.0, 100.0, 41.1]"
ga,1,11,1100.8902431049212,51.48,430.1,1.2191474413254664,4.6,10.872103683353684,20.215151515151515,9.343047831797833,False,0.8,hospital_corridor,28,12,"[11, 29, 47, 53, 61, 73, 89, 97, 101, 109]","[5.0, 1.8090560333731922, 2.375742264956664, 0.5, 1.0]","{""time"": 1.0, ""collisions"": 0.05, ""congestion"": 1.0, ""fairness"": 2.0, ""incomplete_base"": 1000.0, ""incomplete_agent"": 10.0}","[87.94008321775311, 1173.3796666666667, 1158.7503265993266, 64.72753246753247, 58.0500912825194, 1158.1748205128206, 76.92625018659503, 84.5952380952381, 77.77885391444713, 68.5795681063123]","[30.900000000000002, 100.0, 100.0, 27.5, 31.3, 100.0, 31.900000000000002, 33.6, 29.5, 30.1]"
ga,1,12,191.73201530206356,30.240000000000002,2834.8,1.9608248258730483,6.0,11.49607142857143,20.39166666666667,8.895595238095238,True,0.0,hospital_corridor,28,12,"[11, 29, 47, 53, 61, 73, 89, 97, 101, 109]","[3.3280239979084163, 1.85447787320397, 0.641736572754059, 0.5, 1.0]","{""time"": 1.0, ""collisions"": 0.05, ""congestion"": 1.0, ""fairness"": 2.0, ""incomplete_base"": 1000.0, ""incomplete_agent"": 10.0}","[210.55541125541123, 191.6527777777778, 156.92936507936508, 208.35627705627707, 194.48405315614616, 159.55238095238096, 206.67470883090078, 204.89725453699396, 165.0343840027114, 219.18354037267085]","[33.0, 28.8, 28.8, 30.8, 30.1, 27.6, 32.300000000000004, 30.700000000000003, 28.1, 32.2]"
ga,1,13,1099.6808693223763,36.82000000000001,799.8,1.49432170332876,5.2,10.82422619047619,19.5125,8.68827380952381,False,0.4,hospital_corridor,28,12,"[11, 29, 47, 53, 61, 73, 89, 97, 101, 109]","[4.210422785905587, 1.1008795756673981, 1.7559437087655931, 0.5, 1.0]","{""time"": 1.0, ""collisions"": 0.05, ""congestion"": 1.0, ""fairness"": 2.0, ""incomplete_base"": 1000.0, ""incomplete_agent"": 10.0}","[123.9757142857143, 1190.304, 81.68593919652551, 85.96826581378821, 72.25588235294119, 77.62781954887218, 98.12716049382716, 105.7551948051948, 82.50790671217291, 78.60081001472754]","[30.0, 100.0, 30.700000000000003, 26.8, 30.6, 28.5, 32.4, 30.8, 29.3, 29.1]"
ga,1,14,1272.7636858773494,100.0,19.3,0.3644,3.3,13.712332891051156,24.929475829725835,11.217142938674673,False,14.9,hospital_corridor,28,12,"[11, 29, 47, 53, 61, 73, 89, 97, 101, 109]","[2.2864749524753036, 2.774425738070187, 1.4380845606019623, 0.5, 1.0]","{""time"": 1.0, ""collisions"": 0.05, ""congestion"": 1.0, ""fairness"": 2.0, ""incomplete_base"": 1000.0, ""incomplete_agent"": 10.0}","[1256.4581633986927, 1272.0296753246753, 1291.8776666666668, 1280.7138571428573, 1281.7503333333334, 1252.7944210526316, 1241.6116315789473, 1271.2903007518796, 1231.3288095238095, 1347.782]","[100.0, 100.0, 100.0, 100.0, 100.0, 100.0, 100.0, 100.0, 100.0, 100.0]"
ga,1,15,1400.3163544011545,100.0,4.5,0.23120000000000002,2.0,18.444724386724385,41.37480158730159,22.930077200577205,False,25.4,hospital_corridor,28,12,"[11, 29, 47, 53, 61, 73, 89, 97, 101, 109]","[1.167131557420399, 3.5867824391010457, 2.342859535720117, 0.5, 1.0]","{""time"": 1.0, ""collisions"": 0.05, ""congestion"": 1.0, ""fairness"": 2.0, ""incomplete_base"": 1000.0, ""incomplete_agent"": 10.0}","[1414.4873333333333, 1392.1181428571429, 1403.1522857142857, 1405.4782222222223, 1396.745, 1340.0634646464646, 1408.7127142857144, 1468.66, 1339.6867142857143, 1434.0596666666668]","[100.0, 100.0, 100.0, 100.0, 100.0, 100.0, 100.0, 100.0, 100.0, 100.0]"
ga,1,16,1101.7990741647448,60.0,206.5,1.0696399693104532,4.7,12.196343508343508,21.89856060606061,9.7022170977171,False,1.1,hospital_corridor,28,12,"[11, 29, 47, 53, 61, 73, 89, 97, 101, 109]","[4.956496164024976, 2.646110913044152, 1.9995360747477657, 0.5, 1.0]","{""time"": 1.0, ""collisions"": 0.05, ""congestion"": 1.0, ""fairness"": 2.0, ""incomplete_base"": 1000.0, ""incomplete_agent"": 10.0}","[72.04583333333333, 1165.7303333333334, 1157.5856223776225, 48.49811507936508, 51.85409407665506, 1158.7733333333333, 76.39411764705883, 1147.7191481481482, 65.96638655462186, 73.42375776397516]","[33.6, 100.0, 100.0, 28.8, 32.800000000000004, 100.0, 37.4, 100.0, 30.6, 36.800000000000004]"
ga,1,17,1107.2986916261373,59.029999999999994,362.3,1.1039177444634076,4.8,11.13420396825397,20.659090909090914,9.524886940836941,False,1.0,hospital_corridor,28,12,"[11, 29, 47, 53, 61, 73, 89, 97, 101, 109]","[4.933177099102558, 1.972194481896705, 2.3724083020787936, 0.5, 1.0]","{""time"": 1.0, ""collisions"": 0.05, ""congestion"": 1.0, ""fairness"": 2.0, ""incomplete_base"": 1000.0, ""incomplete_agent"": 10.0}","[95.79775910364145, 1171.8766666666666, 1158.6207474747475, 62.151042196237924, 55.114969205347755, 1165.4903333333334, 76.70026455026455, 78.40624195624197, 1140.0078961038962, 68.82099567099567]","[34.0, 100.0, 100.0, 28.1, 31.700000000000003, 100.0, 32.4, 33.300000000000004, 100.0, 30.8]"
ga,1,18,227.6414104991406,35.57,3387.1,1.8761724039024767,6.3,13.613214285714287,24.033333333333335,10.420119047619048,True,0.0,hospital_corridor,28,12,"[11, 29, 47, 53, 61, 73, 89, 97, 101, 109]","[2.1424521589300274, 1.8693018565265695, 0.6225804913579505, 0.5, 1.0]","{""time"": 1.0, ""collisions"": 0.05, ""congestion"": 1.0, ""fairness"": 2.0, ""incomplete_base"": 1000.0, ""incomplete_agent"": 10.0}","[229.27785038305547, 220.3625, 194.91669254658387, 249.31027361220734, 217.7676009644364, 177.0815071659732, 278.07244897959185, 290.61074611662843, 216.96878515185603, 202.04570007107324]","[31.700000000000003, 33.6, 36.800000000000004, 36.2, 31.6, 30.900000000000002, 39.2, 37.4, 38.1, 40.2]"
ga,1,19,227.02495525712578,35.47,3391.2,1.8994790666496055,6.2,13.361428571428572,23.409166666666668,10.047738095238095,True,0.0,hospital_corridor,28,12,"[11, 29, 47, 53, 61, 73, 89, 97, 101, 109]","[2.321639731179121, 1.0300866234754682, 0.6686624482446606, 0.5, 1.0]","{""time"": 1.0, ""collisions"": 0.05, ""congestion"": 1.0, ""fairness"": 2.0, ""incomplete_base"": 1000.0, ""incomplete_agent"": 10.0}","[241.45540293040295, 222.4739220097488, 185.6078135479544, 243.5967261904762, 217.92908496732025, 187.3295918367347, 274.2526638378124, 274.3059718969555, 223.66678722121762, 199.63158813263524]","[31.200000000000003, 38.1, 35.5, 35.2, 30.6, 29.400000000000002, 40.400000000000006, 36.6, 39.5, 38.2]"
ga,1,20,1157.2901815308815,94.07000000000001,210.2,0.546961425061425,4.2,12.797253583453584,23.37886363636364,10.581610052910053,False,3.1,hospital_corridor,28,12,"[11, 29, 47, 53, 61, 73, 89, 97, 101, 109]","[3.643982441721872, 2.262481470135261, 1.4770658993714716, 0.5, 1.0]","{""time"": 1.0, ""collisions"": 0.05, ""congestion"": 1.0, ""fairness"": 2.0, ""incomplete_base"": 1000.0, ""incomplete_agent"": 10.0}","[1167.4538717948717, 1206.7933333333333, 1156.0394265734267, 1161.1006666666667, 1179.337393939394, 1163.004, 77.59585234585234, 1158.1017037037036, 1145.0152592592592, 1158.4603076923077]","[100.0, 100.0, 100.0, 100.0, 100.0, 100.0, 40.7, 100.0, 100.0, 100.0]"
ga,1,21,1088.0904266535963,36.83,552.4,1.4934028440723737,4.8,10.718154761904762,19.791666666666664,9.073511904761906,False,0.4,hospital_corridor,28,12,"[11, 29, 47, 53, 61, 73, 89, 97, 101, 109]","[4.670118037846871, 1.604478058597543, 1.476701616433679, 0.5, 1.0]","{""time"": 1.0, ""collisions"": 0.05, ""congestion"": 1.0, ""fairness"": 2.0, ""incomplete_base"": 1000.0, ""incomplete_agent"": 10.0}","[102.47643016938319, 1180.4943333333333, 73.76231884057972, 68.04335793357934, 63.655771050141915, 73.59397559735639, 81.7559635068981, 89.39239028944911, 78.80896358543417, 68.9207622298066]","[29.8, 100.0, 32.2, 27.1, 30.200000000000003, 28.1, 32.1, 30.6, 28.900000000000002, 29.3]"
ga,1,22,1172.768714755471,100.0,186.0,0.45949999999999996,4.5,11.675094642466611,21.179702020202022,9.504607377735411,False,4.4,hospital_corridor,28,12,"[11, 29, 47, 53, 61, 73, 89, 97, 101, 109]","[4.608188397291574, 3.2749651743106014, 1.1806987181891277, 0.5, 1.0]","{""time"": 1.0, ""collisions"": 0.05, ""congestion"": 1.0, ""fairness"": 2.0, ""incomplete_base"": 1000.0, ""incomplete_agent"": 10.0}","[1166.3484871794872, 1222.9836746411484, 1197.3814396135265, 1169.1923333333334, 1175.312696969697, 1165.903090909091, 1159.8575384615385, 1153.2841428571428, 1165.6178461538461, 1151.8058974358974]","[100.0, 100.0, 100.0, 100.0, 100.0, 100.0, 100.0, 100.0, 100.0, 100.0]"
ga,1,23,1117.1259071018615,66.52000000000001,332.0,0.9883096992641407,4.8,11.50711038961039,21.01590909090909,9.508798701298703,False,1.4,hospital_corridor,28,12,"[11, 29, 47, 53, 61, 73, 89, 97, 101, 109]","[4.408239487666709, 2.335805685057472, 1.253804194258135, 0.5, 1.0]","{""time"": 1.0, ""collisions"": 0.05, ""congestion"": 1.0, ""fairness"": 2.0, ""incomplete_base"": 1000.0, ""incomplete_agent"": 10.0}","[105.28127705627706, 1188.9830303030303, 1151.3714895104895, 1142.090717948718, 1144.1663076923078, 66.50615680615681, 77.38539144471348, 81.21198904340497, 1144.4964285714286, 69.7662826420891]","[35.2, 100.0, 100.0, 100.0, 100.0, 29.700000000000003, 35.4, 33.9, 100.0, 31.0]"
ga,1,24,1144.1578258138522,87.3,191.7,0.6621285851549363,4.6,12.075333203833203,21.880681818181817,9.805348614348617,False,2.7,hospital_corridor,28,12,"[11, 29, 47, 53, 61, 73, 89, 97, 101, 109]","[4.704652545378176, 2.698124555298792, 1.6527350282927946, 0.5, 1.0]","{""time"": 1.0, ""collisions"": 0.05, ""congestion"": 1.0, ""fairness"": 2.0, ""incomplete_base"": 1000.0, ""incomplete_agent"": 10.0}","[81.59181794264667, 1185.7855757575758, 1155.733972027972, 1159.9913333333334, 1177.6148484848486, 1158.527, 69.7284679089027, 1154.9671851851851, 1140.5882626262626, 1157.0497948717948]","[36.2, 100.0, 100.0, 100.0, 100.0, 100.0, 36.800000000000004, 100.0, 100.0, 100.0]"
ga,1,25,1223.3507440554615,100.0,20.7,0.3703,3.7,13.170833527824835,23.143555555555558,9.972722027730725,False,10.2,hospital_corridor,28,12,"[11, 29, 47, 53, 61, 73, 89, 97, 101, 109]","[4.184412401297766, 3.8430358687268593, 1.8898057759371594, 0.5, 1.0]","{""time"": 1.0, ""collisions"": 0.05, ""congestion"": 1.0, ""fairness"": 2.0, ""incomplete_base"": 1000.0, ""incomplete_agent"": 10.0}","[1222.487, 1263.255, 1228.506, 1193.3292727272728, 1216.1706825396825, 1215.4930505050506, 1206.7465314009662, 1211.7713478260869, 1180.3757777777778, 1295.3727777777779]","[100.0, 100.0, 100.0, 100.0, 100.0, 100.0, 100.0, 100.0, 100.0, 100.0]"
ga,1,26,78.60203782413042,30.090000000000003,566.8,1.7625140146066016,5.4,11.13607142857143,20.340833333333336,9.204761904761906,True,0.0,hospital_corridor,28,12,"[11, 29, 47, 53, 61, 73, 89, 97, 101, 109]","[4.197206383655104, 2.2027779974556334, 0.8964325610464973, 0.5, 1.0]","{""time"": 1.0, ""collisions"": 0.05, ""congestion"": 1.0, ""fairness"": 2.0, ""incomplete_base"": 1000.0, ""incomplete_agent"": 10.0}","[142.2615207373272, 102.92119628339142, 54.88718980549967, 68.80709071949948, 53.038700564971755, 60.0334708612687, 81.05328247803976, 88.84178533149594, 72.2136645962733, 61.962476863536935]","[37.2, 32.800000000000004, 28.400000000000002, 27.400000000000002, 29.5, 27.700000000000003, 30.900000000000002, 31.1, 27.6, 28.3]"
ga,1,27,1225.8566002039024,100.0,28.7,0.3791,3.6,14.119055453604366,24.640305555555553,10.52125010195119,False,10.3,hospital_corridor,28,12,"[11, 29, 47, 53, 61, 73, 89, 97, 101, 109]","[3.203860042449333, 2.8817920169509748, 2.450550000842014, 0.5, 1.0]","{""time"": 1.0, ""collisions"": 0.05, ""congestion"": 1.0, ""fairness"": 2.0, ""incomplete_base"": 1000.0, ""incomplete_agent"": 10.0}","[1223.21, 1266.1025, 1208.6912626262626, 1211.321, 1214.3018181818181, 1213.9584343434344, 1225.9736825396826, 1233.3823333333335, 1189.1263043478261, 1272.4986666666666]","[100.0, 100.0, 100.0, 100.0, 100.0, 100.0, 100.0, 100.0, 100.0, 100.0]"
ga,1,28,1338.542524098124,100.0,5.2,0.3034,2.6,16.430160173160175,30.419722222222227,13.98956204906205,False,21.0,hospital_corridor,28,12,"[11, 29, 47, 53, 61, 73, 89, 97, 101, 109]","[1.409643254243671, 3.082042483606439, 1.9022683326998064, 0.5, 1.0]","{""time"": 1.0, ""collisions"": 0.05, ""congestion"": 1.0, ""fairness"": 2.0, ""incomplete_base"": 1000.0, ""incomplete_agent"": 10.0}","[1299.6686666666667, 1346.8453506493506, 1344.2930000000001, 1342.901077922078, 1363.268025974026, 1275.69, 1301.2791587301588, 1365.5791428571429, 1363.4178181818181, 1382.483]","[100.0, 100.0, 100.0, 100.0, 100.0, 100.0, 100.0, 100.0, 100.0, 100.0]"
ga,1,29,1173.5055072002071,100.0,71.6,0.49820000000000003,4.5,14.735967612017612,27.44962121212121,12.713653600103601,False,4.4,hospital_corridor,28,12,"[11, 29, 47, 53, 61, 73, 89, 97, 101, 109]","[2.4152570319959743, 2.3571955534973448, 1.1389492412018158, 0.5, 1.0]","{""time"": 1.0, ""collisions"": 0.05, ""congestion"": 1.0, ""fairness"": 2.0, ""incomplete_base"": 1000.0, ""incomplete_agent"": 10.0}","[1164.4233333333334, 1233.7654444444445, 1143.6119696969697, 1187.378303030303, 1160.7359999999999, 1172.4205454545454, 1166.3593333333333, 1156.9452592592593, 1152.4442167832167, 1196.9706666666666]","[100.0, 100.0, 100.0, 100.0, 100.0, 100.0, 100.0, 100.0, 100.0, 100.0]"
ga,1,30,1166.2093486661486,100.0,90.6,0.4431,4.2,12.50969384874385,23.127818181818185,10.618124333074334,False,4.0,hospital_corridor,28,12,"[11, 29, 47, 53, 61, 73, 89, 97, 101, 109]","[4.769182582898644, 3.109772691580584, 2.3244039528959464, 0.5, 1.0]","{""time"": 1.0, ""collisions"": 0.05, ""congestion"": 1.0, ""fairness"": 2.0, ""incomplete_base"": 1000.0, ""incomplete_agent"": 10.0}","[1175.3373333333334, 1186.0168484848484, 1172.333, 1156.9616666666666, 1195.0206363636364, 1157.156, 1173.1193333333333, 1145.552074074074, 1148.8596713286713, 1151.7369230769232]","[100.0, 100.0, 100.0, 100.0, 100.0, 100.0, 100.0, 100.0, 100.0, 100.0]"
ga,1,31,1125.2672823952971,61.42,644.8,1.0370149109295335,4.6,12.711229894179894,22.99636363636364,10.285133742183742,False,1.0,hospital_corridor,28,12,"[11, 29, 47, 53, 61, 73, 89, 97, 101, 109]","[2.8644344019579355, 1.0176233929193068, 2.3717366970162415, 0.5, 1.0]","{""time"": 1.0, ""collisions"": 0.05, ""congestion"": 1.0, ""fairness"": 2.0, ""incomplete_base"": 1000.0, ""incomplete_agent"": 10.0}","[127.41764705882353, 1181.7866666666666, 1164.2600168350168, 73.86186494664756, 66.47179322179323, 1178.0853333333334, 103.4273893954745, 98.46507936507939, 1159.9401818181818, 98.95685131195336]","[35.7, 100.0, 100.0, 29.900000000000002, 33.300000000000004, 100.0, 42.300000000000004, 38.7, 100.0, 34.300000000000004]"
ga,1,32,1126.9467848717245,60.94000000000001,675.0,1.0663592343988804,4.9,12.050090211640214,22.645303030303033,10.59521281866282,False,1.0,hospital_corridor,28,12,"[11, 29, 47, 53, 61, 73, 89, 97, 101, 109]","[3.3328405814132407, 1.2190730642674508, 1.7507275445377481, 0.5, 1.0]","{""time"": 1.0, ""collisions"": 0.05, ""congestion"": 1.0, ""fairness"": 2.0, ""incomplete_base"": 1000.0, ""incomplete_agent"": 10.0}","[125.55815173527039, 1178.783, 1166.8736632996633, 110.02217763509898, 67.69340659340659, 1180.0603333333333, 96.96666666666667, 98.79597069597071, 1161.9796883116883, 82.73479044614692]","[35.4, 100.0, 100.0, 35.6, 32.5, 100.0, 37.800000000000004, 36.4, 100.0, 31.700000000000003]"
ga,1,33,1262.229686259767,100.0,30.9,0.3383,3.3,14.127751314560914,26.30094444444445,12.173193129883535,False,13.6,hospital_corridor,28,12,"[11, 29, 47, 53, 61, 73, 89, 97, 101, 109]","[2.4798221111415826, 2.6278598178881185, 1.791643931294839, 0.5, 1.0]","{""time"": 1.0, ""collisions"": 0.05, ""congestion"": 1.0, ""fairness"": 2.0, ""incomplete_base"": 1000.0, ""incomplete_agent"": 10.0}","[1237.9789941520469, 1265.016, 1295.4393333333333, 1268.9293333333333, 1261.7697777777778, 1240.8241904761906, 1251.9461578947369, 1254.4105714285715, 1240.45, 1305.5325042016807]","[100.0, 100.0, 100.0, 100.0, 100.0, 100.0, 100.0, 100.0, 100.0, 100.0]"
ga,1,34,100.19293024708962,29.640000000000004,1012.3,1.7100731042324597,5.4,10.42607142857143,19.54,9.113928571428573,True,0.0,hospital_corridor,28,12,"[11, 29, 47, 53, 61, 73, 89, 97, 101, 109]","[4.482404190622586, 1.3107898654834238, 0.9599203667772765, 0.5, 1.0]","{""time"": 1.0, ""collisions"": 0.05, ""congestion"": 1.0, ""fairness"": 2.0, ""incomplete_base"": 1000.0, ""incomplete_agent"": 10.0}","[237.0659731853907, 84.33408826945413, 70.00329605151668, 88.69748427672957, 75.57770562770563, 84.5666930240731, 92.93895394223262, 99.26467331118495, 90.71853002070395, 78.76190476190476]","[41.2, 28.700000000000003, 28.1, 26.5, 28.6, 27.1, 30.5, 30.1, 27.6, 28.0]"
ga,1,35,99.80271240691107,34.03000000000001,881.3,1.5910457402444118,5.2,12.680000000000001,22.738333333333337,10.058333333333334,True,0.0,hospital_corridor,28,12,"[11, 29, 47, 53, 61, 73, 89, 97, 101, 109]","[2.2648683321267766, 1.3162767410530052, 0.7794851542723301, 0.5, 1.0]","{""time"": 1.0, ""collisions"": 0.05, ""congestion"": 1.0, ""fairness"": 2.0, ""incomplete_base"": 1000.0, ""incomplete_agent"": 10.0}","[141.57077001013172, 79.54502027940514, 76.46435615666385, 92.9830513784461, 74.07099567099567, 91.50550999856138, 127.89211041743177, 107.24747578114342, 94.528354978355, 112.2194793979768]","[32.9, 31.700000000000003, 33.800000000000004, 30.400000000000002, 33.0, 33.1, 38.900000000000006, 34.9, 33.0, 38.6]"
ga,1,36,1219.6486803868138,100.0,57.7,0.4151000000000001,3.7,20.92590677629007,39.60019696969697,18.674290193406897,False,7.9,hospital_corridor,28,12,"[11, 29, 47, 53, 61, 73, 89, 97, 101, 109]","[1.1376623742675092, 2.021044447572249, 0.8799068923575266, 0.5, 1.0]","{""time"": 1.0, ""collisions"": 0.05, ""congestion"": 1.0, ""fairness"": 2.0, ""incomplete_base"": 1000.0, ""incomplete_agent"": 10.0}","[1198.5732727272728, 1214.7456666666667, 1205.955438735178, 1238.2504784688995, 1233.9889523809525, 1243.5625454545454, 1186.5726666666667, 1240.0054347826087, 1230.3288095238095, 1204.5035384615385]","[100.0, 100.0, 100.0, 100.0, 100.0, 100.0, 100.0, 100.0, 100.0, 100.0]"
ga,1,37,1286.2206773305813,100.0,5.1,0.31800000000000006,2.9,14.313546255344244,27.137384920634922,12.823838665290676,False,16.0,hospital_corridor,28,12,"[11, 29, 47, 53, 61, 73, 89, 97, 101, 109]","[2.440766030702844, 3.490759843281484, 2.563654679259383, 0.5, 1.0]","{""time"": 1.0, ""collisions"": 0.05, ""congestion"": 1.0, ""fairness"": 2.0, ""incomplete_base"": 1000.0, ""incomplete_agent"": 10.0}","[1313.9315555555556, 1264.031, 1312.914, 1269.6193333333333, 1278.6630924369747, 1252.5103157894737, 1243.082, 1295.592, 1317.5631428571428, 1314.3003333333334]","[100.0, 100.0, 100.0, 100.0, 100.0, 100.0, 100.0, 100.0, 100.0, 100.0]"
ga,1,38,1152.3963506948205,94.15,174.8,0.5352313253012049,4.2,12.413152436452439,22.89871212121212,10.485559684759684,False,2.8,hospital_corridor,28,12,"[11, 29, 47, 53, 61, 73, 89, 97, 101, 109]","[4.5461143852705215, 2.6438825001035817, 2.1616645258953895, 0.5, 1.0]","{""time"": 1.0, ""collisions"": 0.05, ""congestion"": 1.0, ""fairness"": 2.0, ""incomplete_base"": 1000.0, ""incomplete_agent"": 10.0}","[1162.1052564102565, 1189.6052121212122, 1155.015986013986, 1156.7243333333333, 1179.1679393939394, 1159.2326666666668, 79.36402753872633, 1155.5324814814815, 1131.9906296296297, 1155.2249743589744]","[100.0, 100.0, 100.0, 100.0, 100.0, 100.0, 41.5, 100.0, 100.0, 100.0]"
ga,1,39,1100.4885060996726,43.470000000000006,666.9,1.393532554699036,5.8,10.554179894179896,19.194166666666668,8.639986772486774,False,0.5,hospital_corridor,28,12,"[11, 29, 47, 53, 61, 73, 89, 97, 101, 109]","[4.546405668325636, 1.2922190079875646, 1.633906324253783, 0.5, 1.0]","{""time"": 1.0, ""collisions"": 0.05, ""congestion"": 1.0, ""fairness"": 2.0, ""incomplete_base"": 1000.0, ""incomplete_agent"": 10.0}","[104.13951741770533, 1186.988, 1157.3165925925925, 77.40817341862119, 65.39653679653681, 73.5249533977292, 88.10050322968304, 94.81176470588235, 81.17383406971037, 76.02518536826496]","[29.8, 100.0, 100.0, 26.8, 29.700000000000003, 28.1, 31.700000000000003, 30.6, 29.1, 28.900000000000002]"
ga,1,40,113.45508328757451,28.110000000000003,1323.6,1.8210356685269038,5.5,10.397142857142859,19.069166666666668,8.67202380952381,True,0.0,hospital_corridor,28,12,"[11, 29, 47, 53, 61, 73, 89, 97, 101, 109]","[4.176124634151122, 0.8000821292348481, 0.9050840376491603, 0.5, 1.0]","{""time"": 1.0, ""collisions"": 0.05, ""congestion"": 1.0, ""fairness"": 2.0, ""incomplete_base"": 1000.0, ""incomplete_agent"": 10.0}","[137.16863243518048, 101.94339369550639, 83.28830227743273, 125.36271008403362, 96.68333333333334, 93.56225490196078, 119.78621262458473, 148.3318401937046, 137.32839763642684, 91.0957556935818]","[28.1, 28.400000000000002, 27.6, 27.200000000000003, 28.0, 27.200000000000003, 30.1, 29.5, 27.400000000000002, 27.6]"
ga,1,41,93.62532818974663,28.51,918.3,1.7369948564132944,5.3,10.517500000000002,19.249166666666667,8.731666666666667,True,0.0,hospital_corridor,28,12,"[11, 29, 47, 53, 61, 73, 89, 97, 101, 109]","[4.367878126938761, 1.3084698851219208, 0.9935741228324141, 0.5, 1.0]","{""time"": 1.0, ""collisions"": 0.05, ""congestion"": 1.0, ""fairness"": 2.0, ""incomplete_base"": 1000.0, ""incomplete_agent"": 10.0}","[121.93257345491389, 82.7562137049942, 73.5531408308004, 91.22839951865224, 80.40452465683784, 80.33156738710244, 94.94743230625583, 122.94292881032013, 104.36533059266873, 83.79117063492063]","[28.200000000000003, 28.700000000000003, 28.200000000000003, 27.700000000000003, 28.1, 27.1, 30.6, 29.900000000000002, 27.8, 28.8]"
ga,1,42,1094.491123018082,51.77,295.1,1.2602205871795662,4.7,11.556291208791208,20.90924242424243,9.352951215451217,False,0.8,hospital_corridor,28,12,"[11, 29, 47, 53, 61, 73, 89, 97, 101, 109]","[4.991580643174007, 2.529274612742961, 1.4411193944173626, 0.5, 1.0]","{""time"": 1.0, ""collisions"": 0.05, ""congestion"": 1.0, ""fairness"": 2.0, ""incomplete_base"": 1000.0, ""incomplete_agent"": 10.0}","[86.96048787613205, 1168.054, 1156.4611888111888, 51.12173579109063, 50.20154894671623, 66.62497155858931, 77.5638528138528, 89.14369747899161, 1138.388883116883, 60.390863787375416]","[32.6, 100.0, 100.0, 27.900000000000002, 26.900000000000002, 29.3, 35.2, 35.7, 100.0, 30.1]"
ga,1,43,1185.9360499117156,100.0,110.9,0.4271,4.2,12.532378579495717,22.014353535353536,9.481974955857822,False,6.1,hospital_corridor,28,12,"[11, 29, 47, 53, 61, 73, 89, 97, 101, 109]","[4.132780876309013, 2.9816297982121265, 1.428413414383947, 0.5, 1.0]","{""time"": 1.0, ""collisions"": 0.05, ""congestion"": 1.0, ""fairness"": 2.0, ""incomplete_base"": 1000.0, ""incomplete_agent"": 10.0}","[1176.4587272727272, 1262.6581830065359, 1169.806, 1176.4834426877471, 1213.8287936507936, 1157.2595034965034, 1171.6376153846154, 1167.3197037037037, 1172.0729743589743, 1191.8355555555556]","[100.0, 100.0, 100.0, 100.0, 100.0, 100.0, 100.0, 100.0, 100.0, 100.0]"
ga,1,44,1259.6925843890028,100.0,14.4,0.3367,3.4,13.145823678514466,24.463765873015877,11.317942194501407,False,13.6,hospital_corridor,28,12,"[11, 29, 47, 53, 61, 73, 89, 97, 101, 109]","[3.2332980086434358, 3.2785594230305297, 1.9384602988263195, 0.5, 1.0]","{""time"": 1.0, ""collisions"": 0.05, ""congestion"": 1.0, ""fairness"": 2.0, ""incomplete_base"": 1000.0, ""incomplete_agent"": 10.0}","[1248.1816390977444, 1298.8033333333333, 1294.9186666666667, 1279.6505555555555, 1240.2597134502923, 1220.7911616161616, 1228.285253968254, 1233.096909090909, 1229.745111111111, 1323.1935]","[100.0, 100.0, 100.0, 100.0, 100.0, 100.0, 100.0, 100.0, 100.0, 100.0]"
ga,1,45,1084.036817575234,38.71,418.7,1.5469366228529338,5.3,12.045892857142858,21.468333333333337,9.422440476190477,False,0.4,hospital_corridor,28,12,"[11, 29, 47, 53, 61, 73, 89, 97, 101, 109]","[3.202487093497795, 1.8413021258965778, 1.0074075924534758, 0.5, 1.0]","{""time"": 1.0, ""collisions"": 0.05, ""congestion"": 1.0, ""fairness"": 2.0, ""incomplete_base"": 1000.0, ""incomplete_agent"": 10.0}","[103.53883928571427, 1180.8796666666667, 52.99015334947539, 61.20942460317461, 57.98534442903375, 72.27751322751323, 84.78604269293925, 84.23678468505558, 80.93084886128365, 61.533557951482486]","[32.0, 100.0, 29.5, 28.8, 30.900000000000002, 32.4, 34.800000000000004, 34.7, 32.2, 31.8]"
ga,1,46,110.11187233564641,27.970000000000006,1268.7,1.840205668979749,5.6,10.14,18.573333333333334,8.433333333333334,True,0.0,hospital_corridor,28,12,"[11, 29, 47, 53, 61, 73, 89, 97, 101, 109]","[4.506978162176786, 0.7940557880461484, 0.9319634154750296, 0.5, 1.0]","{""time"": 1.0, ""collisions"": 0.05, ""congestion"": 1.0, ""fairness"": 2.0, ""incomplete_base"": 1000.0, ""incomplete_agent"": 10.0}","[147.64548784548788, 109.05642264023047, 90.93133640552998, 103.72422755361688, 83.03867762932512, 97.1241873133017, 117.3547619047619, 154.85714285714283, 95.2873949579832, 102.09908424908426]","[28.6, 28.1, 27.900000000000002, 26.200000000000003, 27.8, 27.1, 30.0, 29.5, 27.200000000000003, 27.3]"
ga,1,47,112.58974900822072,28.120000000000005,1319.0,1.799272817744519,5.6,10.126428571428571,18.486666666666665,8.360238095238095,True,0.0,hospital_corridor,28,12,"[11, 29, 47, 53, 61, 73, 89, 97, 101, 109]","[4.386564375327803, 0.6869530279692, 0.9666947450065448, 0.5, 1.0]","{""time"": 1.0, ""collisions"": 0.05, ""congestion"": 1.0, ""fairness"": 2.0, ""incomplete_base"": 1000.0, ""incomplete_agent"": 10.0}","[147.68733535967579, 106.49597525843079, 92.81352583586627, 100.54800218938149, 99.91610056610057, 102.211676331049, 132.23334925943624, 137.61156462585035, 99.09480361487661, 107.28515704154003]","[28.200000000000003, 28.1, 28.200000000000003, 26.1, 28.6, 27.1, 29.900000000000002, 29.400000000000002, 27.400000000000002, 28.200000000000003]"
ga,1,48,63.14556647208901,33.09,175.4,1.6938998054223362,5.0,12.675,22.470833333333335,9.795833333333334,True,0.0,hospital_corridor,28,12,"[11, 29, 47, 53, 61, 73, 89, 97, 101, 109]","[3.2307427776008573, 2.9048377530150056, 0.9445510051343247, 0.5, 1.0]","{""time"": 1.0, ""collisions"": 0.05, ""congestion"": 1.0, ""fairness"": 2.0, ""incomplete_base"": 1000.0, ""incomplete_agent"": 10.0}","[75.98287135749823, 72.42906336088156, 56.44508196721311, 79.46117397454032, 41.600821018062405, 57.86679712981083, 69.50813105186364, 63.96105730427764, 58.18333333333334, 56.017334223408994]","[33.5, 36.300000000000004, 30.5, 40.400000000000006, 26.1, 29.200000000000003, 35.9, 35.4, 31.5, 32.1]"
ga,1,49,188.46806827038142,29.8,2791.7,1.9859254132385558,6.3,11.466428571428573,20.015000000000004,8.548571428571428,True,0.0,hospital_corridor,28,12,"[11, 29, 47, 53, 61, 73, 89, 97, 101, 109]","[3.3833031201680974, 3.9125324207929824, 0.6743976806042842, 0.5, 1.0]","{""time"": 1.0, ""collisions"": 0.05, ""congestion"": 1.0, ""fairness"": 2.0, ""incomplete_base"": 1000.0, ""incomplete_agent"": 10.0}","[206.31505494505495, 191.8678281068525, 166.11660859465738, 176.0951273532669, 198.2650059311981, 151.51294372294376, 203.28988095238097, 235.79992536199433, 166.10986394557824, 189.3084437898871]","[32.5, 28.700000000000003, 28.700000000000003, 30.1, 28.1, 27.5, 32.0, 31.900000000000002, 29.400000000000002, 29.1]"
ga,1,50,1217.812888125685,100.0,74.8,0.3875,4.0,13.021401175252711,22.36409523809524,9.34269406284253,False,9.5,hospital_corridor,28,12,"[11, 29, 47, 53, 61, 73, 89, 97, 101, 109]","[3.8737594452335484, 3.0113011496844355, 1.743766388782001, 0.5, 1.0]","{""time"": 1.0, ""collisions"": 0.05, ""congestion"": 1.0, ""fairness"": 2.0, ""incomplete_base"": 1000.0, ""incomplete_agent"": 10.0}","[1211.0799047619048, 1263.5667908496732, 1231.9856666666667, 1219.127, 1214.0647936507937, 1192.9322173913044, 1199.721, 1201.138, 1178.8258888888888, 1265.6876190476191]","[100.0, 100.0, 100.0, 100.0, 100.0, 100.0, 100.0, 100.0, 100.0, 100.0]"
ga,1,51,1154.1074742770138,94.49,166.2,0.5322768374164811,4.4,12.55399218929219,21.94159090909091,9.38759871979872,False,3.2,hospital_corridor,28,12,"[11, 29, 47, 53, 61, 73, 89, 97, 101, 109]","[3.7806350501886943, 2.5834832783232833, 1.2291448535252765, 0.5, 1.0]","{""time"": 1.0, ""collisions"": 0.05, ""congestion"": 1.0, ""fairness"": 2.0, ""incomplete_base"": 1000.0, ""incomplete_agent"": 10.0}","[1154.4668974358974, 1203.9793333333332, 1168.915, 1162.809, 1177.5021212121212, 1137.9894444444444, 81.06481599321245, 1151.5935714285715, 1150.0342255892256, 1152.7203333333334]","[100.0, 100.0, 100.0, 100.0, 100.0, 100.0, 44.900000000000006, 100.0, 100.0, 100.0]"
ga,1,52,1111.254623846872,60.58,363.1,1.0702755951236402,4.7,11.739341025641027,21.964015151515156,10.224674125874126,False,1.1,hospital_corridor,28,12,"[11, 29, 47, 53, 61, 73, 89, 97, 101, 109]","[4.512760819781535, 2.147826657748953, 1.5645151762358815, 0.5, 1.0]","{""time"": 1.0, ""collisions"": 0.05, ""congestion"": 1.0, ""fairness"": 2.0, ""incomplete_base"": 1000.0, ""incomplete_agent"": 10.0}","[93.10348837209303, 1168.7136666666665, 1161.3417552447552, 54.35425531914894, 61.04176161262052, 1162.9703333333332, 78.52777777777779, 127.66545988258318, 1136.555012987013, 68.27272727272728]","[34.4, 100.0, 100.0, 28.200000000000003, 32.6, 100.0, 36.0, 43.800000000000004, 100.0, 30.8]"
ga,1,53,1107.0066729991029,59.510000000000005,327.4,1.083793537823398,4.5,11.35734814814815,21.378787878787882,10.021439730639733,False,1.0,hospital_corridor,28,12,"[11, 29, 47, 53, 61, 73, 89, 97, 101, 109]","[4.577821889894252, 1.9305827064262782, 2.382275998373846, 0.5, 1.0]","{""time"": 1.0, ""collisions"": 0.05, ""congestion"": 1.0, ""fairness"": 2.0, ""incomplete_base"": 1000.0, ""incomplete_agent"": 10.0}","[82.91175595238096, 1176.8096666666665, 1152.4495824915825, 60.23556599110233, 54.14630694383017, 1164.6316666666667, 81.72677053824364, 94.04635230136623, 1138.061831168831, 65.04723127035831]","[32.0, 100.0, 100.0, 28.900000000000002, 32.300000000000004, 100.0, 35.300000000000004, 35.9, 100.0, 30.700000000000003]"
ga,1,54,194.33082296491244,31.459999999999997,2867.5,1.9362991553885969,6.1,11.793571428571429,20.573333333333338,8.779761904761905,True,0.0,hospital_corridor,28,12,"[11, 29, 47, 53, 61, 73, 89, 97, 101, 109]","[3.123261804010276, 3.295109220394894, 0.6402894696695466, 0.5, 1.0]","{""time"": 1.0, ""collisions"": 0.05, ""congestion"": 1.0, ""fairness"": 2.0, ""incomplete_base"": 1000.0, ""incomplete_agent"": 10.0}","[210.91368511368512, 190.63825831702545, 167.88405088062623, 202.57973944294702, 178.0691056910569, 154.72423775265503, 205.0509086085688, 241.70436507936512, 200.0236924277908, 191.72018633540372]","[33.300000000000004, 29.200000000000003, 29.200000000000003, 31.8, 28.700000000000003, 27.8, 35.9, 36.0, 30.5, 32.2]"
ga,1,55,203.26528514939264,31.820000000000004,3019.3,1.9655232446307416,5.9,12.156785714285714,21.414166666666667,9.257380952380952,True,0.0,hospital_corridor,28,12,"[11, 29, 47, 53, 61, 73, 89, 97, 101, 109]","[2.927241261884782, 1.8946326954126882, 0.6750704526461626, 0.5, 1.0]","{""time"": 1.0, ""collisions"": 0.05, ""congestion"": 1.0, ""fairness"": 2.0, ""incomplete_base"": 1000.0, ""incomplete_agent"": 10.0}","[247.20522971652005, 216.9040593286495, 163.1687902187902, 222.60889034512888, 181.99171197890922, 162.51979006656427, 211.33800539083558, 237.07077922077923, 210.82358750574187, 179.02200772200774]","[34.1, 30.5, 29.6, 32.7, 28.900000000000002, 27.900000000000002, 37.1, 33.0, 31.1, 33.300000000000004]"
ga,1,56,1161.248816079682,95.82000000000001,189.8,0.5026615120274915,4.2,12.844922716172718,23.563,10.718077283827284,False,3.4,hospital_corridor,28,12,"[11, 29, 47, 53, 61, 73, 89, 97, 101, 109]","[4.227799612372973, 2.840184505065848, 1.310700442125831, 0.5, 1.0]","{""time"": 1.0, ""collisions"": 0.05, ""congestion"": 1.0, ""fairness"": 2.0, ""incomplete_base"": 1000.0, ""incomplete_agent"": 10.0}","[1170.9937692307692, 1226.2176666666667, 1152.0032587412588, 1169.0763333333334, 1198.1341818181818, 1137.2802962962962, 98.37685321551301, 1154.8201428571429, 1144.2009663299664, 1161.3846923076924]","[100.0, 100.0, 100.0, 100.0, 100.0, 100.0, 58.2, 100.0, 100.0, 100.0]"
ga,1,57,1098.963370127808,36.410000000000004,783.6,1.5374177468555823,5.1,10.57202380952381,19.49,8.91797619047619,False,0.4,hospital_corridor,28,12,"[11, 29, 47, 53, 61, 73, 89, 97, 101, 109]","[4.322662671167331, 1.1635189981962197, 1.5076192554903514, 0.5, 1.0]","{""time"": 1.0, ""collisions"": 0.05, ""congestion"": 1.0, ""fairness"": 2.0, ""incomplete_base"": 1000.0, ""incomplete_agent"": 10.0}","[133.37700543304572, 1188.985, 73.78571428571429, 80.71892230576444, 71.82496867167922, 79.13690476190476, 95.13186813186815, 106.52013560391045, 80.5851395730706, 79.5680425111221]","[29.8, 100.0, 30.0, 26.6, 30.400000000000002, 28.0, 31.200000000000003, 30.200000000000003, 29.0, 28.900000000000002]"
ga,1,58,141.12253540321512,28.190000000000005,1898.8,1.9030115936913217,5.8,10.66607142857143,18.710833333333333,8.044761904761906,True,0.0,hospital_corridor,28,12,"[11, 29, 47, 53, 61, 73, 89, 97, 101, 109]","[4.498880473527402, 0.33825965317741746, 2.186537652601284, 0.5, 1.0]","{""time"": 1.0, ""collisions"": 0.05, ""congestion"": 1.0, ""fairness"": 2.0, ""incomplete_base"": 1000.0, ""incomplete_agent"": 10.0}","[212.53429903429907, 122.11412151067324, 108.17659698025552, 115.85256201339851, 132.12130691692735, 112.91796848235698, 139.39440154440155, 170.03655083655084, 163.68014731072287, 134.39739940256544]","[28.6, 29.0, 28.700000000000003, 26.3, 27.400000000000002, 27.8, 29.6, 29.6, 27.8, 27.1]"
ga,1,59,1115.0163988462257,44.88,891.8,1.3622871246140411,5.2,11.049610805860807,20.14166666666667,9.09205586080586,False,0.6,hospital_corridor,28,12,"[11, 29, 47, 53, 61, 73, 89, 97, 101, 109]","[4.045937467217348, 1.040530856977868, 1.9286119335366134, 0.5, 1.0]","{""time"": 1.0, ""collisions"": 0.05, ""congestion"": 1.0, ""fairness"": 2.0, ""incomplete_base"": 1000.0, ""incomplete_agent"": 10.0}","[170.02153209109733, 1190.9406666666666, 88.02402597402599, 81.3794324371815, 72.20546218487395, 1174.444641025641, 95.18597883597886, 114.87154651334218, 84.74533462033462, 78.34536811311555]","[34.5, 100.0, 33.0, 27.1, 30.6, 100.0, 32.4, 32.300000000000004, 29.6, 29.3]"
ga,2,0,63.14556647208901,33.09,175.4,1.6938998054223362,5.0,12.675,22.470833333333335,9.795833333333334,True,0.0,hospital_corridor,28,12,"[11, 29, 47, 53, 61, 73, 89, 97, 101, 109]","[3.2307427776008573, 2.9048377530150056, 0.9445510051343247, 0.5, 1.0]","{""time"": 1.0, ""collisions"": 0.05, ""congestion"": 1.0, ""fairness"": 2.0, ""incomplete_base"": 1000.0, ""incomplete_agent"": 10.0}","[75.98287135749823, 72.42906336088156, 56.44508196721311, 79.46117397454032, 41.600821018062405, 57.86679712981083, 69.50813105186364, 63.96105730427764, 58.18333333333334, 56.017334223408994]","[33.5, 36.300000000000004, 30.5, 40.400000000000006, 26.1, 29.200000000000003, 35.9, 35.4, 31.5, 32.1]"
ga,2,1,78.60203782413042,30.090000000000003,566.8,1.7625140146066016,5.4,11.13607142857143,20.340833333333336,9.204761904761906,True,0.0,hospital_corridor,28,12,"[11, 29, 47, 53, 61, 73, 89, 97, 101, 109]","[4.197206383655104, 2.2027779974556334, 0.8964325610464973, 0.5, 1.0]","{""time"": 1.0, ""collisions"": 0.05, ""congestion"": 1.0, ""fairness"": 2.0, ""incomplete_base"": 1000.0, ""incomplete_agent"": 10.0}","[142.2615207373272, 102.92119628339142, 54.88718980549967, 68.80709071949948, 53.038700564971755, 60.0334708612687, 81.05328247803976, 88.84178533149594, 72.2136645962733, 61.962476863536935]","[37.2, 32.800000000000004, 28.400000000000002, 27.400000000000002, 29.5, 27.700000000000003, 30.900000000000002, 31.1, 27.6, 28.3]"
ga,2,2,141.12253540321512,28.190000000000005,1898.8,1.9030115936913217,5.8,10.66607142857143,18.710833333333333,8.044761904761906,True,0.0,hospital_corridor,28,12,"[11, 29, 47, 53, 61, 73, 89, 97, 101, 109]","[4.498880473527402, 0.33825965317741746, 2.186537652601284, 0.5, 1.0]","{""time"": 1.0, ""collisions"": 0.05, ""congestion"": 1.0, ""fairness"": 2.0, ""incomplete_base"": 1000.0, ""incomplete_agent"": 10.0}","[212.53429903429907, 122.11412151067324, 108.17659698025552, 115.85256201339851, 132.12130691692735, 112.91796848235698, 139.39440154440155, 170.03655083655084, 163.68014731072287, 134.39739940256544]","[28.6, 29.0, 28.700000000000003, 26.3, 27.400000000000002, 27.8, 29.6, 29.6, 27.8, 27.1]"
ga,2,3,115.11650797435135,27.96,1371.7,1.8743651172084785,5.4,10.578928571428571,18.927500000000002,8.348571428571429,True,0.0,hospital_corridor,28,12,"[11, 29, 47, 53, 61, 73, 89, 97, 101, 109]","[4.31895419570349, 0.9248635942552459, 0.8834858724736845, 0.5, 1.0]","{""time"": 1.0, ""collisions"": 0.05, ""congestion"": 1.0, ""fairness"": 2.0, ""incomplete_base"": 1000.0, ""incomplete_agent"": 10.0}","[176.5702297702298, 104.1163023216404, 81.27049689440994, 121.19487459105781, 129.465399109284, 93.44561588473027, 108.68, 129.54761904761907, 124.76263736263736, 82.11190476190475]","[28.6, 28.1, 27.6, 26.200000000000003, 27.8, 27.1, 30.0, 29.400000000000002, 27.3, 27.5]"
ga,2,4,1104.386950043367,36.12,913.2,1.5418309957478886,5.4,10.32077380952381,18.85333333333333,8.532559523809525,False,0.4,hospital_corridor,28,12,"[11, 29, 47, 53, 61, 73, 89, 97, 101, 109]","[4.601230571058871, 1.0172260017627428, 1.5056845277815145, 0.5, 1.0]","{""time"": 1.0, ""collisions"": 0.05, ""congestion"": 1.0, ""fairness"": 2.0, ""incomplete_base"": 1000.0, ""incomplete_agent"": 10.0}","[115.77594501718215, 1194.1866666666667, 76.79550810014729, 96.05385232744784, 74.39699584531799, 87.50579710144928, 94.33972922502335, 130.6143160448893, 86.75162907268171, 87.44906103286387]","[29.1, 100.0, 29.1, 26.700000000000003, 29.8, 27.6, 30.6, 31.400000000000002, 28.5, 28.400000000000002]"
ga,2,5,1099.8068086391652,45.9,555.8,1.3340404813969724,4.7,11.656494708994709,21.04787878787879,9.391384078884078,False,0.6,hospital_corridor,28,12,"[11, 29, 47, 53, 61, 73, 89, 97, 101, 109]","[3.739163543264355, 1.5460268213877495, 1.3539065647410526, 0.5, 1.0]","{""time"": 1.0, ""collisions"": 0.05, ""congestion"": 1.0, ""fairness"": 2.0, ""incomplete_base"": 1000.0, ""incomplete_agent"": 10.0}","[127.32666666666668, 1173.452, 1152.061872053872, 63.025000000000006, 73.1785347985348, 77.9052380952381, 93.95388055774796, 92.36615837346176, 78.99047619047619, 65.8082596556538]","[35.0, 100.0, 100.0, 28.0, 32.5, 30.0, 36.2, 35.6, 31.0, 30.700000000000003]"
ga,2,6,1115.4197016225426,60.269999999999996,470.4,1.1007993581403144,4.4,12.323427655677657,22.087878787878786,9.764451132201135,False,1.1,hospital_corridor,28,12,"[11, 29, 47, 53, 61, 73, 89, 97, 101, 109]","[3.4711030866958326, 1.5154512231341557, 1.608939030094028, 0.5, 1.0]","{""time"": 1.0, ""collisions"": 0.05, ""congestion"": 1.0, ""fairness"": 2.0, ""incomplete_base"": 1000.0, ""incomplete_agent"": 10.0}","[98.86127583108714, 1173.8073333333334, 1162.7662867132867, 72.72892503536067, 60.34155009184683, 1168.78, 89.85842682622787, 100.95218861918028, 1143.893974025974, 82.20705574912893]","[31.8, 100.0, 100.0, 30.3, 33.7, 100.0, 38.2, 35.9, 100.0, 32.800000000000004]"
ga,2,7,1090.6547185225998,36.129999999999995,626.4,1.5895994749808071,5.4,10.692440476190477,19.5,8.807559523809525,False,0.4,hospital_corridor,28,12,"[11, 29, 47, 53, 61, 73, 89, 97, 101, 109]","[4.20806943031091, 1.6180699107499867, 1.032374886613231, 0.5, 1.0]","{""time"": 1.0, ""collisions"": 0.05, ""congestion"": 1.0, ""fairness"": 2.0, ""incomplete_base"": 1000.0, ""incomplete_agent"": 10.0}","[112.70225563909774, 1177.291, 72.27884065286892, 80.12820254862508, 61.325694444444444, 67.19166666666666, 87.3685683858208, 102.06228878648236, 73.42178318135765, 72.77688492063493]","[28.5, 100.0, 28.3, 28.400000000000002, 28.8, 28.0, 31.3, 31.0, 28.200000000000003, 28.8]"
ga,2,8,114.11120611626849,28.060000000000002,1352.9,1.802634687697046,5.3,10.390714285714285,18.692500000000003,8.301785714285716,True,0.0,hospital_corridor,28,12,"[11, 29, 47, 53, 61, 73, 89, 97, 101, 109]","[4.335044991372451, 0.7977878481789136, 0.9129508585089616, 0.5, 1.0]","{""time"": 1.0, ""collisions"": 0.05, ""congestion"": 1.0, ""fairness"": 2.0, ""incomplete_base"": 1000.0, ""incomplete_agent"": 10.0}","[148.2888832401288, 99.58591691995947, 89.38412127440905, 114.52668248111056, 102.34908814589667, 101.03418555614127, 129.25850111856823, 136.53864221364222, 121.67216117216117, 98.47387904066737]","[28.1, 28.200000000000003, 27.8, 27.1, 28.200000000000003, 27.1, 29.8, 29.6, 27.3, 27.400000000000002]"
ga,2,9,110.29874033314219,28.140000000000004,1268.6,1.794454618856459,5.3,10.272857142857145,18.740000000000002,8.467142857142859,True,0.0,hospital_corridor,28,12,"[11, 29, 47, 53, 61, 73, 89, 97, 101, 109]","[4.348057804955456, 0.796350069102083, 0.9240965946152284, 0.5, 1.0]","{""time"": 1.0, ""collisions"": 0.05, ""congestion"": 1.0, ""fairness"": 2.0, ""incomplete_base"": 1000.0, ""incomplete_agent"": 10.0}","[142.50524475524477, 110.5834004024145, 88.19235055724418, 105.86296296296297, 114.80476190476192, 99.90144087155157, 120.57275132275133, 124.76776061776062, 100.3813186813187, 95.41541125541126]","[28.6, 28.400000000000002, 28.200000000000003, 27.0, 28.0, 27.1, 29.700000000000003, 29.6, 27.3, 27.5]"
ga,2,10,1210.370900313137,100.0,109.0,0.41850000000000004,4.2,12.622403018034598,22.373603174603176,9.751200156568578,False,8.5,hospital_corridor,28,12,"[11, 29, 47, 53, 61, 73, 89, 97, 101, 109]","[3.4132966948831758, 2.8944169871389804, 1.2561299325344633, 0.5, 1.0]","{""time"": 1.0, ""collisions"": 0.05, ""congestion"": 1.0, ""fairness"": 2.0, ""incomplete_base"": 1000.0, ""incomplete_agent"": 10.0}","[1195.8806666666667, 1263.98, 1195.2868888888888, 1213.573, 1226.0527368421053, 1197.3716666666667, 1189.9163333333333, 1192.1653846153847, 1194.3972222222221, 1235.0851038961039]","[100.0, 100.0, 100.0, 100.0, 100.0, 100.0, 100.0, 100.0, 100.0, 100.0]"
ga,2,11,1116.0489663714343,37.94,1091.1,1.511466371434392,5.0,11.494583333333335,20.515833333333333,9.02125,False,0.4,hospital_corridor,28,12,"[11, 29, 47, 53, 61, 73, 89, 97, 101, 109]","[3.581281805366599, 0.882922091071623, 1.7156527649971034, 0.5, 1.0]","{""time"": 1.0, ""collisions"": 0.05, ""congestion"": 1.0, ""fairness"": 2.0, ""incomplete_base"": 1000.0, ""incomplete_agent"": 10.0}","[187.235536908173, 1194.2063333333333, 96.58540100250627, 91.00641821946171, 81.07949308755761, 87.47321428571429, 108.42702104097454, 126.25125786163522, 100.46406926406927, 87.76091871091872]","[34.9, 100.0, 30.400000000000002, 27.6, 31.0, 28.8, 34.4, 31.8, 30.8, 29.700000000000003]"
ga,2,12,1104.4854629454003,36.550000000000004,905.2,1.5421296120669559,5.2,10.565833333333334,19.132500000000004,8.566666666666666,False,0.4,hospital_corridor,28,12,"[11, 29, 47, 53, 61, 73, 89, 97, 101, 109]","[4.17262598297087, 0.9371096659950677, 1.6837095000273992, 0.5, 1.0]","{""time"": 1.0, ""collisions"": 0.05, ""congestion"": 1.0, ""fairness"": 2.0, ""incomplete_base"": 1000.0, ""incomplete_agent"": 10.0}","[125.92376142376142, 1190.9293333333333, 81.79266538830298, 92.65366027007818, 75.94086378737542, 86.58287740628167, 101.64047619047619, 113.17698412698412, 93.72908689248897, 82.48492063492063]","[29.700000000000003, 100.0, 29.8, 26.8, 30.1, 28.200000000000003, 31.5, 31.5, 29.1, 28.8]"
ga,2,13,1143.9631770513438,88.01,188.0,0.6289096520763188,4.2,12.519305694305695,22.981439393939393,10.4621336996337,False,2.5,hospital_corridor,28,12,"[11, 29, 47, 53, 61, 73, 89, 97, 101, 109]","[3.9994492273447566, 2.2711973442580025, 1.8959608270890524, 0.5, 1.0]","{""time"": 1.0, ""collisions"": 0.05, ""congestion"": 1.0, ""fairness"": 2.0, ""incomplete_base"": 1000.0, ""incomplete_agent"": 10.0}","[89.01370851370851, 1186.2875454545456, 1158.7172797202797, 1163.0233333333333, 1162.2916666666667, 1157.458, 80.00229276895945, 1145.6121851851851, 1145.3271178451178, 1151.898641025641]","[39.6, 100.0, 100.0, 100.0, 100.0, 100.0, 40.5, 100.0, 100.0, 100.0]"
ga,2,14,1102.3684554531703,51.2,468.2,1.2426466323615124,4.7,10.728838013838015,19.986742424242422,9.25790441040441,False,0.8,hospital_corridor,28,12,"[11, 29, 47, 53, 61, 73, 89, 97, 101, 109]","[4.944463962286349, 1.751521647849383, 1.8418604620377708, 0.5, 1.0]","{""time"": 1.0, ""collisions"": 0.05, ""congestion"": 1.0, ""fairness"": 2.0, ""incomplete_base"": 1000.0, ""incomplete_agent"": 10.0}","[92.31868495742668, 1173.9683333333332, 1158.06632996633, 66.63772893772894, 58.818085777357304, 1158.4789487179487, 84.30677768039732, 89.38981762917933, 74.08108239882984, 67.6187651331719]","[30.200000000000003, 100.0, 100.0, 27.3, 30.200000000000003, 100.0, 32.6, 32.9, 29.3, 29.5]"
ga,2,15,1102.2770060225341,51.519999999999996,460.1,1.2381646786927487,4.6,10.877018722018722,20.133939393939393,9.256920671920673,False,0.8,hospital_corridor,28,12,"[11, 29, 47, 53, 61, 73, 89, 97, 101, 109]","[4.928231549919478, 1.760333476318196, 2.0983738900955458, 0.5, 1.0]","{""time"": 1.0, ""collisions"": 0.05, ""congestion"": 1.0, ""fairness"": 2.0, ""incomplete_base"": 1000.0, ""incomplete_agent"": 10.0}","[95.8063285248953, 1176.5636666666667, 1159.9910471380472, 64.67205236338077, 59.34681538230435, 1157.8464615384614, 84.81484386039283, 81.69216027874566, 73.07823129251702, 68.9584531799297]","[30.700000000000003, 100.0, 100.0, 27.1, 31.700000000000003, 100.0, 33.7, 32.800000000000004, 29.400000000000002, 29.8]"
ga,2,16,1125.2488216998338,60.260000000000005,659.8,1.0758616228736608,4.7,12.055716931216931,22.017196969696972,9.961480038480039,False,1.1,hospital_corridor,28,12,"[11, 29, 47, 53, 61, 73, 89, 97, 101, 109]","[3.1175426165385822, 1.1028775575637109, 1.6967095270366304, 0.5, 1.0]","{""time"": 1.0, ""collisions"": 0.05, ""congestion"": 1.0, ""fairness"": 2.0, ""incomplete_base"": 1000.0, ""incomplete_agent"": 10.0}","[121.01336675020886, 1180.507, 1163.4109292929293, 73.35610479485912, 66.58859764089124, 1179.435, 104.51772625280478, 112.10287018917155, 1167.6865286195286, 83.87009345794394]","[34.2, 100.0, 100.0, 28.900000000000002, 32.7, 100.0, 38.2, 36.5, 100.0, 32.1]"
ga,2,17,1093.056220979065,36.62,666.7,1.4951495504935355,5.3,10.504464285714288,19.307499999999997,8.803035714285716,False,0.4,hospital_corridor,28,12,"[11, 29, 47, 53, 61, 73, 89, 97, 101, 109]","[4.569610755192754, 1.321246524052421, 1.5470795297946638, 0.5, 1.0]","{""time"": 1.0, ""collisions"": 0.05, ""congestion"": 1.0, ""fairness"": 2.0, ""incomplete_base"": 1000.0, ""incomplete_agent"": 10.0}","[103.3543464365612, 1185.715, 77.99233954451346, 77.67719298245615, 67.44810785241249, 77.1654761904762, 85.17071580224447, 95.60664451827243, 84.75935960591134, 75.67302685780194]","[29.8, 100.0, 32.2, 26.6, 30.200000000000003, 28.0, 31.400000000000002, 30.1, 29.0, 28.900000000000002]"
ga,2,18,1114.6967371580117,53.13000000000001,632.0,1.1835228722975375,4.8,12.030059523809523,21.92166666666667,9.891607142857143,False,0.9,hospital_corridor,28,12,"[11, 29, 47, 53, 61, 73, 89, 97, 101, 109]","[3.189909581415246, 1.1578094005011177, 1.666195035522486, 0.5, 1.0]","{""time"": 1.0, ""collisions"": 0.05, ""congestion"": 1.0, ""fairness"": 2.0, ""incomplete_base"": 1000.0, ""incomplete_agent"": 10.0}","[111.16859838274934, 1179.7623333333333, 1162.3953333333334, 74.89811165845649, 67.4789260385005, 1181.545, 95.7715598050244, 104.07073882477783, 83.86389514796456, 86.01287505597851]","[31.8, 100.0, 100.0, 29.0, 32.9, 100.0, 38.1, 35.9, 31.700000000000003, 31.900000000000002]"
ga,2,19,145.38572932448963,30.99,1888.7,1.7716817054420138,5.5,11.559642857142858,20.65416666666666,9.09452380952381,True,0.0,hospital_corridor,28,12,"[11, 29, 47, 53, 61, 73, 89, 97, 101, 109]","[3.5738392242389327, 0.499056323623568, 1.3714289380011202, 0.5, 1.0]","{""time"": 1.0, ""collisions"": 0.05, ""congestion"": 1.0, ""fairness"": 2.0, ""incomplete_base"": 1000.0, ""incomplete_agent"": 10.0}","[301.892791005291, 115.4683531746032, 110.27530062530063, 120.96849816849817, 98.22508305647841, 107.36372247823861, 141.1627976190476, 159.05090563832897, 180.47277992277992, 118.97706155632986]","[43.2, 28.8, 29.700000000000003, 27.3, 30.1, 27.900000000000002, 32.0, 32.6, 29.6, 28.700000000000003]"
ga,2,20,144.8225361202307,27.330000000000002,1989.4,1.8880123107068676,6.0,10.33857142857143,18.405833333333337,8.067261904761905,True,0.0,hospital_corridor,28,12,"[11, 29, 47, 53, 61, 73, 89, 97, 101, 109]","[4.449207973968253, 1.146909145135258, 0.7225894514910062, 0.5, 1.0]","{""time"": 1.0, ""collisions"": 0.05, ""congestion"": 1.0, ""fairness"": 2.0, ""incomplete_base"": 1000.0, ""incomplete_agent"": 10.0}","[205.6461664088018, 158.8357999314834, 104.24918074756785, 137.75586436909396, 130.8926287120014, 115.60834651203656, 159.5949772841999, 185.86038806981867, 120.60203081232493, 129.17997835497837]","[27.700000000000003, 27.8, 27.900000000000002, 25.700000000000003, 27.1, 27.1, 28.3, 28.1, 27.200000000000003, 26.400000000000002]"
ga,2,21,83.03018074532395,28.540000000000003,704.6,1.7847045548477467,5.5,10.603928571428572,19.34166666666667,8.737738095238097,True,0.0,hospital_corridor,28,12,"[11, 29, 47, 53, 61, 73, 89, 97, 101, 109]","[4.267953209849689, 1.6754959037145323, 0.9179525911809966, 0.5, 1.0]","{""time"": 1.0, ""collisions"": 0.05, ""congestion"": 1.0, ""fairness"": 2.0, ""incomplete_base"": 1000.0, ""incomplete_agent"": 10.0}","[111.84777102330294, 80.47232142857143, 63.2328320802005, 78.91165693043018, 68.08070175438597, 70.26204228984012, 88.753081232493, 108.37161654135338, 79.05549845837616, 81.31428571428572]","[28.200000000000003, 28.8, 28.5, 26.900000000000002, 28.5, 27.700000000000003, 30.6, 30.400000000000002, 27.8, 28.0]"
ga,2,22,1098.1262767115911,43.779999999999994,544.0,1.424214607029071,5.1,10.880105311355312,20.241136363636365,9.361031052281053,False,0.7,hospital_corridor,28,12,"[11, 29, 47, 53, 61, 73, 89, 97, 101, 109]","[4.956478102414846, 1.8417796351728237, 1.479406486768312, 0.5, 1.0]","{""time"": 1.0, ""collisions"": 0.05, ""congestion"": 1.0, ""fairness"": 2.0, ""incomplete_base"": 1000.0, ""incomplete_agent"": 10.0}","[100.62656890570798, 1177.067, 1172.2145734265735, 63.37126925119492, 74.10553709856036, 69.88471177944862, 80.1443722943723, 95.341341991342, 81.64276651837206, 66.86462585034013]","[30.200000000000003, 100.0, 100.0, 26.900000000000002, 30.1, 28.5, 33.0, 30.8, 28.900000000000002, 29.400000000000002]"
ga,2,23,1095.573419644562,43.970000000000006,528.1,1.3735916022338786,4.8,11.06258597883598,19.975,8.912414021164022,False,0.6,hospital_corridor,28,12,"[11, 29, 47, 53, 61, 73, 89, 97, 101, 109]","[4.6427856049643355, 1.7168618028768798, 1.5599962266384133, 0.5, 1.0]","{""time"": 1.0, ""collisions"": 0.05, ""congestion"": 1.0, ""fairness"": 2.0, ""incomplete_base"": 1000.0, ""incomplete_agent"": 10.0}","[105.98828320802005, 1176.623, 1161.5351851851851, 63.76775210084035, 59.70141911069064, 69.55069444444445, 90.61265551265552, 85.65797503467407, 76.98957419145133, 65.30765765765766]","[30.400000000000002, 100.0, 100.0, 27.200000000000003, 30.200000000000003, 28.8, 33.300000000000004, 30.900000000000002, 29.3, 29.6]"
ga,2,24,96.73459280339486,29.390000000000004,950.2,1.738402327204378,5.3,10.823571428571427,19.871666666666666,9.048095238095238,True,0.0,hospital_corridor,28,12,"[11, 29, 47, 53, 61, 73, 89, 97, 101, 109]","[4.197206383655104, 1.568466999781134, 0.8964325610464973, 0.5, 1.0]","{""time"": 1.0, ""collisions"": 0.05, ""congestion"": 1.0, ""fairness"": 2.0, ""incomplete_base"": 1000.0, ""incomplete_agent"": 10.0}","[129.26148957803764, 81.84245345196902, 71.27951039570758, 89.12888655462186, 64.54845788849349, 76.24259645464025, 106.6465367965368, 110.36407867494825, 165.7569182389937, 72.275]","[28.1, 28.900000000000002, 28.400000000000002, 27.200000000000003, 28.1, 27.400000000000002, 30.8, 29.900000000000002, 37.1, 28.0]"
ga,2,25,1154.1074742770138,94.49,166.2,0.5322768374164811,4.4,12.55399218929219,21.94159090909091,9.38759871979872,False,3.2,hospital_corridor,28,12,"[11, 29, 47, 53, 61, 73, 89, 97, 101, 109]","[3.7806350501886943, 2.5834832783232833, 1.2291448535252765, 0.5, 1.0]","{""time"": 1.0, ""collisions"": 0.05, ""congestion"": 1.0, ""fairness"": 2.0, ""incomplete_base"": 1000.0, ""incomplete_agent"": 10.0}","[1154.4668974358974, 1203.9793333333332, 1168.915, 1162.809, 1177.5021212121212, 1137.9894444444444, 81.06481599321245, 1151.5935714285715, 1150.0342255892256, 1152.7203333333334]","[100.0, 100.0, 100.0, 100.0, 100.0, 100.0, 44.900000000000006, 100.0, 100.0, 100.0]"
ga,2,26,1104.939401602824,44.14,709.2,1.3478173537399163,5.0,10.610874542124542,19.606666666666666,8.995792124542124,False,0.6,hospital_corridor,28,12,"[11, 29, 47, 53, 61, 73, 89, 97, 101, 109]","[4.3991365885223725, 1.1434669928588186, 2.1657857818722794, 0.5, 1.0]","{""time"": 1.0, ""collisions"": 0.05, ""congestion"": 1.0, ""fairness"": 2.0, ""incomplete_base"": 1000.0, ""incomplete_agent"": 10.0}","[108.72607973421928, 1186.205, 77.97186147186147, 81.0500350140056, 71.10137844611529, 1169.7297948717949, 89.33154209052043, 105.76273035530002, 80.68118069145467, 78.83441335297005]","[30.1, 100.0, 30.8, 27.200000000000003, 30.400000000000002, 100.0, 32.300000000000004, 32.300000000000004, 29.200000000000003, 29.1]"
ga,2,27,1108.1485005221266,59.29,310.3,1.1535928076189963,5.0,11.397167354867355,20.992121212121212,9.594953857253858,False,1.3,hospital_corridor,28,12,"[11, 29, 47, 53, 61, 73, 89, 97, 101, 109]","[4.546170628527394, 2.766387827956613, 1.0637022086728276, 0.5, 1.0]","{""time"": 1.0, ""collisions"": 0.05, ""congestion"": 1.0, ""fairness"": 2.0, ""incomplete_base"": 1000.0, ""incomplete_agent"": 10.0}","[98.68625784719032, 1195.4105454545454, 1128.8717777777779, 1148.2092820512821, 53.59824016563147, 1169.7510909090909, 75.64338138925295, 80.21856368563685, 63.28356562137051, 67.81230031948883]","[31.1, 100.0, 100.0, 100.0, 32.2, 100.0, 32.7, 36.9, 28.700000000000003, 31.3]"
ga,2,28,100.57016791375653,29.43,1029.2,1.781358389947,5.4,11.00392857142857,19.953333333333333,8.949404761904763,True,0.0,hospital_corridor,28,12,"[11, 29, 47, 53, 61, 73, 89, 97, 101, 109]","[3.887363584425125, 1.31463626204163, 0.9250533835438486, 0.5, 1.0]","{""time"": 1.0, ""collisions"": 0.05, ""congestion"": 1.0, ""fairness"": 2.0, ""incomplete_base"": 1000.0, ""incomplete_agent"": 10.0}","[201.0025641025641, 85.25197044334976, 81.4880708597432, 104.0848484848485, 68.75382293762576, 74.09061371841155, 96.50121762059872, 107.45768505421971, 112.26785714285714, 74.8030287733468]","[35.1, 29.0, 29.3, 27.5, 28.400000000000002, 27.700000000000003, 30.700000000000003, 30.3, 28.0, 28.3]"
ga,2,29,208.54748411224767,32.129999999999995,3124.5,1.981769826533354,5.9,12.419642857142858,21.525,9.105357142857143,True,0.0,hospital_corridor,28,12,"[11, 29, 47, 53, 61, 73, 89, 97, 101, 109]","[2.8166713255552756, 1.1651594772075948, 0.6023275806274639, 0.5, 1.0]","{""time"": 1.0, ""collisions"": 0.05, ""congestion"": 1.0, ""fairness"": 2.0, ""incomplete_base"": 1000.0, ""incomplete_agent"": 10.0}","[236.5888150609081, 211.60583119475336, 174.35815295815294, 197.09115983026877, 205.64216985763377, 191.12054075867636, 227.2860215053763, 246.44427244582047, 204.04126984126984, 191.29660766961655]","[34.4, 33.4, 29.700000000000003, 30.3, 29.1, 29.5, 37.2, 32.300000000000004, 31.5, 33.9]"
ga,2,30,1126.010537971757,44.81,1100.7,1.3946313783503321,5.2,11.279546703296704,20.665000000000003,9.385453296703298,False,0.6,hospital_corridor,28,12,"[11, 29, 47, 53, 61, 73, 89, 97, 101, 109]","[3.5085418678522426, 0.7901031730876653, 1.8473691392409453, 0.5, 1.0]","{""time"": 1.0, ""collisions"": 0.05, ""congestion"": 1.0, ""fairness"": 2.0, ""incomplete_base"": 1000.0, ""incomplete_agent"": 10.0}","[169.63434065934064, 1204.133, 94.81775244299675, 96.62951353203152, 85.58371735791091, 1180.4215897435897, 109.47627401837929, 130.6994757536042, 101.7926406926407, 86.91707551707553]","[31.200000000000003, 100.0, 30.700000000000003, 27.8, 31.0, 100.0, 34.2, 32.7, 30.8, 29.700000000000003]"
ga,2,31,1116.860257740568,44.8,936.8,1.387950048260273,5.4,11.141346153846154,20.0575,8.916153846153847,False,0.6,hospital_corridor,28,12,"[11, 29, 47, 53, 61, 73, 89, 97, 101, 109]","[3.7922887350770087, 0.8989517697786373, 2.2168173128777977, 0.5, 1.0]","{""time"": 1.0, ""collisions"": 0.05, ""congestion"": 1.0, ""fairness"": 2.0, ""incomplete_base"": 1000.0, ""incomplete_agent"": 10.0}","[128.19941451990633, 1194.9383333333333, 89.22850707850708, 94.43164754953077, 78.98197945845006, 1173.302076923077, 98.44208746942887, 126.06666666666666, 96.71428571428572, 88.29757869249396]","[30.5, 100.0, 33.300000000000004, 27.400000000000002, 30.6, 100.0, 33.1, 33.6, 30.0, 29.5]"
ga,2,32,103.05451625792671,29.98,1064.3,1.8068972103076475,5.6,11.330357142857142,20.35666666666667,9.026309523809523,True,0.0,hospital_corridor,28,12,"[11, 29, 47, 53, 61, 73, 89, 97, 101, 109]","[3.2593346661573483, 1.0771905171005882, 0.8967688233952059, 0.5, 1.0]","{""time"": 1.0, ""collisions"": 0.05, ""congestion"": 1.0, ""fairness"": 2.0, ""incomplete_base"": 1000.0, ""incomplete_agent"": 10.0}","[144.21190476190475, 91.406162464986, 76.49644487932159, 99.56934846140622, 90.69807411019016, 80.41428571428571, 111.64680621493311, 121.17156862745098, 113.47494407158837, 101.45562327320006]","[28.8, 30.6, 29.200000000000003, 27.700000000000003, 29.3, 28.0, 33.1, 34.0, 29.8, 29.3]"
ga,2,33,106.89530625245943,29.170000000000005,1160.3,1.796734823888007,5.2,11.160714285714286,20.1175,8.956785714285713,True,0.0,hospital_corridor,28,12,"[11, 29, 47, 53, 61, 73, 89, 97, 101, 109]","[3.624779579501047, 1.0331420119985655, 0.9729142640565196, 0.5, 1.0]","{""time"": 1.0, ""collisions"": 0.05, ""congestion"": 1.0, ""fairness"": 2.0, ""incomplete_base"": 1000.0, ""incomplete_agent"": 10.0}","[178.17187902187902, 92.40387825233186, 80.76120789779327, 132.64642857142857, 76.89702380952382, 87.82622523461939, 101.87498168498168, 118.40271317829456, 116.70775251276982, 83.26097236097237]","[29.6, 29.1, 28.700000000000003, 28.0, 28.8, 27.400000000000002, 32.5, 30.1, 28.900000000000002, 28.6]"
ga,2,34,77.48489982842818,28.27,604.3,1.7518045903329358,5.3,10.489285714285714,19.113333333333333,8.62404761904762,True,0.0,hospital_corridor,28,12,"[11, 29, 47, 53, 61, 73, 89, 97, 101, 109]","[4.641032600901442, 1.792740105206341, 0.9887090950405204, 0.5, 1.0]","{""time"": 1.0, ""collisions"": 0.05, ""congestion"": 1.0, ""fairness"": 2.0, ""incomplete_base"": 1000.0, ""incomplete_agent"": 10.0}","[99.97234367056433, 73.31617063492064, 70.0050311290594, 81.0452025586354, 59.89224924012158, 66.83194805194805, 86.10746569814367, 84.02683548335723, 85.42533092659447, 68.22642089093704]","[28.1, 28.8, 28.3, 26.8, 28.200000000000003, 27.5, 29.5, 29.900000000000002, 27.700000000000003, 27.900000000000002]"
ga,2,35,1104.888737337841,52.04,485.9,1.20505389165742,4.7,10.988915852665851,20.663257575757576,9.674341723091723,False,0.8,hospital_corridor,28,12,"[11, 29, 47, 53, 61, 73, 89, 97, 101, 109]","[4.635128144173987, 1.6717480850449888, 2.0887556355649437, 0.5, 1.0]","{""time"": 1.0, ""collisions"": 0.05, ""congestion"": 1.0, ""fairness"": 2.0, ""incomplete_base"": 1000.0, ""incomplete_agent"": 10.0}","[110.22308066083578, 1176.468, 1157.9572996632996, 65.79688249400479, 59.04044605183846, 1159.1041538461538, 86.24398496240602, 84.32102330293819, 77.84969638862256, 71.88280600830936]","[34.300000000000004, 100.0, 100.0, 27.8, 31.6, 100.0, 34.2, 32.9, 29.8, 29.8]"
ga,2,36,148.39302911940914,29.490000000000002,1986.9,1.8677910241710358,5.8,10.713214285714287,19.558333333333337,8.845119047619049,True,0.0,hospital_corridor,28,12,"[11, 29, 47, 53, 61, 73, 89, 97, 101, 109]","[4.029331548153098, 0.9919220131787005, 0.7395228267280267, 0.5, 1.0]","{""time"": 1.0, ""collisions"": 0.05, ""congestion"": 1.0, ""fairness"": 2.0, ""incomplete_base"": 1000.0, ""incomplete_agent"": 10.0}","[302.295818815331, 141.3163385495541, 108.60784215784217, 119.08809523809525, 121.41966205837176, 110.52111344537815, 150.04199134199135, 206.87601755786116, 111.02289377289378, 112.74051825677267]","[36.9, 28.3, 28.6, 26.0, 27.900000000000002, 27.200000000000003, 28.6, 35.800000000000004, 27.3, 28.3]"
ga,2,37,77.13596178764156,33.19,464.5,1.5638189304987073,5.3,12.091428571428573,21.67,9.578571428571431,True,0.0,hospital_corridor,28,12,"[11, 29, 47, 53, 61, 73, 89, 97, 101, 109]","[2.6112623787295126, 1.3520586184239478, 0.9316262220337543, 0.5, 1.0]","{""time"": 1.0, ""collisions"": 0.05, ""congestion"": 1.0, ""fairness"": 2.0, ""incomplete_base"": 1000.0, ""incomplete_agent"": 10.0}","[106.38317353787151, 62.11666666666666, 61.6303515798843, 64.14398326898328, 59.33901918976546, 74.57513227513228, 89.94925980754996, 82.0652380952381, 92.88192239858907, 78.27487105673504]","[29.8, 31.5, 32.1, 29.6, 33.5, 29.700000000000003, 38.6, 35.0, 32.4, 39.7]"
ga,2,38,1080.1989058882402,42.480000000000004,282.3,1.4669746713089096,5.1,13.235701058201059,23.804166666666667,10.56846560846561,False,0.1,hospital_corridor,28,12,"[11, 29, 47, 53, 61, 73, 89, 97, 101, 109]","[2.2567381879371324, 1.7746312054208606, 0.8970856372781102, 0.5, 1.0]","{""time"": 1.0, ""collisions"": 0.05, ""congestion"": 1.0, ""fairness"": 2.0, ""incomplete_base"": 1000.0, ""incomplete_agent"": 10.0}","[98.76995073891626, 53.81406926406927, 64.26585127201565, 60.338375350140055, 52.03980051480051, 1148.2564074074073, 95.7411196911197, 79.92932816537467, 72.92156158552807, 75.91259489302968]","[34.800000000000004, 33.0, 36.5, 30.6, 29.6, 100.0, 44.400000000000006, 38.7, 35.800000000000004, 41.400000000000006]"
ga,2,39,75.35011994571477,30.540000000000003,501.7,1.814167564762385,5.4,11.847857142857142,20.803333333333335,8.95547619047619,True,0.0,hospital_corridor,28,12,"[11, 29, 47, 53, 61, 73, 89, 97, 101, 109]","[3.4897937515146507, 2.44648328864715, 0.8269505221285446, 0.5, 1.0]","{""time"": 1.0, ""collisions"": 0.05, ""congestion"": 1.0, ""fairness"": 2.0, ""incomplete_base"": 1000.0, ""incomplete_agent"": 10.0}","[111.2309523809524, 71.19039408866996, 70.72803592025045, 81.84843279083786, 57.739534883720935, 56.40497679216091, 80.7084520212919, 80.12457875457876, 79.74433497536945, 63.78150684931508]","[34.300000000000004, 29.0, 28.900000000000002, 31.6, 30.1, 27.700000000000003, 33.1, 32.5, 29.0, 29.200000000000003]"
ga,2,40,61.21226232599045,30.190000000000005,240.6,1.72488137360949,5.7,11.652142857142858,20.285833333333333,8.633690476190477,True,0.0,hospital_corridor,28,12,"[11, 29, 47, 53, 61, 73, 89, 97, 101, 109]","[3.7822025425956074, 2.532859111470648, 0.9461480969065724, 0.5, 1.0]","{""time"": 1.0, ""collisions"": 0.05, ""congestion"": 1.0, ""fairness"": 2.0, ""incomplete_base"": 1000.0, ""incomplete_agent"": 10.0}","[85.41038961038961, 51.065714285714286, 54.45336958312737, 53.362968591692, 51.37324069559565, 56.966865079365085, 69.08493975903616, 66.26651560926486, 62.85706075533662, 61.28155929038283]","[30.8, 30.0, 28.900000000000002, 28.200000000000003, 29.3, 28.8, 33.2, 33.1, 29.0, 30.6]"
ga,2,41,1149.6733918963325,87.64,445.3,0.6764185918591858,4.5,12.767498196248198,22.81348484848485,10.045986652236651,False,1.9,hospital_corridor,28,12,"[11, 29, 47, 53, 61, 73, 89, 97, 101, 109]","[2.9954266093127044, 1.4458646925444683, 1.3978522336016392, 0.5, 1.0]","{""time"": 1.0, ""collisions"": 0.05, ""congestion"": 1.0, ""fairness"": 2.0, ""incomplete_base"": 1000.0, ""incomplete_agent"": 10.0}","[126.22936507936508, 1193.621909090909, 1148.7223872053871, 1167.936, 1139.7237179487179, 1154.5676296296297, 86.6845827439887, 1153.792962962963, 1152.6204155844157, 1172.8349487179487]","[36.0, 100.0, 100.0, 100.0, 100.0, 100.0, 40.400000000000006, 100.0, 100.0, 100.0]"
ga,2,42,133.04406055034113,28.000000000000007,1726.8,1.8726319789125454,5.8,10.589285714285715,19.005000000000003,8.415714285714285,True,0.0,hospital_corridor,28,12,"[11, 29, 47, 53, 61, 73, 89, 97, 101, 109]","[4.1958272128622704, 2.9000536506156522, 0.7042616103055348, 0.5, 1.0]","{""time"": 1.0, ""collisions"": 0.05, ""congestion"": 1.0, ""fairness"": 2.0, ""incomplete_base"": 1000.0, ""incomplete_agent"": 10.0}","[183.1139595564253, 170.82828307793707, 99.8855423757951, 134.50298073427845, 112.26845672575601, 101.26985294117648, 139.18234126984126, 170.3195920689095, 106.07825630252101, 112.99134045077105]","[29.200000000000003, 28.900000000000002, 27.700000000000003, 26.200000000000003, 27.400000000000002, 27.200000000000003, 28.8, 29.3, 27.200000000000003, 28.1]"
ga,2,43,57.75606465537204,33.300000000000004,77.1,1.7955884648958507,5.6,12.466428571428574,21.869166666666665,9.402738095238094,True,0.0,hospital_corridor,28,12,"[11, 29, 47, 53, 61, 73, 89, 97, 101, 109]","[3.669880097928413, 3.828255458737988, 0.930056437076026, 0.5, 1.0]","{""time"": 1.0, ""collisions"": 0.05, ""congestion"": 1.0, ""fairness"": 2.0, ""incomplete_base"": 1000.0, ""incomplete_agent"": 10.0}","[71.72739008646937, 65.01385281385282, 52.226507394766784, 57.096172674677355, 45.376661790996266, 52.010424710424715, 65.12135217723453, 61.96298217611068, 53.124941065535126, 53.9003616636528]","[39.1, 38.5, 29.3, 32.1, 29.3, 29.6, 37.4, 35.800000000000004, 30.3, 31.6]"
ga,2,44,165.60111574298696,27.95,2397.5,1.9658776477488633,5.8,10.463214285714285,18.368333333333332,7.90511904761905,True,0.0,hospital_corridor,28,12,"[11, 29, 47, 53, 61, 73, 89, 97, 101, 109]","[4.463909732005988, 1.310631276589792, 0.5057851743723261, 0.5, 1.0]","{""time"": 1.0, ""collisions"": 0.05, ""congestion"": 1.0, ""fairness"": 2.0, ""incomplete_base"": 1000.0, ""incomplete_agent"": 10.0}","[193.72943013270884, 182.98214285714286, 144.10046248715315, 150.87892286065718, 182.77513227513228, 140.0097610261817, 178.00862068965517, 209.6426853215513, 129.67822128851543, 144.20577849117174]","[30.5, 28.0, 27.8, 27.1, 27.0, 27.1, 29.0, 29.1, 27.200000000000003, 26.700000000000003]"
ga,2,45,88.31427232036417,27.840000000000003,831.5,1.74808184417368,5.5,9.84357142857143,18.419166666666666,8.575595238095238,True,0.0,hospital_corridor,28,12,"[11, 29, 47, 53, 61, 73, 89, 97, 101, 109]","[5.0, 1.3086284740155525, 0.9681292904582596, 0.5, 1.0]","{""time"": 1.0, ""collisions"": 0.05, ""congestion"": 1.0, ""fairness"": 2.0, ""incomplete_base"": 1000.0, ""incomplete_agent"": 10.0}","[125.93571428571431, 86.87023809523811, 71.07528138528139, 89.2460440985733, 70.13918650793651, 77.80529100529101, 86.62646048109966, 105.13241943241944, 88.87673992673993, 81.43534798534799]","[28.0, 28.0, 27.5, 25.700000000000003, 28.8, 27.0, 29.1, 29.700000000000003, 27.3, 27.3]"
ga,2,46,76.04861244607449,29.670000000000005,546.7,1.7500410175030392,5.3,11.270714285714288,19.9175,8.646785714285716,True,0.0,hospital_corridor,28,12,"[11, 29, 47, 53, 61, 73, 89, 97, 101, 109]","[3.510181626118393, 1.629877273380619, 0.9229693158380834, 0.5, 1.0]","{""time"": 1.0, ""collisions"": 0.05, ""congestion"": 1.0, ""fairness"": 2.0, ""incomplete_base"": 1000.0, ""incomplete_agent"": 10.0}","[115.52357386640662, 63.00715878324574, 60.04325396825398, 79.2130662020906, 57.44081289081289, 66.22606516290728, 87.48229397021967, 88.4900363967243, 75.55829228243022, 67.50157093765341]","[29.3, 29.900000000000002, 28.8, 28.700000000000003, 29.700000000000003, 28.5, 32.300000000000004, 31.400000000000002, 29.0, 29.1]"
ga,2,47,77.6497153284434,29.190000000000005,584.9,1.7449534236814987,5.2,11.109285714285715,19.844166666666666,8.734880952380951,True,0.0,hospital_corridor,28,12,"[11, 29, 47, 53, 61, 73, 89, 97, 101, 109]","[4.060183594318163, 1.72191648951335, 1.0039545348132535, 0.5, 1.0]","{""time"": 1.0, ""collisions"": 0.05, ""congestion"": 1.0, ""fairness"": 2.0, ""incomplete_base"": 1000.0, ""incomplete_agent"": 10.0}","[119.43670150987225, 63.411728986896776, 63.33925667828107, 78.5335164835165, 58.39202059202059, 63.0957344775366, 85.05934885136163, 84.20751633986929, 92.01299603174603, 69.00833333333334]","[28.700000000000003, 29.8, 28.700000000000003, 27.3, 29.6, 28.3, 31.3, 30.6, 28.8, 28.8]"
ga,2,48,1107.430568295732,59.529999999999994,401.2,1.1018381370017267,4.6,11.920634920634921,21.29,9.36936507936508,False,0.8,hospital_corridor,28,12,"[11, 29, 47, 53, 61, 73, 89, 97, 101, 109]","[3.842108626122978, 1.7498319275265621, 1.4519859570633173, 0.5, 1.0]","{""time"": 1.0, ""collisions"": 0.05, ""congestion"": 1.0, ""fairness"": 2.0, ""incomplete_base"": 1000.0, ""incomplete_agent"": 10.0}","[97.9073418416358, 1171.8303333333333, 1151.4458282828282, 57.47753185781355, 54.88658008658008, 1146.2502222222222, 92.34705462566498, 82.66701444622794, 1147.322012987013, 72.17176327399969]","[34.7, 100.0, 100.0, 28.400000000000002, 28.6, 100.0, 36.7, 35.6, 100.0, 31.3]"
ga,2,49,1208.095792899011,47.6,2650.2,1.4744584154591442,5.6,13.041666091557397,22.297333333333334,9.255667241775939,False,0.8,hospital_corridor,28,12,"[11, 29, 47, 53, 61, 73, 89, 97, 101, 109]","[2.3567670491780914, 0.6928439775455467, 0.8148641395733294, 0.5, 1.0]","{""time"": 1.0, ""collisions"": 0.05, ""congestion"": 1.0, ""fairness"": 2.0, ""incomplete_base"": 1000.0, ""incomplete_agent"": 10.0}","[1776.7044347826086, 134.75653123634777, 104.55702981489333, 146.72707641196013, 118.11160714285715, 129.10029761904764, 165.21006989951945, 1241.6758148148149, 133.66052181351583, 130.45454545454547]","[100.0, 32.7, 33.7, 30.1, 32.0, 32.0, 43.6, 100.0, 33.4, 38.5]"
ga,2,50,127.26185001165014,28.830000000000002,1585.4,1.9032785830786985,6.0,10.720714285714285,19.35,8.629285714285714,True,0.0,hospital_corridor,28,12,"[11, 29, 47, 53, 61, 73, 89, 97, 101, 109]","[3.988904919192834, 1.816104538291454, 0.734087216449892, 0.5, 1.0]","{""time"": 1.0, ""collisions"": 0.05, ""congestion"": 1.0, ""fairness"": 2.0, ""incomplete_base"": 1000.0, ""incomplete_agent"": 10.0}","[182.2526695526696, 136.2765656101669, 94.22579365079365, 137.7606390511595, 98.90033534540578, 95.27896103896104, 141.73922677982085, 151.25295429208472, 133.8190476190476, 101.11230717639168]","[29.700000000000003, 31.1, 28.8, 26.900000000000002, 28.400000000000002, 27.5, 30.3, 29.900000000000002, 27.3, 28.400000000000002]"
ga,2,51,1125.5019752826254,52.94,890.6,1.2295597352097318,4.5,12.023792226292226,21.425000000000004,9.401207773707775,False,0.8,hospital_corridor,28,12,"[11, 29, 47, 53, 61, 73, 89, 97, 101, 109]","[3.0697465879180443, 0.9189415293585423, 1.6481827968961327, 0.5, 1.0]","{""time"": 1.0, ""collisions"": 0.05, ""congestion"": 1.0, ""fairness"": 2.0, ""incomplete_base"": 1000.0, ""incomplete_agent"": 10.0}","[144.04391534391536, 1185.1970000000001, 1165.0151481481482, 88.3838161838162, 79.97959706959708, 1182.6471025641026, 109.85105820105821, 116.02761904761904, 90.8447874417906, 93.02970882620565]","[32.4, 100.0, 100.0, 28.6, 32.5, 100.0, 37.800000000000004, 35.0, 31.700000000000003, 31.400000000000002]"
ga,2,52,1165.0246441518225,100.0,103.4,0.48179999999999995,4.6,12.279199136210007,21.965621212121214,9.686422075911208,False,4.0,hospital_corridor,28,12,"[11, 29, 47, 53, 61, 73, 89, 97, 101, 109]","[4.519033711078109, 3.691563757977557, 1.1595623711920982, 0.5, 1.0]","{""time"": 1.0, ""collisions"": 0.05, ""congestion"": 1.0, ""fairness"": 2.0, ""incomplete_base"": 1000.0, ""incomplete_agent"": 10.0}","[1174.1106666666667, 1200.4282337662337, 1187.5189565217393, 1158.999, 1175.0504848484848, 1134.561074074074, 1150.7653333333333, 1153.67, 1165.2976153846155, 1149.845076923077]","[100.0, 100.0, 100.0, 100.0, 100.0, 100.0, 100.0, 100.0, 100.0, 100.0]"
ga,2,53,1097.3541874625314,36.510000000000005,747.8,1.5396636530075252,5.3,10.466904761904761,19.424166666666668,8.957261904761905,False,0.4,hospital_corridor,28,12,"[11, 29, 47, 53, 61, 73, 89, 97, 101, 109]","[4.668023024922654, 1.3378916937208816, 1.4530930238779731, 0.5, 1.0]","{""time"": 1.0, ""collisions"": 0.05, ""congestion"": 1.0, ""fairness"": 2.0, ""incomplete_base"": 1000.0, ""incomplete_agent"": 10.0}","[153.83606378331152, 1185.2350000000001, 71.63474903474903, 78.4349816849817, 65.16117836965296, 76.94085303186023, 90.63648233486944, 97.19937679769895, 77.09215784215785, 77.37103174603175]","[32.7, 100.0, 29.6, 27.3, 29.5, 27.8, 31.0, 29.8, 28.6, 28.8]"
ga,2,54,1073.201256534148,38.06,296.7,1.6537457116370273,5.3,12.060714285714287,20.8869696969697,8.826255411255413,False,0.1,hospital_corridor,28,12,"[11, 29, 47, 53, 61, 73, 89, 97, 101, 109]","[3.5590752993737023, 2.5597560553223366, 0.9094625281074096, 0.5, 1.0]","{""time"": 1.0, ""collisions"": 0.05, ""congestion"": 1.0, ""fairness"": 2.0, ""incomplete_base"": 1000.0, ""incomplete_agent"": 10.0}","[103.73746207624326, 52.29691183404054, 60.93372606774669, 63.07320162107397, 46.121008403361344, 59.75586527293845, 74.04849624060151, 66.47943722943722, 1144.0782987012988, 61.488157894736844]","[36.1, 30.3, 29.1, 28.200000000000003, 30.6, 28.700000000000003, 34.2, 33.0, 100.0, 30.400000000000002]"
ga,2,55,92.69071502801766,29.509999999999998,881.6,1.7242864565890836,5.6,10.664285714285715,19.352500000000003,8.688214285714286,True,0.0,hospital_corridor,28,12,"[11, 29, 47, 53, 61, 73, 89, 97, 101, 109]","[3.9906216739306446, 1.269945291947915, 0.9321125425738486, 0.5, 1.0]","{""time"": 1.0, ""collisions"": 0.05, ""congestion"": 1.0, ""fairness"": 2.0, ""incomplete_base"": 1000.0, ""incomplete_agent"": 10.0}","[115.47753659767794, 89.91945812807883, 74.28345864661654, 86.64867724867725, 67.62168186423507, 79.3278711484594, 96.34654528478058, 132.93035245594302, 98.5345238095238, 85.81704509618417]","[28.3, 29.0, 28.5, 27.0, 28.200000000000003, 27.200000000000003, 30.6, 38.1, 28.0, 30.200000000000003]"
ga,2,56,1129.0806023510147,35.160000000000004,1443.0,1.6677635231758345,5.7,10.070247252747253,18.62166666666667,8.551419413919415,False,0.3,hospital_corridor,28,12,"[11, 29, 47, 53, 61, 73, 89, 97, 101, 109]","[4.502728998411697, 0.7214487389189999, 1.051463393146168, 0.5, 1.0]","{""time"": 1.0, ""collisions"": 0.05, ""congestion"": 1.0, ""fairness"": 2.0, ""incomplete_base"": 1000.0, ""incomplete_agent"": 10.0}","[145.91894841269843, 105.59761904761905, 103.84228243021346, 100.27399267399268, 86.48427543679344, 103.40894394658233, 1303.4927692307692, 133.24251700680273, 106.29025974025974, 102.2544155844156]","[28.8, 28.5, 29.0, 26.0, 27.8, 27.1, 100.0, 29.400000000000002, 27.5, 27.5]"
ga,2,57,164.40190107970582,28.03,2364.6,1.9766629844677392,6.0,10.455714285714286,18.538333333333334,8.082619047619048,True,0.0,hospital_corridor,28,12,"[11, 29, 47, 53, 61, 73, 89, 97, 101, 109]","[4.412488651431798, 2.658828430564546, 0.6677401348694241, 0.5, 1.0]","{""time"": 1.0, ""collisions"": 0.05, ""congestion"": 1.0, ""fairness"": 2.0, ""incomplete_base"": 1000.0, ""incomplete_agent"": 10.0}","[195.79264069264073, 174.0830773169483, 139.4561322370675, 135.6016057585825, 173.10079365079363, 145.80094886663156, 177.6378648233487, 212.2573891625616, 140.02384453781514, 150.26471375066882]","[30.8, 27.900000000000002, 27.8, 25.8, 27.0, 27.1, 31.0, 29.0, 27.200000000000003, 26.700000000000003]"
ga,2,58,179.5985961707936,28.880000000000003,2640.2,1.9624056946031332,5.6,10.823571428571428,19.196666666666665,8.373095238095239,True,0.0,hospital_corridor,28,12,"[11, 29, 47, 53, 61, 73, 89, 97, 101, 109]","[4.371045189108812, 0.9823774593224148, 0.5, 0.5, 1.0]","{""time"": 1.0, ""collisions"": 0.05, ""congestion"": 1.0, ""fairness"": 2.0, ""incomplete_base"": 1000.0, ""incomplete_agent"": 10.0}","[345.26664720384065, 165.177380952381, 141.0488866050017, 149.73105939004813, 171.2439290107187, 142.37642769284838, 193.92397133610726, 200.3735760971055, 135.07594537815126, 151.76813804173355]","[36.7, 28.0, 27.8, 26.700000000000003, 27.1, 27.1, 30.900000000000002, 30.6, 27.200000000000003, 26.700000000000003]"
ga,2,59,111.91426909572027,28.01,1302.3,1.787126238577415,5.4,10.198928571428572,18.7,8.50107142857143,True,0.0,hospital_corridor,28,12,"[11, 29, 47, 53, 61, 73, 89, 97, 101, 109]","[4.383397313157753, 0.7059373667205013, 1.0090239287939515, 0.5, 1.0]","{""time"": 1.0, ""collisions"": 0.05, ""congestion"": 1.0, ""fairness"": 2.0, ""incomplete_base"": 1000.0, ""incomplete_agent"": 10.0}","[151.88303571428574, 103.28809523809524, 98.3291286727457, 103.19835164835165, 104.0452380952381, 102.03465998945704, 118.67082134867368, 132.63823338209005, 107.57179353493223, 97.48333333333332]","[28.8, 28.0, 28.200000000000003, 26.0, 28.0, 27.1, 29.8, 29.3, 27.400000000000002, 27.5]"
ga,3,0,57.75606465537204,33.300000000000004,77.1,1.7955884648958507,5.6,12.466428571428574,21.869166666666665,9.402738095238094,True,0.0,hospital_corridor,28,12,"[11, 29, 47, 53, 61, 73, 89, 97, 101, 109]","[3.669880097928413, 3.828255458737988, 0.930056437076026, 0.5, 1.0]","{""time"": 1.0, ""collisions"": 0.05, ""congestion"": 1.0, ""fairness"": 2.0, ""incomplete_base"": 1000.0, ""incomplete_agent"": 10.0}","[71.72739008646937, 65.01385281385282, 52.226507394766784, 57.096172674677355, 45.376661790996266, 52.010424710424715, 65.12135217723453, 61.96298217611068, 53.124941065535126, 53.9003616636528]","[39.1, 38.5, 29.3, 32.1, 29.3, 29.6, 37.4, 35.800000000000004, 30.3, 31.6]"
ga,3,1,61.21226232599045,30.190000000000005,240.6,1.72488137360949,5.7,11.652142857142858,20.285833333333333,8.633690476190477,True,0.0,hospital_corridor,28,12,"[11, 29, 47, 53, 61, 73, 89, 97, 101, 109]","[3.7822025425956074, 2.532859111470648, 0.9461480969065724, 0.5, 1.0]","{""time"": 1.0, ""collisions"": 0.05, ""congestion"": 1.0, ""fairness"": 2.0, ""incomplete_base"": 1000.0, ""incomplete_agent"": 10.0}","[85.41038961038961, 51.065714285714286, 54.45336958312737, 53.362968591692, 51.37324069559565, 56.966865079365085, 69.08493975903616, 66.26651560926486, 62.85706075533662, 61.28155929038283]","[30.8, 30.0, 28.900000000000002, 28.200000000000003, 29.3, 28.8, 33.2, 33.1, 29.0, 30.6]"
ga,3,2,81.0073271228738,28.679999999999996,658.5,1.786374741921423,5.4,10.747857142857145,19.555833333333336,8.80797619047619,True,0.0,hospital_corridor,28,12,"[11, 29, 47, 53, 61, 73, 89, 97, 101, 109]","[4.642468390086323, 2.101381175300907, 0.8900913452789446, 0.5, 1.0]","{""time"": 1.0, ""collisions"": 0.05, ""congestion"": 1.0, ""fairness"": 2.0, ""incomplete_base"": 1000.0, ""incomplete_agent"": 10.0}","[116.34372370856471, 68.95185830429733, 55.280344478216826, 118.23809523809524, 59.608072009291526, 71.42490842490842, 88.53625648279113, 87.56794386628823, 75.93767813694822, 68.18439057933644]","[28.3, 28.700000000000003, 28.200000000000003, 30.0, 28.700000000000003, 27.3, 30.3, 30.200000000000003, 27.400000000000002, 27.700000000000003]"
ga,3,3,80.20618459343467,29.03,631.7,1.7149941172441818,5.2,10.64857142857143,19.586666666666666,8.938095238095238,True,0.0,hospital_corridor,28,12,"[11, 29, 47, 53, 61, 73, 89, 97, 101, 109]","[4.321150755854734, 1.7537023252272046, 0.9578663903414933, 0.5, 1.0]","{""time"": 1.0, ""collisions"": 0.05, ""congestion"": 1.0, ""fairness"": 2.0, ""incomplete_base"": 1000.0, ""incomplete_agent"": 10.0}","[124.27982625482626, 69.34943544428081, 67.52019647019648, 76.71046013911183, 64.4564039408867, 67.31243576567317, 79.1328247803976, 102.09394073418841, 83.0781562447043, 68.12816616008105]","[29.6, 29.1, 28.6, 26.700000000000003, 29.0, 27.8, 30.900000000000002, 32.300000000000004, 28.1, 28.200000000000003]"
ga,3,4,77.34818400229871,32.09000000000001,489.9,1.6455649546796522,5.1,12.695357142857143,22.254166666666663,9.558809523809526,True,0.0,hospital_corridor,28,12,"[11, 29, 47, 53, 61, 73, 89, 97, 101, 109]","[2.6112623787295126, 1.564590474897109, 0.9316262220337543, 0.5, 1.0]","{""time"": 1.0, ""collisions"": 0.05, ""congestion"": 1.0, ""fairness"": 2.0, ""incomplete_base"": 1000.0, ""incomplete_agent"": 10.0}","[103.07831279476648, 56.30197663971249, 59.68381555153707, 84.78407442447177, 47.92673160173161, 79.64064454064454, 93.49133858267719, 78.34496753246754, 86.15259740259741, 84.07738095238095]","[31.3, 31.8, 31.6, 30.200000000000003, 26.400000000000002, 29.700000000000003, 38.1, 35.2, 33.0, 33.6]"
ga,3,5,57.75606465537204,33.300000000000004,77.1,1.7955884648958507,5.6,12.466428571428574,21.869166666666665,9.402738095238094,True,0.0,hospital_corridor,28,12,"[11, 29, 47, 53, 61, 73, 89, 97, 101, 109]","[3.669880097928413, 3.828255458737988, 0.930056437076026, 0.5, 1.0]","{""time"": 1.0, ""collisions"": 0.05, ""congestion"": 1.0, ""fairness"": 2.0, ""incomplete_base"": 1000.0, ""incomplete_agent"": 10.0}","[71.72739008646937, 65.01385281385282, 52.226507394766784, 57.096172674677355, 45.376661790996266, 52.010424710424715, 65.12135217723453, 61.96298217611068, 53.124941065535126, 53.9003616636528]","[39.1, 38.5, 29.3, 32.1, 29.3, 29.6, 37.4, 35.800000000000004, 30.3, 31.6]"
ga,3,6,61.13097404379569,29.859999999999996,229.2,1.8331169009385497,5.4,11.513571428571428,20.502500000000005,8.988928571428572,True,0.0,hospital_corridor,28,12,"[11, 29, 47, 53, 61, 73, 89, 97, 101, 109]","[4.2746969485599555, 3.147945583629162, 0.9249586792354165, 0.5, 1.0]","{""time"": 1.0, ""collisions"": 0.05, ""congestion"": 1.0, ""fairness"": 2.0, ""incomplete_base"": 1000.0, ""incomplete_agent"": 10.0}","[86.63501400560224, 56.77544031311155, 56.07568922305764, 56.54554112554113, 49.89614352783367, 55.246428571428574, 70.6341067637246, 68.96790890269152, 54.724270353302614, 55.80919765166341]","[34.0, 29.200000000000003, 28.5, 27.5, 28.400000000000002, 28.0, 31.400000000000002, 34.5, 27.900000000000002, 29.200000000000003]"
ga,3,7,1111.375940276382,50.89,702.1,1.3444455673872029,5.0,11.350919312169314,20.36916666666667,9.018247354497355,False,0.6,hospital_corridor,28,12,"[11, 29, 47, 53, 61, 73, 89, 97, 101, 109]","[3.7432409543239133, 1.476659944210909, 1.0913458320242246, 0.5, 1.0]","{""time"": 1.0, ""collisions"": 0.05, ""congestion"": 1.0, ""fairness"": 2.0, ""incomplete_base"": 1000.0, ""incomplete_agent"": 10.0}","[124.83156370656371, 1178.6116666666667, 1147.1495185185186, 87.78151515151515, 70.93041018387554, 73.84814169570268, 106.14323542501113, 91.70570515746235, 1154.0562857142857, 78.70136054421769]","[29.6, 100.0, 100.0, 27.5, 30.3, 28.700000000000003, 32.1, 31.3, 100.0, 29.400000000000002]"
ga,3,8,1106.680164095975,51.05,606.5,1.2977566885675385,5.2,11.022129629629632,20.02583333333333,9.003703703703703,False,0.6,hospital_corridor,28,12,"[11, 29, 47, 53, 61, 73, 89, 97, 101, 109]","[4.095010322134641, 1.5483293845485495, 1.259279722126661, 0.5, 1.0]","{""time"": 1.0, ""collisions"": 0.05, ""congestion"": 1.0, ""fairness"": 2.0, ""incomplete_base"": 1000.0, ""incomplete_agent"": 10.0}","[106.28619047619048, 1177.6776666666667, 1148.6845925925927, 72.02989808469513, 63.804295051353876, 1161.2301481481481, 81.89512195121952, 101.99502164502165, 78.17997724687145, 75.01872909698997]","[30.0, 100.0, 100.0, 27.1, 30.6, 100.0, 32.800000000000004, 30.8, 29.3, 29.900000000000002]"
ga,3,9,1084.2030318266268,45.239999999999995,241.1,1.4248620334569515,5.1,11.807581770081772,21.049166666666665,9.241584896584895,False,0.7,hospital_corridor,28,12,"[11, 29, 47, 53, 61, 73, 89, 97, 101, 109]","[3.912106430979403, 2.7183549807349996, 1.0125794337953882, 0.5, 1.0]","{""time"": 1.0, ""collisions"": 0.05, ""congestion"": 1.0, ""fairness"": 2.0, ""incomplete_base"": 1000.0, ""incomplete_agent"": 10.0}","[86.05474095796676, 1184.420787878788, 49.871403855659906, 54.15284552845528, 46.11090141742316, 1143.7284814814816, 80.55068531863785, 72.66082844096542, 62.1302348336595, 62.349408553230205]","[34.1, 100.0, 28.900000000000002, 28.700000000000003, 29.900000000000002, 100.0, 33.7, 36.5, 29.200000000000003, 31.400000000000002]"
ga,3,10,82.0631567428261,29.57,659.2,1.8817281713975291,5.9,10.991785714285715,19.8175,8.825714285714287,True,0.0,hospital_corridor,28,12,"[11, 29, 47, 53, 61, 73, 89, 97, 101, 109]","[4.202192097448712, 3.0009698702625256, 0.7780164762253865, 0.5, 1.0]","{""time"": 1.0, ""collisions"": 0.05, ""congestion"": 1.0, ""fairness"": 2.0, ""incomplete_base"": 1000.0, ""incomplete_agent"": 10.0}","[96.6062980030722, 119.66926910299004, 69.40900765900767, 89.47640369580668, 60.25164203612479, 59.96183473389357, 92.35411255411256, 89.55505952380953, 63.96743697478992, 79.38050314465409]","[27.900000000000002, 34.4, 28.6, 26.8, 29.0, 27.200000000000003, 30.8, 32.0, 27.200000000000003, 31.8]"
ga,3,11,109.17552227099674,28.360000000000003,1237.9,1.7819508424252983,5.3,10.493214285714284,19.0625,8.569285714285716,True,0.0,hospital_corridor,28,12,"[11, 29, 47, 53, 61, 73, 89, 97, 101, 109]","[4.328680106786009, 0.9018548648125839, 0.9891249524092622, 0.5, 1.0]","{""time"": 1.0, ""collisions"": 0.05, ""congestion"": 1.0, ""fairness"": 2.0, ""incomplete_base"": 1000.0, ""incomplete_agent"": 10.0}","[154.08057644110278, 101.24027639027639, 82.34166666666667, 101.59894583787715, 98.89442755825736, 87.1701458443156, 113.66533957845435, 151.29990842490844, 103.84536796536797, 97.61856800274069]","[28.5, 28.6, 28.0, 26.200000000000003, 28.200000000000003, 27.1, 30.5, 31.200000000000003, 27.5, 27.8]"
ga,3,12,1070.4144132417873,38.15,233.4,1.5936556660297432,5.3,12.02,21.02037878787879,9.00037878787879,False,0.1,hospital_corridor,28,12,"[11, 29, 47, 53, 61, 73, 89, 97, 101, 109]","[3.792939765365068, 2.7449544864524116, 0.9657616398342768, 0.5, 1.0]","{""time"": 1.0, ""collisions"": 0.05, ""congestion"": 1.0, ""fairness"": 2.0, ""incomplete_base"": 1000.0, ""incomplete_agent"": 10.0}","[88.76557100716394, 50.725583566760044, 62.54266765529742, 46.67194178024567, 47.98362290862291, 68.52985347985347, 66.80952380952382, 65.00357142857143, 1146.0583376623376, 61.053459119496864]","[33.9, 30.6, 28.900000000000002, 28.3, 29.6, 31.200000000000003, 33.6, 33.6, 100.0, 31.8]"
ga,3,13,111.80910070112273,28.980000000000008,1259.4,1.8338626058846201,5.5,11.033214285714287,20.045833333333334,9.012619047619049,True,0.0,hospital_corridor,28,12,"[11, 29, 47, 53, 61, 73, 89, 97, 101, 109]","[3.6646863861201187, 0.9113381347867822, 0.9674984603405683, 0.5, 1.0]","{""time"": 1.0, ""collisions"": 0.05, ""congestion"": 1.0, ""fairness"": 2.0, ""incomplete_base"": 1000.0, ""incomplete_agent"": 10.0}","[173.45944391179293, 95.57698412698414, 86.63934837092734, 121.47189421894221, 98.51489536991268, 89.70338894681962, 112.53740399385562, 140.6617198335645, 113.05654761904763, 86.46938061938062]","[29.8, 28.8, 28.5, 27.1, 28.900000000000002, 27.400000000000002, 31.0, 30.900000000000002, 28.8, 28.6]"
ga,3,14,114.23993121240392,29.55,1293.3,1.7770740695467697,5.9,10.666071428571428,19.79,9.123928571428571,True,0.0,hospital_corridor,28,12,"[11, 29, 47, 53, 61, 73, 89, 97, 101, 109]","[4.098161034198509, 1.0004776225608167, 0.9539882644383271, 0.5, 1.0]","{""time"": 1.0, ""collisions"": 0.05, ""congestion"": 1.0, ""fairness"": 2.0, ""incomplete_base"": 1000.0, ""incomplete_agent"": 10.0}","[283.1229885057472, 95.9892440892441, 84.33500506585614, 109.48166392993978, 84.38399798081778, 82.35640756302521, 96.60259740259741, 119.47004429678847, 100.88908372013066, 85.76827956989247]","[40.6, 28.6, 28.200000000000003, 26.1, 28.3, 27.200000000000003, 30.8, 30.1, 27.700000000000003, 27.900000000000002]"
ga,3,15,98.45956957995045,28.390000000000004,1021.6,1.7812362466171165,5.5,10.4725,19.07666666666667,8.604166666666668,True,0.0,hospital_corridor,28,12,"[11, 29, 47, 53, 61, 73, 89, 97, 101, 109]","[4.209673092123202, 1.1298976264972336, 0.9463988314214236, 0.5, 1.0]","{""time"": 1.0, ""collisions"": 0.05, ""congestion"": 1.0, ""fairness"": 2.0, ""incomplete_base"": 1000.0, ""incomplete_agent"": 10.0}","[129.22694235588972, 88.88792102206737, 74.13181357649444, 96.0234335839599, 93.97198581560285, 86.49712885154061, 120.6038125861277, 109.60329178651327, 98.8839842411785, 86.76538198013019]","[28.5, 28.700000000000003, 28.200000000000003, 26.6, 28.200000000000003, 27.200000000000003, 31.1, 29.8, 27.8, 27.8]"
ga,3,16,79.43116538355883,28.490000000000002,635.1,1.7540225264159723,5.3,10.473928571428573,19.19,8.716071428571428,True,0.0,hospital_corridor,28,12,"[11, 29, 47, 53, 61, 73, 89, 97, 101, 109]","[5.0, 2.14136678343921, 0.9018903028125486, 0.5, 1.0]","{""time"": 1.0, ""collisions"": 0.05, ""congestion"": 1.0, ""fairness"": 2.0, ""incomplete_base"": 1000.0, ""incomplete_agent"": 10.0}","[122.54957426679282, 71.95204795204796, 55.50070921985816, 73.34758351101635, 62.56396026036313, 66.10311895976103, 100.13674948240165, 85.37774327122153, 82.68571428571428, 74.0944526264114]","[30.200000000000003, 28.6, 28.200000000000003, 26.8, 27.8, 27.1, 29.900000000000002, 29.900000000000002, 27.3, 29.1]"
ga,3,17,85.88685590263717,28.680000000000007,763.5,1.7789987597800063,5.2,10.82357142857143,19.45,8.626428571428573,True,0.0,hospital_corridor,28,12,"[11, 29, 47, 53, 61, 73, 89, 97, 101, 109]","[4.303199332826676, 1.6338358697899367, 0.9626715486922083, 0.5, 1.0]","{""time"": 1.0, ""collisions"": 0.05, ""congestion"": 1.0, ""fairness"": 2.0, ""incomplete_base"": 1000.0, ""incomplete_agent"": 10.0}","[120.34774951076321, 76.31077565046637, 73.6160630449363, 79.42222222222222, 63.953679653679664, 69.74975073061717, 90.38703703703706, 103.27587249883668, 110.72341410062259, 71.0819945771903]","[29.200000000000003, 29.1, 28.400000000000002, 27.0, 28.6, 27.700000000000003, 29.700000000000003, 30.700000000000003, 28.3, 28.1]"
ga,3,18,118.6820349234958,30.4,1368.1,1.7489396854005577,5.5,11.156785714285714,20.22083333333333,9.064047619047619,True,0.0,hospital_corridor,28,12,"[11, 29, 47, 53, 61, 73, 89, 97, 101, 109]","[3.721250736083393, 1.0126694634400706, 0.9253515448226688, 0.5, 1.0]","{""time"": 1.0, ""collisions"": 0.05, ""congestion"": 1.0, ""fairness"": 2.0, ""incomplete_base"": 1000.0, ""incomplete_agent"": 10.0}","[288.6766867279063, 92.36042692939245, 78.54887218045113, 103.54940256545423, 76.44645760743323, 90.8352798053528, 112.87713213902924, 128.27212135690397, 128.23457736035593, 87.01939256267879]","[45.1, 29.0, 28.5, 27.1, 28.700000000000003, 27.400000000000002, 31.1, 29.900000000000002, 28.900000000000002, 28.3]"
ga,3,19,1122.4111071826665,36.76,1243.1,1.5867024207615796,5.5,10.599464285714287,19.554166666666667,8.95470238095238,False,0.4,hospital_corridor,28,12,"[11, 29, 47, 53, 61, 73, 89, 97, 101, 109]","[4.1560584122224355, 0.9453361428137408, 1.0795648851920407, 0.5, 1.0]","{""time"": 1.0, ""collisions"": 0.05, ""congestion"": 1.0, ""fairness"": 2.0, ""incomplete_base"": 1000.0, ""incomplete_agent"": 10.0}","[254.21134020618558, 1197.028, 78.63486943164364, 96.81282051282052, 78.98877551020408, 87.77937675070028, 110.63631530282017, 137.72501990762862, 92.26547619047619, 90.02907801418439]","[38.800000000000004, 100.0, 27.900000000000002, 27.3, 29.400000000000002, 27.200000000000003, 30.900000000000002, 29.900000000000002, 28.0, 28.200000000000003]"
ga,3,20,1108.3845126430572,51.010000000000005,602.5,1.250994679539256,5.0,10.62036223036223,19.61962121212121,8.999258981758983,False,0.8,hospital_corridor,28,12,"[11, 29, 47, 53, 61, 73, 89, 97, 101, 109]","[4.771546853719142, 1.4505976428278342, 1.8643623048568951, 0.5, 1.0]","{""time"": 1.0, ""collisions"": 0.05, ""congestion"": 1.0, ""fairness"": 2.0, ""incomplete_base"": 1000.0, ""incomplete_agent"": 10.0}","[106.91904761904762, 1179.9066666666668, 1163.2048316498317, 72.32710622710623, 64.2014950166113, 1159.5705384615385, 87.59850088183421, 96.44434523809525, 78.79876060013048, 74.87383406971037]","[30.0, 100.0, 100.0, 27.3, 30.1, 100.0, 32.4, 32.0, 29.200000000000003, 29.1]"
ga,3,21,1106.8031887118325,51.95,521.9,1.2026265665704268,4.7,11.263355291005292,20.54113636363636,9.277781072631074,False,0.9,hospital_corridor,28,12,"[11, 29, 47, 53, 61, 73, 89, 97, 101, 109]","[4.256526297333681, 1.5796811254382768, 1.679475614031122, 0.5, 1.0]","{""time"": 1.0, ""collisions"": 0.05, ""congestion"": 1.0, ""fairness"": 2.0, ""incomplete_base"": 1000.0, ""incomplete_agent"": 10.0}","[96.30062044361719, 1176.8856666666666, 1157.975430976431, 66.15113871635612, 60.474908424908435, 1168.9123333333332, 94.55303776683087, 100.82798287854467, 78.47789802789804, 67.47286988373946]","[30.700000000000003, 100.0, 100.0, 27.6, 31.200000000000003, 100.0, 34.800000000000004, 35.6, 29.700000000000003, 29.900000000000002]"
ga,3,22,75.35011994571477,30.540000000000003,501.7,1.814167564762385,5.4,11.847857142857142,20.803333333333335,8.95547619047619,True,0.0,hospital_corridor,28,12,"[11, 29, 47, 53, 61, 73, 89, 97, 101, 109]","[3.4897937515146507, 2.44648328864715, 0.8269505221285446, 0.5, 1.0]","{""time"": 1.0, ""collisions"": 0.05, ""congestion"": 1.0, ""fairness"": 2.0, ""incomplete_base"": 1000.0, ""incomplete_agent"": 10.0}","[111.2309523809524, 71.19039408866996, 70.72803592025045, 81.84843279083786, 57.739534883720935, 56.40497679216091, 80.7084520212919, 80.12457875457876, 79.74433497536945, 63.78150684931508]","[34.300000000000004, 29.0, 28.900000000000002, 31.6, 30.1, 27.700000000000003, 33.1, 32.5, 29.0, 29.200000000000003]"
ga,3,23,66.20152214289743,31.270000000000003,306.1,1.8412840476593462,5.4,12.223214285714286,21.11583333333333,8.892619047619046,True,0.0,hospital_corridor,28,12,"[11, 29, 47, 53, 61, 73, 89, 97, 101, 109]","[2.9833600553247357, 2.44648328864715, 0.8269505221285446, 0.5, 1.0]","{""time"": 1.0, ""collisions"": 0.05, ""congestion"": 1.0, ""fairness"": 2.0, ""incomplete_base"": 1000.0, ""incomplete_agent"": 10.0}","[96.09372990353697, 53.51400189214759, 62.486238902340595, 77.0855192588981, 51.71031746031746, 59.41521845851743, 69.93291067906453, 69.16756513926325, 65.4147150663544, 57.19500466853408]","[31.1, 30.200000000000003, 29.5, 29.3, 31.5, 29.1, 33.800000000000004, 37.1, 30.5, 30.6]"
ga,3,24,214.87115107662262,34.230000000000004,3187.8,1.903770124241661,6.5,12.952142857142857,22.625833333333336,9.673690476190476,True,0.0,hospital_corridor,28,12,"[11, 29, 47, 53, 61, 73, 89, 97, 101, 109]","[2.504476126997284, 1.3061273287406978, 0.6917008614055685, 0.5, 1.0]","{""time"": 1.0, ""collisions"": 0.05, ""congestion"": 1.0, ""fairness"": 2.0, ""incomplete_base"": 1000.0, ""incomplete_agent"": 10.0}","[252.99329004329007, 206.2107843137255, 173.09642857142856, 235.62738095238095, 201.87380952380954, 193.81052631578947, 215.2621761658031, 250.33884403884406, 208.08181177796564, 211.41645906318934]","[35.2, 34.0, 31.200000000000003, 33.6, 30.0, 28.5, 38.6, 40.7, 33.800000000000004, 36.7]"
ga,3,25,1119.5872255678207,35.1,1266.4,1.665800326395377,5.4,9.943681318681318,18.19439393939394,8.250712620712623,False,0.3,hospital_corridor,28,12,"[11, 29, 47, 53, 61, 73, 89, 97, 101, 109]","[5.0, 0.8803278405567385, 1.1680767306251192, 0.5, 1.0]","{""time"": 1.0, ""collisions"": 0.05, ""congestion"": 1.0, ""fairness"": 2.0, ""incomplete_base"": 1000.0, ""incomplete_agent"": 10.0}","[133.53181894665994, 90.18182735991923, 85.5407268170426, 100.96834148107912, 79.23592132505175, 93.65714285714284, 114.1460557960558, 1311.1677762237764, 93.34596273291926, 94.0966821385594]","[28.3, 28.3, 28.5, 26.3, 27.6, 27.0, 29.700000000000003, 100.0, 27.6, 27.700000000000003]"
ga,3,26,189.42720616062357,29.830000000000002,2821.0,1.9567299701473515,6.2,11.346428571428572,19.64166666666667,8.295238095238094,True,0.0,hospital_corridor,28,12,"[11, 29, 47, 53, 61, 73, 89, 97, 101, 109]","[3.65228915427058, 1.3672575142247914, 0.6767758490639971, 0.5, 1.0]","{""time"": 1.0, ""collisions"": 0.05, ""congestion"": 1.0, ""fairness"": 2.0, ""incomplete_base"": 1000.0, ""incomplete_agent"": 10.0}","[230.0687805963507, 186.96683433936957, 149.2475184439973, 176.17020202020205, 200.89893415850094, 146.9383733055266, 209.14265010351966, 251.88203463203465, 161.71320346320346, 181.24353054353054]","[32.1, 28.400000000000002, 28.400000000000002, 29.700000000000003, 27.700000000000003, 27.400000000000002, 32.2, 31.900000000000002, 30.8, 29.700000000000003]"
ga,3,27,1077.4149805522666,37.959999999999994,382.7,1.5678906051767105,5.2,11.408955026455027,20.285000000000004,8.876044973544973,False,0.1,hospital_corridor,28,12,"[11, 29, 47, 53, 61, 73, 89, 97, 101, 109]","[3.7015304980154813, 2.206560836707912, 0.9010683377184487, 0.5, 1.0]","{""time"": 1.0, ""collisions"": 0.05, ""congestion"": 1.0, ""fairness"": 2.0, ""incomplete_base"": 1000.0, ""incomplete_agent"": 10.0}","[110.94119789558886, 55.86152253543558, 54.08308617564673, 64.28604963112005, 54.2984335839599, 1137.5878518518518, 76.7262781186094, 75.23597883597884, 74.07446183953033, 71.05494505494505]","[35.300000000000004, 29.900000000000002, 28.900000000000002, 28.400000000000002, 30.400000000000002, 100.0, 32.6, 32.4, 29.200000000000003, 32.5]"
ga,3,28,111.92541552604149,27.869999999999997,1312.5,1.8285107641367262,5.7,9.963214285714288,18.264166666666668,8.300952380952383,True,0.0,hospital_corridor,28,12,"[11, 29, 47, 53, 61, 73, 89, 97, 101, 109]","[4.937527175571589, 1.1659034179313226, 0.7685211991464794, 0.5, 1.0]","{""time"": 1.0, ""collisions"": 0.05, ""congestion"": 1.0, ""fairness"": 2.0, ""incomplete_base"": 1000.0, ""incomplete_agent"": 10.0}","[242.65072770948143, 102.09500601684718, 87.95119047619049, 100.95044642857144, 80.00661375661377, 90.30449735449736, 108.22229437229439, 123.97312435765674, 94.60025478826216, 88.50000000000001]","[33.7, 27.700000000000003, 28.0, 25.6, 27.0, 27.0, 27.5, 27.8, 27.1, 27.3]"
ga,3,29,102.21278956331214,28.98,1073.0,1.8070752775978516,5.6,11.044642857142858,19.932499999999997,8.887857142857143,True,0.0,hospital_corridor,28,12,"[11, 29, 47, 53, 61, 73, 89, 97, 101, 109]","[3.713269091126255, 1.1346470692629302, 0.9391309180398069, 0.5, 1.0]","{""time"": 1.0, ""collisions"": 0.05, ""congestion"": 1.0, ""fairness"": 2.0, ""incomplete_base"": 1000.0, ""incomplete_agent"": 10.0}","[124.384708249497, 88.67021777994475, 82.7689484126984, 105.9125109822527, 83.61466165413533, 84.02052485227668, 117.99178905206944, 118.20936768149883, 129.0623015873016, 87.4928653814467]","[28.400000000000002, 29.3, 28.8, 27.1, 28.5, 27.400000000000002, 32.1, 30.5, 28.8, 28.900000000000002]"
ga,3,30,1108.30632986436,52.27,535.8,1.2086405425706137,4.8,11.198200793650795,20.71704545454546,9.518844660894661,False,0.9,hospital_corridor,28,12,"[11, 29, 47, 53, 61, 73, 89, 97, 101, 109]","[4.184003546619971, 1.4922921876491777, 1.9365598012114942, 0.5, 1.0]","{""time"": 1.0, ""collisions"": 0.05, ""congestion"": 1.0, ""fairness"": 2.0, ""incomplete_base"": 1000.0, ""incomplete_agent"": 10.0}","[125.8830331559558, 1177.2786666666666, 1165.0661313131313, 66.15941365870192, 60.08966244725739, 1171.3203333333333, 88.4827122153209, 87.73467351012262, 70.79238095238095, 70.25629139072848]","[34.9, 100.0, 100.0, 28.1, 31.6, 100.0, 34.5, 33.4, 30.0, 30.200000000000003]"
ga,3,31,1096.3548362364027,36.38,745.3,1.6028124268788992,5.5,10.890654761904763,19.44416666666667,8.553511904761905,False,0.4,hospital_corridor,28,12,"[11, 29, 47, 53, 61, 73, 89, 97, 101, 109]","[4.097079469503038, 1.3788265769988877, 1.1961259482963622, 0.5, 1.0]","{""time"": 1.0, ""collisions"": 0.05, ""congestion"": 1.0, ""fairness"": 2.0, ""incomplete_base"": 1000.0, ""incomplete_agent"": 10.0}","[135.38104300543748, 1184.382, 66.2144599303136, 84.04880952380952, 68.3416308329352, 78.55496671786995, 92.9605251446373, 96.07316017316019, 81.49121256750122, 76.1005544683627]","[28.900000000000002, 100.0, 28.700000000000003, 27.200000000000003, 29.900000000000002, 27.900000000000002, 32.1, 30.8, 29.1, 29.200000000000003]"
ga,3,32,101.2445191723501,29.679999999999996,1029.2,1.7757096485405763,5.5,10.663928571428572,19.828333333333337,9.164404761904764,True,0.0,hospital_corridor,28,12,"[11, 29, 47, 53, 61, 73, 89, 97, 101, 109]","[3.640580340927487, 1.341697437355583, 0.7983685442189979, 0.5, 1.0]","{""time"": 1.0, ""collisions"": 0.05, ""congestion"": 1.0, ""fairness"": 2.0, ""incomplete_base"": 1000.0, ""incomplete_agent"": 10.0}","[174.02009523809522, 90.32928325969563, 78.13408826945414, 93.22116402116403, 97.64446680080484, 78.12864094542927, 110.80629699248121, 111.96483516483516, 92.74777102330293, 85.44855000823858]","[37.5, 29.1, 28.700000000000003, 27.0, 28.400000000000002, 27.400000000000002, 30.400000000000002, 31.200000000000003, 28.200000000000003, 28.900000000000002]"
ga,3,33,107.30209814564287,29.660000000000004,1148.3,1.8175743361190655,5.2,11.06357142857143,20.268333333333338,9.204761904761906,True,0.0,hospital_corridor,28,12,"[11, 29, 47, 53, 61, 73, 89, 97, 101, 109]","[3.3524904668196145, 1.8846961903027886, 0.7511714294005528, 0.5, 1.0]","{""time"": 1.0, ""collisions"": 0.05, ""congestion"": 1.0, ""fairness"": 2.0, ""incomplete_base"": 1000.0, ""incomplete_agent"": 10.0}","[170.30693645879404, 90.59783996072656, 97.02291151754821, 133.0593045112782, 99.58505607020966, 81.65714285714286, 107.46966490299825, 113.61860965121836, 89.58284189120488, 90.1206736353078]","[32.300000000000004, 29.1, 28.900000000000002, 30.400000000000002, 29.3, 27.5, 32.4, 29.900000000000002, 28.1, 28.700000000000003]"
ga,3,34,1104.3392702659185,52.95,390.9,1.215414677062805,4.7,11.6845115995116,21.498939393939395,9.814427794427795,False,1.1,hospital_corridor,28,12,"[11, 29, 47, 53, 61, 73, 89, 97, 101, 109]","[4.372927550238247, 2.264131617181209, 1.272662927220302, 0.5, 1.0]","{""time"": 1.0, ""collisions"": 0.05, ""congestion"": 1.0, ""fairness"": 2.0, ""incomplete_base"": 1000.0, ""incomplete_agent"": 10.0}","[112.53305471124621, 1194.931, 1152.8795804195804, 53.95210688591985, 57.237791286727465, 70.33239054010866, 78.31837606837608, 90.86882248601445, 1161.7790707070708, 70.56050955414014]","[37.6, 100.0, 100.0, 27.8, 32.9, 29.8, 35.1, 34.9, 100.0, 31.400000000000002]"
ga,3,35,1122.283914350348,66.19,436.3,1.003599069332559,4.6,11.841660541310542,22.47931818181818,10.637657640507642,False,1.2,hospital_corridor,28,12,"[11, 29, 47, 53, 61, 73, 89, 97, 101, 109]","[4.0899698799163815, 1.8540997565109294, 1.6430432304731863, 0.5, 1.0]","{""time"": 1.0, ""collisions"": 0.05, ""congestion"": 1.0, ""fairness"": 2.0, ""incomplete_base"": 1000.0, ""incomplete_agent"": 10.0}","[103.93995859213251, 1169.774, 1167.049944055944, 55.074265450861205, 64.91284815813117, 1163.2406666666666, 83.59367253750816, 1208.6068148148147, 1141.5964415584415, 65.05053166897828]","[34.5, 100.0, 100.0, 28.200000000000003, 31.8, 100.0, 36.5, 100.0, 100.0, 30.900000000000002]"
ga,3,36,1154.081095870796,93.66,161.1,0.5477333333333333,4.3,12.048652064602067,21.457833333333333,9.409181268731269,False,3.3,hospital_corridor,28,12,"[11, 29, 47, 53, 61, 73, 89, 97, 101, 109]","[4.125778321917077, 2.836011413326645, 1.2435406546231698, 0.5, 1.0]","{""time"": 1.0, ""collisions"": 0.05, ""congestion"": 1.0, ""fairness"": 2.0, ""incomplete_base"": 1000.0, ""incomplete_agent"": 10.0}","[1162.628564102564, 1203.4973333333332, 1168.422, 1161.4833333333333, 1179.5029696969698, 1135.5082222222222, 74.13571428571429, 1154.9054285714285, 1151.3834444444444, 1149.3439487179487]","[100.0, 100.0, 100.0, 100.0, 100.0, 100.0, 36.6, 100.0, 100.0, 100.0]"
ga,3,37,120.01060072254856,29.589999999999996,1417.1,1.7965531035009472,5.4,11.254642857142859,20.139166666666668,8.88452380952381,True,0.0,hospital_corridor,28,12,"[11, 29, 47, 53, 61, 73, 89, 97, 101, 109]","[3.4883617688415325, 0.7747637064088622, 0.9886749688902975, 0.5, 1.0]","{""time"": 1.0, ""collisions"": 0.05, ""congestion"": 1.0, ""fairness"": 2.0, ""incomplete_base"": 1000.0, ""incomplete_agent"": 10.0}","[210.19311846689897, 99.64800626132806, 92.27990708478515, 104.62238622386225, 105.1593220338983, 94.91194805194807, 120.35441310282076, 145.23856209150327, 130.13259172521467, 97.56575218322624]","[32.800000000000004, 28.900000000000002, 28.700000000000003, 27.1, 29.5, 27.5, 31.400000000000002, 30.6, 30.5, 28.900000000000002]"
ga,3,38,57.75606465537204,33.300000000000004,77.1,1.7955884648958507,5.6,12.466428571428574,21.869166666666665,9.402738095238094,True,0.0,hospital_corridor,28,12,"[11, 29, 47, 53, 61, 73, 89, 97, 101, 109]","[3.669880097928413, 3.828255458737988, 0.930056437076026, 0.5, 1.0]","{""time"": 1.0, ""collisions"": 0.05, ""congestion"": 1.0, ""fairness"": 2.0, ""incomplete_base"": 1000.0, ""incomplete_agent"": 10.0}","[71.72739008646937, 65.01385281385282, 52.226507394766784, 57.096172674677355, 45.376661790996266, 52.010424710424715, 65.12135217723453, 61.96298217611068, 53.124941065535126, 53.9003616636528]","[39.1, 38.5, 29.3, 32.1, 29.3, 29.6, 37.4, 35.800000000000004, 30.3, 31.6]"
ga,3,39,141.12253540321512,28.190000000000005,1898.8,1.9030115936913217,5.8,10.66607142857143,18.710833333333333,8.044761904761906,True,0.0,hospital_corridor,28,12,"[11, 29, 47, 53, 61, 73, 89, 97, 101, 109]","[4.498880473527402, 0.33825965317741746, 2.186537652601284, 0.5, 1.0]","{""time"": 1.0, ""collisions"": 0.05, ""congestion"": 1.0, ""fairness"": 2.0, ""incomplete_base"": 1000.0, ""incomplete_agent"": 10.0}","[212.53429903429907, 122.11412151067324, 108.17659698025552, 115.85256201339851, 132.12130691692735, 112.91796848235698, 139.39440154440155, 170.03655083655084, 163.68014731072287, 134.39739940256544]","[28.6, 29.0, 28.700000000000003, 26.3, 27.400000000000002, 27.8, 29.6, 29.6, 27.8, 27.1]"
ga,3,40,154.83465572360927,29.340000000000003,2133.3,1.9322747712282937,5.5,11.02714285714286,19.475833333333334,8.448690476190476,True,0.0,hospital_corridor,28,12,"[11, 29, 47, 53, 61, 73, 89, 97, 101, 109]","[3.873966476021055, 0.28026271487417304, 1.3155137310153833, 0.5, 1.0]","{""time"": 1.0, ""collisions"": 0.05, ""congestion"": 1.0, ""fairness"": 2.0, ""incomplete_base"": 1000.0, ""incomplete_agent"": 10.0}","[237.70141204746886, 148.88886198547218, 132.17787456445993, 139.39015114578254, 123.40838509316771, 115.92702467848454, 195.52186147186146, 178.93748208313428, 132.28722250466024, 144.1062816616008]","[31.700000000000003, 29.5, 28.700000000000003, 29.3, 27.6, 27.400000000000002, 33.0, 29.900000000000002, 28.1, 28.200000000000003]"
ga,3,41,114.3159945045065,28.309999999999995,1344.0,1.8443278378398567,5.6,10.642500000000002,19.123333333333335,8.480833333333333,True,0.0,hospital_corridor,28,12,"[11, 29, 47, 53, 61, 73, 89, 97, 101, 109]","[4.0188269439213675, 0.8125072195133624, 0.9394010794594214, 0.5, 1.0]","{""time"": 1.0, ""collisions"": 0.05, ""congestion"": 1.0, ""fairness"": 2.0, ""incomplete_base"": 1000.0, ""incomplete_agent"": 10.0}","[154.34236917381796, 104.67694235588974, 89.8228331620418, 121.33141435678749, 103.60551378446115, 90.04733893557425, 110.78821233411398, 142.64338270425228, 124.53109850438372, 101.37083973374297]","[28.3, 28.5, 27.8, 26.8, 28.5, 27.200000000000003, 30.5, 29.900000000000002, 27.700000000000003, 27.900000000000002]"
ga,3,42,89.26345300044068,28.400000000000006,837.3,1.7396434766311508,5.6,10.341428571428573,18.97083333333334,8.629404761904762,True,0.0,hospital_corridor,28,12,"[11, 29, 47, 53, 61, 73, 89, 97, 101, 109]","[4.802272175791055, 1.5313065365569511, 0.9712306097384209, 0.5, 1.0]","{""time"": 1.0, ""collisions"": 0.05, ""congestion"": 1.0, ""fairness"": 2.0, ""incomplete_base"": 1000.0, ""incomplete_agent"": 10.0}","[168.02082002129927, 80.2855278766311, 65.51294695814269, 87.40410509031199, 64.13630737493554, 78.95555555555556, 90.06752537080408, 102.14224806201553, 84.93930735930736, 71.17018633540373]","[31.3, 28.1, 28.1, 26.1, 27.700000000000003, 27.0, 30.5, 30.1, 27.5, 27.6]"
ga,3,43,85.54630229627124,28.68,766.0,1.7460642010331378,5.6,10.803214285714287,19.213333333333335,8.41011904761905,True,0.0,hospital_corridor,28,12,"[11, 29, 47, 53, 61, 73, 89, 97, 101, 109]","[4.257911418527108, 1.4992384269719512, 1.000853215533092, 0.5, 1.0]","{""time"": 1.0, ""collisions"": 0.05, ""congestion"": 1.0, ""fairness"": 2.0, ""incomplete_base"": 1000.0, ""incomplete_agent"": 10.0}","[136.2230576441103, 81.7415198956295, 71.32239108409321, 82.1962962962963, 61.4467418546366, 74.42863159704316, 93.7325652841782, 102.18278688524592, 81.69404761904761, 70.49498480243162]","[28.5, 29.200000000000003, 28.200000000000003, 27.0, 28.5, 27.700000000000003, 31.0, 30.5, 28.0, 28.200000000000003]"
ga,3,44,134.27623131342366,28.55,1747.5,1.7850408372331912,5.4,10.56357142857143,18.846666666666664,8.283095238095237,True,0.0,hospital_corridor,28,12,"[11, 29, 47, 53, 61, 73, 89, 97, 101, 109]","[4.501984718932173, 0.42005301184822535, 1.8800434656386562, 0.5, 1.0]","{""time"": 1.0, ""collisions"": 0.05, ""congestion"": 1.0, ""fairness"": 2.0, ""incomplete_base"": 1000.0, ""incomplete_agent"": 10.0}","[178.45894308943087, 118.1035423925668, 116.15188492063493, 109.19491341991343, 128.17450216450217, 108.30988223246288, 140.09475587703434, 175.56459797033568, 141.63981054787507, 127.06948051948052]","[28.700000000000003, 28.700000000000003, 28.8, 26.400000000000002, 27.5, 27.900000000000002, 31.6, 30.5, 27.900000000000002, 27.5]"
ga,3,45,1112.962049504495,50.95,718.0,1.2569212993670162,5.2,10.619935897435898,19.547500000000003,8.927564102564101,False,0.7,hospital_corridor,28,12,"[11, 29, 47, 53, 61, 73, 89, 97, 101, 109]","[4.566506509787983, 1.239453165381613, 1.8535737167572917, 0.5, 1.0]","{""time"": 1.0, ""collisions"": 0.05, ""congestion"": 1.0, ""fairness"": 2.0, ""incomplete_base"": 1000.0, ""incomplete_agent"": 10.0}","[123.68593073593073, 1185.8486666666668, 1159.2633333333333, 80.03444202108325, 68.12763772175536, 1165.2466153846153, 91.44002976190477, 100.18530997304583, 78.69550810014728, 77.09302134646963]","[30.8, 100.0, 100.0, 26.200000000000003, 30.6, 100.0, 32.0, 31.8, 29.1, 29.0]"
ga,3,46,1190.6218436937943,36.12,2690.5,1.849376161326693,6.0,11.067857142857143,19.63159090909091,8.563733766233767,False,0.1,hospital_corridor,28,12,"[11, 29, 47, 53, 61, 73, 89, 97, 101, 109]","[3.7357450169705206, 2.643091007878674, 0.5903854512568276, 0.5, 1.0]","{""time"": 1.0, ""collisions"": 0.05, ""congestion"": 1.0, ""fairness"": 2.0, ""incomplete_base"": 1000.0, ""incomplete_agent"": 10.0}","[1291.4041038961038, 202.13853118712274, 146.41613663133097, 171.8209572566228, 175.10035971223022, 145.10164835164835, 220.55126050420168, 240.33090644617974, 136.13983315954118, 177.2146997929607]","[100.0, 28.400000000000002, 28.3, 29.3, 27.8, 27.3, 34.0, 31.1, 27.400000000000002, 27.6]"
ga,3,47,111.35993949208302,30.149999999999995,1222.9,1.7539871111306422,5.4,11.262857142857142,20.418333333333333,9.15547619047619,True,0.0,hospital_corridor,28,12,"[11, 29, 47, 53, 61, 73, 89, 97, 101, 109]","[2.852723798978475, 1.3341531598375664, 0.7485072288528405, 0.5, 1.0]","{""time"": 1.0, ""collisions"": 0.05, ""congestion"": 1.0, ""fairness"": 2.0, ""incomplete_base"": 1000.0, ""incomplete_agent"": 10.0}","[144.06794503036113, 103.66380952380952, 87.14236144969934, 135.77380952380952, 87.31082251082253, 101.07808345953222, 131.83156146179402, 122.5912087912088, 109.18904761904761, 90.95074555074557]","[29.8, 30.0, 29.3, 28.0, 30.8, 28.3, 34.4, 31.200000000000003, 30.0, 29.700000000000003]"
ga,3,48,113.60963381389152,28.74,1322.5,1.82749095674866,5.9,10.663928571428574,19.122500000000002,8.458571428571428,True,0.0,hospital_corridor,28,12,"[11, 29, 47, 53, 61, 73, 89, 97, 101, 109]","[4.146727522549112, 0.8290631658861587, 1.0221421290241903, 0.5, 1.0]","{""time"": 1.0, ""collisions"": 0.05, ""congestion"": 1.0, ""fairness"": 2.0, ""incomplete_base"": 1000.0, ""incomplete_agent"": 10.0}","[165.28700234192036, 110.35275689223057, 91.49577464788733, 99.69363894811657, 88.04860627177702, 91.87198879551822, 112.317256088103, 140.96451612903226, 134.71313391782707, 101.35166410650284]","[30.5, 28.5, 28.400000000000002, 26.8, 28.700000000000003, 27.200000000000003, 30.700000000000003, 31.0, 27.700000000000003, 27.900000000000002]"
ga,3,49,171.4958959053817,28.660000000000004,2496.0,2.016134000619799,6.5,10.784285714285714,18.79416666666667,8.009880952380954,True,0.0,hospital_corridor,28,12,"[11, 29, 47, 53, 61, 73, 89, 97, 101, 109]","[4.296853384926804, 1.4126060629450996, 0.6405094517899732, 0.5, 1.0]","{""time"": 1.0, ""collisions"": 0.05, ""congestion"": 1.0, ""fairness"": 2.0, ""incomplete_base"": 1000.0, ""incomplete_agent"": 10.0}","[271.4070735090152, 170.22857142857143, 141.0141833077317, 152.12890163364614, 153.85166930240732, 146.74974521173786, 179.435568825601, 217.1260753848367, 131.47577030812326, 151.54140014214641]","[30.900000000000002, 28.0, 27.900000000000002, 27.400000000000002, 27.1, 27.1, 31.1, 33.1, 27.200000000000003, 26.8]"
ga,3,50,1114.7828717368668,36.81,1087.8,1.57787173686683,4.9,10.8875,19.89,9.0025,False,0.4,hospital_corridor,28,12,"[11, 29, 47, 53, 61, 73, 89, 97, 101, 109]","[3.743940062074847, 0.8672781929008967, 1.320443921239308, 0.5, 1.0]","{""time"": 1.0, ""collisions"": 0.05, ""congestion"": 1.0, ""fairness"": 2.0, ""incomplete_base"": 1000.0, ""incomplete_agent"": 10.0}","[137.06734693877553, 1197.0323333333333, 85.27451737451739, 113.68632435180479, 88.42553688141922, 93.28607270865336, 114.30908289241624, 127.9515746234596, 104.86674737691688, 85.92918088737203]","[29.400000000000002, 100.0, 29.6, 28.1, 30.6, 27.900000000000002, 32.4, 31.3, 29.5, 29.3]"
ga,3,51,85.90708103699748,28.18,773.5,1.7313667512831867,5.4,10.124642857142856,18.785,8.660357142857142,True,0.0,hospital_corridor,28,12,"[11, 29, 47, 53, 61, 73, 89, 97, 101, 109]","[4.7113924349700405, 1.475098697588936, 0.9575592381169731, 0.5, 1.0]","{""time"": 1.0, ""collisions"": 0.05, ""congestion"": 1.0, ""fairness"": 2.0, ""incomplete_base"": 1000.0, ""incomplete_agent"": 10.0}","[111.80795627859686, 80.36051516692086, 67.87857142857143, 85.6185463659148, 74.13722478238607, 79.73862433862435, 94.13869047619049, 105.75444964871194, 84.79937888198758, 74.8368530020704]","[28.1, 28.1, 28.0, 26.6, 27.900000000000002, 27.0, 30.400000000000002, 30.5, 27.6, 27.6]"
ga,3,52,143.8211553038612,28.98,1893.4,1.9428219705278242,5.6,10.495000000000001,19.609166666666667,9.114166666666668,True,0.0,hospital_corridor,28,12,"[11, 29, 47, 53, 61, 73, 89, 97, 101, 109]","[4.055042537547138, 0.471406086162242, 0.8345300841041555, 0.5, 1.0]","{""time"": 1.0, ""collisions"": 0.05, ""congestion"": 1.0, ""fairness"": 2.0, ""incomplete_base"": 1000.0, ""incomplete_agent"": 10.0}","[232.31190476190477, 140.4078135479544, 112.40833333333333, 137.24181184668993, 107.63043478260872, 113.47888655462185, 165.25227743271222, 196.99333333333334, 113.84597069597069, 118.6407867494824]","[32.800000000000004, 28.400000000000002, 28.0, 28.700000000000003, 27.6, 27.200000000000003, 32.2, 30.0, 27.3, 27.6]"
ga,3,53,1077.7501394473654,36.8,420.7,1.5781817754076681,5.3,11.140687830687833,19.80916666666667,8.668478835978835,False,0.1,hospital_corridor,28,12,"[11, 29, 47, 53, 61, 73, 89, 97, 101, 109]","[3.769796205339964, 2.0353913359878884, 0.9053712965333507, 0.5, 1.0]","{""time"": 1.0, ""collisions"": 0.05, ""congestion"": 1.0, ""fairness"": 2.0, ""incomplete_base"": 1000.0, ""incomplete_agent"": 10.0}","[92.16130114017439, 59.34401294498383, 57.16369047619048, 68.33396881884427, 59.7748322147651, 1142.9154814814815, 77.62752976190475, 82.68619484491046, 75.99627766599598, 61.49810512440271]","[28.400000000000002, 30.900000000000002, 28.8, 28.1, 29.8, 100.0, 32.0, 32.7, 28.400000000000002, 28.900000000000002]"
ga,3,54,79.85614457479457,29.57,622.8,1.714239812889802,5.1,10.998214285714287,19.714166666666667,8.715952380952382,True,0.0,hospital_corridor,28,12,"[11, 29, 47, 53, 61, 73, 89, 97, 101, 109]","[3.8346937396368235, 1.6824204700923153, 0.9151079592617359, 0.5, 1.0]","{""time"": 1.0, ""collisions"": 0.05, ""congestion"": 1.0, ""fairness"": 2.0, ""incomplete_base"": 1000.0, ""incomplete_agent"": 10.0}","[118.43276964496046, 70.4219111969112, 64.73839285714287, 76.69829683698298, 64.12809523809524, 64.01276902219963, 80.01324170046568, 103.64776149776151, 89.58926038500508, 66.87894736842105]","[28.3, 29.6, 28.8, 27.400000000000002, 30.0, 28.1, 31.700000000000003, 35.1, 28.200000000000003, 28.5]"
ga,3,55,79.45733343690641,30.990000000000002,551.9,1.6801905797635448,5.3,11.178928571428571,20.775000000000002,9.596071428571431,True,0.0,hospital_corridor,28,12,"[11, 29, 47, 53, 61, 73, 89, 97, 101, 109]","[3.872694270136673, 2.0501933221451196, 0.9042939176228447, 0.5, 1.0]","{""time"": 1.0, ""collisions"": 0.05, ""congestion"": 1.0, ""fairness"": 2.0, ""incomplete_base"": 1000.0, ""incomplete_agent"": 10.0}","[117.24391534391535, 69.75655375552283, 58.480169830169835, 83.04696545284781, 60.010022148394256, 61.28272543059777, 87.8712867592178, 90.09299065420561, 104.4353948896632, 62.35331010452961]","[37.800000000000004, 29.1, 28.6, 30.6, 30.1, 28.200000000000003, 31.900000000000002, 32.1, 32.800000000000004, 28.700000000000003]"
ga,3,56,189.24238632165654,30.419999999999998,2783.3,1.9728625121327448,6.3,11.23857142857143,20.080833333333334,8.842261904761903,True,0.0,hospital_corridor,28,12,"[11, 29, 47, 53, 61, 73, 89, 97, 101, 109]","[3.533912727200159, 3.362366652229927, 0.5912207566744454, 0.5, 1.0]","{""time"": 1.0, ""collisions"": 0.05, ""congestion"": 1.0, ""fairness"": 2.0, ""incomplete_base"": 1000.0, ""incomplete_agent"": 10.0}","[218.799010989011, 193.9154135338346, 157.46578947368423, 166.4091915836102, 178.52106690777575, 152.28376781369482, 216.41579292267363, 229.47551873413943, 172.51282500730352, 206.62548625083838]","[32.5, 28.5, 28.5, 30.1, 31.6, 27.400000000000002, 32.7, 31.900000000000002, 32.6, 28.400000000000002]"
ga,3,57,72.15625777608369,30.9,427.0,1.725543490369408,5.4,11.524642857142856,20.615000000000002,9.090357142857142,True,0.0,hospital_corridor,28,12,"[11, 29, 47, 53, 61, 73, 89, 97, 101, 109]","[3.6461489968466467, 2.09576607988868, 0.9244088989588775, 0.5, 1.0]","{""time"": 1.0, ""collisions"": 0.05, ""congestion"": 1.0, ""fairness"": 2.0, ""incomplete_base"": 1000.0, ""incomplete_agent"": 10.0}","[102.22625313283208, 54.72380952380953, 55.91510673234811, 85.35640790078091, 56.41180344478217, 62.19572094572095, 82.03571428571429, 75.77414330218069, 85.54534161490683, 61.37827687776142]","[30.400000000000002, 30.0, 29.0, 31.1, 32.9, 28.6, 33.6, 32.1, 32.2, 29.1]"
ga,3,58,90.88909924841238,28.53,865.9,1.7279087722218975,5.0,10.39357142857143,19.061666666666667,8.668095238095239,True,0.0,hospital_corridor,28,12,"[11, 29, 47, 53, 61, 73, 89, 97, 101, 109]","[4.402185328372827, 1.3994880633352729, 0.9302356011881242, 0.5, 1.0]","{""time"": 1.0, ""collisions"": 0.05, ""congestion"": 1.0, ""fairness"": 2.0, ""incomplete_base"": 1000.0, ""incomplete_agent"": 10.0}","[113.98655312658873, 85.63959279825005, 69.91874366767983, 89.76399762752075, 70.96935483870968, 75.62323844667019, 114.09238095238096, 109.89285714285714, 96.14679089026916, 82.85748299319728]","[28.1, 28.3, 28.200000000000003, 28.1, 27.900000000000002, 27.1, 30.0, 30.6, 27.6, 29.400000000000002]"
ga,3,59,1107.2267960061583,51.92999999999999,540.9,1.2333950552573303,4.6,11.31125407000407,20.82045454545455,9.509200475450477,False,0.8,hospital_corridor,28,12,"[11, 29, 47, 53, 61, 73, 89, 97, 101, 109]","[4.508553486441198, 1.7057599533714727, 1.7102649958686036, 0.5, 1.0]","{""time"": 1.0, ""collisions"": 0.05, ""congestion"": 1.0, ""fairness"": 2.0, ""incomplete_base"": 1000.0, ""incomplete_agent"": 10.0}","[126.48327796234774, 1175.9366666666667, 1159.4703501683503, 63.9537365311088, 58.54160811865731, 1159.0978974358975, 90.32109440267337, 88.55618034447822, 83.4875415282392, 66.41960690316395]","[34.4, 100.0, 100.0, 27.400000000000002, 30.5, 100.0, 34.2, 32.9, 30.1, 29.8]"
ga,4,0,57.75606465537204,33.300000000000004,77.1,1.7955884648958507,5.6,12.466428571428574,21.869166666666665,9.402738095238094,True,0.0,hospital_corridor,28,12,"[11, 29, 47, 53, 61, 73, 89, 97, 101, 109]","[3.669880097928413, 3.828255458737988, 0.930056437076026, 0.5, 1.0]","{""time"": 1.0, ""collisions"": 0.05, ""congestion"": 1.0, ""fairness"": 2.0, ""incomplete_base"": 1000.0, ""incomplete_agent"": 10.0}","[71.72739008646937, 65.01385281385282, 52.226507394766784, 57.096172674677355, 45.376661790996266, 52.010424710424715, 65.12135217723453, 61.96298217611068, 53.124941065535126, 53.9003616636528]","[39.1, 38.5, 29.3, 32.1, 29.3, 29.6, 37.4, 35.800000000000004, 30.3, 31.6]"
ga,4,1,57.75606465537204,33.300000000000004,77.1,1.7955884648958507,5.6,12.466428571428574,21.869166666666665,9.402738095238094,True,0.0,hospital_corridor,28,12,"[11, 29, 47, 53, 61, 73, 89, 97, 101, 109]","[3.669880097928413, 3.828255458737988, 0.930056437076026, 0.5, 1.0]","{""time"": 1.0, ""collisions"": 0.05, ""congestion"": 1.0, ""fairness"": 2.0, ""incomplete_base"": 1000.0, ""incomplete_agent"": 10.0}","[71.72739008646937, 65.01385281385282, 52.226507394766784, 57.096172674677355, 45.376661790996266, 52.010424710424715, 65.12135217723453, 61.96298217611068, 53.124941065535126, 53.9003616636528]","[39.1, 38.5, 29.3, 32.1, 29.3, 29.6, 37.4, 35.800000000000004, 30.3, 31.6]"
ga,4,2,1184.208558139738,35.68000000000001,2576.1,1.865700996880912,6.0,10.898571428571428,19.3275,8.428928571428571,False,0.1,hospital_corridor,28,12,"[11, 29, 47, 53, 61, 73, 89, 97, 101, 109]","[3.8709154292251053, 1.593660091119978, 0.5, 0.5, 1.0]","{""time"": 1.0, ""collisions"": 0.05, ""congestion"": 1.0, ""fairness"": 2.0, ""incomplete_base"": 1000.0, ""incomplete_agent"": 10.0}","[1271.3304285714285, 182.50997812552583, 144.8212765957447, 161.9412061174835, 179.17608695652171, 150.25860805860808, 214.84642857142856, 217.13161580421647, 142.04908424908425, 178.02086834733893]","[100.0, 28.3, 28.200000000000003, 27.400000000000002, 27.6, 27.3, 31.200000000000003, 32.300000000000004, 27.3, 27.200000000000003]"
ga,4,3,113.94776307964483,31.46,1234.9,1.7210964129781587,5.5,11.475000000000001,20.985833333333336,9.510833333333334,True,0.0,hospital_corridor,28,12,"[11, 29, 47, 53, 61, 73, 89, 97, 101, 109]","[2.96267279181267, 1.625189259020377, 0.7507648511498302, 0.5, 1.0]","{""time"": 1.0, ""collisions"": 0.05, ""congestion"": 1.0, ""fairness"": 2.0, ""incomplete_base"": 1000.0, ""incomplete_agent"": 10.0}","[226.7042291042291, 92.47059800664452, 82.441329432797, 124.19461839530334, 83.45795586527295, 95.60562616505678, 128.7924924924925, 125.77422360248448, 98.7799041118154, 81.25665362035225]","[42.900000000000006, 30.1, 29.3, 29.200000000000003, 28.700000000000003, 28.1, 33.300000000000004, 34.5, 29.3, 29.200000000000003]"
ga,4,4,158.063753772412,27.93,2223.5,1.964229962888199,6.1,10.296071428571429,18.793333333333333,8.497261904761904,True,0.0,hospital_corridor,28,12,"[11, 29, 47, 53, 61, 73, 89, 97, 101, 109]","[4.433726439786026, 2.4360815850211983, 0.6976523770316707, 0.5, 1.0]","{""time"": 1.0, ""collisions"": 0.05, ""congestion"": 1.0, ""fairness"": 2.0, ""incomplete_base"": 1000.0, ""incomplete_agent"": 10.0}","[237.34444444444443, 173.15803891449053, 124.87213086673518, 134.0578552680915, 147.0055142503098, 131.4628712001406, 161.0524040684235, 200.15, 126.6747549019608, 144.8595238095238]","[30.6, 27.900000000000002, 27.8, 25.400000000000002, 26.900000000000002, 27.1, 30.900000000000002, 28.8, 27.200000000000003, 26.700000000000003]"
ga,4,5,61.62379286804356,30.430000000000007,233.4,1.7428404870911667,5.1,11.615357142857144,20.505833333333335,8.890476190476193,True,0.0,hospital_corridor,28,12,"[11, 29, 47, 53, 61, 73, 89, 97, 101, 109]","[4.038425833933442, 2.923480410273741, 0.9347141689713888, 0.5, 1.0]","{""time"": 1.0, ""collisions"": 0.05, ""congestion"": 1.0, ""fairness"": 2.0, ""incomplete_base"": 1000.0, ""incomplete_agent"": 10.0}","[90.94055735930736, 48.91378737541528, 58.959021255561055, 61.15863095238096, 46.0953373015873, 57.10164319248826, 69.74523809523811, 64.2508658008658, 63.13204940679343, 55.94079794079795]","[35.2, 30.1, 28.900000000000002, 28.8, 28.8, 28.400000000000002, 32.2, 33.0, 29.3, 29.6]"
ga,4,6,152.86157056788406,28.0,2123.2,1.944427710741198,6.1,10.213928571428573,18.5925,8.378571428571428,True,0.0,hospital_corridor,28,12,"[11, 29, 47, 53, 61, 73, 89, 97, 101, 109]","[4.450426453198758, 4.136180178099158, 0.697432696021421, 0.5, 1.0]","{""time"": 1.0, ""collisions"": 0.05, ""congestion"": 1.0, ""fairness"": 2.0, ""incomplete_base"": 1000.0, ""incomplete_agent"": 10.0}","[195.2717086834734, 153.35540194572454, 124.68975676601576, 139.11106111736035, 142.18174603174603, 133.78512563697066, 163.60367965367968, 199.6313962873285, 127.66908263305322, 149.3167469234885]","[30.6, 27.900000000000002, 27.8, 25.400000000000002, 27.0, 27.1, 30.8, 29.5, 27.200000000000003, 26.700000000000003]"
ga,4,7,62.65523045797383,30.75,244.6,1.8109447436881123,5.4,11.832857142857145,20.765000000000004,8.932142857142859,True,0.0,hospital_corridor,28,12,"[11, 29, 47, 53, 61, 73, 89, 97, 101, 109]","[4.051956501826203, 3.1670609089878434, 0.9103348334804856, 0.5, 1.0]","{""time"": 1.0, ""collisions"": 0.05, ""congestion"": 1.0, ""fairness"": 2.0, ""incomplete_base"": 1000.0, ""incomplete_agent"": 10.0}","[77.75210761041576, 68.2625786163522, 63.762233961108564, 75.60831702544031, 47.00079365079365, 53.656778512116595, 63.39312839059674, 65.2907383136741, 54.00174091141834, 57.82388758782202]","[33.1, 31.8, 31.1, 29.200000000000003, 31.5, 28.1, 31.6, 32.7, 27.900000000000002, 30.5]"
ga,4,8,66.04102971434084,31.76000000000001,289.0,1.7784106667217863,5.6,12.067857142857145,21.094166666666666,9.026309523809525,True,0.0,hospital_corridor,28,12,"[11, 29, 47, 53, 61, 73, 89, 97, 101, 109]","[3.462992052926329, 2.772063078627201, 0.855945836056802, 0.5, 1.0]","{""time"": 1.0, ""collisions"": 0.05, ""congestion"": 1.0, ""fairness"": 2.0, ""incomplete_base"": 1000.0, ""incomplete_agent"": 10.0}","[87.0988634728816, 74.08412698412698, 58.87463054187192, 81.22233169129723, 50.576748875445944, 53.898483307913914, 69.46803011803013, 66.5083685545224, 62.17046332046333, 56.50825027685492]","[33.1, 33.300000000000004, 29.0, 34.800000000000004, 30.700000000000003, 28.1, 35.1, 33.800000000000004, 29.6, 30.1]"
ga,4,9,1073.1471853158855,38.27,298.6,1.5645013332015245,5.1,11.732142857142858,20.423484848484847,8.691341991341991,False,0.1,hospital_corridor,28,12,"[11, 29, 47, 53, 61, 73, 89, 97, 101, 109]","[3.7755536111055226, 2.5212585596622854, 0.917152782978315, 0.5, 1.0]","{""time"": 1.0, ""collisions"": 0.05, ""congestion"": 1.0, ""fairness"": 2.0, ""incomplete_base"": 1000.0, ""incomplete_agent"": 10.0}","[101.50636645962734, 51.315238095238094, 56.390178571428564, 64.93775870772338, 53.60095238095239, 59.32067669172933, 70.93874458874458, 71.87592915214866, 1143.812077922078, 57.77393058918482]","[36.800000000000004, 30.0, 28.8, 28.3, 35.0, 28.5, 33.0, 32.800000000000004, 100.0, 29.5]"
ga,4,10,1099.2880043201967,50.800000000000004,429.0,1.3273188945111714,5.3,11.158445165945167,20.013787878787884,8.855342712842715,False,0.8,hospital_corridor,28,12,"[11, 29, 47, 53, 61, 73, 89, 97, 101, 109]","[4.3096963440340295, 2.0566828749694, 1.118522229704365, 0.5, 1.0]","{""time"": 1.0, ""collisions"": 0.05, ""congestion"": 1.0, ""fairness"": 2.0, ""incomplete_base"": 1000.0, ""incomplete_agent"": 10.0}","[107.65086136843816, 1190.070303030303, 1133.6395555555555, 56.8481684981685, 60.502857142857145, 64.11111111111111, 77.55631953716068, 75.90060101710588, 1152.2430909090908, 74.35717503217504]","[29.3, 100.0, 100.0, 27.3, 30.0, 28.8, 32.1, 30.900000000000002, 100.0, 29.6]"
ga,4,11,119.63545017905383,28.110000000000003,1451.4,1.8235454171490606,5.4,10.123214285714287,18.68916666666667,8.56595238095238,True,0.0,hospital_corridor,28,12,"[11, 29, 47, 53, 61, 73, 89, 97, 101, 109]","[4.738023322611811, 0.71677857160022, 0.9681110556051827, 0.5, 1.0]","{""time"": 1.0, ""collisions"": 0.05, ""congestion"": 1.0, ""fairness"": 2.0, ""incomplete_base"": 1000.0, ""incomplete_agent"": 10.0}","[227.54384236453203, 107.25714285714287, 92.05303951367782, 106.67924107142858, 90.0047619047619, 100.54656084656084, 118.88402405330733, 152.40507416081186, 98.66011904761905, 102.32069597069598]","[29.0, 29.400000000000002, 28.200000000000003, 25.6, 27.6, 27.0, 29.3, 30.5, 27.200000000000003, 27.3]"
ga,4,12,72.4309765297932,29.869999999999997,475.5,1.7831193869360606,5.7,11.448571428571428,19.95,8.501428571428573,True,0.0,hospital_corridor,28,12,"[11, 29, 47, 53, 61, 73, 89, 97, 101, 109]","[3.8309780793442343, 2.1233706447626846, 0.9033567315659863, 0.5, 1.0]","{""time"": 1.0, ""collisions"": 0.05, ""congestion"": 1.0, ""fairness"": 2.0, ""incomplete_base"": 1000.0, ""incomplete_agent"": 10.0}","[107.20714285714286, 57.89914470642626, 56.12686604053386, 64.7792085848424, 57.209754224270355, 62.7097771023303, 94.37621272808188, 82.31585804132973, 79.04228705566734, 62.643513957307064]","[30.0, 30.900000000000002, 28.900000000000002, 28.400000000000002, 31.0, 28.200000000000003, 32.1, 31.8, 28.400000000000002, 29.0]"
ga,4,13,1079.1542043306213,38.160000000000004,316.9,2.0263207327377777,5.2,12.298320105820105,20.859761904761903,8.5614417989418,False,0.6,hospital_corridor,28,12,"[11, 29, 47, 53, 61, 73, 89, 97, 101, 109]","[3.4270789245404565, 3.143278985239649, 0.8485524697979749, 0.5, 1.0]","{""time"": 1.0, ""collisions"": 0.05, ""congestion"": 1.0, ""fairness"": 2.0, ""incomplete_base"": 1000.0, ""incomplete_agent"": 10.0}","[1232.5663121693121, 74.07098214285715, 58.593838978890524, 73.12026713124274, 50.5431447746884, 53.44047619047619, 63.709673959673964, 64.8316566063045, 61.06155321188878, 59.60413814087936]","[100.0, 32.0, 29.1, 32.800000000000004, 29.8, 28.0, 33.300000000000004, 35.5, 29.8, 31.3]"
ga,4,14,66.2630513825733,30.130000000000003,330.1,1.7613847159066194,5.7,11.425,20.35833333333333,8.933333333333334,True,0.0,hospital_corridor,28,12,"[11, 29, 47, 53, 61, 73, 89, 97, 101, 109]","[3.7646932413984064, 2.493965060280336, 0.8844319812907231, 0.5, 1.0]","{""time"": 1.0, ""collisions"": 0.05, ""congestion"": 1.0, ""fairness"": 2.0, ""incomplete_base"": 1000.0, ""incomplete_agent"": 10.0}","[95.26190476190476, 52.23669374104156, 56.86880046136102, 63.97895545314901, 51.079251700680274, 56.611111111111114, 88.24295552931918, 74.8170172363424, 63.210162601626024, 60.32366122919757]","[30.8, 29.900000000000002, 28.900000000000002, 27.900000000000002, 29.400000000000002, 27.900000000000002, 36.300000000000004, 32.6, 28.700000000000003, 28.900000000000002]"
ga,4,15,66.43859678975423,34.46,224.2,1.7028825040399513,5.4,12.377142857142857,21.910000000000004,9.532857142857143,True,0.0,hospital_corridor,28,12,"[11, 29, 47, 53, 61, 73, 89, 97, 101, 109]","[3.2328439237298756, 2.9487108119080805, 0.8468124584606662, 0.5, 1.0]","{""time"": 1.0, ""collisions"": 0.05, ""congestion"": 1.0, ""fairness"": 2.0, ""incomplete_base"": 1000.0, ""incomplete_agent"": 10.0}","[79.064707655214, 77.15897885039575, 57.60195694716243, 72.95287631831256, 51.238176406926414, 52.617556346381974, 72.91711057304278, 81.00090179258773, 63.52095238095238, 56.31275062656641]","[31.6, 36.7, 29.200000000000003, 44.7, 35.2, 28.1, 35.4, 43.300000000000004, 30.0, 30.400000000000002]"
ga,4,16,69.04796334932574,30.890000000000004,351.9,1.7701062064686017,5.3,11.49607142857143,20.8925,9.39642857142857,True,0.0,hospital_corridor,28,12,"[11, 29, 47, 53, 61, 73, 89, 97, 101, 109]","[3.9043031477159102, 2.4347086964884186, 0.9503488193179388, 0.5, 1.0]","{""time"": 1.0, ""collisions"": 0.05, ""congestion"": 1.0, ""fairness"": 2.0, ""incomplete_base"": 1000.0, ""incomplete_agent"": 10.0}","[94.33594470046084, 77.48196555217832, 51.81986863711001, 66.36734814066969, 48.9637104506232, 60.52368421052631, 72.07115817936008, 79.11245144583513, 61.93634085213033, 77.86716132436355]","[31.0, 32.9, 29.0, 28.3, 29.8, 28.5, 31.700000000000003, 33.1, 28.5, 36.1]"
ga,4,17,1099.9683679052127,44.17,608.9,1.3690364958813723,4.7,11.012910052910053,20.00507575757576,8.992165704665705,False,0.6,hospital_corridor,28,12,"[11, 29, 47, 53, 61, 73, 89, 97, 101, 109]","[4.199050150734431, 1.4503659491116019, 1.4087140261984827, 0.5, 1.0]","{""time"": 1.0, ""collisions"": 0.05, ""congestion"": 1.0, ""fairness"": 2.0, ""incomplete_base"": 1000.0, ""incomplete_agent"": 10.0}","[108.43857142857142, 1179.3723333333332, 1160.9358855218854, 69.37690302398332, 68.28630399528232, 77.1630114017438, 89.57880161127896, 90.51062271062271, 86.68583535108961, 69.33541067433686]","[30.0, 100.0, 100.0, 27.400000000000002, 32.300000000000004, 28.400000000000002, 33.1, 31.200000000000003, 29.5, 29.8]"
ga,4,18,1212.8404154235513,38.71000000000001,3059.1,1.8520171551529985,6.1,12.181785714285715,21.34348484848485,9.161699134199134,False,0.1,hospital_corridor,28,12,"[11, 29, 47, 53, 61, 73, 89, 97, 101, 109]","[2.933413214045242, 1.1788466192491356, 0.5903537849376796, 0.5, 1.0]","{""time"": 1.0, ""collisions"": 0.05, ""congestion"": 1.0, ""fairness"": 2.0, ""incomplete_base"": 1000.0, ""incomplete_agent"": 10.0}","[1303.3525064935066, 206.3434837092732, 169.94465894465895, 207.0378761320479, 206.17504531224256, 184.9279146141215, 221.9500768049155, 243.97285714285715, 201.216444648599, 183.48329043329045]","[100.0, 30.400000000000002, 29.6, 32.6, 28.900000000000002, 29.0, 37.2, 35.0, 31.1, 33.300000000000004]"
ga,4,19,102.1064412719196,28.49,1090.3,1.8097746052529469,5.5,10.64,19.285833333333336,8.645833333333334,True,0.0,hospital_corridor,28,12,"[11, 29, 47, 53, 61, 73, 89, 97, 101, 109]","[4.00652927147028, 0.9985295657380465, 0.9818114040554609, 0.5, 1.0]","{""time"": 1.0, ""collisions"": 0.05, ""congestion"": 1.0, ""fairness"": 2.0, ""incomplete_base"": 1000.0, ""incomplete_agent"": 10.0}","[129.90037593984965, 91.26200396825398, 79.62277469291604, 117.15020357585414, 85.9653252850436, 92.16743697478992, 107.72057327785484, 133.33664109939278, 94.30427547363033, 89.63480243161095]","[28.5, 28.8, 28.3, 26.900000000000002, 28.400000000000002, 27.200000000000003, 30.900000000000002, 29.8, 27.900000000000002, 28.200000000000003]"
ga,4,20,61.21226232599045,30.190000000000005,240.6,1.72488137360949,5.7,11.652142857142858,20.285833333333333,8.633690476190477,True,0.0,hospital_corridor,28,12,"[11, 29, 47, 53, 61, 73, 89, 97, 101, 109]","[3.7822025425956074, 2.532859111470648, 0.9461480969065724, 0.5, 1.0]","{""time"": 1.0, ""collisions"": 0.05, ""congestion"": 1.0, ""fairness"": 2.0, ""incomplete_base"": 1000.0, ""incomplete_agent"": 10.0}","[85.41038961038961, 51.065714285714286, 54.45336958312737, 53.362968591692, 51.37324069559565, 56.966865079365085, 69.08493975903616, 66.26651560926486, 62.85706075533662, 61.28155929038283]","[30.8, 30.0, 28.900000000000002, 28.200000000000003, 29.3, 28.8, 33.2, 33.1, 29.0, 30.6]"
ga,4,21,57.75606465537204,33.300000000000004,77.1,1.7955884648958507,5.6,12.466428571428574,21.869166666666665,9.402738095238094,True,0.0,hospital_corridor,28,12,"[11, 29, 47, 53, 61, 73, 89, 97, 101, 109]","[3.669880097928413, 3.828255458737988, 0.930056437076026, 0.5, 1.0]","{""time"": 1.0, ""collisions"": 0.05, ""congestion"": 1.0, ""fairness"": 2.0, ""incomplete_base"": 1000.0, ""incomplete_agent"": 10.0}","[71.72739008646937, 65.01385281385282, 52.226507394766784, 57.096172674677355, 45.376661790996266, 52.010424710424715, 65.12135217723453, 61.96298217611068, 53.124941065535126, 53.9003616636528]","[39.1, 38.5, 29.3, 32.1, 29.3, 29.6, 37.4, 35.800000000000004, 30.3, 31.6]"
ga,4,22,86.72116992888168,29.419999999999998,748.6,1.7509318336435886,5.1,11.033214285714287,20.093333333333334,9.060119047619049,True,0.0,hospital_corridor,28,12,"[11, 29, 47, 53, 61, 73, 89, 97, 101, 109]","[3.577442358363684, 1.355548294752916, 0.9399808398472597, 0.5, 1.0]","{""time"": 1.0, ""collisions"": 0.05, ""congestion"": 1.0, ""fairness"": 2.0, ""incomplete_base"": 1000.0, ""incomplete_agent"": 10.0}","[124.14324435656616, 82.05785070785072, 70.83748159057437, 96.49367934224048, 63.09852216748769, 71.50962441314554, 92.68918495297807, 103.79891774891776, 91.49624819624819, 71.08694581280788]","[28.900000000000002, 29.6, 29.1, 27.8, 29.0, 28.400000000000002, 31.900000000000002, 30.8, 29.700000000000003, 29.0]"
ga,4,23,66.92746254246504,31.390000000000004,308.1,1.7036530186554981,5.2,11.908928571428572,21.123333333333335,9.214404761904763,True,0.0,hospital_corridor,28,12,"[11, 29, 47, 53, 61, 73, 89, 97, 101, 109]","[3.6130105984370497, 2.3844694884940356, 0.9736528082784544, 0.5, 1.0]","{""time"": 1.0, ""collisions"": 0.05, ""congestion"": 1.0, ""fairness"": 2.0, ""incomplete_base"": 1000.0, ""incomplete_agent"": 10.0}","[104.59380165289257, 51.3155737704918, 51.218679430535104, 78.81215538847118, 49.13131071826725, 58.894167078596155, 73.74595028627287, 68.45054112554114, 67.25556341348421, 65.856882560098]","[36.300000000000004, 30.5, 29.1, 28.5, 29.900000000000002, 28.900000000000002, 34.1, 35.2, 30.3, 31.1]"
ga,4,24,1164.6206904832688,100.0,146.5,0.48040000000000005,4.5,12.166354758365632,21.574,9.407645241634373,False,3.8,hospital_corridor,28,12,"[11, 29, 47, 53, 61, 73, 89, 97, 101, 109]","[3.9131490977878665, 3.008060942469979, 1.1201027733614808, 0.5, 1.0]","{""time"": 1.0, ""collisions"": 0.05, ""congestion"": 1.0, ""fairness"": 2.0, ""incomplete_base"": 1000.0, ""incomplete_agent"": 10.0}","[1180.4993333333334, 1201.807012987013, 1187.384608695652, 1162.7946666666667, 1175.791256916996, 1141.759111111111, 1150.2748571428572, 1151.4547142857143, 1145.5955488215488, 1148.8457948717949]","[100.0, 100.0, 100.0, 100.0, 100.0, 100.0, 100.0, 100.0, 100.0, 100.0]"
ga,4,25,60.272791714061356,31.46,184.7,1.829220285489923,5.0,11.965714285714288,20.84,8.874285714285714,True,0.0,hospital_corridor,28,12,"[11, 29, 47, 53, 61, 73, 89, 97, 101, 109]","[4.410829208586642, 3.8211643865305347, 0.8913435000507786, 0.5, 1.0]","{""time"": 1.0, ""collisions"": 0.05, ""congestion"": 1.0, ""fairness"": 2.0, ""incomplete_base"": 1000.0, ""incomplete_agent"": 10.0}","[63.65953978906999, 73.56058763931105, 47.920905923344954, 52.32014652014653, 47.62756892230576, 51.76766015758821, 69.303081232493, 76.93403065711773, 60.71520862416628, 58.919187675070035]","[29.8, 37.6, 28.700000000000003, 27.3, 28.5, 27.8, 34.0, 37.9, 30.700000000000003, 32.300000000000004]"
ga,4,26,1117.7601973358635,44.57,954.1,1.3667449549111346,5.1,11.001607142857145,20.060833333333335,9.05922619047619,False,0.6,hospital_corridor,28,12,"[11, 29, 47, 53, 61, 73, 89, 97, 101, 109]","[3.733386829979025, 0.8428314324468, 2.0789335025007545, 0.5, 1.0]","{""time"": 1.0, ""collisions"": 0.05, ""congestion"": 1.0, ""fairness"": 2.0, ""incomplete_base"": 1000.0, ""incomplete_agent"": 10.0}","[125.73709273182958, 1196.129, 84.77806614607258, 93.02454545454547, 78.04098972922503, 1178.5026666666668, 97.86709956709956, 127.56718426501035, 105.74920634920636, 90.2061224489796]","[30.400000000000002, 100.0, 31.1, 27.5, 30.6, 100.0, 33.0, 32.2, 31.5, 29.400000000000002]"
ga,4,27,107.31370038184514,27.880000000000003,1220.9,1.806795619940376,5.9,10.205714285714286,18.496666666666666,8.29095238095238,True,0.0,hospital_corridor,28,12,"[11, 29, 47, 53, 61, 73, 89, 97, 101, 109]","[4.4060739844758645, 0.8371256580862005, 0.9059726943195274, 0.5, 1.0]","{""time"": 1.0, ""collisions"": 0.05, ""congestion"": 1.0, ""fairness"": 2.0, ""incomplete_base"": 1000.0, ""incomplete_agent"": 10.0}","[145.68591549295775, 101.09915514592936, 88.53815540656696, 97.12835332606325, 90.0547447756081, 91.4824020383061, 118.60666666666665, 151.0141384388807, 90.72124542124541, 98.80622710622711]","[28.400000000000002, 27.900000000000002, 27.700000000000003, 26.200000000000003, 27.8, 27.1, 30.0, 29.1, 27.3, 27.3]"
ga,4,28,60.913519226421656,32.95,146.5,1.7968525597549827,5.6,12.14,21.560833333333335,9.420833333333334,True,0.0,hospital_corridor,28,12,"[11, 29, 47, 53, 61, 73, 89, 97, 101, 109]","[4.218048926163293, 3.828255458737988, 0.930056437076026, 0.5, 1.0]","{""time"": 1.0, ""collisions"": 0.05, ""congestion"": 1.0, ""fairness"": 2.0, ""incomplete_base"": 1000.0, ""incomplete_agent"": 10.0}","[83.31108630952382, 67.8167748917749, 49.70960591133005, 65.18610898905015, 46.438501742160284, 51.712417970721866, 72.69877734877736, 59.83398268398268, 57.99350649350649, 54.43442992338892]","[38.400000000000006, 35.2, 29.0, 37.4, 28.700000000000003, 28.3, 37.0, 33.0, 30.8, 31.700000000000003]"
ga,4,29,1206.4047671252724,100.0,91.3,0.4326,4.5,12.593684114131483,22.797267676767678,10.203583562636195,False,8.1,hospital_corridor,28,12,"[11, 29, 47, 53, 61, 73, 89, 97, 101, 109]","[4.252141117436821, 3.711729510654742, 1.2880149484798893, 0.5, 1.0]","{""time"": 1.0, ""collisions"": 0.05, ""congestion"": 1.0, ""fairness"": 2.0, ""incomplete_base"": 1000.0, ""incomplete_agent"": 10.0}","[1173.6853333333333, 1262.9125151515152, 1191.7863333333335, 1196.2393896103897, 1224.072105263158, 1184.2333333333333, 1179.273909090909, 1186.3483076923076, 1190.6934444444444, 1274.8029999999999]","[100.0, 100.0, 100.0, 100.0, 100.0, 100.0, 100.0, 100.0, 100.0, 100.0]"
ga,4,30,184.98479894767462,29.990000000000002,2719.4,1.959322757198419,5.8,11.181428571428572,19.714166666666667,8.532738095238095,True,0.0,hospital_corridor,28,12,"[11, 29, 47, 53, 61, 73, 89, 97, 101, 109]","[3.5949790840296436, 2.5007539973630486, 0.6341991844299776, 0.5, 1.0]","{""time"": 1.0, ""collisions"": 0.05, ""congestion"": 1.0, ""fairness"": 2.0, ""incomplete_base"": 1000.0, ""incomplete_agent"": 10.0}","[221.87574543836226, 183.4342105263158, 153.38638497652582, 189.28361204013376, 182.93925563004984, 153.6071254779284, 196.54347442680776, 233.6785291631446, 158.13146997929607, 176.96818181818182]","[32.1, 28.5, 28.400000000000002, 29.900000000000002, 27.700000000000003, 27.400000000000002, 32.4, 33.800000000000004, 32.2, 27.5]"
ga,4,31,75.06112455010668,31.170000000000005,477.4,1.8675531215352545,5.7,11.990714285714287,21.067500000000003,9.076785714285716,True,0.0,hospital_corridor,28,12,"[11, 29, 47, 53, 61, 73, 89, 97, 101, 109]","[3.5409636643316538, 2.410829055899608, 0.8493159017012311, 0.5, 1.0]","{""time"": 1.0, ""collisions"": 0.05, ""congestion"": 1.0, ""fairness"": 2.0, ""incomplete_base"": 1000.0, ""incomplete_agent"": 10.0}","[113.37737022737024, 103.86057367829022, 65.55482713633398, 74.10152516522624, 51.27891156462586, 56.33973374295955, 78.61126799557033, 79.20432636469222, 66.67915851272016, 61.60355111327809]","[33.300000000000004, 38.1, 29.200000000000003, 28.1, 29.400000000000002, 27.900000000000002, 34.4, 32.800000000000004, 29.200000000000003, 29.3]"
ga,4,32,91.86434647732119,28.240000000000002,894.1,1.8069655249402448,4.9,10.562142857142856,19.118333333333332,8.556190476190476,True,0.0,hospital_corridor,28,12,"[11, 29, 47, 53, 61, 73, 89, 97, 101, 109]","[4.396231414937528, 1.4988356366979316, 0.9030928591401899, 0.5, 1.0]","{""time"": 1.0, ""collisions"": 0.05, ""congestion"": 1.0, ""fairness"": 2.0, ""incomplete_base"": 1000.0, ""incomplete_agent"": 10.0}","[117.7148195221149, 86.54899749373433, 75.5859077906781, 95.15021645021645, 68.62692702980473, 82.34863445378153, 103.76491228070176, 105.6015873015873, 107.11792207792206, 76.1835403726708]","[28.1, 28.5, 28.3, 26.400000000000002, 27.8, 27.200000000000003, 30.400000000000002, 30.6, 27.5, 27.6]"
ga,4,33,100.94227493509278,32.36,954.4,1.7079892208070668,5.5,11.830357142857142,21.4075,9.577142857142858,True,0.0,hospital_corridor,28,12,"[11, 29, 47, 53, 61, 73, 89, 97, 101, 109]","[2.592159243883666, 1.2061308459643092, 0.7845452877524574, 0.5, 1.0]","{""time"": 1.0, ""collisions"": 0.05, ""congestion"": 1.0, ""fairness"": 2.0, ""incomplete_base"": 1000.0, ""incomplete_agent"": 10.0}","[120.96438356164384, 86.16208791208791, 84.48968253968255, 129.85684523809525, 77.6305114638448, 87.80960591133005, 118.02961904761906, 115.08797417271995, 97.34156331342828, 92.05047619047619]","[29.200000000000003, 31.200000000000003, 31.5, 28.8, 32.4, 29.0, 37.5, 35.4, 31.1, 37.5]"
ga,4,34,83.91955410047301,28.55,732.8,1.7257445766634931,5.2,10.591428571428573,19.093333333333337,8.501904761904763,True,0.0,hospital_corridor,28,12,"[11, 29, 47, 53, 61, 73, 89, 97, 101, 109]","[4.407749023657323, 1.5122805569103126, 0.9998176908022732, 0.5, 1.0]","{""time"": 1.0, ""collisions"": 0.05, ""congestion"": 1.0, ""fairness"": 2.0, ""incomplete_base"": 1000.0, ""incomplete_agent"": 10.0}","[118.75298885511651, 74.93899324435657, 72.88991894630193, 94.04417796315607, 63.24718997139492, 72.92070393374742, 94.4880719714596, 94.05947666195192, 84.03259088581669, 69.82142857142858]","[28.200000000000003, 28.900000000000002, 28.200000000000003, 27.400000000000002, 28.3, 27.6, 30.700000000000003, 30.3, 27.900000000000002, 28.0]"
ga,4,35,73.57273374978756,28.950000000000006,506.7,1.7124956545494558,5.6,10.668214285714287,19.455833333333338,8.787619047619048,True,0.0,hospital_corridor,28,12,"[11, 29, 47, 53, 61, 73, 89, 97, 101, 109]","[4.652434570660839, 2.0777799874185914, 0.9722661344692397, 0.5, 1.0]","{""time"": 1.0, ""collisions"": 0.05, ""congestion"": 1.0, ""fairness"": 2.0, ""incomplete_base"": 1000.0, ""incomplete_agent"": 10.0}","[98.37198581560284, 66.52495894909688, 58.967087329631504, 67.43329779673063, 62.98061108402405, 61.3246488523467, 85.96442577030813, 84.36723431094293, 73.65827746260959, 76.13481012658228]","[28.200000000000003, 29.0, 28.3, 26.8, 29.3, 27.8, 30.6, 30.200000000000003, 27.700000000000003, 31.6]"
ga,4,36,74.57638514990539,29.5,514.6,1.7425756260958611,5.4,11.13642857142857,19.938333333333333,8.801904761904762,True,0.0,hospital_corridor,28,12,"[11, 29, 47, 53, 61, 73, 89, 97, 101, 109]","[3.7643435617611, 1.7360149627418586, 0.9477232302692142, 0.5, 1.0]","{""time"": 1.0, ""collisions"": 0.05, ""congestion"": 1.0, ""fairness"": 2.0, ""incomplete_base"": 1000.0, ""incomplete_agent"": 10.0}","[114.13246225319398, 80.69998402045383, 55.57448508815291, 68.07484848484849, 57.025747508305656, 62.01318234610918, 79.19726152441808, 85.15961199294533, 77.20267131242741, 66.68359696819905]","[28.700000000000003, 29.8, 28.900000000000002, 27.5, 30.1, 28.700000000000003, 31.3, 32.4, 28.700000000000003, 28.900000000000002]"
ga,4,37,80.15194506614475,28.49,636.3,1.7843260185257155,5.6,10.420357142857142,19.451666666666664,9.031309523809522,True,0.0,hospital_corridor,28,12,"[11, 29, 47, 53, 61, 73, 89, 97, 101, 109]","[4.684077610876602, 1.8910576537037724, 0.9479162784280841, 0.5, 1.0]","{""time"": 1.0, ""collisions"": 0.05, ""congestion"": 1.0, ""fairness"": 2.0, ""incomplete_base"": 1000.0, ""incomplete_agent"": 10.0}","[130.65228034875923, 69.91823199868183, 63.42887323943662, 77.61618512573568, 59.83452380952381, 67.16640692640692, 85.06055088702148, 96.2421052631579, 80.09254658385093, 71.50774647887326]","[28.400000000000002, 28.900000000000002, 28.400000000000002, 26.700000000000003, 28.0, 27.5, 30.6, 30.400000000000002, 27.6, 28.400000000000002]"
ga,4,38,117.38186657965008,29.28,1370.5,1.7206761034595928,5.1,10.443571428571428,19.37166666666667,8.928095238095239,True,0.0,hospital_corridor,28,12,"[11, 29, 47, 53, 61, 73, 89, 97, 101, 109]","[5.0, 0.9249737144127639, 1.3119241454397979, 0.5, 1.0]","{""time"": 1.0, ""collisions"": 0.05, ""congestion"": 1.0, ""fairness"": 2.0, ""incomplete_base"": 1000.0, ""incomplete_agent"": 10.0}","[270.0207792207792, 89.04493414387032, 88.01478696741856, 97.86970192657216, 86.01570755510686, 91.61704445615885, 112.66185761433287, 121.06904761904762, 127.9114695340502, 89.59333675916409]","[38.5, 28.200000000000003, 28.5, 26.200000000000003, 28.3, 27.1, 30.3, 30.0, 27.900000000000002, 27.8]"
ga,4,39,75.65146028728964,29.220000000000006,542.9,1.7495555253848583,5.4,11.023214285714285,19.791666666666668,8.768452380952382,True,0.0,hospital_corridor,28,12,"[11, 29, 47, 53, 61, 73, 89, 97, 101, 109]","[3.8813897957617782, 1.7402967659804622, 0.9528389500074548, 0.5, 1.0]","{""time"": 1.0, ""collisions"": 0.05, ""congestion"": 1.0, ""fairness"": 2.0, ""incomplete_base"": 1000.0, ""incomplete_agent"": 10.0}","[108.61786546786547, 63.63652651696131, 63.25702630702631, 70.23266949902637, 58.181638418079096, 63.7938596491228, 80.2716597318539, 107.11339285714286, 74.00731707317074, 67.40264735264736]","[28.6, 29.900000000000002, 28.6, 26.900000000000002, 29.5, 28.5, 30.900000000000002, 32.0, 28.700000000000003, 28.6]"
ga,4,40,83.19189032855634,28.15,715.1,1.9145093761753817,5.6,10.604642857142856,19.29083333333333,8.686190476190475,True,0.0,hospital_corridor,28,12,"[11, 29, 47, 53, 61, 73, 89, 97, 101, 109]","[4.511413972535421, 2.6003369916590153, 0.7780164762253865, 0.5, 1.0]","{""time"": 1.0, ""collisions"": 0.05, ""congestion"": 1.0, ""fairness"": 2.0, ""incomplete_base"": 1000.0, ""incomplete_agent"": 10.0}","[105.53922171018948, 78.05382293762577, 61.31780684104628, 94.91093073593075, 100.44814169570266, 63.751686874011604, 92.52184265010352, 86.5594834543987, 77.52668067226891, 71.28928571428573]","[27.900000000000002, 28.400000000000002, 28.400000000000002, 26.400000000000002, 28.700000000000003, 27.1, 29.900000000000002, 29.5, 27.200000000000003, 28.0]"
ga,4,41,83.99812817691097,28.470000000000006,729.1,1.7505091292919137,5.3,10.585357142857143,19.246666666666663,8.661309523809525,True,0.0,hospital_corridor,28,12,"[11, 29, 47, 53, 61, 73, 89, 97, 101, 109]","[4.414191927401785, 1.6338358697899367, 0.9626715486922083, 0.5, 1.0]","{""time"": 1.0, ""collisions"": 0.05, ""congestion"": 1.0, ""fairness"": 2.0, ""incomplete_base"": 1000.0, ""incomplete_agent"": 10.0}","[127.27118226600986, 73.65848574724008, 75.13617021276596, 79.1803725180109, 63.77882205513785, 72.27056277056278, 86.46238902340598, 94.82873754152824, 94.65311750599521, 72.7414421284528]","[29.0, 28.900000000000002, 28.200000000000003, 27.1, 28.5, 27.5, 29.5, 30.1, 27.8, 28.1]"
ga,4,42,68.41286064955914,30.82,354.7,1.7076225543210366,5.1,11.510714285714286,20.585833333333333,9.075119047619049,True,0.0,hospital_corridor,28,12,"[11, 29, 47, 53, 61, 73, 89, 97, 101, 109]","[3.9744852582964243, 2.468274839650088, 0.9364306427257431, 0.5, 1.0]","{""time"": 1.0, ""collisions"": 0.05, ""congestion"": 1.0, ""fairness"": 2.0, ""incomplete_base"": 1000.0, ""incomplete_agent"": 10.0}","[101.2951670220327, 72.82389908941633, 53.172938443670155, 85.66593295928644, 48.457679180887375, 58.337468671679204, 71.5021645021645, 68.3453542392567, 64.2452887537994, 60.28271363339857]","[33.5, 31.900000000000002, 28.700000000000003, 33.1, 29.3, 28.5, 33.0, 32.800000000000004, 28.200000000000003, 29.200000000000003]"
ga,4,43,75.32832607700193,28.990000000000002,546.3,1.7704689341447857,5.3,10.91357142857143,19.54,8.626428571428573,True,0.0,hospital_corridor,28,12,"[11, 29, 47, 53, 61, 73, 89, 97, 101, 109]","[4.013480781389786, 1.8143178132420035, 0.9276589545494803, 0.5, 1.0]","{""time"": 1.0, ""collisions"": 0.05, ""congestion"": 1.0, ""fairness"": 2.0, ""incomplete_base"": 1000.0, ""incomplete_agent"": 10.0}","[120.86156462585035, 71.1546643913538, 64.55025062656642, 68.14215427868565, 58.09230769230769, 62.46392136925945, 78.32140530479293, 83.89429824561405, 79.65119047619048, 66.1515037593985]","[29.400000000000002, 29.3, 28.5, 27.1, 29.900000000000002, 28.1, 30.700000000000003, 30.400000000000002, 28.0, 28.5]"
ga,4,44,161.87222481407818,27.660000000000004,2331.3,1.9398438616971927,5.9,10.377142857142859,18.230833333333333,7.8536904761904776,True,0.0,hospital_corridor,28,12,"[11, 29, 47, 53, 61, 73, 89, 97, 101, 109]","[4.604958173419853, 1.6936578796892536, 0.6407497161187783, 0.5, 1.0]","{""time"": 1.0, ""collisions"": 0.05, ""congestion"": 1.0, ""fairness"": 2.0, ""incomplete_base"": 1000.0, ""incomplete_agent"": 10.0}","[188.81359649122808, 175.7824884792627, 135.9983840467595, 147.68876341050256, 188.38588245707206, 140.73904410472676, 177.9702380952381, 192.1700396825397, 122.15990159901598, 149.0139097744361]","[30.400000000000002, 27.900000000000002, 27.700000000000003, 25.3, 26.900000000000002, 27.1, 28.8, 28.8, 27.1, 26.6]"
ga,4,45,96.36379204465757,31.910000000000004,910.1,1.6266491875146947,5.2,10.656428571428572,19.317500000000003,8.661071428571429,True,0.0,hospital_corridor,28,12,"[11, 29, 47, 53, 61, 73, 89, 97, 101, 109]","[4.508619589923014, 1.473017624102872, 0.9422997053065614, 0.5, 1.0]","{""time"": 1.0, ""collisions"": 0.05, ""congestion"": 1.0, ""fairness"": 2.0, ""incomplete_base"": 1000.0, ""incomplete_agent"": 10.0}","[116.94461955600745, 80.01445993031359, 69.79837892603851, 125.21312123102516, 69.72288786482335, 74.31847654190828, 100.21373926619829, 134.3803007518797, 121.05460718583464, 71.97732919254659]","[28.1, 28.700000000000003, 28.200000000000003, 45.800000000000004, 27.900000000000002, 27.1, 30.5, 47.5, 27.700000000000003, 27.6]"
ga,4,46,63.65231361305311,38.10000000000001,56.4,1.619694565434053,5.3,13.540357142857143,24.09666666666667,10.556309523809526,True,0.0,hospital_corridor,28,12,"[11, 29, 47, 53, 61, 73, 89, 97, 101, 109]","[3.091941168275827, 3.7500452274476643, 0.930056437076026, 0.5, 1.0]","{""time"": 1.0, ""collisions"": 0.05, ""congestion"": 1.0, ""fairness"": 2.0, ""incomplete_base"": 1000.0, ""incomplete_agent"": 10.0}","[88.91588513267904, 48.1133423180593, 58.78532608695653, 92.42435897435897, 40.025457875457874, 59.55156442980651, 64.75008984725966, 63.53259355961707, 61.48598976780796, 58.93852813852814]","[52.400000000000006, 31.8, 36.800000000000004, 54.6, 26.0, 34.7, 37.1, 38.300000000000004, 36.300000000000004, 33.0]"
ga,4,47,120.01060072254856,29.589999999999996,1417.1,1.7965531035009472,5.4,11.254642857142859,20.139166666666668,8.88452380952381,True,0.0,hospital_corridor,28,12,"[11, 29, 47, 53, 61, 73, 89, 97, 101, 109]","[3.4883617688415325, 0.7747637064088622, 0.9886749688902975, 0.5, 1.0]","{""time"": 1.0, ""collisions"": 0.05, ""congestion"": 1.0, ""fairness"": 2.0, ""incomplete_base"": 1000.0, ""incomplete_agent"": 10.0}","[210.19311846689897, 99.64800626132806, 92.27990708478515, 104.62238622386225, 105.1593220338983, 94.91194805194807, 120.35441310282076, 145.23856209150327, 130.13259172521467, 97.56575218322624]","[32.800000000000004, 28.900000000000002, 28.700000000000003, 27.1, 29.5, 27.5, 31.400000000000002, 30.6, 30.5, 28.900000000000002]"
ga,4,48,63.20447427927844,30.900000000000006,260.9,1.6956647554689073,5.3,11.831428571428571,20.613333333333333,8.781904761904764,True,0.0,hospital_corridor,28,12,"[11, 29, 47, 53, 61, 73, 89, 97, 101, 109]","[4.047127613693122, 2.7243443194494725, 0.9787418753560944, 0.5, 1.0]","{""time"": 1.0, ""collisions"": 0.05, ""congestion"": 1.0, ""fairness"": 2.0, ""incomplete_base"": 1000.0, ""incomplete_agent"": 10.0}","[99.10665614312023, 50.39950166112957, 47.9287362003625, 59.17142857142858, 51.76685906685908, 57.736401406200066, 68.06428571428572, 68.47319646421442, 69.1799265043638, 60.21775106082037]","[36.2, 30.1, 28.900000000000002, 28.0, 29.700000000000003, 29.8, 31.5, 33.4, 31.1, 30.3]"
ga,4,49,59.209241332313205,31.580000000000002,165.0,1.7504318085036839,5.4,12.411428571428571,21.225833333333334,8.814404761904761,True,0.0,hospital_corridor,28,12,"[11, 29, 47, 53, 61, 73, 89, 97, 101, 109]","[3.704187978244446, 3.141956244914689, 0.9587962376747103, 0.5, 1.0]","{""time"": 1.0, ""collisions"": 0.05, ""congestion"": 1.0, ""fairness"": 2.0, ""incomplete_base"": 1000.0, ""incomplete_agent"": 10.0}","[78.69650747907232, 51.79902419984387, 51.25009818360334, 65.75072332730561, 47.73566634707574, 56.266009852216754, 63.00374753451677, 61.87693059628543, 60.146521868935665, 55.567183934276585]","[34.7, 30.5, 29.1, 31.6, 29.8, 29.0, 33.800000000000004, 34.1, 31.900000000000002, 31.3]"
ga,4,50,77.59746014076504,30.889999999999997,526.4,1.8317458550507488,5.5,12.007142857142856,21.285000000000004,9.277857142857144,True,0.0,hospital_corridor,28,12,"[11, 29, 47, 53, 61, 73, 89, 97, 101, 109]","[3.4072627838712153, 2.3324144686620274, 0.8340386624912411, 0.5, 1.0]","{""time"": 1.0, ""collisions"": 0.05, ""congestion"": 1.0, ""fairness"": 2.0, ""incomplete_base"": 1000.0, ""incomplete_agent"": 10.0}","[86.08182957393484, 87.70186741363212, 70.17430213464698, 106.47871148459383, 74.38484205563414, 59.98316142341413, 77.19007326007326, 83.36104839756067, 66.38809523809525, 64.23067042606516]","[28.5, 30.6, 29.0, 34.0, 30.3, 27.700000000000003, 32.5, 36.7, 29.200000000000003, 30.400000000000002]"
ga,4,51,73.77317289863761,30.820000000000004,465.4,1.7346014700661836,5.2,11.710714285714285,20.685000000000002,8.974285714285715,True,0.0,hospital_corridor,28,12,"[11, 29, 47, 53, 61, 73, 89, 97, 101, 109]","[3.277627769469002, 1.8737635266823627, 0.8939801973557522, 0.5, 1.0]","{""time"": 1.0, ""collisions"": 0.05, ""congestion"": 1.0, ""fairness"": 2.0, ""incomplete_base"": 1000.0, ""incomplete_agent"": 10.0}","[104.38190967108493, 56.381395348837216, 55.485877364644494, 61.01261398176292, 73.12743688079257, 61.35766550522649, 76.06406423034329, 85.72314891274429, 103.77366375121478, 60.42395333972515]","[29.1, 30.1, 29.200000000000003, 28.200000000000003, 29.8, 28.700000000000003, 34.4, 34.6, 34.300000000000004, 29.8]"
ga,4,52,81.2907690903943,28.130000000000003,682.8,1.8350548046800221,5.7,10.399642857142858,18.9925,8.592857142857143,True,0.0,hospital_corridor,28,12,"[11, 29, 47, 53, 61, 73, 89, 97, 101, 109]","[5.0, 3.3770422325459077, 0.770049804344054, 0.5, 1.0]","{""time"": 1.0, ""collisions"": 0.05, ""congestion"": 1.0, ""fairness"": 2.0, ""incomplete_base"": 1000.0, ""incomplete_agent"": 10.0}","[98.10919718067733, 82.2794930875576, 63.09924812030076, 98.01267427122941, 79.01537515375153, 65.95740740740742, 88.79151737865566, 93.54828941285254, 76.05072922157794, 68.04375966993295]","[27.700000000000003, 27.900000000000002, 28.5, 26.3, 27.1, 27.0, 31.1, 30.900000000000002, 27.1, 27.700000000000003]"
ga,4,53,90.58268995329384,28.95,841.0,1.8081661437700258,5.7,10.631071428571428,19.518333333333334,8.887261904761907,True,0.0,hospital_corridor,28,12,"[11, 29, 47, 53, 61, 73, 89, 97, 101, 109]","[3.972327719796002, 1.6171166441234028, 0.8206294882979284, 0.5, 1.0]","{""time"": 1.0, ""collisions"": 0.05, ""congestion"": 1.0, ""fairness"": 2.0, ""incomplete_base"": 1000.0, ""incomplete_agent"": 10.0}","[144.4932599625953, 86.67417771232203, 66.97377622377623, 103.92586027111577, 64.41443768996962, 72.21373626373627, 93.63682170542637, 112.65896358543418, 84.96560653458465, 75.870259583978]","[33.1, 29.1, 28.6, 27.400000000000002, 28.200000000000003, 27.3, 30.1, 30.6, 27.400000000000002, 27.700000000000003]"
ga,4,54,136.50948938625316,28.669999999999998,1763.5,1.8797274814912648,5.4,10.501785714285713,19.394166666666667,8.892380952380952,True,0.0,hospital_corridor,28,12,"[11, 29, 47, 53, 61, 73, 89, 97, 101, 109]","[3.9274111196871546, 1.582217346213368, 0.7204070923683271, 0.5, 1.0]","{""time"": 1.0, ""collisions"": 0.05, ""congestion"": 1.0, ""fairness"": 2.0, ""incomplete_base"": 1000.0, ""incomplete_agent"": 10.0}","[157.8809523809524, 134.67371031746032, 99.77800774019856, 139.6395377128954, 116.00758821514216, 109.96959706959707, 158.09791158784333, 187.5608885017422, 136.61904761904762, 124.86765271765273]","[28.0, 28.8, 28.3, 27.400000000000002, 27.8, 27.3, 29.3, 32.800000000000004, 27.3, 29.700000000000003]"
ga,4,55,1079.2904746199379,41.480000000000004,313.1,1.4190460485093337,5.1,13.087619047619048,22.955833333333334,9.868214285714286,False,0.1,hospital_corridor,28,12,"[11, 29, 47, 53, 61, 73, 89, 97, 101, 109]","[2.5314131099421653, 1.8563700151465343, 0.9502216021738465, 0.5, 1.0]","{""time"": 1.0, ""collisions"": 0.05, ""congestion"": 1.0, ""fairness"": 2.0, ""incomplete_base"": 1000.0, ""incomplete_agent"": 10.0}","[104.08224417426545, 53.122055137844605, 58.8628542655733, 73.9289389067524, 59.51495640509725, 1149.0536666666667, 82.28834969102145, 76.25658374167608, 68.46414482952946, 67.3309523809524]","[37.6, 32.300000000000004, 33.1, 31.1, 35.5, 100.0, 39.300000000000004, 37.9, 33.800000000000004, 34.2]"
ga,4,56,88.18501799732172,28.450000000000006,816.2,1.7300179973217311,5.1,10.4475,19.045,8.5975,True,0.0,hospital_corridor,28,12,"[11, 29, 47, 53, 61, 73, 89, 97, 101, 109]","[4.478332831405743, 1.5059687400290969, 0.9298004191680584, 0.5, 1.0]","{""time"": 1.0, ""collisions"": 0.05, ""congestion"": 1.0, ""fairness"": 2.0, ""incomplete_base"": 1000.0, ""incomplete_agent"": 10.0}","[121.30429588205389, 83.592673992674, 72.61351766513057, 91.34132777198471, 67.46927803379418, 72.80385154061625, 94.41340852130325, 106.60851648351648, 92.59774891774892, 79.1055611643951]","[28.1, 28.6, 27.900000000000002, 27.400000000000002, 27.900000000000002, 27.200000000000003, 30.400000000000002, 31.200000000000003, 27.5, 28.3]"
ga,4,57,82.22859418258986,28.560000000000002,679.9,1.7647846587803329,5.3,10.711428571428574,19.665833333333335,8.95440476190476,True,0.0,hospital_corridor,28,12,"[11, 29, 47, 53, 61, 73, 89, 97, 101, 109]","[4.413517567340874, 1.9402134586901836, 0.9023254848326143, 0.5, 1.0]","{""time"": 1.0, ""collisions"": 0.05, ""congestion"": 1.0, ""fairness"": 2.0, ""incomplete_base"": 1000.0, ""incomplete_agent"": 10.0}","[110.91566683612947, 78.09569121766354, 61.9602615694165, 80.60661375661377, 89.97273850716758, 63.035093167701866, 96.74164715066354, 98.58329455560727, 75.53683982683984, 66.83809523809524]","[28.1, 28.900000000000002, 28.400000000000002, 27.0, 28.900000000000002, 27.6, 30.5, 30.700000000000003, 27.5, 28.0]"
ga,4,58,70.65636403853875,30.43,397.4,1.804935467110186,5.1,11.129285714285714,20.405000000000005,9.275714285714287,True,0.0,hospital_corridor,28,12,"[11, 29, 47, 53, 61, 73, 89, 97, 101, 109]","[4.356044181061883, 3.3616344990551665, 0.8141387137508075, 0.5, 1.0]","{""time"": 1.0, ""collisions"": 0.05, ""congestion"": 1.0, ""fairness"": 2.0, ""incomplete_base"": 1000.0, ""incomplete_agent"": 10.0}","[98.34142308220117, 93.1212728081887, 51.50397935397936, 70.36985268927717, 49.65657788539144, 53.378351783517836, 67.64421768707484, 62.26515444015445, 98.84188134270102, 61.44092931290163]","[34.7, 32.1, 28.6, 27.8, 29.5, 27.1, 29.400000000000002, 29.6, 36.6, 28.900000000000002]"
ga,4,59,64.02966666141964,30.920000000000005,246.7,1.7729999947529613,5.2,11.4,20.900833333333335,9.500833333333333,True,0.0,hospital_corridor,28,12,"[11, 29, 47, 53, 61, 73, 89, 97, 101, 109]","[4.015664679124777, 3.0937736097473034, 0.893934199550605, 0.5, 1.0]","{""time"": 1.0, ""collisions"": 0.05, ""congestion"": 1.0, ""fairness"": 2.0, ""incomplete_base"": 1000.0, ""incomplete_agent"": 10.0}","[91.77552213868005, 69.45238095238095, 58.93251231527094, 50.16314699792961, 49.618558814254186, 52.50714285714286, 82.93303337082865, 67.49610847360093, 60.86785714285714, 56.55040355125101]","[34.2, 31.5, 29.0, 27.6, 30.200000000000003, 28.0, 38.1, 33.1, 28.0, 29.5]"
ga,5,0,57.75606465537204,33.300000000000004,77.1,1.7955884648958507,5.6,12.466428571428574,21.869166666666665,9.402738095238094,True,0.0,hospital_corridor,28,12,"[11, 29, 47, 53, 61, 73, 89, 97, 101, 109]","[3.669880097928413, 3.828255458737988, 0.930056437076026, 0.5, 1.0]","{""time"": 1.0, ""collisions"": 0.05, ""congestion"": 1.0, ""fairness"": 2.0, ""incomplete_base"": 1000.0, ""incomplete_agent"": 10.0}","[71.72739008646937, 65.01385281385282, 52.226507394766784, 57.096172674677355, 45.376661790996266, 52.010424710424715, 65.12135217723453, 61.96298217611068, 53.124941065535126, 53.9003616636528]","[39.1, 38.5, 29.3, 32.1, 29.3, 29.6, 37.4, 35.800000000000004, 30.3, 31.6]"
ga,5,1,57.75606465537204,33.300000000000004,77.1,1.7955884648958507,5.6,12.466428571428574,21.869166666666665,9.402738095238094,True,0.0,hospital_corridor,28,12,"[11, 29, 47, 53, 61, 73, 89, 97, 101, 109]","[3.669880097928413, 3.828255458737988, 0.930056437076026, 0.5, 1.0]","{""time"": 1.0, ""collisions"": 0.05, ""congestion"": 1.0, ""fairness"": 2.0, ""incomplete_base"": 1000.0, ""incomplete_agent"": 10.0}","[71.72739008646937, 65.01385281385282, 52.226507394766784, 57.096172674677355, 45.376661790996266, 52.010424710424715, 65.12135217723453, 61.96298217611068, 53.124941065535126, 53.9003616636528]","[39.1, 38.5, 29.3, 32.1, 29.3, 29.6, 37.4, 35.800000000000004, 30.3, 31.6]"
ga,5,2,62.65523045797383,30.75,244.6,1.8109447436881123,5.4,11.832857142857145,20.765000000000004,8.932142857142859,True,0.0,hospital_corridor,28,12,"[11, 29, 47, 53, 61, 73, 89, 97, 101, 109]","[4.051956501826203, 3.1670609089878434, 0.9103348334804856, 0.5, 1.0]","{""time"": 1.0, ""collisions"": 0.05, ""congestion"": 1.0, ""fairness"": 2.0, ""incomplete_base"": 1000.0, ""incomplete_agent"": 10.0}","[77.75210761041576, 68.2625786163522, 63.762233961108564, 75.60831702544031, 47.00079365079365, 53.656778512116595, 63.39312839059674, 65.2907383136741, 54.00174091141834, 57.82388758782202]","[33.1, 31.8, 31.1, 29.200000000000003, 31.5, 28.1, 31.6, 32.7, 27.900000000000002, 30.5]"
ga,5,3,81.74732542371068,30.620000000000005,618.0,1.8658968522820973,5.7,11.574285714285715,20.755000000000003,9.180714285714286,True,0.0,hospital_corridor,28,12,"[11, 29, 47, 53, 61, 73, 89, 97, 101, 109]","[3.277627769469002, 1.8737635266823627, 0.8260674296128602, 0.5, 1.0]","{""time"": 1.0, ""collisions"": 0.05, ""congestion"": 1.0, ""fairness"": 2.0, ""incomplete_base"": 1000.0, ""incomplete_agent"": 10.0}","[121.80580357142857, 63.33493909191584, 75.77029945999018, 89.31245289482699, 65.94973194575846, 62.169911879342486, 83.40354713313897, 82.6936313175577, 107.39432624113476, 65.63861070201277]","[32.0, 30.1, 29.1, 27.8, 30.200000000000003, 28.1, 34.300000000000004, 32.6, 32.9, 29.1]"
ga,5,4,65.53227265519885,31.27,289.3,1.9339393218655174,6.0,11.900000000000002,20.831666666666667,8.931666666666667,True,0.0,hospital_corridor,28,12,"[11, 29, 47, 53, 61, 73, 89, 97, 101, 109]","[4.0630368552524, 3.198746983312438, 0.8923575514316598, 0.5, 1.0]","{""time"": 1.0, ""collisions"": 0.05, ""congestion"": 1.0, ""fairness"": 2.0, ""incomplete_base"": 1000.0, ""incomplete_agent"": 10.0}","[105.66172161172162, 67.85390070921986, 59.871031746031754, 64.7086717630196, 50.28702490170381, 52.38194587187393, 64.16739460115257, 76.15449438202248, 58.039580133128524, 56.196960832114414]","[36.4, 32.9, 28.8, 29.900000000000002, 32.7, 27.8, 31.400000000000002, 35.6, 27.900000000000002, 29.3]"
ga,5,5,60.650780956460615,30.04,224.3,1.8531619088415652,5.5,11.667857142857143,20.439166666666665,8.771309523809524,True,0.0,hospital_corridor,28,12,"[11, 29, 47, 53, 61, 73, 89, 97, 101, 109]","[4.363457032459018, 3.4389932153897185, 0.8929201481697238, 0.5, 1.0]","{""time"": 1.0, ""collisions"": 0.05, ""congestion"": 1.0, ""fairness"": 2.0, ""incomplete_base"": 1000.0, ""incomplete_agent"": 10.0}","[80.66573295985062, 74.5985347985348, 52.81169055857637, 58.53251651025374, 49.70466426318161, 52.925569358178066, 68.37386210004507, 58.348543689320394, 56.66498800959233, 53.88170731707318]","[30.6, 35.1, 28.900000000000002, 27.400000000000002, 31.700000000000003, 27.6, 31.700000000000003, 30.900000000000002, 27.8, 28.700000000000003]"
ga,5,6,71.81063410761547,29.22,462.7,1.771824583805935,5.6,11.016428571428571,19.85833333333333,8.841904761904763,True,0.0,hospital_corridor,28,12,"[11, 29, 47, 53, 61, 73, 89, 97, 101, 109]","[4.207319804772645, 2.116921303238447, 0.9423437698501947, 0.5, 1.0]","{""time"": 1.0, ""collisions"": 0.05, ""congestion"": 1.0, ""fairness"": 2.0, ""incomplete_base"": 1000.0, ""incomplete_agent"": 10.0}","[100.10751104565539, 76.50116279069768, 58.401598401598406, 65.5909090909091, 55.750346893724384, 58.71875953228267, 77.47792207792207, 81.22530345471523, 77.4297619047619, 66.90306588388782]","[29.1, 30.1, 28.6, 27.5, 30.200000000000003, 28.1, 30.8, 30.6, 28.0, 29.200000000000003]"
ga,5,7,1102.0652479762769,52.160000000000004,371.1,1.2337206147494528,4.9,11.337872682872685,20.896136363636366,9.558263680763684,False,1.1,hospital_corridor,28,12,"[11, 29, 47, 53, 61, 73, 89, 97, 101, 109]","[5.0, 2.631586481723463, 1.2250306138100147, 0.5, 1.0]","{""time"": 1.0, ""collisions"": 0.05, ""congestion"": 1.0, ""fairness"": 2.0, ""incomplete_base"": 1000.0, ""incomplete_agent"": 10.0}","[99.63426943426944, 1188.7890909090909, 1152.1935174825176, 91.32260073260075, 58.93131634819534, 62.35068027210885, 75.77783882783882, 75.59669100867184, 1155.489808080808, 60.56666666666666]","[35.1, 100.0, 100.0, 32.5, 31.400000000000002, 29.400000000000002, 32.5, 31.3, 100.0, 29.400000000000002]"
ga,5,8,74.16756983934337,29.630000000000003,500.2,1.8111412679148,5.3,11.179285714285715,20.0375,8.858214285714286,True,0.0,hospital_corridor,28,12,"[11, 29, 47, 53, 61, 73, 89, 97, 101, 109]","[4.462357918346795, 2.373662603141584, 0.9389157849660408, 0.5, 1.0]","{""time"": 1.0, ""collisions"": 0.05, ""congestion"": 1.0, ""fairness"": 2.0, ""incomplete_base"": 1000.0, ""incomplete_agent"": 10.0}","[125.63633372048005, 76.25385878489327, 52.280650570087204, 70.50550539918571, 55.14219892735252, 59.18358934971839, 83.14126984126983, 79.80845864661654, 75.96857486676981, 63.755258287060414]","[36.9, 29.0, 28.400000000000002, 26.900000000000002, 29.3, 27.900000000000002, 31.5, 30.400000000000002, 27.700000000000003, 28.3]"
ga,5,9,75.10194929140445,28.96,532.1,1.7779016723568355,5.4,10.712142857142856,19.591666666666665,8.879523809523809,True,0.0,hospital_corridor,28,12,"[11, 29, 47, 53, 61, 73, 89, 97, 101, 109]","[4.7204367131920915, 2.627597794550748, 0.8270810358810707, 0.5, 1.0]","{""time"": 1.0, ""collisions"": 0.05, ""congestion"": 1.0, ""fairness"": 2.0, ""incomplete_base"": 1000.0, ""incomplete_agent"": 10.0}","[103.1621395036888, 64.65023228803717, 54.95701754385965, 84.831295027236, 93.60000000000001, 57.15767195767196, 76.98571428571428, 75.49196326994962, 62.16477771920576, 78.01868131868133]","[28.400000000000002, 28.700000000000003, 28.5, 27.1, 30.0, 27.0, 29.700000000000003, 29.3, 27.1, 33.800000000000004]"
ga,5,10,60.933288019225465,31.810000000000002,191.2,1.7244784954159336,5.5,12.38142857142857,21.300833333333333,8.919404761904762,True,0.0,hospital_corridor,28,12,"[11, 29, 47, 53, 61, 73, 89, 97, 101, 109]","[3.35490566230325, 2.6330725844041494, 0.9643413726065296, 0.5, 1.0]","{""time"": 1.0, ""collisions"": 0.05, ""congestion"": 1.0, ""fairness"": 2.0, ""incomplete_base"": 1000.0, ""incomplete_agent"": 10.0}","[81.67263736263736, 48.559307359307354, 51.62231450719823, 69.98150684931507, 42.15024600246003, 58.536180657830144, 68.06552706552708, 70.19778613199666, 61.25310059715205, 57.294273658830626]","[32.5, 30.8, 30.1, 36.5, 27.1, 29.1, 35.1, 34.2, 31.1, 31.6]"
ga,5,11,60.49297083755998,30.5,207.4,1.7727327423218775,5.3,11.750714285714286,20.675833333333333,8.925119047619049,True,0.0,hospital_corridor,28,12,"[11, 29, 47, 53, 61, 73, 89, 97, 101, 109]","[4.389470076633415, 3.460000361938473, 0.9379811989387361, 0.5, 1.0]","{""time"": 1.0, ""collisions"": 0.05, ""congestion"": 1.0, ""fairness"": 2.0, ""incomplete_base"": 1000.0, ""incomplete_agent"": 10.0}","[67.87093253968254, 59.797699757869246, 50.35267131242742, 64.77576147576148, 45.789849624060146, 53.308956109134044, 75.34484454939002, 70.59873949579833, 57.44977732100035, 59.64047619047619]","[28.8, 29.5, 28.700000000000003, 33.300000000000004, 28.5, 28.1, 36.300000000000004, 34.0, 27.8, 30.0]"
ga,5,12,97.6913288122577,29.560000000000002,955.5,2.0320430979719846,5.9,11.285357142857142,20.4475,9.162142857142857,True,0.0,hospital_corridor,28,12,"[11, 29, 47, 53, 61, 73, 89, 97, 101, 109]","[3.7059014370964465, 3.3726635731174337, 0.7463371412019594, 0.5, 1.0]","{""time"": 1.0, ""collisions"": 0.05, ""congestion"": 1.0, ""fairness"": 2.0, ""incomplete_base"": 1000.0, ""incomplete_agent"": 10.0}","[128.03147725543892, 100.05193912616592, 70.32229362333169, 148.6022662076879, 77.73419014664691, 75.03861661452903, 100.93637782982046, 106.48159806295402, 92.01327612317012, 77.70125313283208]","[31.3, 29.1, 28.900000000000002, 33.2, 28.900000000000002, 27.400000000000002, 30.5, 29.5, 28.3, 28.5]"
ga,5,13,86.82399137424851,30.409999999999997,733.2,1.808753279010417,5.4,11.785714285714286,20.758333333333336,8.972619047619048,True,0.0,hospital_corridor,28,12,"[11, 29, 47, 53, 61, 73, 89, 97, 101, 109]","[3.0219932332264285, 2.0984522370884138, 0.7733292321004511, 0.5, 1.0]","{""time"": 1.0, ""collisions"": 0.05, ""congestion"": 1.0, ""fairness"": 2.0, ""incomplete_base"": 1000.0, ""incomplete_agent"": 10.0}","[90.26707317073172, 75.71057585825028, 101.37362278244632, 110.32408274785324, 73.96382783882785, 75.55275689223058, 89.90357142857142, 84.93159135858816, 91.33201058201058, 74.880801082975]","[28.700000000000003, 30.1, 30.6, 30.5, 31.200000000000003, 28.5, 33.6, 31.3, 29.700000000000003, 29.900000000000002]"
ga,5,14,60.410117173327876,32.13,179.4,1.882260030470735,5.6,12.52357142857143,21.2375,8.713928571428573,True,0.0,hospital_corridor,28,12,"[11, 29, 47, 53, 61, 73, 89, 97, 101, 109]","[3.59612808565728, 3.2195445734459502, 0.9004740684979524, 0.5, 1.0]","{""time"": 1.0, ""collisions"": 0.05, ""congestion"": 1.0, ""fairness"": 2.0, ""incomplete_base"": 1000.0, ""incomplete_agent"": 10.0}","[70.54430641821946, 75.91756978653531, 50.33275637900212, 54.49107981220657, 49.54863945578232, 52.48650793650794, 72.10554468362687, 65.12097933513029, 57.618464206874805, 55.935323719393125]","[32.2, 37.7, 29.3, 28.400000000000002, 29.400000000000002, 28.8, 36.5, 37.1, 30.200000000000003, 31.700000000000003]"
ga,5,15,61.13879222827695,32.279999999999994,168.6,1.8614112758960033,5.4,12.449642857142859,21.733333333333334,9.283690476190475,True,0.0,hospital_corridor,28,12,"[11, 29, 47, 53, 61, 73, 89, 97, 101, 109]","[3.5367440651974613, 3.3807739639192382, 0.8855282046348756, 0.5, 1.0]","{""time"": 1.0, ""collisions"": 0.05, ""congestion"": 1.0, ""fairness"": 2.0, ""incomplete_base"": 1000.0, ""incomplete_agent"": 10.0}","[74.19002026342451, 64.96189050470488, 56.47823129251701, 48.22443609022556, 48.757321631724366, 52.31408450704225, 72.24962406015038, 68.92219047619048, 67.53809523809524, 57.752028218694875]","[32.9, 33.4, 29.400000000000002, 28.5, 29.3, 28.400000000000002, 38.0, 37.5, 33.0, 32.4]"
ga,5,16,78.81468757413455,30.78000000000001,571.0,1.7918304312773874,5.7,11.51107142857143,20.357499999999998,8.846428571428572,True,0.0,hospital_corridor,28,12,"[11, 29, 47, 53, 61, 73, 89, 97, 101, 109]","[3.462992052926329, 1.923237000436644, 0.855945836056802, 0.5, 1.0]","{""time"": 1.0, ""collisions"": 0.05, ""congestion"": 1.0, ""fairness"": 2.0, ""incomplete_base"": 1000.0, ""incomplete_agent"": 10.0}","[134.14329181263787, 60.76528239202658, 64.8847290640394, 74.51869300911855, 59.323999695724936, 61.58486943164363, 85.26232160519996, 96.07645259938838, 84.43198330878744, 67.15525282277859]","[36.7, 30.1, 29.0, 28.200000000000003, 31.3, 27.900000000000002, 33.7, 32.7, 29.1, 29.1]"
ga,5,17,1125.1685933992599,74.84,152.2,0.8928796685462117,4.7,12.532143134643135,22.945,10.412856865356867,False,2.1,hospital_corridor,28,12,"[11, 29, 47, 53, 61, 73, 89, 97, 101, 109]","[3.462992052926329, 2.772063078627201, 1.080365760071067, 0.5, 1.0]","{""time"": 1.0, ""collisions"": 0.05, ""congestion"": 1.0, ""fairness"": 2.0, ""incomplete_base"": 1000.0, ""incomplete_agent"": 10.0}","[1163.600923076923, 1181.8647575757575, 57.231077694235594, 1158.1006666666667, 1175.5813333333333, 1145.2132222222222, 75.6009657009657, 81.85303900454655, 61.96666666666667, 1150.673282051282]","[100.0, 100.0, 34.2, 100.0, 100.0, 100.0, 42.900000000000006, 39.800000000000004, 31.5, 100.0]"
ga,5,18,173.89674136258657,28.8,2535.2,1.9615032673484492,6.6,10.845714285714285,19.033333333333335,8.187619047619048,True,0.0,hospital_corridor,28,12,"[11, 29, 47, 53, 61, 73, 89, 97, 101, 109]","[4.038425833933442, 2.923480410273741, 0.6339406267392573, 0.5, 1.0]","{""time"": 1.0, ""collisions"": 0.05, ""congestion"": 1.0, ""fairness"": 2.0, ""incomplete_base"": 1000.0, ""incomplete_agent"": 10.0}","[231.75238095238095, 179.4812574139976, 149.15238095238095, 156.92634979642415, 184.06208791208795, 136.27293417366948, 196.4140056022409, 215.452557319224, 132.3434065934066, 157.11005291005293]","[31.5, 28.1, 28.0, 26.900000000000002, 27.3, 27.200000000000003, 32.300000000000004, 32.4, 27.3, 27.0]"
ga,5,19,68.86042595204671,29.410000000000004,406.5,1.8032830949038474,5.3,11.306428571428572,19.9675,8.661071428571429,True,0.0,hospital_corridor,28,12,"[11, 29, 47, 53, 61, 73, 89, 97, 101, 109]","[3.9744852582964243, 2.370599869507409, 0.8832073499819936, 0.5, 1.0]","{""time"": 1.0, ""collisions"": 0.05, ""congestion"": 1.0, ""fairness"": 2.0, ""incomplete_base"": 1000.0, ""incomplete_agent"": 10.0}","[92.34138482248024, 55.1697347395334, 52.994146825396825, 67.71097308488613, 55.28149239077075, 61.051199040767386, 90.79551820728291, 84.22563417890521, 66.63903734155532, 62.395138888888894]","[28.3, 29.8, 28.8, 27.6, 29.1, 27.8, 34.0, 32.1, 27.8, 28.8]"
ga,5,20,60.30025563373925,32.28,166.1,1.7954937289773412,5.0,12.544285714285717,21.504166666666666,8.959880952380953,True,0.0,hospital_corridor,28,12,"[11, 29, 47, 53, 61, 73, 89, 97, 101, 109]","[3.3437010581815585, 3.4082318685609767, 0.8562673977968392, 0.5, 1.0]","{""time"": 1.0, ""collisions"": 0.05, ""congestion"": 1.0, ""fairness"": 2.0, ""incomplete_base"": 1000.0, ""incomplete_agent"": 10.0}","[77.02832847424685, 71.97467532467533, 54.598642938404026, 53.29195298372514, 55.97807478819749, 53.98867595818815, 62.56977351916377, 60.330801323550574, 55.04154840744245, 58.200082619798714]","[34.300000000000004, 38.5, 29.3, 31.6, 32.6, 28.700000000000003, 32.800000000000004, 33.1, 30.200000000000003, 31.700000000000003]"
ga,5,21,1217.25703043049,100.0,87.8,0.4325,4.2,13.73766948893974,24.454934704184705,10.717265215244963,False,9.1,hospital_corridor,28,12,"[11, 29, 47, 53, 61, 73, 89, 97, 101, 109]","[3.55902296347673, 3.3687344020850913, 1.276934616582527, 0.5, 1.0]","{""time"": 1.0, ""collisions"": 0.05, ""congestion"": 1.0, ""fairness"": 2.0, ""incomplete_base"": 1000.0, ""incomplete_agent"": 10.0}","[1169.8043333333333, 1266.141090909091, 1191.3394444444443, 1235.5052807017544, 1225.0815263157895, 1210.5922125603865, 1196.9384444444445, 1222.1223333333332, 1180.1035555555554, 1274.942082706767]","[100.0, 100.0, 100.0, 100.0, 100.0, 100.0, 100.0, 100.0, 100.0, 100.0]"
ga,5,22,1079.3301901374423,37.1,424.5,1.5915128887649623,5.3,11.287328042328044,20.49416666666667,9.206838624338625,False,0.1,hospital_corridor,28,12,"[11, 29, 47, 53, 61, 73, 89, 97, 101, 109]","[3.904224645342768, 2.0821679068340924, 0.9813808840248337, 0.5, 1.0]","{""time"": 1.0, ""collisions"": 0.05, ""congestion"": 1.0, ""fairness"": 2.0, ""incomplete_base"": 1000.0, ""incomplete_agent"": 10.0}","[114.1633427628477, 73.43758399065148, 1131.9826296296296, 66.05924219150026, 54.75116682434563, 62.15625000000001, 73.46211707612983, 76.62986738999398, 76.83784893267652, 63.8218525766471]","[30.3, 32.6, 100.0, 27.900000000000002, 30.200000000000003, 28.8, 31.400000000000002, 31.6, 29.0, 29.200000000000003]"
ga,5,23,1102.9889285656714,52.55,411.9,1.237035828778745,4.5,11.855796055796057,21.159242424242425,9.303446368446368,False,1.0,hospital_corridor,28,12,"[11, 29, 47, 53, 61, 73, 89, 97, 101, 109]","[3.77229105269768, 1.7995580996454366, 1.320079842046222, 0.5, 1.0]","{""time"": 1.0, ""collisions"": 0.05, ""congestion"": 1.0, ""fairness"": 2.0, ""incomplete_base"": 1000.0, ""incomplete_agent"": 10.0}","[110.35110930735931, 1191.015787878788, 1146.2969663299664, 55.74267205115262, 52.94642857142858, 69.10447994987469, 87.98904109589041, 92.41835891381346, 1156.885696969697, 67.13874458874459]","[35.2, 100.0, 100.0, 28.3, 28.0, 30.400000000000002, 36.5, 36.300000000000004, 100.0, 30.8]"
ga,5,24,75.74517591855687,28.76,555.4,1.8773187756997203,5.3,11.063571428571427,19.7325,8.668928571428571,True,0.0,hospital_corridor,28,12,"[11, 29, 47, 53, 61, 73, 89, 97, 101, 109]","[3.8172497778787724, 2.3995773870613974, 0.7969032200198621, 0.5, 1.0]","{""time"": 1.0, ""collisions"": 0.05, ""congestion"": 1.0, ""fairness"": 2.0, ""incomplete_base"": 1000.0, ""incomplete_agent"": 10.0}","[99.87668650793651, 90.3176882517713, 62.083086175646734, 89.91151515151515, 55.862429378531075, 58.77564102564102, 80.06397035635447, 74.4734693877551, 79.13370152184586, 66.95357142857142]","[28.8, 28.900000000000002, 28.900000000000002, 27.5, 29.5, 27.3, 30.200000000000003, 29.400000000000002, 29.1, 28.0]"
ga,5,25,86.13295099094607,28.700000000000006,775.4,1.757474800469863,5.4,10.783928571428572,19.236666666666668,8.452738095238095,True,0.0,hospital_corridor,28,12,"[11, 29, 47, 53, 61, 73, 89, 97, 101, 109]","[3.9731607533091235, 1.5592236178782657, 0.8842061153457142, 0.5, 1.0]","{""time"": 1.0, ""collisions"": 0.05, ""congestion"": 1.0, ""fairness"": 2.0, ""incomplete_base"": 1000.0, ""incomplete_agent"": 10.0}","[129.5065856129686, 88.1017548195749, 69.01521811521812, 88.85045754956786, 60.879766111391554, 70.87204968944098, 98.45435463659148, 103.05722707089268, 77.61143200962695, 74.98066429418742]","[28.200000000000003, 28.900000000000002, 28.6, 28.1, 28.3, 27.6, 30.400000000000002, 31.1, 27.700000000000003, 28.1]"
ga,5,26,74.05052307411962,30.23,476.2,1.714332597929144,5.3,11.01857142857143,20.166666666666664,9.14809523809524,True,0.0,hospital_corridor,28,12,"[11, 29, 47, 53, 61, 73, 89, 97, 101, 109]","[3.9332927387630825, 1.9210510859957552, 0.9442894326957114, 0.5, 1.0]","{""time"": 1.0, ""collisions"": 0.05, ""congestion"": 1.0, ""fairness"": 2.0, ""incomplete_base"": 1000.0, ""incomplete_agent"": 10.0}","[114.19181547619048, 59.19632034632035, 58.78606271777004, 80.55464403583215, 57.09257703081232, 59.89087860496312, 76.44831029185869, 102.61138177814479, 68.33601823708207, 63.397222222222226]","[32.0, 29.700000000000003, 28.700000000000003, 30.3, 30.6, 28.400000000000002, 31.0, 34.6, 28.200000000000003, 28.8]"
ga,5,27,178.02582417493278,28.800000000000004,2619.5,2.0191575082661215,6.0,10.970000000000002,19.085833333333333,8.115833333333333,True,0.0,hospital_corridor,28,12,"[11, 29, 47, 53, 61, 73, 89, 97, 101, 109]","[3.9967696013667586, 1.8886696724384655, 0.6501537514215514, 0.5, 1.0]","{""time"": 1.0, ""collisions"": 0.05, ""congestion"": 1.0, ""fairness"": 2.0, ""incomplete_base"": 1000.0, ""incomplete_agent"": 10.0}","[222.20000000000002, 195.57158054711243, 151.2474919505169, 156.2849973446628, 191.28498168498172, 140.15059523809526, 189.6105570530099, 217.7290096406661, 150.42142857142858, 165.75759971885435]","[31.5, 28.200000000000003, 28.1, 26.900000000000002, 27.3, 27.200000000000003, 31.8, 32.6, 27.3, 27.1]"
ga,5,28,65.46092873988361,29.580000000000002,326.2,1.9995001684550329,5.5,11.209285714285715,19.995,8.785714285714286,True,0.0,hospital_corridor,28,12,"[11, 29, 47, 53, 61, 73, 89, 97, 101, 109]","[4.377042389335649, 3.4796399721094877, 0.8222772186003066, 0.5, 1.0]","{""time"": 1.0, ""collisions"": 0.05, ""congestion"": 1.0, ""fairness"": 2.0, ""incomplete_base"": 1000.0, ""incomplete_agent"": 10.0}","[104.00518834399432, 57.67052545155993, 49.811904761904756, 79.63964562569214, 49.7198518872432, 52.764303285889994, 70.48479262672811, 60.13220338983051, 72.45780141843971, 57.92307060755337]","[33.5, 29.0, 28.5, 30.1, 29.900000000000002, 27.1, 31.0, 29.5, 28.200000000000003, 29.0]"
ga,5,29,55.90662745512358,30.330000000000002,118.5,1.8547226932188146,5.7,11.590714285714288,20.48916666666667,8.898452380952381,True,0.0,hospital_corridor,28,12,"[11, 29, 47, 53, 61, 73, 89, 97, 101, 109]","[4.389831000312875, 4.118020277630309, 0.8692181948923733, 0.5, 1.0]","{""time"": 1.0, ""collisions"": 0.05, ""congestion"": 1.0, ""fairness"": 2.0, ""incomplete_base"": 1000.0, ""incomplete_agent"": 10.0}","[83.02084669279184, 55.569317623956806, 47.77162629757785, 48.069098822324634, 45.280952380952385, 50.41255411255411, 62.49969753373662, 55.11291237498134, 54.22805194805194, 57.10121676430825]","[40.1, 29.1, 28.900000000000002, 27.900000000000002, 28.0, 27.5, 30.700000000000003, 31.900000000000002, 27.5, 31.700000000000003]"
ga,5,30,59.52359735709801,33.63,110.5,1.7485973570980111,5.3,12.95,22.26,9.31,True,0.0,hospital_corridor,28,12,"[11, 29, 47, 53, 61, 73, 89, 97, 101, 109]","[3.5754838207532695, 3.796724513352024, 0.9422257715894526, 0.5, 1.0]","{""time"": 1.0, ""collisions"": 0.05, ""congestion"": 1.0, ""fairness"": 2.0, ""incomplete_base"": 1000.0, ""incomplete_agent"": 10.0}","[95.96136712749616, 71.18930560290943, 50.62935689739814, 49.71703296703297, 44.78638768638769, 52.35706075533662, 59.984995773457314, 60.25, 55.31760961810467, 55.042857142857144]","[46.5, 41.900000000000006, 29.1, 28.6, 29.700000000000003, 29.0, 33.800000000000004, 35.0, 30.3, 32.4]"
ga,5,31,63.949492050207795,31.070000000000004,265.4,1.7159206216363672,5.4,11.768214285714288,20.715000000000003,8.946785714285713,True,0.0,hospital_corridor,28,12,"[11, 29, 47, 53, 61, 73, 89, 97, 101, 109]","[3.7244162636473597, 2.564390056856612, 0.9339787623931459, 0.5, 1.0]","{""time"": 1.0, ""collisions"": 0.05, ""congestion"": 1.0, ""fairness"": 2.0, ""incomplete_base"": 1000.0, ""incomplete_agent"": 10.0}","[90.27359307359309, 51.402857142857144, 51.194088669950744, 49.872340425531924, 48.199771689497716, 81.90076804915515, 69.86203423967774, 71.30484770484772, 63.321428571428584, 62.1631909355382]","[30.8, 30.0, 29.0, 28.200000000000003, 29.200000000000003, 37.2, 33.1, 33.300000000000004, 28.8, 31.1]"
ga,5,32,58.871105147936134,32.730000000000004,135.4,1.811581338412315,5.5,12.786071428571429,21.565833333333334,8.779761904761905,True,0.0,hospital_corridor,28,12,"[11, 29, 47, 53, 61, 73, 89, 97, 101, 109]","[3.649479420075724, 3.506717901974513, 0.9122364778563735, 0.5, 1.0]","{""time"": 1.0, ""collisions"": 0.05, ""congestion"": 1.0, ""fairness"": 2.0, ""incomplete_base"": 1000.0, ""incomplete_agent"": 10.0}","[69.33205902079142, 62.73509316770186, 58.27901234567901, 58.39642857142857, 47.891956241956244, 52.77941317941318, 69.35061867266592, 61.12350075476878, 53.727514979501734, 55.095454545454544]","[35.5, 34.5, 32.4, 29.6, 29.6, 29.700000000000003, 38.1, 34.7, 30.200000000000003, 33.0]"
ga,5,33,58.24614895167791,32.50000000000001,119.5,1.7306727612017103,5.3,12.531428571428574,21.551666666666666,9.020238095238096,True,0.0,hospital_corridor,28,12,"[11, 29, 47, 53, 61, 73, 89, 97, 101, 109]","[3.499968693424989, 3.410388234460995, 0.9281547927001381, 0.5, 1.0]","{""time"": 1.0, ""collisions"": 0.05, ""congestion"": 1.0, ""fairness"": 2.0, ""incomplete_base"": 1000.0, ""incomplete_agent"": 10.0}","[76.04594155844156, 58.797940074906364, 51.71170298627926, 57.396218487394954, 44.9454398708636, 55.02857142857143, 69.13186813186813, 59.01324614352784, 53.261811391223155, 57.128749443702716]","[35.2, 35.6, 29.5, 30.6, 29.5, 30.0, 36.4, 35.5, 30.6, 32.1]"
ga,5,34,75.59437812765123,30.110000000000003,511.9,1.7353305086036053,5.2,11.219642857142858,20.296666666666667,9.07702380952381,True,0.0,hospital_corridor,28,12,"[11, 29, 47, 53, 61, 73, 89, 97, 101, 109]","[3.764478782324142, 2.033212449286956, 0.8867582729331452, 0.5, 1.0]","{""time"": 1.0, ""collisions"": 0.05, ""congestion"": 1.0, ""fairness"": 2.0, ""incomplete_base"": 1000.0, ""incomplete_agent"": 10.0}","[110.68593073593074, 86.67106891094807, 56.31269841269841, 65.62695852534563, 59.67032400589102, 65.16071428571429, 92.52099567099566, 77.4654415164124, 79.17599067599068, 62.653658536585375]","[30.8, 33.1, 28.8, 27.900000000000002, 29.1, 28.0, 35.2, 30.900000000000002, 28.6, 28.700000000000003]"
ga,5,35,67.16268181800928,30.900000000000006,336.0,1.7136341989616575,5.6,11.817142857142859,20.69166666666667,8.874523809523811,True,0.0,hospital_corridor,28,12,"[11, 29, 47, 53, 61, 73, 89, 97, 101, 109]","[3.4754234101360626, 2.1967675737352392, 0.9453969386267921, 0.5, 1.0]","{""time"": 1.0, ""collisions"": 0.05, ""congestion"": 1.0, ""fairness"": 2.0, ""incomplete_base"": 1000.0, ""incomplete_agent"": 10.0}","[103.54952380952383, 52.88023182957394, 50.24329896907217, 53.86812216052499, 58.89309683604986, 64.08841698841698, 71.36843971631205, 81.96014492753623, 70.12180575200377, 64.65373719107897]","[32.5, 30.400000000000002, 29.1, 28.3, 29.8, 29.6, 32.9, 34.5, 30.3, 31.6]"
ga,5,36,68.06939005504837,28.790000000000003,401.1,1.7753424360007393,5.2,10.877142857142855,19.601666666666667,8.724523809523811,True,0.0,hospital_corridor,28,12,"[11, 29, 47, 53, 61, 73, 89, 97, 101, 109]","[4.120096495637128, 2.4247236028497863, 0.8589254171455989, 0.5, 1.0]","{""time"": 1.0, ""collisions"": 0.05, ""congestion"": 1.0, ""fairness"": 2.0, ""incomplete_base"": 1000.0, ""incomplete_agent"": 10.0}","[87.88153702762244, 78.8210849288169, 53.25297619047619, 55.927024678484536, 56.18722943722944, 60.28510822510823, 78.87764338962423, 77.01618435155413, 70.66113116726835, 61.78398115429918]","[28.1, 29.1, 28.8, 27.400000000000002, 28.6, 27.5, 31.3, 31.1, 27.700000000000003, 28.3]"
ga,5,37,69.77992936843793,29.910000000000004,420.0,1.9268341303426926,6.0,11.864285714285717,20.335833333333333,8.47154761904762,True,0.0,hospital_corridor,28,12,"[11, 29, 47, 53, 61, 73, 89, 97, 101, 109]","[3.685051204252497, 2.6028962221530545, 0.8491934939609607, 0.5, 1.0]","{""time"": 1.0, ""collisions"": 0.05, ""congestion"": 1.0, ""fairness"": 2.0, ""incomplete_base"": 1000.0, ""incomplete_agent"": 10.0}","[101.85079365079366, 74.78761423761424, 62.306848306332846, 65.69166666666666, 53.82755102040817, 55.38146997929607, 70.02567975830816, 68.64775173227187, 82.62543328285378, 62.65448504983389]","[31.5, 29.700000000000003, 29.1, 28.0, 29.400000000000002, 27.6, 33.1, 32.300000000000004, 28.3, 30.1]"
ga,5,38,65.10090715582916,32.339999999999996,252.3,1.7916214415434482,5.4,12.472857142857142,21.650000000000002,9.177142857142858,True,0.0,hospital_corridor,28,12,"[11, 29, 47, 53, 61, 73, 89, 97, 101, 109]","[3.769276310952449, 3.058062223369151, 0.9473522018414442, 0.5, 1.0]","{""time"": 1.0, ""collisions"": 0.05, ""congestion"": 1.0, ""fairness"": 2.0, ""incomplete_base"": 1000.0, ""incomplete_agent"": 10.0}","[95.70601237842618, 69.95835866261397, 53.44392446633826, 75.05741374394069, 48.74334637964775, 58.142149929278645, 74.27866927592954, 59.83459552495698, 58.724697336561746, 57.11990386059786]","[37.7, 32.9, 29.0, 33.4, 29.200000000000003, 30.3, 36.5, 33.2, 29.5, 31.700000000000003]"
ga,5,39,1190.3699943272386,36.129999999999995,2682.5,1.876574413818797,5.9,11.105714285714287,19.724924242424244,8.619209956709955,False,0.1,hospital_corridor,28,12,"[11, 29, 47, 53, 61, 73, 89, 97, 101, 109]","[3.717114209887604, 2.616753133016186, 0.5342755545610602, 0.5, 1.0]","{""time"": 1.0, ""collisions"": 0.05, ""congestion"": 1.0, ""fairness"": 2.0, ""incomplete_base"": 1000.0, ""incomplete_agent"": 10.0}","[1294.3438181818183, 194.46475519785378, 153.02751135790007, 174.32891156462588, 169.5761904761905, 148.31631908237748, 214.42710894446802, 223.3904761904762, 142.71505039972195, 189.10980187695517]","[100.0, 28.400000000000002, 28.3, 29.400000000000002, 27.8, 27.400000000000002, 33.7, 31.5, 27.400000000000002, 27.400000000000002]"
ga,5,40,61.566439343273906,33.42,139.5,1.6945345813691381,5.5,12.313214285714285,22.05166666666667,9.738452380952381,True,0.0,hospital_corridor,28,12,"[11, 29, 47, 53, 61, 73, 89, 97, 101, 109]","[3.752873884289612, 3.659425414823811, 0.8871926511017003, 0.5, 1.0]","{""time"": 1.0, ""collisions"": 0.05, ""congestion"": 1.0, ""fairness"": 2.0, ""incomplete_base"": 1000.0, ""incomplete_agent"": 10.0}","[71.95535714285715, 75.93019943019944, 50.845949926362294, 63.4468944099379, 44.87721206129511, 51.92339727410399, 68.41504114393634, 72.0319338422392, 57.766190476190474, 58.47221772561717]","[38.400000000000006, 35.1, 29.1, 34.5, 28.900000000000002, 28.3, 35.300000000000004, 39.300000000000004, 30.0, 35.300000000000004]"
ga,5,41,67.39345410622077,29.790000000000003,365.7,1.8784541062207665,5.4,11.657500000000002,20.377499999999998,8.72,True,0.0,hospital_corridor,28,12,"[11, 29, 47, 53, 61, 73, 89, 97, 101, 109]","[4.1209473772233585, 2.9338020503339246, 0.8600966850058802, 0.5, 1.0]","{""time"": 1.0, ""collisions"": 0.05, ""congestion"": 1.0, ""fairness"": 2.0, ""incomplete_base"": 1000.0, ""incomplete_agent"": 10.0}","[82.33816738816738, 82.09917317409278, 72.10202669303015, 67.48093543467209, 51.14897959183675, 55.369307359307356, 73.93748381527838, 69.55737234652898, 60.36159420289856, 59.53950105639525]","[29.700000000000003, 31.1, 28.900000000000002, 28.1, 29.400000000000002, 27.5, 33.1, 33.2, 27.6, 29.3]"
ga,5,42,62.76911544828932,34.53000000000001,131.6,1.6017344959083595,5.3,12.457142857142857,22.485833333333336,10.028690476190476,True,0.0,hospital_corridor,28,12,"[11, 29, 47, 53, 61, 73, 89, 97, 101, 109]","[3.1900323745666324, 3.0039551115741445, 0.9115344633427634, 0.5, 1.0]","{""time"": 1.0, ""collisions"": 0.05, ""congestion"": 1.0, ""fairness"": 2.0, ""incomplete_base"": 1000.0, ""incomplete_agent"": 10.0}","[84.98604963112007, 54.07335164835165, 52.803539253539256, 79.25527045769765, 47.59919583727531, 54.385650367529564, 74.61026785714286, 59.67576782192168, 60.9246490503716, 59.37741255794353]","[42.6, 31.200000000000003, 29.6, 41.2, 30.200000000000003, 29.8, 38.400000000000006, 33.800000000000004, 34.6, 33.9]"
ga,5,43,111.93624564893501,29.47,1249.0,1.7636266013159585,5.3,10.977857142857143,20.104166666666664,9.126309523809525,True,0.0,hospital_corridor,28,12,"[11, 29, 47, 53, 61, 73, 89, 97, 101, 109]","[3.444909348649038, 0.779781628881423, 0.9818128232935681, 0.5, 1.0]","{""time"": 1.0, ""collisions"": 0.05, ""congestion"": 1.0, ""fairness"": 2.0, ""incomplete_base"": 1000.0, ""incomplete_agent"": 10.0}","[169.6134199134199, 95.90812807881774, 85.62202380952381, 103.19738183096118, 83.65949909375516, 95.72445887445889, 122.14560439560441, 148.3175550817342, 112.03323581992524, 103.1411495911496]","[29.700000000000003, 29.0, 28.8, 27.1, 28.900000000000002, 27.5, 31.200000000000003, 33.5, 29.3, 29.700000000000003]"
ga,5,44,64.37212505964276,34.32000000000001,155.9,1.8361726786903674,5.4,12.577857142857145,22.788333333333334,10.210476190476191,True,0.0,hospital_corridor,28,12,"[11, 29, 47, 53, 61, 73, 89, 97, 101, 109]","[3.6620655089943672, 3.4269969412173245, 0.9379771237859136, 0.5, 1.0]","{""time"": 1.0, ""collisions"": 0.05, ""congestion"": 1.0, ""fairness"": 2.0, ""incomplete_base"": 1000.0, ""incomplete_agent"": 10.0}","[99.1064935064935, 78.75363408521304, 50.609351988217966, 72.01451863354038, 46.985442633429216, 52.13573883161513, 63.52745098039215, 59.83839197400029, 63.53475177304965, 57.21547619047619]","[46.2, 38.0, 29.1, 36.800000000000004, 29.8, 29.1, 34.0, 33.7, 32.9, 33.6]"
ga,5,45,87.19693180236322,29.1,787.0,1.8252651356965561,5.9,11.022500000000003,19.483333333333338,8.460833333333335,True,0.0,hospital_corridor,28,12,"[11, 29, 47, 53, 61, 73, 89, 97, 101, 109]","[3.535373890478918, 1.7568068122735796, 0.7830857204886985, 0.5, 1.0]","{""time"": 1.0, ""collisions"": 0.05, ""congestion"": 1.0, ""fairness"": 2.0, ""incomplete_base"": 1000.0, ""incomplete_agent"": 10.0}","[125.04918504314477, 69.20517241379311, 82.72738927738928, 98.10072463768115, 68.09344838606584, 74.93229813664598, 91.24261603375528, 97.88939393939394, 93.27122375832053, 71.45786639744236]","[29.8, 29.0, 28.6, 27.6, 29.8, 27.6, 31.6, 30.8, 27.900000000000002, 28.3]"
ga,5,46,69.23358308893046,31.75,342.8,1.6788211841685456,5.3,12.044285714285715,21.37666666666667,9.332380952380953,True,0.0,hospital_corridor,28,12,"[11, 29, 47, 53, 61, 73, 89, 97, 101, 109]","[3.685231412925758, 2.3844694884940356, 0.9736528082784544, 0.5, 1.0]","{""time"": 1.0, ""collisions"": 0.05, ""congestion"": 1.0, ""fairness"": 2.0, ""incomplete_base"": 1000.0, ""incomplete_agent"": 10.0}","[108.44549689440996, 51.03024516737388, 51.41252234682268, 84.65230791703183, 50.82515777395295, 59.87292587137948, 76.07901785714286, 82.12303449238934, 63.175141242937855, 64.71998132586369]","[36.800000000000004, 30.3, 29.3, 32.6, 33.2, 29.1, 32.0, 34.1, 29.5, 30.6]"
ga,5,47,64.02966666141964,30.920000000000005,246.7,1.7729999947529613,5.2,11.4,20.900833333333335,9.500833333333333,True,0.0,hospital_corridor,28,12,"[11, 29, 47, 53, 61, 73, 89, 97, 101, 109]","[4.015664679124777, 3.0937736097473034, 0.893934199550605, 0.5, 1.0]","{""time"": 1.0, ""collisions"": 0.05, ""congestion"": 1.0, ""fairness"": 2.0, ""incomplete_base"": 1000.0, ""incomplete_agent"": 10.0}","[91.77552213868005, 69.45238095238095, 58.93251231527094, 50.16314699792961, 49.618558814254186, 52.50714285714286, 82.93303337082865, 67.49610847360093, 60.86785714285714, 56.55040355125101]","[34.2, 31.5, 29.0, 27.6, 30.200000000000003, 28.0, 38.1, 33.1, 28.0, 29.5]"
ga,5,48,65.06289361661008,33.019999999999996,217.1,1.638607902324368,5.2,12.057857142857141,21.832500000000003,9.774642857142858,True,0.0,hospital_corridor,28,12,"[11, 29, 47, 53, 61, 73, 89, 97, 101, 109]","[3.8984985732567967, 3.0780647808971673, 0.9489403108078078, 0.5, 1.0]","{""time"": 1.0, ""collisions"": 0.05, ""congestion"": 1.0, ""fairness"": 2.0, ""incomplete_base"": 1000.0, ""incomplete_agent"": 10.0}","[93.87501434308662, 65.31668079694786, 53.792361111111106, 65.90559866118971, 46.28470540758676, 55.94440154440155, 80.85564607805986, 76.36388681126901, 55.446616541353386, 56.84402487109493]","[41.5, 33.7, 28.8, 31.3, 29.5, 29.6, 37.7, 38.2, 28.5, 31.400000000000002]"
ga,5,49,60.49626915583257,30.76,191.3,1.7369834415468521,5.0,11.742857142857144,20.96,9.217142857142857,True,0.0,hospital_corridor,28,12,"[11, 29, 47, 53, 61, 73, 89, 97, 101, 109]","[3.8441152389210913, 2.987371874291263, 0.9445700958382913, 0.5, 1.0]","{""time"": 1.0, ""collisions"": 0.05, ""congestion"": 1.0, ""fairness"": 2.0, ""incomplete_base"": 1000.0, ""incomplete_agent"": 10.0}","[89.77325182325183, 50.44238095238096, 53.7204137392662, 58.715194346289756, 48.465986394557824, 58.30657675657676, 67.89316109422492, 61.63489694385218, 59.66689419795222, 56.34393530997305]","[33.300000000000004, 30.0, 30.5, 28.3, 29.400000000000002, 28.6, 32.9, 33.5, 29.3, 31.8]"
ga,5,50,70.68109720239215,29.8,432.9,1.7153829166778594,5.2,11.127142857142857,19.8875,8.760357142857144,True,0.0,hospital_corridor,28,12,"[11, 29, 47, 53, 61, 73, 89, 97, 101, 109]","[3.993773498395877, 2.1951367711125216, 0.9034334528070437, 0.5, 1.0]","{""time"": 1.0, ""collisions"": 0.05, ""congestion"": 1.0, ""fairness"": 2.0, ""incomplete_base"": 1000.0, ""incomplete_agent"": 10.0}","[95.43684210526317, 55.056038886142694, 53.064459930313596, 64.77738095238095, 54.83253451217621, 58.514792299898694, 99.03912128387266, 81.23126390743214, 80.3636968766001, 64.49484126984127]","[28.5, 28.900000000000002, 28.700000000000003, 28.0, 30.700000000000003, 28.200000000000003, 36.2, 32.1, 27.900000000000002, 28.8]"
ga,5,51,1068.3597319083678,37.8,208.8,1.603514977151016,5.4,11.90022486772487,20.65833333333333,8.758108465608466,False,0.1,hospital_corridor,28,12,"[11, 29, 47, 53, 61, 73, 89, 97, 101, 109]","[3.7178341980837635, 2.6559714951893616, 0.973576087037397, 0.5, 1.0]","{""time"": 1.0, ""collisions"": 0.05, ""congestion"": 1.0, ""fairness"": 2.0, ""incomplete_base"": 1000.0, ""incomplete_agent"": 10.0}","[83.90766710353867, 50.27244340359095, 50.282266009852215, 47.40835830835831, 53.444708994709, 1135.3984074074074, 66.61441102756893, 64.86832910679065, 61.99629629629629, 69.40443142556708]","[32.7, 30.5, 29.0, 28.6, 29.700000000000003, 100.0, 32.300000000000004, 33.800000000000004, 29.700000000000003, 31.700000000000003]"
ga,5,52,1204.9210379951055,37.61,2921.4,1.8504102894777563,5.9,11.656428571428572,20.851742424242428,9.195313852813854,False,0.1,hospital_corridor,28,12,"[11, 29, 47, 53, 61, 73, 89, 97, 101, 109]","[3.2328439237298756, 2.9487108119080805, 0.5391831051543734, 0.5, 1.0]","{""time"": 1.0, ""collisions"": 0.05, ""congestion"": 1.0, ""fairness"": 2.0, ""incomplete_base"": 1000.0, ""incomplete_agent"": 10.0}","[1299.5717532467534, 196.4659793814433, 171.20131362889984, 197.7763350068462, 182.01115288220552, 151.16543751074437, 215.67086063783313, 259.0366261398176, 185.33595641646488, 190.97496510004657]","[100.0, 29.1, 29.0, 31.3, 28.5, 27.700000000000003, 32.7, 37.6, 29.5, 30.700000000000003]"
ga,5,53,57.75606465537204,33.300000000000004,77.1,1.7955884648958507,5.6,12.466428571428574,21.869166666666665,9.402738095238094,True,0.0,hospital_corridor,28,12,"[11, 29, 47, 53, 61, 73, 89, 97, 101, 109]","[3.669880097928413, 3.828255458737988, 0.930056437076026, 0.5, 1.0]","{""time"": 1.0, ""collisions"": 0.05, ""congestion"": 1.0, ""fairness"": 2.0, ""incomplete_base"": 1000.0, ""incomplete_agent"": 10.0}","[71.72739008646937, 65.01385281385282, 52.226507394766784, 57.096172674677355, 45.376661790996266, 52.010424710424715, 65.12135217723453, 61.96298217611068, 53.124941065535126, 53.9003616636528]","[39.1, 38.5, 29.3, 32.1, 29.3, 29.6, 37.4, 35.800000000000004, 30.3, 31.6]"
ga,5,54,1140.5334120421767,82.71000000000001,97.9,0.7371093004739362,4.7,13.03677287157287,23.632424242424243,10.595651370851373,False,3.1,hospital_corridor,28,12,"[11, 29, 47, 53, 61, 73, 89, 97, 101, 109]","[3.144087395675221, 2.7634866957006237, 1.0958729423670621, 0.5, 1.0]","{""time"": 1.0, ""collisions"": 0.05, ""congestion"": 1.0, ""fairness"": 2.0, ""incomplete_base"": 1000.0, ""incomplete_agent"": 10.0}","[1178.733, 1181.6597272727272, 74.75221787345075, 1173.6006969696969, 1175.8731818181818, 1169.8698181818181, 75.13670955680193, 1147.1895555555557, 57.92487986020096, 1170.5943333333335]","[100.0, 100.0, 51.1, 100.0, 100.0, 100.0, 43.300000000000004, 100.0, 32.7, 100.0]"
ga,5,55,1190.4520664326808,36.08,2695.2,1.858235263849711,5.9,11.082857142857144,19.45977272727273,8.376915584415585,False,0.1,hospital_corridor,28,12,"[11, 29, 47, 53, 61, 73, 89, 97, 101, 109]","[3.7125470139990124, 3.829561600363013, 0.5483880961437448, 0.5, 1.0]","{""time"": 1.0, ""collisions"": 0.05, ""congestion"": 1.0, ""fairness"": 2.0, ""incomplete_base"": 1000.0, ""incomplete_agent"": 10.0}","[1289.244025974026, 199.03581488933602, 155.84733299680295, 167.16530612244898, 189.92285029119563, 156.51028849496004, 195.59308534915567, 236.4813658397491, 141.2801355578728, 173.44045881126175]","[100.0, 28.400000000000002, 28.3, 29.400000000000002, 27.8, 27.400000000000002, 31.3, 33.4, 27.400000000000002, 27.400000000000002]"
ga,5,56,66.21651032355669,31.909999999999997,281.3,1.7243674664138395,5.0,12.193928571428573,21.4525,9.258571428571429,True,0.0,hospital_corridor,28,12,"[11, 29, 47, 53, 61, 73, 89, 97, 101, 109]","[3.6290124423253434, 2.7736842455523183, 0.936786080092892, 0.5, 1.0]","{""time"": 1.0, ""collisions"": 0.05, ""congestion"": 1.0, ""fairness"": 2.0, ""incomplete_base"": 1000.0, ""incomplete_agent"": 10.0}","[119.57825765965302, 70.92459349593497, 51.320569464899364, 57.466968477531864, 47.76223091976517, 57.22082166199814, 79.89577314071698, 61.824697938877044, 59.88428571428571, 56.286904761904765]","[38.7, 32.800000000000004, 29.1, 28.400000000000002, 29.200000000000003, 30.6, 35.6, 33.5, 30.0, 31.200000000000003]"
ga,5,57,60.92342755110426,31.1,207.0,1.674856122532828,5.6,11.715714285714288,20.615000000000002,8.899285714285714,True,0.0,hospital_corridor,28,12,"[11, 29, 47, 53, 61, 73, 89, 97, 101, 109]","[3.830218791358662, 2.7778461519295607, 0.9472015616660481, 0.5, 1.0]","{""time"": 1.0, ""collisions"": 0.05, ""congestion"": 1.0, ""fairness"": 2.0, ""incomplete_base"": 1000.0, ""incomplete_agent"": 10.0}","[91.60197510822513, 56.68488372093024, 51.90550082101806, 45.894888444888444, 48.54409654272668, 60.1768049155146, 66.6956289978678, 63.06990820424555, 57.523562366122924, 67.13702638950318]","[35.2, 30.1, 29.0, 28.6, 29.200000000000003, 31.0, 33.5, 33.2, 28.900000000000002, 32.300000000000004]"
ga,5,58,1082.4981007380115,38.43,449.6,1.5584687033795126,5.5,11.348214285714286,20.863030303030303,9.514816017316019,False,0.1,hospital_corridor,28,12,"[11, 29, 47, 53, 61, 73, 89, 97, 101, 109]","[5.0, 3.104541410437198, 0.9166945613255524, 0.5, 1.0]","{""time"": 1.0, ""collisions"": 0.05, ""congestion"": 1.0, ""fairness"": 2.0, ""incomplete_base"": 1000.0, ""incomplete_agent"": 10.0}","[87.01269841269843, 95.22891156462586, 48.35401002506266, 75.86458333333334, 81.30197802197803, 56.3330735930736, 96.58721734503857, 71.94211742949607, 1138.5248441558442, 73.83157349896481]","[31.5, 34.300000000000004, 28.5, 28.8, 32.5, 27.5, 35.800000000000004, 30.900000000000002, 100.0, 34.5]"
ga,5,59,171.0081514380951,28.73,2474.1,1.9688657238093739,6.3,10.695357142857144,18.997500000000002,8.30214285714286,True,0.0,hospital_corridor,28,12,"[11, 29, 47, 53, 61, 73, 89, 97, 101, 109]","[4.046246852648409, 3.1805734988917096, 0.6385126378611545, 0.5, 1.0]","{""time"": 1.0, ""collisions"": 0.05, ""congestion"": 1.0, ""fairness"": 2.0, ""incomplete_base"": 1000.0, ""incomplete_agent"": 10.0}","[201.8531746031746, 182.55483816302322, 147.99761904761905, 150.1740699404762, 177.67857142857144, 132.2013305322129, 190.98400412796698, 234.62575757575758, 132.4827838827839, 159.52936507936508]","[31.5, 28.1, 28.0, 25.6, 27.3, 27.200000000000003, 32.300000000000004, 33.0, 27.3, 27.0]"
ga,6,0,55.90662745512358,30.330000000000002,118.5,1.8547226932188146,5.7,11.590714285714288,20.48916666666667,8.898452380952381,True,0.0,hospital_corridor,28,12,"[11, 29, 47, 53, 61, 73, 89, 97, 101, 109]","[4.389831000312875, 4.118020277630309, 0.8692181948923733, 0.5, 1.0]","{""time"": 1.0, ""collisions"": 0.05, ""congestion"": 1.0, ""fairness"": 2.0, ""incomplete_base"": 1000.0, ""incomplete_agent"": 10.0}","[83.02084669279184, 55.569317623956806, 47.77162629757785, 48.069098822324634, 45.280952380952385, 50.41255411255411, 62.49969753373662, 55.11291237498134, 54.22805194805194, 57.10121676430825]","[40.1, 29.1, 28.900000000000002, 27.900000000000002, 28.0, 27.5, 30.700000000000003, 31.900000000000002, 27.5, 31.700000000000003]"
ga,6,1,57.75606465537204,33.300000000000004,77.1,1.7955884648958507,5.6,12.466428571428574,21.869166666666665,9.402738095238094,True,0.0,hospital_corridor,28,12,"[11, 29, 47, 53, 61, 73, 89, 97, 101, 109]","[3.669880097928413, 3.828255458737988, 0.930056437076026, 0.5, 1.0]","{""time"": 1.0, ""collisions"": 0.05, ""congestion"": 1.0, ""fairness"": 2.0, ""incomplete_base"": 1000.0, ""incomplete_agent"": 10.0}","[71.72739008646937, 65.01385281385282, 52.226507394766784, 57.096172674677355, 45.376661790996266, 52.010424710424715, 65.12135217723453, 61.96298217611068, 53.124941065535126, 53.9003616636528]","[39.1, 38.5, 29.3, 32.1, 29.3, 29.6, 37.4, 35.800000000000004, 30.3, 31.6]"
ga,6,2,58.820823366351135,31.15,127.4,1.9472519377797013,5.4,11.925714285714287,21.602500000000003,9.676785714285716,True,0.0,hospital_corridor,28,12,"[11, 29, 47, 53, 61, 73, 89, 97, 101, 109]","[4.303571510933786, 4.1063038498291515, 0.8899539677172625, 0.5, 1.0]","{""time"": 1.0, ""collisions"": 0.05, ""congestion"": 1.0, ""fairness"": 2.0, ""incomplete_base"": 1000.0, ""incomplete_agent"": 10.0}","[63.19422098936663, 65.6869597069597, 61.16732600732601, 55.272477804681195, 45.95889724310777, 51.17622473449812, 78.99751861042185, 58.97502274795269, 54.7145970048797, 53.06498881431767]","[30.900000000000002, 32.5, 32.5, 29.5, 28.5, 27.8, 40.300000000000004, 31.400000000000002, 28.3, 29.8]"
ga,6,3,60.041052305016976,32.5,157.1,1.7574808764455376,5.2,12.450714285714287,21.415,8.964285714285715,True,0.0,hospital_corridor,28,12,"[11, 29, 47, 53, 61, 73, 89, 97, 101, 109]","[3.883962033531166, 3.5776874113106167, 0.9238343230134021, 0.5, 1.0]","{""time"": 1.0, ""collisions"": 0.05, ""congestion"": 1.0, ""fairness"": 2.0, ""incomplete_base"": 1000.0, ""incomplete_agent"": 10.0}","[99.14202353710364, 51.29280177187154, 48.86578301423663, 60.69441126933089, 44.362315270935966, 53.28847117794487, 66.83761904761904, 68.39750195160032, 52.82613280606361, 54.70346320346321]","[43.7, 30.1, 29.1, 31.1, 29.0, 28.5, 35.0, 36.6, 28.900000000000002, 33.0]"
ga,6,4,171.24665171672024,28.669999999999998,2487.5,1.9654612405297853,6.1,10.81857142857143,18.936666666666667,8.118095238095238,True,0.0,hospital_corridor,28,12,"[11, 29, 47, 53, 61, 73, 89, 97, 101, 109]","[4.100009875254927, 3.5050249033913303, 0.6811324272282091, 0.5, 1.0]","{""time"": 1.0, ""collisions"": 0.05, ""congestion"": 1.0, ""fairness"": 2.0, ""incomplete_base"": 1000.0, ""incomplete_agent"": 10.0}","[211.5353008727607, 167.88955261820033, 152.03809523809525, 157.54743589743592, 181.92272408963584, 135.24611344537814, 183.7293650793651, 228.80989010989015, 133.40860805860805, 160.33943175783324]","[31.1, 28.1, 28.0, 27.3, 27.200000000000003, 27.200000000000003, 32.4, 31.200000000000003, 27.3, 26.900000000000002]"
ga,6,5,59.67697672648018,32.33,133.3,1.8160243455277918,5.5,12.312857142857144,21.745833333333337,9.432976190476191,True,0.0,hospital_corridor,28,12,"[11, 29, 47, 53, 61, 73, 89, 97, 101, 109]","[3.710043265885172, 3.401295336243825, 0.9359497345140373, 0.5, 1.0]","{""time"": 1.0, ""collisions"": 0.05, ""congestion"": 1.0, ""fairness"": 2.0, ""incomplete_base"": 1000.0, ""incomplete_agent"": 10.0}","[83.72636099532652, 54.05714285714286, 51.95844748858448, 71.99466873706004, 45.6920634920635, 53.14623015873016, 61.7482142857143, 62.65168067226891, 56.958076563958926, 54.83688201395208]","[37.7, 31.5, 29.200000000000003, 36.800000000000004, 29.700000000000003, 28.8, 33.6, 34.0, 30.6, 31.400000000000002]"
ga,6,6,77.22735278567943,28.939999999999998,573.8,1.775686119012759,5.7,10.8325,19.743333333333332,8.910833333333334,True,0.0,hospital_corridor,28,12,"[11, 29, 47, 53, 61, 73, 89, 97, 101, 109]","[4.3470938873238625, 1.9465701424189712, 0.9459977801432324, 0.5, 1.0]","{""time"": 1.0, ""collisions"": 0.05, ""congestion"": 1.0, ""fairness"": 2.0, ""incomplete_base"": 1000.0, ""incomplete_agent"": 10.0}","[104.51253746253745, 70.58809523809525, 56.06686787391013, 91.87738095238096, 59.672960949085514, 63.510714285714286, 81.1516412390199, 86.59145658263307, 91.03444672833162, 67.26742654508612]","[28.6, 29.200000000000003, 28.400000000000002, 28.8, 28.900000000000002, 28.0, 30.900000000000002, 30.6, 27.8, 28.200000000000003]"
ga,6,7,63.37680988373211,31.410000000000004,233.5,1.7639527408749565,5.4,12.016071428571427,21.28,9.26392857142857,True,0.0,hospital_corridor,28,12,"[11, 29, 47, 53, 61, 73, 89, 97, 101, 109]","[3.577289439871108, 2.752327095506345, 0.9454932142185271, 0.5, 1.0]","{""time"": 1.0, ""collisions"": 0.05, ""congestion"": 1.0, ""fairness"": 2.0, ""incomplete_base"": 1000.0, ""incomplete_agent"": 10.0}","[80.91471861471862, 81.57125147579694, 50.60998043052838, 60.7347915636843, 49.08696488696489, 54.771894943544424, 72.39242486620009, 63.184320034320045, 61.61904761904762, 58.88270440251573]","[30.8, 36.300000000000004, 29.200000000000003, 28.900000000000002, 29.700000000000003, 29.1, 34.7, 33.300000000000004, 30.3, 31.8]"
ga,6,8,62.705871323837016,34.53,123.0,1.6630141809798693,5.2,12.44357142857143,22.625,10.181428571428572,True,0.0,hospital_corridor,28,12,"[11, 29, 47, 53, 61, 73, 89, 97, 101, 109]","[3.7153637111911877, 3.688115560723422, 0.9198540774502026, 0.5, 1.0]","{""time"": 1.0, ""collisions"": 0.05, ""congestion"": 1.0, ""fairness"": 2.0, ""incomplete_base"": 1000.0, ""incomplete_agent"": 10.0}","[79.48551230260743, 72.45965103598692, 50.04641226353556, 77.13140283140282, 46.94876060013048, 51.066957026713126, 65.4265873015873, 74.76310615989514, 53.837314597970334, 55.89300911854103]","[38.900000000000006, 39.300000000000004, 29.200000000000003, 37.0, 29.200000000000003, 28.700000000000003, 36.0, 43.6, 30.5, 32.9]"
ga,6,9,64.46609004933826,35.58,143.8,1.6208519541001696,5.0,13.068214285714287,23.105833333333333,10.037619047619048,True,0.0,hospital_corridor,28,12,"[11, 29, 47, 53, 61, 73, 89, 97, 101, 109]","[2.999432067177805, 2.830135628476122, 0.9424748730696239, 0.5, 1.0]","{""time"": 1.0, ""collisions"": 0.05, ""congestion"": 1.0, ""fairness"": 2.0, ""incomplete_base"": 1000.0, ""incomplete_agent"": 10.0}","[77.45128941657092, 50.86941158629057, 53.04895977808599, 73.78789221114803, 41.24267945984364, 54.64743230625583, 67.35624438454627, 69.46121351766513, 79.62556742323099, 77.1702104097453]","[37.300000000000004, 31.400000000000002, 30.900000000000002, 38.7, 26.8, 30.6, 37.1, 37.2, 42.800000000000004, 43.0]"
ga,6,10,58.24393629832994,33.64,88.2,1.6891743935680483,5.0,12.994285714285715,22.24666666666667,9.252380952380951,True,0.0,hospital_corridor,28,12,"[11, 29, 47, 53, 61, 73, 89, 97, 101, 109]","[2.888773486876574, 2.9631162712586745, 0.9268184037558131, 0.5, 1.0]","{""time"": 1.0, ""collisions"": 0.05, ""congestion"": 1.0, ""fairness"": 2.0, ""incomplete_base"": 1000.0, ""incomplete_agent"": 10.0}","[62.5380308880309, 49.187545787545794, 53.0469952837365, 60.479873829873824, 48.63388811835414, 56.88246753246753, 66.49255722854696, 64.73480602050084, 61.854285714285716, 58.58891257995735]","[33.300000000000004, 31.200000000000003, 31.3, 35.1, 30.900000000000002, 33.0, 38.900000000000006, 36.7, 32.5, 33.5]"
ga,6,11,66.49733091376868,30.580000000000002,319.1,1.869711866149629,5.6,11.817857142857141,20.86416666666667,9.046309523809523,True,0.0,hospital_corridor,28,12,"[11, 29, 47, 53, 61, 73, 89, 97, 101, 109]","[3.6992759803864996, 3.6504241806554942, 0.8073414728043607, 0.5, 1.0]","{""time"": 1.0, ""collisions"": 0.05, ""congestion"": 1.0, ""fairness"": 2.0, ""incomplete_base"": 1000.0, ""incomplete_agent"": 10.0}","[85.14108968740871, 70.35400806090462, 54.340229885057475, 72.47710852366025, 51.453613053613054, 53.66830031282586, 70.52567222472587, 87.4886125480833, 60.280832476875645, 59.24384236453202]","[32.6, 31.900000000000002, 29.0, 31.900000000000002, 28.6, 27.400000000000002, 31.700000000000003, 35.9, 27.8, 29.0]"
ga,6,12,62.93712175670146,30.15,261.3,1.8468836614633606,5.5,11.550714285714285,20.488333333333337,8.937619047619048,True,0.0,hospital_corridor,28,12,"[11, 29, 47, 53, 61, 73, 89, 97, 101, 109]","[4.359281395431611, 3.2992059814886066, 0.8988273627989959, 0.5, 1.0]","{""time"": 1.0, ""collisions"": 0.05, ""congestion"": 1.0, ""fairness"": 2.0, ""incomplete_base"": 1000.0, ""incomplete_agent"": 10.0}","[86.70498250418379, 63.7220156555773, 54.9463173504696, 57.22761557177616, 54.51385767790263, 53.2935817805383, 71.6905529953917, 72.10145700071072, 56.84906832298137, 58.32176870748299]","[31.3, 29.200000000000003, 28.900000000000002, 27.400000000000002, 35.6, 27.6, 31.0, 33.5, 27.6, 29.400000000000002]"
ga,6,13,67.03527772631934,34.989999999999995,200.4,1.635992012033623,5.3,12.307857142857145,22.502499999999998,10.194642857142856,True,0.0,hospital_corridor,28,12,"[11, 29, 47, 53, 61, 73, 89, 97, 101, 109]","[3.773451947979856, 3.197849457270263, 0.9414449872121721, 0.5, 1.0]","{""time"": 1.0, ""collisions"": 0.05, ""congestion"": 1.0, ""fairness"": 2.0, ""incomplete_base"": 1000.0, ""incomplete_agent"": 10.0}","[113.04523809523809, 50.89136321195144, 49.38669950738917, 91.65311355311357, 47.33775510204082, 54.054959630911185, 80.10927707870714, 64.37721686915236, 61.82120395327942, 57.67595026141021]","[48.300000000000004, 30.6, 29.0, 45.5, 29.400000000000002, 28.900000000000002, 38.6, 34.1, 31.8, 33.7]"
ga,6,14,60.96063397112063,32.19,165.7,1.7134911139777842,5.3,12.201428571428572,21.5875,9.386071428571428,True,0.0,hospital_corridor,28,12,"[11, 29, 47, 53, 61, 73, 89, 97, 101, 109]","[3.49517606024805, 2.9958834491183324, 0.9240127256976702, 0.5, 1.0]","{""time"": 1.0, ""collisions"": 0.05, ""congestion"": 1.0, ""fairness"": 2.0, ""incomplete_base"": 1000.0, ""incomplete_agent"": 10.0}","[84.47823397075366, 51.6577030812325, 54.09634324719649, 61.16665842807711, 50.88567874911159, 56.781150107101666, 67.7756249127217, 67.44967897271269, 58.74370860927152, 56.57155963302752]","[38.1, 30.6, 29.3, 28.900000000000002, 33.5, 28.900000000000002, 34.1, 35.6, 30.200000000000003, 32.7]"
ga,6,15,70.61663127010553,29.320000000000004,446.0,1.7423455558198064,5.3,10.962857142857144,19.59,8.627142857142857,True,0.0,hospital_corridor,28,12,"[11, 29, 47, 53, 61, 73, 89, 97, 101, 109]","[3.982216749298125, 2.050660939629494, 0.9144915696912259, 0.5, 1.0]","{""time"": 1.0, ""collisions"": 0.05, ""congestion"": 1.0, ""fairness"": 2.0, ""incomplete_base"": 1000.0, ""incomplete_agent"": 10.0}","[97.76225937183384, 63.34835542464409, 57.323286875725906, 63.16673543063435, 59.75274491962391, 59.48637284701114, 80.5968801313629, 92.00188049742191, 68.13690476190476, 64.59089244089245]","[28.200000000000003, 29.1, 28.700000000000003, 27.700000000000003, 31.400000000000002, 28.200000000000003, 31.900000000000002, 31.400000000000002, 28.0, 28.6]"
ga,6,16,1178.5820669782265,35.279999999999994,2475.0,1.8752704414300545,6.0,10.646071428571428,18.984469696969697,8.338398268398269,False,0.1,hospital_corridor,28,12,"[11, 29, 47, 53, 61, 73, 89, 97, 101, 109]","[4.159543546940164, 3.623763310606322, 0.5571944481629008, 0.5, 1.0]","{""time"": 1.0, ""collisions"": 0.05, ""congestion"": 1.0, ""fairness"": 2.0, ""incomplete_base"": 1000.0, ""incomplete_agent"": 10.0}","[1277.9608701298703, 187.55611760718523, 154.402585765489, 153.284126984127, 164.21806722689075, 140.65924369747898, 196.4189594356261, 201.78841654308783, 138.61169467787116, 170.92058771463977]","[100.0, 28.1, 27.900000000000002, 27.0, 27.200000000000003, 27.200000000000003, 32.4, 28.900000000000002, 27.200000000000003, 26.900000000000002]"
ga,6,17,1194.4644583934585,100.0,86.8,0.44210000000000005,4.1,12.338031481481481,22.679210678210676,10.341179196729197,False,6.9,hospital_corridor,28,12,"[11, 29, 47, 53, 61, 73, 89, 97, 101, 109]","[3.982800413982864, 3.495662466155962, 1.2119916031351652, 0.5, 1.0]","{""time"": 1.0, ""collisions"": 0.05, ""congestion"": 1.0, ""fairness"": 2.0, ""incomplete_base"": 1000.0, ""incomplete_agent"": 10.0}","[1169.169, 1245.7883333333334, 1217.8066031746032, 1208.270800865801, 1206.9025454545454, 1184.3853333333334, 1148.0460841750842, 1193.8505502645503, 1179.0982222222221, 1191.3271111111112]","[100.0, 100.0, 100.0, 100.0, 100.0, 100.0, 100.0, 100.0, 100.0, 100.0]"
ga,6,18,60.49297083755998,30.5,207.4,1.7727327423218775,5.3,11.750714285714286,20.675833333333333,8.925119047619049,True,0.0,hospital_corridor,28,12,"[11, 29, 47, 53, 61, 73, 89, 97, 101, 109]","[4.389470076633415, 3.460000361938473, 0.9379811989387361, 0.5, 1.0]","{""time"": 1.0, ""collisions"": 0.05, ""congestion"": 1.0, ""fairness"": 2.0, ""incomplete_base"": 1000.0, ""incomplete_agent"": 10.0}","[67.87093253968254, 59.797699757869246, 50.35267131242742, 64.77576147576148, 45.789849624060146, 53.308956109134044, 75.34484454939002, 70.59873949579833, 57.44977732100035, 59.64047619047619]","[28.8, 29.5, 28.700000000000003, 33.300000000000004, 28.5, 28.1, 36.300000000000004, 34.0, 27.8, 30.0]"
ga,6,19,57.506881307271456,33.260000000000005,76.3,1.7702146406047834,5.2,12.63,21.960833333333333,9.330833333333334,True,0.0,hospital_corridor,28,12,"[11, 29, 47, 53, 61, 73, 89, 97, 101, 109]","[3.6054652230934683, 3.828255458737988, 0.930056437076026, 0.5, 1.0]","{""time"": 1.0, ""collisions"": 0.05, ""congestion"": 1.0, ""fairness"": 2.0, ""incomplete_base"": 1000.0, ""incomplete_agent"": 10.0}","[71.5004172803142, 76.41196524799295, 50.655477003087924, 46.148805287239455, 47.57094430992736, 51.16678939617084, 59.53127221037669, 57.37463501159776, 60.69345238095239, 54.01505494505495]","[38.800000000000004, 43.300000000000004, 29.3, 28.1, 29.5, 29.1, 33.5, 34.9, 33.6, 32.5]"
ga,6,20,1073.3173805010479,36.6,346.5,1.6581813668488081,5.5,11.47714285714286,19.844242424242427,8.367099567099569,False,0.1,hospital_corridor,28,12,"[11, 29, 47, 53, 61, 73, 89, 97, 101, 109]","[3.9788520566862804, 2.5549633170906145, 0.8921103216039376, 0.5, 1.0]","{""time"": 1.0, ""collisions"": 0.05, ""congestion"": 1.0, ""fairness"": 2.0, ""incomplete_base"": 1000.0, ""incomplete_agent"": 10.0}","[96.56428571428572, 51.56834451901566, 53.94076655052265, 61.194025974025976, 46.971088435374156, 60.3884024577573, 75.31213296820326, 75.97724867724867, 1151.3743246753247, 59.88318503872138]","[30.1, 29.8, 28.700000000000003, 27.5, 29.400000000000002, 27.900000000000002, 31.3, 32.4, 100.0, 28.900000000000002]"
ga,6,21,73.79331122663028,29.690000000000005,504.1,1.809977893296939,5.6,11.545000000000002,20.089166666666667,8.544166666666666,True,0.0,hospital_corridor,28,12,"[11, 29, 47, 53, 61, 73, 89, 97, 101, 109]","[3.789779763202137, 2.174317353666629, 0.8834545798097159, 0.5, 1.0]","{""time"": 1.0, ""collisions"": 0.05, ""congestion"": 1.0, ""fairness"": 2.0, ""incomplete_base"": 1000.0, ""incomplete_agent"": 10.0}","[126.29588744588744, 55.11462241462242, 67.45158730158731, 65.33333333333334, 52.89102064033805, 64.92857142857142, 84.80703836393492, 84.304203031695, 72.80000000000001, 64.00684830633284]","[33.0, 29.700000000000003, 28.8, 28.0, 29.3, 28.0, 31.900000000000002, 31.1, 28.0, 29.1]"
ga,6,22,1106.244650968175,52.18000000000001,507.1,1.3351007036247347,5.3,11.454846079846082,21.142121212121214,9.687275132275133,False,0.8,hospital_corridor,28,12,"[11, 29, 47, 53, 61, 73, 89, 97, 101, 109]","[3.771759317401213, 1.8924554904216362, 1.0566958132524422, 0.5, 1.0]","{""time"": 1.0, ""collisions"": 0.05, ""congestion"": 1.0, ""fairness"": 2.0, ""incomplete_base"": 1000.0, ""incomplete_agent"": 10.0}","[146.41402691511388, 1197.1925757575757, 1132.8230740740742, 77.44377880184332, 58.18371051390854, 65.65822510822511, 74.72315270935961, 73.41136567834681, 1157.6983766233766, 78.89822349992629]","[36.800000000000004, 100.0, 100.0, 27.900000000000002, 30.3, 30.8, 31.900000000000002, 31.8, 100.0, 32.300000000000004]"
ga,6,23,57.69530355009108,32.34,125.2,1.7795892643767932,5.2,12.512142857142857,21.17,8.657857142857143,True,0.0,hospital_corridor,28,12,"[11, 29, 47, 53, 61, 73, 89, 97, 101, 109]","[3.715370558405973, 3.531926007502638, 0.9101541242000221, 0.5, 1.0]","{""time"": 1.0, ""collisions"": 0.05, ""congestion"": 1.0, ""fairness"": 2.0, ""incomplete_base"": 1000.0, ""incomplete_agent"": 10.0}","[70.48239232032336, 65.33501605920961, 52.613875205254516, 56.163675958188165, 44.55918367346939, 52.65816326530613, 65.67512917190336, 59.18640730067244, 54.78809523809524, 55.49109730848862]","[37.7, 34.1, 29.0, 32.800000000000004, 29.400000000000002, 29.400000000000002, 34.1, 34.7, 30.0, 32.2]"
ga,6,24,64.79142983926744,32.35,203.7,1.9126203154579127,5.4,12.05142857142857,22.223333333333336,10.171904761904763,True,0.0,hospital_corridor,28,12,"[11, 29, 47, 53, 61, 73, 89, 97, 101, 109]","[3.643708499300973, 3.1836976431003343, 0.9009963195135768, 0.5, 1.0]","{""time"": 1.0, ""collisions"": 0.05, ""congestion"": 1.0, ""fairness"": 2.0, ""incomplete_base"": 1000.0, ""incomplete_agent"": 10.0}","[81.67254018326574, 69.03788883974643, 51.444108564927674, 64.36125116713352, 46.176755447941886, 53.818699186991864, 73.12226399331664, 84.46619828259172, 69.19402995619613, 54.62056277056277]","[31.700000000000003, 32.300000000000004, 29.3, 30.6, 29.5, 28.700000000000003, 34.2, 42.7, 33.7, 30.8]"
ga,6,25,66.52180487987559,29.95,339.5,1.8691858322565398,5.7,11.662857142857144,20.526666666666664,8.863809523809524,True,0.0,hospital_corridor,28,12,"[11, 29, 47, 53, 61, 73, 89, 97, 101, 109]","[3.9921180155051497, 2.788924282317254, 0.8892498406764083, 0.5, 1.0]","{""time"": 1.0, ""collisions"": 0.05, ""congestion"": 1.0, ""fairness"": 2.0, ""incomplete_base"": 1000.0, ""incomplete_agent"": 10.0}","[86.03815728245696, 64.00085910652922, 62.78998015873016, 63.30463297232251, 50.80528652138821, 58.58928571428571, 85.27197434847864, 66.71190476190476, 67.22706809686332, 60.47889983579639]","[30.700000000000003, 29.1, 28.8, 27.700000000000003, 29.5, 28.0, 34.9, 32.5, 29.3, 29.0]"
ga,6,26,61.2682318406256,30.759999999999998,218.5,1.7718032691970271,5.1,11.811785714285715,20.7175,8.905714285714286,True,0.0,hospital_corridor,28,12,"[11, 29, 47, 53, 61, 73, 89, 97, 101, 109]","[3.8420615281589434, 3.0143198775806614, 0.9075935821045744, 0.5, 1.0]","{""time"": 1.0, ""collisions"": 0.05, ""congestion"": 1.0, ""fairness"": 2.0, ""incomplete_base"": 1000.0, ""incomplete_agent"": 10.0}","[84.45678824721378, 57.87397260273973, 51.59581280788177, 58.89739874597526, 51.181720430107525, 52.93014184397163, 65.44824016563146, 67.93035714285715, 59.93370221327969, 62.434184206598005]","[32.9, 29.200000000000003, 29.0, 28.1, 34.1, 28.200000000000003, 32.2, 33.6, 28.400000000000002, 31.900000000000002]"
ga,6,27,61.78826653749882,32.22,203.7,1.711837966070248,5.4,12.351785714285715,21.1875,8.835714285714285,True,0.0,hospital_corridor,28,12,"[11, 29, 47, 53, 61, 73, 89, 97, 101, 109]","[3.598181796419428, 2.8974164846059622, 0.9374505822316694, 0.5, 1.0]","{""time"": 1.0, ""collisions"": 0.05, ""congestion"": 1.0, ""fairness"": 2.0, ""incomplete_base"": 1000.0, ""incomplete_agent"": 10.0}","[87.70968418455465, 47.96437969924812, 56.13457273320287, 68.02116644823067, 48.44514157014157, 57.795238095238105, 74.70716253443527, 59.4681947405828, 61.2492371705964, 56.38788819875777]","[38.6, 30.400000000000002, 29.200000000000003, 32.7, 29.6, 28.8, 36.300000000000004, 33.5, 30.900000000000002, 32.2]"
ga,6,28,1186.8149885891885,100.0,138.7,0.4484000000000001,4.7,12.363453180153183,23.079247474747476,10.715794294594295,False,5.8,hospital_corridor,28,12,"[11, 29, 47, 53, 61, 73, 89, 97, 101, 109]","[3.5692345781296035, 2.8585577452978823, 1.1526044224774452, 0.5, 1.0]","{""time"": 1.0, ""collisions"": 0.05, ""congestion"": 1.0, ""fairness"": 2.0, ""incomplete_base"": 1000.0, ""incomplete_agent"": 10.0}","[1178.835, 1223.883, 1218.4613015873015, 1182.7008484848484, 1197.0215151515151, 1168.9755454545455, 1155.48, 1183.246111111111, 1166.6752307692307, 1192.8713333333333]","[100.0, 100.0, 100.0, 100.0, 100.0, 100.0, 100.0, 100.0, 100.0, 100.0]"
ga,6,29,1160.6030344349253,93.63,250.4,0.5858046831955923,4.8,12.145347245347246,21.578962121212122,9.433614875864876,False,3.5,hospital_corridor,28,12,"[11, 29, 47, 53, 61, 73, 89, 97, 101, 109]","[3.739800539765538, 2.321774318266792, 1.272931880712796, 0.5, 1.0]","{""time"": 1.0, ""collisions"": 0.05, ""congestion"": 1.0, ""fairness"": 2.0, ""incomplete_base"": 1000.0, ""incomplete_agent"": 10.0}","[1201.4287692307691, 1226.9682222222223, 1150.8517062937062, 1163.8556666666666, 1180.3757575757577, 1137.8691851851852, 88.66485635576544, 1153.338, 1142.7801038961038, 1159.898076923077]","[100.0, 100.0, 100.0, 100.0, 100.0, 100.0, 36.300000000000004, 100.0, 100.0, 100.0]"
ga,6,30,196.51611474985967,30.580000000000002,2922.4,1.9592099879548919,5.8,11.623214285714285,20.551666666666666,8.92845238095238,True,0.0,hospital_corridor,28,12,"[11, 29, 47, 53, 61, 73, 89, 97, 101, 109]","[3.3484249343860237, 2.661782495609115, 0.644590595113707, 0.5, 1.0]","{""time"": 1.0, ""collisions"": 0.05, ""congestion"": 1.0, ""fairness"": 2.0, ""incomplete_base"": 1000.0, ""incomplete_agent"": 10.0}","[278.41406926406927, 184.06353077816496, 155.41746031746032, 177.63724988366687, 188.03780918727915, 147.9518633540373, 224.7344155844156, 247.2228887134965, 167.64268292682928, 194.0391774891775]","[33.0, 28.700000000000003, 28.8, 30.700000000000003, 28.3, 27.6, 33.0, 36.2, 28.700000000000003, 30.8]"
ga,6,31,59.19070122096874,33.4,121.5,1.675463125730646,5.2,12.600714285714286,21.620833333333334,9.020119047619048,True,0.0,hospital_corridor,28,12,"[11, 29, 47, 53, 61, 73, 89, 97, 101, 109]","[3.0807216805393542, 2.9432169466871003, 0.895514241198871, 0.5, 1.0]","{""time"": 1.0, ""collisions"": 0.05, ""congestion"": 1.0, ""fairness"": 2.0, ""incomplete_base"": 1000.0, ""incomplete_agent"": 10.0}","[72.63825665859564, 50.801040221914015, 56.13833573833574, 63.484119702927046, 54.01147186147186, 55.62088212334115, 64.50245775729647, 60.89103641456583, 55.51658986175116, 58.30282186948854]","[35.4, 30.900000000000002, 29.700000000000003, 32.7, 38.5, 30.5, 37.2, 35.7, 31.0, 32.4]"
ga,6,32,61.36055278483954,33.96,124.6,1.7400765943633485,4.7,13.056428571428572,22.77166666666667,9.715238095238096,True,0.0,hospital_corridor,28,12,"[11, 29, 47, 53, 61, 73, 89, 97, 101, 109]","[2.6798201570498517, 2.559326531612516, 0.9196479908118942, 0.5, 1.0]","{""time"": 1.0, ""collisions"": 0.05, ""congestion"": 1.0, ""fairness"": 2.0, ""incomplete_base"": 1000.0, ""incomplete_agent"": 10.0}","[70.56629887727449, 49.64099181073704, 58.15474751834269, 67.59162561576355, 42.09035087719299, 63.69761904761905, 71.97840136054421, 69.86152380952382, 59.4597867367806, 60.564182194616976]","[36.9, 31.400000000000002, 33.1, 34.800000000000004, 26.6, 33.0, 39.2, 37.5, 32.6, 34.5]"
ga,6,33,69.05854932766361,31.21,368.6,1.7245017086159973,5.3,11.922142857142859,20.76916666666667,8.84702380952381,True,0.0,hospital_corridor,28,12,"[11, 29, 47, 53, 61, 73, 89, 97, 101, 109]","[3.5008448154053964, 2.2452741903833293, 0.9360837812953835, 0.5, 1.0]","{""time"": 1.0, ""collisions"": 0.05, ""congestion"": 1.0, ""fairness"": 2.0, ""incomplete_base"": 1000.0, ""incomplete_agent"": 10.0}","[107.49842226047046, 52.01027817067422, 53.473441335297, 80.92662337662338, 53.12809042809043, 63.940476190476204, 74.65342522974102, 70.32449386940405, 70.75450259311646, 63.875739822742986]","[33.2, 30.3, 29.1, 30.8, 29.700000000000003, 29.400000000000002, 34.2, 33.4, 30.3, 31.700000000000003]"
ga,6,34,66.43190635528785,29.52,356.9,1.760715879097372,5.6,11.12857142857143,19.781666666666666,8.653095238095236,True,0.0,hospital_corridor,28,12,"[11, 29, 47, 53, 61, 73, 89, 97, 101, 109]","[3.9932771412195844, 2.3095746439475286, 0.9151964684446934, 0.5, 1.0]","{""time"": 1.0, ""collisions"": 0.05, ""congestion"": 1.0, ""fairness"": 2.0, ""incomplete_base"": 1000.0, ""incomplete_agent"": 10.0}","[100.12227342549924, 55.918371943371945, 56.932043650793645, 59.97619047619048, 53.751673101673106, 58.51033723097781, 73.93481862964622, 77.04603174603174, 66.61879160266257, 61.50853174603175]","[31.0, 29.6, 28.8, 28.0, 29.6, 28.1, 31.900000000000002, 31.5, 27.900000000000002, 28.8]"
ga,6,35,160.5469236069512,31.24,2172.5,1.8659712259988168,5.8,11.360357142857145,20.768333333333334,9.40797619047619,True,0.0,hospital_corridor,28,12,"[11, 29, 47, 53, 61, 73, 89, 97, 101, 109]","[3.6022427645536066, 2.311916532637497, 0.7097171832700195, 0.5, 1.0]","{""time"": 1.0, ""collisions"": 0.05, ""congestion"": 1.0, ""fairness"": 2.0, ""incomplete_base"": 1000.0, ""incomplete_agent"": 10.0}","[183.40656615587412, 155.6288168875798, 101.55551378446114, 137.90898268398269, 109.24747474747475, 109.4595759471672, 146.34697802197803, 428.787215320911, 110.91684045881127, 122.21127206127206]","[28.900000000000002, 29.1, 28.5, 26.400000000000002, 29.700000000000003, 27.400000000000002, 31.200000000000003, 55.2, 27.400000000000002, 28.6]"
ga,6,36,63.26272478951894,30.96,261.6,1.708439075233224,5.3,11.765357142857145,20.5225,8.757142857142856,True,0.0,hospital_corridor,28,12,"[11, 29, 47, 53, 61, 73, 89, 97, 101, 109]","[3.6630438851475984, 2.587642181508677, 0.9241951897799883, 0.5, 1.0]","{""time"": 1.0, ""collisions"": 0.05, ""congestion"": 1.0, ""fairness"": 2.0, ""incomplete_base"": 1000.0, ""incomplete_agent"": 10.0}","[97.97182539682541, 51.28673919899086, 53.8658321060383, 60.341549295774655, 47.98521859255648, 56.43681765389083, 67.41651651651652, 71.6799021723493, 65.73356426182514, 59.90928270042194]","[36.0, 30.200000000000003, 29.1, 28.400000000000002, 29.3, 28.700000000000003, 33.300000000000004, 33.1, 29.900000000000002, 31.6]"
ga,6,37,69.01719401299924,29.98,384.1,1.7914797272849483,5.4,11.387142857142859,20.407500000000002,9.020357142857142,True,0.0,hospital_corridor,28,12,"[11, 29, 47, 53, 61, 73, 89, 97, 101, 109]","[3.9910114834458574, 2.4701540057452585, 0.8990715999721403, 0.5, 1.0]","{""time"": 1.0, ""collisions"": 0.05, ""congestion"": 1.0, ""fairness"": 2.0, ""incomplete_base"": 1000.0, ""incomplete_agent"": 10.0}","[105.92872340425532, 68.72739322533137, 53.20188492063492, 67.0946127946128, 50.5170068027211, 56.280613455346554, 75.12401231786092, 79.79130434782608, 69.33384172174208, 64.17254713966123]","[32.9, 29.1, 28.8, 29.700000000000003, 29.400000000000002, 28.1, 31.700000000000003, 32.2, 28.1, 29.8]"
ga,6,38,1151.3152115683038,93.59,161.1,0.5464760445682451,4.8,11.591238298738299,21.15310606060606,9.561867761867761,False,3.0,hospital_corridor,28,12,"[11, 29, 47, 53, 61, 73, 89, 97, 101, 109]","[4.982309722012698, 3.392108190362732, 1.2437541801075844, 0.5, 1.0]","{""time"": 1.0, ""collisions"": 0.05, ""congestion"": 1.0, ""fairness"": 2.0, ""incomplete_base"": 1000.0, ""incomplete_agent"": 10.0}","[1160.5245897435898, 1184.9133333333334, 1167.371, 1156.4876666666667, 1177.2526666666668, 1137.9324444444444, 72.98471282663483, 1158.203857142857, 1145.1053063973063, 1152.3765384615385]","[100.0, 100.0, 100.0, 100.0, 100.0, 100.0, 35.9, 100.0, 100.0, 100.0]"
ga,6,39,1166.2303605919012,94.39,166.8,0.5248339407744875,4.6,12.28157505827506,22.269338383838384,9.987763325563327,False,4.3,hospital_corridor,28,12,"[11, 29, 47, 53, 61, 73, 89, 97, 101, 109]","[4.530062488190828, 3.41954859814442, 1.2074215833273205, 0.5, 1.0]","{""time"": 1.0, ""collisions"": 0.05, ""congestion"": 1.0, ""fairness"": 2.0, ""incomplete_base"": 1000.0, ""incomplete_agent"": 10.0}","[1166.6128974358974, 1201.8473333333334, 1217.6049841269842, 1175.7934545454546, 1177.6631212121213, 1165.3395454545455, 92.40219655060203, 1160.4367142857143, 1156.854, 1147.749358974359]","[100.0, 100.0, 100.0, 100.0, 100.0, 100.0, 43.900000000000006, 100.0, 100.0, 100.0]"
ga,6,40,57.939279550972955,33.019999999999996,86.7,1.8145176462110535,5.4,12.484285714285715,21.86916666666667,9.384880952380954,True,0.0,hospital_corridor,28,12,"[11, 29, 47, 53, 61, 73, 89, 97, 101, 109]","[3.597293533734794, 3.7919071141413987, 0.9162652647765247, 0.5, 1.0]","{""time"": 1.0, ""collisions"": 0.05, ""congestion"": 1.0, ""fairness"": 2.0, ""incomplete_base"": 1000.0, ""incomplete_agent"": 10.0}","[64.73018867924529, 49.49506747324338, 54.54137601528906, 62.40097210481827, 46.188485291727616, 50.917053880375676, 73.04394213381555, 61.50682362330408, 60.15830429732869, 56.41058201058201]","[37.1, 30.700000000000003, 29.900000000000002, 33.800000000000004, 29.3, 28.900000000000002, 39.5, 35.800000000000004, 32.800000000000004, 32.4]"
ga,6,41,84.26106718523287,30.330000000000002,674.2,1.9608290899947725,5.7,11.895714285714288,21.025833333333335,9.130119047619047,True,0.0,hospital_corridor,28,12,"[11, 29, 47, 53, 61, 73, 89, 97, 101, 109]","[3.262618938760251, 3.005027736702924, 0.7707472361195027, 0.5, 1.0]","{""time"": 1.0, ""collisions"": 0.05, ""congestion"": 1.0, ""fairness"": 2.0, ""incomplete_base"": 1000.0, ""incomplete_agent"": 10.0}","[112.29882064975523, 94.3044217687075, 69.97309197651663, 79.42792360760559, 106.7848861283644, 64.11527920520727, 85.94817534490431, 80.17008784096163, 81.66936026936028, 67.91862506094589]","[32.1, 29.400000000000002, 29.200000000000003, 28.3, 34.5, 27.8, 32.1, 30.900000000000002, 29.700000000000003, 29.3]"
ga,6,42,1115.8629629711697,58.94000000000001,528.7,1.1293608066676382,4.6,11.399259523809524,21.078560606060602,9.679301082251083,False,1.0,hospital_corridor,28,12,"[11, 29, 47, 53, 61, 73, 89, 97, 101, 109]","[4.108898081210212, 1.566522677389448, 1.697779639137706, 0.5, 1.0]","{""time"": 1.0, ""collisions"": 0.05, ""congestion"": 1.0, ""fairness"": 2.0, ""incomplete_base"": 1000.0, ""incomplete_agent"": 10.0}","[114.87202917202919, 1175.267, 1157.0233602693602, 61.07762416794675, 57.58617069831128, 1167.416, 95.74363778298205, 1176.950185185185, 84.01921373200445, 68.6744087038789]","[33.300000000000004, 100.0, 100.0, 27.900000000000002, 31.3, 100.0, 36.6, 100.0, 30.1, 30.200000000000003]"
ga,6,43,100.0832532113592,30.390000000000004,985.6,1.7711103542163524,5.3,11.428928571428571,20.750000000000004,9.321071428571429,True,0.0,hospital_corridor,28,12,"[11, 29, 47, 53, 61, 73, 89, 97, 101, 109]","[2.902668065529338, 1.0409527514838164, 0.8366751651073482, 0.5, 1.0]","{""time"": 1.0, ""collisions"": 0.05, ""congestion"": 1.0, ""fairness"": 2.0, ""incomplete_base"": 1000.0, ""incomplete_agent"": 10.0}","[146.8166666666667, 92.4403822055138, 77.32203389830508, 101.43792756539236, 75.3860646599777, 91.23002322880372, 105.3726392251816, 113.290132990133, 110.49779423475076, 87.03886743886746]","[28.8, 30.400000000000002, 29.5, 28.400000000000002, 29.900000000000002, 28.700000000000003, 35.4, 33.300000000000004, 29.900000000000002, 29.6]"
ga,6,44,58.109367103952124,33.08,87.3,1.6924623420473615,5.4,12.665714285714285,22.151666666666667,9.48595238095238,True,0.0,hospital_corridor,28,12,"[11, 29, 47, 53, 61, 73, 89, 97, 101, 109]","[3.6468740281382317, 3.8085454456557435, 0.9116982782995566, 0.5, 1.0]","{""time"": 1.0, ""collisions"": 0.05, ""congestion"": 1.0, ""fairness"": 2.0, ""incomplete_base"": 1000.0, ""incomplete_agent"": 10.0}","[65.15606758832566, 61.741279069767444, 54.97299834760403, 54.76680672268908, 46.00748299319728, 52.45955642530985, 72.2894389438944, 60.22588325652842, 59.49859813084113, 53.97555956136398]","[37.2, 34.4, 31.700000000000003, 30.6, 29.400000000000002, 29.200000000000003, 40.400000000000006, 34.1, 32.1, 31.700000000000003]"
ga,6,45,60.00729475913654,35.519999999999996,56.8,1.7715804734222513,5.1,13.574642857142857,23.5125,9.937857142857144,True,0.0,hospital_corridor,28,12,"[11, 29, 47, 53, 61, 73, 89, 97, 101, 109]","[3.034467256356131, 3.9282594732498586, 0.9055508098781697, 0.5, 1.0]","{""time"": 1.0, ""collisions"": 0.05, ""congestion"": 1.0, ""fairness"": 2.0, ""incomplete_base"": 1000.0, ""incomplete_agent"": 10.0}","[64.0751356238698, 49.99047619047619, 51.78797579232362, 59.747369486038046, 56.08642213642213, 66.57954168262481, 69.54271708683474, 68.3223358908781, 55.681320414601174, 58.2596532872968]","[39.5, 31.5, 29.900000000000002, 35.300000000000004, 37.0, 37.300000000000004, 40.800000000000004, 39.1, 31.700000000000003, 33.1]"
ga,6,46,61.51849912858329,31.28,210.1,1.7596896047737598,5.2,12.018928571428571,21.005833333333335,8.98690476190476,True,0.0,hospital_corridor,28,12,"[11, 29, 47, 53, 61, 73, 89, 97, 101, 109]","[3.8531850554051066, 2.949492594424007, 0.9483594554052903, 0.5, 1.0]","{""time"": 1.0, ""collisions"": 0.05, ""congestion"": 1.0, ""fairness"": 2.0, ""incomplete_base"": 1000.0, ""incomplete_agent"": 10.0}","[101.41578947368421, 48.61035437430787, 60.65627562283191, 53.24219858156028, 48.359719504240054, 54.66705388037569, 67.3870116909039, 63.47559523809524, 60.31736551275801, 57.05362740707568]","[38.0, 30.1, 30.200000000000003, 28.200000000000003, 29.200000000000003, 28.900000000000002, 33.4, 33.6, 29.3, 31.900000000000002]"
ga,6,47,63.00120829139006,31.580000000000002,229.9,1.7173987675805347,5.3,12.041428571428572,21.145833333333336,9.10440476190476,True,0.0,hospital_corridor,28,12,"[11, 29, 47, 53, 61, 73, 89, 97, 101, 109]","[3.875532309210352, 2.906418338402721, 0.9477824170685656, 0.5, 1.0]","{""time"": 1.0, ""collisions"": 0.05, ""congestion"": 1.0, ""fairness"": 2.0, ""incomplete_base"": 1000.0, ""incomplete_agent"": 10.0}","[88.76227610310178, 64.07150537634408, 48.78000494315374, 51.07387659289068, 46.97820324005892, 79.48463203463203, 69.92619047619048, 66.76547619047619, 56.87009291521487, 57.29982504183783]","[32.7, 31.0, 28.900000000000002, 28.400000000000002, 29.1, 38.5, 33.6, 33.6, 28.700000000000003, 31.3]"
ga,6,48,1172.5408266548266,100.0,156.4,0.46950000000000003,4.6,11.669568995818997,21.795232323232327,10.125663327413328,False,4.4,hospital_corridor,28,12,"[11, 29, 47, 53, 61, 73, 89, 97, 101, 109]","[4.962833712203552, 3.745149969417907, 1.1633460875946535, 0.5, 1.0]","{""time"": 1.0, ""collisions"": 0.05, ""congestion"": 1.0, ""fairness"": 2.0, ""incomplete_base"": 1000.0, ""incomplete_agent"": 10.0}","[1169.331487179487, 1218.3799393939394, 1216.702746031746, 1164.7953333333332, 1183.918818181818, 1153.6843706293707, 1178.3854615384616, 1147.8584285714285, 1144.8792457912457, 1147.4724358974358]","[100.0, 100.0, 100.0, 100.0, 100.0, 100.0, 100.0, 100.0, 100.0, 100.0]"
ga,6,49,69.00358741083973,29.380000000000003,391.3,1.8645397917920956,5.6,10.999642857142858,20.09666666666667,9.09702380952381,True,0.0,hospital_corridor,28,12,"[11, 29, 47, 53, 61, 73, 89, 97, 101, 109]","[4.714945328051888, 3.0004681027631506, 0.8611358569858008, 0.5, 1.0]","{""time"": 1.0, ""collisions"": 0.05, ""congestion"": 1.0, ""fairness"": 2.0, ""incomplete_base"": 1000.0, ""incomplete_agent"": 10.0}","[92.42367082755433, 59.05216674905257, 50.48245614035088, 71.5223169864961, 52.457518796992474, 53.90513969425409, 98.27590870667795, 81.62872503840246, 62.333516483516476, 67.95445468509985]","[30.900000000000002, 28.900000000000002, 28.5, 26.8, 28.5, 27.1, 33.800000000000004, 31.0, 27.3, 31.0]"
ga,6,50,60.30025563373925,32.28,166.1,1.7954937289773412,5.0,12.544285714285717,21.504166666666666,8.959880952380953,True,0.0,hospital_corridor,28,12,"[11, 29, 47, 53, 61, 73, 89, 97, 101, 109]","[3.3437010581815585, 3.4082318685609767, 0.8562673977968392, 0.5, 1.0]","{""time"": 1.0, ""collisions"": 0.05, ""congestion"": 1.0, ""fairness"": 2.0, ""incomplete_base"": 1000.0, ""incomplete_agent"": 10.0}","[77.02832847424685, 71.97467532467533, 54.598642938404026, 53.29195298372514, 55.97807478819749, 53.98867595818815, 62.56977351916377, 60.330801323550574, 55.04154840744245, 58.200082619798714]","[34.300000000000004, 38.5, 29.3, 31.6, 32.6, 28.700000000000003, 32.800000000000004, 33.1, 30.200000000000003, 31.700000000000003]"
ga,6,51,60.30025563373925,32.28,166.1,1.7954937289773412,5.0,12.544285714285717,21.504166666666666,8.959880952380953,True,0.0,hospital_corridor,28,12,"[11, 29, 47, 53, 61, 73, 89, 97, 101, 109]","[3.3437010581815585, 3.4082318685609767, 0.8562673977968392, 0.5, 1.0]","{""time"": 1.0, ""collisions"": 0.05, ""congestion"": 1.0, ""fairness"": 2.0, ""incomplete_base"": 1000.0, ""incomplete_agent"": 10.0}","[77.02832847424685, 71.97467532467533, 54.598642938404026, 53.29195298372514, 55.97807478819749, 53.98867595818815, 62.56977351916377, 60.330801323550574, 55.04154840744245, 58.200082619798714]","[34.300000000000004, 38.5, 29.3, 31.6, 32.6, 28.700000000000003, 32.800000000000004, 33.1, 30.200000000000003, 31.700000000000003]"
ga,6,52,68.23680678238478,30.109999999999996,375.0,1.7222829728609699,5.4,11.42607142857143,20.253333333333337,8.827261904761906,True,0.0,hospital_corridor,28,12,"[11, 29, 47, 53, 61, 73, 89, 97, 101, 109]","[3.745971538415356, 2.1918905565353857, 0.9294043435999394, 0.5, 1.0]","{""time"": 1.0, ""collisions"": 0.05, ""congestion"": 1.0, ""fairness"": 2.0, ""incomplete_base"": 1000.0, ""incomplete_agent"": 10.0}","[107.74776785714285, 54.23907469342252, 59.25168650793651, 65.08571428571429, 51.77273771244833, 59.72637362637363, 72.21834215167549, 80.05693581780538, 69.6575630252101, 62.61187214611873]","[32.0, 29.900000000000002, 28.8, 28.0, 31.1, 28.6, 32.4, 32.2, 28.900000000000002, 29.200000000000003]"
ga,6,53,66.0209643477303,29.28,346.6,1.779773871539824,5.5,11.171071428571432,19.986666666666668,8.81559523809524,True,0.0,hospital_corridor,28,12,"[11, 29, 47, 53, 61, 73, 89, 97, 101, 109]","[3.9353013416783527, 2.4057119496081825, 0.8913326917263518, 0.5, 1.0]","{""time"": 1.0, ""collisions"": 0.05, ""congestion"": 1.0, ""fairness"": 2.0, ""incomplete_base"": 1000.0, ""incomplete_agent"": 10.0}","[90.30233186057927, 69.11618566618567, 54.50331010452962, 54.12070393374742, 50.77184585174276, 57.530460938823936, 74.49946091644205, 73.92679324894515, 70.7643446071008, 64.67420634920636]","[29.1, 29.700000000000003, 28.700000000000003, 27.6, 29.1, 28.1, 31.8, 31.6, 28.3, 28.8]"
ga,6,54,63.36440200075566,31.920000000000005,221.2,1.78535438170803,5.3,12.114642857142858,21.414166666666667,9.29952380952381,True,0.0,hospital_corridor,28,12,"[11, 29, 47, 53, 61, 73, 89, 97, 101, 109]","[3.893625967127615, 3.0695541161453335, 0.9484469802077425, 0.5, 1.0]","{""time"": 1.0, ""collisions"": 0.05, ""congestion"": 1.0, ""fairness"": 2.0, ""incomplete_base"": 1000.0, ""incomplete_agent"": 10.0}","[88.54318330071756, 65.24330357142857, 50.461402207942, 74.41635610766048, 45.87994350282485, 57.72710985384253, 74.02576647097194, 62.31041222459133, 58.78957307060756, 56.2469696969697]","[36.5, 32.0, 28.900000000000002, 32.2, 29.5, 30.3, 36.5, 33.5, 29.0, 30.8]"
ga,6,55,60.185392740976226,32.14,180.5,1.6894403600238541,5.1,12.240357142857144,20.905833333333334,8.66547619047619,True,0.0,hospital_corridor,28,12,"[11, 29, 47, 53, 61, 73, 89, 97, 101, 109]","[3.774148917081631, 3.0665728881209846, 0.9478455324415094, 0.5, 1.0]","{""time"": 1.0, ""collisions"": 0.05, ""congestion"": 1.0, ""fairness"": 2.0, ""incomplete_base"": 1000.0, ""incomplete_agent"": 10.0}","[72.71969500791252, 46.495443077893405, 50.945073891625626, 54.272689075630254, 57.81375661375662, 54.65492667655298, 69.67588856868397, 70.43280423280424, 65.7359649122807, 59.10768535262206]","[33.1, 30.200000000000003, 29.0, 30.6, 35.1, 28.900000000000002, 34.7, 37.800000000000004, 30.400000000000002, 31.6]"
ga,6,56,57.86629831747423,32.71,85.9,1.760345936521843,5.4,12.460357142857143,22.010833333333334,9.550476190476193,True,0.0,hospital_corridor,28,12,"[11, 29, 47, 53, 61, 73, 89, 97, 101, 109]","[3.438666404580833, 3.724029723352354, 0.890470718935513, 0.5, 1.0]","{""time"": 1.0, ""collisions"": 0.05, ""congestion"": 1.0, ""fairness"": 2.0, ""incomplete_base"": 1000.0, ""incomplete_agent"": 10.0}","[70.9794004509882, 65.31220238095239, 50.414586380627334, 52.797189971394914, 54.311979870812685, 51.93507549361208, 66.20035419126329, 58.462707255604194, 53.05238095238096, 55.197106227106225]","[35.9, 38.400000000000006, 29.3, 28.3, 31.700000000000003, 28.700000000000003, 36.300000000000004, 35.9, 30.1, 32.5]"
ga,6,57,63.721126853508075,30.65,265.9,1.7811268535080782,5.5,11.66,20.6575,8.997499999999999,True,0.0,hospital_corridor,28,12,"[11, 29, 47, 53, 61, 73, 89, 97, 101, 109]","[3.7352534449593877, 2.6460557715267035, 0.9129982405273742, 0.5, 1.0]","{""time"": 1.0, ""collisions"": 0.05, ""congestion"": 1.0, ""fairness"": 2.0, ""incomplete_base"": 1000.0, ""incomplete_agent"": 10.0}","[95.44877430262046, 51.01288421723204, 61.40714285714286, 49.165476190476184, 47.736170906718854, 54.502498738011106, 83.85982054542886, 74.51835594573025, 62.86180823680823, 56.698336594911936]","[33.800000000000004, 29.900000000000002, 29.0, 28.0, 29.200000000000003, 28.3, 33.7, 35.800000000000004, 29.6, 29.200000000000003]"
ga,6,58,59.8562807602853,30.55,181.9,1.8812807602852981,5.8,11.890000000000002,21.055000000000003,9.165000000000001,True,0.0,hospital_corridor,28,12,"[11, 29, 47, 53, 61, 73, 89, 97, 101, 109]","[4.147204085219191, 3.506717901974513, 0.9122364778563735, 0.5, 1.0]","{""time"": 1.0, ""collisions"": 0.05, ""congestion"": 1.0, ""fairness"": 2.0, ""incomplete_base"": 1000.0, ""incomplete_agent"": 10.0}","[75.70400534045395, 69.27445887445887, 54.02321428571429, 51.5804310045186, 50.543650793650784, 53.58657854600916, 61.57620540379161, 62.810091743119266, 62.542857142857144, 56.92131446827933]","[32.1, 33.0, 28.8, 27.400000000000002, 31.5, 28.1, 31.900000000000002, 32.7, 28.700000000000003, 31.3]"
ga,6,59,62.76911544828932,34.53000000000001,131.6,1.6017344959083595,5.3,12.457142857142857,22.485833333333336,10.028690476190476,True,0.0,hospital_corridor,28,12,"[11, 29, 47, 53, 61, 73, 89, 97, 101, 109]","[3.1900323745666324, 3.0039551115741445, 0.9115344633427634, 0.5, 1.0]","{""time"": 1.0, ""collisions"": 0.05, ""congestion"": 1.0, ""fairness"": 2.0, ""incomplete_base"": 1000.0, ""incomplete_agent"": 10.0}","[84.98604963112007, 54.07335164835165, 52.803539253539256, 79.25527045769765, 47.59919583727531, 54.385650367529564, 74.61026785714286, 59.67576782192168, 60.9246490503716, 59.37741255794353]","[42.6, 31.200000000000003, 29.6, 41.2, 30.200000000000003, 29.8, 38.400000000000006, 33.800000000000004, 34.6, 33.9]"
ga,7,0,55.90662745512358,30.330000000000002,118.5,1.8547226932188146,5.7,11.590714285714288,20.48916666666667,8.898452380952381,True,0.0,hospital_corridor,28,12,"[11, 29, 47, 53, 61, 73, 89, 97, 101, 109]","[4.389831000312875, 4.118020277630309, 0.8692181948923733, 0.5, 1.0]","{""time"": 1.0, ""collisions"": 0.05, ""congestion"": 1.0, ""fairness"": 2.0, ""incomplete_base"": 1000.0, ""incomplete_agent"": 10.0}","[83.02084669279184, 55.569317623956806, 47.77162629757785, 48.069098822324634, 45.280952380952385, 50.41255411255411, 62.49969753373662, 55.11291237498134, 54.22805194805194, 57.10121676430825]","[40.1, 29.1, 28.900000000000002, 27.900000000000002, 28.0, 27.5, 30.700000000000003, 31.900000000000002, 27.5, 31.700000000000003]"
ga,7,1,57.506881307271456,33.260000000000005,76.3,1.7702146406047834,5.2,12.63,21.960833333333333,9.330833333333334,True,0.0,hospital_corridor,28,12,"[11, 29, 47, 53, 61, 73, 89, 97, 101, 109]","[3.6054652230934683, 3.828255458737988, 0.930056437076026, 0.5, 1.0]","{""time"": 1.0, ""collisions"": 0.05, ""congestion"": 1.0, ""fairness"": 2.0, ""incomplete_base"": 1000.0, ""incomplete_agent"": 10.0}","[71.5004172803142, 76.41196524799295, 50.655477003087924, 46.148805287239455, 47.57094430992736, 51.16678939617084, 59.53127221037669, 57.37463501159776, 60.69345238095239, 54.01505494505495]","[38.800000000000004, 43.300000000000004, 29.3, 28.1, 29.5, 29.1, 33.5, 34.9, 33.6, 32.5]"
ga,7,2,1082.669976664581,44.83,329.8,1.4431007627051564,5.2,11.562698412698413,20.516136363636363,8.95343795093795,False,0.2,hospital_corridor,28,12,"[11, 29, 47, 53, 61, 73, 89, 97, 101, 109]","[3.7643053185847686, 2.444217229655429, 0.9130734032247537, 0.5, 1.0]","{""time"": 1.0, ""collisions"": 0.05, ""congestion"": 1.0, ""fairness"": 2.0, ""incomplete_base"": 1000.0, ""incomplete_agent"": 10.0}","[99.15466058763931, 78.09661654135338, 57.21578513758445, 57.24143870314083, 48.2844827586207, 1142.9022222222222, 70.69761904761904, 68.90934959349595, 1143.3751558441559, 60.82243620997887]","[32.9, 34.2, 28.900000000000002, 28.200000000000003, 29.0, 100.0, 33.0, 32.800000000000004, 100.0, 29.3]"
ga,7,3,57.44492922371232,31.45,110.2,1.8275482713313693,5.4,11.917142857142858,21.245833333333334,9.328690476190475,True,0.0,hospital_corridor,28,12,"[11, 29, 47, 53, 61, 73, 89, 97, 101, 109]","[3.9642252675942027, 3.8123293888319965, 0.9151213057473139, 0.5, 1.0]","{""time"": 1.0, ""collisions"": 0.05, ""congestion"": 1.0, ""fairness"": 2.0, ""incomplete_base"": 1000.0, ""incomplete_agent"": 10.0}","[73.96493680582152, 68.23366586858208, 51.24834543987086, 61.781409331409336, 43.490196078431374, 52.69741784037559, 58.77760141093474, 58.4896480331263, 51.85654761904762, 53.90952380952382]","[37.300000000000004, 35.800000000000004, 29.5, 29.700000000000003, 28.900000000000002, 28.400000000000002, 32.4, 32.2, 28.8, 31.5]"
ga,7,4,65.48109323681611,30.57,305.7,1.797759903482768,5.7,11.517500000000002,20.431666666666665,8.914166666666667,True,0.0,hospital_corridor,28,12,"[11, 29, 47, 53, 61, 73, 89, 97, 101, 109]","[5.0, 3.5720928358862585, 0.9087921981351369, 0.5, 1.0]","{""time"": 1.0, ""collisions"": 0.05, ""congestion"": 1.0, ""fairness"": 2.0, ""incomplete_base"": 1000.0, ""incomplete_agent"": 10.0}","[98.29221146085553, 77.31074589127687, 48.14548872180451, 61.225566684238274, 53.52936507936508, 55.45054945054945, 67.26994535519127, 78.1170868347339, 54.967261904761905, 60.502710985384255]","[35.4, 33.9, 28.5, 27.1, 31.5, 27.3, 30.5, 34.0, 27.200000000000003, 30.3]"
ga,7,5,58.19532398643646,32.12,106.5,1.923181129293613,5.3,12.371428571428572,21.785000000000004,9.413571428571426,True,0.0,hospital_corridor,28,12,"[11, 29, 47, 53, 61, 73, 89, 97, 101, 109]","[3.664865750545038, 3.6119372494045683, 0.9196597197391122, 0.5, 1.0]","{""time"": 1.0, ""collisions"": 0.05, ""congestion"": 1.0, ""fairness"": 2.0, ""incomplete_base"": 1000.0, ""incomplete_agent"": 10.0}","[67.52925696594427, 70.45830115830115, 51.73734507501631, 55.93554246440844, 45.320748299319725, 52.436713286713285, 60.6142435735356, 66.42525651144436, 53.54066478076379, 57.95516774891775]","[32.300000000000004, 37.0, 29.200000000000003, 29.1, 29.400000000000002, 28.6, 33.9, 36.2, 30.3, 35.2]"
ga,7,6,62.06987369826034,34.86,98.5,1.704159412546058,5.6,12.929642857142857,23.220000000000006,10.290357142857143,True,0.0,hospital_corridor,28,12,"[11, 29, 47, 53, 61, 73, 89, 97, 101, 109]","[3.1152573585582632, 3.244505369260612, 0.9354744584213622, 0.5, 1.0]","{""time"": 1.0, ""collisions"": 0.05, ""congestion"": 1.0, ""fairness"": 2.0, ""incomplete_base"": 1000.0, ""incomplete_agent"": 10.0}","[69.32206432311145, 50.90695970695971, 55.403629976580795, 75.58530377668308, 60.007680491551454, 56.07864823348695, 68.29966895849249, 64.3394604933386, 58.56416554003305, 62.191155482365865]","[38.2, 31.200000000000003, 30.5, 40.6, 37.2, 31.0, 37.4, 36.1, 31.700000000000003, 34.7]"
ga,7,7,64.32762065319142,32.22,226.3,1.8616682722390323,5.4,12.102857142857143,21.568333333333335,9.465476190476192,True,0.0,hospital_corridor,28,12,"[11, 29, 47, 53, 61, 73, 89, 97, 101, 109]","[3.738916269960947, 3.0807670353271885, 0.9014847699896809, 0.5, 1.0]","{""time"": 1.0, ""collisions"": 0.05, ""congestion"": 1.0, ""fairness"": 2.0, ""incomplete_base"": 1000.0, ""incomplete_agent"": 10.0}","[76.3436507936508, 85.56919119406558, 61.876436781609186, 58.918125960061445, 46.63633348076073, 53.962208713272545, 67.47348777348779, 64.79582787243338, 70.32889125799574, 57.37205270457699]","[31.5, 39.800000000000004, 29.0, 31.0, 32.300000000000004, 28.200000000000003, 33.300000000000004, 32.7, 33.5, 30.900000000000002]"
ga,7,8,63.9344432126878,28.940000000000005,312.3,1.8020622603068408,5.1,11.314642857142857,20.103333333333335,8.788690476190478,True,0.0,hospital_corridor,28,12,"[11, 29, 47, 53, 61, 73, 89, 97, 101, 109]","[4.576504968941026, 3.0366066901408955, 0.9133316200163414, 0.5, 1.0]","{""time"": 1.0, ""collisions"": 0.05, ""congestion"": 1.0, ""fairness"": 2.0, ""incomplete_base"": 1000.0, ""incomplete_agent"": 10.0}","[74.47512664640325, 70.40578231292518, 53.46736353077817, 60.96878404498331, 54.562872286723874, 57.588923395445136, 76.6327959396925, 71.67082376358904, 57.768530020703935, 61.80343018563357]","[28.200000000000003, 29.400000000000002, 28.700000000000003, 27.1, 28.3, 27.6, 31.900000000000002, 31.1, 27.6, 29.5]"
ga,7,9,57.4271254106082,32.18,99.1,1.7478396963224818,5.3,12.225357142857142,21.497500000000002,9.272142857142859,True,0.0,hospital_corridor,28,12,"[11, 29, 47, 53, 61, 73, 89, 97, 101, 109]","[3.6149916825561554, 3.6009994820580813, 0.9130877689602054, 0.5, 1.0]","{""time"": 1.0, ""collisions"": 0.05, ""congestion"": 1.0, ""fairness"": 2.0, ""incomplete_base"": 1000.0, ""incomplete_agent"": 10.0}","[75.15024371953507, 57.05126889078985, 52.898723613156605, 51.597100016477185, 44.654240052185266, 53.38503401360545, 68.10621655002058, 59.037366375121486, 54.96140971239981, 57.42965116279069]","[38.1, 33.4, 29.1, 28.900000000000002, 29.200000000000003, 29.400000000000002, 34.7, 34.300000000000004, 30.3, 34.4]"
ga,7,10,1177.5865394439984,100.0,110.9,0.4561,4.3,12.392906540627129,22.18562626262626,9.792719721999134,False,5.2,hospital_corridor,28,12,"[11, 29, 47, 53, 61, 73, 89, 97, 101, 109]","[4.62228509336129, 3.8391459339009355, 1.1962757943568163, 0.5, 1.0]","{""time"": 1.0, ""collisions"": 0.05, ""congestion"": 1.0, ""fairness"": 2.0, ""incomplete_base"": 1000.0, ""incomplete_agent"": 10.0}","[1174.4126666666666, 1249.2131871657755, 1217.0539523809523, 1174.7175454545454, 1185.694619047619, 1154.722041958042, 1143.5788518518518, 1154.613, 1173.471606837607, 1148.387923076923]","[100.0, 100.0, 100.0, 100.0, 100.0, 100.0, 100.0, 100.0, 100.0, 100.0]"
ga,7,11,60.31746782429464,31.389999999999997,165.0,1.8791344909612975,5.5,12.0425,21.44166666666667,9.399166666666668,True,0.0,hospital_corridor,28,12,"[11, 29, 47, 53, 61, 73, 89, 97, 101, 109]","[4.62011073268327, 4.110349456041546, 0.9166965806431413, 0.5, 1.0]","{""time"": 1.0, ""collisions"": 0.05, ""congestion"": 1.0, ""fairness"": 2.0, ""incomplete_base"": 1000.0, ""incomplete_agent"": 10.0}","[70.80168408826947, 60.04143316490584, 50.5109756097561, 64.40056353902509, 53.06654308782337, 56.18566344687342, 64.15179131213614, 72.8989231873654, 56.81315660284733, 54.30394420394421]","[32.800000000000004, 31.1, 28.700000000000003, 33.800000000000004, 28.900000000000002, 28.1, 31.900000000000002, 39.800000000000004, 29.1, 29.700000000000003]"
ga,7,12,58.262872081367135,31.610000000000003,115.5,1.799538748033789,5.2,11.9425,21.48166666666667,9.539166666666668,True,0.0,hospital_corridor,28,12,"[11, 29, 47, 53, 61, 73, 89, 97, 101, 109]","[3.9979514690756908, 3.762255658400652, 0.9155298422080315, 0.5, 1.0]","{""time"": 1.0, ""collisions"": 0.05, ""congestion"": 1.0, ""fairness"": 2.0, ""incomplete_base"": 1000.0, ""incomplete_agent"": 10.0}","[62.35025427646787, 72.99853479853479, 55.69384236453203, 60.00523028883685, 47.225507988211575, 53.600504795557804, 59.389963369963375, 57.70670037926675, 57.78557422969189, 55.87260832260833]","[30.900000000000002, 36.4, 29.0, 30.5, 30.700000000000003, 28.3, 32.5, 33.9, 30.6, 33.300000000000004]"
ga,7,13,1190.5733059124104,36.62,2684.6,1.8322236613281375,5.8,11.206428571428573,19.651969696969697,8.445541125541126,False,0.1,hospital_corridor,28,12,"[11, 29, 47, 53, 61, 73, 89, 97, 101, 109]","[3.693311424326565, 3.5363693577152597, 0.5, 0.5, 1.0]","{""time"": 1.0, ""collisions"": 0.05, ""congestion"": 1.0, ""fairness"": 2.0, ""incomplete_base"": 1000.0, ""incomplete_agent"": 10.0}","[1295.5632987012987, 196.87753185781358, 153.54918391384822, 167.108797417272, 183.5907082688671, 150.81345151199164, 191.66661129568107, 239.4557862679956, 158.39568452380954, 168.71200536552652]","[100.0, 28.400000000000002, 28.3, 29.5, 27.700000000000003, 27.400000000000002, 30.1, 34.4, 32.0, 28.400000000000002]"
ga,7,14,61.79644926148957,33.61,136.6,1.8174016424419492,5.1,12.294642857142858,22.064166666666672,9.76952380952381,True,0.0,hospital_corridor,28,12,"[11, 29, 47, 53, 61, 73, 89, 97, 101, 109]","[3.833668084024022, 3.682373217658257, 0.9115165452682801, 0.5, 1.0]","{""time"": 1.0, ""collisions"": 0.05, ""congestion"": 1.0, ""fairness"": 2.0, ""incomplete_base"": 1000.0, ""incomplete_agent"": 10.0}","[87.90289482699556, 73.24583802024748, 50.06978399607266, 59.20177372962608, 46.99102064033805, 51.82796780684105, 66.12649048895699, 66.75887385594908, 60.683670459334174, 55.15617879053462]","[41.7, 38.1, 29.1, 29.8, 29.3, 28.400000000000002, 37.300000000000004, 35.9, 33.9, 32.6]"
ga,7,15,63.89535261324853,30.869999999999997,273.2,1.881543089438998,6.1,11.998928571428571,20.740833333333335,8.741904761904763,True,0.0,hospital_corridor,28,12,"[11, 29, 47, 53, 61, 73, 89, 97, 101, 109]","[3.705919387091144, 3.2520689563992216, 0.8293399065005738, 0.5, 1.0]","{""time"": 1.0, ""collisions"": 0.05, ""congestion"": 1.0, ""fairness"": 2.0, ""incomplete_base"": 1000.0, ""incomplete_agent"": 10.0}","[89.05072590011615, 82.47535014005602, 59.886381611468124, 56.97873969375737, 48.35646900269542, 52.454019457245266, 67.47761754544089, 66.04662982671579, 59.948010437051536, 56.279582517938685]","[32.800000000000004, 34.0, 28.900000000000002, 28.3, 31.8, 27.900000000000002, 31.700000000000003, 34.9, 29.200000000000003, 29.200000000000003]"
ga,7,16,1174.4180203868257,100.0,86.0,0.4911999999999999,4.5,13.36163526113263,24.175045454545455,10.813410193412825,False,4.8,hospital_corridor,28,12,"[11, 29, 47, 53, 61, 73, 89, 97, 101, 109]","[3.744319456591834, 3.5199437615219598, 1.1493425429508062, 0.5, 1.0]","{""time"": 1.0, ""collisions"": 0.05, ""congestion"": 1.0, ""fairness"": 2.0, ""incomplete_base"": 1000.0, ""incomplete_agent"": 10.0}","[1175.0696666666668, 1222.5915598086124, 1171.5672727272727, 1179.8552424242425, 1186.1971428571428, 1164.4237272727273, 1143.942857142857, 1172.4694285714286, 1141.194973063973, 1186.8683333333333]","[100.0, 100.0, 100.0, 100.0, 100.0, 100.0, 100.0, 100.0, 100.0, 100.0]"
ga,7,17,72.66239534983731,32.00000000000001,395.5,1.7697763022182458,5.1,11.952857142857145,21.511666666666667,9.558809523809526,True,0.0,hospital_corridor,28,12,"[11, 29, 47, 53, 61, 73, 89, 97, 101, 109]","[3.7444962025792097, 2.496352627200169, 0.9293060777904415, 0.5, 1.0]","{""time"": 1.0, ""collisions"": 0.05, ""congestion"": 1.0, ""fairness"": 2.0, ""incomplete_base"": 1000.0, ""incomplete_agent"": 10.0}","[110.0406015037594, 85.00353037766831, 57.55993431855501, 66.4757620695337, 47.81836734693878, 59.25426587301587, 77.52936272431822, 85.17380952380952, 75.55907977338846, 62.20923998738569]","[36.1, 34.800000000000004, 29.0, 28.900000000000002, 29.400000000000002, 28.8, 33.7, 38.0, 31.1, 30.200000000000003]"
ga,7,18,65.54159854761994,31.1,287.2,1.8206461666675602,5.7,11.775357142857144,20.905833333333334,9.130476190476191,True,0.0,hospital_corridor,28,12,"[11, 29, 47, 53, 61, 73, 89, 97, 101, 109]","[4.071809752098549, 3.128415821071068, 0.8880702128448585, 0.5, 1.0]","{""time"": 1.0, ""collisions"": 0.05, ""congestion"": 1.0, ""fairness"": 2.0, ""incomplete_base"": 1000.0, ""incomplete_agent"": 10.0}","[92.06858103471937, 71.11815566105597, 56.4545634920635, 73.1213520134742, 49.45916442048518, 52.231997259335394, 69.53125633232017, 69.81509157509157, 62.54162384378212, 59.07419984387198]","[34.7, 33.1, 28.8, 31.1, 31.8, 27.8, 32.9, 32.5, 27.8, 30.5]"
ga,7,19,60.48623658709007,31.179999999999996,182.8,1.9255223013757956,5.8,12.159642857142858,21.28,9.120357142857141,True,0.0,hospital_corridor,28,12,"[11, 29, 47, 53, 61, 73, 89, 97, 101, 109]","[3.670541199866645, 3.378613289590277, 0.8757907670565548, 0.5, 1.0]","{""time"": 1.0, ""collisions"": 0.05, ""congestion"": 1.0, ""fairness"": 2.0, ""incomplete_base"": 1000.0, ""incomplete_agent"": 10.0}","[76.35517598343687, 63.66521388216303, 54.627302685780194, 67.36383928571428, 48.19588818462539, 52.90956587582029, 61.9881389252949, 67.09565950273915, 55.21480836236934, 57.44677318295739]","[32.2, 35.4, 28.900000000000002, 32.0, 29.3, 28.3, 32.7, 33.9, 28.700000000000003, 30.400000000000002]"
ga,7,20,1198.2898370600046,36.970000000000006,2814.9,1.8944041595716818,6.1,11.54857142857143,20.38878787878788,8.84021645021645,False,0.1,hospital_corridor,28,12,"[11, 29, 47, 53, 61, 73, 89, 97, 101, 109]","[3.359124474795477, 3.139785515982063, 0.5651303829206649, 0.5, 1.0]","{""time"": 1.0, ""collisions"": 0.05, ""congestion"": 1.0, ""fairness"": 2.0, ""incomplete_base"": 1000.0, ""incomplete_agent"": 10.0}","[1294.573233766234, 206.7657955865273, 169.04791666666668, 179.5731092436975, 174.761094224924, 152.50017316017315, 196.3671089488427, 243.13971861471865, 170.29103987884906, 195.87918050941306]","[100.0, 28.700000000000003, 28.8, 30.6, 28.200000000000003, 27.5, 32.300000000000004, 35.2, 28.3, 30.1]"
ga,7,21,1181.0220689615396,100.0,56.8,0.4849,4.2,13.66605693337164,24.514641414141416,10.848584480769775,False,5.6,hospital_corridor,28,12,"[11, 29, 47, 53, 61, 73, 89, 97, 101, 109]","[3.39147730367229, 3.491096576165728, 1.1435015617518065, 0.5, 1.0]","{""time"": 1.0, ""collisions"": 0.05, ""congestion"": 1.0, ""fairness"": 2.0, ""incomplete_base"": 1000.0, ""incomplete_agent"": 10.0}","[1167.1626666666666, 1252.155588235294, 1161.3153216783217, 1199.1321601731602, 1204.5697272727273, 1163.0501818181817, 1167.4741818181817, 1161.3245555555554, 1143.5250841750842, 1190.5112222222222]","[100.0, 100.0, 100.0, 100.0, 100.0, 100.0, 100.0, 100.0, 100.0, 100.0]"
ga,7,22,177.11355257733413,32.480000000000004,2462.5,1.8771240059055425,5.6,11.414285714285715,21.229999999999997,9.815714285714286,True,0.0,hospital_corridor,28,12,"[11, 29, 47, 53, 61, 73, 89, 97, 101, 109]","[4.367919076894566, 3.3192069877523984, 0.7038708534517899, 0.5, 1.0]","{""time"": 1.0, ""collisions"": 0.05, ""congestion"": 1.0, ""fairness"": 2.0, ""incomplete_base"": 1000.0, ""incomplete_agent"": 10.0}","[702.8691489361703, 119.13419759362822, 90.31785714285714, 125.58173391494003, 108.79907502569374, 102.43371112282551, 128.76052631578946, 147.5730158730159, 123.50105042016807, 122.16520942825291]","[70.5, 28.1, 28.0, 26.200000000000003, 27.8, 27.1, 28.5, 31.5, 27.200000000000003, 29.900000000000002]"
ga,7,23,63.72330778575517,30.759999999999998,273.5,1.768545880993265,5.3,11.879285714285714,20.639166666666668,8.759880952380952,True,0.0,hospital_corridor,28,12,"[11, 29, 47, 53, 61, 73, 89, 97, 101, 109]","[3.598181796419428, 2.580058550677399, 0.9052900195148823, 0.5, 1.0]","{""time"": 1.0, ""collisions"": 0.05, ""congestion"": 1.0, ""fairness"": 2.0, ""incomplete_base"": 1000.0, ""incomplete_agent"": 10.0}","[83.47020450813555, 52.40942920214444, 58.656946489936175, 69.93730158730159, 46.85588235294117, 60.42204462204462, 76.75871097683788, 66.28917748917749, 63.95726230291447, 58.476118326118325]","[31.900000000000002, 30.200000000000003, 29.1, 31.5, 30.6, 28.6, 33.1, 33.0, 29.900000000000002, 29.700000000000003]"
ga,7,24,69.59231299155698,31.03000000000001,367.3,1.8518368010807837,5.5,11.88892857142857,21.061666666666667,9.172738095238095,True,0.0,hospital_corridor,28,12,"[11, 29, 47, 53, 61, 73, 89, 97, 101, 109]","[3.815170624375883, 2.8465204951907794, 0.8631749313760722, 0.5, 1.0]","{""time"": 1.0, ""collisions"": 0.05, ""congestion"": 1.0, ""fairness"": 2.0, ""incomplete_base"": 1000.0, ""incomplete_agent"": 10.0}","[89.50151515151515, 76.36247848537006, 64.83988095238095, 70.97818532818533, 48.47895902547066, 62.77862950058072, 65.2563492063492, 76.66285714285715, 69.46963226571768, 71.59464285714286]","[30.8, 33.2, 28.8, 29.6, 30.1, 28.700000000000003, 32.4, 35.0, 28.1, 33.6]"
ga,7,25,66.47899203298944,33.85,235.2,1.76518250917991,5.3,12.291428571428572,21.843333333333337,9.551904761904764,True,0.0,hospital_corridor,28,12,"[11, 29, 47, 53, 61, 73, 89, 97, 101, 109]","[3.463831775484028, 3.0083424082623305, 0.8844251581471188, 0.5, 1.0]","{""time"": 1.0, ""collisions"": 0.05, ""congestion"": 1.0, ""fairness"": 2.0, ""incomplete_base"": 1000.0, ""incomplete_agent"": 10.0}","[93.14778761061947, 76.51992778153917, 52.369185763042424, 71.33525530694206, 51.75952380952381, 52.022698973582365, 70.73118712273643, 66.71616504168433, 70.83643067846607, 59.35175824175824]","[33.9, 42.2, 29.3, 33.2, 36.0, 28.3, 35.5, 33.7, 33.9, 32.5]"
ga,7,26,64.18625878124968,30.610000000000003,267.1,1.8093540193449023,5.2,11.408214285714287,20.61416666666667,9.205952380952382,True,0.0,hospital_corridor,28,12,"[11, 29, 47, 53, 61, 73, 89, 97, 101, 109]","[4.071749265993072, 2.985433602779056, 0.8822409487648171, 0.5, 1.0]","{""time"": 1.0, ""collisions"": 0.05, ""congestion"": 1.0, ""fairness"": 2.0, ""incomplete_base"": 1000.0, ""incomplete_agent"": 10.0}","[87.03933747412009, 71.00513784461154, 52.75982142857143, 68.403007518797, 47.77941176470588, 54.433110654333674, 64.20320512820513, 72.10412224591329, 69.36615384615385, 54.769279907084794]","[32.2, 30.400000000000002, 28.8, 30.400000000000002, 30.6, 27.8, 31.200000000000003, 33.5, 32.5, 28.700000000000003]"
ga,7,27,1081.7895266994137,35.660000000000004,511.4,1.6988773487644075,5.5,10.732857142857144,19.66318181818182,8.930324675324675,False,0.1,hospital_corridor,28,12,"[11, 29, 47, 53, 61, 73, 89, 97, 101, 109]","[4.578497403737169, 2.420746449592277, 0.8702275999473355, 0.5, 1.0]","{""time"": 1.0, ""collisions"": 0.05, ""congestion"": 1.0, ""fairness"": 2.0, ""incomplete_base"": 1000.0, ""incomplete_agent"": 10.0}","[95.84761904761903, 70.26765529741309, 53.156259464916715, 72.86560846560846, 62.10419420437214, 70.23273809523809, 80.93415841584158, 88.56298003072197, 1158.738922077922, 65.18513189448441]","[28.0, 28.900000000000002, 28.3, 27.0, 28.1, 27.200000000000003, 30.3, 31.0, 100.0, 27.8]"
ga,7,28,1073.125907253278,41.28000000000001,120.2,1.570431062801879,5.0,13.298095238095238,23.430833333333332,10.132738095238095,False,0.4,hospital_corridor,28,12,"[11, 29, 47, 53, 61, 73, 89, 97, 101, 109]","[3.8551150808715233, 3.695592068889156, 1.012716183349904, 0.5, 1.0]","{""time"": 1.0, ""collisions"": 0.05, ""congestion"": 1.0, ""fairness"": 2.0, ""incomplete_base"": 1000.0, ""incomplete_agent"": 10.0}","[76.03936106088005, 1175.8663333333334, 57.66535181236674, 46.30529953917051, 53.361038961038965, 62.39785323965651, 73.49913419913419, 62.273423423423424, 61.961309523809526, 61.88996743996744]","[39.5, 100.0, 33.5, 31.0, 34.1, 30.5, 38.5, 37.0, 33.6, 35.1]"
ga,7,29,59.70330472911214,32.769999999999996,141.1,1.7359237767311924,5.6,12.32214285714286,21.393333333333338,9.071190476190477,True,0.0,hospital_corridor,28,12,"[11, 29, 47, 53, 61, 73, 89, 97, 101, 109]","[3.961969102276081, 3.6393812918233452, 0.926643217582449, 0.5, 1.0]","{""time"": 1.0, ""collisions"": 0.05, ""congestion"": 1.0, ""fairness"": 2.0, ""incomplete_base"": 1000.0, ""incomplete_agent"": 10.0}","[83.3978354978355, 68.04433497536947, 50.05771756978653, 50.181388329979875, 45.011805555555554, 55.067077710563055, 72.9737274220033, 58.071633460505865, 58.96858529819695, 55.25894147132537]","[38.5, 34.800000000000004, 29.0, 28.400000000000002, 28.8, 30.700000000000003, 40.6, 33.7, 30.900000000000002, 32.300000000000004]"
ga,7,30,59.09751628410598,33.43000000000001,102.0,1.6575162841059687,5.3,12.430000000000001,21.885,9.455000000000002,True,0.0,hospital_corridor,28,12,"[11, 29, 47, 53, 61, 73, 89, 97, 101, 109]","[3.015440766930299, 3.017286510206696, 0.9162652647765247, 0.5, 1.0]","{""time"": 1.0, ""collisions"": 0.05, ""congestion"": 1.0, ""fairness"": 2.0, ""incomplete_base"": 1000.0, ""incomplete_agent"": 10.0}","[69.48845514950166, 52.36023587004895, 52.37376970855232, 62.83688760806917, 46.78831453634085, 53.94761904761905, 64.57973944294699, 63.510606060606065, 67.36713892168439, 57.72239649569026]","[34.4, 32.1, 29.900000000000002, 34.7, 30.400000000000002, 29.400000000000002, 37.1, 36.300000000000004, 36.300000000000004, 33.7]"
ga,7,31,1089.2998820031223,44.220000000000006,413.5,1.4242073999476081,5.3,11.360496031746033,20.350833333333334,8.990337301587301,False,0.5,hospital_corridor,28,12,"[11, 29, 47, 53, 61, 73, 89, 97, 101, 109]","[4.518992216689025, 2.3095746439475286, 1.0772201792437703, 0.5, 1.0]","{""time"": 1.0, ""collisions"": 0.05, ""congestion"": 1.0, ""fairness"": 2.0, ""incomplete_base"": 1000.0, ""incomplete_agent"": 10.0}","[95.09044357469016, 1176.285, 1131.2675555555556, 60.889743589743595, 76.583031946956, 62.588095238095235, 87.00004859086492, 67.46835383159886, 63.946584216725554, 71.87996348699224]","[29.200000000000003, 100.0, 100.0, 27.3, 31.6, 30.0, 34.300000000000004, 30.200000000000003, 28.3, 31.3]"
ga,7,32,62.313386675606004,32.75,189.0,1.7707676279869549,5.2,12.442857142857143,21.614166666666666,9.171309523809523,True,0.0,hospital_corridor,28,12,"[11, 29, 47, 53, 61, 73, 89, 97, 101, 109]","[3.138293118614218, 2.9919207716436853, 0.8502821912654944, 0.5, 1.0]","{""time"": 1.0, ""collisions"": 0.05, ""congestion"": 1.0, ""fairness"": 2.0, ""incomplete_base"": 1000.0, ""incomplete_agent"": 10.0}","[78.92954091816368, 49.99813258636789, 54.38537414965987, 63.16589991928975, 47.049481376709096, 53.59067391662548, 70.85051302288872, 78.80179605340896, 62.77322404371584, 63.58923076923077]","[33.4, 30.6, 29.400000000000002, 35.4, 30.3, 28.900000000000002, 36.2, 40.300000000000004, 30.5, 32.5]"
ga,7,33,1161.4155474667261,87.83000000000001,55.4,0.6413587221373448,4.4,13.638299567099569,24.225393939393943,10.587094372294372,False,4.9,hospital_corridor,28,12,"[11, 29, 47, 53, 61, 73, 89, 97, 101, 109]","[3.046801814700526, 2.9670789487333216, 1.1369565436426678, 0.5, 1.0]","{""time"": 1.0, ""collisions"": 0.05, ""congestion"": 1.0, ""fairness"": 2.0, ""incomplete_base"": 1000.0, ""incomplete_agent"": 10.0}","[1164.1676666666667, 1224.522, 1181.6043333333332, 1172.303484848485, 1187.2114285714285, 1173.3895454545454, 69.33791755508175, 1190.0033333333333, 60.59743157105362, 1191.0183333333334]","[100.0, 100.0, 100.0, 100.0, 100.0, 100.0, 40.2, 100.0, 38.1, 100.0]"
ga,7,34,62.9203312359742,32.620000000000005,190.5,1.7243788550218149,5.4,12.277857142857146,21.803333333333335,9.52547619047619,True,0.0,hospital_corridor,28,12,"[11, 29, 47, 53, 61, 73, 89, 97, 101, 109]","[3.5592273935099614, 3.048027668301737, 0.9324254259328411, 0.5, 1.0]","{""time"": 1.0, ""collisions"": 0.05, ""congestion"": 1.0, ""fairness"": 2.0, ""incomplete_base"": 1000.0, ""incomplete_agent"": 10.0}","[86.59121166791323, 64.09480519480519, 50.73367346938775, 75.71461794019933, 46.952445302445305, 54.9344208271544, 74.78452380952382, 60.69741824440621, 57.73562091503268, 56.96457498887406]","[38.2, 33.0, 29.400000000000002, 34.4, 29.6, 28.900000000000002, 36.800000000000004, 33.2, 30.6, 32.1]"
ga,7,35,64.64511693494926,33.33,205.7,1.7153550301873586,5.7,12.236785714285716,21.89416666666667,9.657380952380953,True,0.0,hospital_corridor,28,12,"[11, 29, 47, 53, 61, 73, 89, 97, 101, 109]","[3.5949232624363434, 2.9493505230502306, 0.9394328322063386, 0.5, 1.0]","{""time"": 1.0, ""collisions"": 0.05, ""congestion"": 1.0, ""fairness"": 2.0, ""incomplete_base"": 1000.0, ""incomplete_agent"": 10.0}","[101.06387089441984, 49.51692597831212, 51.230365296803654, 59.72549019607843, 42.51046918767507, 54.53669950738916, 93.37804698972101, 76.14132973944295, 61.090216878830745, 57.2577546808197]","[41.900000000000006, 30.3, 29.200000000000003, 30.6, 27.200000000000003, 29.0, 45.400000000000006, 37.1, 30.3, 32.300000000000004]"
ga,7,36,1189.5559667080265,36.279999999999994,2672.5,1.8366593487190848,5.7,11.124285714285715,19.531439393939397,8.40715367965368,False,0.1,hospital_corridor,28,12,"[11, 29, 47, 53, 61, 73, 89, 97, 101, 109]","[3.742830736392804, 3.455547504764421, 0.5041801171423785, 0.5, 1.0]","{""time"": 1.0, ""collisions"": 0.05, ""congestion"": 1.0, ""fairness"": 2.0, ""incomplete_base"": 1000.0, ""incomplete_agent"": 10.0}","[1283.685025974026, 194.40804828973845, 145.41866902237928, 166.6924589631074, 189.2706721677841, 139.58608058608058, 220.9166034555415, 243.40363650283265, 141.65092109836635, 170.52755102040817]","[100.0, 28.400000000000002, 28.3, 29.3, 27.700000000000003, 27.3, 33.9, 31.1, 27.400000000000002, 29.400000000000002]"
ga,7,37,57.807938169463455,30.480000000000008,145.1,2.1457953123205966,6.0,12.111428571428572,21.075000000000003,8.963571428571427,True,0.0,hospital_corridor,28,12,"[11, 29, 47, 53, 61, 73, 89, 97, 101, 109]","[3.90444183272254, 4.058988213625708, 0.8505080897523274, 0.5, 1.0]","{""time"": 1.0, ""collisions"": 0.05, ""congestion"": 1.0, ""fairness"": 2.0, ""incomplete_base"": 1000.0, ""incomplete_agent"": 10.0}","[70.6899416909621, 68.86847679134745, 53.79317889317889, 58.86868327402136, 43.86884920634921, 51.59234511008705, 62.03452380952381, 59.11647889439688, 54.190601503759396, 55.056302521008405]","[34.300000000000004, 31.700000000000003, 29.6, 28.1, 28.8, 27.900000000000002, 33.6, 31.700000000000003, 28.5, 30.6]"
ga,7,38,62.16629680490716,33.760000000000005,145.8,1.8429634715738277,5.3,12.852499999999997,22.489166666666666,9.636666666666667,True,0.0,hospital_corridor,28,12,"[11, 29, 47, 53, 61, 73, 89, 97, 101, 109]","[3.0960027782413952, 2.9727639888948723, 0.9056931932747464, 0.5, 1.0]","{""time"": 1.0, ""collisions"": 0.05, ""congestion"": 1.0, ""fairness"": 2.0, ""incomplete_base"": 1000.0, ""incomplete_agent"": 10.0}","[76.56293995859214, 50.87261521972133, 55.39035674470457, 52.8487932159165, 52.090476190476195, 54.69701182486418, 76.67221651250429, 86.38874958759486, 61.50517267609919, 54.63463611859839]","[34.5, 31.1, 29.900000000000002, 29.200000000000003, 35.0, 29.8, 41.7, 43.300000000000004, 31.3, 31.8]"
ga,7,39,61.49562926870492,33.07000000000001,153.7,1.7532483163239625,5.4,12.624642857142858,22.118333333333336,9.493690476190475,True,0.0,hospital_corridor,28,12,"[11, 29, 47, 53, 61, 73, 89, 97, 101, 109]","[3.174751276864592, 3.005336229325891, 0.9013555112668881, 0.5, 1.0]","{""time"": 1.0, ""collisions"": 0.05, ""congestion"": 1.0, ""fairness"": 2.0, ""incomplete_base"": 1000.0, ""incomplete_agent"": 10.0}","[70.6003144654088, 58.752878464818764, 57.74125656951745, 60.51774891774892, 47.9910166520596, 54.400292540224285, 68.6574138598529, 68.95579150579151, 59.986580086580084, 67.35299962504688]","[31.8, 33.5, 29.900000000000002, 30.8, 32.6, 29.3, 36.9, 37.0, 30.8, 38.1]"
ga,7,40,63.33984912735413,29.95,281.5,2.039849127354125,5.4,11.995000000000001,20.6325,8.637500000000001,True,0.0,hospital_corridor,28,12,"[11, 29, 47, 53, 61, 73, 89, 97, 101, 109]","[3.8744944660761953, 3.7445624596483245, 0.8179059686318871, 0.5, 1.0]","{""time"": 1.0, ""collisions"": 0.05, ""congestion"": 1.0, ""fairness"": 2.0, ""incomplete_base"": 1000.0, ""incomplete_agent"": 10.0}","[89.5113414450954, 59.50354374307864, 56.29355158730159, 61.50904425374391, 50.46762917933132, 53.51687370600414, 71.72569686411151, 60.072525062656645, 72.11486999707859, 58.68341543513958]","[31.700000000000003, 30.1, 28.8, 28.3, 28.200000000000003, 27.6, 32.800000000000004, 30.400000000000002, 32.6, 29.0]"
ga,7,41,60.06550923484161,32.620000000000005,147.5,1.8671759015082756,5.8,12.5325,21.634166666666665,9.101666666666668,True,0.0,hospital_corridor,28,12,"[11, 29, 47, 53, 61, 73, 89, 97, 101, 109]","[3.7106990726343785, 3.603942133419613, 0.8995896283724957, 0.5, 1.0]","{""time"": 1.0, ""collisions"": 0.05, ""congestion"": 1.0, ""fairness"": 2.0, ""incomplete_base"": 1000.0, ""incomplete_agent"": 10.0}","[80.06991341991342, 62.50568086883877, 53.986333985649054, 64.39565826330534, 42.99717722140403, 52.13242790073777, 60.82874911158493, 70.95315762668704, 57.69719887955182, 55.08879507074395]","[38.5, 34.2, 29.200000000000003, 34.0, 29.1, 28.400000000000002, 33.5, 37.4, 30.6, 31.3]"
ga,7,42,63.754137020678186,29.6,283.4,1.8848513063924721,5.7,11.180357142857144,20.23,9.049642857142858,True,0.0,hospital_corridor,28,12,"[11, 29, 47, 53, 61, 73, 89, 97, 101, 109]","[4.612161481178898, 3.4082318685609767, 0.8562673977968391, 0.5, 1.0]","{""time"": 1.0, ""collisions"": 0.05, ""congestion"": 1.0, ""fairness"": 2.0, ""incomplete_base"": 1000.0, ""incomplete_agent"": 10.0}","[84.4332665776591, 69.06223155929038, 48.951879699248124, 60.04814814814815, 54.5662876915472, 52.715546218487404, 80.93260073260073, 69.45974872033504, 57.38095238095238, 59.99070847851337]","[32.1, 30.6, 28.5, 27.0, 28.900000000000002, 27.200000000000003, 35.1, 30.700000000000003, 27.200000000000003, 28.700000000000003]"
ga,7,43,59.65283370279581,33.61,104.7,1.6995003694624757,5.5,12.3875,21.94166666666667,9.554166666666667,True,0.0,hospital_corridor,28,12,"[11, 29, 47, 53, 61, 73, 89, 97, 101, 109]","[3.592544979924915, 3.532204901826179, 0.930056437076026, 0.5, 1.0]","{""time"": 1.0, ""collisions"": 0.05, ""congestion"": 1.0, ""fairness"": 2.0, ""incomplete_base"": 1000.0, ""incomplete_agent"": 10.0}","[88.17187599872165, 59.837259816207194, 50.31223091976517, 53.833822570123935, 46.77287157287158, 53.42192118226602, 74.4094356261023, 62.37475685234307, 53.17828947368422, 54.215873015873015]","[44.7, 34.2, 29.200000000000003, 29.200000000000003, 29.700000000000003, 29.0, 40.5, 37.7, 30.400000000000002, 31.5]"
ga,7,44,64.83458059322577,30.570000000000004,304.9,1.8236282122733765,5.4,12.002857142857144,20.600833333333334,8.597976190476192,True,0.0,hospital_corridor,28,12,"[11, 29, 47, 53, 61, 73, 89, 97, 101, 109]","[3.849300043219289, 2.8817419064470786, 0.8916034141018485, 0.5, 1.0]","{""time"": 1.0, ""collisions"": 0.05, ""congestion"": 1.0, ""fairness"": 2.0, ""incomplete_base"": 1000.0, ""incomplete_agent"": 10.0}","[85.1112412177986, 72.58571428571429, 60.15029761904762, 63.224772036474164, 48.36349206349206, 57.26190476190476, 63.19706736353079, 77.86345136345136, 62.7403748733536, 57.84749034749035]","[30.5, 33.0, 28.8, 28.200000000000003, 31.5, 28.0, 32.800000000000004, 35.1, 28.200000000000003, 29.6]"
ga,7,45,1180.9973265227527,100.0,71.9,0.4607,4.2,12.598722092159049,23.069535353535354,10.470813261376305,False,5.6,hospital_corridor,28,12,"[11, 29, 47, 53, 61, 73, 89, 97, 101, 109]","[4.275784402052974, 3.8823341427099343, 1.1914654485363463, 0.5, 1.0]","{""time"": 1.0, ""collisions"": 0.05, ""congestion"": 1.0, ""fairness"": 2.0, ""incomplete_base"": 1000.0, ""incomplete_agent"": 10.0}","[1173.1013333333333, 1224.0584444444444, 1189.8326521739132, 1200.427484848485, 1205.469, 1135.9451851851852, 1159.8863333333334, 1172.8422592592592, 1180.4251111111112, 1167.9854615384615]","[100.0, 100.0, 100.0, 100.0, 100.0, 100.0, 100.0, 100.0, 100.0, 100.0]"
ga,7,46,59.3194007407175,32.940000000000005,118.6,1.8077340740508283,5.2,12.64,21.960833333333333,9.320833333333333,True,0.0,hospital_corridor,28,12,"[11, 29, 47, 53, 61, 73, 89, 97, 101, 109]","[3.6767589463045605, 3.7595873040900254, 0.9126784882967676, 0.5, 1.0]","{""time"": 1.0, ""collisions"": 0.05, ""congestion"": 1.0, ""fairness"": 2.0, ""incomplete_base"": 1000.0, ""incomplete_agent"": 10.0}","[86.3425900670531, 61.20197934595525, 52.58543179983859, 59.44388674388675, 44.48147423352903, 52.03118466898955, 62.050595238095234, 66.58308787432499, 53.4061224489796, 55.06765498652291]","[41.900000000000006, 33.2, 29.5, 33.300000000000004, 29.200000000000003, 28.700000000000003, 33.6, 38.800000000000004, 29.400000000000002, 31.8]"
ga,7,47,65.16627955432622,35.279999999999994,142.1,1.7174700305166983,4.8,13.248928571428573,23.78083333333334,10.531904761904764,True,0.0,hospital_corridor,28,12,"[11, 29, 47, 53, 61, 73, 89, 97, 101, 109]","[3.644076835194881, 3.6005941621506006, 0.9831694822033094, 0.5, 1.0]","{""time"": 1.0, ""collisions"": 0.05, ""congestion"": 1.0, ""fairness"": 2.0, ""incomplete_base"": 1000.0, ""incomplete_agent"": 10.0}","[75.78333333333333, 53.91428571428571, 51.961541565778845, 67.84032006245121, 68.28963585434174, 68.33925983436855, 61.55238095238096, 68.30183450429352, 57.31163003663004, 78.36857368539835]","[37.0, 31.5, 29.5, 36.6, 37.4, 36.800000000000004, 34.0, 36.6, 31.200000000000003, 42.2]"
ga,7,48,1191.3914499252262,36.7,2688.3,1.8109087996850117,5.6,11.160714285714286,19.89348484848485,8.732770562770565,False,0.1,hospital_corridor,28,12,"[11, 29, 47, 53, 61, 73, 89, 97, 101, 109]","[3.622219304027975, 3.5964876069104954, 0.5631173055632152, 0.5, 1.0]","{""time"": 1.0, ""collisions"": 0.05, ""congestion"": 1.0, ""fairness"": 2.0, ""incomplete_base"": 1000.0, ""incomplete_agent"": 10.0}","[1288.7065064935064, 200.43792756539233, 155.97116029510397, 164.94360818152765, 174.08540484785973, 153.46697949252695, 195.19065255731923, 245.9527049873204, 159.092888165038, 176.0666666666667]","[100.0, 28.400000000000002, 28.400000000000002, 29.8, 27.700000000000003, 27.400000000000002, 32.4, 33.800000000000004, 30.700000000000003, 28.400000000000002]"
ga,7,49,57.687113377586684,33.42,56.4,1.7999705204438237,5.2,13.15392857142857,22.977500000000003,9.82357142857143,True,0.0,hospital_corridor,28,12,"[11, 29, 47, 53, 61, 73, 89, 97, 101, 109]","[2.7884122965851583, 3.672882816457725, 0.8759037814058216, 0.5, 1.0]","{""time"": 1.0, ""collisions"": 0.05, ""congestion"": 1.0, ""fairness"": 2.0, ""incomplete_base"": 1000.0, ""incomplete_agent"": 10.0}","[62.336977007161714, 50.56111111111112, 53.656349206349205, 54.703968253968256, 41.045421245421245, 55.96538461538462, 74.8776808433297, 64.77608367885412, 58.705405405405415, 60.24275240888145]","[37.9, 31.5, 31.5, 31.5, 26.0, 31.200000000000003, 39.300000000000004, 37.9, 33.300000000000004, 34.1]"
ga,7,50,57.86262055006425,31.790000000000003,124.8,1.911430073873769,5.7,12.466071428571428,21.426666666666666,8.96059523809524,True,0.0,hospital_corridor,28,12,"[11, 29, 47, 53, 61, 73, 89, 97, 101, 109]","[4.287813945127524, 4.2874051051640345, 0.9101541242000221, 0.5, 1.0]","{""time"": 1.0, ""collisions"": 0.05, ""congestion"": 1.0, ""fairness"": 2.0, ""incomplete_base"": 1000.0, ""incomplete_agent"": 10.0}","[78.02185675360062, 63.606636271529894, 49.141212567501235, 56.75266421681213, 45.02678571428571, 50.94351570415401, 69.36041500399043, 61.30167061299658, 49.74419321685509, 54.72725543891677]","[36.7, 32.9, 29.1, 31.1, 28.8, 28.200000000000003, 35.800000000000004, 36.2, 27.8, 31.3]"
ga,7,51,1159.361766148854,93.94,52.8,0.5798106598984771,4.7,12.936431346431348,23.537409090909097,10.600977744477744,False,4.1,hospital_corridor,28,12,"[11, 29, 47, 53, 61, 73, 89, 97, 101, 109]","[3.6468740281382317, 3.8085454456557435, 1.090276316021488, 0.5, 1.0]","{""time"": 1.0, ""collisions"": 0.05, ""congestion"": 1.0, ""fairness"": 2.0, ""incomplete_base"": 1000.0, ""incomplete_agent"": 10.0}","[1168.6853333333333, 1215.3346666666666, 1169.7889393939395, 1180.081909090909, 1187.403761904762, 1150.8258321678322, 1166.5914615384615, 69.65234469422288, 1140.7135555555556, 1144.539857142857]","[100.0, 100.0, 100.0, 100.0, 100.0, 100.0, 100.0, 39.400000000000006, 100.0, 100.0]"
ga,7,52,67.07818647762201,40.81000000000001,71.3,1.4398531442886742,4.9,14.572500000000002,25.20416666666667,10.631666666666668,True,0.0,hospital_corridor,28,12,"[11, 29, 47, 53, 61, 73, 89, 97, 101, 109]","[2.1478100644348057, 2.594771519860223, 0.9377408698794205, 0.5, 1.0]","{""time"": 1.0, ""collisions"": 0.05, ""congestion"": 1.0, ""fairness"": 2.0, ""incomplete_base"": 1000.0, ""incomplete_agent"": 10.0}","[66.13140096618358, 53.531146744412055, 65.22142857142858, 50.81295581295582, 71.2637668509359, 68.72084669279184, 75.8628642501777, 79.26954595791806, 65.69921259842519, 74.26869633099142]","[41.400000000000006, 34.300000000000004, 39.2, 33.300000000000004, 49.1, 40.1, 46.900000000000006, 43.0, 38.1, 42.7]"
ga,7,53,94.41313152839976,30.04,894.4,1.9217029569711888,5.9,11.844285714285714,20.71,8.865714285714287,True,0.0,hospital_corridor,28,12,"[11, 29, 47, 53, 61, 73, 89, 97, 101, 109]","[2.9490320975021054, 2.7946906402284153, 0.7463542781396992, 0.5, 1.0]","{""time"": 1.0, ""collisions"": 0.05, ""congestion"": 1.0, ""fairness"": 2.0, ""incomplete_base"": 1000.0, ""incomplete_agent"": 10.0}","[116.29560439560439, 79.92899716177861, 92.40182648401827, 116.12108843537416, 67.44631696428571, 79.25338345864662, 102.07215320910971, 101.91772805507748, 116.80870987372585, 71.88550724637682]","[28.6, 30.200000000000003, 29.200000000000003, 29.400000000000002, 25.6, 28.5, 34.5, 33.2, 31.3, 29.900000000000002]"
ga,7,54,56.529549170229146,32.55,74.0,1.7133586940386674,5.2,12.416071428571431,21.699166666666667,9.283095238095239,True,0.0,hospital_corridor,28,12,"[11, 29, 47, 53, 61, 73, 89, 97, 101, 109]","[3.6083356211635427, 3.838077173090318, 0.919651311682738, 0.5, 1.0]","{""time"": 1.0, ""collisions"": 0.05, ""congestion"": 1.0, ""fairness"": 2.0, ""incomplete_base"": 1000.0, ""incomplete_agent"": 10.0}","[72.81757703081233, 59.60595238095239, 50.33974483991548, 56.10396825396825, 39.25897435897436, 54.21746031746032, 62.71569264069265, 59.77714285714286, 54.98142076502732, 55.477558257345486]","[40.800000000000004, 32.800000000000004, 29.3, 31.5, 26.0, 31.5, 35.2, 35.0, 30.5, 32.9]"
ga,7,55,56.50464938901251,32.900000000000006,69.7,1.8094112937744122,5.3,12.598214285714288,21.753333333333337,9.155119047619047,True,0.0,hospital_corridor,28,12,"[11, 29, 47, 53, 61, 73, 89, 97, 101, 109]","[3.3100936687237548, 3.6678697114701575, 0.9097338212088338, 0.5, 1.0]","{""time"": 1.0, ""collisions"": 0.05, ""congestion"": 1.0, ""fairness"": 2.0, ""incomplete_base"": 1000.0, ""incomplete_agent"": 10.0}","[69.83940476190476, 49.40934065934066, 53.334693877551025, 49.9421768707483, 47.4474025974026, 54.35566037735849, 64.53293650793651, 63.278174603174605, 56.17314011866728, 56.73356351604086]","[40.0, 31.200000000000003, 29.400000000000002, 29.400000000000002, 30.8, 31.8, 36.0, 36.0, 31.3, 33.1]"
ga,7,56,62.44477264152239,30.859999999999996,235.3,1.7828678796176267,5.6,11.558214285714286,20.57666666666667,9.01845238095238,True,0.0,hospital_corridor,28,12,"[11, 29, 47, 53, 61, 73, 89, 97, 101, 109]","[4.3060297943917885, 3.175321703323785, 0.9180779472011623, 0.5, 1.0]","{""time"": 1.0, ""collisions"": 0.05, ""congestion"": 1.0, ""fairness"": 2.0, ""incomplete_base"": 1000.0, ""incomplete_agent"": 10.0}","[83.37691511387163, 64.84285714285714, 55.4006968641115, 55.81137472656907, 51.36459627329192, 53.96469534050179, 67.85223214285715, 64.15461583406369, 63.773070607553365, 63.90667236954663]","[32.2, 30.0, 28.700000000000003, 28.3, 34.5, 27.900000000000002, 32.0, 32.6, 29.0, 33.4]"
ga,7,57,59.7209337532458,32.760000000000005,116.2,1.8261718484838856,5.9,12.584285714285715,22.246666666666666,9.662380952380953,True,0.0,hospital_corridor,28,12,"[11, 29, 47, 53, 61, 73, 89, 97, 101, 109]","[2.9725746927976604, 3.0388437261716805, 0.8779586514470241, 0.5, 1.0]","{""time"": 1.0, ""collisions"": 0.05, ""congestion"": 1.0, ""fairness"": 2.0, ""incomplete_base"": 1000.0, ""incomplete_agent"": 10.0}","[63.35892857142858, 50.33809523809524, 54.98348997493734, 54.77226556151471, 47.89429678848284, 54.78857786357787, 68.17265472946673, 75.52675290588675, 58.915665331553186, 68.45861056751468]","[33.6, 31.200000000000003, 30.400000000000002, 29.3, 30.1, 29.6, 36.7, 38.1, 32.1, 36.5]"
ga,7,58,63.10782994802586,32.14,201.7,1.8944966146925197,5.5,12.31,21.804166666666667,9.494166666666668,True,0.0,hospital_corridor,28,12,"[11, 29, 47, 53, 61, 73, 89, 97, 101, 109]","[3.4020822156521784, 3.0456303186425666, 0.8931950915763003, 0.5, 1.0]","{""time"": 1.0, ""collisions"": 0.05, ""congestion"": 1.0, ""fairness"": 2.0, ""incomplete_base"": 1000.0, ""incomplete_agent"": 10.0}","[85.32945501146635, 67.49972875226041, 59.12599478147423, 58.131220657277, 45.18622908622908, 52.575842044134724, 66.26630752859803, 82.24334733893559, 58.71554714601072, 56.00462713387242]","[35.300000000000004, 31.6, 29.200000000000003, 28.400000000000002, 29.6, 28.700000000000003, 35.800000000000004, 40.800000000000004, 30.200000000000003, 31.8]"
ga,7,59,58.06316215487126,33.839999999999996,66.2,1.7260192977284021,5.4,12.756428571428573,22.35,9.59357142857143,True,0.0,hospital_corridor,28,12,"[11, 29, 47, 53, 61, 73, 89, 97, 101, 109]","[3.1173058694680087, 3.621616351396887, 0.8927898685580837, 0.5, 1.0]","{""time"": 1.0, ""collisions"": 0.05, ""congestion"": 1.0, ""fairness"": 2.0, ""incomplete_base"": 1000.0, ""incomplete_agent"": 10.0}","[74.1760162601626, 54.41450216450216, 52.99411764705883, 47.80336617405583, 48.76231884057972, 56.31966205837174, 65.8022122745556, 60.96959706959707, 56.71443223443223, 62.67539682539683]","[41.0, 33.0, 30.6, 29.0, 32.2, 31.0, 36.7, 36.4, 32.5, 36.0]"
ga,8,0,55.90662745512358,30.330000000000002,118.5,1.8547226932188146,5.7,11.590714285714288,20.48916666666667,8.898452380952381,True,0.0,hospital_corridor,28,12,"[11, 29, 47, 53, 61, 73, 89, 97, 101, 109]","[4.389831000312875, 4.118020277630309, 0.8692181948923733, 0.5, 1.0]","{""time"": 1.0, ""collisions"": 0.05, ""congestion"": 1.0, ""fairness"": 2.0, ""incomplete_base"": 1000.0, ""incomplete_agent"": 10.0}","[83.02084669279184, 55.569317623956806, 47.77162629757785, 48.069098822324634, 45.280952380952385, 50.41255411255411, 62.49969753373662, 55.11291237498134, 54.22805194805194, 57.10121676430825]","[40.1, 29.1, 28.900000000000002, 27.900000000000002, 28.0, 27.5, 30.700000000000003, 31.900000000000002, 27.5, 31.700000000000003]"
ga,8,1,56.50464938901251,32.900000000000006,69.7,1.8094112937744122,5.3,12.598214285714288,21.753333333333337,9.155119047619047,True,0.0,hospital_corridor,28,12,"[11, 29, 47, 53, 61, 73, 89, 97, 101, 109]","[3.3100936687237548, 3.6678697114701575, 0.9097338212088338, 0.5, 1.0]","{""time"": 1.0, ""collisions"": 0.05, ""congestion"": 1.0, ""fairness"": 2.0, ""incomplete_base"": 1000.0, ""incomplete_agent"": 10.0}","[69.83940476190476, 49.40934065934066, 53.334693877551025, 49.9421768707483, 47.4474025974026, 54.35566037735849, 64.53293650793651, 63.278174603174605, 56.17314011866728, 56.73356351604086]","[40.0, 31.200000000000003, 29.400000000000002, 29.400000000000002, 30.8, 31.8, 36.0, 36.0, 31.3, 33.1]"
ga,8,2,57.44492922371232,31.45,110.2,1.8275482713313693,5.4,11.917142857142858,21.245833333333334,9.328690476190475,True,0.0,hospital_corridor,28,12,"[11, 29, 47, 53, 61, 73, 89, 97, 101, 109]","[3.9642252675942027, 3.8123293888319965, 0.9151213057473139, 0.5, 1.0]","{""time"": 1.0, ""collisions"": 0.05, ""congestion"": 1.0, ""fairness"": 2.0, ""incomplete_base"": 1000.0, ""incomplete_agent"": 10.0}","[73.96493680582152, 68.23366586858208, 51.24834543987086, 61.781409331409336, 43.490196078431374, 52.69741784037559, 58.77760141093474, 58.4896480331263, 51.85654761904762, 53.90952380952382]","[37.300000000000004, 35.800000000000004, 29.5, 29.700000000000003, 28.900000000000002, 28.400000000000002, 32.4, 32.2, 28.8, 31.5]"
ga,8,3,1117.507233440674,67.44,232.3,0.9855758390164965,4.8,11.597959077959079,21.331287878787883,9.7333288008288,False,1.8,hospital_corridor,28,12,"[11, 29, 47, 53, 61, 73, 89, 97, 101, 109]","[4.294617854651276, 2.877774177663926, 1.0772201792437703, 0.5, 1.0]","{""time"": 1.0, ""collisions"": 0.05, ""congestion"": 1.0, ""fairness"": 2.0, ""incomplete_base"": 1000.0, ""incomplete_agent"": 10.0}","[91.32007575757575, 1182.429393939394, 1147.0295524475525, 1160.1303333333333, 1156.3723333333332, 1142.2412962962962, 97.25366972477065, 69.24334480780264, 60.96196846631629, 68.0903663003663]","[35.2, 100.0, 100.0, 100.0, 100.0, 100.0, 43.6, 33.2, 29.900000000000002, 32.5]"
ga,8,4,64.41928153903868,32.07000000000001,266.6,1.798567253324379,5.4,12.439642857142857,21.05,8.610357142857143,True,0.0,hospital_corridor,28,12,"[11, 29, 47, 53, 61, 73, 89, 97, 101, 109]","[3.332625269449741, 2.9999590390062076, 0.8360029590997655, 0.5, 1.0]","{""time"": 1.0, ""collisions"": 0.05, ""congestion"": 1.0, ""fairness"": 2.0, ""incomplete_base"": 1000.0, ""incomplete_agent"": 10.0}","[86.26114106019767, 65.6575459023735, 58.448010437051536, 63.09838067791959, 57.17955182072829, 54.082918149466195, 68.88982683982684, 67.15619047619047, 63.99940875679131, 59.41984126984127]","[31.8, 31.900000000000002, 29.200000000000003, 34.7, 35.7, 28.1, 33.0, 35.0, 29.8, 31.5]"
ga,8,5,60.10685086010449,33.3,107.7,1.8113746696283024,5.7,12.238928571428572,22.044166666666666,9.805238095238096,True,0.0,hospital_corridor,28,12,"[11, 29, 47, 53, 61, 73, 89, 97, 101, 109]","[3.6608365232240088, 3.7052908801166087, 0.8916368307409555, 0.5, 1.0]","{""time"": 1.0, ""collisions"": 0.05, ""congestion"": 1.0, ""fairness"": 2.0, ""incomplete_base"": 1000.0, ""incomplete_agent"": 10.0}","[79.40153061224491, 49.966883116883125, 54.17466276613035, 66.73809523809524, 47.20944170771757, 52.81772120612952, 71.53321428571428, 58.97842037116962, 64.41223893065998, 55.836300366300364]","[39.2, 30.8, 29.3, 36.0, 29.0, 28.900000000000002, 40.0, 33.1, 34.2, 32.5]"
ga,8,6,60.58302362089856,33.410000000000004,135.2,1.849690287565214,5.5,12.812500000000004,22.09416666666667,9.28166666666667,True,0.0,hospital_corridor,28,12,"[11, 29, 47, 53, 61, 73, 89, 97, 101, 109]","[3.721029722378767, 3.5670828542412196, 0.9220408485298355, 0.5, 1.0]","{""time"": 1.0, ""collisions"": 0.05, ""congestion"": 1.0, ""fairness"": 2.0, ""incomplete_base"": 1000.0, ""incomplete_agent"": 10.0}","[74.76171118854046, 67.46584176977879, 51.42081492390771, 67.85700280112044, 44.57687074829933, 53.30218253968255, 61.13601368691189, 63.99384236453203, 63.27360066833752, 58.04235551787482]","[36.9, 38.1, 29.1, 35.7, 29.400000000000002, 28.8, 33.4, 34.800000000000004, 34.2, 33.7]"
ga,8,7,1221.4653871903079,100.0,40.6,0.40120000000000006,3.7,13.879959435149138,22.897053030303034,9.017093595153893,False,10.1,hospital_corridor,28,12,"[11, 29, 47, 53, 61, 73, 89, 97, 101, 109]","[3.7494741219652945, 3.712752635703071, 1.4047113725957956, 0.5, 1.0]","{""time"": 1.0, ""collisions"": 0.05, ""congestion"": 1.0, ""fairness"": 2.0, ""incomplete_base"": 1000.0, ""incomplete_agent"": 10.0}","[1196.172090909091, 1262.9337272727273, 1217.528492063492, 1213.451, 1224.7887368421052, 1202.7015555555556, 1198.0975652173913, 1215.2307391304348, 1179.5563333333334, 1304.1936315789474]","[100.0, 100.0, 100.0, 100.0, 100.0, 100.0, 100.0, 100.0, 100.0, 100.0]"
ga,8,8,57.91787506298752,33.56000000000001,72.6,1.8640655391779788,5.5,12.76142857142857,22.193333333333335,9.431904761904763,True,0.0,hospital_corridor,28,12,"[11, 29, 47, 53, 61, 73, 89, 97, 101, 109]","[3.7226632135369773, 3.9874643805798318, 0.9265802490372308, 0.5, 1.0]","{""time"": 1.0, ""collisions"": 0.05, ""congestion"": 1.0, ""fairness"": 2.0, ""incomplete_base"": 1000.0, ""incomplete_agent"": 10.0}","[81.56917404129794, 65.02207207207208, 56.5654986522911, 57.20464576074333, 43.75880058508045, 51.45807593307593, 60.91901993355482, 56.33452380952381, 51.96091403004155, 54.386025812194035]","[45.2, 37.0, 31.8, 32.800000000000004, 29.3, 29.6, 34.4, 33.6, 29.8, 32.1]"
ga,8,9,57.69202924897714,31.620000000000005,96.9,1.9053625823104734,5.1,11.925,21.585833333333333,9.660833333333333,True,0.0,hospital_corridor,28,12,"[11, 29, 47, 53, 61, 73, 89, 97, 101, 109]","[4.317443297439044, 4.137270200516903, 0.918597493786109, 0.5, 1.0]","{""time"": 1.0, ""collisions"": 0.05, ""congestion"": 1.0, ""fairness"": 2.0, ""incomplete_base"": 1000.0, ""incomplete_agent"": 10.0}","[65.79535283993116, 67.8624031007752, 48.645180023228804, 54.48338111164199, 45.82549117549118, 53.1727456940223, 62.703571428571436, 61.45058309037901, 60.69030197444832, 56.29128205128205]","[33.2, 34.4, 28.700000000000003, 29.900000000000002, 28.6, 28.200000000000003, 33.6, 34.300000000000004, 32.800000000000004, 32.5]"
ga,8,10,70.60070129875218,31.340000000000003,375.0,1.7618917749426608,5.5,11.863928571428573,21.238333333333333,9.374404761904762,True,0.0,hospital_corridor,28,12,"[11, 29, 47, 53, 61, 73, 89, 97, 101, 109]","[4.509216119328905, 3.1810270885036127, 0.9116692757845164, 0.5, 1.0]","{""time"": 1.0, ""collisions"": 0.05, ""congestion"": 1.0, ""fairness"": 2.0, ""incomplete_base"": 1000.0, ""incomplete_agent"": 10.0}","[106.44926948051948, 75.54486517498566, 52.49337979094077, 82.46151940545005, 56.33047619047619, 54.5718755372185, 82.53377581120944, 78.68405397767415, 60.26190476190476, 56.67589285714286]","[35.2, 33.2, 28.700000000000003, 34.6, 30.0, 27.700000000000003, 33.9, 33.7, 27.6, 28.8]"
ga,8,11,62.7438890965246,31.889999999999997,222.1,1.7681748108103115,5.7,12.007142857142856,20.997500000000002,8.990357142857142,True,0.0,hospital_corridor,28,12,"[11, 29, 47, 53, 61, 73, 89, 97, 101, 109]","[3.9009569336361425, 3.130331132114536, 0.9131788895001051, 0.5, 1.0]","{""time"": 1.0, ""collisions"": 0.05, ""congestion"": 1.0, ""fairness"": 2.0, ""incomplete_base"": 1000.0, ""incomplete_agent"": 10.0}","[89.11959706959708, 67.47736916548799, 53.39143348060874, 64.4578283945157, 48.998189335614484, 54.91084093211754, 66.48750000000001, 68.05742714996447, 55.7481220657277, 58.79058337161232]","[39.0, 30.3, 29.1, 32.300000000000004, 33.4, 28.200000000000003, 33.6, 33.5, 28.400000000000002, 31.1]"
ga,8,12,74.79269175033416,29.839999999999996,490.3,1.961263178905589,5.6,11.371785714285716,20.610000000000003,9.238214285714285,True,0.0,hospital_corridor,28,12,"[11, 29, 47, 53, 61, 73, 89, 97, 101, 109]","[4.047172256239992, 3.9865182218812567, 0.782664902356088, 0.5, 1.0]","{""time"": 1.0, ""collisions"": 0.05, ""congestion"": 1.0, ""fairness"": 2.0, ""incomplete_base"": 1000.0, ""incomplete_agent"": 10.0}","[89.93116883116883, 68.58512720156557, 71.3189655172414, 71.46666666666667, 56.85028161802356, 59.4624299719888, 73.1820897785866, 70.11995845317993, 121.84424307036247, 65.16598639455783]","[33.0, 29.200000000000003, 29.0, 28.0, 27.900000000000002, 27.200000000000003, 31.400000000000002, 29.8, 33.5, 29.400000000000002]"
ga,8,13,57.022728581584616,31.9,94.0,1.8260619149179445,5.0,12.265,21.563333333333336,9.298333333333334,True,0.0,hospital_corridor,28,12,"[11, 29, 47, 53, 61, 73, 89, 97, 101, 109]","[3.9174006351920925, 3.950563124246984, 0.9125791505744487, 0.5, 1.0]","{""time"": 1.0, ""collisions"": 0.05, ""congestion"": 1.0, ""fairness"": 2.0, ""incomplete_base"": 1000.0, ""incomplete_agent"": 10.0}","[66.37383855981417, 51.554761904761904, 51.61121747668139, 52.659846650524614, 43.8718931475029, 50.87102615694165, 66.57904216127712, 73.0266550522648, 59.07345415778252, 54.60555054829503]","[32.800000000000004, 29.400000000000002, 29.1, 29.5, 28.700000000000003, 28.400000000000002, 34.9, 41.0, 33.5, 31.700000000000003]"
ga,8,14,56.82479087098466,30.71,138.1,1.8626480138417978,5.3,12.263928571428572,20.9375,8.673571428571428,True,0.0,hospital_corridor,28,12,"[11, 29, 47, 53, 61, 73, 89, 97, 101, 109]","[3.5918470447747097, 3.212591861825678, 0.9168733647736278, 0.5, 1.0]","{""time"": 1.0, ""collisions"": 0.05, ""congestion"": 1.0, ""fairness"": 2.0, ""incomplete_base"": 1000.0, ""incomplete_agent"": 10.0}","[73.96233766233766, 49.2076112412178, 56.12640988135868, 53.82183507549362, 46.393096034400386, 52.68128078817735, 64.60421728808826, 58.20422565422566, 57.50602333648692, 55.74087174806025]","[30.8, 30.5, 29.3, 28.700000000000003, 29.900000000000002, 29.0, 34.1, 33.300000000000004, 30.200000000000003, 31.3]"
ga,8,15,1200.2819123342765,36.45,2878.5,1.8697911221552144,5.8,11.66,20.178560606060607,8.518560606060607,False,0.1,hospital_corridor,28,12,"[11, 29, 47, 53, 61, 73, 89, 97, 101, 109]","[3.342696750299031, 3.0908122246477303, 0.5608240635333003, 0.5, 1.0]","{""time"": 1.0, ""collisions"": 0.05, ""congestion"": 1.0, ""fairness"": 2.0, ""incomplete_base"": 1000.0, ""incomplete_agent"": 10.0}","[1337.965116883117, 205.70063879210224, 154.42857142857144, 180.10021645021646, 174.56490829547369, 154.32567287784678, 223.0898589065256, 214.6784708249497, 167.91393728222997, 190.0517316017316]","[100.0, 28.700000000000003, 28.8, 30.8, 28.3, 27.6, 32.4, 28.400000000000002, 28.700000000000003, 30.8]"
ga,8,16,62.175434552666545,38.940000000000005,69.5,1.656863124095112,5.0,13.615714285714287,22.6675,9.051785714285716,True,0.0,hospital_corridor,28,12,"[11, 29, 47, 53, 61, 73, 89, 97, 101, 109]","[3.9284876523138417, 4.082534714928721, 0.9974056522077716, 0.5, 1.0]","{""time"": 1.0, ""collisions"": 0.05, ""congestion"": 1.0, ""fairness"": 2.0, ""incomplete_base"": 1000.0, ""incomplete_agent"": 10.0}","[66.11695319961795, 107.9547813071678, 51.9645557191949, 58.70824622531939, 46.73631851532154, 54.4513672795851, 65.41833923652106, 59.81944444444444, 56.58729137957434, 53.99704821991889]","[34.9, 85.9, 29.1, 41.0, 33.1, 30.3, 36.300000000000004, 36.0, 31.1, 31.700000000000003]"
ga,8,17,169.58001803177808,28.43,2465.3,1.982398984159015,6.2,10.665357142857143,18.616666666666667,7.951309523809525,True,0.0,hospital_corridor,28,12,"[11, 29, 47, 53, 61, 73, 89, 97, 101, 109]","[4.3657851807215735, 4.094473776327296, 0.5763050426981166, 0.5, 1.0]","{""time"": 1.0, ""collisions"": 0.05, ""congestion"": 1.0, ""fairness"": 2.0, ""incomplete_base"": 1000.0, ""incomplete_agent"": 10.0}","[245.70899214054552, 183.52857142857144, 141.93860911270986, 138.49772565742717, 165.25130908451942, 138.70904937620807, 186.01753246753248, 207.10282878041502, 133.17507002801122, 155.87049224184054]","[30.900000000000002, 28.0, 27.8, 26.8, 27.1, 27.1, 30.8, 31.900000000000002, 27.200000000000003, 26.700000000000003]"
ga,8,18,61.33477879885753,29.8,239.3,1.88668356076229,5.6,11.804285714285715,20.645833333333336,8.841547619047619,True,0.0,hospital_corridor,28,12,"[11, 29, 47, 53, 61, 73, 89, 97, 101, 109]","[4.071749265993072, 3.3674287184163427, 0.8822409487648171, 0.5, 1.0]","{""time"": 1.0, ""collisions"": 0.05, ""congestion"": 1.0, ""fairness"": 2.0, ""incomplete_base"": 1000.0, ""incomplete_agent"": 10.0}","[81.94091173054588, 67.3068493150685, 63.88908730158731, 63.66478521478522, 45.56511781183061, 53.15766718239643, 65.77583990651475, 60.54453262786596, 55.24379924631723, 56.25919765166341]","[32.800000000000004, 29.200000000000003, 28.8, 28.6, 28.900000000000002, 27.700000000000003, 32.6, 32.4, 27.8, 29.200000000000003]"
ga,8,19,56.529549170229146,32.55,74.0,1.7133586940386674,5.2,12.416071428571431,21.699166666666667,9.283095238095239,True,0.0,hospital_corridor,28,12,"[11, 29, 47, 53, 61, 73, 89, 97, 101, 109]","[3.6083356211635427, 3.838077173090318, 0.919651311682738, 0.5, 1.0]","{""time"": 1.0, ""collisions"": 0.05, ""congestion"": 1.0, ""fairness"": 2.0, ""incomplete_base"": 1000.0, ""incomplete_agent"": 10.0}","[72.81757703081233, 59.60595238095239, 50.33974483991548, 56.10396825396825, 39.25897435897436, 54.21746031746032, 62.71569264069265, 59.77714285714286, 54.98142076502732, 55.477558257345486]","[40.800000000000004, 32.800000000000004, 29.3, 31.5, 26.0, 31.5, 35.2, 35.0, 30.5, 32.9]"
ga,8,20,59.90298264429916,32.55,129.8,1.8798874062039217,5.4,12.536785714285715,22.028333333333336,9.49154761904762,True,0.0,hospital_corridor,28,12,"[11, 29, 47, 53, 61, 73, 89, 97, 101, 109]","[3.6141980622850123, 3.588787284863327, 0.9101853271615632, 0.5, 1.0]","{""time"": 1.0, ""collisions"": 0.05, ""congestion"": 1.0, ""fairness"": 2.0, ""incomplete_base"": 1000.0, ""incomplete_agent"": 10.0}","[79.28173391494002, 65.52163742690058, 53.00871670702179, 63.87797427652734, 48.47116764514025, 53.26111111111111, 64.0719133162247, 58.487220187220196, 55.7795112781955, 57.26884057971016]","[39.300000000000004, 34.2, 29.5, 31.1, 29.200000000000003, 28.8, 33.4, 35.1, 30.400000000000002, 34.5]"
ga,8,21,87.96710356305832,29.98,765.6,1.8999607059154588,5.4,11.621428571428572,20.525000000000002,8.903571428571428,True,0.0,hospital_corridor,28,12,"[11, 29, 47, 53, 61, 73, 89, 97, 101, 109]","[3.0115929815216536, 2.9654906594551136, 0.7488474392749036, 0.5, 1.0]","{""time"": 1.0, ""collisions"": 0.05, ""congestion"": 1.0, ""fairness"": 2.0, ""incomplete_base"": 1000.0, ""incomplete_agent"": 10.0}","[101.02881355932203, 79.12333333333333, 91.53365617433414, 110.18930248155601, 68.97748917748918, 79.79051825677269, 94.93838248436104, 90.01461491348952, 90.91974506974508, 73.1551801801802]","[29.5, 30.0, 29.5, 28.400000000000002, 26.400000000000002, 28.3, 37.300000000000004, 31.1, 29.700000000000003, 29.6]"
ga,8,22,59.37172324655672,32.11000000000001,136.5,1.7824375322710004,5.7,12.105357142857144,21.4325,9.327142857142857,True,0.0,hospital_corridor,28,12,"[11, 29, 47, 53, 61, 73, 89, 97, 101, 109]","[3.6751120679310687, 3.3843329759733995, 0.9155748930876945, 0.5, 1.0]","{""time"": 1.0, ""collisions"": 0.05, ""congestion"": 1.0, ""fairness"": 2.0, ""incomplete_base"": 1000.0, ""incomplete_agent"": 10.0}","[67.48027210884354, 81.9067507002801, 48.98708414872799, 59.54051522248244, 46.135714285714286, 53.2829268292683, 61.47058904486651, 61.97008032128514, 58.148363095238096, 54.79493670886076]","[29.400000000000002, 42.5, 29.200000000000003, 30.5, 29.400000000000002, 28.700000000000003, 34.6, 33.2, 32.0, 31.6]"
ga,8,23,1159.3732711764671,93.89,52.7,0.6024133676092545,4.2,13.207237762237762,23.83016666666667,10.622928904428907,False,4.1,hospital_corridor,28,12,"[11, 29, 47, 53, 61, 73, 89, 97, 101, 109]","[3.60711210146696, 3.80328440248092, 1.1039499318072448, 0.5, 1.0]","{""time"": 1.0, ""collisions"": 0.05, ""congestion"": 1.0, ""fairness"": 2.0, ""incomplete_base"": 1000.0, ""incomplete_agent"": 10.0}","[1163.69, 1180.2827575757576, 1150.6806666666666, 1206.7033636363635, 1184.3934761904761, 1157.753867132867, 1172.634923076923, 1166.033, 64.37737177133064, 1147.1832857142858]","[100.0, 100.0, 100.0, 100.0, 100.0, 100.0, 100.0, 100.0, 38.900000000000006, 100.0]"
ga,8,24,59.485145258053095,33.470000000000006,100.4,1.748716686624513,5.4,12.316785714285713,21.939999999999998,9.623214285714287,True,0.0,hospital_corridor,28,12,"[11, 29, 47, 53, 61, 73, 89, 97, 101, 109]","[3.833484414641316, 4.120999791162726, 0.8902109668414951, 0.5, 1.0]","{""time"": 1.0, ""collisions"": 0.05, ""congestion"": 1.0, ""fairness"": 2.0, ""incomplete_base"": 1000.0, ""incomplete_agent"": 10.0}","[77.52876190476191, 73.77857142857144, 50.39324853228963, 66.16162678269278, 44.99187192118227, 51.200816086151775, 68.15790655884996, 58.384962406015035, 49.99126984126984, 54.26241711874624]","[37.5, 39.6, 29.200000000000003, 39.400000000000006, 29.0, 28.3, 37.1, 34.2, 28.8, 31.6]"
ga,8,25,62.427492821665275,29.35,273.1,1.9108261549986019,5.5,11.415000000000001,20.170833333333338,8.755833333333335,True,0.0,hospital_corridor,28,12,"[11, 29, 47, 53, 61, 73, 89, 97, 101, 109]","[4.923075754343786, 3.8423105369644466, 0.8717970966089619, 0.5, 1.0]","{""time"": 1.0, ""collisions"": 0.05, ""congestion"": 1.0, ""fairness"": 2.0, ""incomplete_base"": 1000.0, ""incomplete_agent"": 10.0}","[92.86948449104413, 62.77556517556518, 47.801598401598405, 66.05952380952381, 50.24285714285715, 52.03180460376032, 70.22530454042084, 62.337639311043574, 63.91831501831503, 56.01283572252431]","[32.7, 29.700000000000003, 28.6, 28.0, 28.200000000000003, 27.1, 30.1, 32.9, 27.3, 28.900000000000002]"
ga,8,26,66.0287553607068,31.74,287.3,1.8923267892782163,5.5,12.184285714285716,21.200000000000003,9.015714285714287,True,0.0,hospital_corridor,28,12,"[11, 29, 47, 53, 61, 73, 89, 97, 101, 109]","[3.149461355702032, 2.945290260165323, 0.8194196752595535, 0.5, 1.0]","{""time"": 1.0, ""collisions"": 0.05, ""congestion"": 1.0, ""fairness"": 2.0, ""incomplete_base"": 1000.0, ""incomplete_agent"": 10.0}","[95.30165864098448, 72.03047182175624, 64.10841924398625, 63.67114568599717, 50.11405823475888, 55.24171696847753, 65.81638237384506, 67.94582517938682, 68.55311355311356, 57.50476190476191]","[35.6, 32.7, 29.1, 30.3, 31.400000000000002, 28.400000000000002, 33.5, 36.5, 29.900000000000002, 30.0]"
ga,8,27,54.32050535092249,31.54,54.0,1.9247910652081945,5.7,12.834642857142857,21.9125,9.077857142857143,True,0.0,hospital_corridor,28,12,"[11, 29, 47, 53, 61, 73, 89, 97, 101, 109]","[3.5270719072759382, 4.371523449563855, 0.9070458721169323, 0.5, 1.0]","{""time"": 1.0, ""collisions"": 0.05, ""congestion"": 1.0, ""fairness"": 2.0, ""incomplete_base"": 1000.0, ""incomplete_agent"": 10.0}","[58.613106364040945, 55.41385281385281, 51.065986394557825, 47.843609022556386, 45.87095238095239, 51.773198198198195, 64.37309313105773, 62.43207050776111, 51.97932578972183, 53.83985890652556]","[32.1, 33.0, 29.400000000000002, 28.5, 30.0, 29.6, 33.9, 36.2, 30.3, 32.4]"
ga,8,28,63.47517927068306,34.660000000000004,141.2,1.7070840325878076,5.3,12.224285714285715,22.24833333333333,10.02404761904762,True,0.0,hospital_corridor,28,12,"[11, 29, 47, 53, 61, 73, 89, 97, 101, 109]","[3.9461547798691416, 3.671221833053444, 0.9295745208041217, 0.5, 1.0]","{""time"": 1.0, ""collisions"": 0.05, ""congestion"": 1.0, ""fairness"": 2.0, ""incomplete_base"": 1000.0, ""incomplete_agent"": 10.0}","[69.59310191366268, 75.54773007648656, 48.28727422003284, 78.89539990753583, 44.655665024630544, 52.34348984348985, 69.22792207792207, 73.71181318681319, 64.2703488372093, 58.219047619047615]","[32.1, 38.6, 29.0, 41.2, 29.0, 28.6, 38.5, 41.6, 34.4, 33.6]"
ga,8,29,59.62374613267545,32.91,126.7,1.8139842279135472,5.6,12.394285714285715,21.67666666666667,9.282380952380953,True,0.0,hospital_corridor,28,12,"[11, 29, 47, 53, 61, 73, 89, 97, 101, 109]","[3.6212795455004074, 3.7964149175078887, 0.8727892994700095, 0.5, 1.0]","{""time"": 1.0, ""collisions"": 0.05, ""congestion"": 1.0, ""fairness"": 2.0, ""incomplete_base"": 1000.0, ""incomplete_agent"": 10.0}","[85.51664377289379, 60.58928571428572, 59.85279073053554, 59.58686371100164, 46.666202090592336, 52.16052631578947, 60.75346320346321, 61.68461807010195, 54.06174550087594, 55.36532221721497]","[41.6, 36.0, 33.7, 31.900000000000002, 28.700000000000003, 28.5, 33.0, 34.1, 29.900000000000002, 31.700000000000003]"
ga,8,30,59.51568883343018,32.77,129.1,1.819974547715892,5.7,12.509642857142858,21.745,9.235357142857143,True,0.0,hospital_corridor,28,12,"[11, 29, 47, 53, 61, 73, 89, 97, 101, 109]","[3.618784815259392, 3.6652405604990728, 0.9040936072261021, 0.5, 1.0]","{""time"": 1.0, ""collisions"": 0.05, ""congestion"": 1.0, ""fairness"": 2.0, ""incomplete_base"": 1000.0, ""incomplete_agent"": 10.0}","[75.29646835597993, 74.35569837189375, 52.88364212579229, 51.71666666666667, 48.03518608808711, 52.809821428571425, 61.10292878213233, 61.68547077922078, 62.62673992673993, 54.644265809217586]","[38.900000000000006, 38.900000000000006, 29.3, 28.5, 29.3, 28.8, 33.9, 35.2, 33.800000000000004, 31.1]"
ga,8,31,57.72018339387782,31.680000000000007,130.2,1.779231012925433,5.2,12.185357142857145,21.060833333333335,8.87547619047619,True,0.0,hospital_corridor,28,12,"[11, 29, 47, 53, 61, 73, 89, 97, 101, 109]","[3.8437804067327237, 3.6275007739908527, 0.9074160282408079, 0.5, 1.0]","{""time"": 1.0, ""collisions"": 0.05, ""congestion"": 1.0, ""fairness"": 2.0, ""incomplete_base"": 1000.0, ""incomplete_agent"": 10.0}","[75.19340062111802, 72.6999289267946, 49.90772994129159, 47.93214285714286, 45.90274914089347, 51.589716312056744, 61.907307060755336, 58.876697661313045, 58.00023342670402, 55.191927990708486]","[36.800000000000004, 33.5, 29.200000000000003, 28.0, 29.1, 28.200000000000003, 34.800000000000004, 33.800000000000004, 30.6, 32.800000000000004]"
ga,8,32,57.859844635719924,31.790000000000003,106.1,1.8215113023865903,5.4,11.9425,21.414166666666667,9.471666666666668,True,0.0,hospital_corridor,28,12,"[11, 29, 47, 53, 61, 73, 89, 97, 101, 109]","[4.0607371758613855, 3.9397112300639847, 0.9101569717089746, 0.5, 1.0]","{""time"": 1.0, ""collisions"": 0.05, ""congestion"": 1.0, ""fairness"": 2.0, ""incomplete_base"": 1000.0, ""incomplete_agent"": 10.0}","[66.03489254108723, 75.90290872016314, 49.22241379310344, 51.93511260099709, 43.57409787444389, 51.93120567375887, 65.42501434308664, 67.85114128295946, 51.38251408090118, 55.339145446698325]","[33.9, 39.7, 29.0, 27.700000000000003, 28.900000000000002, 28.200000000000003, 33.2, 36.300000000000004, 27.900000000000002, 33.1]"
ga,8,33,61.001688709326416,32.510000000000005,148.6,1.8616887093264118,5.6,11.99,21.59,9.6,True,0.0,hospital_corridor,28,12,"[11, 29, 47, 53, 61, 73, 89, 97, 101, 109]","[4.230202954490923, 3.948693357158131, 0.9130849214512529, 0.5, 1.0]","{""time"": 1.0, ""collisions"": 0.05, ""congestion"": 1.0, ""fairness"": 2.0, ""incomplete_base"": 1000.0, ""incomplete_agent"": 10.0}","[79.62142857142857, 74.98673200150773, 49.95622837370243, 61.28047619047619, 45.54022556390977, 52.3420466058764, 77.5589430894309, 60.67675873974968, 51.24344598054276, 56.81060197663971]","[37.800000000000004, 37.9, 28.900000000000002, 30.0, 28.5, 28.200000000000003, 41.0, 33.1, 27.900000000000002, 31.8]"
ga,8,34,67.51649723410594,33.22,262.4,1.6060210436297564,5.1,12.243928571428574,22.02916666666667,9.785238095238094,True,0.0,hospital_corridor,28,12,"[11, 29, 47, 53, 61, 73, 89, 97, 101, 109]","[3.25745924036819, 2.489142112279737, 0.9202462183456153, 0.5, 1.0]","{""time"": 1.0, ""collisions"": 0.05, ""congestion"": 1.0, ""fairness"": 2.0, ""incomplete_base"": 1000.0, ""incomplete_agent"": 10.0}","[102.55409226190477, 51.81651053864169, 57.80942728442729, 62.29123112659698, 49.432251082251085, 56.52827687776143, 75.61581920903956, 66.43609580330649, 72.31313628899836, 80.36813186813187]","[38.400000000000006, 30.5, 29.6, 28.700000000000003, 33.0, 29.1, 35.4, 33.7, 34.800000000000004, 39.0]"
ga,8,35,58.517738608883256,33.010000000000005,102.9,1.82654813269277,5.5,12.98857142857143,22.25666666666667,9.268095238095238,True,0.0,hospital_corridor,28,12,"[11, 29, 47, 53, 61, 73, 89, 97, 101, 109]","[3.293049769165943, 3.3778121676760824, 0.9260754835069355, 0.5, 1.0]","{""time"": 1.0, ""collisions"": 0.05, ""congestion"": 1.0, ""fairness"": 2.0, ""incomplete_base"": 1000.0, ""incomplete_agent"": 10.0}","[81.00725732600733, 50.07965367965369, 59.542857142857144, 49.24801587301587, 51.72835497835498, 52.94078884078884, 65.26910697797125, 59.06222943722944, 58.14562211981567, 58.15349971313827]","[41.6, 30.8, 32.9, 28.8, 30.8, 29.700000000000003, 36.1, 35.2, 31.0, 33.2]"
ga,8,36,63.19737592732659,32.54,219.5,1.6647568797075363,5.1,12.200357142857145,21.20916666666667,9.008809523809523,True,0.0,hospital_corridor,28,12,"[11, 29, 47, 53, 61, 73, 89, 97, 101, 109]","[3.780420839536864, 3.0732568544616767, 0.9150099632887181, 0.5, 1.0]","{""time"": 1.0, ""collisions"": 0.05, ""congestion"": 1.0, ""fairness"": 2.0, ""incomplete_base"": 1000.0, ""incomplete_agent"": 10.0}","[75.91085892300846, 50.121475719000465, 60.19761904761904, 74.67309727309728, 57.15639880952382, 53.54849624060151, 71.75674044265594, 75.16018735362998, 58.14494773519165, 55.30393772893774]","[32.1, 30.3, 29.0, 35.1, 38.400000000000006, 28.5, 35.5, 36.6, 28.700000000000003, 31.200000000000003]"
ga,8,37,72.65585455770844,31.040000000000003,410.9,1.8129974148512897,5.6,11.55107142857143,21.18,9.62892857142857,True,0.0,hospital_corridor,28,12,"[11, 29, 47, 53, 61, 73, 89, 97, 101, 109]","[4.59772009575684, 3.013004206535282, 0.9150182373707646, 0.5, 1.0]","{""time"": 1.0, ""collisions"": 0.05, ""congestion"": 1.0, ""fairness"": 2.0, ""incomplete_base"": 1000.0, ""incomplete_agent"": 10.0}","[79.6569722086787, 80.08386958386959, 52.89726939726939, 109.28037323037324, 52.819165404677776, 54.18896103896104, 78.34416924664603, 90.33293413173652, 59.98509316770186, 68.96973816717019]","[29.3, 33.300000000000004, 28.6, 37.0, 28.3, 27.5, 32.300000000000004, 33.4, 27.6, 33.1]"
ga,8,38,60.67687557756616,33.620000000000005,139.7,1.7430660537566272,5.3,12.506428571428572,21.670833333333334,9.164404761904763,True,0.0,hospital_corridor,28,12,"[11, 29, 47, 53, 61, 73, 89, 97, 101, 109]","[3.1810344780911888, 3.000480023838991, 0.8975808461336885, 0.5, 1.0]","{""time"": 1.0, ""collisions"": 0.05, ""congestion"": 1.0, ""fairness"": 2.0, ""incomplete_base"": 1000.0, ""incomplete_agent"": 10.0}","[91.1644927536232, 51.31782246879335, 54.97800645682002, 57.348033126294, 46.754036581520026, 55.843186342060946, 67.08609182803556, 62.32182425978988, 56.785930735930734, 63.16933122279383]","[41.400000000000006, 30.900000000000002, 29.5, 32.2, 30.200000000000003, 31.1, 39.1, 34.9, 30.8, 36.1]"
ga,8,39,70.75237670452206,28.97,454.0,1.7502338473791963,5.3,10.801428571428573,19.4675,8.66607142857143,True,0.0,hospital_corridor,28,12,"[11, 29, 47, 53, 61, 73, 89, 97, 101, 109]","[4.065466064766475, 1.965748420432478, 0.9163714398313891, 0.5, 1.0]","{""time"": 1.0, ""collisions"": 0.05, ""congestion"": 1.0, ""fairness"": 2.0, ""incomplete_base"": 1000.0, ""incomplete_agent"": 10.0}","[90.24194528875381, 59.484609720176735, 63.00139372822301, 64.03893867510105, 62.088485558157686, 61.25926114217929, 78.07428261206763, 80.63970814132105, 81.51026625704047, 67.18487592219986]","[28.200000000000003, 29.1, 28.700000000000003, 27.1, 30.5, 28.1, 30.700000000000003, 31.0, 27.900000000000002, 28.400000000000002]"
ga,8,40,58.75971991147492,32.970000000000006,88.9,1.8161484829034862,5.4,12.118214285714284,21.8825,9.764285714285714,True,0.0,hospital_corridor,28,12,"[11, 29, 47, 53, 61, 73, 89, 97, 101, 109]","[3.8554789825637004, 4.211734629109658, 0.8744505703668124, 0.5, 1.0]","{""time"": 1.0, ""collisions"": 0.05, ""congestion"": 1.0, ""fairness"": 2.0, ""incomplete_base"": 1000.0, ""incomplete_agent"": 10.0}","[74.93400318344608, 71.13773357444245, 52.46759483454399, 53.420512820512826, 43.783449477351915, 50.96686930091185, 70.87255639097745, 64.0140435835351, 51.72662642521798, 54.27380952380952]","[35.9, 39.5, 29.5, 31.200000000000003, 28.700000000000003, 28.200000000000003, 39.900000000000006, 35.4, 28.400000000000002, 33.0]"
ga,8,41,58.654362919065306,31.639999999999997,143.4,1.8226962523986452,5.0,12.229999999999999,21.240833333333335,9.010833333333334,True,0.0,hospital_corridor,28,12,"[11, 29, 47, 53, 61, 73, 89, 97, 101, 109]","[4.1829228941950065, 3.9712199760424447, 0.9163797550459334, 0.5, 1.0]","{""time"": 1.0, ""collisions"": 0.05, ""congestion"": 1.0, ""fairness"": 2.0, ""incomplete_base"": 1000.0, ""incomplete_agent"": 10.0}","[88.16900410294666, 54.56493506493507, 49.45194430713461, 51.12063492063493, 46.61428571428572, 50.55506585612969, 61.14181547619047, 71.66959706959707, 59.27738095238096, 53.97896572641796]","[38.300000000000004, 30.8, 28.900000000000002, 27.900000000000002, 28.700000000000003, 28.200000000000003, 32.0, 39.0, 31.200000000000003, 31.400000000000002]"
ga,8,42,60.111101706296154,32.519999999999996,142.5,1.7968159920104423,5.5,12.375357142857144,21.71,9.334642857142859,True,0.0,hospital_corridor,28,12,"[11, 29, 47, 53, 61, 73, 89, 97, 101, 109]","[3.700064339588949, 3.5632374727022014, 0.9093927126505789, 0.5, 1.0]","{""time"": 1.0, ""collisions"": 0.05, ""congestion"": 1.0, ""fairness"": 2.0, ""incomplete_base"": 1000.0, ""incomplete_agent"": 10.0}","[66.36949685534591, 62.732480454868515, 52.48375061364752, 68.64327607875995, 44.53684339715267, 54.15533661740558, 66.52905844155845, 68.34850557244175, 59.54819976771197, 57.76406926406926]","[31.8, 33.5, 29.1, 34.1, 29.1, 29.0, 35.2, 37.6, 32.800000000000004, 33.0]"
ga,8,43,58.85045773957728,33.24,114.0,1.7618863110058356,5.5,12.535714285714286,21.610000000000003,9.074285714285717,True,0.0,hospital_corridor,28,12,"[11, 29, 47, 53, 61, 73, 89, 97, 101, 109]","[3.6031797129703445, 3.5729095625435914, 0.9202533527979428, 0.5, 1.0]","{""time"": 1.0, ""collisions"": 0.05, ""congestion"": 1.0, ""fairness"": 2.0, ""incomplete_base"": 1000.0, ""incomplete_agent"": 10.0}","[95.26990049751245, 51.87099567099567, 51.00784982935154, 49.65509507557289, 45.21218724778047, 53.1003228410008, 72.37568027210885, 56.20216450216451, 55.98281471004243, 57.827566749243054]","[46.900000000000006, 30.8, 29.3, 29.3, 29.5, 29.5, 39.2, 33.0, 30.3, 34.6]"
ga,8,44,69.67687885867963,30.05,421.2,1.7544979062986772,5.4,11.572142857142858,19.978333333333335,8.406190476190476,True,0.0,hospital_corridor,28,12,"[11, 29, 47, 53, 61, 73, 89, 97, 101, 109]","[3.7079114156884616, 2.2342314198962145, 0.8942117945618073, 0.5, 1.0]","{""time"": 1.0, ""collisions"": 0.05, ""congestion"": 1.0, ""fairness"": 2.0, ""incomplete_base"": 1000.0, ""incomplete_agent"": 10.0}","[101.9361471861472, 57.04105749323141, 64.42489701763058, 64.08771394678868, 50.91168831168831, 59.93427230046949, 85.55511140235912, 76.4906076541046, 75.89180887372014, 60.49548440065682]","[30.8, 29.900000000000002, 28.900000000000002, 28.1, 30.8, 28.400000000000002, 32.7, 32.6, 29.3, 29.0]"
ga,8,45,64.08251876098808,32.55,213.9,1.868947332416644,5.6,12.100714285714286,21.585,9.484285714285715,True,0.0,hospital_corridor,28,12,"[11, 29, 47, 53, 61, 73, 89, 97, 101, 109]","[3.914620996477098, 3.4267539819871917, 0.8977629754118435, 0.5, 1.0]","{""time"": 1.0, ""collisions"": 0.05, ""congestion"": 1.0, ""fairness"": 2.0, ""incomplete_base"": 1000.0, ""incomplete_agent"": 10.0}","[89.27403414195868, 66.22443223443223, 51.19480144999176, 61.035119047619055, 50.17569786535304, 51.916784452296824, 61.90205959684488, 87.44278033794164, 64.78855116514691, 56.87092731829574]","[37.1, 32.5, 28.900000000000002, 30.400000000000002, 29.0, 28.3, 32.6, 43.400000000000006, 32.9, 30.400000000000002]"
ga,8,46,57.61108208528345,33.2,62.4,1.8348916090929734,6.0,12.321071428571429,22.049166666666668,9.72809523809524,True,0.0,hospital_corridor,28,12,"[11, 29, 47, 53, 61, 73, 89, 97, 101, 109]","[3.683972071280537, 4.254777736918853, 0.9050151301175253, 0.5, 1.0]","{""time"": 1.0, ""collisions"": 0.05, ""congestion"": 1.0, ""fairness"": 2.0, ""incomplete_base"": 1000.0, ""incomplete_agent"": 10.0}","[62.60438737292671, 62.52729941291585, 48.35792563600783, 61.293997317236744, 45.754280904280904, 50.71371961371962, 69.75452961672474, 66.09302310736628, 53.75514592933948, 55.256511942316365]","[35.6, 36.5, 29.200000000000003, 35.5, 29.700000000000003, 28.6, 36.9, 37.300000000000004, 31.0, 31.700000000000003]"
ga,8,47,57.98972591609719,32.62,88.2,1.7647259160971913,5.4,12.452500000000002,22.05,9.5975,True,0.0,hospital_corridor,28,12,"[11, 29, 47, 53, 61, 73, 89, 97, 101, 109]","[3.641718683909997, 3.7647765624889153, 0.9076622672151757, 0.5, 1.0]","{""time"": 1.0, ""collisions"": 0.05, ""congestion"": 1.0, ""fairness"": 2.0, ""incomplete_base"": 1000.0, ""incomplete_agent"": 10.0}","[65.00279598077763, 66.41190476190476, 52.492685321551306, 51.690953873712495, 45.03974979822438, 53.128024980484, 64.09466338259442, 69.53229166666667, 57.65974495061183, 54.84444444444445]","[32.7, 35.5, 29.1, 31.900000000000002, 29.5, 30.5, 34.800000000000004, 38.400000000000006, 32.300000000000004, 31.5]"
ga,8,48,60.03863458855769,35.75,49.3,1.720301255224357,5.4,13.125000000000004,23.17666666666667,10.051666666666666,True,0.0,hospital_corridor,28,12,"[11, 29, 47, 53, 61, 73, 89, 97, 101, 109]","[2.87968835685789, 3.7181839380820727, 0.8937489286526752, 0.5, 1.0]","{""time"": 1.0, ""collisions"": 0.05, ""congestion"": 1.0, ""fairness"": 2.0, ""incomplete_base"": 1000.0, ""incomplete_agent"": 10.0}","[70.28606393606394, 49.26441586280815, 53.508869618134796, 58.412861212861216, 59.930500301386374, 60.988266838266846, 67.08486394557823, 65.28006731488408, 55.82973657548126, 59.80070028011204]","[42.900000000000006, 31.1, 31.3, 35.1, 39.5, 33.300000000000004, 39.2, 38.2, 32.9, 34.0]"
ga,8,49,58.50996141152455,31.329999999999995,122.3,1.8278185543816998,5.5,12.026428571428573,21.645000000000003,9.618571428571428,True,0.0,hospital_corridor,28,12,"[11, 29, 47, 53, 61, 73, 89, 97, 101, 109]","[3.906675408802959, 3.716954536776304, 0.8976846949611779, 0.5, 1.0]","{""time"": 1.0, ""collisions"": 0.05, ""congestion"": 1.0, ""fairness"": 2.0, ""incomplete_base"": 1000.0, ""incomplete_agent"": 10.0}","[67.89106568672484, 69.0026627218935, 60.70595238095238, 52.6871461871462, 45.75238095238095, 53.36993942453307, 67.11238095238096, 62.550310559006206, 51.75595238095238, 54.2718228692751]","[31.1, 33.800000000000004, 33.6, 28.6, 29.0, 28.3, 35.0, 34.5, 28.0, 31.400000000000002]"
ga,8,50,61.689405792532405,33.39,138.5,1.7991676972943047,5.3,12.408214285714287,22.195833333333333,9.78761904761905,True,0.0,hospital_corridor,28,12,"[11, 29, 47, 53, 61, 73, 89, 97, 101, 109]","[3.7138532623649034, 3.532204901826179, 0.930056437076026, 0.5, 1.0]","{""time"": 1.0, ""collisions"": 0.05, ""congestion"": 1.0, ""fairness"": 2.0, ""incomplete_base"": 1000.0, ""incomplete_agent"": 10.0}","[75.3727996082752, 69.27399267399268, 53.66559934318555, 76.26954887218045, 47.53062953995157, 54.08661740558293, 59.16640926640927, 63.5530910609858, 62.82209072978304, 55.15327942497754]","[38.900000000000006, 36.4, 29.0, 38.0, 29.5, 29.0, 33.300000000000004, 34.2, 33.800000000000004, 31.8]"
ga,8,51,1191.681692190016,100.0,49.9,0.4777,4.1,14.383837238325281,25.738333333333333,11.35449609500805,False,6.6,hospital_corridor,28,12,"[11, 29, 47, 53, 61, 73, 89, 97, 101, 109]","[3.2653394347648184, 3.532204901826179, 1.189336645952645, 0.5, 1.0]","{""time"": 1.0, ""collisions"": 0.05, ""congestion"": 1.0, ""fairness"": 2.0, ""incomplete_base"": 1000.0, ""incomplete_agent"": 10.0}","[1161.407, 1244.1951666666666, 1206.0815700483092, 1201.6099783549785, 1187.8238095238096, 1172.9905454545456, 1191.844111111111, 1179.4217407407407, 1159.503, 1211.94]","[100.0, 100.0, 100.0, 100.0, 100.0, 100.0, 100.0, 100.0, 100.0, 100.0]"
ga,8,52,169.64615096164962,28.25,2473.0,1.9954366759353437,5.8,10.669642857142858,18.544999999999998,7.875357142857143,True,0.0,hospital_corridor,28,12,"[11, 29, 47, 53, 61, 73, 89, 97, 101, 109]","[4.381634378573272, 3.9821831218482853, 0.5465559563130454, 0.5, 1.0]","{""time"": 1.0, ""collisions"": 0.05, ""congestion"": 1.0, ""fairness"": 2.0, ""incomplete_base"": 1000.0, ""incomplete_agent"": 10.0}","[234.671012482663, 189.32738095238096, 139.40106200753684, 135.48414810791238, 162.62645502645506, 140.14630996309967, 184.73863287250384, 207.74289617486338, 139.8214985994398, 162.50211342964155]","[30.900000000000002, 28.0, 27.8, 26.3, 27.0, 27.1, 31.0, 30.5, 27.200000000000003, 26.700000000000003]"
ga,8,53,1181.2648887464811,36.00000000000001,2504.5,1.8375727291650823,5.8,10.735357142857143,19.33651515151515,8.601158008658008,False,0.1,hospital_corridor,28,12,"[11, 29, 47, 53, 61, 73, 89, 97, 101, 109]","[3.972421889333805, 3.543363390311242, 0.5, 0.5, 1.0]","{""time"": 1.0, ""collisions"": 0.05, ""congestion"": 1.0, ""fairness"": 2.0, ""incomplete_base"": 1000.0, ""incomplete_agent"": 10.0}","[1275.8464935064935, 195.61513444494523, 149.84633960345704, 159.57399267399268, 175.1430402930403, 142.91904761904763, 195.8203134418324, 224.03257408226452, 138.54981684981684, 155.30213494992094]","[100.0, 31.700000000000003, 28.1, 27.3, 27.3, 27.3, 31.6, 32.300000000000004, 27.3, 27.1]"
ga,8,54,58.99175580360764,33.019999999999996,113.9,1.721755803607643,5.1,12.5375,21.815000000000005,9.2775,True,0.0,hospital_corridor,28,12,"[11, 29, 47, 53, 61, 73, 89, 97, 101, 109]","[3.890272615389084, 4.087835096177694, 0.8982887684375388, 0.5, 1.0]","{""time"": 1.0, ""collisions"": 0.05, ""congestion"": 1.0, ""fairness"": 2.0, ""incomplete_base"": 1000.0, ""incomplete_agent"": 10.0}","[74.03516579406633, 65.09188464118041, 49.98286373372879, 70.13198962753418, 45.589907727797, 52.42349687349687, 60.480357142857144, 63.975379237567594, 52.48245270711024, 55.724060550737875]","[38.2, 35.5, 28.900000000000002, 40.400000000000006, 28.900000000000002, 29.700000000000003, 32.0, 36.1, 29.200000000000003, 31.3]"
ga,8,55,58.01904830225184,30.050000000000004,175.0,1.8792863974899294,5.8,11.601785714285715,20.27166666666667,8.669880952380954,True,0.0,hospital_corridor,28,12,"[11, 29, 47, 53, 61, 73, 89, 97, 101, 109]","[4.710365280934911, 4.031288578055094, 0.883607914751602, 0.5, 1.0]","{""time"": 1.0, ""collisions"": 0.05, ""congestion"": 1.0, ""fairness"": 2.0, ""incomplete_base"": 1000.0, ""incomplete_agent"": 10.0}","[76.63977591036415, 56.32282430213465, 51.17502497502498, 56.36636696636697, 48.384853090172236, 50.95514424748002, 68.30381850853549, 63.396545554638045, 52.858058608058606, 55.788070859743215]","[35.7, 29.0, 28.6, 28.6, 28.200000000000003, 27.400000000000002, 31.8, 34.6, 27.3, 29.3]"
ga,8,56,60.48603632782696,30.220000000000006,213.3,1.8529410897317184,5.5,11.699285714285715,20.573333333333338,8.87404761904762,True,0.0,hospital_corridor,28,12,"[11, 29, 47, 53, 61, 73, 89, 97, 101, 109]","[4.157953050634482, 3.2968256797071995, 0.9127717772397265, 0.5, 1.0]","{""time"": 1.0, ""collisions"": 0.05, ""congestion"": 1.0, ""fairness"": 2.0, ""incomplete_base"": 1000.0, ""incomplete_agent"": 10.0}","[78.03169642857142, 68.47575757575758, 62.45873015873016, 49.70848484848486, 47.58447971781305, 53.956600576173535, 66.34806547619047, 67.07878787878788, 54.81904761904761, 56.398712998712995]","[32.0, 30.8, 28.8, 27.5, 32.4, 28.1, 32.0, 33.0, 28.0, 29.6]"
ga,8,57,1189.3823214697584,100.0,68.7,0.48339999999999994,4.4,12.712180679262257,22.944141414141416,10.231960734879156,False,6.5,hospital_corridor,28,12,"[11, 29, 47, 53, 61, 73, 89, 97, 101, 109]","[3.841951218956887, 3.6037312994811557, 1.185758078194301, 0.5, 1.0]","{""time"": 1.0, ""collisions"": 0.05, ""congestion"": 1.0, ""fairness"": 2.0, ""incomplete_base"": 1000.0, ""incomplete_agent"": 10.0}","[1179.0693333333334, 1223.7504444444444, 1221.7113968253968, 1194.2672251082251, 1225.7587368421052, 1183.8393333333333, 1148.1965384615385, 1151.7844285714286, 1178.6565555555555, 1186.7892222222222]","[100.0, 100.0, 100.0, 100.0, 100.0, 100.0, 100.0, 100.0, 100.0, 100.0]"
ga,8,58,59.8734896532744,35.370000000000005,48.3,1.848251558036294,5.5,13.103214285714284,23.223333333333336,10.120119047619049,True,0.0,hospital_corridor,28,12,"[11, 29, 47, 53, 61, 73, 89, 97, 101, 109]","[3.258684998832883, 4.158903248411211, 0.8988527489373693, 0.5, 1.0]","{""time"": 1.0, ""collisions"": 0.05, ""congestion"": 1.0, ""fairness"": 2.0, ""incomplete_base"": 1000.0, ""incomplete_agent"": 10.0}","[62.347442212959464, 58.38767258382644, 51.493099273607754, 63.55638193421699, 50.27236987818384, 53.51681402202575, 61.73457411133468, 72.55117140677781, 68.98594021550227, 55.889430894308944]","[37.7, 33.800000000000004, 29.5, 38.800000000000004, 30.1, 30.700000000000003, 35.5, 43.7, 41.1, 32.800000000000004]"
ga,8,59,56.78278428774367,33.529999999999994,61.7,1.8292128591722474,5.2,12.928214285714287,22.0975,9.169285714285715,True,0.0,hospital_corridor,28,12,"[11, 29, 47, 53, 61, 73, 89, 97, 101, 109]","[3.1687145393588803, 3.644879568101002, 0.9036709408295482, 0.5, 1.0]","{""time"": 1.0, ""collisions"": 0.05, ""congestion"": 1.0, ""fairness"": 2.0, ""incomplete_base"": 1000.0, ""incomplete_agent"": 10.0}","[56.58215016067777, 48.55092165898618, 51.59031531531532, 49.3300307219662, 40.63992248062016, 57.06206618240516, 78.8, 74.49528822055139, 54.17626630269943, 56.60088183421516]","[32.6, 31.0, 29.6, 31.0, 25.8, 29.5, 44.5, 47.5, 31.400000000000002, 32.4]"
ga,9,0,54.32050535092249,31.54,54.0,1.9247910652081945,5.7,12.834642857142857,21.9125,9.077857142857143,True,0.0,hospital_corridor,28,12,"[11, 29, 47, 53, 61, 73, 89, 97, 101, 109]","[3.5270719072759382, 4.371523449563855, 0.9070458721169323, 0.5, 1.0]","{""time"": 1.0, ""collisions"": 0.05, ""congestion"": 1.0, ""fairness"": 2.0, ""incomplete_base"": 1000.0, ""incomplete_agent"": 10.0}","[58.613106364040945, 55.41385281385281, 51.065986394557825, 47.843609022556386, 45.87095238095239, 51.773198198198195, 64.37309313105773, 62.43207050776111, 51.97932578972183, 53.83985890652556]","[32.1, 33.0, 29.400000000000002, 28.5, 30.0, 29.6, 33.9, 36.2, 30.3, 32.4]"
ga,9,1,55.90662745512358,30.330000000000002,118.5,1.8547226932188146,5.7,11.590714285714288,20.48916666666667,8.898452380952381,True,0.0,hospital_corridor,28,12,"[11, 29, 47, 53, 61, 73, 89, 97, 101, 109]","[4.389831000312875, 4.118020277630309, 0.8692181948923733, 0.5, 1.0]","{""time"": 1.0, ""collisions"": 0.05, ""congestion"": 1.0, ""fairness"": 2.0, ""incomplete_base"": 1000.0, ""incomplete_agent"": 10.0}","[83.02084669279184, 55.569317623956806, 47.77162629757785, 48.069098822324634, 45.280952380952385, 50.41255411255411, 62.49969753373662, 55.11291237498134, 54.22805194805194, 57.10121676430825]","[40.1, 29.1, 28.900000000000002, 27.900000000000002, 28.0, 27.5, 30.700000000000003, 31.900000000000002, 27.5, 31.700000000000003]"
ga,9,2,63.77552639238001,34.99,142.7,1.6990978209514356,5.3,12.796785714285715,22.7725,9.975714285714286,True,0.0,hospital_corridor,28,12,"[11, 29, 47, 53, 61, 73, 89, 97, 101, 109]","[3.266713523604545, 3.2177099086294074, 0.9153025648513547, 0.5, 1.0]","{""time"": 1.0, ""collisions"": 0.05, ""congestion"": 1.0, ""fairness"": 2.0, ""incomplete_base"": 1000.0, ""incomplete_agent"": 10.0}","[89.41934523809525, 51.47569631626236, 54.76517352703793, 78.12682926829268, 45.27075055187639, 55.18138528138528, 67.09494773519162, 73.59801077243237, 66.69061749328812, 56.13250773993809]","[44.800000000000004, 31.8, 29.5, 41.0, 30.200000000000003, 30.8, 36.9, 38.900000000000006, 33.7, 32.300000000000004]"
ga,9,3,58.90735854436433,31.610000000000003,156.5,1.8111680681738513,5.8,12.25607142857143,21.086666666666666,8.830595238095238,True,0.0,hospital_corridor,28,12,"[11, 29, 47, 53, 61, 73, 89, 97, 101, 109]","[3.615854278119239, 3.175063941608523, 0.9182660501779789, 0.5, 1.0]","{""time"": 1.0, ""collisions"": 0.05, ""congestion"": 1.0, ""fairness"": 2.0, ""incomplete_base"": 1000.0, ""incomplete_agent"": 10.0}","[77.60512181616832, 62.89757727652465, 54.088389788905246, 50.70146909827761, 48.390096406660824, 52.81101190476191, 66.48896103896104, 61.51317365269462, 55.525648279113625, 59.052136181575435]","[34.4, 34.2, 29.1, 28.200000000000003, 32.6, 28.8, 33.0, 33.4, 30.3, 32.1]"
ga,9,4,59.81410819125479,34.379999999999995,70.4,1.9450605722071699,5.1,13.077142857142857,23.06166666666667,9.984523809523811,True,0.0,hospital_corridor,28,12,"[11, 29, 47, 53, 61, 73, 89, 97, 101, 109]","[3.3371080855784614, 3.803010477310743, 0.9055121820568948, 0.5, 1.0]","{""time"": 1.0, ""collisions"": 0.05, ""congestion"": 1.0, ""fairness"": 2.0, ""incomplete_base"": 1000.0, ""incomplete_agent"": 10.0}","[62.901220320997474, 57.17155574395932, 49.946598639455786, 71.37349669794926, 53.75789942145083, 55.25954006175849, 74.09285714285714, 59.966301896803294, 54.1548399687744, 59.51677201854193]","[35.9, 33.7, 29.400000000000002, 41.1, 32.1, 29.3, 42.0, 35.9, 30.5, 33.9]"
ga,9,5,56.37939977816141,32.53,74.1,1.7305902543518819,5.2,12.586428571428572,21.793333333333333,9.206904761904763,True,0.0,hospital_corridor,28,12,"[11, 29, 47, 53, 61, 73, 89, 97, 101, 109]","[3.4399420749439615, 3.679946263880577, 0.9178100704553914, 0.5, 1.0]","{""time"": 1.0, ""collisions"": 0.05, ""congestion"": 1.0, ""fairness"": 2.0, ""incomplete_base"": 1000.0, ""incomplete_agent"": 10.0}","[54.74757426481565, 48.23381877022654, 50.70299227799228, 65.84395858066219, 46.30645682001614, 52.858075601374566, 65.10282658517953, 64.36431833007175, 59.472582529944496, 56.161394021330935]","[31.900000000000002, 30.900000000000002, 29.6, 36.1, 29.5, 29.1, 37.4, 36.5, 32.6, 31.700000000000003]"
ga,9,6,55.76786974880796,32.809999999999995,51.5,1.7869173678555768,5.3,12.600357142857144,21.898333333333333,9.297976190476192,True,0.0,hospital_corridor,28,12,"[11, 29, 47, 53, 61, 73, 89, 97, 101, 109]","[3.683972071280537, 4.254777736918853, 0.9196491017544461, 0.5, 1.0]","{""time"": 1.0, ""collisions"": 0.05, ""congestion"": 1.0, ""fairness"": 2.0, ""incomplete_base"": 1000.0, ""incomplete_agent"": 10.0}","[68.74984657347426, 58.41140843044167, 49.72964774951076, 52.51166824345632, 46.54593554593555, 50.56530729939035, 62.196161321671525, 58.20267522739434, 50.9548426150121, 59.811204481792714]","[41.900000000000006, 33.1, 29.200000000000003, 30.200000000000003, 29.700000000000003, 28.900000000000002, 34.300000000000004, 35.6, 29.5, 35.7]"
ga,9,7,56.50464938901251,32.900000000000006,69.7,1.8094112937744122,5.3,12.598214285714288,21.753333333333337,9.155119047619047,True,0.0,hospital_corridor,28,12,"[11, 29, 47, 53, 61, 73, 89, 97, 101, 109]","[3.3100936687237548, 3.6678697114701575, 0.9097338212088338, 0.5, 1.0]","{""time"": 1.0, ""collisions"": 0.05, ""congestion"": 1.0, ""fairness"": 2.0, ""incomplete_base"": 1000.0, ""incomplete_agent"": 10.0}","[69.83940476190476, 49.40934065934066, 53.334693877551025, 49.9421768707483, 47.4474025974026, 54.35566037735849, 64.53293650793651, 63.278174603174605, 56.17314011866728, 56.73356351604086]","[40.0, 31.200000000000003, 29.400000000000002, 29.400000000000002, 30.8, 31.8, 36.0, 36.0, 31.3, 33.1]"
ga,9,8,61.128523470734734,34.25,109.9,1.8630472802585332,5.8,12.963928571428573,22.72416666666667,9.760238095238096,True,0.0,hospital_corridor,28,12,"[11, 29, 47, 53, 61, 73, 89, 97, 101, 109]","[3.683972071280537, 3.991716569025195, 0.9050151301175253, 0.5, 1.0]","{""time"": 1.0, ""collisions"": 0.05, ""congestion"": 1.0, ""fairness"": 2.0, ""incomplete_base"": 1000.0, ""incomplete_agent"": 10.0}","[81.63078231292518, 93.80723443223444, 48.748969072164954, 54.28021560415698, 44.01470971950424, 51.94425087108014, 59.32392638036811, 66.38645066273934, 54.97571428571429, 56.17298136645964]","[39.2, 52.0, 29.1, 30.700000000000003, 29.200000000000003, 28.700000000000003, 32.6, 38.800000000000004, 30.0, 32.2]"
ga,9,9,56.244096299312844,30.639999999999997,116.4,1.8221915374080784,5.7,11.853214285714287,20.83416666666667,8.980952380952383,True,0.0,hospital_corridor,28,12,"[11, 29, 47, 53, 61, 73, 89, 97, 101, 109]","[4.032161306180473, 3.713528347302081, 0.9220408485298355, 0.5, 1.0]","{""time"": 1.0, ""collisions"": 0.05, ""congestion"": 1.0, ""fairness"": 2.0, ""incomplete_base"": 1000.0, ""incomplete_agent"": 10.0}","[67.69249880554229, 68.51526251526252, 50.87175697865353, 51.92668997668998, 44.1689497716895, 53.38797868797869, 58.6608630952381, 56.27604832977967, 54.30193140193141, 56.63898343036274]","[29.900000000000002, 35.1, 29.0, 28.6, 29.200000000000003, 28.6, 32.0, 33.5, 28.6, 31.900000000000002]"
ga,9,10,1114.9295438766476,73.47999999999999,108.8,0.9757328728365486,4.8,12.521049043549045,22.03795454545455,9.516905501905503,False,1.6,hospital_corridor,28,12,"[11, 29, 47, 53, 61, 73, 89, 97, 101, 109]","[4.26667312485399, 3.713205494810108, 1.0475091989979046, 0.5, 1.0]","{""time"": 1.0, ""collisions"": 0.05, ""congestion"": 1.0, ""fairness"": 2.0, ""incomplete_base"": 1000.0, ""incomplete_agent"": 10.0}","[74.34065934065934, 1161.5406666666668, 51.62447226313206, 1155.3336666666667, 1158.9856666666667, 1138.0984074074074, 72.46222887060584, 1147.0688974358975, 1129.151090909091, 60.689682539682536]","[35.1, 100.0, 29.1, 100.0, 100.0, 100.0, 38.2, 100.0, 100.0, 32.4]"
ga,9,11,61.14131179694222,30.96,227.4,1.8415498921803182,6.0,12.289285714285715,20.774166666666666,8.484880952380953,True,0.0,hospital_corridor,28,12,"[11, 29, 47, 53, 61, 73, 89, 97, 101, 109]","[3.8717251365300096, 3.0469325557689997, 0.9371270084866736, 0.5, 1.0]","{""time"": 1.0, ""collisions"": 0.05, ""congestion"": 1.0, ""fairness"": 2.0, ""incomplete_base"": 1000.0, ""incomplete_agent"": 10.0}","[76.73364485981308, 50.31328903654485, 57.69369170348551, 65.37356739305892, 45.692596216568816, 54.33834586466166, 72.33950510717884, 63.11348250143432, 58.426016260162605, 67.38897902651365]","[32.1, 30.1, 29.1, 29.5, 29.200000000000003, 28.5, 33.1, 33.2, 28.700000000000003, 36.1]"
ga,9,12,57.61463901420444,32.38,82.5,1.7641628237282512,5.0,12.176428571428573,21.84916666666667,9.672738095238097,True,0.0,hospital_corridor,28,12,"[11, 29, 47, 53, 61, 73, 89, 97, 101, 109]","[3.792939706400728, 4.022985394108486, 0.9002713861033385, 0.5, 1.0]","{""time"": 1.0, ""collisions"": 0.05, ""congestion"": 1.0, ""fairness"": 2.0, ""incomplete_base"": 1000.0, ""incomplete_agent"": 10.0}","[61.446130952380955, 59.16263269639066, 49.952134646962236, 64.30329670329671, 45.71970443349753, 56.77917833800187, 60.8374269005848, 70.49959320411583, 53.50110741971207, 53.94518484710178]","[32.0, 31.400000000000002, 29.0, 36.4, 29.0, 30.6, 34.2, 39.800000000000004, 30.1, 31.3]"
ga,9,13,57.64184576044314,33.08,77.0,1.8392267128240902,5.5,12.445357142857144,21.881666666666668,9.436309523809523,True,0.0,hospital_corridor,28,12,"[11, 29, 47, 53, 61, 73, 89, 97, 101, 109]","[3.78520248969995, 4.176213615581004, 0.9007594333007047, 0.5, 1.0]","{""time"": 1.0, ""collisions"": 0.05, ""congestion"": 1.0, ""fairness"": 2.0, ""incomplete_base"": 1000.0, ""incomplete_agent"": 10.0}","[73.80785714285715, 70.595670995671, 51.02339509182512, 53.04713361072585, 47.16436697545913, 50.65871898054997, 59.81967930029155, 58.26528749828463, 58.13305072770949, 53.90329728105753]","[40.0, 38.5, 29.3, 30.900000000000002, 29.3, 28.400000000000002, 34.300000000000004, 34.7, 33.7, 31.700000000000003]"
ga,9,14,59.18148841976391,32.370000000000005,131.6,1.7929169911924752,5.3,12.158214285714287,21.3775,9.219285714285714,True,0.0,hospital_corridor,28,12,"[11, 29, 47, 53, 61, 73, 89, 97, 101, 109]","[3.914995366647023, 3.6732624121226873, 0.9085630362638085, 0.5, 1.0]","{""time"": 1.0, ""collisions"": 0.05, ""congestion"": 1.0, ""fairness"": 2.0, ""incomplete_base"": 1000.0, ""incomplete_agent"": 10.0}","[70.09544756318951, 67.75002728885251, 50.68546882670594, 64.16498599439775, 45.39573070607553, 52.68009118541034, 64.70844482808229, 61.5300539083558, 60.23717357910907, 54.567460317460316]","[34.1, 34.9, 29.1, 35.7, 29.0, 28.200000000000003, 33.1, 37.1, 31.0, 31.5]"
ga,9,15,61.20870569606676,36.010000000000005,50.8,1.8277533151143728,5.5,13.940357142857144,24.355833333333337,10.415476190476193,True,0.0,hospital_corridor,28,12,"[11, 29, 47, 53, 61, 73, 89, 97, 101, 109]","[2.7631308475750727, 3.6412925191864183, 0.921606054469229, 0.5, 1.0]","{""time"": 1.0, ""collisions"": 0.05, ""congestion"": 1.0, ""fairness"": 2.0, ""incomplete_base"": 1000.0, ""incomplete_agent"": 10.0}","[73.83630363036305, 51.474393530997304, 54.67070393374741, 57.71056506167926, 39.633627608346714, 57.292620624408706, 75.4093701996928, 69.0776683087028, 74.28865452221157, 58.693149540517965]","[40.400000000000006, 31.8, 32.2, 35.9, 26.700000000000003, 30.200000000000003, 43.400000000000006, 40.6, 44.7, 34.2]"
ga,9,16,62.576268555475636,31.109999999999996,219.2,1.8765066507137285,5.8,11.826785714285714,21.14166666666667,9.314880952380955,True,0.0,hospital_corridor,28,12,"[11, 29, 47, 53, 61, 73, 89, 97, 101, 109]","[4.69510970657422, 3.99068932987583, 0.8885209829540945, 0.5, 1.0]","{""time"": 1.0, ""collisions"": 0.05, ""congestion"": 1.0, ""fairness"": 2.0, ""incomplete_base"": 1000.0, ""incomplete_agent"": 10.0}","[79.8820686731666, 72.96125541125541, 52.3625992063492, 70.43821733821734, 49.527976190476195, 50.86306916927356, 76.34174783549783, 59.69761904761904, 55.281560653458456, 58.4065720294427]","[33.7, 30.8, 28.8, 35.1, 28.8, 27.400000000000002, 35.2, 32.2, 27.400000000000002, 31.700000000000003]"
ga,9,17,61.63719247606478,33.38000000000001,129.8,1.8902877141600076,5.3,12.418214285714287,22.35666666666667,9.93845238095238,True,0.0,hospital_corridor,28,12,"[11, 29, 47, 53, 61, 73, 89, 97, 101, 109]","[3.9326562095527837, 3.9911623724262486, 0.9076660823719562, 0.5, 1.0]","{""time"": 1.0, ""collisions"": 0.05, ""congestion"": 1.0, ""fairness"": 2.0, ""incomplete_base"": 1000.0, ""incomplete_agent"": 10.0}","[92.63372827804108, 73.81333831962104, 50.03743842364533, 54.63927415626445, 42.89703832752613, 54.77300469483569, 69.06552003237556, 62.998095238095246, 58.530173564753014, 56.984313725490196]","[42.2, 38.2, 29.0, 30.900000000000002, 28.700000000000003, 28.400000000000002, 35.300000000000004, 35.0, 32.1, 34.0]"
ga,9,18,61.735317619026794,33.78,138.2,1.785793809502992,5.4,12.606071428571429,22.235833333333336,9.629761904761903,True,0.0,hospital_corridor,28,12,"[11, 29, 47, 53, 61, 73, 89, 97, 101, 109]","[3.765738385103215, 3.9106219294691495, 0.8943027657923676, 0.5, 1.0]","{""time"": 1.0, ""collisions"": 0.05, ""congestion"": 1.0, ""fairness"": 2.0, ""incomplete_base"": 1000.0, ""incomplete_agent"": 10.0}","[84.08305322128852, 81.84620642515381, 52.070618556701035, 73.85245497162597, 44.296121747668145, 50.81403242147924, 61.54329401485365, 59.95896116371621, 52.89859850294633, 55.98983516483517]","[42.5, 41.800000000000004, 29.1, 38.6, 29.1, 28.200000000000003, 32.7, 34.7, 29.900000000000002, 31.200000000000003]"
ga,9,19,60.820488725081546,33.589999999999996,116.5,1.813583963176783,5.3,12.458214285714286,22.25416666666667,9.795952380952382,True,0.0,hospital_corridor,28,12,"[11, 29, 47, 53, 61, 73, 89, 97, 101, 109]","[3.69292031043083, 3.8740222621840994, 0.9004011573723877, 0.5, 1.0]","{""time"": 1.0, ""collisions"": 0.05, ""congestion"": 1.0, ""fairness"": 2.0, ""incomplete_base"": 1000.0, ""incomplete_agent"": 10.0}","[92.41317460317461, 82.78035447362802, 51.64490968801314, 50.22883970489605, 45.1008210180624, 51.91393728222997, 62.028571428571425, 63.47310529845741, 53.07676381589425, 55.544409937888204]","[45.0, 44.6, 29.0, 28.400000000000002, 29.0, 28.700000000000003, 33.6, 35.5, 29.900000000000002, 32.2]"
ga,9,20,57.72829450709022,32.24000000000001,93.4,1.8461516499473483,5.3,12.348928571428571,21.835,9.486071428571432,True,0.0,hospital_corridor,28,12,"[11, 29, 47, 53, 61, 73, 89, 97, 101, 109]","[3.7042516543398842, 3.8125445606525323, 0.9117423800464899, 0.5, 1.0]","{""time"": 1.0, ""collisions"": 0.05, ""congestion"": 1.0, ""fairness"": 2.0, ""incomplete_base"": 1000.0, ""incomplete_agent"": 10.0}","[80.9476482976483, 57.41001796945194, 53.300363196125915, 52.98781275221953, 46.89057437407953, 52.11306620209059, 64.0212313327698, 58.71750428703337, 55.88929719797888, 55.005429461504235]","[40.7, 31.8, 29.5, 29.5, 29.1, 28.700000000000003, 33.800000000000004, 36.1, 31.1, 32.1]"
ga,9,21,1105.835280028795,61.08999999999999,63.5,1.1586383371534597,4.7,12.788800366300368,22.99462121212121,10.205820845820845,False,2.0,hospital_corridor,28,12,"[11, 29, 47, 53, 61, 73, 89, 97, 101, 109]","[3.634038089033842, 3.842789531397457, 1.0277175993639271, 0.5, 1.0]","{""time"": 1.0, ""collisions"": 0.05, ""congestion"": 1.0, ""fairness"": 2.0, ""incomplete_base"": 1000.0, ""incomplete_agent"": 10.0}","[69.95156361051885, 1160.673, 50.97969187675071, 1158.1943333333334, 1195.8661861471862, 59.32892222719809, 1173.7242307692309, 74.66475167632686, 59.626822587442064, 55.343298059964724]","[40.2, 100.0, 30.6, 100.0, 100.0, 31.900000000000002, 100.0, 41.900000000000006, 33.9, 32.4]"
ga,9,22,67.44306742256904,30.020000000000003,358.2,1.850448374949987,5.5,11.470357142857145,20.301666666666666,8.831309523809525,True,0.0,hospital_corridor,28,12,"[11, 29, 47, 53, 61, 73, 89, 97, 101, 109]","[4.509216119328905, 2.9089415456494665, 0.9116692757845164, 0.5, 1.0]","{""time"": 1.0, ""collisions"": 0.05, ""congestion"": 1.0, ""fairness"": 2.0, ""incomplete_base"": 1000.0, ""incomplete_agent"": 10.0}","[80.32243107769423, 65.77183908045978, 53.3424408924409, 68.8520456069752, 58.8827967806841, 55.25238095238096, 73.1778801843318, 70.13077601410934, 72.91520509193776, 75.7828785446763]","[28.5, 29.0, 28.6, 28.400000000000002, 28.400000000000002, 28.0, 31.0, 32.4, 30.3, 35.6]"
ga,9,23,57.022728581584616,31.9,94.0,1.8260619149179445,5.0,12.265,21.563333333333336,9.298333333333334,True,0.0,hospital_corridor,28,12,"[11, 29, 47, 53, 61, 73, 89, 97, 101, 109]","[3.9174006351920925, 3.950563124246984, 0.9125791505744487, 0.5, 1.0]","{""time"": 1.0, ""collisions"": 0.05, ""congestion"": 1.0, ""fairness"": 2.0, ""incomplete_base"": 1000.0, ""incomplete_agent"": 10.0}","[66.37383855981417, 51.554761904761904, 51.61121747668139, 52.659846650524614, 43.8718931475029, 50.87102615694165, 66.57904216127712, 73.0266550522648, 59.07345415778252, 54.60555054829503]","[32.800000000000004, 29.400000000000002, 29.1, 29.5, 28.700000000000003, 28.400000000000002, 34.9, 41.0, 33.5, 31.700000000000003]"
ga,9,24,57.261662143098874,32.93,69.2,1.7833288097655433,5.3,12.920000000000002,22.46416666666667,9.544166666666667,True,0.0,hospital_corridor,28,12,"[11, 29, 47, 53, 61, 73, 89, 97, 101, 109]","[3.224913244558054, 3.720498736400632, 0.9100287852236466, 0.5, 1.0]","{""time"": 1.0, ""collisions"": 0.05, ""congestion"": 1.0, ""fairness"": 2.0, ""incomplete_base"": 1000.0, ""incomplete_agent"": 10.0}","[64.91233766233766, 53.23771695594125, 52.155932203389824, 54.155012531328325, 53.82021857923497, 54.539274156264455, 63.17221566312476, 66.8102635832401, 53.33008658008658, 56.48356351604086]","[37.4, 32.1, 29.5, 30.400000000000002, 30.5, 30.900000000000002, 36.300000000000004, 38.300000000000004, 30.8, 33.1]"
ga,9,25,192.87090900195042,30.590000000000003,2854.5,1.9778137638551823,6.2,11.666785714285714,20.455833333333334,8.789047619047619,True,0.0,hospital_corridor,28,12,"[11, 29, 47, 53, 61, 73, 89, 97, 101, 109]","[3.2027940483791877, 3.9689051777238853, 0.5998617364737933, 0.5, 1.0]","{""time"": 1.0, ""collisions"": 0.05, ""congestion"": 1.0, ""fairness"": 2.0, ""incomplete_base"": 1000.0, ""incomplete_agent"": 10.0}","[226.80324675324675, 200.86929307805596, 165.46524300441826, 185.18040643008797, 183.59047619047618, 145.9503867973182, 214.64742245522064, 224.0376923076923, 188.46052048726466, 193.7044025157233]","[33.0, 29.1, 29.1, 31.400000000000002, 28.5, 27.700000000000003, 32.7, 32.5, 30.1, 31.8]"
ga,9,26,1191.8961344383345,35.410000000000004,2744.2,1.8721084643084933,5.9,11.080714285714286,19.28272727272727,8.202012987012989,False,0.1,hospital_corridor,28,12,"[11, 29, 47, 53, 61, 73, 89, 97, 101, 109]","[3.9174006351920925, 3.950563124246984, 0.5, 0.5, 1.0]","{""time"": 1.0, ""collisions"": 0.05, ""congestion"": 1.0, ""fairness"": 2.0, ""incomplete_base"": 1000.0, ""incomplete_agent"": 10.0}","[1340.8126883116884, 194.848632218845, 149.6011269276394, 156.6194994786236, 198.67060606060608, 137.33278388278387, 189.73399558498897, 235.17611367127498, 142.54102564102564, 173.62487260586894]","[100.0, 28.200000000000003, 28.1, 27.400000000000002, 27.5, 27.3, 30.200000000000003, 31.0, 27.3, 27.1]"
ga,9,27,57.903687892009266,33.31,77.5,1.692021225342603,5.0,12.645000000000001,22.15833333333334,9.513333333333332,True,0.0,hospital_corridor,28,12,"[11, 29, 47, 53, 61, 73, 89, 97, 101, 109]","[3.1220828480938736, 3.3778121676760824, 0.9260754835069355, 0.5, 1.0]","{""time"": 1.0, ""collisions"": 0.05, ""congestion"": 1.0, ""fairness"": 2.0, ""incomplete_base"": 1000.0, ""incomplete_agent"": 10.0}","[59.28791208791209, 50.990251572327054, 51.30773410035155, 69.80144224791745, 40.532051282051285, 62.46142857142857, 68.52906143987937, 60.85121065375303, 59.37325720256755, 55.90252976190476]","[32.5, 31.8, 29.8, 38.300000000000004, 26.0, 37.5, 37.9, 35.4, 31.900000000000002, 32.0]"
ga,9,28,60.80655076721874,35.09,56.1,1.9298841005520722,5.2,13.370000000000001,23.860833333333332,10.490833333333333,True,0.0,hospital_corridor,28,12,"[11, 29, 47, 53, 61, 73, 89, 97, 101, 109]","[2.990719147893432, 3.661358183422638, 0.9125556819919394, 0.5, 1.0]","{""time"": 1.0, ""collisions"": 0.05, ""congestion"": 1.0, ""fairness"": 2.0, ""incomplete_base"": 1000.0, ""incomplete_agent"": 10.0}","[84.66399726214921, 61.276057813154594, 52.97638952687185, 51.63030303030303, 40.053504043126686, 59.82539682539682, 64.15372725006233, 68.05272108843538, 56.292254370102484, 69.14115646258504]","[48.7, 34.1, 31.1, 30.8, 26.5, 31.5, 38.2, 39.2, 31.6, 39.2]"
ga,9,29,60.11800912789843,31.6,162.4,1.8608662707555699,5.5,12.44892857142857,21.7175,9.26857142857143,True,0.0,hospital_corridor,28,12,"[11, 29, 47, 53, 61, 73, 89, 97, 101, 109]","[3.8516981088780002, 3.762968307512698, 0.8787682531485008, 0.5, 1.0]","{""time"": 1.0, ""collisions"": 0.05, ""congestion"": 1.0, ""fairness"": 2.0, ""incomplete_base"": 1000.0, ""incomplete_agent"": 10.0}","[86.37668139420718, 58.00691169671752, 56.31937602627258, 52.99678613494868, 46.38204365079365, 52.47978723404256, 65.24541021227769, 74.21536523929471, 52.76932723267244, 56.388402457757294]","[38.800000000000004, 30.900000000000002, 29.0, 28.3, 28.8, 28.200000000000003, 33.2, 39.7, 28.1, 31.0]"
ga,9,30,60.17369581746796,33.989999999999995,101.6,1.721076769848923,5.3,12.525357142857143,22.21666666666667,9.691309523809524,True,0.0,hospital_corridor,28,12,"[11, 29, 47, 53, 61, 73, 89, 97, 101, 109]","[3.664999343561428, 3.7487422855335355, 0.917709299665998, 0.5, 1.0]","{""time"": 1.0, ""collisions"": 0.05, ""congestion"": 1.0, ""fairness"": 2.0, ""incomplete_base"": 1000.0, ""incomplete_agent"": 10.0}","[76.2860096892355, 60.39670846394985, 73.99484491044124, 59.301550387596905, 45.568468468468474, 53.954974068835455, 60.82248209018121, 60.40287401063968, 53.56119754832626, 57.44784853700517]","[40.300000000000004, 31.900000000000002, 43.6, 30.1, 29.6, 30.3, 33.9, 36.7, 30.3, 33.2]"
ga,9,31,60.366763797835915,33.13,113.1,1.798192369264487,5.4,12.565714285714288,22.457500000000003,9.891785714285714,True,0.0,hospital_corridor,28,12,"[11, 29, 47, 53, 61, 73, 89, 97, 101, 109]","[3.649510914750259, 3.670468737303983, 0.9257443141448606, 0.5, 1.0]","{""time"": 1.0, ""collisions"": 0.05, ""congestion"": 1.0, ""fairness"": 2.0, ""incomplete_base"": 1000.0, ""incomplete_agent"": 10.0}","[66.2596604805064, 72.23435114503818, 51.24020618556702, 56.98439415370109, 44.7440354298716, 52.76247947454844, 61.78716814159292, 73.03268983268984, 64.60223880597015, 60.02041432887354]","[33.1, 39.300000000000004, 29.1, 30.3, 29.3, 29.0, 33.9, 40.7, 33.5, 33.1]"
ga,9,32,58.99175580360764,33.019999999999996,113.9,1.721755803607643,5.1,12.5375,21.815000000000005,9.2775,True,0.0,hospital_corridor,28,12,"[11, 29, 47, 53, 61, 73, 89, 97, 101, 109]","[3.890272615389084, 4.087835096177694, 0.8982887684375388, 0.5, 1.0]","{""time"": 1.0, ""collisions"": 0.05, ""congestion"": 1.0, ""fairness"": 2.0, ""incomplete_base"": 1000.0, ""incomplete_agent"": 10.0}","[74.03516579406633, 65.09188464118041, 49.98286373372879, 70.13198962753418, 45.589907727797, 52.42349687349687, 60.480357142857144, 63.975379237567594, 52.48245270711024, 55.724060550737875]","[38.2, 35.5, 28.900000000000002, 40.400000000000006, 28.900000000000002, 29.700000000000003, 32.0, 36.1, 29.200000000000003, 31.3]"
ga,9,33,58.72199302250598,34.4,65.2,1.8286596891726479,5.0,13.002500000000001,22.619166666666665,9.616666666666667,True,0.0,hospital_corridor,28,12,"[11, 29, 47, 53, 61, 73, 89, 97, 101, 109]","[3.8447585183120374, 4.156890682074163, 0.9567416342811065, 0.5, 1.0]","{""time"": 1.0, ""collisions"": 0.05, ""congestion"": 1.0, ""fairness"": 2.0, ""incomplete_base"": 1000.0, ""incomplete_agent"": 10.0}","[73.86767728674204, 62.10476190476191, 51.17638352638353, 60.52423687423688, 45.72501218917601, 53.624316939890704, 70.48808315204255, 62.13173797437757, 53.445875139353404, 54.13184523809525]","[41.7, 37.1, 29.6, 35.1, 29.3, 30.5, 39.400000000000006, 39.400000000000006, 29.900000000000002, 32.0]"
ga,9,34,60.30840682695009,34.09,88.7,1.841502065045327,5.6,12.708214285714288,22.679166666666667,9.97095238095238,True,0.0,hospital_corridor,28,12,"[11, 29, 47, 53, 61, 73, 89, 97, 101, 109]","[3.636753546839597, 3.972165267342513, 0.9006033050710085, 0.5, 1.0]","{""time"": 1.0, ""collisions"": 0.05, ""congestion"": 1.0, ""fairness"": 2.0, ""incomplete_base"": 1000.0, ""incomplete_agent"": 10.0}","[72.03609523809524, 69.11868884540118, 50.43450750163079, 60.67703081232493, 46.975504439063755, 53.410901417423155, 62.78087367178277, 61.94029304029304, 71.45344452501814, 54.25672877846792]","[37.5, 36.5, 29.200000000000003, 34.0, 29.5, 29.900000000000002, 36.300000000000004, 36.4, 39.400000000000006, 32.2]"
ga,9,35,58.00640327047465,35.519999999999996,49.2,1.7230699371413167,5.2,13.2225,22.374166666666667,9.151666666666667,True,0.0,hospital_corridor,28,12,"[11, 29, 47, 53, 61, 73, 89, 97, 101, 109]","[3.248155696051891, 4.116312718997646, 0.9041272620071017, 0.5, 1.0]","{""time"": 1.0, ""collisions"": 0.05, ""congestion"": 1.0, ""fairness"": 2.0, ""incomplete_base"": 1000.0, ""incomplete_agent"": 10.0}","[82.21804293971924, 56.30371267150928, 50.07945924132365, 57.3952380952381, 44.48859357696568, 54.40924908424909, 62.56504329004329, 63.35680784876765, 54.08883833788292, 55.15904761904761]","[51.900000000000006, 35.4, 29.5, 35.7, 30.1, 31.200000000000003, 35.2, 39.800000000000004, 31.400000000000002, 35.0]"
ga,9,36,60.96865746924332,32.81,143.2,1.8122288978147458,5.2,12.266785714285716,21.86,9.593214285714286,True,0.0,hospital_corridor,28,12,"[11, 29, 47, 53, 61, 73, 89, 97, 101, 109]","[3.9197421690504823, 3.723734737485421, 0.9205709344032246, 0.5, 1.0]","{""time"": 1.0, ""collisions"": 0.05, ""congestion"": 1.0, ""fairness"": 2.0, ""incomplete_base"": 1000.0, ""incomplete_agent"": 10.0}","[86.24344929681718, 79.19107720758205, 48.682229362333175, 57.47088212334114, 45.432452707110244, 53.14959758551308, 61.31904761904762, 66.60896358543417, 54.77339901477833, 56.81547619047619]","[38.6, 41.2, 28.900000000000002, 30.5, 29.200000000000003, 28.400000000000002, 33.0, 35.7, 29.0, 33.6]"
ga,9,37,56.357743058832504,32.92,63.4,1.7070287731182205,5.3,12.619642857142857,21.9,9.280357142857142,True,0.0,hospital_corridor,28,12,"[11, 29, 47, 53, 61, 73, 89, 97, 101, 109]","[3.634748231982202, 3.9808606144723475, 0.9286548980836351, 0.5, 1.0]","{""time"": 1.0, ""collisions"": 0.05, ""congestion"": 1.0, ""fairness"": 2.0, ""incomplete_base"": 1000.0, ""incomplete_agent"": 10.0}","[78.73135100193923, 50.850554785020805, 50.01799934991061, 61.79129586260734, 39.463025210084034, 51.23960746460746, 64.47075702075702, 57.650957701516376, 54.17924482924484, 55.182637362637365]","[44.2, 30.900000000000002, 29.3, 36.6, 25.5, 29.6, 35.1, 35.800000000000004, 29.700000000000003, 32.5]"
ga,9,38,57.73017898956745,30.360000000000003,147.4,1.868274227662684,5.6,11.675714285714287,20.741666666666667,9.065952380952382,True,0.0,hospital_corridor,28,12,"[11, 29, 47, 53, 61, 73, 89, 97, 101, 109]","[4.537241786250078, 3.9980890954648736, 0.9020584166538647, 0.5, 1.0]","{""time"": 1.0, ""collisions"": 0.05, ""congestion"": 1.0, ""fairness"": 2.0, ""incomplete_base"": 1000.0, ""incomplete_agent"": 10.0}","[68.59878618113913, 55.20584192439863, 48.80545634920635, 55.2168284789644, 59.91792849631967, 51.54866392600206, 62.5988245931284, 60.84519359145528, 54.108303249097474, 60.455963105963114]","[30.6, 29.1, 28.8, 30.900000000000002, 31.700000000000003, 27.8, 31.6, 32.1, 27.700000000000003, 33.300000000000004]"
ga,9,39,57.62839292906651,31.630000000000003,105.3,1.974345310018883,5.4,12.147142857142857,21.526666666666667,9.379523809523809,True,0.0,hospital_corridor,28,12,"[11, 29, 47, 53, 61, 73, 89, 97, 101, 109]","[4.0905241298769255, 4.132618043741262, 0.8941286486721861, 0.5, 1.0]","{""time"": 1.0, ""collisions"": 0.05, ""congestion"": 1.0, ""fairness"": 2.0, ""incomplete_base"": 1000.0, ""incomplete_agent"": 10.0}","[59.120257611241215, 76.24165439371626, 52.54774262646235, 48.150828157349906, 46.60738916256158, 51.7, 60.06723930078361, 66.62850619699935, 61.46316898440792, 53.75714285714285]","[30.5, 38.800000000000004, 28.900000000000002, 27.6, 29.0, 28.0, 31.6, 36.5, 33.9, 31.5]"
ga,9,40,62.48028948001813,31.000000000000007,210.0,1.8986228133514498,5.7,11.809999999999999,21.350833333333334,9.540833333333335,True,0.0,hospital_corridor,28,12,"[11, 29, 47, 53, 61, 73, 89, 97, 101, 109]","[4.61665982605592, 3.80051166826723, 0.9167456969752277, 0.5, 1.0]","{""time"": 1.0, ""collisions"": 0.05, ""congestion"": 1.0, ""fairness"": 2.0, ""incomplete_base"": 1000.0, ""incomplete_agent"": 10.0}","[79.38494066396275, 65.79488206497552, 54.37918747918748, 67.17014051522249, 54.79570509875977, 55.679518689196115, 71.98999730203697, 67.47621899059025, 50.70445134575569, 57.42785265049416]","[31.700000000000003, 32.1, 28.6, 30.5, 31.1, 27.900000000000002, 35.300000000000004, 33.4, 27.6, 31.8]"
ga,9,41,58.3603645263119,32.97,105.6,1.7717930977404688,5.7,12.835714285714285,22.005,9.169285714285715,True,0.0,hospital_corridor,28,12,"[11, 29, 47, 53, 61, 73, 89, 97, 101, 109]","[3.346082176124791, 3.3896298882408487, 0.9244510922790218, 0.5, 1.0]","{""time"": 1.0, ""collisions"": 0.05, ""congestion"": 1.0, ""fairness"": 2.0, ""incomplete_base"": 1000.0, ""incomplete_agent"": 10.0}","[69.98762298307753, 50.0159963014332, 56.687999360818154, 60.995341614906835, 47.306998556998565, 52.56023564064801, 71.24532627865962, 61.83019744483158, 55.629703356752536, 57.34422372499296]","[36.300000000000004, 30.900000000000002, 29.8, 32.2, 29.700000000000003, 29.1, 40.5, 36.9, 30.5, 33.800000000000004]"
ga,9,42,1124.6087055800315,73.83000000000001,39.7,0.9742958231216579,4.8,13.270825424575424,24.180530303030306,10.90970487845488,False,2.6,hospital_corridor,28,12,"[11, 29, 47, 53, 61, 73, 89, 97, 101, 109]","[3.6584027572515856, 4.1629771064302385, 1.0511440264048248, 0.5, 1.0]","{""time"": 1.0, ""collisions"": 0.05, ""congestion"": 1.0, ""fairness"": 2.0, ""incomplete_base"": 1000.0, ""incomplete_agent"": 10.0}","[1141.5839230769232, 1165.212, 57.94854768887028, 1178.9335757575757, 1197.1155584415585, 56.07577030812325, 1177.3562307692307, 1151.3811428571428, 53.40685358255452, 67.07345331833521]","[100.0, 100.0, 34.1, 100.0, 100.0, 34.0, 100.0, 100.0, 32.1, 38.1]"
ga,9,43,65.24528027659694,32.14,250.9,1.7505183718350328,5.4,11.971785714285716,21.376666666666665,9.404880952380953,True,0.0,hospital_corridor,28,12,"[11, 29, 47, 53, 61, 73, 89, 97, 101, 109]","[3.3781107034033035, 2.7430352512084473, 0.8887876366926619, 0.5, 1.0]","{""time"": 1.0, ""collisions"": 0.05, ""congestion"": 1.0, ""fairness"": 2.0, ""incomplete_base"": 1000.0, ""incomplete_agent"": 10.0}","[80.45528652138822, 51.17615914786968, 60.25394929302779, 98.45569105691058, 50.63011583011584, 54.13259441707717, 67.75456810631229, 68.99787264018033, 61.35760471412645, 59.23896103896104]","[29.5, 30.400000000000002, 29.3, 41.0, 33.300000000000004, 29.0, 34.4, 33.800000000000004, 29.900000000000002, 30.8]"
ga,9,44,63.26685197277273,31.829999999999995,217.8,1.8354234013441597,5.5,12.336785714285714,21.692500000000003,9.355714285714287,True,0.0,hospital_corridor,28,12,"[11, 29, 47, 53, 61, 73, 89, 97, 101, 109]","[3.6784663946708704, 3.1298900456083776, 0.9102895348879904, 0.5, 1.0]","{""time"": 1.0, ""collisions"": 0.05, ""congestion"": 1.0, ""fairness"": 2.0, ""incomplete_base"": 1000.0, ""incomplete_agent"": 10.0}","[76.54198076624787, 62.846046720575025, 57.753392041748214, 76.82442482611022, 46.19293394777266, 57.33959373959374, 62.16746031746032, 70.84015444015444, 58.61714285714285, 63.54539007092198]","[30.700000000000003, 31.8, 29.200000000000003, 35.6, 31.0, 28.6, 31.5, 37.0, 30.0, 32.9]"
ga,9,45,58.754241625373616,31.419999999999998,166.7,1.9394797206117143,5.2,12.271785714285716,20.801666666666666,8.529880952380953,True,0.0,hospital_corridor,28,12,"[11, 29, 47, 53, 61, 73, 89, 97, 101, 109]","[4.019927910281878, 3.608607369352372, 0.9088140356268298, 0.5, 1.0]","{""time"": 1.0, ""collisions"": 0.05, ""congestion"": 1.0, ""fairness"": 2.0, ""incomplete_base"": 1000.0, ""incomplete_agent"": 10.0}","[75.25813788201849, 53.773745173745176, 49.94126984126984, 64.0864376130199, 47.147456525272226, 53.40633232016211, 59.433229813664596, 74.6642509558568, 55.45825734549139, 54.3732987832357]","[33.5, 29.6, 28.8, 31.6, 29.3, 28.200000000000003, 32.2, 41.1, 28.200000000000003, 31.700000000000003]"
ga,9,46,60.56840062015908,31.950000000000006,168.9,1.8326863344447848,5.5,12.299642857142857,21.47,9.170357142857142,True,0.0,hospital_corridor,28,12,"[11, 29, 47, 53, 61, 73, 89, 97, 101, 109]","[3.8789332194923793, 3.4992350344339074, 0.9141626620200254, 0.5, 1.0]","{""time"": 1.0, ""collisions"": 0.05, ""congestion"": 1.0, ""fairness"": 2.0, ""incomplete_base"": 1000.0, ""incomplete_agent"": 10.0}","[82.34111280875987, 66.36502755404832, 53.937285223367695, 54.67167784081142, 49.50373719107897, 52.88863179074447, 62.22505330490405, 74.60653203689853, 54.94960317460318, 54.19534527637422]","[37.4, 33.7, 29.1, 27.700000000000003, 31.6, 28.400000000000002, 33.5, 38.2, 28.8, 31.1]"
ga,9,47,59.00507437820807,32.5,106.2,1.766979140112833,5.1,12.341785714285715,22.055833333333332,9.71404761904762,True,0.0,hospital_corridor,28,12,"[11, 29, 47, 53, 61, 73, 89, 97, 101, 109]","[3.7541566523999093, 3.8356610657864763, 0.9139913816421178, 0.5, 1.0]","{""time"": 1.0, ""collisions"": 0.05, ""congestion"": 1.0, ""fairness"": 2.0, ""incomplete_base"": 1000.0, ""incomplete_agent"": 10.0}","[71.60179786200196, 61.517326007326005, 53.614965986394566, 66.54619047619047, 45.397278911564634, 54.653935078854694, 64.5932364096081, 66.23003072196622, 51.94944553163731, 53.94653679653679]","[34.300000000000004, 32.5, 29.400000000000002, 35.0, 29.400000000000002, 31.1, 33.9, 37.2, 29.200000000000003, 33.0]"
ga,9,48,187.3771539556302,30.51,2754.3,1.9733444318206803,5.9,11.291428571428572,19.880833333333335,8.589404761904763,True,0.0,hospital_corridor,28,12,"[11, 29, 47, 53, 61, 73, 89, 97, 101, 109]","[3.5270719072759382, 4.5642976711491015, 0.6351360953804919, 0.5, 1.0]","{""time"": 1.0, ""collisions"": 0.05, ""congestion"": 1.0, ""fairness"": 2.0, ""incomplete_base"": 1000.0, ""incomplete_agent"": 10.0}","[221.64772893772894, 197.20827067669174, 152.4872180451128, 171.68012181616834, 165.62173689619735, 152.11677094195346, 213.9056437389771, 240.50702075702074, 167.21380515508957, 191.38322259136214]","[32.5, 28.5, 28.5, 30.1, 27.8, 27.400000000000002, 32.4, 35.1, 32.7, 30.1]"
ga,9,49,1202.2863700718724,100.0,52.7,0.45569999999999994,4.1,13.168859408508265,23.766694444444447,10.59783503593618,False,7.8,hospital_corridor,28,12,"[11, 29, 47, 53, 61, 73, 89, 97, 101, 109]","[3.9284876523138417, 4.082534714928721, 1.1970770122948038, 0.5, 1.0]","{""time"": 1.0, ""collisions"": 0.05, ""congestion"": 1.0, ""fairness"": 2.0, ""incomplete_base"": 1000.0, ""incomplete_agent"": 10.0}","[1170.5486666666666, 1264.6098787878789, 1189.5403043478261, 1207.2801688311688, 1242.1202631578947, 1184.474, 1194.586, 1195.6690740740742, 1159.9866153846153, 1214.048729468599]","[100.0, 100.0, 100.0, 100.0, 100.0, 100.0, 100.0, 100.0, 100.0, 100.0]"
ga,9,50,60.328113199573664,32.160000000000004,153.8,1.7450179614784158,5.4,12.084285714285715,21.450833333333335,9.36654761904762,True,0.0,hospital_corridor,28,12,"[11, 29, 47, 53, 61, 73, 89, 97, 101, 109]","[3.6286081084442223, 3.1647487555722917, 0.9089826909719397, 0.5, 1.0]","{""time"": 1.0, ""collisions"": 0.05, ""congestion"": 1.0, ""fairness"": 2.0, ""incomplete_base"": 1000.0, ""incomplete_agent"": 10.0}","[71.52879994102905, 62.205311355311366, 55.03411880216005, 53.26653956956448, 45.323129251700685, 53.417965367965365, 66.96421709894334, 57.65266609637867, 79.57886070315978, 58.30952380952381]","[32.300000000000004, 31.200000000000003, 29.1, 28.1, 29.400000000000002, 28.6, 34.7, 33.4, 42.800000000000004, 32.0]"
ga,9,51,58.484387773879284,31.620000000000005,136.5,1.9231972976888023,5.5,12.44107142857143,21.499166666666667,9.058095238095238,True,0.0,hospital_corridor,28,12,"[11, 29, 47, 53, 61, 73, 89, 97, 101, 109]","[3.67888463836858, 3.580007697636165, 0.9130731444337107, 0.5, 1.0]","{""time"": 1.0, ""collisions"": 0.05, ""congestion"": 1.0, ""fairness"": 2.0, ""incomplete_base"": 1000.0, ""incomplete_agent"": 10.0}","[68.28842940685045, 65.76906987093903, 56.66394557823129, 58.52587137947963, 45.10424005218527, 53.58512518409425, 64.22047619047619, 61.12204387372927, 54.20986394557825, 57.354812257229185]","[34.2, 32.1, 29.400000000000002, 29.1, 29.200000000000003, 29.1, 35.0, 35.6, 29.400000000000002, 33.1]"
ga,9,52,60.58302362089856,33.410000000000004,135.2,1.849690287565214,5.5,12.812500000000004,22.09416666666667,9.28166666666667,True,0.0,hospital_corridor,28,12,"[11, 29, 47, 53, 61, 73, 89, 97, 101, 109]","[3.721029722378767, 3.5670828542412196, 0.9220408485298355, 0.5, 1.0]","{""time"": 1.0, ""collisions"": 0.05, ""congestion"": 1.0, ""fairness"": 2.0, ""incomplete_base"": 1000.0, ""incomplete_agent"": 10.0}","[74.76171118854046, 67.46584176977879, 51.42081492390771, 67.85700280112044, 44.57687074829933, 53.30218253968255, 61.13601368691189, 63.99384236453203, 63.27360066833752, 58.04235551787482]","[36.9, 38.1, 29.1, 35.7, 29.400000000000002, 28.8, 33.4, 34.800000000000004, 34.2, 33.7]"
ga,9,53,63.10174369592546,38.6,40.4,1.7148389340206922,5.3,14.393214285714288,24.776666666666667,10.38345238095238,True,0.0,hospital_corridor,28,12,"[11, 29, 47, 53, 61, 73, 89, 97, 101, 109]","[2.536612588068028, 3.644879568101002, 0.9036709408295482, 0.5, 1.0]","{""time"": 1.0, ""collisions"": 0.05, ""congestion"": 1.0, ""fairness"": 2.0, ""incomplete_base"": 1000.0, ""incomplete_agent"": 10.0}","[63.985181935181934, 49.76190476190476, 56.22597914905608, 61.55963662272889, 56.07195767195768, 58.91233766233766, 69.67429261559697, 73.87789867789868, 68.6705574912892, 72.27769037130273]","[40.7, 32.1, 33.800000000000004, 40.1, 37.800000000000004, 33.0, 41.400000000000006, 40.7, 41.0, 45.400000000000006]"
ga,9,54,56.67331131038527,30.71,121.2,1.8623589294328835,5.1,12.037857142857145,21.05833333333333,9.020476190476192,True,0.0,hospital_corridor,28,12,"[11, 29, 47, 53, 61, 73, 89, 97, 101, 109]","[3.926676697046146, 3.631125181960995, 0.9174342665179804, 0.5, 1.0]","{""time"": 1.0, ""collisions"": 0.05, ""congestion"": 1.0, ""fairness"": 2.0, ""incomplete_base"": 1000.0, ""incomplete_agent"": 10.0}","[70.1147676593296, 62.425104699860405, 50.275862068965516, 55.67448979591837, 44.32193936398089, 52.64298245614036, 61.830293819655516, 59.838095238095235, 54.831702544031316, 54.77787545787546]","[33.1, 30.700000000000003, 29.0, 29.400000000000002, 28.900000000000002, 28.5, 32.9, 32.9, 29.200000000000003, 32.5]"
ga,9,55,60.80013571200526,32.120000000000005,150.7,1.85489761676716,5.4,12.083214285714286,21.72833333333333,9.645119047619048,True,0.0,hospital_corridor,28,12,"[11, 29, 47, 53, 61, 73, 89, 97, 101, 109]","[4.188481360258539, 3.7541137694145927, 0.9179403920272762, 0.5, 1.0]","{""time"": 1.0, ""collisions"": 0.05, ""congestion"": 1.0, ""fairness"": 2.0, ""incomplete_base"": 1000.0, ""incomplete_agent"": 10.0}","[79.04551820728291, 58.674285714285716, 50.72793263646922, 59.02816091954023, 47.363628899835795, 54.28998015873016, 77.5442857142857, 74.45070883315158, 52.721274961597544, 54.15558107487368]","[37.4, 30.0, 28.700000000000003, 29.0, 29.0, 28.8, 40.0, 39.300000000000004, 27.900000000000002, 31.1]"
ga,9,56,171.75739036516725,28.759999999999998,2496.7,1.9695332223101105,6.4,10.78107142857143,18.877500000000005,8.096428571428572,True,0.0,hospital_corridor,28,12,"[11, 29, 47, 53, 61, 73, 89, 97, 101, 109]","[4.169330936292993, 3.9875785534158514, 0.5, 0.5, 1.0]","{""time"": 1.0, ""collisions"": 0.05, ""congestion"": 1.0, ""fairness"": 2.0, ""incomplete_base"": 1000.0, ""incomplete_agent"": 10.0}","[211.22086969836167, 183.64436536180307, 150.48223246287762, 153.18490896358546, 165.84411764705882, 137.76421568627453, 194.29911816578485, 219.54012345679016, 139.03672969187676, 162.5572225172597]","[31.1, 28.1, 27.900000000000002, 27.200000000000003, 27.200000000000003, 27.200000000000003, 32.4, 32.4, 27.200000000000003, 26.900000000000002]"
ga,9,57,1227.3664421952928,100.0,11.5,0.4525,3.6,15.568960720535353,28.238431818181823,12.669471097646465,False,10.1,hospital_corridor,28,12,"[11, 29, 47, 53, 61, 73, 89, 97, 101, 109]","[2.935732076158938, 4.172849432851937, 1.2121529927223271, 0.5, 1.0]","{""time"": 1.0, ""collisions"": 0.05, ""congestion"": 1.0, ""fairness"": 2.0, ""incomplete_base"": 1000.0, ""incomplete_agent"": 10.0}","[1192.8122077922078, 1293.9918823529413, 1198.8778405797102, 1244.8946959064328, 1228.3826842105263, 1192.565, 1191.015111111111, 1251.741, 1197.6816666666666, 1281.7023333333334]","[100.0, 100.0, 100.0, 100.0, 100.0, 100.0, 100.0, 100.0, 100.0, 100.0]"
ga,9,58,56.86367062076216,31.839999999999996,77.2,1.8920039540954936,5.9,11.985000000000003,21.62083333333333,9.635833333333334,True,0.0,hospital_corridor,28,12,"[11, 29, 47, 53, 61, 73, 89, 97, 101, 109]","[4.0664247288594915, 4.483488487596009, 0.883607914751602, 0.5, 1.0]","{""time"": 1.0, ""collisions"": 0.05, ""congestion"": 1.0, ""fairness"": 2.0, ""incomplete_base"": 1000.0, ""incomplete_agent"": 10.0}","[72.86626681206835, 66.06833976833977, 48.88781512605043, 50.39513457556936, 44.42923742923743, 50.173809523809524, 69.45535205535207, 57.87025586353945, 51.91683433936956, 56.57366071428572]","[39.300000000000004, 37.0, 28.900000000000002, 27.6, 28.6, 28.0, 35.1, 33.5, 28.400000000000002, 32.0]"
ga,9,59,60.83139871619101,31.060000000000002,199.6,1.9328272876195705,5.9,12.288214285714284,21.2175,8.929285714285715,True,0.0,hospital_corridor,28,12,"[11, 29, 47, 53, 61, 73, 89, 97, 101, 109]","[4.516765556845541, 4.031288578055094, 0.8850243843235902, 0.5, 1.0]","{""time"": 1.0, ""collisions"": 0.05, ""congestion"": 1.0, ""fairness"": 2.0, ""incomplete_base"": 1000.0, ""incomplete_agent"": 10.0}","[80.62294070831675, 68.92329472329473, 57.09985569985571, 51.97962962962963, 50.72027622436876, 51.32060606060606, 62.569140989729235, 73.50327302424928, 58.432516510253734, 53.142453591606134]","[35.9, 37.0, 29.700000000000003, 27.0, 28.1, 27.5, 30.6, 37.9, 27.400000000000002, 29.5]"
