method,generation,individual_id,fitness,total_time,near_collisions,mean_congestion,peak_congestion,mean_high_time,mean_low_time,fairness_gap_time,all_evacuated,remaining_agents,layout,num_high,num_low,seed_list,params,fitness_weights,per_seed_fitnesses,per_seed_total_times
ga,0,0,1222.211917121162,70.78,2267.1,1.005613080757952,4.8,15.55843888888889,26.09409090909091,10.53565202020202,False,1.6,hospital_corridor,28,12,"[11, 29, 47, 53, 61, 73, 89, 97, 101, 109]","[2.0, 0.5, 2.0, 0.5, 1.0]","{""time"": 1.0, ""collisions"": 0.05, ""congestion"": 1.0, ""fairness"": 2.0, ""incomplete_base"": 1000.0, ""incomplete_agent"": 10.0}","[247.35429894179893, 1232.8933333333334, 1486.6460000000002, 123.59685947998832, 152.91014492753624, 1216.0416666666667, 161.11972789115646, 1260.3522222222223, 1190.1306753246754, 151.07424242424244]","[43.2, 100.0, 100.0, 32.6, 36.800000000000004, 100.0, 49.0, 100.0, 100.0, 46.2]"
ga,0,1,1293.4680429851023,100.0,12.3,0.29969999999999997,3.0,14.27377295189331,28.050444444444445,13.776671492551136,False,16.5,hospital_corridor,28,12,"[11, 29, 47, 53, 61, 73, 89, 97, 101, 109]","[1.7968087496263374, 2.2739139490746045, 2.5393878339411273, 0.5, 1.0]","{""time"": 1.0, ""collisions"": 0.05, ""congestion"": 1.0, ""fairness"": 2.0, ""incomplete_base"": 1000.0, ""incomplete_agent"": 10.0}","[1315.1638888888888, 1263.499, 1313.3623076923077, 1272.8703333333333, 1290.424, 1274.5972352941176, 1242.748, 1301.0844210526316, 1335.104076923077, 1325.8271666666667]","[100.0, 100.0, 100.0, 100.0, 100.0, 100.0, 100.0, 100.0, 100.0, 100.0]"
ga,0,2,1118.8211368825823,61.839999999999996,484.2,1.0653644217097857,4.6,12.635068315018318,22.987954545454546,10.352886230436232,False,1.1,hospital_corridor,28,12,"[11, 29, 47, 53, 61, 73, 89, 97, 101, 109]","[3.4687092358390834, 1.5720873569338782, 1.6003543444208266, 0.5, 1.0]","{""time"": 1.0, ""collisions"": 0.05, ""congestion"": 1.0, ""fairness"": 2.0, ""incomplete_base"": 1000.0, ""incomplete_agent"": 10.0}","[115.5222306429203, 1170.9593333333332, 1163.404902097902, 78.77987711213518, 60.92829131652662, 1165.6673333333333, 91.72305516265914, 124.78215118215121, 1141.1744415584415, 75.26975308641975]","[37.7, 100.0, 100.0, 31.0, 34.0, 100.0, 40.400000000000006, 42.900000000000006, 100.0, 32.4]"
ga,0,3,1142.6558316699302,81.84,15.3,0.9314824635810437,4.7,14.47753246753247,26.037207070707076,11.559674603174603,False,3.6,hospital_corridor,28,12,"[11, 29, 47, 53, 61, 73, 89, 97, 101, 109]","[2.86120300939204, 4.200020189764425, 1.0309970135193618, 0.5, 1.0]","{""time"": 1.0, ""collisions"": 0.05, ""congestion"": 1.0, ""fairness"": 2.0, ""incomplete_base"": 1000.0, ""incomplete_agent"": 10.0}","[1167.0731515151515, 1182.3636363636365, 70.852052545156, 1163.2486666666666, 1201.202735930736, 62.59905780494016, 1166.306, 1151.5, 64.23323809523811, 1197.1797777777779]","[100.0, 100.0, 43.5, 100.0, 100.0, 37.4, 100.0, 100.0, 37.5, 100.0]"
ga,0,4,1102.5490976527913,51.9,450.5,1.1967636904571912,4.5,10.997317867317866,20.46098484848485,9.463666981166982,False,0.8,hospital_corridor,28,12,"[11, 29, 47, 53, 61, 73, 89, 97, 101, 109]","[4.581063572625684, 1.6454818210769087, 2.445642023501148, 0.5, 1.0]","{""time"": 1.0, ""collisions"": 0.05, ""congestion"": 1.0, ""fairness"": 2.0, ""incomplete_base"": 1000.0, ""incomplete_agent"": 10.0}","[88.45256469147145, 1173.484, 1158.7991784511785, 65.04596273291926, 59.21110100090992, 1163.8262564102565, 86.85524368105013, 90.13133773740711, 68.9609093804746, 70.72442244224422]","[31.1, 100.0, 100.0, 27.6, 31.400000000000002, 100.0, 34.1, 34.6, 29.900000000000002, 30.3]"
ga,0,5,1174.78918995079,100.0,119.3,0.45620000000000005,3.8,17.818201994301994,30.502196969696975,12.683994975394976,False,4.3,hospital_corridor,28,12,"[11, 29, 47, 53, 61, 73, 89, 97, 101, 109]","[2.6712355351100503, 1.809691893183629, 1.8932589036551826, 0.5, 1.0]","{""time"": 1.0, ""collisions"": 0.05, ""congestion"": 1.0, ""fairness"": 2.0, ""incomplete_base"": 1000.0, ""incomplete_agent"": 10.0}","[1171.192, 1230.443888888889, 1174.2543636363637, 1157.6253333333334, 1183.437, 1165.4643333333333, 1154.0441481481482, 1177.573, 1155.1808321678322, 1178.677]","[100.0, 100.0, 100.0, 100.0, 100.0, 100.0, 100.0, 100.0, 100.0, 100.0]"
ga,0,6,1138.3573118981283,61.910000000000004,908.7,1.0766859722023896,4.7,13.463853703703705,23.43166666666667,9.967812962962963,False,1.0,hospital_corridor,28,12,"[11, 29, 47, 53, 61, 73, 89, 97, 101, 109]","[2.4807450339691073, 0.8471101088184451, 1.6187063513423356, 0.5, 1.0]","{""time"": 1.0, ""collisions"": 0.05, ""congestion"": 1.0, ""fairness"": 2.0, ""incomplete_base"": 1000.0, ""incomplete_agent"": 10.0}","[127.5691995947315, 1191.888, 1179.7667744107744, 79.44282581453633, 92.01223893065999, 1191.2436666666667, 119.27394699219181, 116.3146960089519, 1169.0065324675325, 117.0552380952381]","[32.9, 100.0, 100.0, 30.400000000000002, 34.2, 100.0, 43.300000000000004, 38.300000000000004, 100.0, 40.0]"
ga,0,7,76.25974182880844,29.610000000000007,542.5,1.96902754309416,5.6,11.147142857142859,19.925,8.777857142857144,True,0.0,hospital_corridor,28,12,"[11, 29, 47, 53, 61, 73, 89, 97, 101, 109]","[4.646430763515544, 3.325077486883972, 0.7998809446372772, 0.5, 1.0]","{""time"": 1.0, ""collisions"": 0.05, ""congestion"": 1.0, ""fairness"": 2.0, ""incomplete_base"": 1000.0, ""incomplete_agent"": 10.0}","[93.33186423505573, 81.23165548098434, 54.535964912280704, 113.09288617886182, 76.76726618705037, 54.81144790019329, 83.82615851709812, 71.77612112806287, 55.97061149182922, 77.25344225666807]","[28.200000000000003, 29.8, 28.5, 32.800000000000004, 27.8, 27.1, 29.8, 30.900000000000002, 27.1, 34.1]"
ga,0,8,1243.7609345661585,100.0,20.3,0.36970000000000003,3.6,13.786632716920764,24.47475,10.68811728307924,False,12.1,hospital_corridor,28,12,"[11, 29, 47, 53, 61, 73, 89, 97, 101, 109]","[3.537157758037175, 3.526999789876784, 1.7373495809034052, 0.5, 1.0]","{""time"": 1.0, ""collisions"": 0.05, ""congestion"": 1.0, ""fairness"": 2.0, ""incomplete_base"": 1000.0, ""incomplete_agent"": 10.0}","[1219.546, 1241.0785555555556, 1205.7083131313132, 1256.3207777777777, 1215.6231746031747, 1218.7083636363636, 1214.519570048309, 1272.184, 1258.2624242424242, 1335.6581666666666]","[100.0, 100.0, 100.0, 100.0, 100.0, 100.0, 100.0, 100.0, 100.0, 100.0]"
ga,0,9,1528.4654285714287,100.0,5.2,0.084,1.0,43.375,67.95937500000001,27.56071428571429,False,37.3,hospital_corridor,28,12,"[11, 29, 47, 53, 61, 73, 89, 97, 101, 109]","[0.2440640160967574, 2.816164043704619, 1.2058587393770703, 0.5, 1.0]","{""time"": 1.0, ""collisions"": 0.05, ""congestion"": 1.0, ""fairness"": 2.0, ""incomplete_base"": 1000.0, ""incomplete_agent"": 10.0}","[1470.367, 1690.6100000000001, 1529.781, 1509.634, 1563.952, 1504.315, 1534.299, 1660.385, 1690.451, 1565.496]","[100.0, 100.0, 100.0, 100.0, 100.0, 100.0, 100.0, 100.0, 100.0, 100.0]"
ga,0,10,1217.050408612,100.0,126.1,0.379,3.9,13.106629027333375,22.789833333333334,9.68320430599996,False,9.1,hospital_corridor,28,12,"[11, 29, 47, 53, 61, 73, 89, 97, 101, 109]","[2.759272457087214, 1.9634541158222192, 1.5064334911919512, 0.5, 1.0]","{""time"": 1.0, ""collisions"": 0.05, ""congestion"": 1.0, ""fairness"": 2.0, ""incomplete_base"": 1000.0, ""incomplete_agent"": 10.0}","[1210.7283636363636, 1244.4872222222223, 1213.0199191919191, 1195.8005454545455, 1216.9087142857143, 1220.2502424242425, 1222.2087826086956, 1178.5405185185186, 1181.2903333333334, 1287.2694444444444]","[100.0, 100.0, 100.0, 100.0, 100.0, 100.0, 100.0, 100.0, 100.0, 100.0]"
ga,0,11,57.85016856745522,32.28,90.1,1.8946923769790218,5.3,12.13892857142857,21.72416666666667,9.585238095238097,True,0.0,hospital_corridor,28,12,"[11, 29, 47, 53, 61, 73, 89, 97, 101, 109]","[4.693810676255719, 4.725916100618479, 0.9311641573526295, 0.5, 1.0]","{""time"": 1.0, ""collisions"": 0.05, ""congestion"": 1.0, ""fairness"": 2.0, ""incomplete_base"": 1000.0, ""incomplete_agent"": 10.0}","[65.6128623188406, 60.87861635220126, 48.58669950738917, 55.06705940108002, 45.36767270288398, 50.42311827956989, 71.90493612078978, 72.84190128606187, 55.249844236760126, 52.56897546897547]","[36.800000000000004, 31.8, 29.0, 29.1, 28.400000000000002, 27.900000000000002, 36.9, 41.1, 32.1, 29.700000000000003]"
ga,0,12,1371.6718797202798,100.0,4.2,0.32510000000000006,2.1,21.335860139860138,37.404250000000005,16.06838986013986,False,23.9,hospital_corridor,28,12,"[11, 29, 47, 53, 61, 73, 89, 97, 101, 109]","[1.3096748811636818, 4.923953924181727, 1.8899681090368734, 0.5, 1.0]","{""time"": 1.0, ""collisions"": 0.05, ""congestion"": 1.0, ""fairness"": 2.0, ""incomplete_base"": 1000.0, ""incomplete_agent"": 10.0}","[1359.817, 1386.507, 1374.387, 1368.445515151515, 1374.5163333333333, 1330.0136153846154, 1369.77, 1400.132, 1326.785, 1426.3453333333334]","[100.0, 100.0, 100.0, 100.0, 100.0, 100.0, 100.0, 100.0, 100.0, 100.0]"
ga,0,13,76.53463498625523,32.57000000000001,466.6,1.7951111767314067,5.3,12.293571428571429,21.71333333333333,9.419761904761904,True,0.0,hospital_corridor,28,12,"[11, 29, 47, 53, 61, 73, 89, 97, 101, 109]","[3.4705980725812546, 2.9822228355729217, 0.8055833411203152, 0.5, 1.0]","{""time"": 1.0, ""collisions"": 0.05, ""congestion"": 1.0, ""fairness"": 2.0, ""incomplete_base"": 1000.0, ""incomplete_agent"": 10.0}","[90.84781420765027, 94.26477832512316, 63.63699126709507, 113.97098180233192, 53.5478783592645, 55.5634261646897, 82.11190476190477, 68.3535409035409, 81.64029304029305, 61.40874103065885]","[30.5, 34.800000000000004, 28.900000000000002, 43.7, 30.3, 27.700000000000003, 34.300000000000004, 35.1, 31.200000000000003, 29.200000000000003]"
ga,0,14,1215.4240834758177,39.3,3078.5,1.828412480146806,6.2,12.329285714285714,22.014621212121213,9.685335497835498,False,0.1,hospital_corridor,28,12,"[11, 29, 47, 53, 61, 73, 89, 97, 101, 109]","[2.8086107676397645, 0.311496577372351, 0.5025740544852635, 0.5, 1.0]","{""time"": 1.0, ""collisions"": 0.05, ""congestion"": 1.0, ""fairness"": 2.0, ""incomplete_base"": 1000.0, ""incomplete_agent"": 10.0}","[1307.9570909090908, 246.2758241758242, 170.1060125060125, 185.85056390977445, 195.88711676451402, 192.5627118644068, 251.05962165688192, 232.9181165203512, 199.78336347197106, 171.84041297935102]","[100.0, 36.4, 29.700000000000003, 30.400000000000002, 29.200000000000003, 29.5, 36.5, 35.800000000000004, 31.6, 33.9]"
ga,0,15,1841.4702,100.0,3467.0,0.1202,1.3,,65.01700000000001,,False,36.8,hospital_corridor,28,12,"[11, 29, 47, 53, 61, 73, 89, 97, 101, 109]","[0.19666720944852878, 2.5664632551027373, 0.7230297398889312, 0.5, 1.0]","{""time"": 1.0, ""collisions"": 0.05, ""congestion"": 1.0, ""fairness"": 2.0, ""incomplete_base"": 1000.0, ""incomplete_agent"": 10.0}","[1854.923, 1852.248, 1854.528, 1822.651, 1803.074, 1848.551, 1822.159, 1911.165, 1850.739, 1794.664]","[100.0, 100.0, 100.0, 100.0, 100.0, 100.0, 100.0, 100.0, 100.0, 100.0]"
ga,0,16,1663.0976,100.0,498.7,0.1626,1.5,,57.10482142857143,,False,33.8,hospital_corridor,28,12,"[11, 29, 47, 53, 61, 73, 89, 97, 101, 109]","[0.2720641390371989, 0.5736713636730643, 1.810399717489128, 0.5, 1.0]","{""time"": 1.0, ""collisions"": 0.05, ""congestion"": 1.0, ""fairness"": 2.0, ""incomplete_base"": 1000.0, ""incomplete_agent"": 10.0}","[1670.3400000000001, 1663.517, 1708.308, 1653.415, 1649.007, 1664.645, 1644.556, 1683.488, 1647.146, 1646.554]","[100.0, 100.0, 100.0, 100.0, 100.0, 100.0, 100.0, 100.0, 100.0, 100.0]"
ga,0,17,1119.2297543145476,60.540000000000006,550.7,1.037450033643346,4.8,12.128241798941797,22.18689393939394,10.058652140452141,False,1.0,hospital_corridor,28,12,"[11, 29, 47, 53, 61, 73, 89, 97, 101, 109]","[3.199270544203929, 1.1559472492988263, 2.787704909112114, 0.5, 1.0]","{""time"": 1.0, ""collisions"": 0.05, ""congestion"": 1.0, ""fairness"": 2.0, ""incomplete_base"": 1000.0, ""incomplete_agent"": 10.0}","[100.07444831591174, 1185.5853333333334, 1166.1625016835017, 70.05706214689266, 66.92872248597324, 1176.943, 99.02977090080365, 93.67510311211099, 1154.8283506493506, 79.01325051759835]","[32.800000000000004, 100.0, 100.0, 29.5, 33.1, 100.0, 39.7, 38.1, 100.0, 32.2]"
ga,0,18,1383.6733077034078,100.0,7.4,0.2504,2.3,16.776224719724716,36.30267857142857,19.526453851703856,False,24.4,hospital_corridor,28,12,"[11, 29, 47, 53, 61, 73, 89, 97, 101, 109]","[0.9913940995769313, 2.222322968304345, 2.09981248651584, 0.5, 1.0]","{""time"": 1.0, ""collisions"": 0.05, ""congestion"": 1.0, ""fairness"": 2.0, ""incomplete_base"": 1000.0, ""incomplete_agent"": 10.0}","[1406.194, 1404.8686666666667, 1388.9392857142857, 1360.4698181818183, 1360.18, 1391.586888888889, 1384.0925714285713, 1352.724846153846, 1366.115, 1421.562]","[100.0, 100.0, 100.0, 100.0, 100.0, 100.0, 100.0, 100.0, 100.0, 100.0]"
ga,0,19,94.92104326895836,30.48,900.1,1.7384242213393033,5.6,11.655357142857143,20.50416666666667,8.848809523809525,True,0.0,hospital_corridor,28,12,"[11, 29, 47, 53, 61, 73, 89, 97, 101, 109]","[3.1581000417977445, 1.1045091217092546, 0.992108723505274, 0.5, 1.0]","{""time"": 1.0, ""collisions"": 0.05, ""congestion"": 1.0, ""fairness"": 2.0, ""incomplete_base"": 1000.0, ""incomplete_agent"": 10.0}","[157.05181557572863, 79.55844155844156, 82.82909604519773, 104.10734549138805, 73.72380952380954, 82.49105090311987, 103.26836335707303, 101.85753353973169, 86.4858082706767, 77.83716842441675]","[29.900000000000002, 30.8, 29.5, 28.200000000000003, 30.8, 29.0, 34.1, 32.300000000000004, 30.400000000000002, 29.8]"
ga,0,20,1326.986112494042,100.0,5.1,0.2826,2.4,18.929251689486986,34.52636507936508,15.724256247020955,False,19.5,hospital_corridor,28,12,"[11, 29, 47, 53, 61, 73, 89, 97, 101, 109]","[1.357003869340067, 2.876009854507782, 2.5965250453141118, 0.5, 1.0]","{""time"": 1.0, ""collisions"": 0.05, ""congestion"": 1.0, ""fairness"": 2.0, ""incomplete_base"": 1000.0, ""incomplete_agent"": 10.0}","[1309.395, 1302.6793333333333, 1354.1262857142858, 1291.6784285714286, 1330.60389010989, 1311.6169572649574, 1328.0388181818182, 1320.5884117647058, 1299.0363333333332, 1422.0976666666666]","[100.0, 100.0, 100.0, 100.0, 100.0, 100.0, 100.0, 100.0, 100.0, 100.0]"
ga,0,21,1330.0445467532468,100.0,9.9,0.2853,2.7,16.8077012987013,32.43982467532468,15.632123376623378,False,19.8,hospital_corridor,28,12,"[11, 29, 47, 53, 61, 73, 89, 97, 101, 109]","[0.9490553292712949, 2.4906037729974964, 1.0515969801722909, 0.5, 1.0]","{""time"": 1.0, ""collisions"": 0.05, ""congestion"": 1.0, ""fairness"": 2.0, ""incomplete_base"": 1000.0, ""incomplete_agent"": 10.0}","[1312.7895714285714, 1305.7166363636363, 1341.9302597402598, 1361.494, 1330.1893636363636, 1338.5416666666667, 1312.7083333333333, 1351.6356666666666, 1317.3536363636363, 1328.0863333333334]","[100.0, 100.0, 100.0, 100.0, 100.0, 100.0, 100.0, 100.0, 100.0, 100.0]"
ga,0,22,74.94947603450022,29.57,523.8,1.7423331773573676,5.1,11.111428571428572,19.835,8.723571428571429,True,0.0,hospital_corridor,28,12,"[11, 29, 47, 53, 61, 73, 89, 97, 101, 109]","[3.9212833456452003, 2.037202043918419, 0.8861258452821253, 0.5, 1.0]","{""time"": 1.0, ""collisions"": 0.05, ""congestion"": 1.0, ""fairness"": 2.0, ""incomplete_base"": 1000.0, ""incomplete_agent"": 10.0}","[110.02281942479964, 78.8078507078507, 56.277351916376304, 66.44162384378211, 55.383893557422965, 61.45357142857143, 82.28591707976567, 88.2706703063391, 80.91633384536611, 69.63472823472824]","[30.3, 29.6, 28.700000000000003, 27.8, 30.6, 28.0, 31.700000000000003, 31.400000000000002, 27.900000000000002, 29.700000000000003]"
ga,0,23,1225.8024774891776,100.0,52.7,0.37079999999999996,3.5,13.723661255411255,23.622000000000003,9.898338744588745,False,10.3,hospital_corridor,28,12,"[11, 29, 47, 53, 61, 73, 89, 97, 101, 109]","[3.395661072104154, 2.74449070992378, 2.160369611349795, 0.5, 1.0]","{""time"": 1.0, ""collisions"": 0.05, ""congestion"": 1.0, ""fairness"": 2.0, ""incomplete_base"": 1000.0, ""incomplete_agent"": 10.0}","[1216.768, 1263.106, 1230.8796666666667, 1212.056, 1217.9871587301586, 1216.0336161616162, 1217.419, 1239.1216666666667, 1181.4266666666667, 1263.227]","[100.0, 100.0, 100.0, 100.0, 100.0, 100.0, 100.0, 100.0, 100.0, 100.0]"
ga,0,24,1303.9442152642678,100.0,95.7,0.35700000000000004,3.0,15.599802180275864,28.500909812409816,12.901107632133948,False,17.3,hospital_corridor,28,12,"[11, 29, 47, 53, 61, 73, 89, 97, 101, 109]","[1.1685532369781026, 1.3978046999547926, 1.304087043010985, 0.5, 1.0]","{""time"": 1.0, ""collisions"": 0.05, ""congestion"": 1.0, ""fairness"": 2.0, ""incomplete_base"": 1000.0, ""incomplete_agent"": 10.0}","[1301.312, 1279.9534025974026, 1333.298076923077, 1326.012, 1323.9696363636363, 1246.3249415204677, 1273.7652222222223, 1299.2541111111111, 1327.4090952380952, 1328.1436666666666]","[100.0, 100.0, 100.0, 100.0, 100.0, 100.0, 100.0, 100.0, 100.0, 100.0]"
ga,0,25,1111.0346126190782,58.96999999999999,466.9,1.085336709802252,4.5,11.15589234839235,20.473030303030306,9.317137954637955,False,0.9,hospital_corridor,28,12,"[11, 29, 47, 53, 61, 73, 89, 97, 101, 109]","[4.235009486015951, 1.5219699226222592, 2.222203071852765, 0.5, 1.0]","{""time"": 1.0, ""collisions"": 0.05, ""congestion"": 1.0, ""fairness"": 2.0, ""incomplete_base"": 1000.0, ""incomplete_agent"": 10.0}","[92.3477726574501, 1176.8536666666666, 1159.9497441077442, 65.25979208584843, 59.54047619047619, 1161.3725128205128, 84.39047619047619, 90.66436877076411, 1146.6403116883116, 73.32700501253133]","[31.0, 100.0, 100.0, 28.400000000000002, 31.5, 100.0, 34.0, 34.4, 100.0, 30.400000000000002]"
ga,0,26,1248.9650822273074,100.0,22.9,0.3533,3.6,13.885858886346302,23.61925,9.7333911136537,False,12.8,hospital_corridor,28,12,"[11, 29, 47, 53, 61, 73, 89, 97, 101, 109]","[3.180083058035375, 3.3878926353702217, 1.6066172524544071, 0.5, 1.0]","{""time"": 1.0, ""collisions"": 0.05, ""congestion"": 1.0, ""fairness"": 2.0, ""incomplete_base"": 1000.0, ""incomplete_agent"": 10.0}","[1234.477, 1266.273, 1249.3636666666666, 1284.2526666666668, 1236.3670994152046, 1232.065, 1248.0896842105262, 1226.9682608695653, 1196.9853333333333, 1314.8091111111112]","[100.0, 100.0, 100.0, 100.0, 100.0, 100.0, 100.0, 100.0, 100.0, 100.0]"
ga,0,27,1151.9388890800415,87.58,243.2,0.6321123234647976,4.6,11.911869197469198,21.695257575757577,9.783388378288379,False,3.2,hospital_corridor,28,12,"[11, 29, 47, 53, 61, 73, 89, 97, 101, 109]","[3.8005050541690197, 2.4591771949109087, 1.1481521520122264, 0.5, 1.0]","{""time"": 1.0, ""collisions"": 0.05, ""congestion"": 1.0, ""fairness"": 2.0, ""incomplete_base"": 1000.0, ""incomplete_agent"": 10.0}","[1185.0596666666665, 1182.7577575757575, 1182.5483333333334, 1157.7426666666668, 1185.4068181818182, 1170.1371818181817, 86.17221217600965, 82.81448248720977, 1135.4272077922078, 1151.322564102564]","[100.0, 100.0, 100.0, 100.0, 100.0, 100.0, 39.5, 36.300000000000004, 100.0, 100.0]"
ga,0,28,68.0892603671764,35.57,232.6,1.6485460814621065,5.8,12.874642857142856,22.495000000000005,9.620357142857141,True,0.0,hospital_corridor,28,12,"[11, 29, 47, 53, 61, 73, 89, 97, 101, 109]","[2.5452573745565807, 3.4634997172785256, 0.7979661934886857, 0.5, 1.0]","{""time"": 1.0, ""collisions"": 0.05, ""congestion"": 1.0, ""fairness"": 2.0, ""incomplete_base"": 1000.0, ""incomplete_agent"": 10.0}","[97.75070721357851, 54.05408053896801, 62.972795281254506, 63.05874316939891, 51.09576813057379, 65.21710340941111, 77.81743301743302, 74.43416149068324, 65.96530930129062, 68.52650211917228]","[40.400000000000006, 31.1, 33.1, 36.6, 28.3, 33.800000000000004, 40.7, 41.400000000000006, 32.1, 38.2]"
ga,0,29,1206.1268657381265,100.0,65.4,0.39319999999999994,3.9,12.603431921701487,23.33526479076479,10.731832869063306,False,8.1,hospital_corridor,28,12,"[11, 29, 47, 53, 61, 73, 89, 97, 101, 109]","[3.6781321429960214, 2.596541766825994, 2.760212825094213, 0.5, 1.0]","{""time"": 1.0, ""collisions"": 0.05, ""congestion"": 1.0, ""fairness"": 2.0, ""incomplete_base"": 1000.0, ""incomplete_agent"": 10.0}","[1190.6308102766798, 1246.265, 1210.7395217391304, 1194.5707705627706, 1215.9746349206348, 1159.4743333333333, 1223.2154747474747, 1204.565, 1190.8375217391304, 1224.995590062112]","[100.0, 100.0, 100.0, 100.0, 100.0, 100.0, 100.0, 100.0, 100.0, 100.0]"
ga,0,30,63.704973472010046,39.64,17.9,1.7502115672481373,5.0,15.269285714285715,25.979166666666668,10.709880952380953,True,0.0,hospital_corridor,28,12,"[11, 29, 47, 53, 61, 73, 89, 97, 101, 109]","[2.6679119952596277, 4.420755937563174, 0.9457012981330302, 0.5, 1.0]","{""time"": 1.0, ""collisions"": 0.05, ""congestion"": 1.0, ""fairness"": 2.0, ""incomplete_base"": 1000.0, ""incomplete_agent"": 10.0}","[82.70991990946288, 50.371400642368386, 57.6972323972324, 46.66041939711665, 43.61736014794268, 63.57836411609499, 80.16030741410489, 79.63992673992675, 54.304711246200604, 78.31009270965023]","[54.7, 34.1, 35.1, 32.7, 30.900000000000002, 37.9, 47.400000000000006, 45.5, 32.9, 45.2]"
ga,0,31,3124.398326984127,100.0,33415.7,0.1032,2.1,17.113523809523812,32.185,15.255063492063494,False,32.3,hospital_corridor,28,12,"[11, 29, 47, 53, 61, 73, 89, 97, 101, 109]","[0.7567960900820752, 2.5171029542193866, 0.5090463683103323, 0.5, 1.0]","{""time"": 1.0, ""collisions"": 0.05, ""congestion"": 1.0, ""fairness"": 2.0, ""incomplete_base"": 1000.0, ""incomplete_agent"": 10.0}","[2908.121857142857, 3701.1000000000004, 3172.17, 3519.598, 3327.9700000000003, 2847.2084444444445, 2841.3933333333334, 3281.504, 3016.8770000000004, 3475.49]","[100.0, 100.0, 100.0, 100.0, 100.0, 100.0, 100.0, 100.0, 100.0, 100.0]"
ga,0,32,1148.9391726527413,54.99000000000001,1277.0,1.1792659668346464,4.8,13.085804232804232,23.045757575757573,9.959953342953344,False,0.9,hospital_corridor,28,12,"[11, 29, 47, 53, 61, 73, 89, 97, 101, 109]","[2.5289351578874966, 0.6166834465240169, 2.5817505115516175, 0.5, 1.0]","{""time"": 1.0, ""collisions"": 0.05, ""congestion"": 1.0, ""fairness"": 2.0, ""incomplete_base"": 1000.0, ""incomplete_agent"": 10.0}","[151.89389880952382, 1213.663, 1184.4751144781144, 102.79316360207451, 117.37412935323384, 1216.1776666666667, 124.51271338724169, 137.5375850340136, 119.09211087420044, 121.87234432234432]","[32.0, 100.0, 100.0, 30.3, 33.5, 100.0, 42.400000000000006, 39.2, 33.5, 39.0]"
ga,0,33,75.95668096315663,29.879999999999995,517.2,1.7550142964899784,5.5,11.035,20.265833333333333,9.230833333333333,True,0.0,hospital_corridor,28,12,"[11, 29, 47, 53, 61, 73, 89, 97, 101, 109]","[3.831854460863636, 2.3173003149471247, 0.8210861554230887, 0.5, 1.0]","{""time"": 1.0, ""collisions"": 0.05, ""congestion"": 1.0, ""fairness"": 2.0, ""incomplete_base"": 1000.0, ""incomplete_agent"": 10.0}","[117.10442176870748, 103.71073306294127, 55.52748917748918, 85.38776844070964, 59.75449735449735, 60.405757575757576, 76.03348348348348, 75.2224049872315, 61.50184331797236, 64.91841046277666]","[29.400000000000002, 31.700000000000003, 28.6, 30.6, 29.700000000000003, 27.5, 33.300000000000004, 31.700000000000003, 27.900000000000002, 28.400000000000002]"
ga,0,34,1269.9110961251167,100.0,5.2,0.35419999999999996,3.3,14.565690826330533,26.21413888888889,11.648448062558357,False,14.6,hospital_corridor,28,12,"[11, 29, 47, 53, 61, 73, 89, 97, 101, 109]","[4.079361318834608, 4.98661138645163, 1.7845313846726272, 0.5, 1.0]","{""time"": 1.0, ""collisions"": 0.05, ""congestion"": 1.0, ""fairness"": 2.0, ""incomplete_base"": 1000.0, ""incomplete_agent"": 10.0}","[1231.966, 1301.3801666666666, 1319.4983333333334, 1294.804111111111, 1226.884, 1231.8320952380952, 1244.804, 1254.507, 1272.66, 1320.7752549019608]","[100.0, 100.0, 100.0, 100.0, 100.0, 100.0, 100.0, 100.0, 100.0, 100.0]"
ga,0,35,1288.703319940878,100.0,15.6,0.2946000000000001,2.9,14.320278918449969,27.63463888888889,13.314359970438918,False,16.1,hospital_corridor,28,12,"[11, 29, 47, 53, 61, 73, 89, 97, 101, 109]","[1.7468866046688374, 2.1121175201268545, 2.477640961322778, 0.5, 1.0]","{""time"": 1.0, ""collisions"": 0.05, ""congestion"": 1.0, ""fairness"": 2.0, ""incomplete_base"": 1000.0, ""incomplete_agent"": 10.0}","[1315.5986666666668, 1267.3575, 1312.2885714285715, 1271.7126666666666, 1288.267, 1240.420269005848, 1246.91, 1296.1399999999999, 1335.6866923076923, 1312.6518333333333]","[100.0, 100.0, 100.0, 100.0, 100.0, 100.0, 100.0, 100.0, 100.0, 100.0]"
ga,0,36,1301.4168118283678,100.0,282.4,0.3249,3.5,14.306997549019608,28.292953463203464,13.985955914183856,False,15.9,hospital_corridor,28,12,"[11, 29, 47, 53, 61, 73, 89, 97, 101, 109]","[1.0797978816652463, 0.9376496400503741, 1.0178135430017374, 0.5, 1.0]","{""time"": 1.0, ""collisions"": 0.05, ""congestion"": 1.0, ""fairness"": 2.0, ""incomplete_base"": 1000.0, ""incomplete_agent"": 10.0}","[1292.6796666666667, 1304.7188787878788, 1335.569, 1332.1133333333332, 1307.0756666666666, 1265.4526666666666, 1278.902882352941, 1284.509857142857, 1291.18, 1321.9661666666666]","[100.0, 100.0, 100.0, 100.0, 100.0, 100.0, 100.0, 100.0, 100.0, 100.0]"
ga,0,37,1215.659797051258,100.0,17.6,0.3743000000000001,3.6,13.0144163372859,23.217164862914863,10.202748525628962,False,9.4,hospital_corridor,28,12,"[11, 29, 47, 53, 61, 73, 89, 97, 101, 109]","[4.2779192605983, 3.7026499993942337, 2.874913296572116, 0.5, 1.0]","{""time"": 1.0, ""collisions"": 0.05, ""congestion"": 1.0, ""fairness"": 2.0, ""incomplete_base"": 1000.0, ""incomplete_agent"": 10.0}","[1179.3704822134387, 1241.446, 1229.5445714285715, 1213.278, 1195.6455454545455, 1195.0081304347825, 1241.7537777777777, 1237.3337012987013, 1179.0, 1244.2177619047618]","[100.0, 100.0, 100.0, 100.0, 100.0, 100.0, 100.0, 100.0, 100.0, 100.0]"
ga,0,38,1121.5333503346794,73.15,262.3,0.9059596697887246,5.1,11.554638000888001,20.735833333333336,9.181195332445332,False,1.6,hospital_corridor,28,12,"[11, 29, 47, 53, 61, 73, 89, 97, 101, 109]","[4.637227793406476, 2.8241901134675347, 1.1339027492405815, 0.5, 1.0]","{""time"": 1.0, ""collisions"": 0.05, ""congestion"": 1.0, ""fairness"": 2.0, ""incomplete_base"": 1000.0, ""incomplete_agent"": 10.0}","[91.51923076923077, 1186.7012424242425, 1129.6539629629629, 1163.8363333333334, 1139.6431282051283, 1140.5124814814815, 74.2632057597575, 70.45768463073853, 62.84461839530333, 1155.9016153846153]","[31.200000000000003, 100.0, 100.0, 100.0, 100.0, 100.0, 37.7, 33.4, 29.200000000000003, 100.0]"
ga,0,39,1272.133697385621,100.0,4.3,0.33340000000000003,3.1,13.931839402427638,27.224488095238097,13.29264869281046,False,14.5,hospital_corridor,28,12,"[11, 29, 47, 53, 61, 73, 89, 97, 101, 109]","[3.2332847230842288, 4.284962279962956, 2.5906117637367965, 0.5, 1.0]","{""time"": 1.0, ""collisions"": 0.05, ""congestion"": 1.0, ""fairness"": 2.0, ""incomplete_base"": 1000.0, ""incomplete_agent"": 10.0}","[1262.345, 1264.7145, 1294.6569285714286, 1269.2983333333334, 1261.5801111111111, 1244.2764761904762, 1253.23, 1294.527, 1284.0276666666666, 1292.6809579831934]","[100.0, 100.0, 100.0, 100.0, 100.0, 100.0, 100.0, 100.0, 100.0, 100.0]"
ga,0,40,1557.4273222222223,100.0,4.0,0.055099999999999996,0.8,30.676190476190477,68.25000000000001,38.086111111111116,False,38.1,hospital_corridor,28,12,"[11, 29, 47, 53, 61, 73, 89, 97, 101, 109]","[0.23332105446522627, 4.934619516607803, 1.6169446780420464, 0.5, 1.0]","{""time"": 1.0, ""collisions"": 0.05, ""congestion"": 1.0, ""fairness"": 2.0, ""incomplete_base"": 1000.0, ""incomplete_agent"": 10.0}","[1477.722, 1548.2473333333332, 1603.187, 1538.205, 1680.231, 1690.1689999999999, 1700.15, 1620.915, 1700.25, 1510.508]","[100.0, 100.0, 100.0, 100.0, 100.0, 100.0, 100.0, 100.0, 100.0, 100.0]"
ga,0,41,1304.2756689255189,100.0,46.9,0.3089,2.7,18.54007188644689,31.85095634920635,13.310884462759464,False,17.5,hospital_corridor,28,12,"[11, 29, 47, 53, 61, 73, 89, 97, 101, 109]","[1.246076559940166, 1.4801720227545405, 2.844144935201891, 0.5, 1.0]","{""time"": 1.0, ""collisions"": 0.05, ""congestion"": 1.0, ""fairness"": 2.0, ""incomplete_base"": 1000.0, ""incomplete_agent"": 10.0}","[1269.479111111111, 1267.84, 1311.6335384615386, 1302.7752857142857, 1314.0052857142857, 1322.87, 1286.6261111111112, 1293.4205238095237, 1351.9866666666667, 1322.1201666666666]","[100.0, 100.0, 100.0, 100.0, 100.0, 100.0, 100.0, 100.0, 100.0, 100.0]"
ga,0,42,82.93487923891783,48.39,165.7,1.2141649532035352,5.0,15.732142857142858,28.255000000000003,12.522857142857145,True,0.0,hospital_corridor,28,12,"[11, 29, 47, 53, 61, 73, 89, 97, 101, 109]","[1.5853642437224993, 2.0915143771862144, 0.8273165259793389, 0.5, 1.0]","{""time"": 1.0, ""collisions"": 0.05, ""congestion"": 1.0, ""fairness"": 2.0, ""incomplete_base"": 1000.0, ""incomplete_agent"": 10.0}","[70.02307812013694, 62.38722415795587, 88.24010123734533, 76.70080636373542, 71.67565726955972, 81.31496528796325, 104.03023330137424, 95.76454511765797, 82.92821359757778, 96.28396793587176]","[45.900000000000006, 36.9, 50.800000000000004, 43.7, 45.1, 48.7, 59.6, 51.400000000000006, 51.900000000000006, 49.900000000000006]"
ga,0,43,1304.863517392085,100.0,7.1,0.30879999999999996,3.2,14.456521089204916,23.5536626984127,9.59985869604252,False,18.5,hospital_corridor,28,12,"[11, 29, 47, 53, 61, 73, 89, 97, 101, 109]","[2.3862349617473466, 3.2635844924517006, 1.6739024820098183, 0.5, 1.0]","{""time"": 1.0, ""collisions"": 0.05, ""congestion"": 1.0, ""fairness"": 2.0, ""incomplete_base"": 1000.0, ""incomplete_agent"": 10.0}","[1305.3973137254902, 1286.109, 1316.1941538461538, 1279.9684285714286, 1272.9882777777777, 1262.6586666666667, 1307.663, 1295.000142857143, 1341.6108571428572, 1381.0453333333332]","[100.0, 100.0, 100.0, 100.0, 100.0, 100.0, 100.0, 100.0, 100.0, 100.0]"
ga,0,44,1312.7165791626503,100.0,7.5,0.3216,2.9,15.044145339309813,25.45527777777778,11.009989581325108,False,19.0,hospital_corridor,28,12,"[11, 29, 47, 53, 61, 73, 89, 97, 101, 109]","[1.6829918716137677, 3.0208025943409926, 1.4643770205825088, 0.5, 1.0]","{""time"": 1.0, ""collisions"": 0.05, ""congestion"": 1.0, ""fairness"": 2.0, ""incomplete_base"": 1000.0, ""incomplete_agent"": 10.0}","[1317.2335714285714, 1310.8667777777778, 1320.8509230769232, 1302.7154957264956, 1300.7268803418804, 1324.400380952381, 1269.0324210526317, 1330.3825, 1288.5748412698413, 1362.382]","[100.0, 100.0, 100.0, 100.0, 100.0, 100.0, 100.0, 100.0, 100.0, 100.0]"
ga,0,45,1274.96527206653,100.0,69.0,0.32189999999999996,3.2,13.493564327485382,25.090250360750364,11.596686033264982,False,14.8,hospital_corridor,28,12,"[11, 29, 47, 53, 61, 73, 89, 97, 101, 109]","[1.8493949625275727, 1.6978087909048858, 1.633933369602698, 0.5, 1.0]","{""time"": 1.0, ""collisions"": 0.05, ""congestion"": 1.0, ""fairness"": 2.0, ""incomplete_base"": 1000.0, ""incomplete_agent"": 10.0}","[1244.771269005848, 1271.9388484848484, 1294.475, 1272.6906666666666, 1265.5058888888889, 1252.7844285714286, 1246.537, 1269.0605714285714, 1302.6570476190477, 1329.232]","[100.0, 100.0, 100.0, 100.0, 100.0, 100.0, 100.0, 100.0, 100.0, 100.0]"
ga,0,46,1135.416005873833,81.5,7.6,1.0026914882186968,5.0,14.812494322344325,27.579151515151516,12.766657192807193,False,2.7,hospital_corridor,28,12,"[11, 29, 47, 53, 61, 73, 89, 97, 101, 109]","[2.3270747095917392, 4.833759429508154, 0.9776678657098221, 0.5, 1.0]","{""time"": 1.0, ""collisions"": 0.05, ""congestion"": 1.0, ""fairness"": 2.0, ""incomplete_base"": 1000.0, ""incomplete_agent"": 10.0}","[1162.2513706293707, 1213.944909090909, 66.02207792207793, 1152.2026666666666, 1145.463, 65.12822238843181, 1162.5802517482518, 1165.4851428571428, 64.96866219072486, 1156.1137552447553]","[100.0, 100.0, 38.5, 100.0, 100.0, 38.2, 100.0, 100.0, 38.300000000000004, 100.0]"
ga,0,47,1227.048305361064,100.0,16.5,0.35409999999999997,3.4,13.178551359872012,23.113154040404044,9.93460268053203,False,10.6,hospital_corridor,28,12,"[11, 29, 47, 53, 61, 73, 89, 97, 101, 109]","[4.259087460790464, 3.9040368944515724, 2.5083598111700875, 0.5, 1.0]","{""time"": 1.0, ""collisions"": 0.05, ""congestion"": 1.0, ""fairness"": 2.0, ""incomplete_base"": 1000.0, ""incomplete_agent"": 10.0}","[1197.0686363636364, 1265.6555, 1229.041380952381, 1212.651, 1212.0664545454545, 1214.5518484848485, 1225.482253968254, 1259.7034285714285, 1189.5142173913043, 1264.7483333333334]","[100.0, 100.0, 100.0, 100.0, 100.0, 100.0, 100.0, 100.0, 100.0, 100.0]"
ga,0,48,1096.2358253358343,36.78,729.2,1.4666586691676455,5.1,10.39375,19.158333333333335,8.764583333333333,False,0.4,hospital_corridor,28,12,"[11, 29, 47, 53, 61, 73, 89, 97, 101, 109]","[4.665747703465451, 1.1149763550872016, 2.956338148305214, 0.5, 1.0]","{""time"": 1.0, ""collisions"": 0.05, ""congestion"": 1.0, ""fairness"": 2.0, ""incomplete_base"": 1000.0, ""incomplete_agent"": 10.0}","[101.75402081362347, 1190.2766666666666, 72.75223950966526, 92.4735588972431, 71.52756255044392, 81.2155388471178, 90.01512605042018, 106.81220331392745, 73.94079528718704, 81.59054142204828]","[30.200000000000003, 100.0, 30.3, 28.5, 29.5, 28.5, 30.6, 31.900000000000002, 29.1, 29.200000000000003]"
ga,0,49,1271.444264512008,100.0,4.3,0.46790000000000004,4.0,19.175333617011905,27.556015873015877,8.380682256003968,False,15.4,hospital_corridor,28,12,"[11, 29, 47, 53, 61, 73, 89, 97, 101, 109]","[1.8385186887699652, 4.9983971218910375, 1.2245566916732682, 0.5, 1.0]","{""time"": 1.0, ""collisions"": 0.05, ""congestion"": 1.0, ""fairness"": 2.0, ""incomplete_base"": 1000.0, ""incomplete_agent"": 10.0}","[1268.6143174603176, 1322.229857142857, 1237.734, 1247.0241830065358, 1264.9023859649124, 1284.4464117647058, 1229.4920966183574, 1327.3455555555556, 1157.9540683760683, 1374.6997692307693]","[100.0, 100.0, 100.0, 100.0, 100.0, 100.0, 100.0, 100.0, 100.0, 100.0]"
ga,0,50,1328.6275293650795,100.0,6.5,0.2882,2.8,15.050125,29.057289682539682,14.007164682539685,False,20.0,hospital_corridor,28,12,"[11, 29, 47, 53, 61, 73, 89, 97, 101, 109]","[1.4370108164514683, 2.4405612368094953, 1.9733101171089937, 0.5, 1.0]","{""time"": 1.0, ""collisions"": 0.05, ""congestion"": 1.0, ""fairness"": 2.0, ""incomplete_base"": 1000.0, ""incomplete_agent"": 10.0}","[1350.5116666666668, 1301.5827094017095, 1357.4875714285715, 1392.011, 1319.7228461538461, 1277.9857777777777, 1286.437888888889, 1319.4258333333332, 1308.6166923076923, 1372.4933076923076]","[100.0, 100.0, 100.0, 100.0, 100.0, 100.0, 100.0, 100.0, 100.0, 100.0]"
ga,0,51,1461.7043873015873,100.0,70.2,0.19230000000000003,1.7,20.58154761904762,53.582591269841274,33.00104365079365,False,29.2,hospital_corridor,28,12,"[11, 29, 47, 53, 61, 73, 89, 97, 101, 109]","[0.4928748509617788, 1.204024288538993, 2.150604605937435, 0.5, 1.0]","{""time"": 1.0, ""collisions"": 0.05, ""congestion"": 1.0, ""fairness"": 2.0, ""incomplete_base"": 1000.0, ""incomplete_agent"": 10.0}","[1484.05, 1398.6144444444444, 1475.037, 1448.6867142857143, 1466.973, 1445.027, 1462.378, 1470.4740476190477, 1489.3613333333333, 1476.4423333333334]","[100.0, 100.0, 100.0, 100.0, 100.0, 100.0, 100.0, 100.0, 100.0, 100.0]"
ga,0,52,1230.0776673062762,100.0,35.6,0.3607,3.5,13.951390084235623,23.91987373737374,9.968483653138117,False,10.8,hospital_corridor,28,12,"[11, 29, 47, 53, 61, 73, 89, 97, 101, 109]","[3.304970681974007, 2.9075101282970506, 1.8882041554069502, 0.5, 1.0]","{""time"": 1.0, ""collisions"": 0.05, ""congestion"": 1.0, ""fairness"": 2.0, ""incomplete_base"": 1000.0, ""incomplete_agent"": 10.0}","[1228.435889952153, 1241.9251111111112, 1226.2965555555556, 1211.29, 1216.1309047619047, 1215.6114242424242, 1207.366231884058, 1238.4266666666667, 1188.452888888889, 1326.841]","[100.0, 100.0, 100.0, 100.0, 100.0, 100.0, 100.0, 100.0, 100.0, 100.0]"
ga,0,53,1188.5141550556148,100.0,18.3,0.5558,4.3,13.126117926738065,23.147795454545456,10.02167752780739,False,6.7,hospital_corridor,28,12,"[11, 29, 47, 53, 61, 73, 89, 97, 101, 109]","[3.704056491846169, 4.528512541563398, 1.121912057281591, 0.5, 1.0]","{""time"": 1.0, ""collisions"": 0.05, ""congestion"": 1.0, ""fairness"": 2.0, ""incomplete_base"": 1000.0, ""incomplete_agent"": 10.0}","[1176.5828735177865, 1259.8585555555555, 1144.2400437710437, 1199.2942294372294, 1242.0773684210526, 1172.127, 1191.6390000000001, 1189.1666666666667, 1159.7953846153846, 1150.3604285714287]","[100.0, 100.0, 100.0, 100.0, 100.0, 100.0, 100.0, 100.0, 100.0, 100.0]"
ga,0,54,1246.118289117275,100.0,41.1,0.3518,3.4,13.81254692765394,24.668291486291487,10.855744558637545,False,12.2,hospital_corridor,28,12,"[11, 29, 47, 53, 61, 73, 89, 97, 101, 109]","[2.713113827747156, 2.315658063956475, 2.742480567840592, 0.5, 1.0]","{""time"": 1.0, ""collisions"": 0.05, ""congestion"": 1.0, ""fairness"": 2.0, ""incomplete_base"": 1000.0, ""incomplete_agent"": 10.0}","[1219.1503827751196, 1265.4755, 1268.6919444444445, 1255.5888954248367, 1255.6424511278196, 1217.5062929292928, 1230.071873015873, 1268.6006190476191, 1186.9937391304347, 1293.461193277311]","[100.0, 100.0, 100.0, 100.0, 100.0, 100.0, 100.0, 100.0, 100.0, 100.0]"
ga,0,55,1297.1705019419178,100.0,4.3,0.28839999999999993,2.5,17.400294267136374,31.23384523809524,13.833550970958864,False,16.9,hospital_corridor,28,12,"[11, 29, 47, 53, 61, 73, 89, 97, 101, 109]","[2.0351265392954674, 4.140845443950578, 2.768018719457271, 0.5, 1.0]","{""time"": 1.0, ""collisions"": 0.05, ""congestion"": 1.0, ""fairness"": 2.0, ""incomplete_base"": 1000.0, ""incomplete_agent"": 10.0}","[1258.2305, 1259.5315, 1324.1042967032968, 1281.5128571428572, 1301.0103333333334, 1294.6144444444444, 1297.0146666666667, 1304.4733157894736, 1304.3744285714286, 1346.8386767676768]","[100.0, 100.0, 100.0, 100.0, 100.0, 100.0, 100.0, 100.0, 100.0, 100.0]"
ga,0,56,1268.6699484848484,100.0,4.3,0.3441,3.0,13.971881313131314,28.027305555555557,14.055424242424243,False,14.0,hospital_corridor,28,12,"[11, 29, 47, 53, 61, 73, 89, 97, 101, 109]","[3.3981989995053983, 4.487551976272134, 2.465908771369678, 0.5, 1.0]","{""time"": 1.0, ""collisions"": 0.05, ""congestion"": 1.0, ""fairness"": 2.0, ""incomplete_base"": 1000.0, ""incomplete_agent"": 10.0}","[1261.1905, 1262.5285, 1296.461, 1269.0536666666667, 1268.8285555555556, 1219.5108181818182, 1247.98, 1294.141, 1243.8817777777779, 1323.1236666666666]","[100.0, 100.0, 100.0, 100.0, 100.0, 100.0, 100.0, 100.0, 100.0, 100.0]"
ga,0,57,156.04678066116816,30.46,2105.9,1.8298758992633517,5.4,11.313214285714286,20.54416666666667,9.230952380952381,True,0.0,hospital_corridor,28,12,"[11, 29, 47, 53, 61, 73, 89, 97, 101, 109]","[3.851072666355334, 0.8785661302999168, 0.7617325151393407, 0.5, 1.0]","{""time"": 1.0, ""collisions"": 0.05, ""congestion"": 1.0, ""fairness"": 2.0, ""incomplete_base"": 1000.0, ""incomplete_agent"": 10.0}","[359.93508921468356, 132.207085187016, 106.92439417047959, 112.6610188261351, 107.28981054787506, 103.75274725274726, 133.19644916790247, 164.67489911218726, 224.04335839599, 115.78295473666499]","[41.900000000000006, 28.900000000000002, 28.1, 25.8, 27.900000000000002, 27.3, 28.900000000000002, 29.5, 38.0, 28.3]"
ga,0,58,1316.0182861804863,100.0,8.9,0.3598,2.8,15.972697746697747,30.07944083694084,14.106743090243091,False,18.7,hospital_corridor,28,12,"[11, 29, 47, 53, 61, 73, 89, 97, 101, 109]","[1.2218387559309893, 2.314810986335578, 1.5093167367198521, 0.5, 1.0]","{""time"": 1.0, ""collisions"": 0.05, ""congestion"": 1.0, ""fairness"": 2.0, ""incomplete_base"": 1000.0, ""incomplete_agent"": 10.0}","[1337.024181818182, 1279.2564025974025, 1346.187, 1310.190619047619, 1325.5716363636363, 1294.5396666666666, 1266.5553333333332, 1354.058857142857, 1312.6011648351648, 1334.198]","[100.0, 100.0, 100.0, 100.0, 100.0, 100.0, 100.0, 100.0, 100.0, 100.0]"
ga,0,59,1403.964984126984,100.0,4.9,0.2505,2.1,18.20726984126984,38.442011904761905,20.234742063492067,False,26.3,hospital_corridor,28,12,"[11, 29, 47, 53, 61, 73, 89, 97, 101, 109]","[0.8008351239129401, 2.872598289537146, 1.904784447085321, 0.5, 1.0]","{""time"": 1.0, ""collisions"": 0.05, ""congestion"": 1.0, ""fairness"": 2.0, ""incomplete_base"": 1000.0, ""incomplete_agent"": 10.0}","[1395.7845714285713, 1402.2906666666668, 1413.8319999999999, 1401.628, 1440.1466666666668, 1368.32, 1432.0337142857143, 1415.6933333333334, 1362.0343333333333, 1407.8865555555556]","[100.0, 100.0, 100.0, 100.0, 100.0, 100.0, 100.0, 100.0, 100.0, 100.0]"
ga,1,0,57.85016856745522,32.28,90.1,1.8946923769790218,5.3,12.13892857142857,21.72416666666667,9.585238095238097,True,0.0,hospital_corridor,28,12,"[11, 29, 47, 53, 61, 73, 89, 97, 101, 109]","[4.693810676255719, 4.725916100618479, 0.9311641573526295, 0.5, 1.0]","{""time"": 1.0, ""collisions"": 0.05, ""congestion"": 1.0, ""fairness"": 2.0, ""incomplete_base"": 1000.0, ""incomplete_agent"": 10.0}","[65.6128623188406, 60.87861635220126, 48.58669950738917, 55.06705940108002, 45.36767270288398, 50.42311827956989, 71.90493612078978, 72.84190128606187, 55.249844236760126, 52.56897546897547]","[36.800000000000004, 31.8, 29.0, 29.1, 28.400000000000002, 27.900000000000002, 36.9, 41.1, 32.1, 29.700000000000003]"
ga,1,1,63.704973472010046,39.64,17.9,1.7502115672481373,5.0,15.269285714285715,25.979166666666668,10.709880952380953,True,0.0,hospital_corridor,28,12,"[11, 29, 47, 53, 61, 73, 89, 97, 101, 109]","[2.6679119952596277, 4.420755937563174, 0.9457012981330302, 0.5, 1.0]","{""time"": 1.0, ""collisions"": 0.05, ""congestion"": 1.0, ""fairness"": 2.0, ""incomplete_base"": 1000.0, ""incomplete_agent"": 10.0}","[82.70991990946288, 50.371400642368386, 57.6972323972324, 46.66041939711665, 43.61736014794268, 63.57836411609499, 80.16030741410489, 79.63992673992675, 54.304711246200604, 78.31009270965023]","[54.7, 34.1, 35.1, 32.7, 30.900000000000002, 37.9, 47.400000000000006, 45.5, 32.9, 45.2]"
ga,1,2,86.17845698461721,28.78,770.1,1.727266508426735,5.2,10.74607142857143,19.32916666666667,8.58309523809524,True,0.0,hospital_corridor,28,12,"[11, 29, 47, 53, 61, 73, 89, 97, 101, 109]","[4.074681170164423, 1.3934116726040842, 0.9928023710933982, 0.5, 1.0]","{""time"": 1.0, ""collisions"": 0.05, ""congestion"": 1.0, ""fairness"": 2.0, ""incomplete_base"": 1000.0, ""incomplete_agent"": 10.0}","[115.73769282360834, 81.64137931034483, 72.50168165168165, 82.88695652173914, 63.502481556002685, 73.01872216512504, 88.85627009646302, 110.28214285714287, 96.78407049652603, 76.57317236753856]","[28.400000000000002, 29.0, 28.6, 27.6, 28.400000000000002, 27.8, 31.1, 30.400000000000002, 28.1, 28.400000000000002]"
ga,1,3,1224.320978078926,100.0,60.5,0.36679999999999996,3.6,13.340526039902127,22.805115079365077,9.464589039462954,False,10.2,hospital_corridor,28,12,"[11, 29, 47, 53, 61, 73, 89, 97, 101, 109]","[3.630926388432782, 2.889191911521545, 2.034984041879682, 0.5, 1.0]","{""time"": 1.0, ""collisions"": 0.05, ""congestion"": 1.0, ""fairness"": 2.0, ""incomplete_base"": 1000.0, ""incomplete_agent"": 10.0}","[1248.0977272727273, 1264.554, 1230.2021111111112, 1192.8848181818182, 1217.0597936507936, 1198.4666086956522, 1217.1012173913043, 1226.1007267080745, 1185.460111111111, 1263.2826666666667]","[100.0, 100.0, 100.0, 100.0, 100.0, 100.0, 100.0, 100.0, 100.0, 100.0]"
ga,1,4,211.85203584664697,32.690000000000005,3170.4,1.9846548942660083,6.3,12.479642857142858,21.808333333333334,9.328690476190477,True,0.0,hospital_corridor,28,12,"[11, 29, 47, 53, 61, 73, 89, 97, 101, 109]","[2.848591985335318, 2.2085295857405627, 0.6555502699466007, 0.5, 1.0]","{""time"": 1.0, ""collisions"": 0.05, ""congestion"": 1.0, ""fairness"": 2.0, ""incomplete_base"": 1000.0, ""incomplete_agent"": 10.0}","[252.76274509803923, 222.27556491765608, 170.2063384813385, 187.96912645853047, 202.14378988708887, 172.29642857142858, 233.34845559845562, 266.82084148727984, 203.00000000000003, 207.69706796665258]","[34.0, 37.300000000000004, 29.6, 30.200000000000003, 29.1, 28.0, 37.0, 36.5, 31.5, 33.7]"
ga,1,5,67.94809478490086,33.22,276.0,1.5992852610913433,4.7,12.40392857142857,22.068333333333335,9.664404761904763,True,0.0,hospital_corridor,28,12,"[11, 29, 47, 53, 61, 73, 89, 97, 101, 109]","[2.8212217916964866, 2.266845377778127, 0.8780207980580246, 0.5, 1.0]","{""time"": 1.0, ""collisions"": 0.05, ""congestion"": 1.0, ""fairness"": 2.0, ""incomplete_base"": 1000.0, ""incomplete_agent"": 10.0}","[100.5105917828873, 52.29743411927878, 54.969505196215295, 66.68644752018454, 53.33138528138528, 64.05057263411695, 84.88809523809525, 71.43302277432713, 69.75641821946171, 61.55747508305648]","[37.9, 30.900000000000002, 30.700000000000003, 28.900000000000002, 33.0, 31.6, 38.1, 34.5, 32.2, 34.4]"
ga,1,6,57.29760077961315,34.1,34.3,1.8254579224702947,5.4,13.343928571428572,23.172500000000003,9.828571428571431,True,0.0,hospital_corridor,28,12,"[11, 29, 47, 53, 61, 73, 89, 97, 101, 109]","[2.7946118303353473, 4.122056583308447, 0.8957712018991779, 0.5, 1.0]","{""time"": 1.0, ""collisions"": 0.05, ""congestion"": 1.0, ""fairness"": 2.0, ""incomplete_base"": 1000.0, ""incomplete_agent"": 10.0}","[56.33152056277057, 50.64950584007188, 53.4264880952381, 55.25104166666667, 45.98694316436252, 56.21160714285715, 68.40858623242043, 66.10542635658916, 60.33027210884354, 60.27461662631154]","[35.2, 31.8, 32.0, 32.0, 31.0, 32.0, 38.6, 38.7, 34.300000000000004, 35.4]"
ga,1,7,61.90380988563403,30.830000000000005,224.1,1.8638098856340277,5.6,11.7025,20.705000000000002,9.002500000000001,True,0.0,hospital_corridor,28,12,"[11, 29, 47, 53, 61, 73, 89, 97, 101, 109]","[4.364957641892791, 3.8592804610308313, 0.8498110408711295, 0.5, 1.0]","{""time"": 1.0, ""collisions"": 0.05, ""congestion"": 1.0, ""fairness"": 2.0, ""incomplete_base"": 1000.0, ""incomplete_agent"": 10.0}","[87.6586326150572, 73.48047619047618, 48.06875725900117, 66.31343042071197, 48.73777393310266, 51.31659663865547, 74.69713478611784, 55.61508722300802, 60.419740259740266, 52.730469530469534]","[35.800000000000004, 35.0, 28.700000000000003, 30.900000000000002, 28.900000000000002, 27.200000000000003, 35.4, 30.3, 27.5, 28.6]"
ga,1,8,1308.876504895105,100.0,5.0,0.3774,2.9,17.328347985347985,30.452900432900442,13.12455244755245,False,18.2,hospital_corridor,28,12,"[11, 29, 47, 53, 61, 73, 89, 97, 101, 109]","[1.6055477109616298, 3.2824332978308495, 1.4610063779878613, 0.5, 1.0]","{""time"": 1.0, ""collisions"": 0.05, ""congestion"": 1.0, ""fairness"": 2.0, ""incomplete_base"": 1000.0, ""incomplete_agent"": 10.0}","[1302.486, 1275.5983896103896, 1338.9863333333333, 1297.9708888888888, 1330.3685714285714, 1260.8425555555555, 1302.8093333333334, 1308.2175555555555, 1288.2521904761904, 1383.2332307692309]","[100.0, 100.0, 100.0, 100.0, 100.0, 100.0, 100.0, 100.0, 100.0, 100.0]"
ga,1,9,1225.240168913837,100.0,55.9,0.3824,4.0,13.311504431970416,22.342888888888886,9.031384456918472,False,10.4,hospital_corridor,28,12,"[11, 29, 47, 53, 61, 73, 89, 97, 101, 109]","[3.422914424881035, 2.925557129371456, 1.542021092764543, 0.5, 1.0]","{""time"": 1.0, ""collisions"": 0.05, ""congestion"": 1.0, ""fairness"": 2.0, ""incomplete_base"": 1000.0, ""incomplete_agent"": 10.0}","[1200.679090909091, 1216.964, 1209.649696969697, 1213.244, 1214.780142857143, 1216.8136767676767, 1209.0955700483091, 1259.7127272727273, 1179.7726666666667, 1331.6901176470587]","[100.0, 100.0, 100.0, 100.0, 100.0, 100.0, 100.0, 100.0, 100.0, 100.0]"
ga,1,10,1198.289899000999,100.0,71.8,0.46449999999999997,4.2,13.138666300366301,23.2563658008658,10.117699500499501,False,7.4,hospital_corridor,28,12,"[11, 29, 47, 53, 61, 73, 89, 97, 101, 109]","[3.5407804136944283, 3.5242664567324655, 1.1889869622258276, 0.5, 1.0]","{""time"": 1.0, ""collisions"": 0.05, ""congestion"": 1.0, ""fairness"": 2.0, ""incomplete_base"": 1000.0, ""incomplete_agent"": 10.0}","[1168.159, 1263.2118181818182, 1218.830746031746, 1202.524593073593, 1224.962, 1187.4724444444444, 1163.0688461538462, 1200.4942857142858, 1161.782923076923, 1192.3923333333332]","[100.0, 100.0, 100.0, 100.0, 100.0, 100.0, 100.0, 100.0, 100.0, 100.0]"
ga,1,11,1199.4368646608204,100.0,36.5,0.44539999999999996,4.0,13.442044725866856,24.525277056277055,11.083232330410201,False,7.5,hospital_corridor,28,12,"[11, 29, 47, 53, 61, 73, 89, 97, 101, 109]","[3.343359136187116, 3.7205380457867347, 1.1672612884121896, 0.5, 1.0]","{""time"": 1.0, ""collisions"": 0.05, ""congestion"": 1.0, ""fairness"": 2.0, ""incomplete_base"": 1000.0, ""incomplete_agent"": 10.0}","[1162.8693333333333, 1252.6222352941177, 1200.6018309178744, 1196.6171125541125, 1227.0842631578948, 1186.2727777777777, 1152.305076923077, 1209.0503406593407, 1159.7576153846153, 1247.1880606060606]","[100.0, 100.0, 100.0, 100.0, 100.0, 100.0, 100.0, 100.0, 100.0, 100.0]"
ga,1,12,1138.922097131388,80.39999999999999,8.4,0.8159180713176735,4.1,17.341577136631482,31.48466666666667,14.143089530035184,False,2.9,hospital_corridor,28,12,"[11, 29, 47, 53, 61, 73, 89, 97, 101, 109]","[1.8154226329769427, 4.420755937563174, 0.9457012981330302, 0.5, 1.0]","{""time"": 1.0, ""collisions"": 0.05, ""congestion"": 1.0, ""fairness"": 2.0, ""incomplete_base"": 1000.0, ""incomplete_agent"": 10.0}","[66.81052322163434, 1186.5665757575757, 75.35603705917514, 1133.8017179487179, 1190.5177826086956, 1190.1123333333333, 102.22478902953588, 1169.0921428571428, 68.46473616473617, 1206.2743333333333]","[48.6, 100.0, 47.800000000000004, 100.0, 100.0, 100.0, 63.2, 100.0, 44.400000000000006, 100.0]"
ga,1,13,1095.9602293876555,36.85000000000001,719.9,1.4522531971793184,5.1,10.39184523809524,19.223333333333333,8.831488095238097,False,0.4,hospital_corridor,28,12,"[11, 29, 47, 53, 61, 73, 89, 97, 101, 109]","[4.665747703465451, 1.1149763550872016, 3.0, 0.5, 1.0]","{""time"": 1.0, ""collisions"": 0.05, ""congestion"": 1.0, ""fairness"": 2.0, ""incomplete_base"": 1000.0, ""incomplete_agent"": 10.0}","[99.84088615578683, 1189.3413333333333, 73.05846298915607, 90.82983789260386, 71.90579573934838, 80.71604010025064, 89.71928104575164, 110.7256157635468, 73.67253313696614, 79.79250771981148]","[30.200000000000003, 100.0, 30.3, 28.200000000000003, 30.400000000000002, 28.5, 30.6, 31.900000000000002, 29.1, 29.3]"
ga,1,14,1286.838770300752,100.0,28.1,0.2934,3.1,14.208354532163742,26.778539682539684,12.570185150375941,False,16.0,hospital_corridor,28,12,"[11, 29, 47, 53, 61, 73, 89, 97, 101, 109]","[1.833375875285074, 1.9719849541977634, 2.1948283306664913, 0.5, 1.0]","{""time"": 1.0, ""collisions"": 0.05, ""congestion"": 1.0, ""fairness"": 2.0, ""incomplete_base"": 1000.0, ""incomplete_agent"": 10.0}","[1318.8592222222223, 1267.8825, 1315.0764285714286, 1269.8316666666667, 1266.0484444444444, 1251.6045714285715, 1248.094, 1301.0666315789474, 1301.5832380952381, 1328.341]","[100.0, 100.0, 100.0, 100.0, 100.0, 100.0, 100.0, 100.0, 100.0, 100.0]"
ga,1,15,1272.601746751683,100.0,170.9,0.32710000000000006,3.5,13.239025830507643,25.603849206349206,12.364823375841567,False,13.9,hospital_corridor,28,12,"[11, 29, 47, 53, 61, 73, 89, 97, 101, 109]","[1.812827836868836, 1.2347956224362289, 1.978492872877334, 0.5, 1.0]","{""time"": 1.0, ""collisions"": 0.05, ""congestion"": 1.0, ""fairness"": 2.0, ""incomplete_base"": 1000.0, ""incomplete_agent"": 10.0}","[1249.1483976608188, 1280.0685, 1305.182, 1285.0673333333334, 1263.9282222222223, 1241.5261904761905, 1255.559, 1282.7414736842106, 1268.3535098039215, 1294.4428403361344]","[100.0, 100.0, 100.0, 100.0, 100.0, 100.0, 100.0, 100.0, 100.0, 100.0]"
ga,1,16,1227.8823765943184,100.0,33.6,0.36069999999999997,3.4,13.683394026073088,24.60423232323232,10.920838297159236,False,10.4,hospital_corridor,28,12,"[11, 29, 47, 53, 61, 73, 89, 97, 101, 109]","[3.2129197333274244, 2.6579203992699405, 2.756290188213595, 0.5, 1.0]","{""time"": 1.0, ""collisions"": 0.05, ""congestion"": 1.0, ""fairness"": 2.0, ""incomplete_base"": 1000.0, ""incomplete_agent"": 10.0}","[1201.747090909091, 1266.751, 1207.8457272727273, 1233.3510935672514, 1222.063, 1216.25897979798, 1228.0432222222223, 1244.3103333333333, 1190.224652173913, 1268.2286666666666]","[100.0, 100.0, 100.0, 100.0, 100.0, 100.0, 100.0, 100.0, 100.0, 100.0]"
ga,1,17,1278.1067508206793,100.0,25.7,0.3118,3.2,14.896758716644552,28.15173412698413,13.254975410339577,False,15.0,hospital_corridor,28,12,"[11, 29, 47, 53, 61, 73, 89, 97, 101, 109]","[1.8677100931272972, 1.9618064073878898, 2.622026484635316, 0.5, 1.0]","{""time"": 1.0, ""collisions"": 0.05, ""congestion"": 1.0, ""fairness"": 2.0, ""incomplete_base"": 1000.0, ""incomplete_agent"": 10.0}","[1254.3105, 1265.6816732026143, 1317.6334285714286, 1272.2953333333332, 1266.7123333333334, 1244.488, 1254.136274853801, 1301.1256315789474, 1290.0595, 1314.6248333333333]","[100.0, 100.0, 100.0, 100.0, 100.0, 100.0, 100.0, 100.0, 100.0, 100.0]"
ga,1,18,1187.241718441036,100.0,80.9,0.4333,3.8,13.190520577461754,24.072229797979798,10.881709220518044,False,6.1,hospital_corridor,28,12,"[11, 29, 47, 53, 61, 73, 89, 97, 101, 109]","[4.376406512318779, 3.1498071987690133, 2.17246473421886, 0.5, 1.0]","{""time"": 1.0, ""collisions"": 0.05, ""congestion"": 1.0, ""fairness"": 2.0, ""incomplete_base"": 1000.0, ""incomplete_agent"": 10.0}","[1174.6226666666666, 1246.8034652406418, 1172.52, 1164.7833333333333, 1214.8582063492063, 1155.9436666666666, 1168.9993846153845, 1206.739, 1161.0534615384615, 1206.094]","[100.0, 100.0, 100.0, 100.0, 100.0, 100.0, 100.0, 100.0, 100.0, 100.0]"
ga,1,19,1151.9431401276609,87.41,229.1,0.6799094731302263,4.8,12.923687703037704,24.122803030303032,11.199115327265327,False,3.0,hospital_corridor,28,12,"[11, 29, 47, 53, 61, 73, 89, 97, 101, 109]","[2.749914434863486, 1.9591743395864207, 1.1033603224779231, 0.5, 1.0]","{""time"": 1.0, ""collisions"": 0.05, ""congestion"": 1.0, ""fairness"": 2.0, ""incomplete_base"": 1000.0, ""incomplete_agent"": 10.0}","[1193.9313333333334, 1184.9450606060607, 1142.8772592592593, 1175.6313333333333, 1183.0040909090908, 1171.5867272727273, 82.32312925170069, 1153.249857142857, 69.95458452722063, 1161.9280256410257]","[100.0, 100.0, 100.0, 100.0, 100.0, 100.0, 39.2, 100.0, 34.9, 100.0]"
ga,1,20,64.36472550809302,31.839999999999996,258.9,1.72686836523587,5.5,12.091071428571428,21.017500000000002,8.92642857142857,True,0.0,hospital_corridor,28,12,"[11, 29, 47, 53, 61, 73, 89, 97, 101, 109]","[3.352236527153733, 2.5098715755056693, 0.9196431124993141, 0.5, 1.0]","{""time"": 1.0, ""collisions"": 0.05, ""congestion"": 1.0, ""fairness"": 2.0, ""incomplete_base"": 1000.0, ""incomplete_agent"": 10.0}","[104.84573702159909, 50.43524590163934, 54.578813559322036, 62.00466094565035, 51.3078167115903, 57.48061224489797, 69.28230897009966, 67.47797619047618, 65.76623731459797, 60.467846221057236]","[37.7, 30.5, 29.5, 28.3, 31.8, 29.400000000000002, 34.4, 33.6, 30.5, 32.7]"
ga,1,21,88.7447300647768,28.22,830.6,1.7825872076339553,5.3,10.523928571428572,19.13,8.606071428571429,True,0.0,hospital_corridor,28,12,"[11, 29, 47, 53, 61, 73, 89, 97, 101, 109]","[4.319430480695201, 1.5768603817765068, 0.8780489521262751, 0.5, 1.0]","{""time"": 1.0, ""collisions"": 0.05, ""congestion"": 1.0, ""fairness"": 2.0, ""incomplete_base"": 1000.0, ""incomplete_agent"": 10.0}","[120.0362735129639, 83.05717615717616, 70.98140830800406, 93.7436274509804, 64.83963133640553, 79.06915266106444, 91.98535162409334, 108.30678893178893, 98.95809523809524, 76.46979542719615]","[28.1, 28.6, 28.200000000000003, 27.200000000000003, 27.900000000000002, 27.200000000000003, 30.200000000000003, 29.6, 27.5, 27.700000000000003]"
ga,1,22,1102.8127471233106,53.2,370.9,1.2120468976104308,5.0,11.792907462907463,21.22075757575758,9.427850112850114,False,1.1,hospital_corridor,28,12,"[11, 29, 47, 53, 61, 73, 89, 97, 101, 109]","[4.6036411443215, 2.394878914675253, 1.3349074440609718, 0.5, 1.0]","{""time"": 1.0, ""collisions"": 0.05, ""congestion"": 1.0, ""fairness"": 2.0, ""incomplete_base"": 1000.0, ""incomplete_agent"": 10.0}","[106.59136212624585, 1188.3991515151515, 1154.916034965035, 51.66618705035972, 60.54805579036349, 67.33997493734336, 86.2952380952381, 84.8827067669173, 1148.915387205387, 78.57337278106509]","[34.4, 100.0, 100.0, 27.8, 33.800000000000004, 30.400000000000002, 35.7, 36.1, 100.0, 33.800000000000004]"
ga,1,23,1145.0560185526951,87.97,207.9,0.6207857225622812,4.3,12.28223206978207,22.817348484848488,10.535116415066415,False,2.5,hospital_corridor,28,12,"[11, 29, 47, 53, 61, 73, 89, 97, 101, 109]","[4.6238531918197285, 2.6155097395987035, 1.9106155240774532, 0.5, 1.0]","{""time"": 1.0, ""collisions"": 0.05, ""congestion"": 1.0, ""fairness"": 2.0, ""incomplete_base"": 1000.0, ""incomplete_agent"": 10.0}","[91.68690773067334, 1185.4829393939394, 1156.8532517482518, 1158.14, 1164.5403333333334, 1161.8886666666667, 74.51875901875903, 1156.0291851851853, 1143.8336296296297, 1157.5865128205128]","[40.1, 100.0, 100.0, 100.0, 100.0, 100.0, 39.6, 100.0, 100.0, 100.0]"
ga,1,24,1125.541660646596,66.53,548.6,0.9846190400542925,4.6,12.193903439153441,21.992424242424242,9.798520803270804,False,1.1,hospital_corridor,28,12,"[11, 29, 47, 53, 61, 73, 89, 97, 101, 109]","[3.3854640181521614, 1.3221685890040864, 1.7925618313569311, 0.5, 1.0]","{""time"": 1.0, ""collisions"": 0.05, ""congestion"": 1.0, ""fairness"": 2.0, ""incomplete_base"": 1000.0, ""incomplete_agent"": 10.0}","[102.80044642857143, 1175.8673333333334, 1165.5241313131314, 70.54845114516395, 63.343939393939394, 1171.0036666666667, 95.2626449543548, 1182.6575185185186, 1147.9927662337664, 80.41570847851337]","[32.0, 100.0, 100.0, 28.900000000000002, 33.0, 100.0, 38.6, 100.0, 100.0, 32.800000000000004]"
ga,1,25,1243.1089141863984,100.0,8.9,0.41369999999999996,3.5,15.168329775487672,25.29343686868687,10.1251070931992,False,12.2,hospital_corridor,28,12,"[11, 29, 47, 53, 61, 73, 89, 97, 101, 109]","[3.2649182944476287, 4.196252464670409, 1.407309106205656, 0.5, 1.0]","{""time"": 1.0, ""collisions"": 0.05, ""congestion"": 1.0, ""fairness"": 2.0, ""incomplete_base"": 1000.0, ""incomplete_agent"": 10.0}","[1219.884, 1272.8511818181819, 1226.7977777777778, 1233.7617660818714, 1238.3766959064328, 1225.7761818181818, 1239.6053333333334, 1227.4493333333332, 1199.1133333333332, 1347.4735384615385]","[100.0, 100.0, 100.0, 100.0, 100.0, 100.0, 100.0, 100.0, 100.0, 100.0]"
ga,1,26,1305.8141927925017,100.0,4.3,0.34400000000000003,2.8,14.640653603749195,26.268250000000002,11.627596396250809,False,18.2,hospital_corridor,28,12,"[11, 29, 47, 53, 61, 73, 89, 97, 101, 109]","[2.719531902242285, 4.079793386238523, 2.1852861925801013, 0.5, 1.0]","{""time"": 1.0, ""collisions"": 0.05, ""congestion"": 1.0, ""fairness"": 2.0, ""incomplete_base"": 1000.0, ""incomplete_agent"": 10.0}","[1264.61, 1315.167, 1320.9314615384615, 1296.1857142857143, 1358.1521428571427, 1229.4201904761906, 1316.3016666666667, 1312.3698235294119, 1289.0829285714285, 1355.921]","[100.0, 100.0, 100.0, 100.0, 100.0, 100.0, 100.0, 100.0, 100.0, 100.0]"
ga,1,27,1214.9697943227634,100.0,138.1,0.389,4.2,13.172852838618287,24.51075,11.337897161381717,False,8.5,hospital_corridor,28,12,"[11, 29, 47, 53, 61, 73, 89, 97, 101, 109]","[3.2220765496975217, 2.3163669698074982, 1.588191388779852, 0.5, 1.0]","{""time"": 1.0, ""collisions"": 0.05, ""congestion"": 1.0, ""fairness"": 2.0, ""incomplete_base"": 1000.0, ""incomplete_agent"": 10.0}","[1191.282, 1242.6416140350877, 1193.8775555555555, 1182.0629130434781, 1218.5658412698413, 1198.7745652173912, 1201.4055555555556, 1243.9125652173914, 1195.229, 1281.9463333333333]","[100.0, 100.0, 100.0, 100.0, 100.0, 100.0, 100.0, 100.0, 100.0, 100.0]"
ga,1,28,92.35392053654638,28.910000000000004,891.3,1.7998729174987538,5.7,10.754642857142859,19.294166666666666,8.53952380952381,True,0.0,hospital_corridor,28,12,"[11, 29, 47, 53, 61, 73, 89, 97, 101, 109]","[4.216971676551436, 1.73793374214201, 0.8215667587651108, 0.5, 1.0]","{""time"": 1.0, ""collisions"": 0.05, ""congestion"": 1.0, ""fairness"": 2.0, ""incomplete_base"": 1000.0, ""incomplete_agent"": 10.0}","[168.91739130434783, 84.5235119047619, 64.77494969818913, 92.96412239986248, 64.7357142857143, 74.77762605042017, 108.44866071428572, 103.93017718715394, 80.14324229691879, 80.32380952380953]","[32.2, 28.8, 28.400000000000002, 27.700000000000003, 28.0, 27.200000000000003, 32.0, 30.1, 27.200000000000003, 27.5]"
ga,1,29,1084.1596170912317,36.17,497.5,1.5800932817078315,5.6,10.665238095238099,19.4325,8.767261904761904,False,0.4,hospital_corridor,28,12,"[11, 29, 47, 53, 61, 73, 89, 97, 101, 109]","[4.598268105149476, 1.9648225016254415, 1.0740685056148114, 0.5, 1.0]","{""time"": 1.0, ""collisions"": 0.05, ""congestion"": 1.0, ""fairness"": 2.0, ""incomplete_base"": 1000.0, ""incomplete_agent"": 10.0}","[114.7418460534899, 1172.315, 58.748759221998654, 64.23573185731857, 62.05620006391819, 66.00928656159972, 79.44105431309904, 83.98708156529939, 70.28044579533942, 69.78076548025354]","[29.200000000000003, 100.0, 28.400000000000002, 27.1, 29.8, 28.1, 31.3, 30.3, 28.200000000000003, 29.3]"
ga,1,30,1113.8932145568792,61.35,414.0,1.0235754034399667,4.7,12.36184708994709,22.77166666666667,10.409819576719578,False,1.0,hospital_corridor,28,12,"[11, 29, 47, 53, 61, 73, 89, 97, 101, 109]","[3.2468662468253138, 1.3196144134523151, 2.7639294691281715, 0.5, 1.0]","{""time"": 1.0, ""collisions"": 0.05, ""congestion"": 1.0, ""fairness"": 2.0, ""incomplete_base"": 1000.0, ""incomplete_agent"": 10.0}","[100.95753968253969, 1176.161, 1163.1194478114478, 60.36685777990127, 59.99620334620335, 1170.0083333333332, 96.10296495956874, 93.05381195956645, 1142.9067532467532, 76.25923344947736]","[36.0, 100.0, 100.0, 29.900000000000002, 33.300000000000004, 100.0, 42.400000000000006, 39.1, 100.0, 32.800000000000004]"
ga,1,31,1226.0698487985444,100.0,42.0,0.3835,3.7,13.974254172156346,24.767428571428574,10.793174399272226,False,10.2,hospital_corridor,28,12,"[11, 29, 47, 53, 61, 73, 89, 97, 101, 109]","[3.48956205541579, 3.083457480609711, 1.788305978930771, 0.5, 1.0]","{""time"": 1.0, ""collisions"": 0.05, ""congestion"": 1.0, ""fairness"": 2.0, ""incomplete_base"": 1000.0, ""incomplete_agent"": 10.0}","[1219.012, 1241.7102222222222, 1226.8936666666666, 1220.146, 1216.0734444444445, 1215.6558787878787, 1207.2463913043478, 1242.8686623376623, 1189.3422222222223, 1281.75]","[100.0, 100.0, 100.0, 100.0, 100.0, 100.0, 100.0, 100.0, 100.0, 100.0]"
ga,1,32,1073.7709441403883,45.910000000000004,24.8,1.535174539618715,5.0,15.535145502645506,27.078030303030307,11.542884800384801,False,0.2,hospital_corridor,28,12,"[11, 29, 47, 53, 61, 73, 89, 97, 101, 109]","[2.276034389890425, 4.120885198117947, 0.902260065266207, 0.5, 1.0]","{""time"": 1.0, ""collisions"": 0.05, ""congestion"": 1.0, ""fairness"": 2.0, ""incomplete_base"": 1000.0, ""incomplete_agent"": 10.0}","[1146.6077912457913, 61.38364558938329, 65.65452380952381, 46.78258145363409, 55.77988980716253, 63.71942857142858, 76.10050658561298, 87.32400367872472, 63.74358830146231, 70.61348236115964]","[100.0, 36.6, 40.0, 36.1, 36.300000000000004, 37.5, 47.0, 46.6, 38.1, 40.900000000000006]"
ga,1,33,66.8676177777086,30.870000000000005,325.5,1.6869034919943098,5.5,11.432142857142857,20.45,9.017857142857142,True,0.0,hospital_corridor,28,12,"[11, 29, 47, 53, 61, 73, 89, 97, 101, 109]","[4.2988425462296105, 2.7500762753086265, 0.9615336457257405, 0.5, 1.0]","{""time"": 1.0, ""collisions"": 0.05, ""congestion"": 1.0, ""fairness"": 2.0, ""incomplete_base"": 1000.0, ""incomplete_agent"": 10.0}","[98.95679611650486, 72.15672601384767, 53.23443670150988, 70.44214054553862, 49.86132621272808, 56.197518443997325, 66.91274961597543, 71.27142857142857, 60.16984126984127, 69.47321428571429]","[30.900000000000002, 33.7, 28.700000000000003, 30.900000000000002, 32.1, 28.400000000000002, 31.0, 31.5, 27.900000000000002, 33.6]"
ga,1,34,1229.4416567664607,100.0,16.7,0.37,3.6,13.926536696134665,22.544865079365078,8.618328383230416,False,11.1,hospital_corridor,28,12,"[11, 29, 47, 53, 61, 73, 89, 97, 101, 109]","[4.616502694792003, 5.0, 1.5734840106123502, 0.5, 1.0]","{""time"": 1.0, ""collisions"": 0.05, ""congestion"": 1.0, ""fairness"": 2.0, ""incomplete_base"": 1000.0, ""incomplete_agent"": 10.0}","[1219.416, 1219.949, 1206.0184949494949, 1251.0928120300753, 1213.4396666666667, 1231.095238095238, 1232.7729350649352, 1218.5608260869565, 1176.2178888888889, 1325.8537058823529]","[100.0, 100.0, 100.0, 100.0, 100.0, 100.0, 100.0, 100.0, 100.0, 100.0]"
ga,1,35,1191.5180046601165,100.0,21.8,0.4902,4.4,12.615309791153843,23.584212121212126,10.968902330058281,False,6.8,hospital_corridor,28,12,"[11, 29, 47, 53, 61, 73, 89, 97, 101, 109]","[4.156669300298324, 4.7469198017706, 1.1422115314129064, 0.5, 1.0]","{""time"": 1.0, ""collisions"": 0.05, ""congestion"": 1.0, ""fairness"": 2.0, ""incomplete_base"": 1000.0, ""incomplete_agent"": 10.0}","[1166.723, 1243.8615555555555, 1158.9035454545456, 1191.7679826839826, 1242.0863684210526, 1205.2080869565218, 1217.9283333333333, 1170.0201851851853, 1158.4028461538462, 1160.278142857143]","[100.0, 100.0, 100.0, 100.0, 100.0, 100.0, 100.0, 100.0, 100.0, 100.0]"
ga,1,36,1272.8520169172932,100.0,46.0,0.33649999999999997,3.3,13.965670112781956,25.573428571428575,11.607758458646618,False,14.7,hospital_corridor,28,12,"[11, 29, 47, 53, 61, 73, 89, 97, 101, 109]","[2.0943208808200735, 2.058942728362804, 1.7565504482500216, 0.5, 1.0]","{""time"": 1.0, ""collisions"": 0.05, ""congestion"": 1.0, ""fairness"": 2.0, ""incomplete_base"": 1000.0, ""incomplete_agent"": 10.0}","[1302.3311428571428, 1265.7735, 1296.5753333333332, 1269.7930000000001, 1262.8703333333333, 1235.6199047619048, 1259.5715263157895, 1269.1854285714285, 1238.812, 1327.988]","[100.0, 100.0, 100.0, 100.0, 100.0, 100.0, 100.0, 100.0, 100.0, 100.0]"
ga,1,37,1138.026997607341,63.43000000000001,830.3,1.0320493148925791,4.7,14.071541005291007,24.596515151515153,10.524974146224148,False,1.1,hospital_corridor,28,12,"[11, 29, 47, 53, 61, 73, 89, 97, 101, 109]","[2.296797004476363, 0.8665448337695187, 1.6303799981472558, 0.5, 1.0]","{""time"": 1.0, ""collisions"": 0.05, ""congestion"": 1.0, ""fairness"": 2.0, ""incomplete_base"": 1000.0, ""incomplete_agent"": 10.0}","[170.81233766233768, 1184.1970000000001, 1176.5758181818182, 76.26502178158331, 75.37983193277311, 1192.8363333333334, 113.31214896214897, 109.09223057644112, 1177.8258552188552, 103.97339842411786]","[38.5, 100.0, 100.0, 31.700000000000003, 35.7, 100.0, 46.800000000000004, 39.900000000000006, 100.0, 41.7]"
ga,1,38,1259.4482964577219,100.0,7.3,0.3257,3.1,13.02092363261094,25.399721861471864,12.378798228860923,False,13.4,hospital_corridor,28,12,"[11, 29, 47, 53, 61, 73, 89, 97, 101, 109]","[3.5668602020643645, 3.9040368944515724, 2.5083598111700875, 0.5, 1.0]","{""time"": 1.0, ""collisions"": 0.05, ""congestion"": 1.0, ""fairness"": 2.0, ""incomplete_base"": 1000.0, ""incomplete_agent"": 10.0}","[1249.3565828877006, 1263.0000849673202, 1292.8362857142856, 1269.7133333333334, 1252.0736842105264, 1215.5064444444445, 1245.84, 1276.494, 1261.2375490196077, 1268.425]","[100.0, 100.0, 100.0, 100.0, 100.0, 100.0, 100.0, 100.0, 100.0, 100.0]"
ga,1,39,1074.1599727074067,45.779999999999994,10.0,1.3912822312161695,4.9,14.286488095238095,25.530833333333337,11.244345238095239,False,0.4,hospital_corridor,28,12,"[11, 29, 47, 53, 61, 73, 89, 97, 101, 109]","[2.4480127256959587, 4.420755937563174, 0.9457012981330302, 0.5, 1.0]","{""time"": 1.0, ""collisions"": 0.05, ""congestion"": 1.0, ""fairness"": 2.0, ""incomplete_base"": 1000.0, ""incomplete_agent"": 10.0}","[66.93229102799918, 1158.9156666666668, 59.695421245421244, 57.36408221408222, 55.279434986429806, 61.39074573225517, 70.76911437472187, 72.63511016346837, 67.79351293867424, 70.82434772434773]","[46.6, 100.0, 36.4, 35.1, 38.6, 37.1, 42.800000000000004, 40.2, 40.300000000000004, 40.7]"
ga,1,40,67.81916020844136,35.2,203.9,1.6015411608223016,5.5,12.547857142857143,22.95916666666667,10.411309523809525,True,0.0,hospital_corridor,28,12,"[11, 29, 47, 53, 61, 73, 89, 97, 101, 109]","[2.3099639189700465, 2.314916933042555, 0.8216016816924637, 0.5, 1.0]","{""time"": 1.0, ""collisions"": 0.05, ""congestion"": 1.0, ""fairness"": 2.0, ""incomplete_base"": 1000.0, ""incomplete_agent"": 10.0}","[75.06709956709958, 55.56749482401656, 63.23293650793651, 67.93357831878733, 59.832562038900065, 69.18292387018502, 76.68520573277856, 71.99564240790656, 65.84557324396035, 72.848585572843]","[33.0, 32.2, 36.0, 31.1, 35.5, 31.400000000000002, 41.2, 37.1, 34.1, 40.400000000000006]"
ga,1,41,65.76114244447476,32.86,255.8,1.7242376825699985,5.1,12.370714285714286,21.56416666666667,9.193452380952381,True,0.0,hospital_corridor,28,12,"[11, 29, 47, 53, 61, 73, 89, 97, 101, 109]","[2.7459983973337074, 2.7588202797165806, 0.8112981854071903, 0.5, 1.0]","{""time"": 1.0, ""collisions"": 0.05, ""congestion"": 1.0, ""fairness"": 2.0, ""incomplete_base"": 1000.0, ""incomplete_agent"": 10.0}","[93.9448051948052, 53.79085132445262, 55.35707893895814, 72.0091486755474, 43.65879120879121, 58.56724193032919, 70.96309523809525, 76.45686963309916, 66.97580645161291, 65.88773584905661]","[38.5, 31.1, 29.8, 31.1, 26.0, 29.8, 36.800000000000004, 42.7, 31.0, 31.8]"
ga,1,42,1072.3644076074067,45.45,10.0,1.518565116564196,5.1,14.79791208791209,26.24583333333333,11.447921245421245,False,0.2,hospital_corridor,28,12,"[11, 29, 47, 53, 61, 73, 89, 97, 101, 109]","[2.6902016638088364, 5.0, 0.9444252519946885, 0.5, 1.0]","{""time"": 1.0, ""collisions"": 0.05, ""congestion"": 1.0, ""fairness"": 2.0, ""incomplete_base"": 1000.0, ""incomplete_agent"": 10.0}","[74.31954022988506, 1146.1626153846155, 57.16945618484081, 52.23003072196621, 48.32286572286573, 70.35183543584498, 68.16735985533454, 78.67804718217562, 62.42209330432681, 65.82023205221175]","[46.400000000000006, 100.0, 33.800000000000004, 37.2, 33.300000000000004, 41.900000000000006, 39.5, 43.6, 39.400000000000006, 39.400000000000006]"
ga,1,43,1217.1077761089152,100.0,37.9,0.40169999999999995,3.9,12.78129275362319,23.686830808080806,10.905538054457619,False,9.3,hospital_corridor,28,12,"[11, 29, 47, 53, 61, 73, 89, 97, 101, 109]","[4.768767788419555, 4.663984514723277, 1.416844915168739, 0.5, 1.0]","{""time"": 1.0, ""collisions"": 0.05, ""congestion"": 1.0, ""fairness"": 2.0, ""incomplete_base"": 1000.0, ""incomplete_agent"": 10.0}","[1181.578976284585, 1265.0729393939394, 1217.212507936508, 1199.7099264069263, 1206.4854545454546, 1200.4731642512077, 1223.061347826087, 1207.2546666666667, 1178.1751111111112, 1292.0536666666667]","[100.0, 100.0, 100.0, 100.0, 100.0, 100.0, 100.0, 100.0, 100.0, 100.0]"
ga,1,44,1190.0848883782883,100.0,84.7,0.44020000000000004,4.4,12.12764065934066,21.832484848484853,9.70484418914419,False,6.6,hospital_corridor,28,12,"[11, 29, 47, 53, 61, 73, 89, 97, 101, 109]","[4.752754303755935, 3.930198261456173, 1.2443101311672242, 0.5, 1.0]","{""time"": 1.0, ""collisions"": 0.05, ""congestion"": 1.0, ""fairness"": 2.0, ""incomplete_base"": 1000.0, ""incomplete_agent"": 10.0}","[1198.2094444444444, 1263.349, 1217.1734126984127, 1205.104199134199, 1204.5643636363636, 1165.0394545454546, 1149.093076923077, 1150.8890000000001, 1169.6375384615385, 1177.789393939394]","[100.0, 100.0, 100.0, 100.0, 100.0, 100.0, 100.0, 100.0, 100.0, 100.0]"
ga,1,45,61.82281359695537,37.3,41.2,1.6823374064791743,5.0,13.886428571428572,24.276666666666667,10.390238095238097,True,0.0,hospital_corridor,28,12,"[11, 29, 47, 53, 61, 73, 89, 97, 101, 109]","[2.6178574554828584, 4.726682216717057, 0.8705326610147311, 0.5, 1.0]","{""time"": 1.0, ""collisions"": 0.05, ""congestion"": 1.0, ""fairness"": 2.0, ""incomplete_base"": 1000.0, ""incomplete_agent"": 10.0}","[82.42431457431456, 50.95774526678141, 62.72129733783277, 49.678331148973356, 42.7045634920635, 66.94023362696285, 71.71149425287356, 73.26473495058401, 54.95582874099195, 62.869592578175684]","[49.5, 33.2, 38.1, 32.7, 28.8, 37.300000000000004, 40.6, 42.400000000000006, 33.7, 36.7]"
ga,1,46,1142.7863338271143,81.94,290.0,0.6833051002856538,4.3,12.759622000222,23.591136363636362,10.831514363414364,False,2.4,hospital_corridor,28,12,"[11, 29, 47, 53, 61, 73, 89, 97, 101, 109]","[3.3158389444983305, 1.6998414897421998, 1.860665318461082, 0.5, 1.0]","{""time"": 1.0, ""collisions"": 0.05, ""congestion"": 1.0, ""fairness"": 2.0, ""incomplete_base"": 1000.0, ""incomplete_agent"": 10.0}","[95.3831641285956, 1189.1567272727273, 1161.6623846153846, 1165.3833333333334, 1165.34, 1164.872, 85.33615819209041, 89.3123477297896, 1147.2201717171718, 1164.1970512820512]","[39.400000000000006, 100.0, 100.0, 100.0, 100.0, 100.0, 41.300000000000004, 38.7, 100.0, 100.0]"
ga,1,47,1109.362748583702,51.95,588.1,1.1926931761464838,4.8,11.052926841676841,20.460454545454546,9.407527703777705,False,0.8,hospital_corridor,28,12,"[11, 29, 47, 53, 61, 73, 89, 97, 101, 109]","[4.022004268532371, 1.2437776616453773, 2.5791674104564657, 0.5, 1.0]","{""time"": 1.0, ""collisions"": 0.05, ""congestion"": 1.0, ""fairness"": 2.0, ""incomplete_base"": 1000.0, ""incomplete_agent"": 10.0}","[96.768356374808, 1182.0553333333332, 1165.105239057239, 72.29282325029656, 61.96584249084249, 1164.1977435897436, 91.34970845481051, 98.18095238095239, 84.00975954738331, 77.70172735760971]","[31.0, 100.0, 100.0, 28.1, 31.200000000000003, 100.0, 34.300000000000004, 34.0, 30.3, 30.6]"
ga,1,48,1129.1113712104302,46.08,1120.7,1.3882302772893125,4.7,12.020171957671959,21.824242424242424,9.804070466570469,False,0.6,hospital_corridor,28,12,"[11, 29, 47, 53, 61, 73, 89, 97, 101, 109]","[3.146641551764294, 0.9928283243488386, 1.2709093988114517, 0.5, 1.0]","{""time"": 1.0, ""collisions"": 0.05, ""congestion"": 1.0, ""fairness"": 2.0, ""incomplete_base"": 1000.0, ""incomplete_agent"": 10.0}","[250.82173072274597, 1187.0443333333333, 1171.5645521885522, 99.37694235588972, 76.04201509872243, 86.78111658456487, 121.4919757958432, 103.11125541125543, 101.88517665130568, 92.9946139620897]","[39.400000000000006, 100.0, 100.0, 28.5, 32.800000000000004, 29.0, 36.2, 33.0, 31.0, 30.900000000000002]"
ga,1,49,1136.1765861554386,61.58,870.1,1.0942172280696616,4.8,12.956467051467053,22.955151515151517,9.998684463684464,False,1.0,hospital_corridor,28,12,"[11, 29, 47, 53, 61, 73, 89, 97, 101, 109]","[2.4922035240025577, 0.9587909061788611, 1.1785005713785424, 0.5, 1.0]","{""time"": 1.0, ""collisions"": 0.05, ""congestion"": 1.0, ""fairness"": 2.0, ""incomplete_base"": 1000.0, ""incomplete_agent"": 10.0}","[142.08574246266554, 1208.0122727272728, 1170.962053872054, 82.1160031225605, 78.36296891747054, 1166.5355185185185, 130.56551724137933, 104.82952380952382, 1176.0478441558441, 102.24841672709695]","[33.800000000000004, 100.0, 100.0, 30.5, 31.1, 100.0, 43.5, 37.5, 100.0, 39.400000000000006]"
ga,1,50,1207.8417879182766,100.0,59.6,0.3912,3.6,13.306064626720254,23.54135858585859,10.235293959138332,False,8.4,hospital_corridor,28,12,"[11, 29, 47, 53, 61, 73, 89, 97, 101, 109]","[4.154728617245637, 3.213855327628136, 2.0646367852218193, 0.5, 1.0]","{""time"": 1.0, ""collisions"": 0.05, ""congestion"": 1.0, ""fairness"": 2.0, ""incomplete_base"": 1000.0, ""incomplete_agent"": 10.0}","[1190.0337865612648, 1265.003640522876, 1228.3495555555555, 1173.7242450592885, 1215.118492063492, 1195.0208695652175, 1215.5629565217391, 1199.202, 1184.953, 1211.4493333333332]","[100.0, 100.0, 100.0, 100.0, 100.0, 100.0, 100.0, 100.0, 100.0, 100.0]"
ga,1,51,1260.8575684101559,100.0,7.8,0.4279,3.7,17.629022937779233,29.648857142857146,12.019834205077915,False,13.6,hospital_corridor,28,12,"[11, 29, 47, 53, 61, 73, 89, 97, 101, 109]","[1.5340483801602043, 3.141874024502277, 1.135234152340768, 0.5, 1.0]","{""time"": 1.0, ""collisions"": 0.05, ""congestion"": 1.0, ""fairness"": 2.0, ""incomplete_base"": 1000.0, ""incomplete_agent"": 10.0}","[1287.4, 1285.6034285714286, 1240.5907619047618, 1226.465, 1261.3590526315788, 1253.0431428571428, 1214.1693333333333, 1285.076, 1223.645298136646, 1331.2236666666668]","[100.0, 100.0, 100.0, 100.0, 100.0, 100.0, 100.0, 100.0, 100.0, 100.0]"
ga,1,52,1138.6405154532022,80.38000000000001,302.1,0.764692942379547,4.6,11.572997835497837,21.268409090909092,9.695411255411255,False,2.3,hospital_corridor,28,12,"[11, 29, 47, 53, 61, 73, 89, 97, 101, 109]","[3.134859914629266, 1.8199971409686317, 1.0577697997900581, 0.5, 1.0]","{""time"": 1.0, ""collisions"": 0.05, ""congestion"": 1.0, ""fairness"": 2.0, ""incomplete_base"": 1000.0, ""incomplete_agent"": 10.0}","[88.98034547152193, 1186.747090909091, 1143.188696969697, 1168.877, 1159.758, 1173.0661818181818, 94.00582690659813, 74.78785228377066, 1146.5554935064936, 1150.4386666666667]","[30.6, 100.0, 100.0, 100.0, 100.0, 100.0, 38.900000000000006, 34.300000000000004, 100.0, 100.0]"
ga,1,53,1212.3157169144865,100.0,48.6,0.3888,3.9,12.700834472049689,23.44929292929293,10.748458457243242,False,8.8,hospital_corridor,28,12,"[11, 29, 47, 53, 61, 73, 89, 97, 101, 109]","[3.9437812779379424, 2.922679325183338, 2.800181805129431, 0.5, 1.0]","{""time"": 1.0, ""collisions"": 0.05, ""congestion"": 1.0, ""fairness"": 2.0, ""incomplete_base"": 1000.0, ""incomplete_agent"": 10.0}","[1196.8909407114625, 1264.176, 1209.4904347826086, 1213.652, 1216.180015873016, 1196.4881304347825, 1220.334111111111, 1198.728, 1179.4966666666667, 1227.7208695652173]","[100.0, 100.0, 100.0, 100.0, 100.0, 100.0, 100.0, 100.0, 100.0, 100.0]"
ga,1,54,1206.9693299648707,100.0,85.4,0.40800000000000003,4.0,13.013145623625263,22.65881060606061,9.645664982435342,False,8.3,hospital_corridor,28,12,"[11, 29, 47, 53, 61, 73, 89, 97, 101, 109]","[3.5931257690908813, 2.7547006431030896, 1.5332774146740995, 0.5, 1.0]","{""time"": 1.0, ""collisions"": 0.05, ""congestion"": 1.0, ""fairness"": 2.0, ""incomplete_base"": 1000.0, ""incomplete_agent"": 10.0}","[1169.6129090909092, 1242.0255029239765, 1192.1452222222222, 1181.3775494071147, 1214.915650793651, 1195.6703913043477, 1198.9694444444444, 1197.895, 1168.803452991453, 1308.2781764705883]","[100.0, 100.0, 100.0, 100.0, 100.0, 100.0, 100.0, 100.0, 100.0, 100.0]"
ga,1,55,60.56650166913077,34.290000000000006,94.3,1.7643588119879006,5.6,12.788928571428574,22.6875,9.898571428571428,True,0.0,hospital_corridor,28,12,"[11, 29, 47, 53, 61, 73, 89, 97, 101, 109]","[3.5796399585943712, 3.6146099800249663, 0.9507703302397386, 0.5, 1.0]","{""time"": 1.0, ""collisions"": 0.05, ""congestion"": 1.0, ""fairness"": 2.0, ""incomplete_base"": 1000.0, ""incomplete_agent"": 10.0}","[78.40335182616737, 75.68669833729217, 50.01462585034014, 68.10032615786041, 47.59591836734694, 53.88451202263084, 64.5354482575153, 58.27293447293448, 54.675108225108225, 54.496093174111756]","[41.2, 42.1, 29.400000000000002, 36.5, 29.400000000000002, 30.3, 35.800000000000004, 35.1, 30.8, 32.300000000000004]"
ga,1,56,84.65804693421666,28.4,746.1,1.7501897913595053,5.2,10.62857142857143,19.23,8.601428571428574,True,0.0,hospital_corridor,28,12,"[11, 29, 47, 53, 61, 73, 89, 97, 101, 109]","[4.424095404947527, 1.6416100238455846, 0.9456972300927098, 0.5, 1.0]","{""time"": 1.0, ""collisions"": 0.05, ""congestion"": 1.0, ""fairness"": 2.0, ""incomplete_base"": 1000.0, ""incomplete_agent"": 10.0}","[120.86699966699967, 75.61924603174603, 69.88850050658561, 78.9228536024075, 71.04581019687026, 70.87731601731602, 96.06564625850342, 102.88580765639591, 87.29369647139431, 73.11459293394778]","[28.6, 28.8, 28.200000000000003, 26.900000000000002, 28.3, 27.5, 29.400000000000002, 30.6, 27.8, 27.900000000000002]"
ga,1,57,61.49027065467979,37.220000000000006,49.6,1.734318273727401,5.1,14.170357142857142,24.19833333333333,10.02797619047619,True,0.0,hospital_corridor,28,12,"[11, 29, 47, 53, 61, 73, 89, 97, 101, 109]","[3.4278153131059366, 4.188815198482149, 0.9775756507651938, 0.5, 1.0]","{""time"": 1.0, ""collisions"": 0.05, ""congestion"": 1.0, ""fairness"": 2.0, ""incomplete_base"": 1000.0, ""incomplete_agent"": 10.0}","[71.57460317460317, 69.4115207373272, 53.09075814536341, 64.458393866021, 41.09652415710811, 60.80541125541125, 64.66235119047619, 65.77773109243698, 67.96304945054945, 56.06236347750109]","[43.2, 43.400000000000006, 30.400000000000002, 41.300000000000004, 27.400000000000002, 33.0, 38.400000000000006, 40.800000000000004, 41.6, 32.7]"
ga,1,58,1150.0820396096506,86.73,220.0,0.6664138021247636,4.7,11.718156793206793,21.5609696969697,9.842812903762905,False,3.2,hospital_corridor,28,12,"[11, 29, 47, 53, 61, 73, 89, 97, 101, 109]","[3.457780034684326, 2.2321508015786793, 1.1020227704904721, 0.5, 1.0]","{""time"": 1.0, ""collisions"": 0.05, ""congestion"": 1.0, ""fairness"": 2.0, ""incomplete_base"": 1000.0, ""incomplete_agent"": 10.0}","[1178.9507948717949, 1207.391, 1151.6936643356644, 1159.099, 1185.3542727272727, 1168.8351818181818, 1152.7908571428572, 72.3639554087531, 68.28818261249454, 1156.053487179487]","[100.0, 100.0, 100.0, 100.0, 100.0, 100.0, 100.0, 34.6, 32.7, 100.0]"
ga,1,59,1118.5960520320032,52.14,776.0,1.2182409541920955,4.5,11.4029884004884,20.621893939393942,9.218905538905538,False,0.8,hospital_corridor,28,12,"[11, 29, 47, 53, 61, 73, 89, 97, 101, 109]","[3.573344970383239, 1.0038243295983365, 2.506768294044731, 0.5, 1.0]","{""time"": 1.0, ""collisions"": 0.05, ""congestion"": 1.0, ""fairness"": 2.0, ""incomplete_base"": 1000.0, ""incomplete_agent"": 10.0}","[119.38167202572349, 1184.548, 1173.2023232323231, 81.72089201877935, 73.40955423703028, 1172.200358974359, 91.78346977759585, 114.84712153518124, 90.98898999090083, 83.87813852813854]","[31.1, 100.0, 100.0, 28.400000000000002, 31.3, 100.0, 34.9, 33.5, 31.400000000000002, 30.8]"
ga,2,0,57.29760077961315,34.1,34.3,1.8254579224702947,5.4,13.343928571428572,23.172500000000003,9.828571428571431,True,0.0,hospital_corridor,28,12,"[11, 29, 47, 53, 61, 73, 89, 97, 101, 109]","[2.7946118303353473, 4.122056583308447, 0.8957712018991779, 0.5, 1.0]","{""time"": 1.0, ""collisions"": 0.05, ""congestion"": 1.0, ""fairness"": 2.0, ""incomplete_base"": 1000.0, ""incomplete_agent"": 10.0}","[56.33152056277057, 50.64950584007188, 53.4264880952381, 55.25104166666667, 45.98694316436252, 56.21160714285715, 68.40858623242043, 66.10542635658916, 60.33027210884354, 60.27461662631154]","[35.2, 31.8, 32.0, 32.0, 31.0, 32.0, 38.6, 38.7, 34.300000000000004, 35.4]"
ga,2,1,57.85016856745522,32.28,90.1,1.8946923769790218,5.3,12.13892857142857,21.72416666666667,9.585238095238097,True,0.0,hospital_corridor,28,12,"[11, 29, 47, 53, 61, 73, 89, 97, 101, 109]","[4.693810676255719, 4.725916100618479, 0.9311641573526295, 0.5, 1.0]","{""time"": 1.0, ""collisions"": 0.05, ""congestion"": 1.0, ""fairness"": 2.0, ""incomplete_base"": 1000.0, ""incomplete_agent"": 10.0}","[65.6128623188406, 60.87861635220126, 48.58669950738917, 55.06705940108002, 45.36767270288398, 50.42311827956989, 71.90493612078978, 72.84190128606187, 55.249844236760126, 52.56897546897547]","[36.800000000000004, 31.8, 29.0, 29.1, 28.400000000000002, 27.900000000000002, 36.9, 41.1, 32.1, 29.700000000000003]"
ga,2,2,1163.2753581626548,95.8,149.1,0.5000379310344829,4.0,14.224870187220187,25.485030303030307,11.260160115810118,False,3.7,hospital_corridor,28,12,"[11, 29, 47, 53, 61, 73, 89, 97, 101, 109]","[3.2300430559408593, 2.0778290774632096, 1.8850347238186567, 0.5, 1.0]","{""time"": 1.0, ""collisions"": 0.05, ""congestion"": 1.0, ""fairness"": 2.0, ""incomplete_base"": 1000.0, ""incomplete_agent"": 10.0}","[1174.608, 1226.7142222222221, 1171.125696969697, 1166.1016666666667, 1166.2076666666667, 1160.3096666666665, 94.87233169129722, 1171.1348888888888, 1142.311723905724, 1159.3677179487179]","[100.0, 100.0, 100.0, 100.0, 100.0, 100.0, 58.0, 100.0, 100.0, 100.0]"
ga,2,3,1152.8751721398487,87.78999999999999,251.4,0.6310786037551624,4.3,12.599569393569395,22.541616161616165,9.942046768046769,False,3.2,hospital_corridor,28,12,"[11, 29, 47, 53, 61, 73, 89, 97, 101, 109]","[4.141683194644679, 2.582783989862138, 1.4182794198205035, 0.5, 1.0]","{""time"": 1.0, ""collisions"": 0.05, ""congestion"": 1.0, ""fairness"": 2.0, ""incomplete_base"": 1000.0, ""incomplete_agent"": 10.0}","[1215.2444444444445, 1220.3563333333334, 1152.1222377622378, 1178.109, 1179.841, 1140.4453703703703, 77.64643154019713, 74.64497354497357, 1137.8925714285715, 1152.449358974359]","[100.0, 100.0, 100.0, 100.0, 100.0, 100.0, 40.1, 37.800000000000004, 100.0, 100.0]"
ga,2,4,1230.6043663030514,100.0,21.2,0.3767,3.4,13.573752707060219,24.15758585858586,10.58383315152564,False,10.8,hospital_corridor,28,12,"[11, 29, 47, 53, 61, 73, 89, 97, 101, 109]","[3.8850052368204064, 3.5268268994377405, 2.1773592697846, 0.5, 1.0]","{""time"": 1.0, ""collisions"": 0.05, ""congestion"": 1.0, ""fairness"": 2.0, ""incomplete_base"": 1000.0, ""incomplete_agent"": 10.0}","[1222.4865885167465, 1241.3775555555555, 1247.7603684210526, 1211.56, 1215.2441587301587, 1215.2528787878787, 1210.832695652174, 1259.9201428571428, 1184.2316666666666, 1297.3776078431372]","[100.0, 100.0, 100.0, 100.0, 100.0, 100.0, 100.0, 100.0, 100.0, 100.0]"
ga,2,5,1111.2501284887876,50.93,689.4,1.2535045571635774,5.1,10.653354700854702,19.451666666666664,8.798311965811966,False,0.7,hospital_corridor,28,12,"[11, 29, 47, 53, 61, 73, 89, 97, 101, 109]","[4.360382425239416, 1.2027594356744273, 1.7734110604551385, 0.5, 1.0]","{""time"": 1.0, ""collisions"": 0.05, ""congestion"": 1.0, ""fairness"": 2.0, ""incomplete_base"": 1000.0, ""incomplete_agent"": 10.0}","[106.68857142857144, 1185.4456666666667, 1158.235111111111, 77.69065321295807, 68.91125541125541, 1166.9944615384616, 93.56416040100251, 98.2897827092002, 77.89536811311555, 78.78625429553264]","[30.0, 100.0, 100.0, 26.900000000000002, 30.8, 100.0, 32.300000000000004, 30.900000000000002, 29.3, 29.1]"
ga,2,6,65.75461213105265,39.22,36.8,1.5148502262907453,5.0,14.561785714285715,26.15166666666667,11.589880952380952,True,0.0,hospital_corridor,28,12,"[11, 29, 47, 53, 61, 73, 89, 97, 101, 109]","[2.2332894192853394, 3.2670097963262803, 0.9213506679339667, 0.5, 1.0]","{""time"": 1.0, ""collisions"": 0.05, ""congestion"": 1.0, ""fairness"": 2.0, ""incomplete_base"": 1000.0, ""incomplete_agent"": 10.0}","[70.92239492373966, 50.955357142857146, 65.35520980669497, 57.29947324062367, 61.10830491347733, 62.10879426979705, 77.61731601731603, 74.14815813117701, 65.09212265883218, 72.93899020601148]","[40.900000000000006, 33.6, 40.400000000000006, 33.9, 37.7, 35.9, 46.2, 42.400000000000006, 38.900000000000006, 42.300000000000004]"
ga,2,7,1212.370947051296,100.0,9.2,0.48200000000000004,3.9,14.144558220383738,25.359031746031746,11.214473525648012,False,8.9,hospital_corridor,28,12,"[11, 29, 47, 53, 61, 73, 89, 97, 101, 109]","[2.7400444441215, 3.9125664209534743, 1.155462594507647, 0.5, 1.0]","{""time"": 1.0, ""collisions"": 0.05, ""congestion"": 1.0, ""fairness"": 2.0, ""incomplete_base"": 1000.0, ""incomplete_agent"": 10.0}","[1186.703, 1262.489, 1179.336, 1224.204, 1228.3033684210527, 1202.463768115942, 1188.7837777777777, 1215.1876666666667, 1157.6517692307693, 1278.5871203007518]","[100.0, 100.0, 100.0, 100.0, 100.0, 100.0, 100.0, 100.0, 100.0, 100.0]"
ga,2,8,57.40292460015514,33.62,79.5,1.7688769811075182,5.5,13.122142857142856,22.141666666666673,9.019523809523811,True,0.0,hospital_corridor,28,12,"[11, 29, 47, 53, 61, 73, 89, 97, 101, 109]","[3.702716192287374, 3.758857122143928, 0.9642711979332678, 0.5, 1.0]","{""time"": 1.0, ""collisions"": 0.05, ""congestion"": 1.0, ""fairness"": 2.0, ""incomplete_base"": 1000.0, ""incomplete_agent"": 10.0}","[68.45458162377224, 50.65681605975724, 54.90798842901646, 55.86498599439776, 46.264128035320084, 54.96414701803051, 70.16833333333334, 58.334903047091416, 59.54116465863454, 54.8721978021978]","[38.300000000000004, 30.6, 32.1, 32.300000000000004, 30.200000000000003, 30.900000000000002, 40.0, 36.1, 33.2, 32.5]"
ga,2,9,174.3024274880393,28.74,2534.6,1.9762370118488424,6.2,10.81857142857143,19.24666666666667,8.428095238095239,True,0.0,hospital_corridor,28,12,"[11, 29, 47, 53, 61, 73, 89, 97, 101, 109]","[4.023941667048173, 3.1800343516468477, 0.635342467130972, 0.5, 1.0]","{""time"": 1.0, ""collisions"": 0.05, ""congestion"": 1.0, ""fairness"": 2.0, ""incomplete_base"": 1000.0, ""incomplete_agent"": 10.0}","[206.10158730158733, 188.07872394509405, 144.23095238095237, 150.80309973045823, 179.08626373626373, 138.49611344537817, 195.55877976190476, 246.91527472527474, 134.78443223443224, 158.96904761904761]","[31.5, 28.1, 28.0, 26.5, 27.3, 27.200000000000003, 32.0, 32.5, 27.3, 27.0]"
ga,2,10,57.218084995140806,33.6,36.4,1.7723707094265155,5.3,12.594642857142857,22.6075,10.012857142857143,True,0.0,hospital_corridor,28,12,"[11, 29, 47, 53, 61, 73, 89, 97, 101, 109]","[3.9464305907521444, 4.873446119915254, 0.9362772488144648, 0.5, 1.0]","{""time"": 1.0, ""collisions"": 0.05, ""congestion"": 1.0, ""fairness"": 2.0, ""incomplete_base"": 1000.0, ""incomplete_agent"": 10.0}","[60.23552330022918, 51.859478313618446, 52.783734087694484, 55.502205667543095, 67.4999831138129, 50.43414634146342, 59.94495412844037, 69.5577632045374, 51.01781609195402, 53.34524570211471]","[37.4, 31.400000000000002, 30.3, 32.6, 42.300000000000004, 28.700000000000003, 32.7, 40.300000000000004, 29.0, 31.3]"
ga,2,11,1069.5319991737015,40.3,25.7,1.8190321407345031,5.2,13.398516483516484,22.4625,9.063983516483518,False,0.8,hospital_corridor,28,12,"[11, 29, 47, 53, 61, 73, 89, 97, 101, 109]","[3.437581749312411, 4.8524699807032246, 0.931596041709204, 0.5, 1.0]","{""time"": 1.0, ""collisions"": 0.05, ""congestion"": 1.0, ""fairness"": 2.0, ""incomplete_base"": 1000.0, ""incomplete_agent"": 10.0}","[1189.379717948718, 61.271117166212534, 54.44636118598383, 46.335034013605444, 37.86746923488497, 65.45105099260414, 67.59407294832826, 63.403617333823, 54.71635610766046, 54.855194805194806]","[100.0, 36.7, 31.8, 29.400000000000002, 26.700000000000003, 36.7, 37.6, 38.900000000000006, 32.2, 33.0]"
ga,2,12,1183.505958214505,100.0,134.5,0.44089999999999996,4.5,11.984758771535372,21.654787878787886,9.670029107252509,False,5.7,hospital_corridor,28,12,"[11, 29, 47, 53, 61, 73, 89, 97, 101, 109]","[4.752754303755935, 3.570829292358771, 1.2443101311672242, 0.5, 1.0]","{""time"": 1.0, ""collisions"": 0.05, ""congestion"": 1.0, ""fairness"": 2.0, ""incomplete_base"": 1000.0, ""incomplete_agent"": 10.0}","[1163.0171282051283, 1242.7488663101603, 1197.5184347826087, 1210.0516666666667, 1196.2510995670996, 1166.6818181818182, 1168.0891188811188, 1152.5074285714286, 1160.4403846153846, 1177.7536363636364]","[100.0, 100.0, 100.0, 100.0, 100.0, 100.0, 100.0, 100.0, 100.0, 100.0]"
ga,2,13,73.45600225052439,32.13,419.7,1.7483832029053474,5.2,11.957857142857145,21.25416666666667,9.296309523809523,True,0.0,hospital_corridor,28,12,"[11, 29, 47, 53, 61, 73, 89, 97, 101, 109]","[3.9028948166256203, 2.5098715755056693, 0.9196431124993141, 0.5, 1.0]","{""time"": 1.0, ""collisions"": 0.05, ""congestion"": 1.0, ""fairness"": 2.0, ""incomplete_base"": 1000.0, ""incomplete_agent"": 10.0}","[106.08884423334551, 50.863561076604555, 73.27504105090313, 85.65323406235458, 51.54180069378745, 66.61202131202133, 74.63397464248858, 74.52225548902196, 79.58427593911465, 71.78501400560224]","[39.1, 29.900000000000002, 29.0, 30.700000000000003, 30.200000000000003, 28.6, 32.300000000000004, 33.4, 34.1, 34.0]"
ga,2,14,1270.0435295511506,100.0,5.4,0.3588,3.2,13.651163002202477,25.858527777777777,12.207364775575304,False,14.5,hospital_corridor,28,12,"[11, 29, 47, 53, 61, 73, 89, 97, 101, 109]","[3.5134147027282485, 4.2416837927780415, 2.1532491629045585, 0.5, 1.0]","{""time"": 1.0, ""collisions"": 0.05, ""congestion"": 1.0, ""fairness"": 2.0, ""incomplete_base"": 1000.0, ""incomplete_agent"": 10.0}","[1243.3010877192983, 1266.578, 1297.7156666666667, 1269.268, 1261.207777777778, 1214.1068585858586, 1263.948, 1268.3805714285713, 1275.4093333333333, 1340.52]","[100.0, 100.0, 100.0, 100.0, 100.0, 100.0, 100.0, 100.0, 100.0, 100.0]"
ga,2,15,1094.716945051183,44.94,473.4,1.3339496206877046,4.9,11.394411375661376,20.78090909090909,9.386497715247716,False,0.6,hospital_corridor,28,12,"[11, 29, 47, 53, 61, 73, 89, 97, 101, 109]","[4.427262220352785, 1.8038467212927527, 1.5418444635762425, 0.5, 1.0]","{""time"": 1.0, ""collisions"": 0.05, ""congestion"": 1.0, ""fairness"": 2.0, ""incomplete_base"": 1000.0, ""incomplete_agent"": 10.0}","[111.55620025136156, 1172.963, 1154.2834781144782, 58.710054813292224, 58.133050068902165, 76.17060783357712, 88.48039215686275, 90.72785427423983, 72.04194324194324, 64.10286975717439]","[34.1, 100.0, 100.0, 27.8, 31.1, 29.3, 34.0, 33.2, 29.700000000000003, 30.200000000000003]"
ga,2,16,166.58000611982246,28.079999999999995,2408.0,1.9504823102986655,5.9,10.55857142857143,18.633333333333333,8.074761904761903,True,0.0,hospital_corridor,28,12,"[11, 29, 47, 53, 61, 73, 89, 97, 101, 109]","[4.424095404947527, 1.6416100238455846, 0.6260613943687847, 0.5, 1.0]","{""time"": 1.0, ""collisions"": 0.05, ""congestion"": 1.0, ""fairness"": 2.0, ""incomplete_base"": 1000.0, ""incomplete_agent"": 10.0}","[208.94659197012137, 174.97834101382492, 137.49249743062694, 157.34393530997303, 177.57910052910054, 147.0464241785275, 177.1752688172043, 200.6477011494253, 133.23375350140057, 151.35644729802033]","[30.6, 27.900000000000002, 27.8, 26.5, 27.0, 27.1, 31.0, 29.0, 27.200000000000003, 26.700000000000003]"
ga,2,17,1201.8937482534516,100.0,56.4,0.42219999999999996,4.1,13.136672842971183,23.46244696969697,10.32577412672579,False,7.8,hospital_corridor,28,12,"[11, 29, 47, 53, 61, 73, 89, 97, 101, 109]","[4.885651752621538, 3.9217327763244576, 2.232113044200952, 0.5, 1.0]","{""time"": 1.0, ""collisions"": 0.05, ""congestion"": 1.0, ""fairness"": 2.0, ""incomplete_base"": 1000.0, ""incomplete_agent"": 10.0}","[1188.7615691699605, 1244.622139037433, 1209.1184343434343, 1199.943844155844, 1196.011, 1180.294515151515, 1199.6145217391304, 1218.369347826087, 1177.1847777777778, 1205.0173333333332]","[100.0, 100.0, 100.0, 100.0, 100.0, 100.0, 100.0, 100.0, 100.0, 100.0]"
ga,2,18,55.48981726169591,31.619999999999997,67.5,1.8567220236006716,5.5,12.119285714285715,21.438333333333336,9.31904761904762,True,0.0,hospital_corridor,28,12,"[11, 29, 47, 53, 61, 73, 89, 97, 101, 109]","[3.9175275295769714, 4.494314295685709, 0.8852935978387342, 0.5, 1.0]","{""time"": 1.0, ""collisions"": 0.05, ""congestion"": 1.0, ""fairness"": 2.0, ""incomplete_base"": 1000.0, ""incomplete_agent"": 10.0}","[62.589025077486625, 64.41942053930006, 49.53502716522851, 51.219855000823856, 43.429060665362044, 51.166364855801476, 61.27916666666667, 53.86675824175825, 62.63022186147187, 54.76327254305977]","[33.800000000000004, 33.2, 29.8, 28.900000000000002, 29.200000000000003, 28.400000000000002, 33.6, 31.200000000000003, 35.2, 32.9]"
ga,2,19,79.15294062691805,32.36,526.6,1.688416817394249,5.5,12.446071428571429,21.833333333333332,9.387261904761903,True,0.0,hospital_corridor,28,12,"[11, 29, 47, 53, 61, 73, 89, 97, 101, 109]","[2.7265236038697855, 1.5955214224892154, 0.8885265561867188, 0.5, 1.0]","{""time"": 1.0, ""collisions"": 0.05, ""congestion"": 1.0, ""fairness"": 2.0, ""incomplete_base"": 1000.0, ""incomplete_agent"": 10.0}","[119.89642857142859, 60.54642857142858, 59.106058462989154, 87.31316619362977, 64.95049603174604, 72.86937441643325, 92.8700671391272, 79.10310559006211, 90.86239892183289, 64.01188237050306]","[36.0, 31.200000000000003, 30.3, 30.200000000000003, 28.8, 30.6, 38.300000000000004, 34.5, 31.8, 31.900000000000002]"
ga,2,20,59.19276439366969,37.4,20.5,1.644431060336356,4.9,14.217499999999998,23.77916666666667,9.561666666666666,True,0.0,hospital_corridor,28,12,"[11, 29, 47, 53, 61, 73, 89, 97, 101, 109]","[3.1179707498458664, 4.3253140057309585, 0.9744831833606734, 0.5, 1.0]","{""time"": 1.0, ""collisions"": 0.05, ""congestion"": 1.0, ""fairness"": 2.0, ""incomplete_base"": 1000.0, ""incomplete_agent"": 10.0}","[67.27808302808303, 48.89951409135084, 53.60996472663139, 53.274307036247336, 51.74132007233273, 58.586243386243396, 68.8952380952381, 65.46819125470353, 67.93235800344235, 56.242424242424235]","[46.800000000000004, 34.300000000000004, 32.4, 33.5, 39.5, 37.800000000000004, 38.5, 36.7, 41.5, 33.0]"
ga,2,21,59.1299488873055,36.76,14.7,1.5894726968293216,5.0,13.956428571428575,23.979166666666668,10.022738095238095,True,0.0,hospital_corridor,28,12,"[11, 29, 47, 53, 61, 73, 89, 97, 101, 109]","[2.8860716051911393, 4.284257130314366, 0.9551733642720777, 0.5, 1.0]","{""time"": 1.0, ""collisions"": 0.05, ""congestion"": 1.0, ""fairness"": 2.0, ""incomplete_base"": 1000.0, ""incomplete_agent"": 10.0}","[68.27717879604671, 57.586958160572934, 54.87822299651568, 46.661799609433686, 48.817052767052765, 63.804761904761904, 67.58265306122449, 69.99632034632035, 55.23263646922184, 58.46190476190476]","[47.7, 37.9, 32.800000000000004, 31.700000000000003, 37.0, 35.0, 39.2, 38.5, 32.800000000000004, 35.0]"
ga,2,22,1118.9239793639006,73.28,215.2,0.908552013473287,5.1,11.61811965811966,21.105833333333333,9.487713675213676,False,1.5,hospital_corridor,28,12,"[11, 29, 47, 53, 61, 73, 89, 97, 101, 109]","[4.723535330574961, 3.495559395508601, 1.036289320830418, 0.5, 1.0]","{""time"": 1.0, ""collisions"": 0.05, ""congestion"": 1.0, ""fairness"": 2.0, ""incomplete_base"": 1000.0, ""incomplete_agent"": 10.0}","[1180.704238095238, 1169.2083333333333, 1128.577074074074, 1139.058717948718, 1159.7006666666666, 1133.8784814814815, 65.9924430641822, 77.704432132964, 72.04642857142856, 62.368978270920024]","[100.0, 100.0, 100.0, 100.0, 100.0, 100.0, 32.2, 36.1, 33.6, 30.900000000000002]"
ga,2,23,1205.574104436334,100.0,123.6,0.4123,4.0,12.517612933348115,22.508515151515155,9.990902218167037,False,7.9,hospital_corridor,28,12,"[11, 29, 47, 53, 61, 73, 89, 97, 101, 109]","[3.7153094824864406, 3.0881347176488014, 1.2579453076865637, 0.5, 1.0]","{""time"": 1.0, ""collisions"": 0.05, ""congestion"": 1.0, ""fairness"": 2.0, ""incomplete_base"": 1000.0, ""incomplete_agent"": 10.0}","[1177.4793333333332, 1263.8455, 1171.4279999999999, 1194.4748744588744, 1229.3301578947369, 1235.8555454545453, 1189.9453333333333, 1191.720923076923, 1184.3703333333333, 1217.291043478261]","[100.0, 100.0, 100.0, 100.0, 100.0, 100.0, 100.0, 100.0, 100.0, 100.0]"
ga,2,24,1070.3208524905992,42.89,59.8,1.5891858239324652,5.2,14.044166666666666,23.470000000000006,9.425833333333333,False,0.4,hospital_corridor,28,12,"[11, 29, 47, 53, 61, 73, 89, 97, 101, 109]","[3.6392928055501956, 4.179644708209031, 1.0121961942975923, 0.5, 1.0]","{""time"": 1.0, ""collisions"": 0.05, ""congestion"": 1.0, ""fairness"": 2.0, ""incomplete_base"": 1000.0, ""incomplete_agent"": 10.0}","[82.34305977710234, 1162.8476666666666, 54.817410714285714, 60.046686854292844, 47.776353276353284, 62.7807998408277, 61.153278688524594, 62.84862914862916, 54.2921101774043, 54.302529761904765]","[47.0, 100.0, 32.0, 40.1, 35.1, 35.9, 36.6, 39.6, 30.6, 32.0]"
ga,2,25,73.65315628611103,31.190000000000005,444.1,1.7414896194443419,5.9,11.96,21.218333333333334,9.258333333333333,True,0.0,hospital_corridor,28,12,"[11, 29, 47, 53, 61, 73, 89, 97, 101, 109]","[2.9883304627068523, 1.8179716111306505, 0.8848916144500029, 0.5, 1.0]","{""time"": 1.0, ""collisions"": 0.05, ""congestion"": 1.0, ""fairness"": 2.0, ""incomplete_base"": 1000.0, ""incomplete_agent"": 10.0}","[110.92888471177946, 56.13610460577674, 57.906628056628065, 83.1470238095238, 55.5750075826509, 79.90373921380633, 79.42188519243314, 75.4157606405394, 78.39268652086241, 59.703842527109856]","[30.400000000000002, 30.5, 29.6, 28.8, 31.400000000000002, 29.8, 36.5, 33.9, 30.700000000000003, 30.3]"
ga,2,26,57.58757065765133,33.67,71.6,1.6970944671751353,5.0,12.743928571428572,22.064166666666672,9.320238095238096,True,0.0,hospital_corridor,28,12,"[11, 29, 47, 53, 61, 73, 89, 97, 101, 109]","[3.459126385539685, 3.982804506583798, 0.8943369144833322, 0.5, 1.0]","{""time"": 1.0, ""collisions"": 0.05, ""congestion"": 1.0, ""fairness"": 2.0, ""incomplete_base"": 1000.0, ""incomplete_agent"": 10.0}","[66.86573008350258, 56.39390243902439, 51.17074829931973, 67.54592198581561, 44.288320463320474, 51.412514417531725, 65.04636591478697, 64.70793650793651, 55.37151841868824, 53.07274804658706]","[42.2, 32.800000000000004, 29.400000000000002, 37.6, 29.6, 28.900000000000002, 36.1, 36.0, 31.8, 32.300000000000004]"
ga,2,27,58.55866589483867,33.07,102.2,1.757475418648193,5.4,12.83607142857143,22.14666666666667,9.310595238095239,True,0.0,hospital_corridor,28,12,"[11, 29, 47, 53, 61, 73, 89, 97, 101, 109]","[3.181865646243531, 3.997361152564981, 0.8577341916540043, 0.5, 1.0]","{""time"": 1.0, ""collisions"": 0.05, ""congestion"": 1.0, ""fairness"": 2.0, ""incomplete_base"": 1000.0, ""incomplete_agent"": 10.0}","[76.35602678571429, 48.89316902479842, 52.718805488297015, 78.5846747149564, 39.628291316526614, 53.31569153258574, 61.43096634548247, 59.67877263581489, 59.64892566782811, 55.33133543638276]","[38.400000000000006, 31.3, 29.5, 42.6, 25.5, 29.3, 34.1, 35.5, 32.800000000000004, 31.700000000000003]"
ga,2,28,1289.075527302436,100.0,4.2,0.42889999999999995,3.5,16.32182054791614,31.540134199134194,15.218313651218065,False,15.8,hospital_corridor,28,12,"[11, 29, 47, 53, 61, 73, 89, 97, 101, 109]","[2.72169398463539, 5.0, 1.4319161278326877, 0.5, 1.0]","{""time"": 1.0, ""collisions"": 0.05, ""congestion"": 1.0, ""fairness"": 2.0, ""incomplete_base"": 1000.0, ""incomplete_agent"": 10.0}","[1263.1911307189544, 1274.7922077922078, 1295.6931666666667, 1279.4187142857143, 1325.1254705882352, 1240.7148051948052, 1287.9064444444443, 1298.0543333333333, 1277.2956666666666, 1348.5633333333333]","[100.0, 100.0, 100.0, 100.0, 100.0, 100.0, 100.0, 100.0, 100.0, 100.0]"
ga,2,29,57.86102106889822,31.959999999999997,106.7,1.8091163069934517,5.2,12.165714285714284,21.544166666666666,9.378452380952382,True,0.0,hospital_corridor,28,12,"[11, 29, 47, 53, 61, 73, 89, 97, 101, 109]","[4.6400286868799565, 4.529426184450314, 0.9323091260966245, 0.5, 1.0]","{""time"": 1.0, ""collisions"": 0.05, ""congestion"": 1.0, ""fairness"": 2.0, ""incomplete_base"": 1000.0, ""incomplete_agent"": 10.0}","[68.94642857142857, 66.43414457195621, 49.428735632183916, 56.140922619047615, 45.51740703348477, 50.80157041540021, 63.74161255411256, 61.97792207792209, 57.194425863991086, 58.427041349455145]","[36.0, 36.1, 29.0, 32.0, 28.3, 28.200000000000003, 35.2, 33.0, 29.900000000000002, 31.900000000000002]"
ga,2,30,65.88141483097891,31.02,297.4,1.8466529262170017,5.6,12.206785714285715,21.27916666666667,9.072380952380952,True,0.0,hospital_corridor,28,12,"[11, 29, 47, 53, 61, 73, 89, 97, 101, 109]","[2.990459442269775, 2.766838651141618, 0.8146162351353595, 0.5, 1.0]","{""time"": 1.0, ""collisions"": 0.05, ""congestion"": 1.0, ""fairness"": 2.0, ""incomplete_base"": 1000.0, ""incomplete_agent"": 10.0}","[77.17505562972853, 76.37613412228798, 63.059200968523, 65.64581504956932, 56.70946843853821, 56.56187146187147, 76.80412651864265, 64.93298059964727, 64.32187647336163, 57.227619047619044]","[32.1, 33.800000000000004, 29.5, 29.3, 30.1, 28.6, 34.1, 32.4, 30.3, 30.0]"
ga,2,31,75.39631026702173,30.490000000000002,516.9,1.951310267021741,5.8,11.790000000000003,20.345,8.554999999999998,True,0.0,hospital_corridor,28,12,"[11, 29, 47, 53, 61, 73, 89, 97, 101, 109]","[3.9352936020303773, 3.455316814217376, 0.7917043650509797, 0.5, 1.0]","{""time"": 1.0, ""collisions"": 0.05, ""congestion"": 1.0, ""fairness"": 2.0, ""incomplete_base"": 1000.0, ""incomplete_agent"": 10.0}","[104.01468864468865, 88.26175595238095, 54.318002322880375, 70.84343765774862, 54.820238095238096, 56.45528138528138, 82.72510822510823, 76.18122792143565, 101.2497854997855, 65.09357696567]","[32.5, 32.0, 28.700000000000003, 28.3, 28.0, 27.5, 30.8, 33.7, 33.300000000000004, 30.1]"
ga,2,32,80.62420992096372,28.330000000000002,667.2,1.8054003971541743,5.3,10.56642857142857,19.130833333333335,8.564404761904765,True,0.0,hospital_corridor,28,12,"[11, 29, 47, 53, 61, 73, 89, 97, 101, 109]","[4.417898054756081, 2.0904753802451435, 0.8215667587651108, 0.5, 1.0]","{""time"": 1.0, ""collisions"": 0.05, ""congestion"": 1.0, ""fairness"": 2.0, ""incomplete_base"": 1000.0, ""incomplete_agent"": 10.0}","[123.45595238095238, 68.78872793872794, 59.75979303382131, 72.18253076511505, 82.20567375886526, 62.49668775259182, 89.65636766334443, 85.17955747955747, 86.86922268907563, 75.64758574758577]","[28.8, 28.6, 28.3, 26.700000000000003, 28.200000000000003, 27.1, 30.1, 29.700000000000003, 27.200000000000003, 28.6]"
ga,2,33,1149.1447215874289,88.24,74.8,0.6873945811019333,4.6,13.759291042291043,24.997954545454547,11.238663503163504,False,3.4,hospital_corridor,28,12,"[11, 29, 47, 53, 61, 73, 89, 97, 101, 109]","[2.7459983973337074, 2.7588202797165806, 1.0535182519990722, 0.5, 1.0]","{""time"": 1.0, ""collisions"": 0.05, ""congestion"": 1.0, ""fairness"": 2.0, ""incomplete_base"": 1000.0, ""incomplete_agent"": 10.0}","[1148.1740769230769, 1213.047090909091, 1135.888, 1178.8570303030303, 1176.294515151515, 1167.83, 1151.1604615384615, 88.46682572820362, 57.89554865424431, 1173.8336666666667]","[100.0, 100.0, 100.0, 100.0, 100.0, 100.0, 100.0, 47.900000000000006, 34.5, 100.0]"
ga,2,34,1117.3660454017067,60.029999999999994,527.4,1.0640822463435848,4.4,11.843260846560847,21.794242424242423,9.95098157768158,False,1.0,hospital_corridor,28,12,"[11, 29, 47, 53, 61, 73, 89, 97, 101, 109]","[3.4822856050840514, 1.307101517816288, 2.1265075003030067, 0.5, 1.0]","{""time"": 1.0, ""collisions"": 0.05, ""congestion"": 1.0, ""fairness"": 2.0, ""incomplete_base"": 1000.0, ""incomplete_agent"": 10.0}","[100.3151376146789, 1179.813, 1162.207138047138, 69.04993476842793, 59.72036630036631, 1173.8096666666668, 95.48696741854637, 110.82252747252747, 1149.2777792207792, 73.15793650793651]","[32.7, 100.0, 100.0, 29.200000000000003, 32.5, 100.0, 38.0, 36.4, 100.0, 31.5]"
ga,2,35,1124.2378328456653,61.36999999999999,617.2,1.0250994642317812,4.8,12.51052724867725,23.001893939393938,10.49136669071669,False,1.0,hospital_corridor,28,12,"[11, 29, 47, 53, 61, 73, 89, 97, 101, 109]","[2.9205208771454387, 1.0593745569921893, 2.0989067754743838, 0.5, 1.0]","{""time"": 1.0, ""collisions"": 0.05, ""congestion"": 1.0, ""fairness"": 2.0, ""incomplete_base"": 1000.0, ""incomplete_agent"": 10.0}","[109.08036253776436, 1179.771, 1161.2471952861952, 102.01579292267365, 63.51003452740613, 1178.9936666666667, 107.48111658456486, 102.64032738095241, 1155.7312337662338, 81.90759878419453]","[33.1, 100.0, 100.0, 32.7, 33.1, 100.0, 43.5, 38.400000000000006, 100.0, 32.9]"
ga,2,36,1080.0834187855025,37.26,441.7,1.5899772270610266,5.3,11.182142857142859,20.256363636363638,9.074220779220779,False,0.1,hospital_corridor,28,12,"[11, 29, 47, 53, 61, 73, 89, 97, 101, 109]","[4.385722293367575, 2.3218414907437266, 0.9698332702449625, 0.5, 1.0]","{""time"": 1.0, ""collisions"": 0.05, ""congestion"": 1.0, ""fairness"": 2.0, ""incomplete_base"": 1000.0, ""incomplete_agent"": 10.0}","[96.50960591133006, 92.51304436304437, 55.57439024390244, 55.817612044817935, 53.64359351988218, 59.88352683829716, 80.05365233472031, 86.75400843881857, 1145.8308441558443, 74.25391000436873]","[29.0, 35.1, 28.700000000000003, 27.200000000000003, 29.1, 28.3, 30.900000000000002, 31.6, 100.0, 32.7]"
ga,2,37,1107.0261657202439,58.660000000000004,360.7,1.1795292086072475,5.0,11.397515077515077,20.973333333333336,9.575818255818257,False,1.0,hospital_corridor,28,12,"[11, 29, 47, 53, 61, 73, 89, 97, 101, 109]","[4.020947013750217, 2.1689310469378356, 1.1186885441866141, 0.5, 1.0]","{""time"": 1.0, ""collisions"": 0.05, ""congestion"": 1.0, ""fairness"": 2.0, ""incomplete_base"": 1000.0, ""incomplete_agent"": 10.0}","[105.20597667638485, 1204.9072727272728, 1131.2724814814815, 54.602466598150045, 53.62630605640315, 1140.7872592592594, 72.80739662636215, 77.00142412105029, 72.80415057915059, 1157.2469230769232]","[34.300000000000004, 100.0, 100.0, 27.8, 30.900000000000002, 100.0, 31.900000000000002, 32.1, 29.6, 100.0]"
ga,2,38,1099.9488793029627,63.98999999999999,10.5,1.3001979842814066,4.8,14.888159340659342,27.955000000000005,13.06684065934066,False,0.8,hospital_corridor,28,12,"[11, 29, 47, 53, 61, 73, 89, 97, 101, 109]","[2.6691355468221563, 4.954162618371927, 0.9454753296106485, 0.5, 1.0]","{""time"": 1.0, ""collisions"": 0.05, ""congestion"": 1.0, ""fairness"": 2.0, ""incomplete_base"": 1000.0, ""incomplete_agent"": 10.0}","[64.57482611021936, 1158.6896666666667, 64.99192699192699, 1138.3774358974358, 125.91286277824739, 76.59332899446795, 1152.9599487179487, 73.04199134199135, 73.02355623100304, 71.32324929971989]","[44.5, 100.0, 40.7, 100.0, 84.5, 43.900000000000006, 100.0, 38.5, 47.0, 40.800000000000004]"
ga,2,39,63.06379308489781,39.52000000000001,15.0,1.5795073706120872,4.9,14.717857142857142,25.325,10.607142857142858,True,0.0,hospital_corridor,28,12,"[11, 29, 47, 53, 61, 73, 89, 97, 101, 109]","[2.688978112246308, 4.466593319191247, 0.9446512205170701, 0.5, 1.0]","{""time"": 1.0, ""collisions"": 0.05, ""congestion"": 1.0, ""fairness"": 2.0, ""incomplete_base"": 1000.0, ""incomplete_agent"": 10.0}","[64.88207182634392, 64.55620421245422, 56.88467000835423, 58.906946653939976, 50.775641025641036, 62.76322676379334, 71.44411027568923, 78.18288690476192, 63.60516717325228, 58.637006004747946]","[41.900000000000006, 41.6, 34.2, 44.900000000000006, 39.0, 35.300000000000004, 41.800000000000004, 44.800000000000004, 37.6, 34.1]"
ga,2,40,1071.0494281856718,40.26,122.1,1.4881186618622788,5.0,12.355178571428574,21.953333333333333,9.598154761904762,False,0.4,hospital_corridor,28,12,"[11, 29, 47, 53, 61, 73, 89, 97, 101, 109]","[3.9977950326797034, 3.5990931157594845, 1.0139099738562818, 0.5, 1.0]","{""time"": 1.0, ""collisions"": 0.05, ""congestion"": 1.0, ""fairness"": 2.0, ""incomplete_base"": 1000.0, ""incomplete_agent"": 10.0}","[75.20562310030395, 1167.3203333333333, 52.951497299950915, 50.169767441860465, 57.13963686193902, 55.9795130914102, 73.00047744691543, 69.43129251700681, 54.35374149659864, 54.942399267399274]","[32.9, 100.0, 29.1, 30.1, 41.7, 31.1, 37.9, 39.2, 29.400000000000002, 31.200000000000003]"
ga,2,41,1085.519710754896,46.89,208.7,1.4074488501342848,5.5,12.280535714285715,21.67416666666667,9.393630952380954,False,0.8,hospital_corridor,28,12,"[11, 29, 47, 53, 61, 73, 89, 97, 101, 109]","[3.757931977866937, 2.917266417843239, 1.0192769539868198, 0.5, 1.0]","{""time"": 1.0, ""collisions"": 0.05, ""congestion"": 1.0, ""fairness"": 2.0, ""incomplete_base"": 1000.0, ""incomplete_agent"": 10.0}","[92.01708860759494, 1164.875, 51.05632832080201, 64.44892689470154, 1155.1466666666668, 64.53687008784097, 71.78691493691494, 70.15647428025652, 60.384389782403034, 60.7884479717813]","[39.5, 100.0, 30.400000000000002, 35.5, 100.0, 30.900000000000002, 35.1, 34.9, 30.200000000000003, 32.4]"
ga,2,42,58.404073499917395,34.59,36.0,1.6764544522983438,5.3,13.590357142857144,23.759166666666665,10.168809523809525,True,0.0,hospital_corridor,28,12,"[11, 29, 47, 53, 61, 73, 89, 97, 101, 109]","[2.544260354752619, 3.8504430026011023, 0.8896730584837552, 0.5, 1.0]","{""time"": 1.0, ""collisions"": 0.05, ""congestion"": 1.0, ""fairness"": 2.0, ""incomplete_base"": 1000.0, ""incomplete_agent"": 10.0}","[66.00659340659342, 49.43825003685686, 57.443080993081, 51.38141025641026, 43.815178571428575, 59.597178130511466, 69.95088161209068, 68.45720313441834, 57.88118833118834, 60.06977052659504]","[37.7, 32.300000000000004, 35.1, 31.200000000000003, 28.8, 32.4, 39.7, 39.5, 33.300000000000004, 35.9]"
ga,2,43,1150.0649200602784,88.72,6.7,0.7849132772065056,4.5,14.95439054785794,27.066893939393946,12.112503391536002,False,3.6,hospital_corridor,28,12,"[11, 29, 47, 53, 61, 73, 89, 97, 101, 109]","[2.3496314906206646, 4.806343555525994, 0.9949093931512222, 0.5, 1.0]","{""time"": 1.0, ""collisions"": 0.05, ""congestion"": 1.0, ""fairness"": 2.0, ""incomplete_base"": 1000.0, ""incomplete_agent"": 10.0}","[1170.0748787878788, 1213.793909090909, 1122.5654025974027, 1166.8231304347826, 1203.1836623376623, 72.63002364066195, 1162.4564685314685, 1162.944857142857, 68.39672817902218, 1157.7801398601398]","[100.0, 100.0, 100.0, 100.0, 100.0, 42.300000000000004, 100.0, 100.0, 44.900000000000006, 100.0]"
ga,2,44,1175.0485281385281,100.0,140.2,0.4497,3.8,15.782373809523813,27.576787878787883,11.794414069264072,False,4.4,hospital_corridor,28,12,"[11, 29, 47, 53, 61, 73, 89, 97, 101, 109]","[2.683645859124522, 1.6842364008535111, 2.4013820387283737, 0.5, 1.0]","{""time"": 1.0, ""collisions"": 0.05, ""congestion"": 1.0, ""fairness"": 2.0, ""incomplete_base"": 1000.0, ""incomplete_agent"": 10.0}","[1187.1123333333333, 1229.0223333333333, 1172.8827575757575, 1157.0573333333334, 1181.1736666666666, 1161.277, 1168.684, 1167.3608571428572, 1151.2106666666666, 1174.7043333333334]","[100.0, 100.0, 100.0, 100.0, 100.0, 100.0, 100.0, 100.0, 100.0, 100.0]"
ga,2,45,1156.777478624442,94.01,30.8,0.6304930174563591,4.6,13.477340529840529,24.27583333333334,10.798492803492802,False,3.9,hospital_corridor,28,12,"[11, 29, 47, 53, 61, 73, 89, 97, 101, 109]","[3.3377118369546763, 4.0819238413114505, 1.0510875534493875, 0.5, 1.0]","{""time"": 1.0, ""collisions"": 0.05, ""congestion"": 1.0, ""fairness"": 2.0, ""incomplete_base"": 1000.0, ""incomplete_agent"": 10.0}","[1149.636909090909, 1201.335038961039, 1139.8829023569024, 1178.6054242424243, 1194.6235887445887, 78.12554922218266, 1167.216846153846, 1153.288142857143, 1161.2983846153845, 1143.762]","[100.0, 100.0, 100.0, 100.0, 100.0, 40.1, 100.0, 100.0, 100.0, 100.0]"
ga,2,46,1213.7555657945918,100.0,109.2,0.409,4.3,12.596888819875776,22.54017171717172,9.943282897295942,False,8.8,hospital_corridor,28,12,"[11, 29, 47, 53, 61, 73, 89, 97, 101, 109]","[2.8212217916964866, 2.266845377778127, 1.2310573826783002, 0.5, 1.0]","{""time"": 1.0, ""collisions"": 0.05, ""congestion"": 1.0, ""fairness"": 2.0, ""incomplete_base"": 1000.0, ""incomplete_agent"": 10.0}","[1191.4712766798418, 1264.3461818181818, 1191.1442222222222, 1216.007, 1197.3819047619047, 1186.564, 1203.4717391304348, 1207.394, 1195.9806666666666, 1283.7946666666667]","[100.0, 100.0, 100.0, 100.0, 100.0, 100.0, 100.0, 100.0, 100.0, 100.0]"
ga,2,47,67.7193066587152,38.260000000000005,123.7,1.623116182524709,5.4,13.716071428571428,24.541666666666668,10.82559523809524,True,0.0,hospital_corridor,28,12,"[11, 29, 47, 53, 61, 73, 89, 97, 101, 109]","[2.276034389890425, 4.120885198117947, 0.8170824159002161, 0.5, 1.0]","{""time"": 1.0, ""collisions"": 0.05, ""congestion"": 1.0, ""fairness"": 2.0, ""incomplete_base"": 1000.0, ""incomplete_agent"": 10.0}","[83.2671592775041, 53.215800865800865, 62.89361207897793, 50.62445054945054, 66.08378746594006, 66.72631987577641, 88.75596393897365, 72.37835606604452, 63.611972210980724, 69.63564425770309]","[40.6, 33.0, 36.9, 31.200000000000003, 36.7, 36.800000000000004, 51.5, 39.800000000000004, 35.300000000000004, 40.800000000000004]"
ga,2,48,59.33985589093223,36.190000000000005,57.5,1.593189224265561,4.9,13.8075,23.148333333333337,9.340833333333334,True,0.0,hospital_corridor,28,12,"[11, 29, 47, 53, 61, 73, 89, 97, 101, 109]","[3.0919349178034268, 4.0306585372924015, 0.9409837840356412, 0.5, 1.0]","{""time"": 1.0, ""collisions"": 0.05, ""congestion"": 1.0, ""fairness"": 2.0, ""incomplete_base"": 1000.0, ""incomplete_agent"": 10.0}","[80.12596775904126, 50.409243697478985, 53.20843190779497, 50.09940476190477, 49.087833914053434, 55.12619047619047, 63.93385826771654, 67.79335839599, 65.06229656419531, 58.5519731649566]","[44.900000000000006, 34.0, 31.400000000000002, 33.6, 32.800000000000004, 31.5, 38.1, 39.900000000000006, 39.5, 36.2]"
ga,2,49,58.276130285190135,34.96,33.2,1.7473207613806057,5.3,13.443928571428572,23.398333333333333,9.95440476190476,True,0.0,hospital_corridor,28,12,"[11, 29, 47, 53, 61, 73, 89, 97, 101, 109]","[3.130492225637857, 4.13428261896405, 0.9323630686287306, 0.5, 1.0]","{""time"": 1.0, ""collisions"": 0.05, ""congestion"": 1.0, ""fairness"": 2.0, ""incomplete_base"": 1000.0, ""incomplete_agent"": 10.0}","[75.59190476190477, 53.27334869431644, 51.931829573934834, 48.2469696969697, 45.63441335297006, 57.926412995104585, 68.13522408963586, 69.04992784992785, 53.50208333333334, 59.46918850380389]","[50.0, 31.0, 30.400000000000002, 30.8, 29.1, 32.1, 40.800000000000004, 39.6, 32.0, 33.800000000000004]"
ga,2,50,66.8676177777086,30.870000000000005,325.5,1.6869034919943098,5.5,11.432142857142857,20.45,9.017857142857142,True,0.0,hospital_corridor,28,12,"[11, 29, 47, 53, 61, 73, 89, 97, 101, 109]","[4.2988425462296105, 2.7500762753086265, 0.9615336457257405, 0.5, 1.0]","{""time"": 1.0, ""collisions"": 0.05, ""congestion"": 1.0, ""fairness"": 2.0, ""incomplete_base"": 1000.0, ""incomplete_agent"": 10.0}","[98.95679611650486, 72.15672601384767, 53.23443670150988, 70.44214054553862, 49.86132621272808, 56.197518443997325, 66.91274961597543, 71.27142857142857, 60.16984126984127, 69.47321428571429]","[30.900000000000002, 33.7, 28.700000000000003, 30.900000000000002, 32.1, 28.400000000000002, 31.0, 31.5, 27.900000000000002, 33.6]"
ga,2,51,1072.3644076074067,45.45,10.0,1.518565116564196,5.1,14.79791208791209,26.24583333333333,11.447921245421245,False,0.2,hospital_corridor,28,12,"[11, 29, 47, 53, 61, 73, 89, 97, 101, 109]","[2.6902016638088364, 5.0, 0.9444252519946885, 0.5, 1.0]","{""time"": 1.0, ""collisions"": 0.05, ""congestion"": 1.0, ""fairness"": 2.0, ""incomplete_base"": 1000.0, ""incomplete_agent"": 10.0}","[74.31954022988506, 1146.1626153846155, 57.16945618484081, 52.23003072196621, 48.32286572286573, 70.35183543584498, 68.16735985533454, 78.67804718217562, 62.42209330432681, 65.82023205221175]","[46.400000000000006, 100.0, 33.800000000000004, 37.2, 33.300000000000004, 41.900000000000006, 39.5, 43.6, 39.400000000000006, 39.400000000000006]"
ga,2,52,1103.9288835838115,62.33,63.5,1.1482082591362075,4.9,12.685238095238095,22.323075757575758,9.637837662337663,False,1.8,hospital_corridor,28,12,"[11, 29, 47, 53, 61, 73, 89, 97, 101, 109]","[3.8713809212485315, 3.925709162488477, 1.0383887759936932, 0.5, 1.0]","{""time"": 1.0, ""collisions"": 0.05, ""congestion"": 1.0, ""fairness"": 2.0, ""incomplete_base"": 1000.0, ""incomplete_agent"": 10.0}","[64.87136206437883, 1163.527, 51.93904599382415, 1159.2666666666667, 1194.149658008658, 62.20729051310447, 1148.1077142857143, 72.54268907563025, 68.44845474613687, 54.228954484001804]","[35.800000000000004, 100.0, 29.3, 100.0, 100.0, 38.7, 100.0, 42.5, 45.300000000000004, 31.700000000000003]"
ga,2,53,1135.0103494924865,80.6,226.9,0.7816839913209096,4.6,11.959530885780888,22.101363636363637,10.141832750582752,False,2.2,hospital_corridor,28,12,"[11, 29, 47, 53, 61, 73, 89, 97, 101, 109]","[2.8712122441755192, 1.8884584476787818, 1.0375029288864435, 0.5, 1.0]","{""time"": 1.0, ""collisions"": 0.05, ""congestion"": 1.0, ""fairness"": 2.0, ""incomplete_base"": 1000.0, ""incomplete_agent"": 10.0}","[81.29513727315032, 1185.5779393939395, 1142.1050235690236, 1169.8096666666665, 1176.668212121212, 1148.2497037037037, 81.45459183673469, 75.99344413665744, 1135.8565454545455, 1153.0932307692308]","[30.700000000000003, 100.0, 100.0, 100.0, 100.0, 100.0, 39.2, 36.1, 100.0, 100.0]"
ga,2,54,88.75386418705251,28.939999999999998,809.4,1.8088641870525202,5.4,10.927499999999998,19.695,8.7675,True,0.0,hospital_corridor,28,12,"[11, 29, 47, 53, 61, 73, 89, 97, 101, 109]","[4.0896729702161965, 1.4748777365686117, 0.9886820181573536, 0.5, 1.0]","{""time"": 1.0, ""collisions"": 0.05, ""congestion"": 1.0, ""fairness"": 2.0, ""incomplete_base"": 1000.0, ""incomplete_agent"": 10.0}","[172.34695679596342, 85.24076873070047, 75.06765873015874, 78.41190476190476, 62.0689223057644, 73.19009934909215, 89.83579849946409, 96.82839798170923, 86.60199118793425, 67.94614352783367]","[30.200000000000003, 29.3, 28.8, 27.0, 28.5, 27.8, 31.1, 30.200000000000003, 28.1, 28.400000000000002]"
ga,2,55,64.56727550469334,29.810000000000002,306.7,1.7691802665980974,5.4,11.369285714285715,20.195833333333333,8.82654761904762,True,0.0,hospital_corridor,28,12,"[11, 29, 47, 53, 61, 73, 89, 97, 101, 109]","[4.283850746177837, 2.668610211344099, 0.9656539986617851, 0.5, 1.0]","{""time"": 1.0, ""collisions"": 0.05, ""congestion"": 1.0, ""fairness"": 2.0, ""incomplete_base"": 1000.0, ""incomplete_agent"": 10.0}","[92.67374234960442, 58.17247227658187, 52.885463659147874, 65.24278837888947, 48.39611528822055, 56.147317236753864, 78.36123981123981, 68.17617516459961, 62.26070157600407, 63.35673930589185]","[31.900000000000002, 29.200000000000003, 28.5, 27.700000000000003, 30.400000000000002, 28.400000000000002, 33.300000000000004, 31.1, 28.1, 29.5]"
ga,2,56,57.29760077961315,34.1,34.3,1.8254579224702947,5.4,13.343928571428572,23.172500000000003,9.828571428571431,True,0.0,hospital_corridor,28,12,"[11, 29, 47, 53, 61, 73, 89, 97, 101, 109]","[2.7946118303353473, 4.122056583308447, 0.8957712018991779, 0.5, 1.0]","{""time"": 1.0, ""collisions"": 0.05, ""congestion"": 1.0, ""fairness"": 2.0, ""incomplete_base"": 1000.0, ""incomplete_agent"": 10.0}","[56.33152056277057, 50.64950584007188, 53.4264880952381, 55.25104166666667, 45.98694316436252, 56.21160714285715, 68.40858623242043, 66.10542635658916, 60.33027210884354, 60.27461662631154]","[35.2, 31.8, 32.0, 32.0, 31.0, 32.0, 38.6, 38.7, 34.300000000000004, 35.4]"
ga,2,57,57.29760077961315,34.1,34.3,1.8254579224702947,5.4,13.343928571428572,23.172500000000003,9.828571428571431,True,0.0,hospital_corridor,28,12,"[11, 29, 47, 53, 61, 73, 89, 97, 101, 109]","[2.7946118303353473, 4.122056583308447, 0.8957712018991779, 0.5, 1.0]","{""time"": 1.0, ""collisions"": 0.05, ""congestion"": 1.0, ""fairness"": 2.0, ""incomplete_base"": 1000.0, ""incomplete_agent"": 10.0}","[56.33152056277057, 50.64950584007188, 53.4264880952381, 55.25104166666667, 45.98694316436252, 56.21160714285715, 68.40858623242043, 66.10542635658916, 60.33027210884354, 60.27461662631154]","[35.2, 31.8, 32.0, 32.0, 31.0, 32.0, 38.6, 38.7, 34.300000000000004, 35.4]"
ga,2,58,1075.3616615636802,44.75,195.7,1.478217600236126,5.4,11.906838624338624,20.581060606060607,8.674221981721981,False,0.2,hospital_corridor,28,12,"[11, 29, 47, 53, 61, 73, 89, 97, 101, 109]","[3.6743030696714944, 2.667947604921811, 0.9565194336770547, 0.5, 1.0]","{""time"": 1.0, ""collisions"": 0.05, ""congestion"": 1.0, ""fairness"": 2.0, ""incomplete_base"": 1000.0, ""incomplete_agent"": 10.0}","[79.9439393939394, 49.991823308270675, 52.24540117416831, 45.91252081252082, 48.793877551020415, 1135.7497037037037, 72.16356107660455, 64.73592814371257, 1143.032974025974, 61.04688644688645]","[30.8, 30.400000000000002, 29.200000000000003, 28.6, 29.400000000000002, 100.0, 34.5, 33.4, 100.0, 31.200000000000003]"
ga,2,59,1067.8043112145986,38.71,169.6,1.5688133791008203,5.4,12.082857142857142,21.10560606060606,9.022748917748919,False,0.1,hospital_corridor,28,12,"[11, 29, 47, 53, 61, 73, 89, 97, 101, 109]","[3.413596357020347, 2.8279898912118986, 0.9246573245479999, 0.5, 1.0]","{""time"": 1.0, ""collisions"": 0.05, ""congestion"": 1.0, ""fairness"": 2.0, ""incomplete_base"": 1000.0, ""incomplete_agent"": 10.0}","[86.84675785207702, 49.89827694235589, 50.091890134893546, 56.614387031408306, 48.47863534675615, 56.82832512315271, 70.55279146141216, 60.82484008528785, 1137.5073116883118, 60.399896480331265]","[37.6, 30.400000000000002, 29.3, 28.200000000000003, 29.8, 29.0, 34.800000000000004, 33.5, 100.0, 34.5]"
ga,3,0,55.48981726169591,31.619999999999997,67.5,1.8567220236006716,5.5,12.119285714285715,21.438333333333336,9.31904761904762,True,0.0,hospital_corridor,28,12,"[11, 29, 47, 53, 61, 73, 89, 97, 101, 109]","[3.9175275295769714, 4.494314295685709, 0.8852935978387342, 0.5, 1.0]","{""time"": 1.0, ""collisions"": 0.05, ""congestion"": 1.0, ""fairness"": 2.0, ""incomplete_base"": 1000.0, ""incomplete_agent"": 10.0}","[62.589025077486625, 64.41942053930006, 49.53502716522851, 51.219855000823856, 43.429060665362044, 51.166364855801476, 61.27916666666667, 53.86675824175825, 62.63022186147187, 54.76327254305977]","[33.800000000000004, 33.2, 29.8, 28.900000000000002, 29.200000000000003, 28.400000000000002, 33.6, 31.200000000000003, 35.2, 32.9]"
ga,3,1,57.218084995140806,33.6,36.4,1.7723707094265155,5.3,12.594642857142857,22.6075,10.012857142857143,True,0.0,hospital_corridor,28,12,"[11, 29, 47, 53, 61, 73, 89, 97, 101, 109]","[3.9464305907521444, 4.873446119915254, 0.9362772488144648, 0.5, 1.0]","{""time"": 1.0, ""collisions"": 0.05, ""congestion"": 1.0, ""fairness"": 2.0, ""incomplete_base"": 1000.0, ""incomplete_agent"": 10.0}","[60.23552330022918, 51.859478313618446, 52.783734087694484, 55.502205667543095, 67.4999831138129, 50.43414634146342, 59.94495412844037, 69.5577632045374, 51.01781609195402, 53.34524570211471]","[37.4, 31.400000000000002, 30.3, 32.6, 42.300000000000004, 28.700000000000003, 32.7, 40.300000000000004, 29.0, 31.3]"
ga,3,2,1073.1245389639737,42.870000000000005,39.6,1.933101235036015,5.0,13.332197802197806,23.50291666666667,10.170718864468864,False,0.6,hospital_corridor,28,12,"[11, 29, 47, 53, 61, 73, 89, 97, 101, 109]","[3.052460576959001, 4.252273244470796, 0.9136837920474427, 0.5, 1.0]","{""time"": 1.0, ""collisions"": 0.05, ""congestion"": 1.0, ""fairness"": 2.0, ""incomplete_base"": 1000.0, ""incomplete_agent"": 10.0}","[75.21443452380953, 49.94394213381555, 52.935064935064936, 66.75487316421896, 1177.0036153846154, 60.640861134873106, 65.77166085946574, 68.36387163561076, 57.98373253493014, 56.63333333333334]","[44.800000000000004, 31.6, 30.8, 42.800000000000004, 100.0, 33.4, 36.9, 41.400000000000006, 33.4, 33.6]"
ga,3,3,62.55849509812154,35.010000000000005,127.1,1.7589712885977211,5.2,13.21607142857143,22.933333333333334,9.717261904761905,True,0.0,hospital_corridor,28,12,"[11, 29, 47, 53, 61, 73, 89, 97, 101, 109]","[3.2928619445904617, 3.6024676503444977, 0.8929604737252582, 0.5, 1.0]","{""time"": 1.0, ""collisions"": 0.05, ""congestion"": 1.0, ""fairness"": 2.0, ""incomplete_base"": 1000.0, ""incomplete_agent"": 10.0}","[85.03539642557277, 71.74511904761906, 52.70408163265307, 58.97727272727273, 44.62571428571429, 52.71912972085386, 70.17448122825957, 78.6251026272578, 53.303748231966054, 57.67490505404616]","[39.7, 40.0, 29.400000000000002, 33.0, 30.0, 29.0, 39.7, 46.400000000000006, 30.3, 32.6]"
ga,3,4,1177.5096489803273,100.0,121.4,0.501,4.7,12.828584600745472,22.797909090909094,9.969324490163622,False,5.1,hospital_corridor,28,12,"[11, 29, 47, 53, 61, 73, 89, 97, 101, 109]","[3.5771038373781034, 3.105022845378929, 1.1454987809675947, 0.5, 1.0]","{""time"": 1.0, ""collisions"": 0.05, ""congestion"": 1.0, ""fairness"": 2.0, ""incomplete_base"": 1000.0, ""incomplete_agent"": 10.0}","[1179.8896666666667, 1182.7772424242423, 1190.1689565217391, 1177.8013939393938, 1196.4014675324674, 1166.914, 1148.1837142857144, 1178.8106296296296, 1184.8291111111112, 1169.3203076923078]","[100.0, 100.0, 100.0, 100.0, 100.0, 100.0, 100.0, 100.0, 100.0, 100.0]"
ga,3,5,62.714588985653236,31.410000000000004,221.4,1.8086366047008504,5.5,12.210357142857145,21.42333333333334,9.21297619047619,True,0.0,hospital_corridor,28,12,"[11, 29, 47, 53, 61, 73, 89, 97, 101, 109]","[3.3745956860587247, 2.793448306925823, 0.9040415341785818, 0.5, 1.0]","{""time"": 1.0, ""collisions"": 0.05, ""congestion"": 1.0, ""fairness"": 2.0, ""incomplete_base"": 1000.0, ""incomplete_agent"": 10.0}","[89.19746328437918, 50.26942479962282, 56.64744839915488, 62.06042692939245, 47.93320719016083, 54.46387520525451, 67.0267507002801, 79.65983102918588, 58.44804839968775, 61.43941391941392]","[32.1, 30.3, 29.3, 29.0, 30.200000000000003, 29.0, 34.0, 37.2, 30.5, 32.5]"
ga,3,6,60.59392930467891,33.510000000000005,124.4,1.7020245427741387,5.3,12.818214285714287,22.399166666666666,9.58095238095238,True,0.0,hospital_corridor,28,12,"[11, 29, 47, 53, 61, 73, 89, 97, 101, 109]","[3.028892156388039, 2.905645322038851, 0.9392194626416781, 0.5, 1.0]","{""time"": 1.0, ""collisions"": 0.05, ""congestion"": 1.0, ""fairness"": 2.0, ""incomplete_base"": 1000.0, ""incomplete_agent"": 10.0}","[87.53333333333335, 50.53594470046083, 55.371988795518206, 49.78070607553367, 40.26168831168832, 59.81204481792718, 74.57244897959184, 70.00309973045822, 58.22577639751553, 59.84226190476191]","[42.0, 31.0, 30.6, 29.0, 26.400000000000002, 34.0, 39.2, 37.1, 32.2, 33.6]"
ga,3,7,69.89628552048227,29.020000000000003,434.3,1.8303331395298872,5.2,11.070357142857144,19.735833333333336,8.66547619047619,True,0.0,hospital_corridor,28,12,"[11, 29, 47, 53, 61, 73, 89, 97, 101, 109]","[4.266373386056083, 2.2594422828674805, 0.943664851018029, 0.5, 1.0]","{""time"": 1.0, ""collisions"": 0.05, ""congestion"": 1.0, ""fairness"": 2.0, ""incomplete_base"": 1000.0, ""incomplete_agent"": 10.0}","[109.01318681318682, 75.92077341003515, 57.40993031358886, 61.64251449657354, 53.28947284599458, 58.56156583629894, 74.33506493506495, 77.65847681091981, 70.48271889400922, 60.64915084915086]","[28.6, 29.8, 28.700000000000003, 27.1, 29.900000000000002, 28.1, 30.8, 30.700000000000003, 27.900000000000002, 28.6]"
ga,3,8,57.4302874409121,33.72,52.7,1.833620774245437,5.2,13.0875,22.708333333333336,9.620833333333334,True,0.0,hospital_corridor,28,12,"[11, 29, 47, 53, 61, 73, 89, 97, 101, 109]","[3.201729468412572, 3.7832986624115796, 0.9205823123177058, 0.5, 1.0]","{""time"": 1.0, ""collisions"": 0.05, ""congestion"": 1.0, ""fairness"": 2.0, ""incomplete_base"": 1000.0, ""incomplete_agent"": 10.0}","[76.57657384987894, 47.735426144980295, 51.87746512746513, 49.19736842105264, 40.613063063063066, 52.972679993499106, 68.25036630036631, 74.81622746185855, 55.776153846153846, 56.48755020080322]","[47.2, 31.400000000000002, 29.700000000000003, 30.400000000000002, 25.900000000000002, 29.3, 36.4, 41.2, 32.5, 33.2]"
ga,3,9,65.6016948331152,32.04,253.9,1.8345519759723536,5.4,12.09142857142857,21.607499999999998,9.51607142857143,True,0.0,hospital_corridor,28,12,"[11, 29, 47, 53, 61, 73, 89, 97, 101, 109]","[3.295598554210149, 3.937551401089248, 0.8014992791938865, 0.5, 1.0]","{""time"": 1.0, ""collisions"": 0.05, ""congestion"": 1.0, ""fairness"": 2.0, ""incomplete_base"": 1000.0, ""incomplete_agent"": 10.0}","[86.45504439063761, 61.02657049790601, 57.51420445311231, 85.01492184660125, 49.794217687074834, 53.91261650567701, 65.91946169772257, 79.24351529229577, 59.27509652509653, 57.86129943502824]","[35.4, 30.700000000000003, 29.3, 39.300000000000004, 29.400000000000002, 28.1, 32.2, 36.9, 29.6, 29.5]"
ga,3,10,60.1552653029719,38.230000000000004,14.9,1.534312922019519,4.9,14.122857142857143,23.945833333333333,9.822976190476192,True,0.0,hospital_corridor,28,12,"[11, 29, 47, 53, 61, 73, 89, 97, 101, 109]","[3.122534232867801, 4.428178710577463, 0.9660714839593584, 0.5, 1.0]","{""time"": 1.0, ""collisions"": 0.05, ""congestion"": 1.0, ""fairness"": 2.0, ""incomplete_base"": 1000.0, ""incomplete_agent"": 10.0}","[59.5466631041444, 57.55339412360689, 51.79895833333333, 55.02574525745258, 38.973544973544975, 59.00725760183592, 64.83547429581913, 80.81391711496315, 68.6016106442577, 65.39608758076095]","[40.1, 47.0, 32.0, 36.9, 27.0, 33.2, 37.7, 47.800000000000004, 40.800000000000004, 39.800000000000004]"
ga,3,11,55.31778562273889,32.61,45.8,1.906357051310319,5.5,12.571785714285713,21.8275,9.255714285714287,True,0.0,hospital_corridor,28,12,"[11, 29, 47, 53, 61, 73, 89, 97, 101, 109]","[3.912964046555037, 5.0, 0.8937052972400492, 0.5, 1.0]","{""time"": 1.0, ""collisions"": 0.05, ""congestion"": 1.0, ""fairness"": 2.0, ""incomplete_base"": 1000.0, ""incomplete_agent"": 10.0}","[68.03257839721255, 64.67131667288325, 51.86210112911144, 49.60375302663438, 45.48626126126127, 51.143406593406596, 59.94914809960682, 56.75620389000671, 50.404951392321635, 55.268135764944276]","[41.0, 38.300000000000004, 29.1, 29.5, 29.6, 28.6, 32.7, 35.5, 28.900000000000002, 32.9]"
ga,3,12,62.43491812957909,31.619999999999997,194.9,1.9144419391028986,5.7,12.113928571428572,21.69166666666667,9.577738095238095,True,0.0,hospital_corridor,28,12,"[11, 29, 47, 53, 61, 73, 89, 97, 101, 109]","[3.9659074671660677, 3.5661793459697932, 0.8900558139534196, 0.5, 1.0]","{""time"": 1.0, ""collisions"": 0.05, ""congestion"": 1.0, ""fairness"": 2.0, ""incomplete_base"": 1000.0, ""incomplete_agent"": 10.0}","[83.48333333333333, 64.78871794871795, 57.691071428571426, 65.28427672955975, 47.38047454275828, 52.68524826300627, 65.08754355400697, 63.952380952380956, 65.0286765810425, 58.96745796241345]","[36.4, 32.5, 28.8, 31.8, 28.900000000000002, 28.1, 32.800000000000004, 31.5, 31.700000000000003, 33.7]"
ga,3,13,1218.4782354390588,100.0,58.6,0.43979999999999997,3.9,13.168380765319094,24.222598484848486,11.054217719529392,False,9.3,hospital_corridor,28,12,"[11, 29, 47, 53, 61, 73, 89, 97, 101, 109]","[3.5166623838398774, 3.4882305840070664, 1.281806263307416, 0.5, 1.0]","{""time"": 1.0, ""collisions"": 0.05, ""congestion"": 1.0, ""fairness"": 2.0, ""incomplete_base"": 1000.0, ""incomplete_agent"": 10.0}","[1190.5296996047432, 1263.2178787878788, 1190.5816666666667, 1241.6247426900584, 1225.478052631579, 1195.2856666666667, 1197.3068695652173, 1211.849, 1181.0768888888888, 1287.831888888889]","[100.0, 100.0, 100.0, 100.0, 100.0, 100.0, 100.0, 100.0, 100.0, 100.0]"
ga,3,14,209.7440191041646,31.78,3133.4,1.993781008926513,6.0,12.203214285714285,21.85333333333333,9.650119047619047,True,0.0,hospital_corridor,28,12,"[11, 29, 47, 53, 61, 73, 89, 97, 101, 109]","[2.9575338573668652, 4.231869986241878, 0.6199855986206543, 0.5, 1.0]","{""time"": 1.0, ""collisions"": 0.05, ""congestion"": 1.0, ""fairness"": 2.0, ""incomplete_base"": 1000.0, ""incomplete_agent"": 10.0}","[233.02559523809524, 232.31962552011098, 161.16686844229218, 255.19655677655678, 176.24387048937226, 168.83553507424475, 239.1104037267081, 257.40194805194807, 189.79999999999998, 184.33978772231785]","[33.6, 30.900000000000002, 29.5, 32.5, 28.900000000000002, 27.900000000000002, 36.800000000000004, 33.0, 31.5, 33.2]"
ga,3,15,60.069596773013444,32.779999999999994,148.0,1.7193586777753562,5.4,12.103214285714285,21.188333333333333,9.085119047619049,True,0.0,hospital_corridor,28,12,"[11, 29, 47, 53, 61, 73, 89, 97, 101, 109]","[3.1231450699543113, 3.329999995932405, 0.8287057241945824, 0.5, 1.0]","{""time"": 1.0, ""collisions"": 0.05, ""congestion"": 1.0, ""fairness"": 2.0, ""incomplete_base"": 1000.0, ""incomplete_agent"": 10.0}","[83.37505814665198, 50.79756475880255, 52.015218790218796, 65.15583822570125, 42.96150639244025, 52.83598351001178, 64.98801609286375, 63.31904761904762, 68.74400377714827, 56.503730417248335]","[38.900000000000006, 30.700000000000003, 29.6, 36.5, 25.700000000000003, 28.3, 36.1, 36.0, 35.300000000000004, 30.700000000000003]"
ga,3,16,1088.7012686988062,51.160000000000004,23.2,1.5043639369013884,4.8,14.175952380952381,25.11440476190477,10.93845238095238,False,1.3,hospital_corridor,28,12,"[11, 29, 47, 53, 61, 73, 89, 97, 101, 109]","[2.6150437275947267, 3.996217683290665, 0.9659779686548837, 0.5, 1.0]","{""time"": 1.0, ""collisions"": 0.05, ""congestion"": 1.0, ""fairness"": 2.0, ""incomplete_base"": 1000.0, ""incomplete_agent"": 10.0}","[1207.604761904762, 1160.326, 62.57220921155348, 55.86201298701299, 43.04809523809524, 59.99662921348315, 73.65492610837438, 86.58116705698674, 59.777118297175605, 77.58976697061803]","[100.0, 100.0, 36.6, 35.2, 30.0, 35.6, 43.5, 48.800000000000004, 34.9, 47.0]"
ga,3,17,62.431590018492216,37.42,29.0,1.6320662089683975,5.5,13.258571428571429,24.223333333333336,10.964761904761906,True,0.0,hospital_corridor,28,12,"[11, 29, 47, 53, 61, 73, 89, 97, 101, 109]","[2.8107975647254353, 4.129076411993725, 0.9078286158215529, 0.5, 1.0]","{""time"": 1.0, ""collisions"": 0.05, ""congestion"": 1.0, ""fairness"": 2.0, ""incomplete_base"": 1000.0, ""incomplete_agent"": 10.0}","[78.18364699173082, 53.98444782168187, 54.88752730449979, 71.64189270644968, 40.06027568922306, 60.91726190476191, 68.15739348370928, 75.52347966894567, 56.238299737072744, 64.72167487684729]","[50.1, 32.9, 32.7, 47.400000000000006, 26.6, 33.6, 38.0, 39.7, 32.6, 40.6]"
ga,3,18,54.95942406651909,33.080000000000005,44.9,1.7272812093762326,5.1,12.976428571428574,21.93,8.953571428571431,True,0.0,hospital_corridor,28,12,"[11, 29, 47, 53, 61, 73, 89, 97, 101, 109]","[3.3356420424815214, 3.999449447198067, 0.932323109830893, 0.5, 1.0]","{""time"": 1.0, ""collisions"": 0.05, ""congestion"": 1.0, ""fairness"": 2.0, ""incomplete_base"": 1000.0, ""incomplete_agent"": 10.0}","[67.71904761904761, 49.31676798378926, 49.88143500643501, 47.98861788617887, 41.607900432900436, 50.928173248821714, 62.71048151104018, 62.69192799070848, 62.499523809523815, 54.25036517674555]","[39.5, 32.9, 29.6, 28.700000000000003, 26.400000000000002, 29.3, 35.800000000000004, 41.0, 35.0, 32.6]"
ga,3,19,56.87490701266982,33.480000000000004,49.6,1.8034784412412463,5.3,12.661785714285717,22.2175,9.555714285714286,True,0.0,hospital_corridor,28,12,"[11, 29, 47, 53, 61, 73, 89, 97, 101, 109]","[3.2539765686960207, 4.2377078770583205, 0.8943768732811699, 0.5, 1.0]","{""time"": 1.0, ""collisions"": 0.05, ""congestion"": 1.0, ""fairness"": 2.0, ""incomplete_base"": 1000.0, ""incomplete_agent"": 10.0}","[70.3540521978022, 51.156523361695776, 51.56743864781407, 52.43289601554908, 38.493040293040295, 51.86192068800765, 64.03243280120071, 74.54696223316913, 59.04263172724711, 55.26117216117217]","[41.6, 31.900000000000002, 29.3, 34.300000000000004, 26.0, 29.900000000000002, 34.9, 40.6, 33.800000000000004, 32.5]"
ga,3,20,59.534281633558656,35.75,39.7,1.7392816335586527,5.0,13.305000000000001,23.335,10.030000000000001,True,0.0,hospital_corridor,28,12,"[11, 29, 47, 53, 61, 73, 89, 97, 101, 109]","[2.900128093990188, 4.118825407555318, 0.9038414312498926, 0.5, 1.0]","{""time"": 1.0, ""collisions"": 0.05, ""congestion"": 1.0, ""fairness"": 2.0, ""incomplete_base"": 1000.0, ""incomplete_agent"": 10.0}","[79.9025625504439, 51.07823971693942, 52.97061403508772, 55.32278531524342, 40.037881219903696, 55.3170260557053, 66.08278050006282, 75.40286964427779, 57.05359160613398, 62.174465691788534]","[47.2, 32.300000000000004, 30.400000000000002, 35.800000000000004, 26.700000000000003, 31.8, 37.9, 41.900000000000006, 35.4, 38.1]"
ga,3,21,62.181070603978725,37.71,27.4,1.6505944135025394,5.1,13.53892857142857,24.264166666666668,10.725238095238094,True,0.0,hospital_corridor,28,12,"[11, 29, 47, 53, 61, 73, 89, 97, 101, 109]","[2.986418654148586, 4.0338897130455305, 0.9329135546849265, 0.5, 1.0]","{""time"": 1.0, ""collisions"": 0.05, ""congestion"": 1.0, ""fairness"": 2.0, ""incomplete_base"": 1000.0, ""incomplete_agent"": 10.0}","[64.02919486996794, 89.44761045212309, 52.355494505494505, 57.24480179506358, 48.60714285714286, 53.431741024485504, 67.3767619047619, 64.49318268862505, 59.57424684159379, 65.2505291005291]","[40.1, 55.400000000000006, 31.200000000000003, 38.2, 33.6, 31.700000000000003, 37.5, 37.300000000000004, 34.300000000000004, 37.800000000000004]"
ga,3,22,1173.987272908573,100.0,117.7,0.5298999999999999,4.4,13.81313172753173,25.599318181818184,11.786186454286455,False,4.4,hospital_corridor,28,12,"[11, 29, 47, 53, 61, 73, 89, 97, 101, 109]","[2.776632479846324, 2.530500723875842, 1.1220881184312526, 0.5, 1.0]","{""time"": 1.0, ""collisions"": 0.05, ""congestion"": 1.0, ""fairness"": 2.0, ""incomplete_base"": 1000.0, ""incomplete_agent"": 10.0}","[1171.4743333333333, 1223.751888888889, 1175.627, 1190.8394242424242, 1176.3079696969696, 1188.6427272727274, 1150.3515641025642, 1145.9114814814816, 1143.5086734006734, 1173.4576666666667]","[100.0, 100.0, 100.0, 100.0, 100.0, 100.0, 100.0, 100.0, 100.0, 100.0]"
ga,3,23,70.93138042303866,33.400000000000006,345.2,1.705189946848181,5.4,12.428571428571427,21.71166666666667,9.283095238095239,True,0.0,hospital_corridor,28,12,"[11, 29, 47, 53, 61, 73, 89, 97, 101, 109]","[2.7445029543588086, 3.18707728192182, 0.7856141161581492, 0.5, 1.0]","{""time"": 1.0, ""collisions"": 0.05, ""congestion"": 1.0, ""fairness"": 2.0, ""incomplete_base"": 1000.0, ""incomplete_agent"": 10.0}","[92.86056808688387, 56.531322237632914, 59.9694695599759, 90.95668337510443, 55.99430351579884, 63.487175860443195, 76.45566770186336, 82.25911661576745, 66.46551459293396, 64.33398268398268]","[34.2, 30.900000000000002, 31.6, 34.2, 32.1, 30.3, 36.800000000000004, 42.1, 31.0, 30.8]"
ga,3,24,57.63395115427477,33.92,73.4,1.784189249512859,5.4,13.151785714285714,22.281666666666666,9.129880952380953,True,0.0,hospital_corridor,28,12,"[11, 29, 47, 53, 61, 73, 89, 97, 101, 109]","[3.078150776226781, 4.258950879136674, 0.8639479516079032, 0.5, 1.0]","{""time"": 1.0, ""collisions"": 0.05, ""congestion"": 1.0, ""fairness"": 2.0, ""incomplete_base"": 1000.0, ""incomplete_agent"": 10.0}","[62.68857949959644, 60.353963820164935, 51.57138875617137, 61.701218450826815, 45.943722943722946, 51.4406971035837, 62.726190476190474, 65.91361607142858, 56.31335403726709, 57.68678038379531]","[35.4, 35.800000000000004, 29.900000000000002, 38.300000000000004, 29.700000000000003, 29.1, 36.9, 38.400000000000006, 32.2, 33.5]"
ga,3,25,1072.7288154078276,43.96000000000001,24.6,1.775616384628492,4.7,13.463956043956046,23.845555555555556,10.38159951159951,False,0.5,hospital_corridor,28,12,"[11, 29, 47, 53, 61, 73, 89, 97, 101, 109]","[3.027302002350203, 4.205003592619554, 0.9384374605631712, 0.5, 1.0]","{""time"": 1.0, ""collisions"": 0.05, ""congestion"": 1.0, ""fairness"": 2.0, ""incomplete_base"": 1000.0, ""incomplete_agent"": 10.0}","[73.20068962045706, 51.53906525573191, 53.01783439490447, 1171.1950854700854, 39.63354978354978, 55.68064182194618, 74.80793479378792, 90.36918631530283, 60.76153273809525, 57.0826338844143]","[47.300000000000004, 32.4, 31.400000000000002, 100.0, 26.400000000000002, 32.2, 46.300000000000004, 51.5, 38.400000000000006, 33.7]"
ga,3,26,58.04606740325199,33.28000000000001,83.3,1.8494007365853136,5.9,12.632499999999999,22.008333333333336,9.375833333333333,True,0.0,hospital_corridor,28,12,"[11, 29, 47, 53, 61, 73, 89, 97, 101, 109]","[3.1032298212533043, 3.9979880380285064, 0.8471464058638543, 0.5, 1.0]","{""time"": 1.0, ""collisions"": 0.05, ""congestion"": 1.0, ""fairness"": 2.0, ""incomplete_base"": 1000.0, ""incomplete_agent"": 10.0}","[71.98263646922183, 65.06774360970547, 51.85556088207095, 50.34933906673037, 45.26904761904762, 53.08077360637088, 70.59169435215946, 60.87997895290713, 54.75253708040593, 56.63136239390016]","[41.0, 36.7, 29.8, 29.900000000000002, 27.6, 29.3, 38.7, 36.2, 30.5, 33.1]"
ga,3,27,59.67608253155265,31.129999999999995,161.6,1.8163206267907566,5.7,11.909285714285714,21.234166666666667,9.324880952380951,True,0.0,hospital_corridor,28,12,"[11, 29, 47, 53, 61, 73, 89, 97, 101, 109]","[3.6055175202235, 3.3207588691317995, 0.8716590358230172, 0.5, 1.0]","{""time"": 1.0, ""collisions"": 0.05, ""congestion"": 1.0, ""fairness"": 2.0, ""incomplete_base"": 1000.0, ""incomplete_agent"": 10.0}","[82.71313980137509, 67.6853090172239, 52.193863524791354, 54.8099474665311, 49.571737363887536, 52.42247181558136, 66.69659090909092, 59.74365329728106, 56.66904761904762, 54.25506450071668]","[37.4, 32.9, 29.1, 28.1, 29.3, 28.3, 35.2, 31.700000000000003, 29.400000000000002, 29.900000000000002]"
ga,3,28,74.69402253245926,29.03,517.1,1.7964034848402033,5.2,10.820357142857144,19.826666666666664,9.006309523809524,True,0.0,hospital_corridor,28,12,"[11, 29, 47, 53, 61, 73, 89, 97, 101, 109]","[4.224964737299441, 2.2753630078470093, 0.8499024528312172, 0.5, 1.0]","{""time"": 1.0, ""collisions"": 0.05, ""congestion"": 1.0, ""fairness"": 2.0, ""incomplete_base"": 1000.0, ""incomplete_agent"": 10.0}","[112.1290658755515, 71.41174055829228, 54.97034632034632, 68.03882783882784, 56.26184668989547, 61.63687869308307, 80.33003663003663, 95.54180739388407, 80.64705627705628, 65.97261904761905]","[31.3, 29.0, 28.6, 27.3, 28.700000000000003, 27.400000000000002, 31.200000000000003, 31.3, 27.5, 28.0]"
ga,3,29,58.4693582786222,34.22,67.2,1.843643992907919,5.5,13.227142857142857,22.75,9.522857142857141,True,0.0,hospital_corridor,28,12,"[11, 29, 47, 53, 61, 73, 89, 97, 101, 109]","[3.177190227927716, 3.81937760083097, 0.9040273745626242, 0.5, 1.0]","{""time"": 1.0, ""collisions"": 0.05, ""congestion"": 1.0, ""fairness"": 2.0, ""incomplete_base"": 1000.0, ""incomplete_agent"": 10.0}","[68.6029761904762, 48.83060357901123, 52.314575289575295, 51.99661654135339, 43.70914696813978, 52.30596868884541, 71.69017931362072, 70.04201228878648, 59.1843973011548, 66.0171066252588]","[36.800000000000004, 31.400000000000002, 29.6, 30.400000000000002, 27.8, 29.200000000000003, 40.1, 43.400000000000006, 36.7, 36.800000000000004]"
ga,3,30,1125.282613688074,66.94999999999999,293.7,0.9763834812437218,5.1,11.443475805675806,21.27909090909091,9.835615103415103,False,2.3,hospital_corridor,28,12,"[11, 29, 47, 53, 61, 73, 89, 97, 101, 109]","[3.6500628502544097, 2.25766645634648, 1.0632471335939335, 0.5, 1.0]","{""time"": 1.0, ""collisions"": 0.05, ""congestion"": 1.0, ""fairness"": 2.0, ""incomplete_base"": 1000.0, ""incomplete_agent"": 10.0}","[96.74834791059281, 1187.5238787878789, 1140.1551245791245, 1160.1896666666667, 1189.8012727272728, 1171.4904545454547, 104.16689895470381, 71.69069264069265, 67.7593671679198, 63.30043290043291]","[34.300000000000004, 100.0, 100.0, 100.0, 100.0, 100.0, 41.0, 33.0, 30.400000000000002, 30.8]"
ga,3,31,1095.786979305618,62.25,65.1,1.1593053129439386,5.0,13.246163003663005,22.8075,9.561336996336996,False,1.0,hospital_corridor,28,12,"[11, 29, 47, 53, 61, 73, 89, 97, 101, 109]","[3.256955768686946, 3.659287304352936, 1.0106147748647583, 0.5, 1.0]","{""time"": 1.0, ""collisions"": 0.05, ""congestion"": 1.0, ""fairness"": 2.0, ""incomplete_base"": 1000.0, ""incomplete_agent"": 10.0}","[74.30649194929771, 1161.4603333333334, 53.09110512129379, 1135.912717948718, 1133.1347692307693, 58.51677740863788, 1151.5325384615385, 64.85328185328186, 59.09469273743017, 65.96708501187894]","[41.7, 100.0, 31.8, 100.0, 100.0, 30.1, 100.0, 37.0, 35.800000000000004, 46.1]"
ga,3,32,1109.083167697654,51.260000000000005,612.6,1.234785061771516,5.1,10.701263227513229,19.680454545454545,8.979191317941318,False,0.8,hospital_corridor,28,12,"[11, 29, 47, 53, 61, 73, 89, 97, 101, 109]","[4.527132277237627, 1.3888852625189523, 1.7782590930160282, 0.5, 1.0]","{""time"": 1.0, ""collisions"": 0.05, ""congestion"": 1.0, ""fairness"": 2.0, ""incomplete_base"": 1000.0, ""incomplete_agent"": 10.0}","[96.20428571428572, 1181.1726666666666, 1160.4183501683501, 71.95231143552311, 66.2904458598726, 1163.5933333333332, 91.70757575757575, 92.74661172161171, 82.86632653061226, 83.87976978871019]","[30.0, 100.0, 100.0, 27.400000000000002, 31.400000000000002, 100.0, 33.0, 31.200000000000003, 29.400000000000002, 30.200000000000003]"
ga,3,33,1233.0530330751121,100.0,10.8,0.4868,3.8,14.663082957393485,25.676199494949497,11.013116537556012,False,11.0,hospital_corridor,28,12,"[11, 29, 47, 53, 61, 73, 89, 97, 101, 109]","[3.461492358202093, 4.644132355915814, 1.279412564639608, 0.5, 1.0]","{""time"": 1.0, ""collisions"": 0.05, ""congestion"": 1.0, ""fairness"": 2.0, ""incomplete_base"": 1000.0, ""incomplete_agent"": 10.0}","[1195.736683982684, 1275.6262424242425, 1223.8126031746033, 1240.4584736842105, 1246.948105263158, 1198.3, 1196.546, 1230.963, 1182.2872222222222, 1339.852]","[100.0, 100.0, 100.0, 100.0, 100.0, 100.0, 100.0, 100.0, 100.0, 100.0]"
ga,3,34,1134.740533329296,81.60999999999999,127.1,0.7480057827686231,5.0,12.615902893402893,22.62966666666667,10.013763773263774,False,2.6,hospital_corridor,28,12,"[11, 29, 47, 53, 61, 73, 89, 97, 101, 109]","[3.517435818727455, 2.915120436662134, 1.0928005761024366, 0.5, 1.0]","{""time"": 1.0, ""collisions"": 0.05, ""congestion"": 1.0, ""fairness"": 2.0, ""incomplete_base"": 1000.0, ""incomplete_agent"": 10.0}","[1179.3856666666666, 1182.0232727272728, 1129.7616666666668, 1157.198, 1175.6868484848485, 1141.678037037037, 77.16773399014778, 77.20495333811917, 62.461846689895474, 1164.8373076923076]","[100.0, 100.0, 100.0, 100.0, 100.0, 100.0, 43.5, 39.800000000000004, 32.800000000000004, 100.0]"
ga,3,35,1192.3025243926008,100.0,31.4,0.5357000000000001,4.2,13.953804975416741,26.552217171717178,12.598412196300433,False,6.5,hospital_corridor,28,12,"[11, 29, 47, 53, 61, 73, 89, 97, 101, 109]","[3.099943499854784, 3.769409005542924, 1.1263701451606398, 0.5, 1.0]","{""time"": 1.0, ""collisions"": 0.05, ""congestion"": 1.0, ""fairness"": 2.0, ""incomplete_base"": 1000.0, ""incomplete_agent"": 10.0}","[1187.8471515151516, 1256.7814705882354, 1172.645, 1197.1807359307359, 1209.9995454545456, 1161.951909090909, 1171.7944545454545, 1162.0398571428573, 1159.9352307692307, 1242.849888888889]","[100.0, 100.0, 100.0, 100.0, 100.0, 100.0, 100.0, 100.0, 100.0, 100.0]"
ga,3,36,67.47954794464432,34.43,235.1,1.726690801787176,5.4,12.883571428571429,22.6675,9.783928571428572,True,0.0,hospital_corridor,28,12,"[11, 29, 47, 53, 61, 73, 89, 97, 101, 109]","[2.5053478617026697, 2.759523608720921, 0.8160926623112976, 0.5, 1.0]","{""time"": 1.0, ""collisions"": 0.05, ""congestion"": 1.0, ""fairness"": 2.0, ""incomplete_base"": 1000.0, ""incomplete_agent"": 10.0}","[74.5204433497537, 54.12704576976422, 62.94345774345775, 65.90652173913044, 57.872167487684735, 76.49227313566936, 76.79860535243122, 69.04951606658923, 67.50266491917868, 69.58278388278389]","[34.800000000000004, 30.900000000000002, 33.300000000000004, 32.2, 34.800000000000004, 31.8, 37.9, 36.9, 32.7, 39.0]"
ga,3,37,67.20754818228446,31.82,296.6,1.7308815156177828,5.4,12.02,21.433333333333337,9.413333333333334,True,0.0,hospital_corridor,28,12,"[11, 29, 47, 53, 61, 73, 89, 97, 101, 109]","[3.495287261899296, 2.537809162905365, 0.918166685323376, 0.5, 1.0]","{""time"": 1.0, ""collisions"": 0.05, ""congestion"": 1.0, ""fairness"": 2.0, ""incomplete_base"": 1000.0, ""incomplete_agent"": 10.0}","[90.47892752408882, 50.40343740145065, 56.59435746901501, 81.61028075970272, 57.672294372294374, 57.01617405582923, 72.40166244012399, 83.75192616372392, 63.074761904761914, 59.07165973185391]","[34.1, 30.200000000000003, 29.200000000000003, 34.6, 30.8, 29.0, 33.800000000000004, 35.6, 30.0, 30.900000000000002]"
ga,3,38,1166.3421184519184,93.5,121.7,0.6120285714285714,4.6,13.428333847633848,25.50087878787879,12.072544940244942,False,4.2,hospital_corridor,28,12,"[11, 29, 47, 53, 61, 73, 89, 97, 101, 109]","[2.8004205067951946, 2.455314683279759, 1.1058880046823196, 0.5, 1.0]","{""time"": 1.0, ""collisions"": 0.05, ""congestion"": 1.0, ""fairness"": 2.0, ""incomplete_base"": 1000.0, ""incomplete_agent"": 10.0}","[1182.7263333333333, 1231.939, 1171.374, 1186.7973636363636, 1177.7211515151516, 1173.224909090909, 1154.543717948718, 1148.0108518518518, 58.02285714285714, 1179.061]","[100.0, 100.0, 100.0, 100.0, 100.0, 100.0, 100.0, 100.0, 35.0, 100.0]"
ga,3,39,1214.3559243961354,100.0,82.9,0.3935,3.9,12.931088306982872,22.33980050505051,9.408712198067633,False,9.1,hospital_corridor,28,12,"[11, 29, 47, 53, 61, 73, 89, 97, 101, 109]","[3.7035098684054497, 2.90775401440695, 1.511960510068746, 0.5, 1.0]","{""time"": 1.0, ""collisions"": 0.05, ""congestion"": 1.0, ""fairness"": 2.0, ""incomplete_base"": 1000.0, ""incomplete_agent"": 10.0}","[1181.261976284585, 1265.4055, 1190.1794444444445, 1201.0895454545455, 1214.1467777777777, 1208.976, 1200.1763333333333, 1197.108, 1216.942, 1268.2736666666667]","[100.0, 100.0, 100.0, 100.0, 100.0, 100.0, 100.0, 100.0, 100.0, 100.0]"
ga,3,40,1068.430273501697,42.56999999999999,30.4,1.5735491149726166,4.9,13.188531746031748,23.57189393939394,10.383362193362196,False,0.2,hospital_corridor,28,12,"[11, 29, 47, 53, 61, 73, 89, 97, 101, 109]","[3.696663713827905, 4.6307507753099095, 0.9603852220245485, 0.5, 1.0]","{""time"": 1.0, ""collisions"": 0.05, ""congestion"": 1.0, ""fairness"": 2.0, ""incomplete_base"": 1000.0, ""incomplete_agent"": 10.0}","[69.86935817805383, 1142.6597676767676, 64.61327561327562, 50.67190476190476, 45.13128772635815, 53.04841269841269, 86.85414078674948, 64.7718085738036, 53.15783208020051, 53.52494692144374]","[46.0, 100.0, 39.6, 30.0, 28.400000000000002, 31.5, 48.300000000000004, 40.1, 30.400000000000002, 31.400000000000002]"
ga,3,41,54.880814759165645,33.27,43.7,1.8689099972608798,5.4,13.083214285714286,21.86166666666667,8.778452380952382,True,0.0,hospital_corridor,28,12,"[11, 29, 47, 53, 61, 73, 89, 97, 101, 109]","[3.7946564711927784, 4.420479331039527, 0.9452621186887544, 0.5, 1.0]","{""time"": 1.0, ""collisions"": 0.05, ""congestion"": 1.0, ""fairness"": 2.0, ""incomplete_base"": 1000.0, ""incomplete_agent"": 10.0}","[62.9904761904762, 48.5406162464986, 51.8372852233677, 48.27238095238095, 44.852789802789815, 52.17838468720822, 67.94801178203241, 57.574103798822904, 57.47030981067126, 57.1437890974084]","[37.800000000000004, 30.6, 29.1, 30.0, 29.700000000000003, 30.6, 38.800000000000004, 35.6, 33.2, 37.300000000000004]"
ga,3,42,59.91314238706265,31.910000000000004,162.1,1.783142387062647,5.3,12.2225,21.28,9.0575,True,0.0,hospital_corridor,28,12,"[11, 29, 47, 53, 61, 73, 89, 97, 101, 109]","[3.181865646243531, 3.208636495384158, 0.8577341916540043, 0.5, 1.0]","{""time"": 1.0, ""collisions"": 0.05, ""congestion"": 1.0, ""fairness"": 2.0, ""incomplete_base"": 1000.0, ""incomplete_agent"": 10.0}","[91.39185463659148, 49.59794478051808, 53.42414965986395, 59.390933459476514, 47.200979455327285, 56.022677595628416, 63.98095238095238, 60.09770723104057, 61.586580086580085, 56.43764458464775]","[39.900000000000006, 30.700000000000003, 29.400000000000002, 30.200000000000003, 29.900000000000002, 30.5, 33.6, 32.4, 30.8, 31.700000000000003]"
ga,3,43,1204.3075945582586,36.949999999999996,2951.7,1.8547374154013767,5.9,11.911071428571429,20.37,8.458928571428572,False,0.1,hospital_corridor,28,12,"[11, 29, 47, 53, 61, 73, 89, 97, 101, 109]","[3.181865646243531, 3.997361152564981, 0.5, 0.5, 1.0]","{""time"": 1.0, ""collisions"": 0.05, ""congestion"": 1.0, ""fairness"": 2.0, ""incomplete_base"": 1000.0, ""incomplete_agent"": 10.0}","[1318.2244285714287, 191.10402298850576, 157.2584683357879, 208.2325396825397, 191.0042291042291, 150.06658930720306, 198.7570921985816, 193.55527805527805, 244.45523494165877, 190.41806239737275]","[100.0, 29.0, 29.1, 31.5, 28.6, 27.700000000000003, 32.9, 28.6, 30.200000000000003, 31.900000000000002]"
ga,3,44,1147.7027229848206,87.47,133.1,0.6687835353812002,4.4,13.002818154068155,23.457287878787877,10.454469724719726,False,3.2,hospital_corridor,28,12,"[11, 29, 47, 53, 61, 73, 89, 97, 101, 109]","[3.413596357020347, 2.8279898912118986, 1.110097498434888, 0.5, 1.0]","{""time"": 1.0, ""collisions"": 0.05, ""congestion"": 1.0, ""fairness"": 2.0, ""incomplete_base"": 1000.0, ""incomplete_agent"": 10.0}","[1176.3166666666666, 1204.8885454545455, 1148.741937062937, 1177.1605151515153, 1159.696, 1147.1841111111112, 75.0931362071013, 1152.0032857142858, 63.854032480044054, 1172.089]","[100.0, 100.0, 100.0, 100.0, 100.0, 100.0, 40.1, 100.0, 34.6, 100.0]"
ga,3,45,1079.8631472264094,36.59,457.4,1.6479091311712142,5.6,11.103214285714287,19.98083333333333,8.87761904761905,False,0.1,hospital_corridor,28,12,"[11, 29, 47, 53, 61, 73, 89, 97, 101, 109]","[4.729576518880541, 2.5166441113222744, 0.9615336457257405, 0.5, 1.0]","{""time"": 1.0, ""collisions"": 0.05, ""congestion"": 1.0, ""fairness"": 2.0, ""incomplete_base"": 1000.0, ""incomplete_agent"": 10.0}","[103.20497835497835, 71.11691297208539, 55.83923541247485, 76.05346078952027, 57.62162698412699, 56.80357142857143, 85.80252100840337, 71.5733111849391, 1144.1137142857142, 76.50213984327908]","[30.8, 29.0, 28.400000000000002, 26.900000000000002, 28.8, 28.0, 32.300000000000004, 30.1, 100.0, 31.6]"
ga,3,46,56.95419449889539,33.67,52.8,1.8084802131811066,5.4,12.904642857142857,22.322499999999998,9.417857142857141,True,0.0,hospital_corridor,28,12,"[11, 29, 47, 53, 61, 73, 89, 97, 101, 109]","[3.5741469211458967, 4.314397927991305, 0.9170510039273253, 0.5, 1.0]","{""time"": 1.0, ""collisions"": 0.05, ""congestion"": 1.0, ""fairness"": 2.0, ""incomplete_base"": 1000.0, ""incomplete_agent"": 10.0}","[67.00299219932472, 61.27945149406468, 50.501584592881514, 48.74798923102811, 45.237619047619056, 51.12619047619047, 71.7479761904762, 65.91938425755907, 52.56839826839827, 55.41035923141187]","[40.900000000000006, 34.9, 29.3, 28.3, 30.0, 29.400000000000002, 40.0, 38.900000000000006, 30.8, 34.2]"
ga,3,47,1116.5466127058685,68.7,33.3,1.187605213360994,4.9,13.802496253746256,25.799500000000002,11.99700374625375,False,2.1,hospital_corridor,28,12,"[11, 29, 47, 53, 61, 73, 89, 97, 101, 109]","[3.091845830437982, 3.9300477790737207, 1.017108973965546, 0.5, 1.0]","{""time"": 1.0, ""collisions"": 0.05, ""congestion"": 1.0, ""fairness"": 2.0, ""incomplete_base"": 1000.0, ""incomplete_agent"": 10.0}","[61.1847581552306, 1185.964, 54.50763646922184, 1160.841, 1185.5712727272728, 70.72275641025642, 1157.2522307692307, 1159.1392857142857, 56.64509157509158, 73.63809523809523]","[38.1, 100.0, 32.800000000000004, 100.0, 100.0, 41.6, 100.0, 100.0, 32.5, 42.0]"
ga,3,48,75.71764066147614,30.920000000000005,503.7,1.7121644709999484,5.4,11.791428571428572,20.741666666666667,8.950238095238095,True,0.0,hospital_corridor,28,12,"[11, 29, 47, 53, 61, 73, 89, 97, 101, 109]","[3.4574616928614805, 2.0490259889661075, 0.8849843276272449, 0.5, 1.0]","{""time"": 1.0, ""collisions"": 0.05, ""congestion"": 1.0, ""fairness"": 2.0, ""incomplete_base"": 1000.0, ""incomplete_agent"": 10.0}","[114.98282411230387, 56.610908084163896, 83.05694648993618, 73.65967524819115, 55.051700680272106, 61.38315018315019, 75.71141709695927, 79.8865800865801, 77.90990990990991, 78.92329472329473]","[34.6, 30.1, 29.1, 28.3, 29.400000000000002, 28.6, 33.2, 33.0, 29.6, 33.300000000000004]"
ga,3,49,58.81504667491683,31.72,135.9,1.832427627297783,5.5,12.165357142857143,21.399166666666666,9.233809523809523,True,0.0,hospital_corridor,28,12,"[11, 29, 47, 53, 61, 73, 89, 97, 101, 109]","[3.8155465999981533, 3.6895716307259665, 0.8852008846614922, 0.5, 1.0]","{""time"": 1.0, ""collisions"": 0.05, ""congestion"": 1.0, ""fairness"": 2.0, ""incomplete_base"": 1000.0, ""incomplete_agent"": 10.0}","[71.11174242424242, 55.75979335130279, 55.23291890134894, 60.73463611859839, 46.444991789819376, 52.29029109877167, 66.81190476190477, 63.37466892082277, 55.455875182837644, 60.93364419951958]","[35.2, 31.8, 29.3, 31.8, 29.0, 28.3, 35.0, 33.800000000000004, 29.3, 33.7]"
ga,3,50,79.15294062691805,32.36,526.6,1.688416817394249,5.5,12.446071428571429,21.833333333333332,9.387261904761903,True,0.0,hospital_corridor,28,12,"[11, 29, 47, 53, 61, 73, 89, 97, 101, 109]","[2.7265236038697855, 1.5955214224892154, 0.8885265561867188, 0.5, 1.0]","{""time"": 1.0, ""collisions"": 0.05, ""congestion"": 1.0, ""fairness"": 2.0, ""incomplete_base"": 1000.0, ""incomplete_agent"": 10.0}","[119.89642857142859, 60.54642857142858, 59.106058462989154, 87.31316619362977, 64.95049603174604, 72.86937441643325, 92.8700671391272, 79.10310559006211, 90.86239892183289, 64.01188237050306]","[36.0, 31.200000000000003, 30.3, 30.200000000000003, 28.8, 30.6, 38.300000000000004, 34.5, 31.8, 31.900000000000002]"
ga,3,51,63.25078775543804,37.63,32.3,1.8343591840094624,5.5,13.851785714285716,24.9375,11.085714285714285,True,0.0,hospital_corridor,28,12,"[11, 29, 47, 53, 61, 73, 89, 97, 101, 109]","[2.7946118303353473, 4.122056583308447, 0.9088288265260229, 0.5, 1.0]","{""time"": 1.0, ""collisions"": 0.05, ""congestion"": 1.0, ""fairness"": 2.0, ""incomplete_base"": 1000.0, ""incomplete_agent"": 10.0}","[81.39049085753399, 50.76635610766046, 54.293738977072316, 56.87886987664146, 48.99247219846021, 59.82681779298545, 66.14912967798087, 80.40179258770483, 56.77727272727273, 77.03093675106804]","[48.7, 32.2, 32.4, 35.9, 33.4, 33.4, 38.300000000000004, 43.300000000000004, 33.0, 45.7]"
ga,3,52,1242.1235409823578,100.0,6.7,0.40659999999999996,4.0,15.459819191360756,27.15078968253969,11.690970491178927,False,11.8,hospital_corridor,28,12,"[11, 29, 47, 53, 61, 73, 89, 97, 101, 109]","[2.7946118303353473, 4.122056583308447, 1.2594503225810276, 0.5, 1.0]","{""time"": 1.0, ""collisions"": 0.05, ""congestion"": 1.0, ""fairness"": 2.0, ""incomplete_base"": 1000.0, ""incomplete_agent"": 10.0}","[1223.3616315789475, 1287.3678571428572, 1241.893111111111, 1230.2793333333334, 1257.536183006536, 1205.9916666666668, 1198.3791111111111, 1276.008, 1178.5234444444445, 1321.8950714285716]","[100.0, 100.0, 100.0, 100.0, 100.0, 100.0, 100.0, 100.0, 100.0, 100.0]"
ga,3,53,1194.1086269697703,36.68,2752.8,1.8578910390343253,6.0,11.418571428571429,19.883939393939393,8.465367965367966,False,0.1,hospital_corridor,28,12,"[11, 29, 47, 53, 61, 73, 89, 97, 101, 109]","[3.459126385539685, 3.982804506583798, 0.5008726106646741, 0.5, 1.0]","{""time"": 1.0, ""collisions"": 0.05, ""congestion"": 1.0, ""fairness"": 2.0, ""incomplete_base"": 1000.0, ""incomplete_agent"": 10.0}","[1292.240025974026, 188.33706293706294, 157.95064935064934, 175.85242809995287, 180.95714285714286, 152.08878787878788, 211.85438443670154, 234.38447204968946, 166.71170634920637, 180.7096097644834]","[100.0, 28.6, 28.6, 30.3, 28.0, 27.5, 32.800000000000004, 34.5, 28.8, 27.700000000000003]"
ga,3,54,1069.667535556267,37.94,225.1,1.6131440218754864,5.3,11.842804232804232,20.7725,8.92969576719577,False,0.1,hospital_corridor,28,12,"[11, 29, 47, 53, 61, 73, 89, 97, 101, 109]","[3.738898325956916, 2.7964454066543625, 0.932030144400608, 0.5, 1.0]","{""time"": 1.0, ""collisions"": 0.05, ""congestion"": 1.0, ""fairness"": 2.0, ""incomplete_base"": 1000.0, ""incomplete_agent"": 10.0}","[94.81763793336032, 51.69191583610189, 55.52054491899854, 55.02647209421403, 50.542734413352974, 1136.5912962962964, 70.26964285714286, 62.57801372801373, 62.918604651162795, 56.71849283402682]","[35.300000000000004, 30.1, 29.1, 27.900000000000002, 29.1, 100.0, 33.6, 33.300000000000004, 30.1, 30.900000000000002]"
ga,3,55,64.85062750571339,31.68,249.7,1.754675124761007,5.3,11.805357142857144,21.270833333333336,9.465476190476192,True,0.0,hospital_corridor,28,12,"[11, 29, 47, 53, 61, 73, 89, 97, 101, 109]","[3.762721657214411, 2.8488884897755202, 0.9161780995860761, 0.5, 1.0]","{""time"": 1.0, ""collisions"": 0.05, ""congestion"": 1.0, ""fairness"": 2.0, ""incomplete_base"": 1000.0, ""incomplete_agent"": 10.0}","[94.44335954565312, 76.58450665568822, 53.64784972812655, 51.72142857142857, 48.83221574344024, 58.298155600268274, 63.38548057259713, 77.81260504201681, 68.75969547693686, 55.02097812097813]","[32.7, 34.7, 28.900000000000002, 28.0, 34.300000000000004, 28.400000000000002, 32.6, 35.7, 31.900000000000002, 29.6]"
ga,3,56,1207.4722786790207,100.0,152.8,0.40700000000000003,3.8,13.094970328599278,23.30760966810967,10.212639339510392,False,7.9,hospital_corridor,28,12,"[11, 29, 47, 53, 61, 73, 89, 97, 101, 109]","[3.2967261601167306, 2.532166471007371, 1.3378066546804543, 0.5, 1.0]","{""time"": 1.0, ""collisions"": 0.05, ""congestion"": 1.0, ""fairness"": 2.0, ""incomplete_base"": 1000.0, ""incomplete_agent"": 10.0}","[1188.6133333333332, 1268.0625454545454, 1192.0492222222222, 1214.7069999999999, 1220.5035693779905, 1142.6043703703704, 1203.632111111111, 1200.376, 1190.0391111111112, 1254.1355238095239]","[100.0, 100.0, 100.0, 100.0, 100.0, 100.0, 100.0, 100.0, 100.0, 100.0]"
ga,3,57,1172.9532432567432,100.0,169.0,0.5118,4.8,12.37356625041625,22.36928787878788,9.99572162837163,False,4.4,hospital_corridor,28,12,"[11, 29, 47, 53, 61, 73, 89, 97, 101, 109]","[4.222470978039481, 3.3023387875777837, 1.1476147473450595, 0.5, 1.0]","{""time"": 1.0, ""collisions"": 0.05, ""congestion"": 1.0, ""fairness"": 2.0, ""incomplete_base"": 1000.0, ""incomplete_agent"": 10.0}","[1178.792, 1218.9975887445887, 1217.2365238095238, 1170.2796666666666, 1176.3700303030303, 1169.279909090909, 1150.0514285714285, 1147.1157142857144, 1144.5752121212122, 1156.834358974359]","[100.0, 100.0, 100.0, 100.0, 100.0, 100.0, 100.0, 100.0, 100.0, 100.0]"
ga,3,58,68.34749207403466,29.869999999999997,381.1,1.92796826451085,5.6,11.37857142857143,20.125833333333333,8.747261904761904,True,0.0,hospital_corridor,28,12,"[11, 29, 47, 53, 61, 73, 89, 97, 101, 109]","[3.8854172409896, 3.497711521307376, 0.7961824529838372, 0.5, 1.0]","{""time"": 1.0, ""collisions"": 0.05, ""congestion"": 1.0, ""fairness"": 2.0, ""incomplete_base"": 1000.0, ""incomplete_agent"": 10.0}","[87.03809523809525, 74.35066273932253, 53.423519163763075, 89.5703933747412, 49.78192488262911, 56.49927536231884, 80.71921604654725, 70.26938474504846, 62.41718426501035, 59.40526492287056]","[29.400000000000002, 29.1, 28.700000000000003, 34.5, 28.400000000000002, 27.6, 31.1, 33.9, 27.6, 28.400000000000002]"
ga,3,59,61.88059347583497,32.809999999999995,179.2,1.7713077615492607,5.3,12.235357142857143,21.405,9.169642857142858,True,0.0,hospital_corridor,28,12,"[11, 29, 47, 53, 61, 73, 89, 97, 101, 109]","[3.476603961175705, 2.994964560782091, 0.9188862310511092, 0.5, 1.0]","{""time"": 1.0, ""collisions"": 0.05, ""congestion"": 1.0, ""fairness"": 2.0, ""incomplete_base"": 1000.0, ""incomplete_agent"": 10.0}","[95.04197207678884, 50.24031117397455, 50.75075016307893, 69.88663663663664, 51.401208244491826, 52.272483110891415, 60.20420560747664, 60.465884861407254, 72.36436210847975, 56.178120775123936]","[38.2, 30.3, 29.200000000000003, 33.300000000000004, 33.5, 28.900000000000002, 32.1, 33.5, 37.4, 31.700000000000003]"
ga,4,0,54.880814759165645,33.27,43.7,1.8689099972608798,5.4,13.083214285714286,21.86166666666667,8.778452380952382,True,0.0,hospital_corridor,28,12,"[11, 29, 47, 53, 61, 73, 89, 97, 101, 109]","[3.7946564711927784, 4.420479331039527, 0.9452621186887544, 0.5, 1.0]","{""time"": 1.0, ""collisions"": 0.05, ""congestion"": 1.0, ""fairness"": 2.0, ""incomplete_base"": 1000.0, ""incomplete_agent"": 10.0}","[62.9904761904762, 48.5406162464986, 51.8372852233677, 48.27238095238095, 44.852789802789815, 52.17838468720822, 67.94801178203241, 57.574103798822904, 57.47030981067126, 57.1437890974084]","[37.800000000000004, 30.6, 29.1, 30.0, 29.700000000000003, 30.6, 38.800000000000004, 35.6, 33.2, 37.300000000000004]"
ga,4,1,54.95942406651909,33.080000000000005,44.9,1.7272812093762326,5.1,12.976428571428574,21.93,8.953571428571431,True,0.0,hospital_corridor,28,12,"[11, 29, 47, 53, 61, 73, 89, 97, 101, 109]","[3.3356420424815214, 3.999449447198067, 0.932323109830893, 0.5, 1.0]","{""time"": 1.0, ""collisions"": 0.05, ""congestion"": 1.0, ""fairness"": 2.0, ""incomplete_base"": 1000.0, ""incomplete_agent"": 10.0}","[67.71904761904761, 49.31676798378926, 49.88143500643501, 47.98861788617887, 41.607900432900436, 50.928173248821714, 62.71048151104018, 62.69192799070848, 62.499523809523815, 54.25036517674555]","[39.5, 32.9, 29.6, 28.700000000000003, 26.400000000000002, 29.3, 35.800000000000004, 41.0, 35.0, 32.6]"
ga,4,2,95.47630392401747,29.76,901.3,1.950113447826991,5.6,11.35857142857143,20.70916666666667,9.350595238095238,True,0.0,hospital_corridor,28,12,"[11, 29, 47, 53, 61, 73, 89, 97, 101, 109]","[3.291092698954942, 3.68718809363733, 0.7352221485585169, 0.5, 1.0]","{""time"": 1.0, ""collisions"": 0.05, ""congestion"": 1.0, ""fairness"": 2.0, ""incomplete_base"": 1000.0, ""incomplete_agent"": 10.0}","[117.89405964405967, 93.74285714285713, 98.61122448979593, 105.83896419881822, 88.40074453234064, 77.61300102774923, 103.99668737060041, 104.71398809523811, 83.9309187279152, 80.02059401080021]","[29.700000000000003, 31.0, 29.400000000000002, 27.400000000000002, 30.700000000000003, 27.8, 32.2, 32.0, 28.3, 29.1]"
ga,4,3,1214.69986718443,100.0,112.5,0.4181,4.0,12.703030549199086,22.531414141414142,9.828383592215058,False,8.9,hospital_corridor,28,12,"[11, 29, 47, 53, 61, 73, 89, 97, 101, 109]","[3.5533460574312503, 3.0012806538033354, 1.3054968966987777, 0.5, 1.0]","{""time"": 1.0, ""collisions"": 0.05, ""congestion"": 1.0, ""fairness"": 2.0, ""incomplete_base"": 1000.0, ""incomplete_agent"": 10.0}","[1174.5903333333333, 1262.9620606060605, 1168.787, 1213.19, 1226.4745789473684, 1190.9666666666667, 1199.6288260869565, 1236.2541594202899, 1183.9485555555557, 1290.1964912280703]","[100.0, 100.0, 100.0, 100.0, 100.0, 100.0, 100.0, 100.0, 100.0, 100.0]"
ga,4,4,59.02517067842574,34.33,52.0,1.7068373450924017,5.3,13.0275,23.22166666666667,10.194166666666666,True,0.0,hospital_corridor,28,12,"[11, 29, 47, 53, 61, 73, 89, 97, 101, 109]","[2.8181752255600268, 3.958928856168913, 0.879065384112107, 0.5, 1.0]","{""time"": 1.0, ""collisions"": 0.05, ""congestion"": 1.0, ""fairness"": 2.0, ""incomplete_base"": 1000.0, ""incomplete_agent"": 10.0}","[77.37914377289377, 56.573214285714286, 52.59399020058184, 57.98417169684776, 40.65383849357233, 54.36795366795368, 64.49140565317036, 65.46417468541821, 61.554857142857145, 59.188957185247986]","[41.6, 32.0, 31.1, 35.5, 26.3, 29.6, 37.4, 38.6, 37.5, 33.7]"
ga,4,5,77.52940809633117,30.639999999999997,536.7,1.7670271439502099,5.9,11.597142857142858,20.740833333333335,9.143690476190477,True,0.0,hospital_corridor,28,12,"[11, 29, 47, 53, 61, 73, 89, 97, 101, 109]","[3.011578199563063, 1.6345806043488091, 0.8566075779384661, 0.5, 1.0]","{""time"": 1.0, ""collisions"": 0.05, ""congestion"": 1.0, ""fairness"": 2.0, ""incomplete_base"": 1000.0, ""incomplete_agent"": 10.0}","[114.46984126984128, 61.98793022159359, 60.30340136054422, 98.50373097692687, 58.01822939702197, 69.8333745262811, 80.57885154061626, 83.86796536796537, 82.77170868347339, 64.95904761904762]","[28.8, 30.3, 29.400000000000002, 29.1, 32.300000000000004, 28.900000000000002, 34.0, 33.0, 30.6, 30.0]"
ga,4,6,61.53095008413311,31.8,188.3,1.8176167507997765,5.6,11.995,21.244166666666665,9.249166666666666,True,0.0,hospital_corridor,28,12,"[11, 29, 47, 53, 61, 73, 89, 97, 101, 109]","[3.323263167388859, 2.8312046419396246, 0.8978063940579961, 0.5, 1.0]","{""time"": 1.0, ""collisions"": 0.05, ""congestion"": 1.0, ""fairness"": 2.0, ""incomplete_base"": 1000.0, ""incomplete_agent"": 10.0}","[86.9436966694192, 52.86177944862156, 55.75880626223092, 57.899966699966704, 53.24968944099379, 54.87789115646258, 73.1948717948718, 59.53284742468418, 60.89047619047619, 60.099475753604196]","[34.6, 30.400000000000002, 29.200000000000003, 28.6, 32.2, 29.400000000000002, 35.1, 34.300000000000004, 31.5, 32.7]"
ga,4,7,57.270564950935295,34.269999999999996,40.3,1.714850665221007,5.2,12.842142857142857,22.4775,9.635357142857144,True,0.0,hospital_corridor,28,12,"[11, 29, 47, 53, 61, 73, 89, 97, 101, 109]","[3.3053090873658864, 4.78560767726736, 0.8794067698305433, 0.5, 1.0]","{""time"": 1.0, ""collisions"": 0.05, ""congestion"": 1.0, ""fairness"": 2.0, ""incomplete_base"": 1000.0, ""incomplete_agent"": 10.0}","[62.60803127221038, 53.91024485503981, 51.04263191763192, 63.71576250753466, 45.108698727015565, 53.04204218600192, 60.912008281573506, 63.35637915543577, 61.31111111111112, 57.69873949579832]","[40.2, 31.700000000000003, 29.6, 39.5, 30.3, 29.8, 34.5, 37.1, 36.0, 34.0]"
ga,4,8,56.28326865325745,33.709999999999994,30.3,1.8585067484955509,5.7,12.906785714285714,22.506666666666668,9.599880952380953,True,0.0,hospital_corridor,28,12,"[11, 29, 47, 53, 61, 73, 89, 97, 101, 109]","[3.6403944465659777, 4.940316716380586, 0.9074848528541266, 0.5, 1.0]","{""time"": 1.0, ""collisions"": 0.05, ""congestion"": 1.0, ""fairness"": 2.0, ""incomplete_base"": 1000.0, ""incomplete_agent"": 10.0}","[68.67651283791426, 48.090937019969275, 50.39086757990867, 45.50639407706546, 54.92081949058693, 51.824259974259974, 60.01663003663004, 55.69285714285715, 73.65906054729585, 54.05434782608697]","[42.1, 31.0, 29.200000000000003, 28.3, 34.4, 29.6, 32.5, 33.6, 44.2, 32.2]"
ga,4,9,60.56064456239506,36.24,27.0,1.753025514776007,5.2,13.712857142857143,24.32166666666667,10.608809523809526,True,0.0,hospital_corridor,28,12,"[11, 29, 47, 53, 61, 73, 89, 97, 101, 109]","[2.988862730120612, 4.374081211610719, 0.9032714483132478, 0.5, 1.0]","{""time"": 1.0, ""collisions"": 0.05, ""congestion"": 1.0, ""fairness"": 2.0, ""incomplete_base"": 1000.0, ""incomplete_agent"": 10.0}","[61.87190476190477, 65.84648241206031, 51.26725214676034, 73.1855116514691, 48.90026455026455, 54.39424920127796, 65.97105654761906, 72.24268668206314, 52.21518702118072, 59.71185064935066]","[37.5, 39.800000000000004, 30.5, 42.300000000000004, 32.4, 31.3, 38.400000000000006, 43.300000000000004, 31.700000000000003, 35.2]"
ga,4,10,58.8647175235995,32.15,156.3,1.804955618837599,5.7,12.489285714285714,21.03666666666667,8.547380952380951,True,0.0,hospital_corridor,28,12,"[11, 29, 47, 53, 61, 73, 89, 97, 101, 109]","[3.4519929186022065, 3.364511596416442, 0.8781339238735797, 0.5, 1.0]","{""time"": 1.0, ""collisions"": 0.05, ""congestion"": 1.0, ""fairness"": 2.0, ""incomplete_base"": 1000.0, ""incomplete_agent"": 10.0}","[92.71370656370657, 48.18057889822596, 54.96020874103067, 53.6673275999363, 48.898639455782316, 53.35476190476191, 63.23193760262726, 59.069467787114846, 57.310606784519834, 57.25993989828941]","[44.400000000000006, 30.6, 29.200000000000003, 29.900000000000002, 29.400000000000002, 28.400000000000002, 34.800000000000004, 34.0, 29.900000000000002, 30.900000000000002]"
ga,4,11,196.4075895371056,30.270000000000003,2938.3,2.0118752513912876,5.8,11.799642857142858,20.405,8.605357142857143,True,0.0,hospital_corridor,28,12,"[11, 29, 47, 53, 61, 73, 89, 97, 101, 109]","[3.2452990724980015, 4.100539696892767, 0.6441136187176107, 0.5, 1.0]","{""time"": 1.0, ""collisions"": 0.05, ""congestion"": 1.0, ""fairness"": 2.0, ""incomplete_base"": 1000.0, ""incomplete_agent"": 10.0}","[236.08551165146912, 200.0204728950404, 172.39269293924468, 195.2456043956044, 190.8937343358396, 160.00761560942067, 210.88154215814768, 223.27417755745833, 180.4262711864407, 194.8482726423903]","[32.9, 28.900000000000002, 29.0, 31.200000000000003, 28.5, 27.700000000000003, 32.7, 31.700000000000003, 29.5, 30.6]"
ga,4,12,55.788942089576715,32.82,48.0,1.7503706610052852,5.5,12.453214285714287,21.8625,9.409285714285716,True,0.0,hospital_corridor,28,12,"[11, 29, 47, 53, 61, 73, 89, 97, 101, 109]","[3.3115441908984913, 4.151567119215112, 0.8970523347493624, 0.5, 1.0]","{""time"": 1.0, ""collisions"": 0.05, ""congestion"": 1.0, ""fairness"": 2.0, ""incomplete_base"": 1000.0, ""incomplete_agent"": 10.0}","[56.71372847011145, 59.954, 50.49659863945579, 58.649722465673385, 44.86142857142857, 53.95886026541764, 61.99083228599358, 56.338515406162465, 59.512531328320804, 55.413203463203466]","[32.9, 37.5, 29.400000000000002, 32.6, 30.0, 30.5, 34.1, 34.0, 34.2, 33.0]"
ga,4,13,59.51765441674568,32.96,110.8,1.8019401310313916,5.5,12.469642857142857,22.077500000000004,9.607857142857142,True,0.0,hospital_corridor,28,12,"[11, 29, 47, 53, 61, 73, 89, 97, 101, 109]","[3.5929691054821338, 3.8429131311201994, 0.9011659697817, 0.5, 1.0]","{""time"": 1.0, ""collisions"": 0.05, ""congestion"": 1.0, ""fairness"": 2.0, ""incomplete_base"": 1000.0, ""incomplete_agent"": 10.0}","[81.00190476190477, 65.75753000387147, 49.66360544217687, 63.23010517090272, 47.39956118966357, 51.03085317460318, 60.39040490447676, 66.58829039812646, 54.77663344407531, 55.337655677655675]","[40.0, 36.9, 29.400000000000002, 32.6, 29.3, 28.8, 33.4, 36.6, 30.1, 32.5]"
ga,4,14,60.973791186259774,32.59,172.4,1.6571245195931046,5.5,12.322500000000002,21.375833333333336,9.053333333333331,True,0.0,hospital_corridor,28,12,"[11, 29, 47, 53, 61, 73, 89, 97, 101, 109]","[3.2949623256034966, 2.8390270736617103, 0.9113243848620721, 0.5, 1.0]","{""time"": 1.0, ""collisions"": 0.05, ""congestion"": 1.0, ""fairness"": 2.0, ""incomplete_base"": 1000.0, ""incomplete_agent"": 10.0}","[94.93852813852814, 50.36307189542483, 52.246915947587084, 55.754595404595406, 57.48348694316437, 55.39319727891156, 64.03761904761905, 60.87731092436975, 61.17438343415542, 57.468802848242106]","[38.5, 30.6, 29.8, 28.6, 37.2, 29.400000000000002, 35.0, 34.0, 30.700000000000003, 32.1]"
ga,4,15,59.641275443044385,35.7,63.1,1.7338944906634215,4.9,13.299642857142857,22.825833333333335,9.526190476190479,True,0.0,hospital_corridor,28,12,"[11, 29, 47, 53, 61, 73, 89, 97, 101, 109]","[3.343687400723506, 3.9364899663019752, 0.9012191737424737, 0.5, 1.0]","{""time"": 1.0, ""collisions"": 0.05, ""congestion"": 1.0, ""fairness"": 2.0, ""incomplete_base"": 1000.0, ""incomplete_agent"": 10.0}","[66.87091177556294, 47.740421901659694, 53.325611325611334, 79.97745487916795, 52.579670329670336, 51.16583011583012, 65.90790679908326, 66.19336537399184, 56.9134211609716, 55.73816076889472]","[38.7, 30.700000000000003, 29.6, 46.7, 33.800000000000004, 29.6, 37.4, 43.1, 34.7, 32.7]"
ga,4,16,1070.4344009662661,39.18,80.9,1.8819009662661323,5.4,13.237083333333334,22.400833333333335,9.16375,False,0.7,hospital_corridor,28,12,"[11, 29, 47, 53, 61, 73, 89, 97, 101, 109]","[3.0589564075952143, 3.6139356459768726, 0.9125488400219265, 0.5, 1.0]","{""time"": 1.0, ""collisions"": 0.05, ""congestion"": 1.0, ""fairness"": 2.0, ""incomplete_base"": 1000.0, ""incomplete_agent"": 10.0}","[57.34638900877571, 57.33571428571428, 53.64660421545668, 48.17609262883236, 40.14025470653378, 54.17458150495693, 1201.563, 63.34575513851654, 72.36904761904762, 56.24657055482744]","[33.1, 34.0, 30.5, 29.200000000000003, 25.8, 29.3, 100.0, 37.300000000000004, 39.900000000000006, 32.7]"
ga,4,17,1198.5365014043175,100.0,9.5,0.49330000000000007,4.4,14.030209182401132,24.314309884559883,10.284100702158753,False,7.7,hospital_corridor,28,12,"[11, 29, 47, 53, 61, 73, 89, 97, 101, 109]","[3.2474807380598074, 4.521113390200725, 1.1084893824863673, 0.5, 1.0]","{""time"": 1.0, ""collisions"": 0.05, ""congestion"": 1.0, ""fairness"": 2.0, ""incomplete_base"": 1000.0, ""incomplete_agent"": 10.0}","[1193.5826363636363, 1272.0639411764705, 1170.628, 1182.8440606060606, 1246.5102631578948, 1173.8532136752137, 1184.2797692307693, 1198.0784814814815, 1177.73610989011, 1185.7885384615386]","[100.0, 100.0, 100.0, 100.0, 100.0, 100.0, 100.0, 100.0, 100.0, 100.0]"
ga,4,18,195.6318539080449,30.509999999999998,2900.9,1.976377717568695,5.8,11.643928571428571,20.694166666666668,9.050238095238097,True,0.0,hospital_corridor,28,12,"[11, 29, 47, 53, 61, 73, 89, 97, 101, 109]","[3.2928619445904617, 3.6024676503444977, 0.628221719312668, 0.5, 1.0]","{""time"": 1.0, ""collisions"": 0.05, ""congestion"": 1.0, ""fairness"": 2.0, ""incomplete_base"": 1000.0, ""incomplete_agent"": 10.0}","[221.70086580086578, 220.5544642857143, 159.77561377492177, 207.14070660522276, 175.78759221998658, 149.06076604554866, 230.6042999289268, 231.1008424908425, 168.52857142857144, 192.06481649984835]","[33.0, 28.8, 28.900000000000002, 31.0, 28.400000000000002, 27.6, 33.5, 32.5, 30.0, 31.400000000000002]"
ga,4,19,60.309757832963385,32.290000000000006,155.0,1.7164244996300446,5.3,12.192500000000003,21.46916666666667,9.276666666666667,True,0.0,hospital_corridor,28,12,"[11, 29, 47, 53, 61, 73, 89, 97, 101, 109]","[3.459670427836845, 2.994964560782091, 0.9188862310511092, 0.5, 1.0]","{""time"": 1.0, ""collisions"": 0.05, ""congestion"": 1.0, ""fairness"": 2.0, ""incomplete_base"": 1000.0, ""incomplete_agent"": 10.0}","[82.4374381800198, 51.58571428571429, 51.5139455782313, 68.57754018804974, 48.46968919304248, 53.76034482758621, 70.20289115646258, 62.401776830135034, 58.55184331797235, 55.59639477242001]","[33.7, 30.6, 29.400000000000002, 31.400000000000002, 33.4, 29.0, 39.2, 33.5, 31.0, 31.700000000000003]"
ga,4,20,1106.987515551514,64.79999999999998,61.7,1.0497976027960247,4.7,13.379807692307693,23.406166666666667,10.026358974358976,False,1.8,hospital_corridor,28,12,"[11, 29, 47, 53, 61, 73, 89, 97, 101, 109]","[3.2659491691910514, 3.496020050757002, 1.0274578592631392, 0.5, 1.0]","{""time"": 1.0, ""collisions"": 0.05, ""congestion"": 1.0, ""fairness"": 2.0, ""incomplete_base"": 1000.0, ""incomplete_agent"": 10.0}","[67.71923076923078, 1163.9766666666667, 57.65266106442577, 1175.4173333333333, 1154.3026666666667, 78.38903586125808, 1163.1408461538463, 92.41018685955396, 58.770986093552466, 58.09554204660587]","[41.6, 100.0, 35.7, 100.0, 100.0, 48.6, 100.0, 55.300000000000004, 33.9, 32.9]"
ga,4,21,122.3459833899237,31.109999999999996,1424.9,1.88265005659037,5.4,12.0375,21.091666666666672,9.054166666666665,True,0.0,hospital_corridor,28,12,"[11, 29, 47, 53, 61, 73, 89, 97, 101, 109]","[3.3939758062520293, 4.148377873166708, 0.7146220839463463, 0.5, 1.0]","{""time"": 1.0, ""collisions"": 0.05, ""congestion"": 1.0, ""fairness"": 2.0, ""incomplete_base"": 1000.0, ""incomplete_agent"": 10.0}","[163.09714285714287, 148.6111211573237, 178.38387096774196, 143.8684523809524, 82.64014301966522, 81.92168831168831, 121.23972868217054, 114.48867654085046, 105.2157768989949, 83.99323308270678]","[35.0, 31.6, 37.2, 28.8, 29.3, 27.5, 34.4, 29.900000000000002, 28.900000000000002, 28.5]"
ga,4,22,55.131987557848376,31.320000000000004,86.0,1.786273272134086,5.5,12.302142857142858,21.165,8.862857142857143,True,0.0,hospital_corridor,28,12,"[11, 29, 47, 53, 61, 73, 89, 97, 101, 109]","[3.5785781839797117, 3.85000984667174, 0.9058015673839577, 0.5, 1.0]","{""time"": 1.0, ""collisions"": 0.05, ""congestion"": 1.0, ""fairness"": 2.0, ""incomplete_base"": 1000.0, ""incomplete_agent"": 10.0}","[59.905149501661136, 50.23015873015873, 51.207362262311065, 64.70553935860059, 44.76259079903148, 51.55625, 59.74850746268657, 58.36401591798193, 55.5936770734784, 55.24662447257384]","[30.1, 30.6, 29.3, 34.300000000000004, 29.5, 28.8, 33.5, 35.300000000000004, 30.200000000000003, 31.6]"
ga,4,23,1212.2142377534747,100.0,49.4,0.4222,4.0,13.458684586466166,24.119703463203464,10.661018876737298,False,8.8,hospital_corridor,28,12,"[11, 29, 47, 53, 61, 73, 89, 97, 101, 109]","[3.479175113624338, 3.646217278371774, 1.2298366744984681, 0.5, 1.0]","{""time"": 1.0, ""collisions"": 0.05, ""congestion"": 1.0, ""fairness"": 2.0, ""incomplete_base"": 1000.0, ""incomplete_agent"": 10.0}","[1163.4683333333332, 1262.571212121212, 1218.7584761904761, 1219.72, 1226.1377368421054, 1183.825111111111, 1200.6396666666667, 1219.6313333333333, 1178.069888888889, 1249.320619047619]","[100.0, 100.0, 100.0, 100.0, 100.0, 100.0, 100.0, 100.0, 100.0, 100.0]"
ga,4,24,76.27450985562234,30.120000000000005,524.9,1.85665271276518,5.8,11.356071428571429,20.3825,9.026428571428571,True,0.0,hospital_corridor,28,12,"[11, 29, 47, 53, 61, 73, 89, 97, 101, 109]","[3.9659074671660677, 3.5661793459697932, 0.7795876771639672, 0.5, 1.0]","{""time"": 1.0, ""collisions"": 0.05, ""congestion"": 1.0, ""fairness"": 2.0, ""incomplete_base"": 1000.0, ""incomplete_agent"": 10.0}","[125.32574189095929, 69.3752380952381, 64.14128919860627, 82.8523293794052, 65.36524822695036, 59.85567765567766, 78.43704137392663, 76.66098310291858, 77.06784443314692, 63.66370519939424]","[41.400000000000006, 30.0, 28.700000000000003, 27.700000000000003, 28.200000000000003, 27.3, 30.5, 31.0, 28.1, 28.3]"
ga,4,25,60.59392930467891,33.510000000000005,124.4,1.7020245427741387,5.3,12.818214285714287,22.399166666666666,9.58095238095238,True,0.0,hospital_corridor,28,12,"[11, 29, 47, 53, 61, 73, 89, 97, 101, 109]","[3.028892156388039, 2.905645322038851, 0.9392194626416781, 0.5, 1.0]","{""time"": 1.0, ""collisions"": 0.05, ""congestion"": 1.0, ""fairness"": 2.0, ""incomplete_base"": 1000.0, ""incomplete_agent"": 10.0}","[87.53333333333335, 50.53594470046083, 55.371988795518206, 49.78070607553367, 40.26168831168832, 59.81204481792718, 74.57244897959184, 70.00309973045822, 58.22577639751553, 59.84226190476191]","[42.0, 31.0, 30.6, 29.0, 26.400000000000002, 34.0, 39.2, 37.1, 32.2, 33.6]"
ga,4,26,60.91225592185203,35.38,56.5,1.957970207566309,5.4,13.670357142857142,24.044999999999998,10.374642857142856,True,0.0,hospital_corridor,28,12,"[11, 29, 47, 53, 61, 73, 89, 97, 101, 109]","[3.4337346743587096, 4.286967871227857, 0.9332231323617057, 0.5, 1.0]","{""time"": 1.0, ""collisions"": 0.05, ""congestion"": 1.0, ""fairness"": 2.0, ""incomplete_base"": 1000.0, ""incomplete_agent"": 10.0}","[104.52561983471074, 58.803520553520556, 51.02647296206618, 49.17835213032582, 48.0989247311828, 58.0005359056806, 64.42145532370253, 65.1197142857143, 54.240909090909085, 55.70705440070766]","[60.5, 35.1, 29.5, 30.400000000000002, 31.0, 31.1, 35.6, 37.5, 30.8, 32.300000000000004]"
ga,4,27,58.90149221090083,35.06,47.9,1.670063639472246,5.0,12.996785714285716,22.885,9.888214285714287,True,0.0,hospital_corridor,28,12,"[11, 29, 47, 53, 61, 73, 89, 97, 101, 109]","[3.789777811429708, 4.494446607606566, 0.9359676711376856, 0.5, 1.0]","{""time"": 1.0, ""collisions"": 0.05, ""congestion"": 1.0, ""fairness"": 2.0, ""incomplete_base"": 1000.0, ""incomplete_agent"": 10.0}","[69.03983680428694, 57.49659769200159, 50.186394557823135, 53.2873015873016, 54.35110893672538, 51.612052037309766, 61.27397020157757, 76.18615170494087, 61.77615144418423, 53.80535714285714]","[39.1, 35.9, 29.400000000000002, 31.5, 36.5, 29.1, 32.6, 47.900000000000006, 36.6, 32.0]"
ga,4,28,1186.8521985488753,35.75,2625.2,1.8947743064511204,6.0,11.032500000000002,19.506212121212123,8.473712121212122,False,0.1,hospital_corridor,28,12,"[11, 29, 47, 53, 61, 73, 89, 97, 101, 109]","[3.7763775621675144, 4.1630415069533875, 0.5, 0.5, 1.0]","{""time"": 1.0, ""collisions"": 0.05, ""congestion"": 1.0, ""fairness"": 2.0, ""incomplete_base"": 1000.0, ""incomplete_agent"": 10.0}","[1284.7473376623377, 192.89238600033656, 144.966590947333, 160.14696969696968, 189.3005194805195, 140.90897435897435, 205.62565284178186, 233.06841218802634, 144.20107751129652, 172.6640648011782]","[100.0, 28.3, 28.3, 27.5, 27.5, 27.3, 31.0, 31.1, 27.400000000000002, 29.1]"
ga,4,29,56.90742634200707,32.50000000000001,69.0,1.9262358658165883,5.5,12.318571428571428,21.83416666666667,9.515595238095239,True,0.0,hospital_corridor,28,12,"[11, 29, 47, 53, 61, 73, 89, 97, 101, 109]","[3.742104004611023, 4.157717362178412, 0.89145850111488, 0.5, 1.0]","{""time"": 1.0, ""collisions"": 0.05, ""congestion"": 1.0, ""fairness"": 2.0, ""incomplete_base"": 1000.0, ""incomplete_agent"": 10.0}","[66.63932345272403, 54.65341448476497, 49.611462935689744, 67.39278779472954, 44.5522504892368, 53.100680272108846, 60.65210041720616, 59.83632218844984, 57.98128003494976, 54.65464135021098]","[34.7, 31.1, 29.1, 41.2, 29.200000000000003, 29.400000000000002, 33.1, 32.9, 32.7, 31.6]"
ga,4,30,60.251012054052964,36.470000000000006,36.7,1.7188691969101004,5.1,13.608928571428573,23.722500000000004,10.11357142857143,True,0.0,hospital_corridor,28,12,"[11, 29, 47, 53, 61, 73, 89, 97, 101, 109]","[3.1480877603250583, 4.090819644079527, 0.9608700231911061, 0.5, 1.0]","{""time"": 1.0, ""collisions"": 0.05, ""congestion"": 1.0, ""fairness"": 2.0, ""incomplete_base"": 1000.0, ""incomplete_agent"": 10.0}","[74.10183450429354, 49.82419562419563, 52.80228331080066, 70.53775593775595, 38.94093057070157, 60.82083333333334, 63.638285714285715, 65.22810559006211, 67.60447710184553, 59.0114188532556]","[48.800000000000004, 33.300000000000004, 31.700000000000003, 40.7, 26.200000000000003, 33.6, 37.5, 36.800000000000004, 41.800000000000004, 34.300000000000004]"
ga,4,31,60.962388068397246,37.87,17.8,1.5511975922067753,4.7,14.321071428571429,24.64666666666667,10.325595238095238,True,0.0,hospital_corridor,28,12,"[11, 29, 47, 53, 61, 73, 89, 97, 101, 109]","[2.55696679870967, 4.1206577289095145, 0.925783773085958, 0.5, 1.0]","{""time"": 1.0, ""collisions"": 0.05, ""congestion"": 1.0, ""fairness"": 2.0, ""incomplete_base"": 1000.0, ""incomplete_agent"": 10.0}","[75.09428571428572, 49.054150283966806, 57.51020408163266, 47.04143758449753, 47.17814569536424, 60.5276397515528, 69.17324093816632, 70.18383802398765, 65.67842261904762, 68.18251599147123]","[50.0, 32.7, 34.300000000000004, 31.700000000000003, 30.200000000000003, 34.5, 40.2, 40.1, 44.800000000000004, 40.2]"
ga,4,32,1069.667535556267,37.94,225.1,1.6131440218754864,5.3,11.842804232804232,20.7725,8.92969576719577,False,0.1,hospital_corridor,28,12,"[11, 29, 47, 53, 61, 73, 89, 97, 101, 109]","[3.738898325956916, 2.7964454066543625, 0.932030144400608, 0.5, 1.0]","{""time"": 1.0, ""collisions"": 0.05, ""congestion"": 1.0, ""fairness"": 2.0, ""incomplete_base"": 1000.0, ""incomplete_agent"": 10.0}","[94.81763793336032, 51.69191583610189, 55.52054491899854, 55.02647209421403, 50.542734413352974, 1136.5912962962964, 70.26964285714286, 62.57801372801373, 62.918604651162795, 56.71849283402682]","[35.300000000000004, 30.1, 29.1, 27.900000000000002, 29.1, 100.0, 33.6, 33.300000000000004, 30.1, 30.900000000000002]"
ga,4,33,81.00817450156822,28.419999999999998,665.4,1.7798411682348778,5.4,10.3025,19.07166666666667,8.769166666666667,True,0.0,hospital_corridor,28,12,"[11, 29, 47, 53, 61, 73, 89, 97, 101, 109]","[4.402876736936787, 2.2753630078470093, 0.7831690469959407, 0.5, 1.0]","{""time"": 1.0, ""collisions"": 0.05, ""congestion"": 1.0, ""fairness"": 2.0, ""incomplete_base"": 1000.0, ""incomplete_agent"": 10.0}","[118.03668714797749, 78.51918576304242, 65.25932260228035, 77.88897149938043, 77.9421626984127, 64.50311895976104, 83.5304761904762, 97.00386226151699, 75.37745098039217, 72.0205069124424]","[27.900000000000002, 29.3, 28.400000000000002, 26.900000000000002, 28.8, 27.1, 30.0, 30.700000000000003, 27.200000000000003, 27.900000000000002]"
ga,4,34,1190.6282058475203,36.95,2669.3,1.8252404795550472,5.8,11.153214285714288,19.847196969696974,8.693982683982684,False,0.1,hospital_corridor,28,12,"[11, 29, 47, 53, 61, 73, 89, 97, 101, 109]","[3.7038928355426375, 3.479948749847119, 0.5, 0.5, 1.0]","{""time"": 1.0, ""collisions"": 0.05, ""congestion"": 1.0, ""fairness"": 2.0, ""incomplete_base"": 1000.0, ""incomplete_agent"": 10.0}","[1286.6138441558442, 176.94852448021464, 152.66169443042236, 167.40578231292517, 171.47538540596096, 149.2190128606187, 209.97549019607845, 283.1117476432197, 143.78488008342023, 165.08569690649983]","[100.0, 28.400000000000002, 28.3, 29.400000000000002, 27.8, 27.400000000000002, 34.0, 39.400000000000006, 27.400000000000002, 27.400000000000002]"
ga,4,35,59.51298581247962,34.029999999999994,98.7,1.7156048600986746,5.3,13.117142857142856,22.533333333333335,9.416190476190476,True,0.0,hospital_corridor,28,12,"[11, 29, 47, 53, 61, 73, 89, 97, 101, 109]","[3.1750261102555917, 3.155520769030473, 0.9556833088992945, 0.5, 1.0]","{""time"": 1.0, ""collisions"": 0.05, ""congestion"": 1.0, ""fairness"": 2.0, ""incomplete_base"": 1000.0, ""incomplete_agent"": 10.0}","[71.5, 50.13471337579618, 53.690010857763305, 58.324311148791864, 39.043371943371945, 58.12354497354498, 81.86336122301415, 60.46666666666667, 59.003350970017635, 62.98052696582956]","[38.0, 31.400000000000002, 30.700000000000003, 33.7, 25.900000000000002, 32.4, 46.1, 35.0, 32.4, 34.7]"
ga,4,36,118.87970401353668,30.090000000000003,1365.5,1.8987516325842908,5.4,11.427857142857142,20.735833333333336,9.307976190476191,True,0.0,hospital_corridor,28,12,"[11, 29, 47, 53, 61, 73, 89, 97, 101, 109]","[3.2566145424873425, 4.179892641827854, 0.7039233280119523, 0.5, 1.0]","{""time"": 1.0, ""collisions"": 0.05, ""congestion"": 1.0, ""fairness"": 2.0, ""incomplete_base"": 1000.0, ""incomplete_agent"": 10.0}","[188.24967032967032, 134.25646483759067, 105.90754654803098, 141.64952380952383, 96.1452380952381, 92.60210688591984, 108.85476190476189, 129.52709359605913, 98.85894909688014, 92.74568503169186]","[32.5, 30.200000000000003, 28.900000000000002, 27.5, 29.400000000000002, 27.8, 31.5, 34.800000000000004, 29.0, 29.3]"
ga,4,37,1229.0282785828208,100.0,26.2,0.42540000000000006,3.8,13.804449958228906,24.95088924963925,11.146439291410344,False,10.5,hospital_corridor,28,12,"[11, 29, 47, 53, 61, 73, 89, 97, 101, 109]","[3.5663585748552906, 4.117309792747249, 1.2685925983217885, 0.5, 1.0]","{""time"": 1.0, ""collisions"": 0.05, ""congestion"": 1.0, ""fairness"": 2.0, ""incomplete_base"": 1000.0, ""incomplete_agent"": 10.0}","[1202.7456623376625, 1265.911090909091, 1218.5708095238097, 1234.7675321637428, 1227.7714210526315, 1270.31, 1193.3358888888888, 1211.318, 1177.1122222222223, 1288.4401587301588]","[100.0, 100.0, 100.0, 100.0, 100.0, 100.0, 100.0, 100.0, 100.0, 100.0]"
ga,4,38,63.068166528111504,30.650000000000006,245.5,2.0338808138257907,5.5,11.950357142857143,21.005000000000003,9.054642857142856,True,0.0,hospital_corridor,28,12,"[11, 29, 47, 53, 61, 73, 89, 97, 101, 109]","[3.8728577649594773, 3.150300606463434, 0.8772749215047817, 0.5, 1.0]","{""time"": 1.0, ""collisions"": 0.05, ""congestion"": 1.0, ""fairness"": 2.0, ""incomplete_base"": 1000.0, ""incomplete_agent"": 10.0}","[89.71199460916442, 68.1852411974562, 53.774897017630586, 63.14475166410651, 47.53907371167646, 56.358333333333334, 67.25558522474411, 64.87012987012987, 57.26771561771562, 62.57394303515799]","[37.1, 30.700000000000003, 28.900000000000002, 27.900000000000002, 29.200000000000003, 28.0, 32.1, 31.900000000000002, 28.6, 32.1]"
ga,4,39,59.12897548177075,32.99000000000001,114.3,1.7615945293897795,5.4,12.257142857142858,21.58833333333333,9.331190476190477,True,0.0,hospital_corridor,28,12,"[11, 29, 47, 53, 61, 73, 89, 97, 101, 109]","[3.3482015185116443, 3.636844987865029, 0.8512306413099484, 0.5, 1.0]","{""time"": 1.0, ""collisions"": 0.05, ""congestion"": 1.0, ""fairness"": 2.0, ""incomplete_base"": 1000.0, ""incomplete_agent"": 10.0}","[81.1873949579832, 59.553340440653876, 50.80986394557823, 67.03372911169744, 44.889758643183306, 53.43276877761414, 63.79041297935103, 59.62733065057009, 55.2484496124031, 55.71670569867292]","[40.800000000000004, 33.5, 29.400000000000002, 37.9, 29.200000000000003, 29.1, 33.9, 35.5, 30.1, 30.5]"
ga,4,40,64.6544076410712,31.95,247.3,1.7453600220235916,5.5,11.909642857142858,21.206666666666667,9.297023809523811,True,0.0,hospital_corridor,28,12,"[11, 29, 47, 53, 61, 73, 89, 97, 101, 109]","[4.440436288622779, 3.5758509001306664, 0.9131313785826449, 0.5, 1.0]","{""time"": 1.0, ""collisions"": 0.05, ""congestion"": 1.0, ""fairness"": 2.0, ""incomplete_base"": 1000.0, ""incomplete_agent"": 10.0}","[85.49358974358975, 69.21345755693582, 63.060446531553794, 75.214123216052, 51.319787739142576, 53.544047619047625, 70.42501029230135, 62.91446540880503, 61.0312030075188, 54.32794529576536]","[36.4, 34.5, 28.900000000000002, 33.7, 34.1, 28.0, 34.7, 31.8, 28.5, 28.900000000000002]"
ga,4,41,1181.2083604814288,100.0,26.3,0.4993,4.3,13.430361534177322,23.127391774891773,9.697030240714453,False,6.0,hospital_corridor,28,12,"[11, 29, 47, 53, 61, 73, 89, 97, 101, 109]","[3.790774006561095, 4.484642741524835, 1.1180331423933096, 0.5, 1.0]","{""time"": 1.0, ""collisions"": 0.05, ""congestion"": 1.0, ""fairness"": 2.0, ""incomplete_base"": 1000.0, ""incomplete_agent"": 10.0}","[1163.6803333333332, 1235.4033157894737, 1139.748228956229, 1196.9637445887447, 1241.756052631579, 1159.0503776223777, 1162.2433076923078, 1183.2556507936508, 1180.3025934065934, 1149.68]","[100.0, 100.0, 100.0, 100.0, 100.0, 100.0, 100.0, 100.0, 100.0, 100.0]"
ga,4,42,60.12711165102061,34.7,76.9,1.7990164129253734,5.3,12.851785714285715,22.743333333333332,9.89154761904762,True,0.0,hospital_corridor,28,12,"[11, 29, 47, 53, 61, 73, 89, 97, 101, 109]","[3.7765108722339744, 4.05751048116282, 0.9366758210115429, 0.5, 1.0]","{""time"": 1.0, ""collisions"": 0.05, ""congestion"": 1.0, ""fairness"": 2.0, ""incomplete_base"": 1000.0, ""incomplete_agent"": 10.0}","[64.07762702846502, 48.52499612222739, 50.35591133004927, 67.28478735005453, 70.0333700575346, 51.306483769978584, 70.81286205203732, 63.29475683890577, 61.787240199947384, 53.79308176100629]","[35.800000000000004, 30.700000000000003, 29.0, 39.300000000000004, 38.900000000000006, 28.900000000000002, 38.800000000000004, 37.6, 36.2, 31.8]"
ga,4,43,1189.03893005513,100.0,13.2,0.5277999999999999,4.4,14.330054020054018,25.755619047619053,11.425565027565026,False,6.5,hospital_corridor,28,12,"[11, 29, 47, 53, 61, 73, 89, 97, 101, 109]","[3.1100521879787744, 4.398277773265423, 1.0867295330695406, 0.5, 1.0]","{""time"": 1.0, ""collisions"": 0.05, ""congestion"": 1.0, ""fairness"": 2.0, ""incomplete_base"": 1000.0, ""incomplete_agent"": 10.0}","[1196.1343636363636, 1253.0534444444445, 1140.5327643097644, 1207.9074242424242, 1206.9918484848486, 1174.7247777777777, 1160.727153846154, 1192.8498095238097, 1161.3942307692307, 1196.0734835164835]","[100.0, 100.0, 100.0, 100.0, 100.0, 100.0, 100.0, 100.0, 100.0, 100.0]"
ga,4,44,59.24267517047793,34.11,81.2,1.756008503811256,5.0,12.72,22.378333333333334,9.658333333333335,True,0.0,hospital_corridor,28,12,"[11, 29, 47, 53, 61, 73, 89, 97, 101, 109]","[3.663506080198096, 3.9433123969752475, 0.9410301276758415, 0.5, 1.0]","{""time"": 1.0, ""collisions"": 0.05, ""congestion"": 1.0, ""fairness"": 2.0, ""incomplete_base"": 1000.0, ""incomplete_agent"": 10.0}","[84.40446836268757, 49.605860805860814, 50.12756033920417, 74.96327088212334, 44.359028116366, 52.635714285714286, 67.17638095238095, 62.00385647216633, 52.61810631229237, 54.532505175983445]","[43.800000000000004, 31.200000000000003, 29.200000000000003, 42.7, 29.3, 29.6, 37.5, 35.5, 30.1, 32.2]"
ga,4,45,69.59948612634385,29.45,413.7,1.8606766025343198,5.6,11.411428571428573,20.21333333333333,8.801904761904762,True,0.0,hospital_corridor,28,12,"[11, 29, 47, 53, 61, 73, 89, 97, 101, 109]","[4.48716841016668, 3.0149760969696446, 0.8690091623333879, 0.5, 1.0]","{""time"": 1.0, ""collisions"": 0.05, ""congestion"": 1.0, ""fairness"": 2.0, ""incomplete_base"": 1000.0, ""incomplete_agent"": 10.0}","[126.2095238095238, 66.66715927750411, 51.76329849012777, 65.49964856791425, 58.234040305542, 57.06379551820728, 75.09612511671335, 74.22058371735791, 62.23465415363226, 59.0060323069157]","[35.9, 29.0, 28.700000000000003, 27.1, 29.3, 27.200000000000003, 30.6, 31.0, 27.400000000000002, 28.3]"
ga,4,46,65.33214242724253,28.51,354.5,1.9147614748615698,5.5,10.912142857142857,19.503333333333334,8.591190476190476,True,0.0,hospital_corridor,28,12,"[11, 29, 47, 53, 61, 73, 89, 97, 101, 109]","[4.3370765064005985, 3.7681067067314853, 0.7931217184547518, 0.5, 1.0]","{""time"": 1.0, ""collisions"": 0.05, ""congestion"": 1.0, ""fairness"": 2.0, ""incomplete_base"": 1000.0, ""incomplete_agent"": 10.0}","[92.65102040816326, 61.56537461400943, 54.59059233449478, 75.08609022556391, 55.77549923195085, 55.9918028465999, 70.07380952380952, 62.70257936507937, 57.81610644257704, 67.0685492801772]","[29.400000000000002, 29.3, 28.700000000000003, 26.6, 27.900000000000002, 27.1, 30.0, 28.8, 27.200000000000003, 30.1]"
ga,4,47,202.84250897669645,31.47,3015.3,1.970604214791686,6.3,11.913214285714286,21.231666666666666,9.31845238095238,True,0.0,hospital_corridor,28,12,"[11, 29, 47, 53, 61, 73, 89, 97, 101, 109]","[3.073093616687165, 3.7132101159348254, 0.684598071819907, 0.5, 1.0]","{""time"": 1.0, ""collisions"": 0.05, ""congestion"": 1.0, ""fairness"": 2.0, ""incomplete_base"": 1000.0, ""incomplete_agent"": 10.0}","[257.4194122694123, 213.89449140602989, 171.4308142369576, 200.00119047619046, 180.0096980255517, 171.19794450154166, 230.9028198989093, 225.35027919962775, 187.95829865926956, 190.26014109347443]","[33.300000000000004, 33.800000000000004, 29.3, 32.0, 28.700000000000003, 27.8, 35.800000000000004, 30.700000000000003, 30.900000000000002, 32.4]"
ga,4,48,57.63395115427477,33.92,73.4,1.784189249512859,5.4,13.151785714285714,22.281666666666666,9.129880952380953,True,0.0,hospital_corridor,28,12,"[11, 29, 47, 53, 61, 73, 89, 97, 101, 109]","[3.078150776226781, 4.258950879136674, 0.8639479516079032, 0.5, 1.0]","{""time"": 1.0, ""collisions"": 0.05, ""congestion"": 1.0, ""fairness"": 2.0, ""incomplete_base"": 1000.0, ""incomplete_agent"": 10.0}","[62.68857949959644, 60.353963820164935, 51.57138875617137, 61.701218450826815, 45.943722943722946, 51.4406971035837, 62.726190476190474, 65.91361607142858, 56.31335403726709, 57.68678038379531]","[35.4, 35.800000000000004, 29.900000000000002, 38.300000000000004, 29.700000000000003, 29.1, 36.9, 38.400000000000006, 32.2, 33.5]"
ga,4,49,57.74814966183883,33.57,79.4,1.6257687094578812,5.1,12.449642857142859,21.740833333333335,9.291190476190476,True,0.0,hospital_corridor,28,12,"[11, 29, 47, 53, 61, 73, 89, 97, 101, 109]","[2.930798648139632, 3.4319230286630082, 0.8639479516079032, 0.5, 1.0]","{""time"": 1.0, ""collisions"": 0.05, ""congestion"": 1.0, ""fairness"": 2.0, ""incomplete_base"": 1000.0, ""incomplete_agent"": 10.0}","[64.02678571428571, 49.16140270804808, 52.95924908424909, 48.0229620661824, 45.83353831598865, 53.24410815173527, 67.81803830227743, 75.9328331770345, 62.662696057651544, 57.81988304093568]","[33.6, 31.3, 31.200000000000003, 29.5, 30.200000000000003, 29.5, 36.800000000000004, 45.7, 33.7, 34.2]"
ga,4,50,1077.1105895595945,48.35,16.8,1.513803845308804,5.0,15.614940476190478,26.818333333333335,11.203392857142859,False,0.4,hospital_corridor,28,12,"[11, 29, 47, 53, 61, 73, 89, 97, 101, 109]","[2.7413453303563755, 4.361745408921537, 0.9659956967644336, 0.5, 1.0]","{""time"": 1.0, ""collisions"": 0.05, ""congestion"": 1.0, ""fairness"": 2.0, ""incomplete_base"": 1000.0, ""incomplete_agent"": 10.0}","[71.62944862155389, 1157.3216666666667, 57.019726910937294, 56.017787114845945, 45.70221033038624, 53.1936974789916, 70.83347477604904, 118.14744079449963, 77.51620751680395, 63.72423538521099]","[49.400000000000006, 100.0, 34.7, 35.7, 30.700000000000003, 30.6, 40.400000000000006, 74.8, 50.300000000000004, 36.9]"
ga,4,51,56.427451416379014,34.82,19.0,1.658641892569483,4.7,13.811428571428573,23.310833333333335,9.499404761904762,True,0.0,hospital_corridor,28,12,"[11, 29, 47, 53, 61, 73, 89, 97, 101, 109]","[2.996232630106152, 4.339535260727547, 0.9660537558498085, 0.5, 1.0]","{""time"": 1.0, ""collisions"": 0.05, ""congestion"": 1.0, ""fairness"": 2.0, ""incomplete_base"": 1000.0, ""incomplete_agent"": 10.0}","[65.15069378744876, 48.96514114627887, 54.11203827325323, 45.39937888198758, 43.744306418219466, 51.05895498130993, 66.859941089838, 69.834495688039, 62.03459383753502, 57.11497005988024]","[45.300000000000004, 33.4, 32.1, 29.900000000000002, 32.2, 29.3, 38.800000000000004, 38.1, 35.7, 33.4]"
ga,4,52,1068.6431153520161,39.269999999999996,52.4,1.6907105901113908,5.0,12.491714285714286,21.522916666666667,9.03120238095238,False,0.7,hospital_corridor,28,12,"[11, 29, 47, 53, 61, 73, 89, 97, 101, 109]","[3.3983511649444393, 4.323796831435951, 0.8900952119742127, 0.5, 1.0]","{""time"": 1.0, ""collisions"": 0.05, ""congestion"": 1.0, ""fairness"": 2.0, ""incomplete_base"": 1000.0, ""incomplete_agent"": 10.0}","[1188.01, 50.78234189574884, 52.16802721088436, 55.57824527071103, 45.05061132561132, 53.161409712399816, 67.54722105851138, 59.150800674252, 58.044257703081236, 56.93823866896156]","[100.0, 31.700000000000003, 29.400000000000002, 36.5, 29.6, 30.3, 34.1, 33.9, 34.0, 33.2]"
ga,4,53,58.654431196774,32.89000000000001,75.0,1.8380026253454154,5.3,12.376785714285715,22.465000000000003,10.088214285714285,True,0.0,hospital_corridor,28,12,"[11, 29, 47, 53, 61, 73, 89, 97, 101, 109]","[3.4193044586227197, 3.8385962259114383, 0.8990398171144139, 0.5, 1.0]","{""time"": 1.0, ""collisions"": 0.05, ""congestion"": 1.0, ""fairness"": 2.0, ""incomplete_base"": 1000.0, ""incomplete_agent"": 10.0}","[69.9259273875296, 70.67276091783864, 50.163473102551606, 51.491666666666674, 45.28133589006073, 51.31645246333828, 65.87539682539682, 66.57326007326007, 52.71778711484593, 62.52625152625153]","[36.2, 38.6, 29.3, 28.0, 29.8, 28.900000000000002, 36.0, 36.4, 30.6, 35.1]"
ga,4,54,167.6688396273434,28.740000000000002,2412.5,1.923839627343397,5.9,10.475,18.665000000000003,8.190000000000001,True,0.0,hospital_corridor,28,12,"[11, 29, 47, 53, 61, 73, 89, 97, 101, 109]","[4.2704058062899515, 2.687763501717672, 0.661249373606051, 0.5, 1.0]","{""time"": 1.0, ""collisions"": 0.05, ""congestion"": 1.0, ""fairness"": 2.0, ""incomplete_base"": 1000.0, ""incomplete_agent"": 10.0}","[199.99239631336408, 178.90357142857147, 135.323579109063, 154.3938961038961, 170.9170180987524, 137.50213585434173, 188.17751657625075, 217.2028485110056, 131.81971288515408, 162.45572139303482]","[31.0, 28.0, 27.900000000000002, 27.5, 27.1, 27.200000000000003, 31.6, 33.1, 27.200000000000003, 26.8]"
ga,4,55,74.03181430439204,30.270000000000003,486.2,1.874909542487271,5.6,11.958214285714286,20.746666666666663,8.788452380952382,True,0.0,hospital_corridor,28,12,"[11, 29, 47, 53, 61, 73, 89, 97, 101, 109]","[3.715081286285095, 2.6124687561476296, 0.8394059479572085, 0.5, 1.0]","{""time"": 1.0, ""collisions"": 0.05, ""congestion"": 1.0, ""fairness"": 2.0, ""incomplete_base"": 1000.0, ""incomplete_agent"": 10.0}","[105.71410256410257, 79.88579234972677, 59.759400230680505, 99.78280423280424, 51.6793542074364, 57.06511387163562, 92.24644970414202, 65.6703869047619, 68.44658421672555, 60.068154761904765]","[31.200000000000003, 30.5, 28.900000000000002, 32.4, 29.200000000000003, 27.6, 33.800000000000004, 32.0, 28.3, 28.8]"
ga,4,56,55.605098642229486,33.150000000000006,45.8,1.8798605469913903,5.6,13.068214285714285,22.210833333333333,9.142619047619046,True,0.0,hospital_corridor,28,12,"[11, 29, 47, 53, 61, 73, 89, 97, 101, 109]","[3.1942649747957854, 4.196873231433868, 0.8990650327130043, 0.5, 1.0]","{""time"": 1.0, ""collisions"": 0.05, ""congestion"": 1.0, ""fairness"": 2.0, ""incomplete_base"": 1000.0, ""incomplete_agent"": 10.0}","[75.75188261351053, 49.86345311130587, 52.05562191431757, 50.59857142857143, 38.80907335907336, 53.937941628264205, 59.27857142857144, 61.477938266719434, 53.192367601246104, 61.08556507071494]","[43.0, 32.6, 29.900000000000002, 30.0, 25.900000000000002, 31.0, 34.2, 36.1, 32.1, 36.7]"
ga,4,57,57.06827587529661,32.74,69.4,1.7904187324394598,5.4,12.48857142857143,22.0225,9.533928571428573,True,0.0,hospital_corridor,28,12,"[11, 29, 47, 53, 61, 73, 89, 97, 101, 109]","[3.4296402939260844, 4.011770835786926, 0.8902559396883541, 0.5, 1.0]","{""time"": 1.0, ""collisions"": 0.05, ""congestion"": 1.0, ""fairness"": 2.0, ""incomplete_base"": 1000.0, ""incomplete_agent"": 10.0}","[68.92152085640458, 56.665727391874185, 52.08635247913598, 52.91045751633987, 45.35043859649123, 53.32430786267996, 63.413354037267084, 68.74269356597601, 54.96192068800765, 54.305985758789504]","[38.7, 32.7, 29.1, 30.6, 30.400000000000002, 30.1, 34.5, 39.300000000000004, 29.900000000000002, 32.1]"
ga,4,58,60.855417976603086,36.92,42.2,1.776132262317366,5.4,13.830357142857144,23.855,10.024642857142858,True,0.0,hospital_corridor,28,12,"[11, 29, 47, 53, 61, 73, 89, 97, 101, 109]","[3.4055907455370216, 4.425756979491839, 0.9470143299660867, 0.5, 1.0]","{""time"": 1.0, ""collisions"": 0.05, ""congestion"": 1.0, ""fairness"": 2.0, ""incomplete_base"": 1000.0, ""incomplete_agent"": 10.0}","[72.42724399494311, 61.95023084025855, 51.23496324704378, 49.108948352755, 44.16461574728902, 71.5911149825784, 66.03240387063916, 77.00483554246442, 59.161850649350654, 55.87797253870875]","[45.2, 36.1, 29.8, 33.1, 30.3, 41.0, 37.4, 48.5, 35.2, 32.6]"
ga,4,59,59.96673114776594,35.540000000000006,35.8,1.6936359096706934,4.8,13.049285714285716,23.520833333333336,10.47154761904762,True,0.0,hospital_corridor,28,12,"[11, 29, 47, 53, 61, 73, 89, 97, 101, 109]","[3.6188707999079903, 4.427670334596239, 0.9643192726820261, 0.5, 1.0]","{""time"": 1.0, ""collisions"": 0.05, ""congestion"": 1.0, ""fairness"": 2.0, ""incomplete_base"": 1000.0, ""incomplete_agent"": 10.0}","[64.93817320379034, 58.325229741019214, 53.91729196729197, 53.75672877846792, 52.83983653162758, 52.52730004623209, 78.76608391608393, 67.57185886402753, 55.782348111658465, 61.24246031746031]","[39.7, 34.2, 29.700000000000003, 32.2, 33.5, 30.900000000000002, 42.900000000000006, 41.5, 34.800000000000004, 36.0]"
ga,5,0,54.880814759165645,33.27,43.7,1.8689099972608798,5.4,13.083214285714286,21.86166666666667,8.778452380952382,True,0.0,hospital_corridor,28,12,"[11, 29, 47, 53, 61, 73, 89, 97, 101, 109]","[3.7946564711927784, 4.420479331039527, 0.9452621186887544, 0.5, 1.0]","{""time"": 1.0, ""collisions"": 0.05, ""congestion"": 1.0, ""fairness"": 2.0, ""incomplete_base"": 1000.0, ""incomplete_agent"": 10.0}","[62.9904761904762, 48.5406162464986, 51.8372852233677, 48.27238095238095, 44.852789802789815, 52.17838468720822, 67.94801178203241, 57.574103798822904, 57.47030981067126, 57.1437890974084]","[37.800000000000004, 30.6, 29.1, 30.0, 29.700000000000003, 30.6, 38.800000000000004, 35.6, 33.2, 37.300000000000004]"
ga,5,1,54.95942406651909,33.080000000000005,44.9,1.7272812093762326,5.1,12.976428571428574,21.93,8.953571428571431,True,0.0,hospital_corridor,28,12,"[11, 29, 47, 53, 61, 73, 89, 97, 101, 109]","[3.3356420424815214, 3.999449447198067, 0.932323109830893, 0.5, 1.0]","{""time"": 1.0, ""collisions"": 0.05, ""congestion"": 1.0, ""fairness"": 2.0, ""incomplete_base"": 1000.0, ""incomplete_agent"": 10.0}","[67.71904761904761, 49.31676798378926, 49.88143500643501, 47.98861788617887, 41.607900432900436, 50.928173248821714, 62.71048151104018, 62.69192799070848, 62.499523809523815, 54.25036517674555]","[39.5, 32.9, 29.6, 28.700000000000003, 26.400000000000002, 29.3, 35.800000000000004, 41.0, 35.0, 32.6]"
ga,5,2,56.91006682416772,33.11,29.1,1.8319715860724812,5.0,12.664285714285716,22.92083333333333,10.25654761904762,True,0.0,hospital_corridor,28,12,"[11, 29, 47, 53, 61, 73, 89, 97, 101, 109]","[3.778718249838875, 4.82396456478851, 0.9390744501054502, 0.5, 1.0]","{""time"": 1.0, ""collisions"": 0.05, ""congestion"": 1.0, ""fairness"": 2.0, ""incomplete_base"": 1000.0, ""incomplete_agent"": 10.0}","[51.72938294288777, 70.7920634920635, 49.94631441617743, 53.55820105820105, 66.13232224396609, 49.8874007936508, 62.41081673025293, 58.49224664224664, 52.06882686849575, 54.083093053735254]","[31.1, 41.400000000000006, 29.200000000000003, 32.4, 36.5, 28.8, 33.7, 35.1, 30.200000000000003, 32.7]"
ga,5,3,60.280731996470394,31.73,170.9,1.8426367583751513,5.3,11.876785714285717,20.958333333333336,9.08154761904762,True,0.0,hospital_corridor,28,12,"[11, 29, 47, 53, 61, 73, 89, 97, 101, 109]","[3.7580422259649264, 4.251501931477212, 0.8205207313552381, 0.5, 1.0]","{""time"": 1.0, ""collisions"": 0.05, ""congestion"": 1.0, ""fairness"": 2.0, ""incomplete_base"": 1000.0, ""incomplete_agent"": 10.0}","[83.45567765567766, 55.47173218280601, 56.454142204827136, 53.506079027355625, 45.248025551684094, 52.088633993743485, 66.72162236987819, 67.10257193786606, 59.039367253750825, 63.71946778711484]","[39.0, 29.8, 29.200000000000003, 28.200000000000003, 28.700000000000003, 27.400000000000002, 34.4, 37.4, 29.200000000000003, 34.0]"
ga,5,4,56.98242285598047,32.82,91.7,1.7136133321709437,5.5,12.386428571428572,21.318333333333335,8.931904761904761,True,0.0,hospital_corridor,28,12,"[11, 29, 47, 53, 61, 73, 89, 97, 101, 109]","[3.1494882886795486, 3.5594134809738125, 0.8668937985401239, 0.5, 1.0]","{""time"": 1.0, ""collisions"": 0.05, ""congestion"": 1.0, ""fairness"": 2.0, ""incomplete_base"": 1000.0, ""incomplete_agent"": 10.0}","[66.17308488612836, 50.58773357444244, 50.951319176319174, 65.4171130952381, 45.58333333333333, 53.29040255277369, 65.2890977443609, 60.31916868442292, 55.14070660522273, 57.072268907563036]","[36.800000000000004, 31.6, 29.6, 38.400000000000006, 29.8, 29.1, 34.2, 35.4, 31.0, 32.300000000000004]"
ga,5,5,60.11978657634669,36.06,59.5,1.6495484811085883,5.1,13.63571428571429,23.35333333333333,9.71761904761905,True,0.0,hospital_corridor,28,12,"[11, 29, 47, 53, 61, 73, 89, 97, 101, 109]","[3.186901104997105, 3.824084116723591, 0.9440684830338659, 0.5, 1.0]","{""time"": 1.0, ""collisions"": 0.05, ""congestion"": 1.0, ""fairness"": 2.0, ""incomplete_base"": 1000.0, ""incomplete_agent"": 10.0}","[77.67862493311932, 49.45793650793651, 52.33988095238095, 70.3076411960133, 47.73095238095238, 53.38248587570621, 64.0836981031967, 66.74672837350101, 62.16302521008403, 57.306892230576445]","[44.5, 31.5, 30.400000000000002, 43.0, 35.0, 29.5, 35.9, 40.900000000000006, 35.7, 34.2]"
ga,5,6,63.2144987992676,36.760000000000005,56.4,1.620451180219979,5.1,13.797142857142859,24.804166666666667,11.007023809523808,True,0.0,hospital_corridor,28,12,"[11, 29, 47, 53, 61, 73, 89, 97, 101, 109]","[2.6039852522289233, 3.8010726075137264, 0.8767297642158285, 0.5, 1.0]","{""time"": 1.0, ""collisions"": 0.05, ""congestion"": 1.0, ""fairness"": 2.0, ""incomplete_base"": 1000.0, ""incomplete_agent"": 10.0}","[84.98511187607573, 49.63230008984725, 55.155646669543955, 52.4440818499924, 57.608455348898566, 60.296605876393116, 78.32677708764666, 69.15877192982457, 55.85692307692308, 68.68031418753068]","[49.800000000000004, 31.8, 33.1, 31.3, 36.1, 32.9, 41.400000000000006, 39.900000000000006, 32.5, 38.800000000000004]"
ga,5,7,1199.739056514437,36.72,2855.7,1.8649006702811346,5.7,11.509285714285713,20.193863636363638,8.684577922077924,False,0.1,hospital_corridor,28,12,"[11, 29, 47, 53, 61, 73, 89, 97, 101, 109]","[3.3880181986257596, 3.6743686062627408, 0.5606198286997257, 0.5, 1.0]","{""time"": 1.0, ""collisions"": 0.05, ""congestion"": 1.0, ""fairness"": 2.0, ""incomplete_base"": 1000.0, ""incomplete_agent"": 10.0}","[1295.1562727272728, 185.59012775842044, 165.70743321718933, 174.13639910813825, 202.10327910523642, 154.3504329004329, 211.63928571428573, 243.14389323452724, 172.57521200260925, 192.98822937625758]","[100.0, 28.700000000000003, 28.700000000000003, 29.900000000000002, 28.1, 27.5, 32.0, 34.7, 29.200000000000003, 28.400000000000002]"
ga,5,8,1203.8797000706102,38.0,2909.7,1.837167603077687,6.0,11.829642857142858,20.608409090909092,8.778766233766234,False,0.1,hospital_corridor,28,12,"[11, 29, 47, 53, 61, 73, 89, 97, 101, 109]","[3.1355425006193682, 4.637499791116142, 0.5570595687967046, 0.5, 1.0]","{""time"": 1.0, ""collisions"": 0.05, ""congestion"": 1.0, ""fairness"": 2.0, ""incomplete_base"": 1000.0, ""incomplete_agent"": 10.0}","[1294.3034675324675, 190.74934768427923, 171.04598825831704, 186.56732762505638, 177.76271777003487, 153.18663926002057, 226.09880952380954, 244.67073270568972, 198.915664160401, 195.4963061860258]","[100.0, 29.200000000000003, 29.200000000000003, 31.700000000000003, 28.700000000000003, 27.8, 36.0, 34.9, 30.400000000000002, 32.1]"
ga,5,9,58.503544412826635,32.96,86.1,1.8187825080647315,5.3,12.439285714285715,22.149166666666666,9.709880952380953,True,0.0,hospital_corridor,28,12,"[11, 29, 47, 53, 61, 73, 89, 97, 101, 109]","[3.634410413656054, 3.9190656877357655, 0.8924495541530867, 0.5, 1.0]","{""time"": 1.0, ""collisions"": 0.05, ""congestion"": 1.0, ""fairness"": 2.0, ""incomplete_base"": 1000.0, ""incomplete_agent"": 10.0}","[73.60547263681593, 58.24334243251441, 51.44148257241041, 66.6066924066924, 46.76610169491526, 51.79765234765235, 61.35479059093517, 59.83633360858795, 59.15535714285714, 56.228218694885356]","[40.2, 31.400000000000002, 29.1, 37.0, 29.5, 28.6, 33.2, 34.6, 33.6, 32.4]"
ga,5,10,56.827181650052005,32.9,77.8,1.7717054595758104,5.3,12.56642857142857,21.69916666666667,9.132738095238096,True,0.0,hospital_corridor,28,12,"[11, 29, 47, 53, 61, 73, 89, 97, 101, 109]","[3.212314270677519, 3.617252063578008, 0.8855008579494563, 0.5, 1.0]","{""time"": 1.0, ""collisions"": 0.05, ""congestion"": 1.0, ""fairness"": 2.0, ""incomplete_base"": 1000.0, ""incomplete_agent"": 10.0}","[78.36929469901168, 50.00434173669468, 52.411089805049535, 53.86446886446887, 38.65492801771872, 51.736371100164206, 64.29693301049232, 61.327882723337275, 60.58457556935818, 57.02193097422456]","[42.400000000000006, 30.6, 29.8, 32.5, 25.8, 29.0, 35.4, 36.300000000000004, 34.5, 32.7]"
ga,5,11,61.28756401982521,30.75,223.6,1.8447068769680712,5.3,11.868571428571428,20.625,8.756428571428572,True,0.0,hospital_corridor,28,12,"[11, 29, 47, 53, 61, 73, 89, 97, 101, 109]","[4.3082334208859, 3.5954438244176874, 0.878861161943137, 0.5, 1.0]","{""time"": 1.0, ""collisions"": 0.05, ""congestion"": 1.0, ""fairness"": 2.0, ""incomplete_base"": 1000.0, ""incomplete_agent"": 10.0}","[79.62660098522167, 65.82755566390378, 52.48452380952381, 64.43690476190476, 46.48688799463448, 53.344112554112556, 70.52061457061458, 72.0725988700565, 55.03112554112555, 53.04471544715447]","[34.800000000000004, 29.3, 28.8, 32.0, 28.400000000000002, 27.5, 35.1, 35.4, 27.5, 28.700000000000003]"
ga,5,12,118.9296294282983,28.79,1419.3,1.9412960949649645,5.8,11.005,19.621666666666666,8.616666666666667,True,0.0,hospital_corridor,28,12,"[11, 29, 47, 53, 61, 73, 89, 97, 101, 109]","[3.7849464229540732, 4.233864086490415, 0.7010547861289638, 0.5, 1.0]","{""time"": 1.0, ""collisions"": 0.05, ""congestion"": 1.0, ""fairness"": 2.0, ""incomplete_base"": 1000.0, ""incomplete_agent"": 10.0}","[164.41531986531987, 116.76306755260244, 83.57003968253969, 141.21244588744588, 103.22410922410924, 95.48351648351648, 133.37137532329226, 129.11042154566746, 117.04463203463203, 105.10136668385766]","[29.700000000000003, 30.1, 28.8, 26.400000000000002, 28.6, 27.3, 31.3, 30.5, 27.5, 27.700000000000003]"
ga,5,13,57.46957345514393,33.75,62.4,1.818382978953452,5.4,12.74357142857143,22.13416666666667,9.390595238095239,True,0.0,hospital_corridor,28,12,"[11, 29, 47, 53, 61, 73, 89, 97, 101, 109]","[3.751814052849728, 4.344332606727523, 0.9068068509202603, 0.5, 1.0]","{""time"": 1.0, ""collisions"": 0.05, ""congestion"": 1.0, ""fairness"": 2.0, ""incomplete_base"": 1000.0, ""incomplete_agent"": 10.0}","[66.41855184233077, 55.70048651039364, 48.337540769732556, 68.26791153009427, 48.93031946955998, 51.80494505494505, 60.342713876381495, 68.21605826605827, 52.87926521602019, 53.79794201592309]","[38.900000000000006, 32.300000000000004, 29.200000000000003, 39.400000000000006, 31.6, 28.6, 34.9, 40.7, 30.200000000000003, 31.700000000000003]"
ga,5,14,59.69980086986669,33.910000000000004,93.2,1.7317056317714374,5.4,12.639285714285716,22.338333333333335,9.69904761904762,True,0.0,hospital_corridor,28,12,"[11, 29, 47, 53, 61, 73, 89, 97, 101, 109]","[3.144404151643121, 3.558910364806388, 0.874770606890781, 0.5, 1.0]","{""time"": 1.0, ""collisions"": 0.05, ""congestion"": 1.0, ""fairness"": 2.0, ""incomplete_base"": 1000.0, ""incomplete_agent"": 10.0}","[73.8318733153639, 63.10829995549622, 51.00962000962002, 67.78369963369963, 46.38498964803313, 52.524007249958814, 66.3732729711603, 61.58930523028884, 54.116666666666674, 60.27627401837928]","[42.400000000000006, 32.1, 29.700000000000003, 39.0, 29.900000000000002, 28.900000000000002, 35.5, 36.6, 30.8, 34.2]"
ga,5,15,57.85185495537977,31.53,135.7,1.8880454315702475,5.5,12.533928571428572,21.358333333333334,8.824404761904763,True,0.0,hospital_corridor,28,12,"[11, 29, 47, 53, 61, 73, 89, 97, 101, 109]","[3.3929189679016756, 3.423819215332947, 0.8673112685907018, 0.5, 1.0]","{""time"": 1.0, ""collisions"": 0.05, ""congestion"": 1.0, ""fairness"": 2.0, ""incomplete_base"": 1000.0, ""incomplete_agent"": 10.0}","[66.31264367816092, 52.05247493734336, 57.38030303030303, 56.71405529953917, 46.562289562289564, 52.08827838827839, 68.69029727497936, 61.109959758551305, 55.37929125138428, 62.228956372968355]","[29.0, 30.400000000000002, 33.0, 31.0, 29.700000000000003, 28.6, 34.6, 35.5, 30.1, 33.4]"
ga,5,16,56.89027813324543,33.290000000000006,72.7,1.793611466578763,5.6,12.595000000000002,21.680833333333332,9.085833333333333,True,0.0,hospital_corridor,28,12,"[11, 29, 47, 53, 61, 73, 89, 97, 101, 109]","[3.5684507341954705, 3.9662249562612786, 0.9053343183980508, 0.5, 1.0]","{""time"": 1.0, ""collisions"": 0.05, ""congestion"": 1.0, ""fairness"": 2.0, ""incomplete_base"": 1000.0, ""incomplete_agent"": 10.0}","[67.66319875776398, 63.04746543778802, 48.26333985649055, 53.47290100250626, 45.59345839345839, 53.754058804729944, 59.99369747899159, 68.59810828440966, 54.7551876379691, 53.761365678346806]","[36.800000000000004, 37.2, 29.200000000000003, 30.400000000000002, 29.700000000000003, 29.8, 34.0, 43.800000000000004, 30.200000000000003, 31.8]"
ga,5,17,1073.756481956845,41.45,72.0,1.6986057663687049,4.9,12.907728571428573,22.411666666666665,9.503938095238095,False,0.8,hospital_corridor,28,12,"[11, 29, 47, 53, 61, 73, 89, 97, 101, 109]","[3.3216716406827325, 4.035352009625573, 0.8975195837352693, 0.5, 1.0]","{""time"": 1.0, ""collisions"": 0.05, ""congestion"": 1.0, ""fairness"": 2.0, ""incomplete_base"": 1000.0, ""incomplete_agent"": 10.0}","[82.54687320711417, 62.20470487596236, 52.2931216931217, 59.878393175452, 38.975699745547075, 51.91483268983269, 61.62424180046659, 1197.396, 58.34761904761904, 72.38333333333333]","[49.800000000000004, 33.4, 29.700000000000003, 37.4, 26.200000000000003, 29.6, 34.7, 100.0, 32.5, 41.2]"
ga,5,18,1114.2045608568637,67.67999999999999,119.1,1.0673762081791325,5.0,12.892589493839495,22.64368181818182,9.751092324342324,False,2.0,hospital_corridor,28,12,"[11, 29, 47, 53, 61, 73, 89, 97, 101, 109]","[4.1306350026853025, 3.9204107526276206, 1.045022982428181, 0.5, 1.0]","{""time"": 1.0, ""collisions"": 0.05, ""congestion"": 1.0, ""fairness"": 2.0, ""incomplete_base"": 1000.0, ""incomplete_agent"": 10.0}","[84.55410565137218, 1172.5473333333334, 51.43200703100031, 1156.9516666666666, 1184.0651818181818, 1160.4284265734266, 1153.3557142857144, 64.39517443340972, 57.793447113358624, 56.52255166217431]","[43.900000000000006, 100.0, 29.8, 100.0, 100.0, 100.0, 100.0, 37.4, 33.9, 31.8]"
ga,5,19,1222.8323323235625,100.0,27.3,0.4003,3.8,13.737802380787281,23.271318542568544,9.533516161781264,False,10.2,hospital_corridor,28,12,"[11, 29, 47, 53, 61, 73, 89, 97, 101, 109]","[3.597976986222055, 3.8658147754678263, 1.3686379069238335, 0.5, 1.0]","{""time"": 1.0, ""collisions"": 0.05, ""congestion"": 1.0, ""fairness"": 2.0, ""incomplete_base"": 1000.0, ""incomplete_agent"": 10.0}","[1213.7524545454546, 1261.9495454545454, 1209.856797979798, 1237.3165321637427, 1230.8480526315789, 1203.4430628019325, 1205.0040909090908, 1212.3677391304348, 1179.0802222222223, 1274.7048253968255]","[100.0, 100.0, 100.0, 100.0, 100.0, 100.0, 100.0, 100.0, 100.0, 100.0]"
ga,5,20,57.10818759264146,34.52,28.6,1.6760447354986006,5.4,13.218928571428574,22.96,9.741071428571427,True,0.0,hospital_corridor,28,12,"[11, 29, 47, 53, 61, 73, 89, 97, 101, 109]","[3.0519917032798216, 4.014444892200267, 0.9493374371021961, 0.5, 1.0]","{""time"": 1.0, ""collisions"": 0.05, ""congestion"": 1.0, ""fairness"": 2.0, ""incomplete_base"": 1000.0, ""incomplete_agent"": 10.0}","[58.52777777777778, 52.64672861014324, 52.49977940057813, 58.35039138943249, 41.397110659210306, 61.84613821138212, 64.66750356818477, 63.23914285714285, 54.313239875389414, 63.5940635771735]","[36.0, 36.9, 31.3, 36.5, 28.1, 32.800000000000004, 36.7, 37.5, 32.1, 37.300000000000004]"
ga,5,21,1240.343742697241,100.0,9.0,0.4217000000000001,3.6,14.256152893803824,26.492174242424245,12.23602134862042,False,11.5,hospital_corridor,28,12,"[11, 29, 47, 53, 61, 73, 89, 97, 101, 109]","[3.279882969307852, 4.324539815725347, 1.336924513450834, 0.5, 1.0]","{""time"": 1.0, ""collisions"": 0.05, ""congestion"": 1.0, ""fairness"": 2.0, ""incomplete_base"": 1000.0, ""incomplete_agent"": 10.0}","[1228.803052631579, 1272.1015324675325, 1269.0483529411765, 1253.2015730994153, 1227.7125789473685, 1225.7791818181818, 1192.2336666666667, 1203.9626153846154, 1192.5634444444445, 1338.0314285714285]","[100.0, 100.0, 100.0, 100.0, 100.0, 100.0, 100.0, 100.0, 100.0, 100.0]"
ga,5,22,1206.6631566213368,37.2,2980.0,1.8690440672242041,5.9,11.671428571428573,20.468484848484852,8.797056277056276,False,0.1,hospital_corridor,28,12,"[11, 29, 47, 53, 61, 73, 89, 97, 101, 109]","[3.6031581210792387, 3.1682534605628043, 0.5172019941332966, 0.5, 1.0]","{""time"": 1.0, ""collisions"": 0.05, ""congestion"": 1.0, ""fairness"": 2.0, ""incomplete_base"": 1000.0, ""incomplete_agent"": 10.0}","[1343.8089350649352, 180.71917293233082, 161.08199195171028, 196.1264461489294, 192.80515729757607, 158.6485401459854, 198.65749559082894, 286.26090225563917, 167.86543564794337, 180.65748917748917]","[100.0, 28.5, 28.400000000000002, 29.8, 27.700000000000003, 27.400000000000002, 32.4, 38.0, 32.300000000000004, 27.5]"
ga,5,23,1072.3862417278178,39.1,129.2,2.059034768110862,5.4,12.256813186813186,21.64041666666667,9.383603479853479,False,0.6,hospital_corridor,28,12,"[11, 29, 47, 53, 61, 73, 89, 97, 101, 109]","[3.7663218566368695, 3.8989829229129427, 0.8785216363970878, 0.5, 1.0]","{""time"": 1.0, ""collisions"": 0.05, ""congestion"": 1.0, ""fairness"": 2.0, ""incomplete_base"": 1000.0, ""incomplete_agent"": 10.0}","[74.59258089976322, 71.7078431372549, 53.70061969993477, 50.29449888258552, 46.125261324041816, 51.73601823708207, 1187.6753076923078, 74.51049631120054, 55.93305322128852, 57.58673787271918]","[36.2, 37.4, 29.200000000000003, 27.700000000000003, 28.700000000000003, 28.200000000000003, 100.0, 42.6, 28.900000000000002, 32.1]"
ga,5,24,1110.7589518601974,66.56,26.2,1.3407658795113095,4.5,14.111967615717617,26.386060606060607,12.274092990342991,False,1.7,hospital_corridor,28,12,"[11, 29, 47, 53, 61, 73, 89, 97, 101, 109]","[3.394632442377775, 4.549612387756244, 1.0085273201968452, 0.5, 1.0]","{""time"": 1.0, ""collisions"": 0.05, ""congestion"": 1.0, ""fairness"": 2.0, ""incomplete_base"": 1000.0, ""incomplete_agent"": 10.0}","[96.856608811749, 1192.565090909091, 55.6889724310777, 1135.3454102564103, 1164.4022121212122, 65.01061339790154, 1179.3023846153847, 85.78443861103436, 74.68782953006148, 57.94595791805094]","[64.2, 100.0, 34.2, 100.0, 100.0, 35.4, 100.0, 51.7, 45.7, 34.4]"
ga,5,25,59.29020679847726,35.92,28.9,1.7673496556201116,5.2,13.333571428571428,23.4125,10.078928571428571,True,0.0,hospital_corridor,28,12,"[11, 29, 47, 53, 61, 73, 89, 97, 101, 109]","[3.2419946342943553, 4.730239589351889, 0.9150495523142098, 0.5, 1.0]","{""time"": 1.0, ""collisions"": 0.05, ""congestion"": 1.0, ""fairness"": 2.0, ""incomplete_base"": 1000.0, ""incomplete_agent"": 10.0}","[67.51402116402117, 49.142407906558844, 51.35681282413955, 62.370851370851376, 55.688334015554645, 57.2430029154519, 72.50797019072881, 59.24394115369725, 61.758738601823715, 56.07598784194529]","[43.2, 31.8, 30.3, 39.6, 34.9, 34.300000000000004, 37.7, 36.9, 37.6, 32.9]"
ga,5,26,55.78443840569943,34.260000000000005,26.5,1.765866977127994,5.0,13.405714285714287,22.6225,9.216785714285715,True,0.0,hospital_corridor,28,12,"[11, 29, 47, 53, 61, 73, 89, 97, 101, 109]","[3.260090933664695, 4.361200285494161, 0.9346176436808138, 0.5, 1.0]","{""time"": 1.0, ""collisions"": 0.05, ""congestion"": 1.0, ""fairness"": 2.0, ""incomplete_base"": 1000.0, ""incomplete_agent"": 10.0}","[52.304072096128166, 56.622897669706184, 50.99771524771525, 49.32272727272728, 47.62639751552795, 60.91278195488722, 65.69411618050361, 60.27878787878788, 56.228571428571435, 57.856316812439275]","[32.1, 32.9, 29.700000000000003, 30.8, 34.5, 38.0, 38.2, 38.5, 33.6, 34.300000000000004]"
ga,5,27,60.882630319970644,38.21,23.0,1.6281065104468333,5.3,13.818571428571431,23.765833333333337,9.947261904761906,True,0.0,hospital_corridor,28,12,"[11, 29, 47, 53, 61, 73, 89, 97, 101, 109]","[3.296694308454872, 4.918651691613972, 0.9389209650231212, 0.5, 1.0]","{""time"": 1.0, ""collisions"": 0.05, ""congestion"": 1.0, ""fairness"": 2.0, ""incomplete_base"": 1000.0, ""incomplete_agent"": 10.0}","[73.66111111111111, 50.75062893081761, 51.027619047619055, 61.95680609712868, 51.60099502487562, 61.90932596534316, 67.67607799025123, 66.97062521830249, 54.538405797101454, 68.73470801715607]","[50.400000000000006, 31.8, 30.0, 40.300000000000004, 40.2, 34.9, 38.1, 40.900000000000006, 32.2, 43.300000000000004]"
ga,5,28,59.641275443044385,35.7,63.1,1.7338944906634215,4.9,13.299642857142857,22.825833333333335,9.526190476190479,True,0.0,hospital_corridor,28,12,"[11, 29, 47, 53, 61, 73, 89, 97, 101, 109]","[3.343687400723506, 3.9364899663019752, 0.9012191737424737, 0.5, 1.0]","{""time"": 1.0, ""collisions"": 0.05, ""congestion"": 1.0, ""fairness"": 2.0, ""incomplete_base"": 1000.0, ""incomplete_agent"": 10.0}","[66.87091177556294, 47.740421901659694, 53.325611325611334, 79.97745487916795, 52.579670329670336, 51.16583011583012, 65.90790679908326, 66.19336537399184, 56.9134211609716, 55.73816076889472]","[38.7, 30.700000000000003, 29.6, 46.7, 33.800000000000004, 29.6, 37.4, 43.1, 34.7, 32.7]"
ga,5,29,193.0725252862697,30.23,2874.4,1.9851443338887733,5.9,11.697142857142856,20.265833333333337,8.568690476190476,True,0.0,hospital_corridor,28,12,"[11, 29, 47, 53, 61, 73, 89, 97, 101, 109]","[3.3154614879713677, 3.3706305452806737, 0.6204890243758943, 0.5, 1.0]","{""time"": 1.0, ""collisions"": 0.05, ""congestion"": 1.0, ""fairness"": 2.0, ""incomplete_base"": 1000.0, ""incomplete_agent"": 10.0}","[233.4508658008658, 197.971626984127, 167.15151590047788, 189.19181692094315, 174.51590947333, 155.55300207039335, 210.84543712221733, 249.69623655913978, 173.63491798057018, 178.7139240506329]","[33.0, 28.8, 28.900000000000002, 30.900000000000002, 28.3, 27.6, 32.300000000000004, 31.0, 29.900000000000002, 31.6]"
ga,5,30,67.69546496160974,34.699999999999996,228.8,1.880226866371649,5.3,12.613214285714287,22.450833333333335,9.837619047619047,True,0.0,hospital_corridor,28,12,"[11, 29, 47, 53, 61, 73, 89, 97, 101, 109]","[3.865552172355361, 3.5103282381347167, 0.8933077181513916, 0.5, 1.0]","{""time"": 1.0, ""collisions"": 0.05, ""congestion"": 1.0, ""fairness"": 2.0, ""incomplete_base"": 1000.0, ""incomplete_agent"": 10.0}","[93.80383022774326, 72.61569292624702, 54.28231174822871, 59.548323982160845, 46.501202749140894, 74.88656509695292, 64.5442857142857, 81.99357469015004, 61.97435897435898, 66.80450350682909]","[34.5, 37.9, 28.900000000000002, 33.1, 29.1, 36.1, 35.0, 43.800000000000004, 29.900000000000002, 38.7]"
ga,5,31,59.983112478414654,30.939999999999998,179.4,1.831683906986089,5.9,11.744285714285715,20.865000000000002,9.120714285714287,True,0.0,hospital_corridor,28,12,"[11, 29, 47, 53, 61, 73, 89, 97, 101, 109]","[4.026877034869624, 3.430034258412391, 0.8979575843048331, 0.5, 1.0]","{""time"": 1.0, ""collisions"": 0.05, ""congestion"": 1.0, ""fairness"": 2.0, ""incomplete_base"": 1000.0, ""incomplete_agent"": 10.0}","[71.66830065359478, 65.96190476190476, 53.42192118226602, 69.33350996184825, 45.12797619047619, 53.14336372847012, 72.335347985348, 59.38510266491919, 54.72995120309608, 54.72374645222328]","[30.6, 31.5, 29.0, 33.7, 28.8, 28.200000000000003, 36.4, 32.7, 28.3, 30.200000000000003]"
ga,5,32,62.19039098163818,32.82,180.4,1.7084862197334167,5.2,12.288214285714286,21.609166666666663,9.32095238095238,True,0.0,hospital_corridor,28,12,"[11, 29, 47, 53, 61, 73, 89, 97, 101, 109]","[3.325206281638121, 2.8530365655328875, 0.9178738432585307, 0.5, 1.0]","{""time"": 1.0, ""collisions"": 0.05, ""congestion"": 1.0, ""fairness"": 2.0, ""incomplete_base"": 1000.0, ""incomplete_agent"": 10.0}","[83.5965261514442, 50.888533834586475, 51.98469387755102, 84.91718146718146, 48.84754133107249, 55.35986394557824, 66.60914786967419, 59.216871555743964, 61.39415584415584, 59.08939393939394]","[36.6, 30.400000000000002, 29.400000000000002, 37.0, 33.7, 29.400000000000002, 34.2, 33.7, 30.8, 33.0]"
ga,5,33,58.70551865551343,33.95,95.1,1.716471036465806,5.4,12.687142857142858,21.829166666666673,9.14202380952381,True,0.0,hospital_corridor,28,12,"[11, 29, 47, 53, 61, 73, 89, 97, 101, 109]","[3.4294264718022207, 3.5850223154670893, 0.9123367726546506, 0.5, 1.0]","{""time"": 1.0, ""collisions"": 0.05, ""congestion"": 1.0, ""fairness"": 2.0, ""incomplete_base"": 1000.0, ""incomplete_agent"": 10.0}","[76.04025583145223, 60.915079365079364, 52.13945578231293, 44.63320802005013, 47.3410008071025, 51.943838978890525, 70.53378798755685, 65.985347985348, 60.03001752848378, 57.493194268857984]","[44.300000000000004, 36.0, 29.400000000000002, 28.5, 29.5, 29.1, 39.800000000000004, 36.4, 32.6, 33.9]"
ga,5,34,55.7254896877761,33.45,22.4,1.7481087353951401,5.2,13.147142857142859,22.850833333333334,9.703690476190477,True,0.0,hospital_corridor,28,12,"[11, 29, 47, 53, 61, 73, 89, 97, 101, 109]","[3.1883840014838727, 4.582866551962939, 0.9281763103329974, 0.5, 1.0]","{""time"": 1.0, ""collisions"": 0.05, ""congestion"": 1.0, ""fairness"": 2.0, ""incomplete_base"": 1000.0, ""incomplete_agent"": 10.0}","[65.30598604480353, 49.537632482460076, 51.348117386489484, 47.443938711131146, 40.69967824967826, 57.050914676721135, 63.520481380563126, 67.2749847765193, 57.51135972461273, 57.56180344478217]","[38.900000000000006, 31.900000000000002, 30.1, 31.700000000000003, 25.900000000000002, 34.1, 36.7, 39.1, 33.2, 32.9]"
ga,5,35,55.81622096123547,32.64,46.9,1.8512209612354682,5.1,12.7075,22.197499999999998,9.49,True,0.0,hospital_corridor,28,12,"[11, 29, 47, 53, 61, 73, 89, 97, 101, 109]","[3.51478802557876, 4.697187732910987, 0.8871981306352317, 0.5, 1.0]","{""time"": 1.0, ""collisions"": 0.05, ""congestion"": 1.0, ""fairness"": 2.0, ""incomplete_base"": 1000.0, ""incomplete_agent"": 10.0}","[67.48583535108959, 58.75487664945497, 52.6196164472615, 57.760772608755325, 37.62872023809524, 49.98603559070688, 68.4678824721378, 58.181599769817296, 52.8984022556391, 54.37846822939703]","[41.300000000000004, 33.2, 29.3, 34.7, 25.6, 28.900000000000002, 37.6, 33.1, 30.400000000000002, 32.300000000000004]"
ga,5,36,57.75582081733662,34.85,25.6,1.776297007812806,5.0,13.503571428571428,23.428333333333335,9.924761904761905,True,0.0,hospital_corridor,28,12,"[11, 29, 47, 53, 61, 73, 89, 97, 101, 109]","[3.088935529348797, 4.676578804165015, 0.9227777676099089, 0.5, 1.0]","{""time"": 1.0, ""collisions"": 0.05, ""congestion"": 1.0, ""fairness"": 2.0, ""incomplete_base"": 1000.0, ""incomplete_agent"": 10.0}","[65.91118637110017, 68.59047619047618, 51.100952380952386, 50.72215935879302, 39.528571428571425, 61.641721275666235, 65.00938486800555, 62.211387163561085, 55.6370695970696, 57.20529953917051]","[46.400000000000006, 42.0, 30.0, 30.3, 26.0, 32.7, 37.7, 36.800000000000004, 32.5, 34.1]"
ga,5,37,61.22973778379708,36.12,62.8,1.6428330218923133,5.5,13.495714285714286,23.659166666666668,10.163452380952382,True,0.0,hospital_corridor,28,12,"[11, 29, 47, 53, 61, 73, 89, 97, 101, 109]","[3.1084257159268507, 3.992261766712504, 0.9104908583301757, 0.5, 1.0]","{""time"": 1.0, ""collisions"": 0.05, ""congestion"": 1.0, ""fairness"": 2.0, ""incomplete_base"": 1000.0, ""incomplete_agent"": 10.0}","[96.29532627865962, 50.25113871635611, 51.805149501661134, 66.52537202380954, 41.01396103896104, 54.059426296115724, 64.88556067588326, 72.02443403590945, 53.42831361844101, 62.00869565217393]","[56.7, 32.2, 30.1, 38.400000000000006, 26.400000000000002, 29.3, 37.2, 42.7, 31.400000000000002, 36.800000000000004]"
ga,5,38,56.21949284533262,32.730000000000004,63.6,1.9783023691421326,5.3,12.89857142857143,22.064166666666672,9.16559523809524,True,0.0,hospital_corridor,28,12,"[11, 29, 47, 53, 61, 73, 89, 97, 101, 109]","[3.357119277251777, 3.987734494469793, 0.9049626883946147, 0.5, 1.0]","{""time"": 1.0, ""collisions"": 0.05, ""congestion"": 1.0, ""fairness"": 2.0, ""incomplete_base"": 1000.0, ""incomplete_agent"": 10.0}","[71.63021346469623, 50.98745421245422, 51.15479407979408, 48.733834586466166, 39.00421245421245, 52.23754208754209, 62.195652173913054, 59.10794995964487, 70.5999192897498, 56.54335614485315]","[37.7, 31.200000000000003, 29.6, 28.5, 26.0, 29.700000000000003, 34.5, 35.4, 41.300000000000004, 33.4]"
ga,5,39,56.92894766609831,33.980000000000004,22.0,1.9210905232411573,5.2,13.421071428571429,23.385,9.963928571428573,True,0.0,hospital_corridor,28,12,"[11, 29, 47, 53, 61, 73, 89, 97, 101, 109]","[3.220608776999365, 4.468280446968338, 0.9461632744848457, 0.5, 1.0]","{""time"": 1.0, ""collisions"": 0.05, ""congestion"": 1.0, ""fairness"": 2.0, ""incomplete_base"": 1000.0, ""incomplete_agent"": 10.0}","[59.47545787545788, 53.84815644125989, 52.51224937343359, 51.25238095238095, 38.959660645867544, 54.05238095238096, 65.0787210172027, 72.48450604122246, 55.66377392078327, 65.9621894409938]","[39.0, 31.900000000000002, 30.400000000000002, 33.6, 26.1, 31.5, 38.2, 40.2, 32.1, 36.800000000000004]"
ga,5,40,55.131987557848376,31.320000000000004,86.0,1.786273272134086,5.5,12.302142857142858,21.165,8.862857142857143,True,0.0,hospital_corridor,28,12,"[11, 29, 47, 53, 61, 73, 89, 97, 101, 109]","[3.5785781839797117, 3.85000984667174, 0.9058015673839577, 0.5, 1.0]","{""time"": 1.0, ""collisions"": 0.05, ""congestion"": 1.0, ""fairness"": 2.0, ""incomplete_base"": 1000.0, ""incomplete_agent"": 10.0}","[59.905149501661136, 50.23015873015873, 51.207362262311065, 64.70553935860059, 44.76259079903148, 51.55625, 59.74850746268657, 58.36401591798193, 55.5936770734784, 55.24662447257384]","[30.1, 30.6, 29.3, 34.300000000000004, 29.5, 28.8, 33.5, 35.300000000000004, 30.200000000000003, 31.6]"
ga,5,41,54.95942406651909,33.080000000000005,44.9,1.7272812093762326,5.1,12.976428571428574,21.93,8.953571428571431,True,0.0,hospital_corridor,28,12,"[11, 29, 47, 53, 61, 73, 89, 97, 101, 109]","[3.3356420424815214, 3.999449447198067, 0.932323109830893, 0.5, 1.0]","{""time"": 1.0, ""collisions"": 0.05, ""congestion"": 1.0, ""fairness"": 2.0, ""incomplete_base"": 1000.0, ""incomplete_agent"": 10.0}","[67.71904761904761, 49.31676798378926, 49.88143500643501, 47.98861788617887, 41.607900432900436, 50.928173248821714, 62.71048151104018, 62.69192799070848, 62.499523809523815, 54.25036517674555]","[39.5, 32.9, 29.6, 28.700000000000003, 26.400000000000002, 29.3, 35.800000000000004, 41.0, 35.0, 32.6]"
ga,5,42,59.29557006814097,35.74,41.0,1.7267605443314398,5.2,13.171428571428573,23.060833333333335,9.889404761904764,True,0.0,hospital_corridor,28,12,"[11, 29, 47, 53, 61, 73, 89, 97, 101, 109]","[3.6634584258874647, 4.624041165910455, 0.9338476348445954, 0.5, 1.0]","{""time"": 1.0, ""collisions"": 0.05, ""congestion"": 1.0, ""fairness"": 2.0, ""incomplete_base"": 1000.0, ""incomplete_agent"": 10.0}","[65.10675146771037, 74.52287239838728, 52.72514347758647, 55.396894409937886, 45.27298444130127, 51.557749766573295, 72.09400618716165, 70.64731165989372, 51.675622831914225, 53.956364040943484]","[36.5, 43.7, 30.700000000000003, 34.5, 30.3, 30.6, 43.1, 45.7, 30.200000000000003, 32.1]"
ga,5,43,58.75964122348239,33.68,82.1,1.7667840806252524,5.3,12.64357142857143,22.247500000000002,9.603928571428572,True,0.0,hospital_corridor,28,12,"[11, 29, 47, 53, 61, 73, 89, 97, 101, 109]","[3.877669775459005, 4.521419253971007, 0.9146673456853726, 0.5, 1.0]","{""time"": 1.0, ""collisions"": 0.05, ""congestion"": 1.0, ""fairness"": 2.0, ""incomplete_base"": 1000.0, ""incomplete_agent"": 10.0}","[91.69233082706768, 63.39834543987086, 48.62635467980296, 59.294511702986284, 46.118590998043054, 50.13972431077694, 60.78294232649072, 63.7878648233487, 50.22717569786535, 53.52857142857143]","[47.5, 35.4, 29.0, 35.4, 29.200000000000003, 28.5, 34.1, 37.2, 29.0, 31.5]"
ga,5,44,59.400140272338504,32.690000000000005,119.7,1.7237117009099272,5.2,12.076785714285714,21.577500000000004,9.500714285714286,True,0.0,hospital_corridor,28,12,"[11, 29, 47, 53, 61, 73, 89, 97, 101, 109]","[3.7765108722339744, 3.5672169440430537, 0.9366758210115429, 0.5, 1.0]","{""time"": 1.0, ""collisions"": 0.05, ""congestion"": 1.0, ""fairness"": 2.0, ""incomplete_base"": 1000.0, ""incomplete_agent"": 10.0}","[80.36630952380953, 52.86381578947369, 48.64540991654394, 54.88596757852078, 48.233696529459245, 58.19426033736379, 59.382441375341685, 62.57346333192031, 72.55163104611924, 56.30440729483283]","[40.0, 30.400000000000002, 29.1, 28.200000000000003, 29.5, 31.900000000000002, 33.1, 33.7, 38.1, 32.9]"
ga,5,45,56.90742634200707,32.50000000000001,69.0,1.9262358658165883,5.5,12.318571428571428,21.83416666666667,9.515595238095239,True,0.0,hospital_corridor,28,12,"[11, 29, 47, 53, 61, 73, 89, 97, 101, 109]","[3.742104004611023, 4.157717362178412, 0.89145850111488, 0.5, 1.0]","{""time"": 1.0, ""collisions"": 0.05, ""congestion"": 1.0, ""fairness"": 2.0, ""incomplete_base"": 1000.0, ""incomplete_agent"": 10.0}","[66.63932345272403, 54.65341448476497, 49.611462935689744, 67.39278779472954, 44.5522504892368, 53.100680272108846, 60.65210041720616, 59.83632218844984, 57.98128003494976, 54.65464135021098]","[34.7, 31.1, 29.1, 41.2, 29.200000000000003, 29.400000000000002, 33.1, 32.9, 32.7, 31.6]"
ga,5,46,61.59031946843372,32.93,160.2,1.7912718493861004,5.2,12.514642857142857,21.94416666666667,9.42952380952381,True,0.0,hospital_corridor,28,12,"[11, 29, 47, 53, 61, 73, 89, 97, 101, 109]","[3.663506080198096, 3.3146652877492984, 0.9410301276758415, 0.5, 1.0]","{""time"": 1.0, ""collisions"": 0.05, ""congestion"": 1.0, ""fairness"": 2.0, ""incomplete_base"": 1000.0, ""incomplete_agent"": 10.0}","[83.00979437229438, 62.19919289749798, 50.360567514677115, 66.23313084764699, 45.38470319634703, 55.92619047619047, 72.14260651629073, 68.36438519697573, 56.53001253132833, 55.75261113508848]","[35.2, 35.4, 29.200000000000003, 34.1, 29.200000000000003, 28.8, 38.0, 35.9, 30.400000000000002, 33.1]"
ga,5,47,60.309757832963385,32.290000000000006,155.0,1.7164244996300446,5.3,12.192500000000003,21.46916666666667,9.276666666666667,True,0.0,hospital_corridor,28,12,"[11, 29, 47, 53, 61, 73, 89, 97, 101, 109]","[3.459670427836845, 2.994964560782091, 0.9188862310511092, 0.5, 1.0]","{""time"": 1.0, ""collisions"": 0.05, ""congestion"": 1.0, ""fairness"": 2.0, ""incomplete_base"": 1000.0, ""incomplete_agent"": 10.0}","[82.4374381800198, 51.58571428571429, 51.5139455782313, 68.57754018804974, 48.46968919304248, 53.76034482758621, 70.20289115646258, 62.401776830135034, 58.55184331797235, 55.59639477242001]","[33.7, 30.6, 29.400000000000002, 31.400000000000002, 33.4, 29.0, 39.2, 33.5, 31.0, 31.700000000000003]"
ga,5,48,57.819153490386256,34.47,37.1,1.7029630141957846,5.5,12.86357142857143,22.75916666666667,9.895595238095238,True,0.0,hospital_corridor,28,12,"[11, 29, 47, 53, 61, 73, 89, 97, 101, 109]","[3.4296402939260844, 4.751692418699345, 0.8902559396883541, 0.5, 1.0]","{""time"": 1.0, ""collisions"": 0.05, ""congestion"": 1.0, ""fairness"": 2.0, ""incomplete_base"": 1000.0, ""incomplete_agent"": 10.0}","[70.64934469200524, 50.17481684981685, 50.45807736063709, 57.55839062897886, 58.30235507246377, 51.3743842364532, 59.800050658561304, 71.79681194511703, 53.72314945780292, 54.35415400202634]","[43.6, 31.200000000000003, 29.3, 37.4, 36.800000000000004, 29.0, 32.9, 41.300000000000004, 30.3, 32.9]"
ga,5,49,57.270564950935295,34.269999999999996,40.3,1.714850665221007,5.2,12.842142857142857,22.4775,9.635357142857144,True,0.0,hospital_corridor,28,12,"[11, 29, 47, 53, 61, 73, 89, 97, 101, 109]","[3.3053090873658864, 4.78560767726736, 0.8794067698305433, 0.5, 1.0]","{""time"": 1.0, ""collisions"": 0.05, ""congestion"": 1.0, ""fairness"": 2.0, ""incomplete_base"": 1000.0, ""incomplete_agent"": 10.0}","[62.60803127221038, 53.91024485503981, 51.04263191763192, 63.71576250753466, 45.108698727015565, 53.04204218600192, 60.912008281573506, 63.35637915543577, 61.31111111111112, 57.69873949579832]","[40.2, 31.700000000000003, 29.6, 39.5, 30.3, 29.8, 34.5, 37.1, 36.0, 34.0]"
ga,5,50,63.314381434307585,33.529999999999994,173.2,1.8267623866885352,5.2,12.707857142857144,22.35666666666667,9.648809523809526,True,0.0,hospital_corridor,28,12,"[11, 29, 47, 53, 61, 73, 89, 97, 101, 109]","[3.3199720528704244, 3.8417826541096076, 0.8336045404858886, 0.5, 1.0]","{""time"": 1.0, ""collisions"": 0.05, ""congestion"": 1.0, ""fairness"": 2.0, ""incomplete_base"": 1000.0, ""incomplete_agent"": 10.0}","[93.60102040816327, 58.16440204746394, 56.24625850340137, 53.48349641226354, 40.214322916666674, 52.23140830800405, 86.42028985507247, 71.88065783014237, 63.30045623039635, 57.601501831501835]","[39.2, 30.700000000000003, 29.400000000000002, 29.200000000000003, 25.6, 28.200000000000003, 48.300000000000004, 38.800000000000004, 33.4, 32.5]"
ga,5,51,208.6934900445286,31.170000000000005,3151.2,1.9613471873857466,6.2,12.016428571428573,21.017500000000002,9.001071428571427,True,0.0,hospital_corridor,28,12,"[11, 29, 47, 53, 61, 73, 89, 97, 101, 109]","[3.314835305416926, 3.1409891070451277, 0.5973698383758563, 0.5, 1.0]","{""time"": 1.0, ""collisions"": 0.05, ""congestion"": 1.0, ""fairness"": 2.0, ""incomplete_base"": 1000.0, ""incomplete_agent"": 10.0}","[388.6816391941392, 213.34464285714287, 166.19567474048444, 189.74870129870135, 175.50130405519099, 162.50952380952384, 194.70684800235887, 238.81154649947757, 166.21916706481923, 191.21585292344784]","[41.6, 28.8, 28.900000000000002, 30.8, 28.3, 27.6, 32.300000000000004, 31.900000000000002, 29.900000000000002, 31.6]"
ga,5,52,60.43870063837197,35.6,45.5,1.74774825741958,5.1,13.260357142857142,23.66833333333333,10.407976190476193,True,0.0,hospital_corridor,28,12,"[11, 29, 47, 53, 61, 73, 89, 97, 101, 109]","[3.7857490184273783, 4.570951776623517, 0.9442469262106171, 0.5, 1.0]","{""time"": 1.0, ""collisions"": 0.05, ""congestion"": 1.0, ""fairness"": 2.0, ""incomplete_base"": 1000.0, ""incomplete_agent"": 10.0}","[71.65958118187034, 59.32761904761905, 51.3952380952381, 62.31504965622612, 50.28214661258826, 64.16811652035116, 62.95979906413432, 73.4059925093633, 53.67254901960784, 55.20091467672114]","[41.5, 35.0, 30.8, 37.4, 31.700000000000003, 35.800000000000004, 34.6, 44.5, 30.6, 34.1]"
ga,5,53,1193.7895332362975,36.269999999999996,2757.9,1.8539271756913531,5.8,11.35,19.735303030303033,8.38530303030303,False,0.1,hospital_corridor,28,12,"[11, 29, 47, 53, 61, 73, 89, 97, 101, 109]","[3.672413532963496, 4.075879572851712, 0.5, 0.5, 1.0]","{""time"": 1.0, ""collisions"": 0.05, ""congestion"": 1.0, ""fairness"": 2.0, ""incomplete_base"": 1000.0, ""incomplete_agent"": 10.0}","[1295.5177272727274, 181.91324614352786, 151.29701542588867, 169.4474581724582, 196.04838985954095, 149.073600973236, 224.68915343915342, 241.81767399267397, 145.76140076468545, 182.32966631908238]","[100.0, 28.400000000000002, 28.400000000000002, 29.6, 27.8, 27.400000000000002, 35.1, 31.200000000000003, 27.400000000000002, 27.400000000000002]"
ga,5,54,58.3586229108252,33.61,87.7,1.845765767968053,5.5,12.686071428571427,21.945,9.258928571428573,True,0.0,hospital_corridor,28,12,"[11, 29, 47, 53, 61, 73, 89, 97, 101, 109]","[3.5764254698742857, 3.9229875817797173, 0.9056898420905795, 0.5, 1.0]","{""time"": 1.0, ""collisions"": 0.05, ""congestion"": 1.0, ""fairness"": 2.0, ""incomplete_base"": 1000.0, ""incomplete_agent"": 10.0}","[75.25108225108225, 75.45932864949259, 50.45645557191949, 48.38704893722195, 46.43922558922559, 57.25106138841079, 59.351491681009755, 63.02673992673992, 53.79504888047936, 54.16874623267029]","[38.5, 42.7, 29.1, 28.900000000000002, 29.700000000000003, 33.2, 33.2, 39.0, 30.200000000000003, 31.6]"
ga,5,55,1105.36447458671,62.480000000000004,53.3,1.1497886060240972,4.9,13.108823676323675,23.643666666666668,10.534842990342991,False,1.8,hospital_corridor,28,12,"[11, 29, 47, 53, 61, 73, 89, 97, 101, 109]","[3.4502783099665577, 3.803644758509144, 1.0350585855057464, 0.5, 1.0]","{""time"": 1.0, ""collisions"": 0.05, ""congestion"": 1.0, ""fairness"": 2.0, ""incomplete_base"": 1000.0, ""incomplete_agent"": 10.0}","[67.47657780815676, 1165.488, 53.838095238095235, 1159.679, 1175.344303030303, 61.75329670329671, 1170.9404615384615, 83.17051282051281, 58.83128444256041, 57.12321428571428]","[41.800000000000004, 100.0, 31.5, 100.0, 100.0, 33.800000000000004, 100.0, 52.0, 33.7, 32.0]"
ga,5,56,66.84451657496386,35.87,192.0,1.698088003535286,5.2,12.924285714285713,22.7625,9.838214285714287,True,0.0,hospital_corridor,28,12,"[11, 29, 47, 53, 61, 73, 89, 97, 101, 109]","[3.133942058092262, 4.470948859258564, 0.8090817181796418, 0.5, 1.0]","{""time"": 1.0, ""collisions"": 0.05, ""congestion"": 1.0, ""fairness"": 2.0, ""incomplete_base"": 1000.0, ""incomplete_agent"": 10.0}","[96.41781678773205, 64.58034447821683, 52.55962000962002, 69.47239709443099, 41.50552158606634, 53.87243107769424, 65.12407093401158, 106.31933668035904, 58.41345353675451, 60.180173564753005]","[47.2, 32.9, 29.700000000000003, 35.4, 25.700000000000003, 28.5, 33.7, 62.6, 30.900000000000002, 32.1]"
ga,5,57,1201.351235266523,37.42999999999999,2862.0,1.8210837513715976,6.2,11.6625,20.66257575757576,9.000075757575758,False,0.1,hospital_corridor,28,12,"[11, 29, 47, 53, 61, 73, 89, 97, 101, 109]","[3.1895077906325207, 4.136065082278473, 0.5866068027361745, 0.5, 1.0]","{""time"": 1.0, ""collisions"": 0.05, ""congestion"": 1.0, ""fairness"": 2.0, ""incomplete_base"": 1000.0, ""incomplete_agent"": 10.0}","[1307.8654675324676, 185.35714285714286, 163.52638684339718, 198.9722222222222, 178.25987345987346, 170.763142513323, 197.45839140534264, 233.0580268035358, 186.70443077893412, 191.5472682489924]","[100.0, 29.1, 29.1, 31.5, 28.6, 27.700000000000003, 32.800000000000004, 33.4, 30.200000000000003, 31.900000000000002]"
ga,5,58,59.24322989598757,35.78,34.9,1.7170394197970862,4.9,13.32357142857143,23.324166666666667,10.000595238095238,True,0.0,hospital_corridor,28,12,"[11, 29, 47, 53, 61, 73, 89, 97, 101, 109]","[3.4833295700642917, 4.42164035641142, 0.9474392134381631, 0.5, 1.0]","{""time"": 1.0, ""collisions"": 0.05, ""congestion"": 1.0, ""fairness"": 2.0, ""incomplete_base"": 1000.0, ""incomplete_agent"": 10.0}","[66.19072651065316, 49.259478313618445, 52.72693308834788, 51.71376995902219, 51.50971817298349, 55.203455739662644, 70.24212454212454, 60.63133537597345, 80.53957307060756, 54.4151841868823]","[40.900000000000006, 31.400000000000002, 31.1, 33.7, 34.300000000000004, 31.900000000000002, 39.0, 37.300000000000004, 46.400000000000006, 31.8]"
ga,5,59,58.038079482117695,34.24,45.7,1.8511747202129283,5.3,13.073214285714286,22.90416666666667,9.83095238095238,True,0.0,hospital_corridor,28,12,"[11, 29, 47, 53, 61, 73, 89, 97, 101, 109]","[3.787173699630062, 4.582438756654258, 0.9621421779326175, 0.5, 1.0]","{""time"": 1.0, ""collisions"": 0.05, ""congestion"": 1.0, ""fairness"": 2.0, ""incomplete_base"": 1000.0, ""incomplete_agent"": 10.0}","[71.69238765928907, 49.01031746031746, 50.557102502017756, 66.63007896625987, 57.41376177211832, 50.98512720156556, 68.87207556935819, 60.15823244552058, 51.29926739926739, 53.76244384546272]","[42.6, 31.5, 29.5, 39.800000000000004, 35.9, 29.200000000000003, 36.800000000000004, 35.4, 29.900000000000002, 31.8]"
ga,6,0,54.880814759165645,33.27,43.7,1.8689099972608798,5.4,13.083214285714286,21.86166666666667,8.778452380952382,True,0.0,hospital_corridor,28,12,"[11, 29, 47, 53, 61, 73, 89, 97, 101, 109]","[3.7946564711927784, 4.420479331039527, 0.9452621186887544, 0.5, 1.0]","{""time"": 1.0, ""collisions"": 0.05, ""congestion"": 1.0, ""fairness"": 2.0, ""incomplete_base"": 1000.0, ""incomplete_agent"": 10.0}","[62.9904761904762, 48.5406162464986, 51.8372852233677, 48.27238095238095, 44.852789802789815, 52.17838468720822, 67.94801178203241, 57.574103798822904, 57.47030981067126, 57.1437890974084]","[37.800000000000004, 30.6, 29.1, 30.0, 29.700000000000003, 30.6, 38.800000000000004, 35.6, 33.2, 37.300000000000004]"
ga,6,1,54.95942406651909,33.080000000000005,44.9,1.7272812093762326,5.1,12.976428571428574,21.93,8.953571428571431,True,0.0,hospital_corridor,28,12,"[11, 29, 47, 53, 61, 73, 89, 97, 101, 109]","[3.3356420424815214, 3.999449447198067, 0.932323109830893, 0.5, 1.0]","{""time"": 1.0, ""collisions"": 0.05, ""congestion"": 1.0, ""fairness"": 2.0, ""incomplete_base"": 1000.0, ""incomplete_agent"": 10.0}","[67.71904761904761, 49.31676798378926, 49.88143500643501, 47.98861788617887, 41.607900432900436, 50.928173248821714, 62.71048151104018, 62.69192799070848, 62.499523809523815, 54.25036517674555]","[39.5, 32.9, 29.6, 28.700000000000003, 26.400000000000002, 29.3, 35.800000000000004, 41.0, 35.0, 32.6]"
ga,6,2,55.26176910987049,32.10000000000001,72.2,1.7501024432038164,5.0,12.629999999999999,21.530833333333337,8.900833333333335,True,0.0,hospital_corridor,28,12,"[11, 29, 47, 53, 61, 73, 89, 97, 101, 109]","[3.7837275641722012, 3.9745631131039523, 0.9458103119053154, 0.5, 1.0]","{""time"": 1.0, ""collisions"": 0.05, ""congestion"": 1.0, ""fairness"": 2.0, ""incomplete_base"": 1000.0, ""incomplete_agent"": 10.0}","[59.77741585233442, 60.011772853185605, 50.540280495759944, 46.94500580720093, 45.01086105675148, 56.366369047619045, 61.77337724715247, 67.8889455782313, 50.71601435094587, 53.58764880952381]","[30.700000000000003, 36.1, 29.200000000000003, 28.700000000000003, 29.200000000000003, 32.0, 34.7, 39.2, 29.200000000000003, 32.0]"
ga,6,3,58.32784257215209,32.379999999999995,123.7,1.806890191199722,5.4,12.867857142857144,21.845833333333335,8.97797619047619,True,0.0,hospital_corridor,28,12,"[11, 29, 47, 53, 61, 73, 89, 97, 101, 109]","[3.779957007691835, 3.7476561673755873, 0.9530076870388451, 0.5, 1.0]","{""time"": 1.0, ""collisions"": 0.05, ""congestion"": 1.0, ""fairness"": 2.0, ""incomplete_base"": 1000.0, ""incomplete_agent"": 10.0}","[72.20316159250586, 49.84124423963134, 51.25019569471625, 60.31835637480799, 47.89298455168021, 63.58338493292055, 61.18403361344538, 70.67792207792208, 51.931292517006796, 54.39585012688461]","[36.6, 31.0, 29.200000000000003, 31.0, 29.900000000000002, 32.300000000000004, 34.0, 38.5, 29.400000000000002, 31.900000000000002]"
ga,6,4,57.5582701316297,33.220000000000006,70.2,1.7004129887725477,5.4,12.361071428571428,21.925,9.563928571428573,True,0.0,hospital_corridor,28,12,"[11, 29, 47, 53, 61, 73, 89, 97, 101, 109]","[3.8868097716870555, 4.064430199732664, 0.9312604647074972, 0.5, 1.0]","{""time"": 1.0, ""collisions"": 0.05, ""congestion"": 1.0, ""fairness"": 2.0, ""incomplete_base"": 1000.0, ""incomplete_agent"": 10.0}","[64.38655546050757, 67.90035808518658, 49.97557682866962, 46.45670536765944, 58.93142857142858, 50.95522648083624, 62.92176968208487, 56.64353741496599, 57.1554587688734, 60.25608465608466]","[33.4, 37.9, 29.1, 28.3, 35.0, 28.700000000000003, 34.9, 34.300000000000004, 32.800000000000004, 37.800000000000004]"
ga,6,5,59.780389866546884,35.64,34.6,1.7763422474992676,5.3,13.422142857142855,23.73916666666667,10.317023809523812,True,0.0,hospital_corridor,28,12,"[11, 29, 47, 53, 61, 73, 89, 97, 101, 109]","[3.3136373729258675, 4.517885799428342, 0.9292389554563931, 0.5, 1.0]","{""time"": 1.0, ""collisions"": 0.05, ""congestion"": 1.0, ""fairness"": 2.0, ""incomplete_base"": 1000.0, ""incomplete_agent"": 10.0}","[59.22481203007519, 66.35737425404946, 51.902806685588146, 66.79150090415914, 51.89916457811194, 54.706605222734254, 75.1665359699966, 64.79017857142858, 50.58959577400092, 56.37532467532468]","[38.0, 39.1, 30.200000000000003, 39.5, 34.2, 31.0, 41.900000000000006, 38.400000000000006, 31.1, 33.0]"
ga,6,6,58.069089982791425,34.769999999999996,47.1,1.7738518875533356,5.5,13.210714285714285,22.79583333333333,9.585119047619047,True,0.0,hospital_corridor,28,12,"[11, 29, 47, 53, 61, 73, 89, 97, 101, 109]","[3.2835736460460856, 4.236994836644856, 0.9079645780669213, 0.5, 1.0]","{""time"": 1.0, ""collisions"": 0.05, ""congestion"": 1.0, ""fairness"": 2.0, ""incomplete_base"": 1000.0, ""incomplete_agent"": 10.0}","[87.09841920374708, 57.19614578969418, 51.30694108151735, 50.48891625615764, 46.513333333333335, 54.160307781649244, 65.24075481256332, 60.51990451707677, 53.35846047156727, 54.80771658060816]","[48.800000000000004, 34.1, 29.5, 31.900000000000002, 30.0, 32.800000000000004, 37.6, 38.900000000000006, 30.900000000000002, 33.2]"
ga,6,7,65.05210778887627,37.980000000000004,67.8,1.8254411222095985,5.6,14.142499999999998,25.070833333333336,10.928333333333336,True,0.0,hospital_corridor,28,12,"[11, 29, 47, 53, 61, 73, 89, 97, 101, 109]","[3.1624811605544885, 4.295712703180232, 0.9197758779376023, 0.5, 1.0]","{""time"": 1.0, ""collisions"": 0.05, ""congestion"": 1.0, ""fairness"": 2.0, ""incomplete_base"": 1000.0, ""incomplete_agent"": 10.0}","[96.5110307414105, 50.408241191213335, 57.157650395581435, 56.83445006321113, 39.47244116037219, 65.9865424430642, 65.50353574672376, 66.34956709956711, 95.18095238095239, 57.116666666666674]","[55.300000000000004, 32.300000000000004, 31.900000000000002, 33.9, 26.1, 34.5, 36.7, 38.5, 57.6, 33.0]"
ga,6,8,70.41566506238254,31.26,378.9,1.8428079195254075,5.6,12.286071428571429,21.470000000000002,9.18392857142857,True,0.0,hospital_corridor,28,12,"[11, 29, 47, 53, 61, 73, 89, 97, 101, 109]","[3.2063366530077606, 4.006623152993873, 0.7856415916621248, 0.5, 1.0]","{""time"": 1.0, ""collisions"": 0.05, ""congestion"": 1.0, ""fairness"": 2.0, ""incomplete_base"": 1000.0, ""incomplete_agent"": 10.0}","[83.97349397590361, 84.7118209747242, 58.67585034013606, 91.44321653189579, 46.716406250000006, 58.66317122593719, 72.38183183183185, 78.10937019969279, 66.71863215084691, 62.76285714285714]","[33.2, 34.1, 29.400000000000002, 31.8, 25.6, 28.200000000000003, 33.300000000000004, 37.2, 29.8, 30.0]"
ga,6,9,57.548019591047435,33.71,54.4,1.84730530533315,5.1,13.277142857142858,22.9125,9.635357142857142,True,0.0,hospital_corridor,28,12,"[11, 29, 47, 53, 61, 73, 89, 97, 101, 109]","[3.1812970927535824, 4.00727118640446, 0.9313378178388144, 0.5, 1.0]","{""time"": 1.0, ""collisions"": 0.05, ""congestion"": 1.0, ""fairness"": 2.0, ""incomplete_base"": 1000.0, ""incomplete_agent"": 10.0}","[65.81940476190476, 49.508378541289936, 54.554045307443374, 51.34747713654998, 39.4563122923588, 57.71657083886187, 64.07502017756255, 71.42196840550062, 62.09651240778001, 59.48450604122246]","[40.0, 31.6, 30.900000000000002, 30.200000000000003, 25.8, 32.300000000000004, 35.4, 41.900000000000006, 35.5, 33.5]"
ga,6,10,188.1412017083108,29.75,2790.5,2.0057255178346187,5.7,11.448928571428574,19.87916666666667,8.430238095238096,True,0.0,hospital_corridor,28,12,"[11, 29, 47, 53, 61, 73, 89, 97, 101, 109]","[3.4673092523393727, 4.795905838864643, 0.6415842145485757, 0.5, 1.0]","{""time"": 1.0, ""collisions"": 0.05, ""congestion"": 1.0, ""fairness"": 2.0, ""incomplete_base"": 1000.0, ""incomplete_agent"": 10.0}","[228.98600732600732, 202.66969696969696, 157.85198135198135, 172.6298679867987, 175.8869047619048, 152.021645021645, 213.83295586527294, 238.72638952687186, 152.21537698412698, 186.59119128880224]","[32.5, 28.6, 28.6, 30.3, 28.0, 27.5, 32.800000000000004, 31.1, 28.8, 29.3]"
ga,6,11,56.86688894065668,33.12,80.0,1.8542698930376222,5.5,13.137857142857143,22.08416666666667,8.946309523809527,True,0.0,hospital_corridor,28,12,"[11, 29, 47, 53, 61, 73, 89, 97, 101, 109]","[3.295914623848187, 4.135398877334693, 0.8915571945341836, 0.5, 1.0]","{""time"": 1.0, ""collisions"": 0.05, ""congestion"": 1.0, ""fairness"": 2.0, ""incomplete_base"": 1000.0, ""incomplete_agent"": 10.0}","[70.33737646001796, 48.4481346678799, 67.32937757780277, 46.46061507936508, 44.89603174603175, 51.74704209328783, 61.51561003099465, 63.66930063578566, 59.527305877305885, 54.73809523809524]","[37.1, 31.400000000000002, 38.1, 28.8, 29.700000000000003, 29.3, 33.800000000000004, 36.7, 33.300000000000004, 33.0]"
ga,6,12,55.86918755616685,32.830000000000005,56.7,1.8068066037858834,5.4,12.659642857142858,21.858333333333338,9.198690476190476,True,0.0,hospital_corridor,28,12,"[11, 29, 47, 53, 61, 73, 89, 97, 101, 109]","[3.356394469530523, 4.075913320761003, 0.8897734289627829, 0.5, 1.0]","{""time"": 1.0, ""collisions"": 0.05, ""congestion"": 1.0, ""fairness"": 2.0, ""incomplete_base"": 1000.0, ""incomplete_agent"": 10.0}","[64.11199111769061, 49.12995147103428, 54.11190476190476, 58.43465320910974, 44.36888674388675, 52.28454011741684, 63.737349397590364, 60.57133138969874, 55.10259740259741, 56.83866995073892]","[38.6, 31.400000000000002, 29.6, 36.800000000000004, 29.6, 29.200000000000003, 33.2, 34.300000000000004, 30.8, 34.800000000000004]"
ga,6,13,58.78414130767236,34.52,64.1,1.7803317838628345,5.3,12.883928571428573,22.523333333333333,9.639404761904762,True,0.0,hospital_corridor,28,12,"[11, 29, 47, 53, 61, 73, 89, 97, 101, 109]","[3.22273411307511, 4.235192578912154, 0.8673763092656952, 0.5, 1.0]","{""time"": 1.0, ""collisions"": 0.05, ""congestion"": 1.0, ""fairness"": 2.0, ""incomplete_base"": 1000.0, ""incomplete_agent"": 10.0}","[65.1078947368421, 78.81124534380349, 55.96305418719213, 56.485830429732886, 44.98832565284179, 50.766386554621846, 61.09886363636364, 61.695506371562715, 56.27053095998782, 56.65377520377521]","[38.0, 47.300000000000004, 31.900000000000002, 32.800000000000004, 31.0, 28.900000000000002, 35.2, 35.5, 31.3, 33.300000000000004]"
ga,6,14,1242.736523368343,100.0,6.3,0.43220000000000003,3.7,14.991584347574621,26.48624603174603,11.49466168417141,False,11.9,hospital_corridor,28,12,"[11, 29, 47, 53, 61, 73, 89, 97, 101, 109]","[3.3053090873658864, 4.78560767726736, 1.3711022843683396, 0.5, 1.0]","{""time"": 1.0, ""collisions"": 0.05, ""congestion"": 1.0, ""fairness"": 2.0, ""incomplete_base"": 1000.0, ""incomplete_agent"": 10.0}","[1219.998, 1301.8894285714287, 1228.019, 1235.3539532163743, 1232.545894736842, 1266.476, 1210.2403333333334, 1194.5941538461539, 1208.5455652173914, 1329.7029047619048]","[100.0, 100.0, 100.0, 100.0, 100.0, 100.0, 100.0, 100.0, 100.0, 100.0]"
ga,6,15,54.880814759165645,33.27,43.7,1.8689099972608798,5.4,13.083214285714286,21.86166666666667,8.778452380952382,True,0.0,hospital_corridor,28,12,"[11, 29, 47, 53, 61, 73, 89, 97, 101, 109]","[3.7946564711927784, 4.420479331039527, 0.9452621186887544, 0.5, 1.0]","{""time"": 1.0, ""collisions"": 0.05, ""congestion"": 1.0, ""fairness"": 2.0, ""incomplete_base"": 1000.0, ""incomplete_agent"": 10.0}","[62.9904761904762, 48.5406162464986, 51.8372852233677, 48.27238095238095, 44.852789802789815, 52.17838468720822, 67.94801178203241, 57.574103798822904, 57.47030981067126, 57.1437890974084]","[37.800000000000004, 30.6, 29.1, 30.0, 29.700000000000003, 30.6, 38.800000000000004, 35.6, 33.2, 37.300000000000004]"
ga,6,16,63.56251870978819,34.32,155.4,1.7510901383596242,5.3,12.624285714285717,22.485000000000003,9.860714285714286,True,0.0,hospital_corridor,28,12,"[11, 29, 47, 53, 61, 73, 89, 97, 101, 109]","[3.282210516658253, 3.038841309030776, 0.9178738432585307, 0.5, 1.0]","{""time"": 1.0, ""collisions"": 0.05, ""congestion"": 1.0, ""fairness"": 2.0, ""incomplete_base"": 1000.0, ""incomplete_agent"": 10.0}","[96.8042200687715, 51.06125541125542, 54.890799031477, 62.08427997705107, 47.727213167146054, 55.71315417256011, 64.51420545746389, 84.21271777003484, 55.1957757296467, 63.42156631247541]","[45.7, 30.8, 29.5, 33.2, 29.8, 30.3, 35.6, 41.0, 31.0, 36.300000000000004]"
ga,6,17,58.53592981030747,35.089999999999996,41.5,1.8492631436408076,5.8,13.462500000000002,23.223333333333336,9.760833333333334,True,0.0,hospital_corridor,28,12,"[11, 29, 47, 53, 61, 73, 89, 97, 101, 109]","[3.005428868118965, 3.987734494469793, 0.9049626883946147, 0.5, 1.0]","{""time"": 1.0, ""collisions"": 0.05, ""congestion"": 1.0, ""fairness"": 2.0, ""incomplete_base"": 1000.0, ""incomplete_agent"": 10.0}","[63.995238095238086, 62.99550264550265, 54.10357142857143, 56.9456094972808, 40.76840411840412, 54.67887473460722, 63.22838827838828, 68.7134683724236, 60.816098484848496, 59.11414244781007]","[42.0, 37.800000000000004, 31.200000000000003, 35.9, 25.900000000000002, 31.400000000000002, 36.4, 40.2, 35.2, 34.9]"
ga,6,18,57.471476735242305,31.28,114.0,1.8524291161946749,5.6,12.079642857142858,21.399166666666666,9.31952380952381,True,0.0,hospital_corridor,28,12,"[11, 29, 47, 53, 61, 73, 89, 97, 101, 109]","[4.099513764687246, 4.104814428540564, 0.8949433273800522, 0.5, 1.0]","{""time"": 1.0, ""collisions"": 0.05, ""congestion"": 1.0, ""fairness"": 2.0, ""incomplete_base"": 1000.0, ""incomplete_agent"": 10.0}","[67.72535260438487, 66.26441985244801, 53.17609126984128, 66.72376662376664, 45.64547283702214, 50.94642857142857, 60.282539682539685, 56.71707097933513, 54.06634382566586, 53.16728110599079]","[34.1, 35.5, 28.8, 33.300000000000004, 28.400000000000002, 28.0, 32.4, 31.8, 29.5, 31.0]"
ga,6,19,65.50361270511624,29.98,309.8,1.9207555622591017,5.6,11.301071428571428,20.357499999999998,9.056428571428572,True,0.0,hospital_corridor,28,12,"[11, 29, 47, 53, 61, 73, 89, 97, 101, 109]","[3.900719926813389, 3.482937192050239, 0.8065630216123327, 0.5, 1.0]","{""time"": 1.0, ""collisions"": 0.05, ""congestion"": 1.0, ""fairness"": 2.0, ""incomplete_base"": 1000.0, ""incomplete_agent"": 10.0}","[68.9839179800034, 73.7894465894466, 56.6515873015873, 72.96915266106443, 50.33809523809524, 54.00750782064651, 89.62578616352202, 62.605714285714285, 59.730745341614906, 66.33417366946779]","[28.1, 33.300000000000004, 28.8, 27.200000000000003, 28.0, 27.400000000000002, 37.1, 30.0, 27.6, 32.300000000000004]"
ga,6,20,57.27740487979074,33.75000000000001,54.4,1.7940715464574015,5.4,12.9725,22.479166666666664,9.506666666666666,True,0.0,hospital_corridor,28,12,"[11, 29, 47, 53, 61, 73, 89, 97, 101, 109]","[3.116233479647783, 3.733259783824703, 0.9077586901709721, 0.5, 1.0]","{""time"": 1.0, ""collisions"": 0.05, ""congestion"": 1.0, ""fairness"": 2.0, ""incomplete_base"": 1000.0, ""incomplete_agent"": 10.0}","[71.14525514262985, 51.20641492265696, 51.69819238732282, 48.90944309927361, 40.99327517266448, 54.5214132598377, 63.35970496894411, 61.054636591478705, 61.578053830227745, 68.3076594228714]","[41.900000000000006, 31.400000000000002, 29.900000000000002, 29.5, 26.200000000000003, 31.1, 36.800000000000004, 36.1, 34.5, 40.1]"
ga,6,21,59.57223485008182,32.41,132.4,1.7262824691294365,5.2,12.707857142857144,22.115833333333335,9.407976190476191,True,0.0,hospital_corridor,28,12,"[11, 29, 47, 53, 61, 73, 89, 97, 101, 109]","[3.085246512311587, 2.8606946732573695, 0.9333745927419509, 0.5, 1.0]","{""time"": 1.0, ""collisions"": 0.05, ""congestion"": 1.0, ""fairness"": 2.0, ""incomplete_base"": 1000.0, ""incomplete_agent"": 10.0}","[65.36136256482791, 50.63510947787475, 58.218970814132106, 51.31231527093596, 47.61856218215442, 60.68059071729958, 69.25215176979881, 68.98871054039594, 57.78412698412698, 65.87044817927172]","[30.3, 31.1, 31.0, 29.0, 30.900000000000002, 31.6, 37.4, 35.6, 31.5, 35.7]"
ga,6,22,1137.621450903349,81.27,23.8,0.9575938714919466,4.7,13.971369463869465,25.57329797979798,11.601928515928517,False,3.1,hospital_corridor,28,12,"[11, 29, 47, 53, 61, 73, 89, 97, 101, 109]","[2.9745952354868765, 4.131084558361792, 1.0326191583744415, 0.5, 1.0]","{""time"": 1.0, ""collisions"": 0.05, ""congestion"": 1.0, ""fairness"": 2.0, ""incomplete_base"": 1000.0, ""incomplete_agent"": 10.0}","[1148.6430512820514, 1189.8116363636364, 56.65196078431373, 1153.984, 1202.1092294372295, 68.72598621217925, 1166.3344615384615, 1149.2234285714285, 63.53084886128365, 1177.1999059829059]","[100.0, 100.0, 34.0, 100.0, 100.0, 37.300000000000004, 100.0, 100.0, 41.400000000000006, 100.0]"
ga,6,23,58.60289808390784,34.65,53.7,1.8486123696221253,5.6,13.337857142857143,23.047500000000003,9.709642857142857,True,0.0,hospital_corridor,28,12,"[11, 29, 47, 53, 61, 73, 89, 97, 101, 109]","[3.4609547373087564, 5.0, 0.8904339879756422, 0.5, 1.0]","{""time"": 1.0, ""collisions"": 0.05, ""congestion"": 1.0, ""fairness"": 2.0, ""incomplete_base"": 1000.0, ""incomplete_agent"": 10.0}","[59.85264847512039, 90.4814575732061, 51.28911564625851, 54.84306811332128, 37.800128700128695, 51.62795778105057, 59.54345238095239, 60.83958575300039, 65.33847117794487, 54.413095238095245]","[35.6, 50.900000000000006, 29.400000000000002, 31.6, 25.900000000000002, 29.1, 33.6, 36.9, 39.900000000000006, 33.6]"
ga,6,24,59.415851687219075,35.74999999999999,23.4,1.808232639600028,5.2,13.720357142857143,24.06416666666667,10.343809523809524,True,0.0,hospital_corridor,28,12,"[11, 29, 47, 53, 61, 73, 89, 97, 101, 109]","[3.1564531491329206, 4.490070792143235, 0.9459414374905397, 0.5, 1.0]","{""time"": 1.0, ""collisions"": 0.05, ""congestion"": 1.0, ""fairness"": 2.0, ""incomplete_base"": 1000.0, ""incomplete_agent"": 10.0}","[58.29483586350071, 60.445634920634916, 52.0159996897782, 55.73876547938211, 44.89059891998036, 60.69491826581378, 72.26605301914582, 65.02919177596597, 69.7283468104223, 55.05417212756662]","[36.7, 36.0, 30.700000000000003, 37.300000000000004, 29.1, 33.5, 38.800000000000004, 40.300000000000004, 42.400000000000006, 32.7]"
ga,6,25,59.82183274718167,33.660000000000004,91.7,1.7923089376578663,5.3,12.351071428571428,22.243333333333336,9.892261904761904,True,0.0,hospital_corridor,28,12,"[11, 29, 47, 53, 61, 73, 89, 97, 101, 109]","[4.435552201486211, 4.4208804296338755, 0.9467598946363778, 0.5, 1.0]","{""time"": 1.0, ""collisions"": 0.05, ""congestion"": 1.0, ""fairness"": 2.0, ""incomplete_base"": 1000.0, ""incomplete_agent"": 10.0}","[70.67099262240107, 66.09347353154462, 47.324831108914154, 67.06486959906579, 45.823577235772355, 52.7436090225564, 58.28531135531136, 73.93678258893057, 60.97213779128673, 55.30274261603376]","[35.5, 39.400000000000006, 28.900000000000002, 36.7, 28.700000000000003, 28.5, 32.5, 41.900000000000006, 32.9, 31.6]"
ga,6,26,61.9643239765918,37.53000000000001,42.2,1.5862287384965548,4.9,13.924285714285716,24.293333333333333,10.36904761904762,True,0.0,hospital_corridor,28,12,"[11, 29, 47, 53, 61, 73, 89, 97, 101, 109]","[2.8211247801282435, 3.774244538113286, 0.9422887185232278, 0.5, 1.0]","{""time"": 1.0, ""collisions"": 0.05, ""congestion"": 1.0, ""fairness"": 2.0, ""incomplete_base"": 1000.0, ""incomplete_agent"": 10.0}","[71.8798534798535, 49.44360119047619, 54.41990269792128, 47.02928647497338, 53.087529976019184, 57.200978673678065, 67.47692307692309, 71.55346320346321, 80.68238882329793, 66.86931216931217]","[39.0, 32.0, 32.300000000000004, 31.3, 41.7, 32.6, 39.0, 38.5, 48.400000000000006, 40.5]"
ga,6,27,58.66792687595696,34.96,38.3,1.7414983045283847,5.1,13.084285714285716,23.110000000000003,10.025714285714287,True,0.0,hospital_corridor,28,12,"[11, 29, 47, 53, 61, 73, 89, 97, 101, 109]","[3.5300576810286137, 4.292966975449394, 0.9480788462548098, 0.5, 1.0]","{""time"": 1.0, ""collisions"": 0.05, ""congestion"": 1.0, ""fairness"": 2.0, ""incomplete_base"": 1000.0, ""incomplete_agent"": 10.0}","[57.24665738161559, 55.38640081799591, 50.35968523002421, 63.758611825192816, 46.92237600922722, 52.85042432814711, 65.67334241598547, 79.33811968319156, 59.58661878159086, 55.557032286598854]","[35.9, 32.6, 29.5, 38.900000000000006, 28.900000000000002, 30.3, 36.7, 48.7, 35.800000000000004, 32.300000000000004]"
ga,6,28,1068.255025520738,38.93,70.3,2.021051161763506,5.2,12.203846153846154,21.598333333333336,9.39448717948718,False,0.5,hospital_corridor,28,12,"[11, 29, 47, 53, 61, 73, 89, 97, 101, 109]","[3.8355564448857766, 4.222778888472072, 0.9120067406719627, 0.5, 1.0]","{""time"": 1.0, ""collisions"": 0.05, ""congestion"": 1.0, ""fairness"": 2.0, ""incomplete_base"": 1000.0, ""incomplete_agent"": 10.0}","[65.5221340388007, 1176.0807435897436, 50.533920417482065, 58.72464985994398, 45.088878016960216, 57.26269841269841, 66.4936507936508, 58.05406162464986, 51.12778864970646, 53.66172980374259]","[32.4, 100.0, 29.200000000000003, 37.4, 29.200000000000003, 30.6, 36.0, 34.0, 29.200000000000003, 31.3]"
ga,6,29,56.813485993979086,32.440000000000005,87.3,1.8749145654076536,5.6,12.555714285714286,21.622500000000002,9.066785714285716,True,0.0,hospital_corridor,28,12,"[11, 29, 47, 53, 61, 73, 89, 97, 101, 109]","[3.68399573312588, 3.986149525511739, 0.9132993952875126, 0.5, 1.0]","{""time"": 1.0, ""collisions"": 0.05, ""congestion"": 1.0, ""fairness"": 2.0, ""incomplete_base"": 1000.0, ""incomplete_agent"": 10.0}","[72.35493443754314, 51.02170329670331, 52.048060873834075, 53.39865134865135, 46.65277100601333, 51.04107142857143, 59.07129750982962, 74.63902439024389, 52.58954311454312, 55.31780253385759]","[41.400000000000006, 31.200000000000003, 29.1, 28.6, 29.3, 28.8, 32.7, 41.0, 29.6, 32.7]"
ga,6,30,61.30577704388145,36.19000000000001,30.2,1.7491103772147778,5.2,13.605,24.533333333333335,10.928333333333333,True,0.0,hospital_corridor,28,12,"[11, 29, 47, 53, 61, 73, 89, 97, 101, 109]","[2.7101162824452545, 4.78560767726736, 0.8794067698305433, 0.5, 1.0]","{""time"": 1.0, ""collisions"": 0.05, ""congestion"": 1.0, ""fairness"": 2.0, ""incomplete_base"": 1000.0, ""incomplete_agent"": 10.0}","[77.70414794848757, 49.132631736080015, 57.80590062111801, 52.273664343786294, 54.47559191274276, 58.44546271338724, 67.25610435663627, 82.64060643951235, 54.277333038478545, 59.04632732858539]","[47.7, 31.900000000000002, 32.2, 32.800000000000004, 35.800000000000004, 31.8, 37.6, 45.7, 32.300000000000004, 34.1]"
ga,6,31,54.95942406651909,33.080000000000005,44.9,1.7272812093762326,5.1,12.976428571428574,21.93,8.953571428571431,True,0.0,hospital_corridor,28,12,"[11, 29, 47, 53, 61, 73, 89, 97, 101, 109]","[3.3356420424815214, 3.999449447198067, 0.932323109830893, 0.5, 1.0]","{""time"": 1.0, ""collisions"": 0.05, ""congestion"": 1.0, ""fairness"": 2.0, ""incomplete_base"": 1000.0, ""incomplete_agent"": 10.0}","[67.71904761904761, 49.31676798378926, 49.88143500643501, 47.98861788617887, 41.607900432900436, 50.928173248821714, 62.71048151104018, 62.69192799070848, 62.499523809523815, 54.25036517674555]","[39.5, 32.9, 29.6, 28.700000000000003, 26.400000000000002, 29.3, 35.800000000000004, 41.0, 35.0, 32.6]"
ga,6,32,57.52598764274538,34.440000000000005,31.4,1.7528924046501344,5.2,13.011785714285713,22.893333333333334,9.88154761904762,True,0.0,hospital_corridor,28,12,"[11, 29, 47, 53, 61, 73, 89, 97, 101, 109]","[3.175979934747524, 4.541281857820889, 0.8978428080052545, 0.5, 1.0]","{""time"": 1.0, ""collisions"": 0.05, ""congestion"": 1.0, ""fairness"": 2.0, ""incomplete_base"": 1000.0, ""incomplete_agent"": 10.0}","[56.67352941176471, 56.49726847794332, 50.75281385281386, 63.9453303802141, 38.33186813186813, 52.056338694418166, 63.64795918367347, 71.27393822393823, 67.36569664902999, 54.71513342178977]","[35.7, 32.6, 29.700000000000003, 38.7, 26.0, 30.200000000000003, 34.300000000000004, 44.400000000000006, 40.5, 32.300000000000004]"
ga,6,33,61.145268599359966,30.119999999999997,221.1,1.9524114565028234,5.5,11.92857142857143,20.9375,9.008928571428571,True,0.0,hospital_corridor,28,12,"[11, 29, 47, 53, 61, 73, 89, 97, 101, 109]","[4.335630595894489, 3.6009981751158624, 0.8972273008678668, 0.5, 1.0]","{""time"": 1.0, ""collisions"": 0.05, ""congestion"": 1.0, ""fairness"": 2.0, ""incomplete_base"": 1000.0, ""incomplete_agent"": 10.0}","[68.10199089874858, 60.25578231292518, 61.109433962264156, 62.81056600576173, 46.9738684166246, 51.64928315412187, 67.40569358178054, 82.09876190476191, 55.94722365480489, 55.100082101806244]","[29.3, 29.400000000000002, 31.8, 28.1, 28.3, 27.900000000000002, 32.2, 37.5, 27.700000000000003, 29.0]"
ga,6,34,1137.474858558059,81.35,8.7,0.9242704794707632,4.6,13.977781718281719,26.36057575757576,12.382794039294039,False,3.0,hospital_corridor,28,12,"[11, 29, 47, 53, 61, 73, 89, 97, 101, 109]","[3.1882928557695607, 5.0, 1.0317929997319917, 0.5, 1.0]","{""time"": 1.0, ""collisions"": 0.05, ""congestion"": 1.0, ""fairness"": 2.0, ""incomplete_base"": 1000.0, ""incomplete_agent"": 10.0}","[1136.144923076923, 1214.314, 58.172410625971466, 1180.6284242424242, 1198.781896103896, 58.00220385674932, 1150.5832564102564, 1157.4728571428573, 71.50032840722497, 1149.1482857142857]","[100.0, 100.0, 33.7, 100.0, 100.0, 36.300000000000004, 100.0, 100.0, 43.5, 100.0]"
ga,6,35,59.588080096168525,32.63,148.4,1.866889619978042,5.7,12.67357142857143,21.50916666666667,8.835595238095241,True,0.0,hospital_corridor,28,12,"[11, 29, 47, 53, 61, 73, 89, 97, 101, 109]","[3.3929189679016756, 3.428158501467179, 0.8673112685907018, 0.5, 1.0]","{""time"": 1.0, ""collisions"": 0.05, ""congestion"": 1.0, ""fairness"": 2.0, ""incomplete_base"": 1000.0, ""incomplete_agent"": 10.0}","[91.86855791962175, 53.0046365914787, 52.50551206784084, 59.530182492158545, 44.720173745173746, 53.06208791208791, 69.34903474903476, 59.22521865889213, 54.825714285714284, 57.789682539682545]","[42.300000000000004, 30.400000000000002, 29.200000000000003, 33.4, 29.6, 28.6, 37.0, 34.300000000000004, 30.0, 31.5]"
ga,6,36,177.41822642397733,29.7,2554.1,1.9384645192154035,5.6,11.009285714285715,20.046666666666667,9.037380952380953,True,0.0,hospital_corridor,28,12,"[11, 29, 47, 53, 61, 73, 89, 97, 101, 109]","[3.595832084074847, 4.091949947782553, 0.695855246903812, 0.5, 1.0]","{""time"": 1.0, ""collisions"": 0.05, ""congestion"": 1.0, ""fairness"": 2.0, ""incomplete_base"": 1000.0, ""incomplete_agent"": 10.0}","[248.5778593680463, 168.24310776942357, 143.4217303822938, 168.4467401725791, 161.78911930363546, 148.91569343065694, 189.14747899159664, 201.78939986953685, 163.83788819875775, 180.0132467532468]","[32.1, 28.5, 28.400000000000002, 29.8, 27.900000000000002, 27.400000000000002, 34.0, 29.200000000000003, 32.2, 27.5]"
ga,6,37,68.8196206824897,32.6,293.4,1.8058111586801626,5.2,12.003928571428574,21.875833333333333,9.871904761904762,True,0.0,hospital_corridor,28,12,"[11, 29, 47, 53, 61, 73, 89, 97, 101, 109]","[3.311621674582142, 3.950022671182495, 0.7956689569562287, 0.5, 1.0]","{""time"": 1.0, ""collisions"": 0.05, ""congestion"": 1.0, ""fairness"": 2.0, ""incomplete_base"": 1000.0, ""incomplete_agent"": 10.0}","[103.06256439251163, 74.14874027173197, 58.77129810828441, 76.81040564373897, 51.175892857142856, 57.818556176919174, 68.98777388255917, 76.86500000000001, 62.317763157894746, 58.23821233411398]","[37.9, 36.1, 29.200000000000003, 32.4, 28.8, 28.1, 32.6, 40.0, 30.400000000000002, 30.5]"
ga,6,38,191.18577345808572,31.97,2755.2,1.9079163152285887,5.7,11.80107142857143,21.575,9.773928571428574,True,0.0,hospital_corridor,28,12,"[11, 29, 47, 53, 61, 73, 89, 97, 101, 109]","[2.9156306749533996, 4.219005677897319, 0.6935309855103492, 0.5, 1.0]","{""time"": 1.0, ""collisions"": 0.05, ""congestion"": 1.0, ""fairness"": 2.0, ""incomplete_base"": 1000.0, ""incomplete_agent"": 10.0}","[224.0572056975283, 192.85444964871195, 160.06451093951097, 193.24396671289878, 182.02183908045978, 157.21925243215566, 223.68156028368796, 214.41417870518993, 193.30353697749197, 170.99723410322213]","[34.1, 30.5, 29.6, 30.900000000000002, 29.0, 27.900000000000002, 37.6, 35.6, 31.1, 33.4]"
ga,6,39,58.795460800362896,34.769999999999996,50.7,1.840460800362908,5.5,13.217500000000001,23.0425,9.825,True,0.0,hospital_corridor,28,12,"[11, 29, 47, 53, 61, 73, 89, 97, 101, 109]","[3.39118736165819, 4.341319754357688, 0.9136409178456837, 0.5, 1.0]","{""time"": 1.0, ""collisions"": 0.05, ""congestion"": 1.0, ""fairness"": 2.0, ""incomplete_base"": 1000.0, ""incomplete_agent"": 10.0}","[72.2256880733945, 64.70729013254787, 59.45008710801394, 53.82515991471216, 46.15740740740742, 52.90851648351649, 65.69013794933016, 60.503663003663, 56.25431962258588, 56.23233830845771]","[43.6, 38.800000000000004, 32.800000000000004, 33.5, 29.700000000000003, 31.200000000000003, 35.9, 36.4, 32.300000000000004, 33.5]"
ga,6,40,1178.9155155252156,100.0,9.5,0.5637,4.3,15.476243752543756,28.91465151515152,13.438407762607763,False,5.1,hospital_corridor,28,12,"[11, 29, 47, 53, 61, 73, 89, 97, 101, 109]","[3.1231630615941413, 4.635964952274971, 1.0787927297492288, 0.5, 1.0]","{""time"": 1.0, ""collisions"": 0.05, ""congestion"": 1.0, ""fairness"": 2.0, ""incomplete_base"": 1000.0, ""incomplete_agent"": 10.0}","[1142.7861025641025, 1212.8683766233767, 1171.413, 1207.4803766233767, 1212.479523809524, 1129.9406103896104, 1192.8604615384615, 1184.8157037037038, 1158.0376923076924, 1176.4733076923076]","[100.0, 100.0, 100.0, 100.0, 100.0, 100.0, 100.0, 100.0, 100.0, 100.0]"
ga,6,41,60.722274512512996,37.09,29.6,1.706084036322514,5.3,14.13857142857143,24.361666666666668,10.22309523809524,True,0.0,hospital_corridor,28,12,"[11, 29, 47, 53, 61, 73, 89, 97, 101, 109]","[3.1541564692385284, 4.623480403852982, 0.9277072477141951, 0.5, 1.0]","{""time"": 1.0, ""collisions"": 0.05, ""congestion"": 1.0, ""fairness"": 2.0, ""incomplete_base"": 1000.0, ""incomplete_agent"": 10.0}","[71.15720536424595, 76.23283535636477, 51.38502506265664, 61.10645255645257, 41.661904761904765, 60.38630952380953, 61.718973214285725, 71.24585095997398, 52.14558759283531, 60.18260073260073]","[41.900000000000006, 45.900000000000006, 30.400000000000002, 40.7, 27.0, 33.6, 38.400000000000006, 43.900000000000006, 32.7, 36.4]"
ga,6,42,61.34963760817308,35.07000000000001,103.0,1.8308280843635498,5.1,13.491428571428575,23.140833333333337,9.649404761904762,True,0.0,hospital_corridor,28,12,"[11, 29, 47, 53, 61, 73, 89, 97, 101, 109]","[3.269288579736194, 3.8263137026735468, 0.9161676991724885, 0.5, 1.0]","{""time"": 1.0, ""collisions"": 0.05, ""congestion"": 1.0, ""fairness"": 2.0, ""incomplete_base"": 1000.0, ""incomplete_agent"": 10.0}","[82.90995670995672, 54.82597204019223, 55.69049211657908, 51.86224489795918, 46.0760958688111, 52.011734113440596, 65.835347985348, 76.72132196162048, 71.91118326118327, 55.652027126640135]","[44.0, 32.7, 29.900000000000002, 29.400000000000002, 30.200000000000003, 29.3, 36.4, 46.900000000000006, 39.6, 32.300000000000004]"
ga,6,43,53.38174993564857,31.22,54.2,1.8119880308866687,5.2,12.596785714285714,21.416666666666664,8.819880952380952,True,0.0,hospital_corridor,28,12,"[11, 29, 47, 53, 61, 73, 89, 97, 101, 109]","[3.4860632594563814, 3.9639953703113227, 0.9332351022594283, 0.5, 1.0]","{""time"": 1.0, ""collisions"": 0.05, ""congestion"": 1.0, ""fairness"": 2.0, ""incomplete_base"": 1000.0, ""incomplete_agent"": 10.0}","[53.364317889317896, 49.7200122492727, 51.60331890331891, 47.71253746253747, 47.52195318805489, 53.66231527093596, 63.16232969108323, 58.30316558441559, 54.28681318681319, 54.48073593073593]","[29.6, 31.1, 29.700000000000003, 28.6, 29.5, 29.0, 35.300000000000004, 35.2, 31.200000000000003, 33.0]"
ga,6,44,1072.3336064242287,45.75,15.7,1.50571265133495,5.2,14.32271978021978,25.469166666666666,11.146446886446887,False,0.2,hospital_corridor,28,12,"[11, 29, 47, 53, 61, 73, 89, 97, 101, 109]","[2.5229738173479794, 4.361200285494161, 0.9346176436808138, 0.5, 1.0]","{""time"": 1.0, ""collisions"": 0.05, ""congestion"": 1.0, ""fairness"": 2.0, ""incomplete_base"": 1000.0, ""incomplete_agent"": 10.0}","[68.3493476842792, 82.37581404103145, 56.71142857142857, 45.72595628415301, 1138.5787948717948, 52.47022375215147, 69.78212560386474, 72.24147869674186, 75.29479949874687, 61.80609523809524]","[43.800000000000004, 50.6, 35.0, 30.5, 100.0, 33.2, 41.400000000000006, 39.900000000000006, 45.6, 37.5]"
ga,6,45,70.06268799302053,44.53000000000001,15.9,1.4462594215919515,4.8,14.901785714285717,26.547500000000003,11.645714285714282,True,0.0,hospital_corridor,28,12,"[11, 29, 47, 53, 61, 73, 89, 97, 101, 109]","[2.4302373312400825, 4.014444892200267, 0.9493374371021961, 0.5, 1.0]","{""time"": 1.0, ""collisions"": 0.05, ""congestion"": 1.0, ""fairness"": 2.0, ""incomplete_base"": 1000.0, ""incomplete_agent"": 10.0}","[64.68755547559074, 94.56521739130434, 60.69102564102563, 57.16178571428571, 55.02683615819208, 74.27063997573552, 76.94400656814449, 85.31408308004052, 60.506771887225156, 71.45895803866102]","[39.7, 80.5, 36.4, 40.0, 35.4, 47.1, 43.5, 47.0, 35.300000000000004, 40.400000000000006]"
ga,6,46,60.52132420660493,31.920000000000005,179.9,1.8182289685096873,5.2,12.451785714285716,21.34583333333333,8.89404761904762,True,0.0,hospital_corridor,28,12,"[11, 29, 47, 53, 61, 73, 89, 97, 101, 109]","[3.7939465164415367, 3.549927878455849, 0.9024685163721196, 0.5, 1.0]","{""time"": 1.0, ""collisions"": 0.05, ""congestion"": 1.0, ""fairness"": 2.0, ""incomplete_base"": 1000.0, ""incomplete_agent"": 10.0}","[83.2229564553094, 73.22061803444782, 52.504022988505746, 61.96507936507936, 44.48062397372742, 51.002271580010095, 63.49798534798535, 58.42720484643563, 56.191904761904766, 60.700574712643686]","[37.4, 32.9, 29.0, 31.5, 29.0, 28.3, 32.5, 33.800000000000004, 30.0, 34.800000000000004]"
ga,6,47,58.317161873179174,32.38,114.1,1.7816856827029863,5.2,12.036428571428573,21.261666666666667,9.225238095238096,True,0.0,hospital_corridor,28,12,"[11, 29, 47, 53, 61, 73, 89, 97, 101, 109]","[3.706922124833469, 3.4473233239995955, 0.9321648889442563, 0.5, 1.0]","{""time"": 1.0, ""collisions"": 0.05, ""congestion"": 1.0, ""fairness"": 2.0, ""incomplete_base"": 1000.0, ""incomplete_agent"": 10.0}","[72.83666125541126, 53.01471506635441, 47.50174275895925, 55.38811928811929, 45.81108980504953, 57.30645823824737, 65.04364851957975, 57.927976190476194, 72.59838709677419, 55.742820512820515]","[35.2, 30.5, 29.1, 29.700000000000003, 29.8, 31.3, 34.9, 33.6, 37.2, 32.5]"
ga,6,48,71.40496164805256,29.630000000000003,440.1,1.919485457576362,5.5,11.548928571428572,20.47416666666667,8.925238095238097,True,0.0,hospital_corridor,28,12,"[11, 29, 47, 53, 61, 73, 89, 97, 101, 109]","[3.601492031874953, 3.901944986379511, 0.7778759762737306, 0.5, 1.0]","{""time"": 1.0, ""collisions"": 0.05, ""congestion"": 1.0, ""fairness"": 2.0, ""incomplete_base"": 1000.0, ""incomplete_agent"": 10.0}","[90.52273925856989, 72.83853086976117, 63.85218458517427, 81.95079365079366, 57.750375939849626, 62.75091112257178, 82.19249775381851, 72.396685340803, 64.99761904761905, 64.79727891156463]","[30.700000000000003, 31.700000000000003, 29.1, 28.8, 28.5, 27.700000000000003, 31.8, 30.6, 28.0, 29.400000000000002]"
ga,6,49,55.418443896946876,32.81000000000001,51.3,1.8001105636135375,5.4,12.870000000000001,21.991666666666667,9.121666666666666,True,0.0,hospital_corridor,28,12,"[11, 29, 47, 53, 61, 73, 89, 97, 101, 109]","[3.3866289463273036, 3.9475143074902954, 0.9263798096351872, 0.5, 1.0]","{""time"": 1.0, ""collisions"": 0.05, ""congestion"": 1.0, ""fairness"": 2.0, ""incomplete_base"": 1000.0, ""incomplete_agent"": 10.0}","[62.56288323548597, 52.20694570821959, 50.29153796653796, 45.8925407925408, 42.82142857142857, 52.751214445509746, 62.19089635854343, 72.61915947587087, 57.51126933088348, 55.33656308444829]","[36.5, 31.400000000000002, 29.6, 28.6, 27.6, 29.8, 35.7, 44.7, 31.1, 33.1]"
ga,6,50,57.64749128281624,32.22,100.7,1.9729674732924345,5.4,12.26857142857143,21.47833333333333,9.209761904761905,True,0.0,hospital_corridor,28,12,"[11, 29, 47, 53, 61, 73, 89, 97, 101, 109]","[5.0, 5.0, 0.899609609542651, 0.5, 1.0]","{""time"": 1.0, ""collisions"": 0.05, ""congestion"": 1.0, ""fairness"": 2.0, ""incomplete_base"": 1000.0, ""incomplete_agent"": 10.0}","[64.99288747346073, 63.75778635778636, 46.85249709639953, 53.90290556900727, 53.99717607973423, 50.45787545787546, 63.35437993379169, 66.53963585434174, 60.42765347102697, 52.19211553473849]","[31.400000000000002, 33.300000000000004, 28.700000000000003, 29.5, 30.1, 27.3, 37.4, 40.800000000000004, 33.2, 30.5]"
ga,6,51,57.68527090320441,34.660000000000004,18.7,1.855270903204398,5.7,13.065000000000001,23.1825,10.117500000000001,True,0.0,hospital_corridor,28,12,"[11, 29, 47, 53, 61, 73, 89, 97, 101, 109]","[3.7437621235927807, 5.0, 0.9309233416776792, 0.5, 1.0]","{""time"": 1.0, ""collisions"": 0.05, ""congestion"": 1.0, ""fairness"": 2.0, ""incomplete_base"": 1000.0, ""incomplete_agent"": 10.0}","[76.09502164502165, 60.49437939110071, 53.15873743993011, 50.57782446311858, 38.952269779507134, 56.092299442299456, 60.21026518391788, 68.41925770308124, 58.982237673830596, 53.87041631023667]","[46.2, 36.6, 32.7, 30.6, 25.700000000000003, 33.300000000000004, 33.4, 40.800000000000004, 33.9, 33.4]"
ga,6,52,59.88510528345681,37.230000000000004,26.6,1.7339148072663335,5.2,14.05857142857143,23.85416666666667,9.795595238095238,True,0.0,hospital_corridor,28,12,"[11, 29, 47, 53, 61, 73, 89, 97, 101, 109]","[3.4674679236601094, 5.0, 0.9384295925872033, 0.5, 1.0]","{""time"": 1.0, ""collisions"": 0.05, ""congestion"": 1.0, ""fairness"": 2.0, ""incomplete_base"": 1000.0, ""incomplete_agent"": 10.0}","[63.43252850435949, 55.242930402930405, 50.11622369878184, 66.88782569631627, 40.274961597542244, 56.56834733893558, 60.59301211608905, 62.21639218690157, 70.32701149425287, 73.19181979845881]","[42.6, 32.5, 30.1, 42.400000000000006, 27.900000000000002, 34.0, 33.800000000000004, 37.300000000000004, 43.5, 48.2]"
ga,6,53,112.22439355150871,31.27,1208.2,1.7877268848420336,5.6,11.395000000000001,20.77333333333333,9.378333333333334,True,0.0,hospital_corridor,28,12,"[11, 29, 47, 53, 61, 73, 89, 97, 101, 109]","[3.267928878918016, 4.554356501975377, 0.7062949541035709, 0.5, 1.0]","{""time"": 1.0, ""collisions"": 0.05, ""congestion"": 1.0, ""fairness"": 2.0, ""incomplete_base"": 1000.0, ""incomplete_agent"": 10.0}","[261.31272914632825, 84.08363399967496, 82.54386352479136, 103.46373626373627, 85.87787456445994, 90.54977732100035, 105.6396751223854, 119.5912568306011, 103.06702092601748, 86.11436781609196]","[43.900000000000006, 29.3, 29.1, 27.3, 28.700000000000003, 27.8, 32.1, 36.6, 28.900000000000002, 29.0]"
ga,6,54,1223.636724613576,100.0,34.5,0.4462,3.8,14.080042888017143,24.812805194805197,10.732762306788052,False,10.0,hospital_corridor,28,12,"[11, 29, 47, 53, 61, 73, 89, 97, 101, 109]","[3.491212694307735, 3.793757224327942, 1.311976543245246, 0.5, 1.0]","{""time"": 1.0, ""collisions"": 0.05, ""congestion"": 1.0, ""fairness"": 2.0, ""incomplete_base"": 1000.0, ""incomplete_agent"": 10.0}","[1203.159883116883, 1269.413696969697, 1219.6194761904762, 1235.8734912280702, 1225.6692631578946, 1206.588927536232, 1197.382, 1215.2743333333333, 1189.619, 1273.7671746031747]","[100.0, 100.0, 100.0, 100.0, 100.0, 100.0, 100.0, 100.0, 100.0, 100.0]"
ga,6,55,53.65919042293743,32.38,27.3,1.8594285181755184,5.4,12.791785714285714,21.819166666666668,9.027380952380952,True,0.0,hospital_corridor,28,12,"[11, 29, 47, 53, 61, 73, 89, 97, 101, 109]","[3.444643030007085, 4.474275331936132, 0.9198490483584651, 0.5, 1.0]","{""time"": 1.0, ""collisions"": 0.05, ""congestion"": 1.0, ""fairness"": 2.0, ""incomplete_base"": 1000.0, ""incomplete_agent"": 10.0}","[49.40432269995377, 48.64221611721612, 50.95170755170756, 55.17941176470588, 39.3703869047619, 51.09122635355513, 63.68571428571428, 58.010784313725495, 65.83621553884713, 54.419918699187]","[30.900000000000002, 31.200000000000003, 29.700000000000003, 35.7, 25.6, 29.200000000000003, 35.0, 35.7, 38.0, 32.800000000000004]"
ga,6,56,61.33372447103473,33.089999999999996,162.5,1.8768197091299712,5.9,12.543214285714287,21.664166666666667,9.120952380952383,True,0.0,hospital_corridor,28,12,"[11, 29, 47, 53, 61, 73, 89, 97, 101, 109]","[3.3315288214671774, 2.9575115806553898, 0.9220996077962931, 0.5, 1.0]","{""time"": 1.0, ""collisions"": 0.05, ""congestion"": 1.0, ""fairness"": 2.0, ""incomplete_base"": 1000.0, ""incomplete_agent"": 10.0}","[78.19761904761906, 50.05779220779221, 52.67541036892573, 69.76192583227981, 49.906140350877195, 54.687835202340324, 75.80468591691996, 61.594642857142865, 58.41002506265664, 62.24116786379358]","[36.0, 30.8, 29.3, 33.9, 34.2, 29.3, 37.6, 33.6, 30.400000000000002, 35.800000000000004]"
ga,6,57,58.53838248835338,34.58,70.6,1.7240967740676634,5.2,13.297857142857143,22.65,9.352142857142857,True,0.0,hospital_corridor,28,12,"[11, 29, 47, 53, 61, 73, 89, 97, 101, 109]","[3.3293195026524653, 3.894974432075565, 0.9280973452931307, 0.5, 1.0]","{""time"": 1.0, ""collisions"": 0.05, ""congestion"": 1.0, ""fairness"": 2.0, ""incomplete_base"": 1000.0, ""incomplete_agent"": 10.0}","[78.7437713046173, 55.18299525248165, 51.43256373256374, 63.929262470159564, 45.84352159468439, 55.29418423106948, 61.90288924558588, 64.71568520537987, 53.94314002828854, 54.39581181870339]","[46.1, 33.1, 29.700000000000003, 37.9, 30.1, 30.5, 35.6, 39.300000000000004, 30.3, 33.2]"
ga,6,58,61.90357330865651,34.37,91.8,1.9261923562755618,5.9,12.477142857142857,22.98583333333334,10.508690476190477,True,0.0,hospital_corridor,28,12,"[11, 29, 47, 53, 61, 73, 89, 97, 101, 109]","[3.691887782370236, 4.316182435859932, 0.8749384636016768, 0.5, 1.0]","{""time"": 1.0, ""collisions"": 0.05, ""congestion"": 1.0, ""fairness"": 2.0, ""incomplete_base"": 1000.0, ""incomplete_agent"": 10.0}","[91.59795282599022, 66.79953460137597, 53.98699067255768, 71.68953722334004, 45.87316691382436, 51.20404595404595, 67.40889593435286, 60.844490188006034, 54.067685937251156, 55.5634328358209]","[42.800000000000004, 35.300000000000004, 29.1, 42.6, 28.900000000000002, 28.6, 38.300000000000004, 34.7, 29.900000000000002, 33.5]"
ga,6,59,59.731101449701995,32.83,127.2,1.8630062116067627,5.5,12.439285714285717,21.778333333333332,9.33904761904762,True,0.0,hospital_corridor,28,12,"[11, 29, 47, 53, 61, 73, 89, 97, 101, 109]","[3.58094246917345, 4.632507228528267, 0.8327803983887929, 0.5, 1.0]","{""time"": 1.0, ""collisions"": 0.05, ""congestion"": 1.0, ""fairness"": 2.0, ""incomplete_base"": 1000.0, ""incomplete_agent"": 10.0}","[87.37063492063491, 51.846078431372554, 53.261970670621196, 56.25353302611368, 52.809827760891594, 52.081464413722486, 62.76271986271988, 64.04600026979631, 62.31532999164579, 54.56345514950167]","[44.1, 30.6, 28.900000000000002, 31.0, 32.9, 27.900000000000002, 33.300000000000004, 35.300000000000004, 34.2, 30.1]"
ga,7,0,53.38174993564857,31.22,54.2,1.8119880308866687,5.2,12.596785714285714,21.416666666666664,8.819880952380952,True,0.0,hospital_corridor,28,12,"[11, 29, 47, 53, 61, 73, 89, 97, 101, 109]","[3.4860632594563814, 3.9639953703113227, 0.9332351022594283, 0.5, 1.0]","{""time"": 1.0, ""collisions"": 0.05, ""congestion"": 1.0, ""fairness"": 2.0, ""incomplete_base"": 1000.0, ""incomplete_agent"": 10.0}","[53.364317889317896, 49.7200122492727, 51.60331890331891, 47.71253746253747, 47.52195318805489, 53.66231527093596, 63.16232969108323, 58.30316558441559, 54.28681318681319, 54.48073593073593]","[29.6, 31.1, 29.700000000000003, 28.6, 29.5, 29.0, 35.300000000000004, 35.2, 31.200000000000003, 33.0]"
ga,7,1,53.65919042293743,32.38,27.3,1.8594285181755184,5.4,12.791785714285714,21.819166666666668,9.027380952380952,True,0.0,hospital_corridor,28,12,"[11, 29, 47, 53, 61, 73, 89, 97, 101, 109]","[3.444643030007085, 4.474275331936132, 0.9198490483584651, 0.5, 1.0]","{""time"": 1.0, ""collisions"": 0.05, ""congestion"": 1.0, ""fairness"": 2.0, ""incomplete_base"": 1000.0, ""incomplete_agent"": 10.0}","[49.40432269995377, 48.64221611721612, 50.95170755170756, 55.17941176470588, 39.3703869047619, 51.09122635355513, 63.68571428571428, 58.010784313725495, 65.83621553884713, 54.419918699187]","[30.900000000000002, 31.200000000000003, 29.700000000000003, 35.7, 25.6, 29.200000000000003, 35.0, 35.7, 38.0, 32.800000000000004]"
ga,7,2,58.36441962131761,32.46,98.8,1.788705335603322,5.3,12.149642857142858,21.7375,9.587857142857143,True,0.0,hospital_corridor,28,12,"[11, 29, 47, 53, 61, 73, 89, 97, 101, 109]","[4.080353715511162, 4.161461185959472, 0.8983094245300715, 0.5, 1.0]","{""time"": 1.0, ""collisions"": 0.05, ""congestion"": 1.0, ""fairness"": 2.0, ""incomplete_base"": 1000.0, ""incomplete_agent"": 10.0}","[75.68143459915612, 62.45814419225634, 57.310681520314546, 46.78410438908661, 45.37909407665505, 51.275, 70.51187888198758, 56.08787132407823, 64.65995548360988, 53.49603174603175]","[39.5, 32.1, 32.7, 28.1, 28.700000000000003, 28.0, 36.800000000000004, 31.900000000000002, 35.300000000000004, 31.5]"
ga,7,3,1113.271157549266,65.39,29.1,1.2095508226592897,5.0,13.72131784881785,25.32962121212121,11.608303363303364,False,2.2,hospital_corridor,28,12,"[11, 29, 47, 53, 61, 73, 89, 97, 101, 109]","[3.678681109682575, 4.852023973601157, 1.0259734257656987, 0.5, 1.0]","{""time"": 1.0, ""collisions"": 0.05, ""congestion"": 1.0, ""fairness"": 2.0, ""incomplete_base"": 1000.0, ""incomplete_agent"": 10.0}","[80.22527472527472, 1183.3640303030304, 58.2065365668814, 1183.1703636363636, 1196.1174242424242, 64.42628865979381, 1155.862153846154, 74.72120181405896, 81.53309866040874, 55.08520303827052]","[52.0, 100.0, 37.7, 100.0, 100.0, 38.800000000000004, 100.0, 44.1, 48.7, 32.6]"
ga,7,4,53.65919042293743,32.38,27.3,1.8594285181755184,5.4,12.791785714285714,21.819166666666668,9.027380952380952,True,0.0,hospital_corridor,28,12,"[11, 29, 47, 53, 61, 73, 89, 97, 101, 109]","[3.444643030007085, 4.474275331936132, 0.9198490483584651, 0.5, 1.0]","{""time"": 1.0, ""collisions"": 0.05, ""congestion"": 1.0, ""fairness"": 2.0, ""incomplete_base"": 1000.0, ""incomplete_agent"": 10.0}","[49.40432269995377, 48.64221611721612, 50.95170755170756, 55.17941176470588, 39.3703869047619, 51.09122635355513, 63.68571428571428, 58.010784313725495, 65.83621553884713, 54.419918699187]","[30.900000000000002, 31.200000000000003, 29.700000000000003, 35.7, 25.6, 29.200000000000003, 35.0, 35.7, 38.0, 32.800000000000004]"
ga,7,5,60.29906363440506,33.08,125.3,1.862873158214581,5.8,12.46107142857143,22.006666666666668,9.545595238095238,True,0.0,hospital_corridor,28,12,"[11, 29, 47, 53, 61, 73, 89, 97, 101, 109]","[3.613968878158432, 3.549927878455849, 0.9024685163721196, 0.5, 1.0]","{""time"": 1.0, ""collisions"": 0.05, ""congestion"": 1.0, ""fairness"": 2.0, ""incomplete_base"": 1000.0, ""incomplete_agent"": 10.0}","[79.32377938517179, 72.397311827957, 56.12547537786446, 53.48300033300034, 47.75202966432475, 52.60257936507937, 66.13634395907124, 62.714420995671, 53.376095868811106, 59.07959956709957]","[39.5, 37.2, 29.3, 28.6, 30.5, 28.8, 36.300000000000004, 35.2, 30.200000000000003, 35.2]"
ga,7,6,57.41516400971807,34.21,46.4,1.6620687716228328,5.4,12.669285714285715,22.280833333333334,9.611547619047618,True,0.0,hospital_corridor,28,12,"[11, 29, 47, 53, 61, 73, 89, 97, 101, 109]","[3.176896727567862, 4.049597477004848, 0.9009060735750788, 0.5, 1.0]","{""time"": 1.0, ""collisions"": 0.05, ""congestion"": 1.0, ""fairness"": 2.0, ""incomplete_base"": 1000.0, ""incomplete_agent"": 10.0}","[65.15846827395946, 49.67839341344014, 51.993361715547145, 57.82602532342416, 45.74512099921936, 54.599029126213594, 61.46292912513843, 61.64531288955372, 59.362575950261416, 66.68042328042328]","[39.7, 32.1, 30.200000000000003, 34.6, 30.5, 30.900000000000002, 34.4, 38.2, 33.7, 37.800000000000004]"
ga,7,7,188.9049876630205,30.589999999999996,2781.3,1.9864162344490495,5.9,11.705714285714286,20.3375,8.631785714285716,True,0.0,hospital_corridor,28,12,"[11, 29, 47, 53, 61, 73, 89, 97, 101, 109]","[3.1803802999332444, 5.0, 0.6399854300954894, 0.5, 1.0]","{""time"": 1.0, ""collisions"": 0.05, ""congestion"": 1.0, ""fairness"": 2.0, ""incomplete_base"": 1000.0, ""incomplete_agent"": 10.0}","[220.02205588822358, 191.39197349042712, 157.7317378497791, 195.15, 177.45594405594406, 155.80415162454875, 205.75385626643293, 210.641900445979, 184.91249794035264, 190.18575906851768]","[33.4, 29.1, 29.1, 31.5, 28.6, 27.700000000000003, 32.6, 33.1, 28.900000000000002, 31.900000000000002]"
ga,7,8,62.49983397964769,38.37,17.0,1.6695958844095984,5.2,14.118214285714284,24.923333333333336,10.805119047619048,True,0.0,hospital_corridor,28,12,"[11, 29, 47, 53, 61, 73, 89, 97, 101, 109]","[2.758020760985192, 4.259255724394229, 0.9460248418802892, 0.5, 1.0]","{""time"": 1.0, ""collisions"": 0.05, ""congestion"": 1.0, ""fairness"": 2.0, ""incomplete_base"": 1000.0, ""incomplete_agent"": 10.0}","[70.90324089003548, 51.356814449917906, 56.88921240050273, 48.04000933706816, 42.96071428571428, 74.91866325005338, 64.80601052760437, 85.64882970137208, 64.82067669172932, 64.65416826247926]","[44.300000000000004, 34.800000000000004, 34.1, 30.6, 28.0, 44.6, 38.900000000000006, 53.1, 38.0, 37.300000000000004]"
ga,7,9,59.833807691175714,33.39,102.9,1.7711886435566633,4.9,12.860357142857143,22.624166666666664,9.763809523809524,True,0.0,hospital_corridor,28,12,"[11, 29, 47, 53, 61, 73, 89, 97, 101, 109]","[3.26095144585707, 3.3137797602934587, 0.9485747139106613, 0.5, 1.0]","{""time"": 1.0, ""collisions"": 0.05, ""congestion"": 1.0, ""fairness"": 2.0, ""incomplete_base"": 1000.0, ""incomplete_agent"": 10.0}","[73.27167919799498, 49.870276497695855, 53.599624060150376, 53.76789250353606, 39.1516420361248, 59.469856244384545, 68.57916337805841, 80.99146087318955, 59.87324661493991, 59.763235505682644]","[38.0, 31.0, 30.400000000000002, 30.3, 26.1, 31.8, 36.2, 45.7, 31.3, 33.1]"
ga,7,10,59.42611206915376,35.32000000000001,54.3,1.7463501643918478,5.5,13.261785714285717,23.08416666666667,9.82238095238095,True,0.0,hospital_corridor,28,12,"[11, 29, 47, 53, 61, 73, 89, 97, 101, 109]","[3.472241495570094, 4.149169797375682, 0.9261144196455471, 0.5, 1.0]","{""time"": 1.0, ""collisions"": 0.05, ""congestion"": 1.0, ""fairness"": 2.0, ""incomplete_base"": 1000.0, ""incomplete_agent"": 10.0}","[63.83915881073243, 50.477489177489176, 50.105153294194395, 60.530414746543784, 71.84866488651537, 53.11771037181997, 73.07242359630419, 61.48170171621948, 54.98875054608999, 54.79965354562878]","[39.400000000000006, 30.8, 29.200000000000003, 37.2, 42.800000000000004, 29.200000000000003, 40.2, 39.400000000000006, 32.7, 32.300000000000004]"
ga,7,11,1210.6568918484904,37.190000000000005,3051.8,1.851090982689655,5.5,11.730357142857143,20.743257575757575,9.012900432900434,False,0.1,hospital_corridor,28,12,"[11, 29, 47, 53, 61, 73, 89, 97, 101, 109]","[3.4584647938933717, 4.289100904871773, 0.5, 0.5, 1.0]","{""time"": 1.0, ""collisions"": 0.05, ""congestion"": 1.0, ""fairness"": 2.0, ""incomplete_base"": 1000.0, ""incomplete_agent"": 10.0}","[1320.6013896103896, 225.1488677988678, 157.26731601731603, 186.29115983026875, 183.2702380952381, 152.23978354978357, 217.02534843205575, 317.558608058608, 164.1955357142857, 182.9706713780919]","[100.0, 28.6, 28.6, 30.3, 28.0, 27.5, 32.800000000000004, 39.0, 28.8, 28.3]"
ga,7,12,58.4012484354717,35.14,28.4,1.8448198640431273,5.9,12.979285714285714,22.977500000000003,9.998214285714287,True,0.0,hospital_corridor,28,12,"[11, 29, 47, 53, 61, 73, 89, 97, 101, 109]","[3.644198239937227, 5.0, 0.9087834001515456, 0.5, 1.0]","{""time"": 1.0, ""collisions"": 0.05, ""congestion"": 1.0, ""fairness"": 2.0, ""incomplete_base"": 1000.0, ""incomplete_agent"": 10.0}","[62.68694425637555, 52.189682539682536, 49.52667971298109, 81.66927803379417, 38.979069767441864, 57.392991380528485, 63.33714285714286, 61.16774298760601, 63.507738095238096, 53.55521472392638]","[42.2, 31.5, 29.200000000000003, 46.5, 25.8, 33.7, 35.0, 36.5, 38.400000000000006, 32.6]"
ga,7,13,55.68861333372764,33.14,34.1,1.7917085718228827,5.4,12.780714285714287,22.30666666666667,9.52595238095238,True,0.0,hospital_corridor,28,12,"[11, 29, 47, 53, 61, 73, 89, 97, 101, 109]","[3.5605186209643094, 5.0, 0.8984541436624207, 0.5, 1.0]","{""time"": 1.0, ""collisions"": 0.05, ""congestion"": 1.0, ""fairness"": 2.0, ""incomplete_base"": 1000.0, ""incomplete_agent"": 10.0}","[65.88463646328097, 59.36677018633541, 50.35999512432959, 64.37969362308515, 40.20287114845938, 52.12537786445637, 58.7974025974026, 57.430147551978536, 53.81966205837173, 54.51957671957672]","[39.1, 34.5, 29.3, 40.1, 27.200000000000003, 29.3, 33.0, 35.5, 31.0, 32.4]"
ga,7,14,1325.3174275929225,43.830000000000005,4972.2,1.7265617920566556,5.6,11.369642857142857,19.945075757575758,8.5754329004329,False,1.4,hospital_corridor,28,12,"[11, 29, 47, 53, 61, 73, 89, 97, 101, 109]","[3.4183713569717016, 4.52548198831909, 0.5, 0.5, 1.0]","{""time"": 1.0, ""collisions"": 0.05, ""congestion"": 1.0, ""fairness"": 2.0, ""incomplete_base"": 1000.0, ""incomplete_agent"": 10.0}","[1316.7563246753248, 221.47482517482518, 165.44157955865273, 179.5104761904762, 174.32383494322997, 158.73792207792206, 208.49811265969802, 2441.3844285714285, 186.82909653287297, 200.2176755447942]","[100.0, 28.6, 28.700000000000003, 30.0, 28.1, 27.5, 32.800000000000004, 100.0, 33.1, 29.5]"
ga,7,15,1074.8133043860698,42.77,33.4,1.8696319473974974,5.6,14.497103174603174,27.748939393939395,13.251836219336221,False,0.2,hospital_corridor,28,12,"[11, 29, 47, 53, 61, 73, 89, 97, 101, 109]","[3.5304415834596052, 5.0, 0.9332461545843496, 0.5, 1.0]","{""time"": 1.0, ""collisions"": 0.05, ""congestion"": 1.0, ""fairness"": 2.0, ""incomplete_base"": 1000.0, ""incomplete_agent"": 10.0}","[1209.7566767676767, 54.35952380952381, 63.116236068895645, 56.23548113607461, 42.60666666666667, 67.86506931886679, 75.47124907612712, 58.55701131281242, 59.91095238095238, 60.25417732310316]","[100.0, 31.5, 37.6, 33.7, 30.0, 39.5, 45.1, 36.2, 35.0, 39.1]"
ga,7,16,57.97029130215434,33.45,48.9,1.837910349773384,5.1,12.307142857142859,22.425833333333333,10.118690476190476,True,0.0,hospital_corridor,28,12,"[11, 29, 47, 53, 61, 73, 89, 97, 101, 109]","[4.124269960627631, 4.70438595222866, 0.9144101554410162, 0.5, 1.0]","{""time"": 1.0, ""collisions"": 0.05, ""congestion"": 1.0, ""fairness"": 2.0, ""incomplete_base"": 1000.0, ""incomplete_agent"": 10.0}","[60.50178571428572, 60.16357560568087, 48.59285714285714, 68.5987430505197, 42.64882179675995, 54.59367903745128, 76.69681042228213, 63.916672883252524, 50.422906403940885, 53.567060964513196]","[33.6, 34.2, 29.0, 39.400000000000006, 29.1, 28.1, 42.400000000000006, 38.300000000000004, 29.0, 31.400000000000002]"
ga,7,17,57.01168141849528,33.71,44.9,1.8026337994476584,5.4,12.794642857142858,22.421666666666667,9.62702380952381,True,0.0,hospital_corridor,28,12,"[11, 29, 47, 53, 61, 73, 89, 97, 101, 109]","[4.029886508610898, 4.970509043077061, 0.9129067018158299, 0.5, 1.0]","{""time"": 1.0, ""collisions"": 0.05, ""congestion"": 1.0, ""fairness"": 2.0, ""incomplete_base"": 1000.0, ""incomplete_agent"": 10.0}","[76.27425595238097, 58.93599182004091, 48.726190476190474, 65.69242585371617, 45.236844229217105, 51.07056277056277, 62.26616541353384, 56.02716450216451, 52.20578459571749, 53.681428571428576]","[44.800000000000004, 32.6, 29.6, 40.300000000000004, 29.5, 28.6, 34.2, 35.2, 29.8, 32.5]"
ga,7,18,59.458945393784155,34.28,81.1,1.7641834890222476,5.2,13.041785714285714,22.72166666666667,9.679880952380952,True,0.0,hospital_corridor,28,12,"[11, 29, 47, 53, 61, 73, 89, 97, 101, 109]","[3.494439483615495, 3.772439906153739, 0.9430228698139378, 0.5, 1.0]","{""time"": 1.0, ""collisions"": 0.05, ""congestion"": 1.0, ""fairness"": 2.0, ""incomplete_base"": 1000.0, ""incomplete_agent"": 10.0}","[63.73929494278332, 53.97840461025176, 52.10628961482204, 77.48920634920636, 55.039855072463766, 53.36942954656266, 67.62359307359307, 60.65809523809524, 55.158497932935234, 55.42678755712812]","[38.7, 31.400000000000002, 29.3, 45.0, 32.2, 29.3, 38.5, 35.0, 31.1, 32.300000000000004]"
ga,7,19,57.5521559759445,33.730000000000004,71.5,1.804536928325437,5.1,12.900357142857143,22.121666666666666,9.221309523809525,True,0.0,hospital_corridor,28,12,"[11, 29, 47, 53, 61, 73, 89, 97, 101, 109]","[3.771580783532721, 4.104830655245081, 0.9432199194843356, 0.5, 1.0]","{""time"": 1.0, ""collisions"": 0.05, ""congestion"": 1.0, ""fairness"": 2.0, ""incomplete_base"": 1000.0, ""incomplete_agent"": 10.0}","[77.66925770308124, 49.36712424383435, 49.167403043691706, 49.71957223567394, 44.920299041118156, 50.42754050073637, 59.65908826945413, 66.16012975884442, 72.70460829493088, 55.72653666807969]","[40.800000000000004, 30.700000000000003, 29.1, 29.5, 29.3, 29.1, 32.800000000000004, 38.900000000000006, 43.400000000000006, 33.7]"
ga,7,20,58.37666821372499,34.81,69.8,1.79643011848689,5.3,13.503214285714288,22.643333333333334,9.140119047619049,True,0.0,hospital_corridor,28,12,"[11, 29, 47, 53, 61, 73, 89, 97, 101, 109]","[3.360752941715563, 4.209487594270228, 0.8980365612133996, 0.5, 1.0]","{""time"": 1.0, ""collisions"": 0.05, ""congestion"": 1.0, ""fairness"": 2.0, ""incomplete_base"": 1000.0, ""incomplete_agent"": 10.0}","[67.04849306811332, 48.03617511520737, 50.9819031366813, 70.42642857142857, 44.03469159475871, 53.08684883349313, 70.9084142394822, 62.03846726190477, 62.76696182605274, 54.438298490127764]","[39.5, 31.0, 29.3, 40.0, 29.8, 29.8, 41.2, 38.400000000000006, 36.300000000000004, 32.800000000000004]"
ga,7,21,1103.172113354007,61.6,40.9,1.2777683656620482,5.0,13.430297202797203,23.0549696969697,9.624672494172495,False,1.9,hospital_corridor,28,12,"[11, 29, 47, 53, 61, 73, 89, 97, 101, 109]","[3.5916249009915537, 4.267231037422153, 1.0263856271306901, 0.5, 1.0]","{""time"": 1.0, ""collisions"": 0.05, ""congestion"": 1.0, ""fairness"": 2.0, ""incomplete_base"": 1000.0, ""incomplete_agent"": 10.0}","[67.88558382257013, 1164.5176666666666, 50.41155115511552, 1158.5646666666667, 1184.2920909090908, 59.97473187473188, 1163.6426923076924, 62.96139857517811, 58.89790590935169, 60.57284565300651]","[43.800000000000004, 100.0, 30.3, 100.0, 100.0, 33.300000000000004, 100.0, 38.1, 33.2, 37.300000000000004]"
ga,7,22,1176.6393811202443,100.0,31.6,0.5122000000000001,4.3,13.524894288362711,25.29848484848485,11.77359056012214,False,5.1,hospital_corridor,28,12,"[11, 29, 47, 53, 61, 73, 89, 97, 101, 109]","[3.1392360852120125, 3.819697704782752, 1.0646641121664688, 0.5, 1.0]","{""time"": 1.0, ""collisions"": 0.05, ""congestion"": 1.0, ""fairness"": 2.0, ""incomplete_base"": 1000.0, ""incomplete_agent"": 10.0}","[1218.0563540669857, 1201.804393939394, 1172.038, 1184.7399393939395, 1189.6411428571428, 1162.774160839161, 1173.1451818181818, 1154.5338571428572, 1139.0417070707072, 1170.619074074074]","[100.0, 100.0, 100.0, 100.0, 100.0, 100.0, 100.0, 100.0, 100.0, 100.0]"
ga,7,23,61.35359497642486,31.859999999999996,184.6,1.9154997383296184,5.9,12.354285714285714,21.528333333333336,9.174047619047618,True,0.0,hospital_corridor,28,12,"[11, 29, 47, 53, 61, 73, 89, 97, 101, 109]","[3.3681847560939606, 4.423633132404344, 0.8119275607832116, 0.5, 1.0]","{""time"": 1.0, ""collisions"": 0.05, ""congestion"": 1.0, ""fairness"": 2.0, ""incomplete_base"": 1000.0, ""incomplete_agent"": 10.0}","[80.62954990215265, 52.79582743988684, 54.88061224489796, 56.1905753968254, 41.28857698721512, 69.2589588377724, 63.84003527336861, 72.43542857142857, 59.94382067208154, 62.27256443861949]","[36.5, 30.3, 29.400000000000002, 28.8, 25.700000000000003, 35.4, 32.4, 37.5, 29.900000000000002, 32.7]"
ga,7,24,59.98339613833029,33.71000000000001,110.2,1.6967294716636132,5.2,12.590000000000002,22.12333333333333,9.533333333333335,True,0.0,hospital_corridor,28,12,"[11, 29, 47, 53, 61, 73, 89, 97, 101, 109]","[3.7924538275970274, 3.6698372479615116, 0.9455757075138982, 0.5, 1.0]","{""time"": 1.0, ""collisions"": 0.05, ""congestion"": 1.0, ""fairness"": 2.0, ""incomplete_base"": 1000.0, ""incomplete_agent"": 10.0}","[75.81255411255411, 62.990058479532166, 49.08940886699507, 70.0767247065031, 45.50000000000001, 52.025976272862096, 61.94047619047619, 70.43475734791525, 57.049909584086805, 54.91409582237803]","[38.5, 34.2, 29.0, 36.1, 29.400000000000002, 28.900000000000002, 35.0, 41.800000000000004, 31.6, 32.6]"
ga,7,25,59.24603094014935,35.14,53.9,1.7179357020541104,5.1,12.984285714285715,22.83083333333333,9.84654761904762,True,0.0,hospital_corridor,28,12,"[11, 29, 47, 53, 61, 73, 89, 97, 101, 109]","[3.785930207767952, 4.402782342079369, 0.9454967230801716, 0.5, 1.0]","{""time"": 1.0, ""collisions"": 0.05, ""congestion"": 1.0, ""fairness"": 2.0, ""incomplete_base"": 1000.0, ""incomplete_agent"": 10.0}","[68.93379790940767, 48.93744588744589, 60.55364458632616, 67.41629072681705, 57.67643343051507, 52.5444658944659, 61.31476190476191, 66.7198606271777, 53.954301075268816, 54.40930735930736]","[41.0, 30.8, 35.800000000000004, 39.900000000000006, 34.300000000000004, 29.6, 35.0, 41.0, 31.0, 33.0]"
ga,7,26,55.66384174480935,31.68,94.8,1.8057465067141116,5.1,12.609285714285715,21.328333333333337,8.719047619047618,True,0.0,hospital_corridor,28,12,"[11, 29, 47, 53, 61, 73, 89, 97, 101, 109]","[3.7803136619630227, 3.866185821815565, 0.9402273573938454, 0.5, 1.0]","{""time"": 1.0, ""collisions"": 0.05, ""congestion"": 1.0, ""fairness"": 2.0, ""incomplete_base"": 1000.0, ""incomplete_agent"": 10.0}","[65.1395886165117, 49.33679653679654, 53.24181699983747, 53.55731052984575, 46.98822393822394, 51.5387088856161, 60.432633053221295, 61.213114754098356, 60.49161676646707, 54.69860736747529]","[33.800000000000004, 30.8, 29.3, 28.400000000000002, 29.6, 29.1, 34.0, 36.6, 33.4, 31.8]"
ga,7,27,177.41208424831555,28.93,2591.3,1.972084248315528,5.9,10.9625,19.435000000000002,8.4725,True,0.0,hospital_corridor,28,12,"[11, 29, 47, 53, 61, 73, 89, 97, 101, 109]","[3.7857480217049178, 3.6436059197137607, 0.6832922531557747, 0.5, 1.0]","{""time"": 1.0, ""collisions"": 0.05, ""congestion"": 1.0, ""fairness"": 2.0, ""incomplete_base"": 1000.0, ""incomplete_agent"": 10.0}","[204.99166666666667, 197.61428571428576, 145.30460992907805, 165.43320346320345, 171.33748495788205, 145.64706959706962, 195.5454461396209, 253.93561296859167, 132.01538461538462, 162.29607843137256]","[32.0, 28.3, 28.200000000000003, 27.5, 27.700000000000003, 27.3, 30.900000000000002, 32.9, 27.3, 27.200000000000003]"
ga,7,28,59.49986863114998,34.989999999999995,45.2,1.6510591073404632,4.8,13.231428571428571,23.530833333333334,10.299404761904762,True,0.0,hospital_corridor,28,12,"[11, 29, 47, 53, 61, 73, 89, 97, 101, 109]","[3.032594671363156, 3.8061334824651167, 0.9232260687766993, 0.5, 1.0]","{""time"": 1.0, ""collisions"": 0.05, ""congestion"": 1.0, ""fairness"": 2.0, ""incomplete_base"": 1000.0, ""incomplete_agent"": 10.0}","[66.93512206913222, 49.69679487179487, 53.35238095238094, 62.50337105139086, 39.76339977851606, 59.1827380952381, 71.16587301587302, 81.24731182795699, 55.1041329739443, 56.047561675272526]","[39.400000000000006, 31.200000000000003, 31.5, 40.400000000000006, 25.8, 33.6, 39.6, 43.400000000000006, 31.8, 33.2]"
ga,7,29,66.18243006151454,39.67,47.1,1.596477680562162,5.3,14.005357142857145,25.285833333333336,11.28047619047619,True,0.0,hospital_corridor,28,12,"[11, 29, 47, 53, 61, 73, 89, 97, 101, 109]","[2.3025848169353713, 4.509392913469057, 0.849947379215201, 0.5, 1.0]","{""time"": 1.0, ""collisions"": 0.05, ""congestion"": 1.0, ""fairness"": 2.0, ""incomplete_base"": 1000.0, ""incomplete_agent"": 10.0}","[67.04739566307072, 49.82294372294373, 61.5, 60.08276515151515, 50.51998191681737, 65.61243386243387, 97.81451324557128, 79.30334207077325, 61.09789350898862, 69.02303147303148]","[43.7, 33.0, 37.800000000000004, 35.2, 31.6, 37.800000000000004, 58.6, 43.6, 34.7, 40.7]"
ga,7,30,56.27421570749466,32.74000000000001,48.0,1.8285014217803681,5.4,12.694642857142856,22.347500000000004,9.652857142857142,True,0.0,hospital_corridor,28,12,"[11, 29, 47, 53, 61, 73, 89, 97, 101, 109]","[3.344154504877428, 4.063180889092391, 0.916881182215548, 0.5, 1.0]","{""time"": 1.0, ""collisions"": 0.05, ""congestion"": 1.0, ""fairness"": 2.0, ""incomplete_base"": 1000.0, ""incomplete_agent"": 10.0}","[63.901449275362324, 57.47821869488537, 49.912244897959184, 54.77920585161965, 39.4092227695676, 54.71386691484412, 68.61929824561403, 65.9227322805729, 53.71092482008881, 54.29499332443258]","[36.800000000000004, 32.4, 29.400000000000002, 31.900000000000002, 26.1, 30.700000000000003, 38.0, 38.900000000000006, 31.1, 32.1]"
ga,7,31,55.26933398940275,32.730000000000004,56.7,1.795762560831324,5.6,12.690714285714288,21.645,8.954285714285716,True,0.0,hospital_corridor,28,12,"[11, 29, 47, 53, 61, 73, 89, 97, 101, 109]","[3.548084134928592, 3.9889838051100663, 0.9193419708865638, 0.5, 1.0]","{""time"": 1.0, ""collisions"": 0.05, ""congestion"": 1.0, ""fairness"": 2.0, ""incomplete_base"": 1000.0, ""incomplete_agent"": 10.0}","[66.03862574207403, 50.69359685621822, 54.79995709995711, 45.6350872733435, 46.816378066378064, 51.19486990672557, 63.185434173669464, 64.97915303525991, 53.93790007806402, 55.41233766233766]","[37.7, 30.900000000000002, 33.300000000000004, 28.1, 29.700000000000003, 29.1, 35.7, 39.300000000000004, 30.5, 33.0]"
ga,7,32,60.550861452769865,35.56,53.4,1.785623357531766,5.6,13.005714285714287,23.273333333333333,10.267619047619048,True,0.0,hospital_corridor,28,12,"[11, 29, 47, 53, 61, 73, 89, 97, 101, 109]","[3.32493013499803, 3.958434815490143, 0.9130899035681076, 0.5, 1.0]","{""time"": 1.0, ""collisions"": 0.05, ""congestion"": 1.0, ""fairness"": 2.0, ""incomplete_base"": 1000.0, ""incomplete_agent"": 10.0}","[76.80610351044649, 53.40890269151139, 54.92360627177701, 61.42977174340811, 55.90063446582071, 51.976726799934994, 66.76282642089095, 73.43917453086019, 55.76780769815913, 55.09306039488966]","[44.900000000000006, 32.2, 32.800000000000004, 36.300000000000004, 34.9, 29.3, 37.2, 43.900000000000006, 31.3, 32.800000000000004]"
ga,7,33,57.74661204117533,33.06,84.6,1.7739929935562806,5.2,12.562857142857144,21.90416666666667,9.341309523809525,True,0.0,hospital_corridor,28,12,"[11, 29, 47, 53, 61, 73, 89, 97, 101, 109]","[3.575030908821954, 3.749388081438512, 0.9404790985081799, 0.5, 1.0]","{""time"": 1.0, ""collisions"": 0.05, ""congestion"": 1.0, ""fairness"": 2.0, ""incomplete_base"": 1000.0, ""incomplete_agent"": 10.0}","[70.43997113997115, 72.35069856793575, 50.6456931578092, 51.334373476353, 45.14784427284428, 51.534339715267556, 65.42681564245811, 61.822874880611266, 53.22402168788308, 55.53948787061995]","[39.6, 40.900000000000006, 29.3, 29.3, 29.6, 29.1, 35.800000000000004, 34.9, 30.3, 31.8]"
ga,7,34,1230.7903021380857,100.0,42.2,0.38839999999999997,3.7,13.613331759239998,24.259282828282828,10.645951069042834,False,10.7,hospital_corridor,28,12,"[11, 29, 47, 53, 61, 73, 89, 97, 101, 109]","[3.4631303678471363, 3.42872102751051, 1.458859028894542, 0.5, 1.0]","{""time"": 1.0, ""collisions"": 0.05, ""congestion"": 1.0, ""fairness"": 2.0, ""incomplete_base"": 1000.0, ""incomplete_agent"": 10.0}","[1222.9213333333335, 1262.4455454545455, 1239.1424093567252, 1211.311, 1226.3785263157895, 1247.089, 1207.6046363636365, 1229.3209565217392, 1182.8236666666667, 1278.865947368421]","[100.0, 100.0, 100.0, 100.0, 100.0, 100.0, 100.0, 100.0, 100.0, 100.0]"
ga,7,35,58.289077938783436,31.930000000000007,110.3,1.8640779387834236,5.8,12.2725,21.762500000000003,9.49,True,0.0,hospital_corridor,28,12,"[11, 29, 47, 53, 61, 73, 89, 97, 101, 109]","[3.7097456077463744, 3.747093641332256, 0.8796043531737658, 0.5, 1.0]","{""time"": 1.0, ""collisions"": 0.05, ""congestion"": 1.0, ""fairness"": 2.0, ""incomplete_base"": 1000.0, ""incomplete_agent"": 10.0}","[72.58534418948928, 64.71568216729507, 52.38647223595321, 56.76630789302022, 45.00888943812819, 51.30488721804511, 71.60282658517953, 57.56506977413322, 56.01908797417272, 54.9362119124177]","[38.6, 34.1, 28.900000000000002, 29.200000000000003, 28.900000000000002, 28.5, 37.4, 33.1, 29.5, 31.1]"
ga,7,36,1078.8732364762966,47.77,98.8,1.3321284176885801,4.6,12.544445970695971,21.96,9.41555402930403,False,0.6,hospital_corridor,28,12,"[11, 29, 47, 53, 61, 73, 89, 97, 101, 109]","[3.776099358480862, 3.470461661175756, 1.012678864811137, 0.5, 1.0]","{""time"": 1.0, ""collisions"": 0.05, ""congestion"": 1.0, ""fairness"": 2.0, ""incomplete_base"": 1000.0, ""incomplete_agent"": 10.0}","[73.63896631823462, 1163.3096666666668, 53.16077481840193, 54.104392764857884, 1134.7824615384616, 54.31809523809524, 70.02029419097482, 73.00669041963579, 56.48998114097124, 55.90104166666667]","[36.9, 100.0, 29.5, 38.7, 100.0, 30.0, 38.2, 42.1, 30.3, 32.0]"
ga,7,37,58.46658839087523,36.93,12.3,1.607064581351421,5.0,14.133571428571432,23.79083333333333,9.657261904761905,True,0.0,hospital_corridor,28,12,"[11, 29, 47, 53, 61, 73, 89, 97, 101, 109]","[3.040432396024192, 4.632003148066182, 0.9477687789306061, 0.5, 1.0]","{""time"": 1.0, ""collisions"": 0.05, ""congestion"": 1.0, ""fairness"": 2.0, ""incomplete_base"": 1000.0, ""incomplete_agent"": 10.0}","[53.704021712311864, 64.18180103724659, 53.617701863354036, 55.48539512319674, 50.58520499108734, 59.4010582010582, 65.82340346991509, 65.2139097744361, 51.695715778474394, 64.95767195767198]","[38.6, 40.400000000000006, 32.2, 37.300000000000004, 37.4, 35.1, 38.7, 39.900000000000006, 31.900000000000002, 37.800000000000004]"
ga,7,38,60.901575028597065,35.32000000000001,96.7,1.9003845524065865,5.1,13.203571428571427,22.626666666666665,9.423095238095238,True,0.0,hospital_corridor,28,12,"[11, 29, 47, 53, 61, 73, 89, 97, 101, 109]","[3.6363064998872288, 3.9950068157398904, 0.943237391978039, 0.5, 1.0]","{""time"": 1.0, ""collisions"": 0.05, ""congestion"": 1.0, ""fairness"": 2.0, ""incomplete_base"": 1000.0, ""incomplete_agent"": 10.0}","[89.59511162432642, 57.420989010989004, 49.8198303979126, 45.606852497096405, 45.90714285714286, 50.1068211068211, 88.27840233982269, 66.85024330900245, 59.34821428571429, 56.08214285714286]","[43.300000000000004, 32.5, 29.200000000000003, 28.700000000000003, 29.5, 29.6, 52.1, 41.1, 33.6, 33.6]"
ga,7,39,55.37174303247746,33.05,44.6,1.7815049372393676,5.3,13.278214285714288,22.433333333333337,9.15511904761905,True,0.0,hospital_corridor,28,12,"[11, 29, 47, 53, 61, 73, 89, 97, 101, 109]","[3.4012221426141607, 4.216468043941655, 0.9234112129064896, 0.5, 1.0]","{""time"": 1.0, ""collisions"": 0.05, ""congestion"": 1.0, ""fairness"": 2.0, ""incomplete_base"": 1000.0, ""incomplete_agent"": 10.0}","[68.86810207336524, 49.98692390139336, 49.37176870748299, 55.28408142713279, 39.690808416389814, 55.94994775339603, 64.39707259953163, 59.35398579321232, 56.1052380952381, 54.7095015576324]","[41.800000000000004, 31.1, 29.400000000000002, 33.1, 25.8, 31.900000000000002, 36.6, 36.2, 32.5, 32.1]"
ga,7,40,54.78320368564676,32.760000000000005,56.4,1.7734417808848544,5.0,12.899285714285716,21.61416666666667,8.714880952380952,True,0.0,hospital_corridor,28,12,"[11, 29, 47, 53, 61, 73, 89, 97, 101, 109]","[3.5922820286875865, 3.999449447198067, 0.932323109830893, 0.5, 1.0]","{""time"": 1.0, ""collisions"": 0.05, ""congestion"": 1.0, ""fairness"": 2.0, ""incomplete_base"": 1000.0, ""incomplete_agent"": 10.0}","[64.89586781816001, 48.135968562182164, 50.14878934624697, 62.26666666666667, 38.28682170542636, 51.557530070851875, 61.60369458128079, 56.18247393632009, 56.788066723695465, 57.96615744563721]","[39.7, 30.900000000000002, 29.5, 36.2, 25.8, 28.900000000000002, 34.800000000000004, 33.800000000000004, 33.4, 34.6]"
ga,7,41,58.07912950844839,35.260000000000005,46.3,1.8400818894007585,4.9,13.75964285714286,23.091666666666672,9.332023809523813,True,0.0,hospital_corridor,28,12,"[11, 29, 47, 53, 61, 73, 89, 97, 101, 109]","[3.39118736165819, 4.436979050764188, 0.9136409178456837, 0.5, 1.0]","{""time"": 1.0, ""collisions"": 0.05, ""congestion"": 1.0, ""fairness"": 2.0, ""incomplete_base"": 1000.0, ""incomplete_agent"": 10.0}","[73.87229437229438, 51.68571428571428, 51.021693121693126, 55.573266499582296, 47.42189599766287, 50.76771037181996, 67.57751394835864, 61.077500922849765, 68.49283976364268, 53.3008658008658]","[46.2, 31.200000000000003, 29.700000000000003, 34.2, 32.6, 29.200000000000003, 36.7, 38.7, 41.1, 33.0]"
ga,7,42,55.51442454563521,31.790000000000003,79.6,1.8829959742066333,5.3,12.379285714285716,21.310000000000002,8.930714285714286,True,0.0,hospital_corridor,28,12,"[11, 29, 47, 53, 61, 73, 89, 97, 101, 109]","[4.288242989818874, 4.335596835013343, 0.9453663303986709, 0.5, 1.0]","{""time"": 1.0, ""collisions"": 0.05, ""congestion"": 1.0, ""fairness"": 2.0, ""incomplete_base"": 1000.0, ""incomplete_agent"": 10.0}","[63.3952025586354, 61.16350884764783, 47.21448412698413, 50.542319508448536, 47.613931454934914, 50.06093226022804, 65.39427782162589, 55.850717154331605, 56.708562415502485, 57.200309308013246]","[33.5, 33.1, 28.8, 31.0, 28.900000000000002, 28.400000000000002, 36.2, 33.2, 31.700000000000003, 33.1]"
ga,7,43,57.315240324201405,33.24,58.5,1.8197641337252164,5.4,12.716428571428573,22.381666666666668,9.665238095238095,True,0.0,hospital_corridor,28,12,"[11, 29, 47, 53, 61, 73, 89, 97, 101, 109]","[3.5088286213066793, 4.059445609130137, 0.9061480284867853, 0.5, 1.0]","{""time"": 1.0, ""collisions"": 0.05, ""congestion"": 1.0, ""fairness"": 2.0, ""incomplete_base"": 1000.0, ""incomplete_agent"": 10.0}","[60.064985994397766, 67.04657142857143, 48.7108843537415, 52.68658651579444, 44.561679536679534, 51.42093596059114, 78.65882825040129, 60.193678160919546, 53.91956795963418, 55.88868508128327]","[34.0, 37.5, 29.400000000000002, 30.3, 29.6, 29.0, 44.5, 34.800000000000004, 30.200000000000003, 33.1]"
ga,7,44,56.609980481684616,32.86,75.3,1.8030757197798457,5.6,12.453214285714285,21.54416666666667,9.090952380952382,True,0.0,hospital_corridor,28,12,"[11, 29, 47, 53, 61, 73, 89, 97, 101, 109]","[3.75206880166025, 3.885546326889217, 0.9375269104071301, 0.5, 1.0]","{""time"": 1.0, ""collisions"": 0.05, ""congestion"": 1.0, ""fairness"": 2.0, ""incomplete_base"": 1000.0, ""incomplete_agent"": 10.0}","[70.30132819194516, 56.73333996551267, 52.694010800196374, 51.55187131708871, 43.49898891063275, 53.308538587848936, 72.26082036775107, 58.46182266009853, 53.203809523809525, 54.085274491962394]","[38.900000000000006, 35.9, 29.1, 29.900000000000002, 29.200000000000003, 29.0, 40.400000000000006, 34.800000000000004, 30.0, 31.400000000000002]"
ga,7,45,1190.6215849514783,36.3,2699.6,1.8611304060238147,5.8,11.21,19.45022727272727,8.240227272727273,False,0.1,hospital_corridor,28,12,"[11, 29, 47, 53, 61, 73, 89, 97, 101, 109]","[3.7026567108216275, 3.9444944063997656, 0.5, 0.5, 1.0]","{""time"": 1.0, ""collisions"": 0.05, ""congestion"": 1.0, ""fairness"": 2.0, ""incomplete_base"": 1000.0, ""incomplete_agent"": 10.0}","[1285.4588311688312, 178.28125419181757, 150.65370183409053, 169.1574829931973, 190.2216855087359, 153.54125825512688, 215.46008403361344, 248.59603174603174, 145.07042057698993, 169.7750992063492]","[100.0, 28.400000000000002, 28.3, 29.400000000000002, 27.8, 27.400000000000002, 34.0, 31.5, 27.400000000000002, 28.8]"
ga,7,46,55.6265802423004,33.24,36.5,1.9527707184908696,5.3,13.416428571428572,22.72083333333333,9.304404761904763,True,0.0,hospital_corridor,28,12,"[11, 29, 47, 53, 61, 73, 89, 97, 101, 109]","[3.389248427440111, 4.342196296344814, 0.9344280165169881, 0.5, 1.0]","{""time"": 1.0, ""collisions"": 0.05, ""congestion"": 1.0, ""fairness"": 2.0, ""incomplete_base"": 1000.0, ""incomplete_agent"": 10.0}","[57.145886205485056, 51.54133576753386, 50.756983596114026, 50.987619047619056, 41.850902814657466, 52.5114468864469, 68.40907738095238, 63.900280112044825, 52.46437908496732, 66.69789152718309]","[34.9, 31.3, 29.900000000000002, 30.0, 26.900000000000002, 31.200000000000003, 38.400000000000006, 42.5, 30.6, 36.7]"
ga,7,47,58.16205942875409,34.38,51.6,1.757535619230282,5.4,13.27357142857143,22.995833333333334,9.722261904761904,True,0.0,hospital_corridor,28,12,"[11, 29, 47, 53, 61, 73, 89, 97, 101, 109]","[3.4764512960700236, 4.117438620171575, 0.9459739395687146, 0.5, 1.0]","{""time"": 1.0, ""collisions"": 0.05, ""congestion"": 1.0, ""fairness"": 2.0, ""incomplete_base"": 1000.0, ""incomplete_agent"": 10.0}","[71.85073346874296, 60.15261272650653, 50.96938775510205, 70.23638232271327, 45.654640839386595, 51.71217641418984, 63.81846235700985, 58.273949579831935, 54.63194070080863, 54.3203081232493]","[42.2, 33.9, 29.400000000000002, 41.7, 29.5, 29.8, 35.800000000000004, 35.7, 31.8, 34.0]"
ga,7,48,1271.9665859157699,100.0,8.9,0.37170000000000003,3.6,13.518374502432554,24.59331746031746,11.074942957884911,False,14.9,hospital_corridor,28,12,"[11, 29, 47, 53, 61, 73, 89, 97, 101, 109]","[3.581864497018416, 4.429654091191488, 1.5525727732490062, 0.5, 1.0]","{""time"": 1.0, ""collisions"": 0.05, ""congestion"": 1.0, ""fairness"": 2.0, ""incomplete_base"": 1000.0, ""incomplete_agent"": 10.0}","[1236.176461988304, 1263.2415, 1287.5257142857142, 1280.7602222222222, 1287.7607254901961, 1285.171842105263, 1225.149492063492, 1282.5042105263158, 1245.230857142857, 1326.1448333333333]","[100.0, 100.0, 100.0, 100.0, 100.0, 100.0, 100.0, 100.0, 100.0, 100.0]"
ga,7,49,59.15335375367895,30.65,156.4,2.065258515583716,5.4,12.131785714285716,21.44083333333333,9.309047619047618,True,0.0,hospital_corridor,28,12,"[11, 29, 47, 53, 61, 73, 89, 97, 101, 109]","[4.352889979093251, 4.623332468376305, 0.8471726875033441, 0.5, 1.0]","{""time"": 1.0, ""collisions"": 0.05, ""congestion"": 1.0, ""fairness"": 2.0, ""incomplete_base"": 1000.0, ""incomplete_agent"": 10.0}","[83.5080745341615, 56.77025761124122, 54.77510608203677, 58.558910162002945, 47.213950368879956, 63.06228878648234, 64.67667242123436, 53.57196115288221, 56.585911982121374, 52.810404435746904]","[36.800000000000004, 30.5, 30.3, 29.1, 28.400000000000002, 31.0, 33.1, 30.400000000000002, 27.700000000000003, 29.200000000000003]"
ga,7,50,56.33325349474088,33.62,40.0,1.7815868280742204,5.3,12.88,22.345833333333335,9.465833333333332,True,0.0,hospital_corridor,28,12,"[11, 29, 47, 53, 61, 73, 89, 97, 101, 109]","[3.7579745412029797, 4.375102828258891, 0.9443028701429588, 0.5, 1.0]","{""time"": 1.0, ""collisions"": 0.05, ""congestion"": 1.0, ""fairness"": 2.0, ""incomplete_base"": 1000.0, ""incomplete_agent"": 10.0}","[65.21365248226951, 51.510906298003064, 54.73687943262411, 49.406501831501835, 54.86142857142857, 56.72306368330465, 61.234251130619846, 58.125665859564165, 55.47274297731712, 56.047442680776015]","[37.6, 31.0, 32.9, 31.200000000000003, 35.0, 33.2, 35.800000000000004, 35.4, 31.700000000000003, 32.4]"
ga,7,51,1199.813281881948,36.94,2840.1,1.87525157891761,6.1,11.4875,20.484015151515152,8.996515151515151,False,0.1,hospital_corridor,28,12,"[11, 29, 47, 53, 61, 73, 89, 97, 101, 109]","[3.3825976902266612, 3.537333224122835, 0.5462488687025, 0.5, 1.0]","{""time"": 1.0, ""collisions"": 0.05, ""congestion"": 1.0, ""fairness"": 2.0, ""incomplete_base"": 1000.0, ""incomplete_agent"": 10.0}","[1293.1206363636365, 196.84285714285716, 170.93466898954705, 178.87529170608644, 169.30833333333337, 157.1178787878788, 214.51577380952384, 246.27271734381824, 180.46598639455783, 190.67867494824017]","[100.0, 28.700000000000003, 28.700000000000003, 30.200000000000003, 28.0, 27.5, 32.0, 32.7, 29.400000000000002, 32.2]"
ga,7,52,62.31724509056889,37.45,33.6,1.7467689000926891,5.1,13.971428571428572,24.691666666666666,10.720238095238097,True,0.0,hospital_corridor,28,12,"[11, 29, 47, 53, 61, 73, 89, 97, 101, 109]","[3.39118736165819, 4.341319754357688, 0.9624580033360445, 0.5, 1.0]","{""time"": 1.0, ""collisions"": 0.05, ""congestion"": 1.0, ""fairness"": 2.0, ""incomplete_base"": 1000.0, ""incomplete_agent"": 10.0}","[64.20943984646756, 64.54497354497356, 50.50640176600442, 70.10566502463054, 39.582868089764645, 58.504916877993814, 73.83505349276274, 69.03027210884355, 77.49834302029163, 55.35451713395639]","[39.7, 37.800000000000004, 30.200000000000003, 43.5, 26.1, 33.800000000000004, 45.400000000000006, 39.2, 46.7, 32.1]"
ga,7,53,1106.433356621512,62.29,48.2,1.130896082051613,4.9,13.510421245421247,23.811651515151517,10.30123026973027,False,2.0,hospital_corridor,28,12,"[11, 29, 47, 53, 61, 73, 89, 97, 101, 109]","[3.3866289463273036, 3.9475143074902954, 1.0245597195096054, 0.5, 1.0]","{""time"": 1.0, ""collisions"": 0.05, ""congestion"": 1.0, ""fairness"": 2.0, ""incomplete_base"": 1000.0, ""incomplete_agent"": 10.0}","[71.25479386385426, 1168.0986666666668, 53.00568356374808, 1155.1023333333333, 1193.9053636363637, 61.47761904761905, 1171.5973846153847, 75.11207594148772, 57.48028825773633, 57.299357288927844]","[44.7, 100.0, 31.0, 100.0, 100.0, 35.0, 100.0, 45.900000000000006, 33.7, 32.6]"
ga,7,54,54.880814759165645,33.27,43.7,1.8689099972608798,5.4,13.083214285714286,21.86166666666667,8.778452380952382,True,0.0,hospital_corridor,28,12,"[11, 29, 47, 53, 61, 73, 89, 97, 101, 109]","[3.7946564711927784, 4.420479331039527, 0.9452621186887544, 0.5, 1.0]","{""time"": 1.0, ""collisions"": 0.05, ""congestion"": 1.0, ""fairness"": 2.0, ""incomplete_base"": 1000.0, ""incomplete_agent"": 10.0}","[62.9904761904762, 48.5406162464986, 51.8372852233677, 48.27238095238095, 44.852789802789815, 52.17838468720822, 67.94801178203241, 57.574103798822904, 57.47030981067126, 57.1437890974084]","[37.800000000000004, 30.6, 29.1, 30.0, 29.700000000000003, 30.6, 38.800000000000004, 35.6, 33.2, 37.300000000000004]"
ga,7,55,54.880814759165645,33.27,43.7,1.8689099972608798,5.4,13.083214285714286,21.86166666666667,8.778452380952382,True,0.0,hospital_corridor,28,12,"[11, 29, 47, 53, 61, 73, 89, 97, 101, 109]","[3.7946564711927784, 4.420479331039527, 0.9452621186887544, 0.5, 1.0]","{""time"": 1.0, ""collisions"": 0.05, ""congestion"": 1.0, ""fairness"": 2.0, ""incomplete_base"": 1000.0, ""incomplete_agent"": 10.0}","[62.9904761904762, 48.5406162464986, 51.8372852233677, 48.27238095238095, 44.852789802789815, 52.17838468720822, 67.94801178203241, 57.574103798822904, 57.47030981067126, 57.1437890974084]","[37.800000000000004, 30.6, 29.1, 30.0, 29.700000000000003, 30.6, 38.800000000000004, 35.6, 33.2, 37.300000000000004]"
ga,7,56,54.57583686037262,31.950000000000006,52.0,1.8570273365630818,5.3,12.52892857142857,21.613333333333333,9.084404761904763,True,0.0,hospital_corridor,28,12,"[11, 29, 47, 53, 61, 73, 89, 97, 101, 109]","[4.104506787819412, 5.0, 0.8936719767588996, 0.5, 1.0]","{""time"": 1.0, ""collisions"": 0.05, ""congestion"": 1.0, ""fairness"": 2.0, ""incomplete_base"": 1000.0, ""incomplete_agent"": 10.0}","[61.371003642250116, 62.6692118226601, 48.369734904270985, 55.50648429584599, 43.402787456446, 51.498484099522166, 60.760958118187034, 56.29964216900633, 49.24974937343359, 56.63031272210377]","[35.300000000000004, 34.800000000000004, 29.1, 32.9, 28.700000000000003, 28.900000000000002, 33.2, 34.6, 28.5, 33.5]"
ga,7,57,56.83518031495133,32.72,81.4,1.8132755530465736,5.6,12.373214285714287,21.48916666666667,9.11595238095238,True,0.0,hospital_corridor,28,12,"[11, 29, 47, 53, 61, 73, 89, 97, 101, 109]","[4.549659569605381, 5.0, 0.8963716207593936, 0.5, 1.0]","{""time"": 1.0, ""collisions"": 0.05, ""congestion"": 1.0, ""fairness"": 2.0, ""incomplete_base"": 1000.0, ""incomplete_agent"": 10.0}","[69.0028735632184, 50.078017718715394, 47.72242757242758, 60.46404220779221, 46.44766970618035, 52.342784992785, 66.53533026113672, 64.19436549488906, 58.3445252352438, 53.219766397124886]","[34.800000000000004, 30.1, 28.6, 35.2, 28.200000000000003, 29.700000000000003, 37.2, 38.2, 33.4, 31.8]"
ga,7,58,59.42858958044067,34.42,48.4,1.888589580440664,5.6,13.267500000000002,23.6175,10.35,True,0.0,hospital_corridor,28,12,"[11, 29, 47, 53, 61, 73, 89, 97, 101, 109]","[3.3866289463273036, 4.080172629242334, 0.9263798096351872, 0.5, 1.0]","{""time"": 1.0, ""collisions"": 0.05, ""congestion"": 1.0, ""fairness"": 2.0, ""incomplete_base"": 1000.0, ""incomplete_agent"": 10.0}","[57.209149357072214, 49.33403093721566, 71.5736889692586, 65.58908886389202, 48.517056986729116, 54.169878555449024, 65.51142322097378, 68.00862598022503, 53.74372294372294, 60.62922998986829]","[33.7, 31.400000000000002, 39.5, 38.1, 30.5, 29.8, 35.6, 41.900000000000006, 30.8, 32.9]"
ga,7,59,55.26176910987049,32.10000000000001,72.2,1.7501024432038164,5.0,12.629999999999999,21.530833333333337,8.900833333333335,True,0.0,hospital_corridor,28,12,"[11, 29, 47, 53, 61, 73, 89, 97, 101, 109]","[3.7837275641722012, 3.9745631131039523, 0.9458103119053154, 0.5, 1.0]","{""time"": 1.0, ""collisions"": 0.05, ""congestion"": 1.0, ""fairness"": 2.0, ""incomplete_base"": 1000.0, ""incomplete_agent"": 10.0}","[59.77741585233442, 60.011772853185605, 50.540280495759944, 46.94500580720093, 45.01086105675148, 56.366369047619045, 61.77337724715247, 67.8889455782313, 50.71601435094587, 53.58764880952381]","[30.700000000000003, 36.1, 29.200000000000003, 28.700000000000003, 29.200000000000003, 32.0, 34.7, 39.2, 29.200000000000003, 32.0]"
ga,8,0,53.38174993564857,31.22,54.2,1.8119880308866687,5.2,12.596785714285714,21.416666666666664,8.819880952380952,True,0.0,hospital_corridor,28,12,"[11, 29, 47, 53, 61, 73, 89, 97, 101, 109]","[3.4860632594563814, 3.9639953703113227, 0.9332351022594283, 0.5, 1.0]","{""time"": 1.0, ""collisions"": 0.05, ""congestion"": 1.0, ""fairness"": 2.0, ""incomplete_base"": 1000.0, ""incomplete_agent"": 10.0}","[53.364317889317896, 49.7200122492727, 51.60331890331891, 47.71253746253747, 47.52195318805489, 53.66231527093596, 63.16232969108323, 58.30316558441559, 54.28681318681319, 54.48073593073593]","[29.6, 31.1, 29.700000000000003, 28.6, 29.5, 29.0, 35.300000000000004, 35.2, 31.200000000000003, 33.0]"
ga,8,1,53.65919042293743,32.38,27.3,1.8594285181755184,5.4,12.791785714285714,21.819166666666668,9.027380952380952,True,0.0,hospital_corridor,28,12,"[11, 29, 47, 53, 61, 73, 89, 97, 101, 109]","[3.444643030007085, 4.474275331936132, 0.9198490483584651, 0.5, 1.0]","{""time"": 1.0, ""collisions"": 0.05, ""congestion"": 1.0, ""fairness"": 2.0, ""incomplete_base"": 1000.0, ""incomplete_agent"": 10.0}","[49.40432269995377, 48.64221611721612, 50.95170755170756, 55.17941176470588, 39.3703869047619, 51.09122635355513, 63.68571428571428, 58.010784313725495, 65.83621553884713, 54.419918699187]","[30.900000000000002, 31.200000000000003, 29.700000000000003, 35.7, 25.6, 29.200000000000003, 35.0, 35.7, 38.0, 32.800000000000004]"
ga,8,2,55.758003380493264,32.46,50.9,1.840622428112314,5.2,12.709642857142859,22.165833333333335,9.456190476190477,True,0.0,hospital_corridor,28,12,"[11, 29, 47, 53, 61, 73, 89, 97, 101, 109]","[3.385856406082422, 4.030555026133584, 0.9056945447211064, 0.5, 1.0]","{""time"": 1.0, ""collisions"": 0.05, ""congestion"": 1.0, ""fairness"": 2.0, ""incomplete_base"": 1000.0, ""incomplete_agent"": 10.0}","[74.06985815602837, 49.79682022646192, 51.37324455205811, 50.50655375552283, 42.86740196078432, 51.43490167398018, 62.58922518159807, 68.00952380952381, 52.06451914098973, 54.867985347985346]","[42.300000000000004, 30.700000000000003, 29.5, 29.1, 27.200000000000003, 29.3, 35.4, 38.0, 30.6, 32.5]"
ga,8,3,56.84258069963035,34.410000000000004,29.7,1.7997235567732073,5.1,13.078571428571427,22.652500000000003,9.57392857142857,True,0.0,hospital_corridor,28,12,"[11, 29, 47, 53, 61, 73, 89, 97, 101, 109]","[3.4609597950895226, 4.942309807305105, 0.9255771187517214, 0.5, 1.0]","{""time"": 1.0, ""collisions"": 0.05, ""congestion"": 1.0, ""fairness"": 2.0, ""incomplete_base"": 1000.0, ""incomplete_agent"": 10.0}","[73.16257604363331, 51.76199432751157, 50.26258503401361, 53.98730158730159, 55.996936138796606, 52.3038510706296, 60.65704305674366, 60.981171599074415, 55.344513457556936, 53.967834681042234]","[45.400000000000006, 31.900000000000002, 29.400000000000002, 32.4, 38.7, 29.8, 33.4, 39.1, 32.2, 31.8]"
ga,8,4,58.419727111391495,33.16,87.0,1.916155682820067,5.7,12.685714285714287,22.1825,9.496785714285716,True,0.0,hospital_corridor,28,12,"[11, 29, 47, 53, 61, 73, 89, 97, 101, 109]","[3.517927171072425, 4.541622116834911, 0.8554285727055517, 0.5, 1.0]","{""time"": 1.0, ""collisions"": 0.05, ""congestion"": 1.0, ""fairness"": 2.0, ""incomplete_base"": 1000.0, ""incomplete_agent"": 10.0}","[69.74049554781263, 61.15073260073261, 72.63824251350024, 45.864457535591555, 46.2077848204128, 56.39280805105548, 62.612206876708385, 62.627678571428575, 52.738047459786586, 54.22481713688611]","[36.9, 35.1, 38.800000000000004, 29.1, 29.3, 29.1, 33.1, 38.400000000000006, 29.900000000000002, 31.900000000000002]"
ga,8,5,56.947817042821015,31.680000000000007,104.5,1.8285313285352902,5.7,12.177857142857144,21.285000000000004,9.107142857142858,True,0.0,hospital_corridor,28,12,"[11, 29, 47, 53, 61, 73, 89, 97, 101, 109]","[3.954764372840948, 4.882011015569433, 0.8501709648365594, 0.5, 1.0]","{""time"": 1.0, ""collisions"": 0.05, ""congestion"": 1.0, ""fairness"": 2.0, ""incomplete_base"": 1000.0, ""incomplete_agent"": 10.0}","[73.84609233006181, 52.2874883286648, 62.00557564798071, 46.94928245270711, 45.897602221100456, 51.855376344086025, 65.144923893311, 60.398277608915905, 57.395676881024315, 53.697874720357945]","[39.300000000000004, 30.6, 31.6, 29.200000000000003, 28.3, 27.900000000000002, 34.1, 32.9, 33.1, 29.8]"
ga,8,6,58.72742151464244,31.420000000000005,132.6,1.9400405622614763,5.6,12.157142857142857,21.525833333333335,9.368690476190476,True,0.0,hospital_corridor,28,12,"[11, 29, 47, 53, 61, 73, 89, 97, 101, 109]","[3.7474263371737933, 3.877895765903406, 0.8748333708472076, 0.5, 1.0]","{""time"": 1.0, ""collisions"": 0.05, ""congestion"": 1.0, ""fairness"": 2.0, ""incomplete_base"": 1000.0, ""incomplete_agent"": 10.0}","[65.35871080139374, 74.44870129870131, 51.827123220422195, 59.956088992974244, 47.12475857475858, 52.35299101847146, 66.8970304975923, 57.02693308834788, 56.94458874458875, 55.33728890917389]","[32.800000000000004, 37.4, 29.1, 30.5, 28.6, 28.1, 35.6, 31.1, 29.700000000000003, 31.3]"
ga,8,7,178.00848771668015,29.329999999999995,2598.6,1.9472972404896847,6.3,11.02357142857143,19.42416666666667,8.400595238095239,True,0.0,hospital_corridor,28,12,"[11, 29, 47, 53, 61, 73, 89, 97, 101, 109]","[3.7460468347447824, 3.522907571806037, 0.6378433083611793, 0.5, 1.0]","{""time"": 1.0, ""collisions"": 0.05, ""congestion"": 1.0, ""fairness"": 2.0, ""incomplete_base"": 1000.0, ""incomplete_agent"": 10.0}","[214.77455357142856, 178.65006706908116, 145.28410735318863, 165.83698196001953, 178.8771221532091, 139.5058608058608, 205.78669467787114, 237.47690246516615, 133.3706465067779, 180.52194060419868]","[32.0, 28.400000000000002, 28.3, 29.3, 27.6, 27.3, 34.0, 31.1, 27.400000000000002, 27.900000000000002]"
ga,8,8,57.00569120778387,31.580000000000002,112.3,1.81140549349815,5.2,12.267857142857144,21.267500000000002,8.999642857142858,True,0.0,hospital_corridor,28,12,"[11, 29, 47, 53, 61, 73, 89, 97, 101, 109]","[4.2867982732831305, 3.999449447198067, 0.9588653450285851, 0.5, 1.0]","{""time"": 1.0, ""collisions"": 0.05, ""congestion"": 1.0, ""fairness"": 2.0, ""incomplete_base"": 1000.0, ""incomplete_agent"": 10.0}","[82.56516660283417, 61.75992177850968, 49.04045147470753, 48.934811758638475, 47.045894909688016, 51.19151576123407, 63.07085094392788, 56.449764049764056, 56.46996336996338, 53.528571428571425]","[37.300000000000004, 34.7, 28.900000000000002, 27.700000000000003, 29.0, 28.400000000000002, 33.800000000000004, 33.300000000000004, 31.200000000000003, 31.5]"
ga,8,9,60.901575028597065,35.32000000000001,96.7,1.9003845524065865,5.1,13.203571428571427,22.626666666666665,9.423095238095238,True,0.0,hospital_corridor,28,12,"[11, 29, 47, 53, 61, 73, 89, 97, 101, 109]","[3.6363064998872288, 3.9950068157398904, 0.943237391978039, 0.5, 1.0]","{""time"": 1.0, ""collisions"": 0.05, ""congestion"": 1.0, ""fairness"": 2.0, ""incomplete_base"": 1000.0, ""incomplete_agent"": 10.0}","[89.59511162432642, 57.420989010989004, 49.8198303979126, 45.606852497096405, 45.90714285714286, 50.1068211068211, 88.27840233982269, 66.85024330900245, 59.34821428571429, 56.08214285714286]","[43.300000000000004, 32.5, 29.200000000000003, 28.700000000000003, 29.5, 29.6, 52.1, 41.1, 33.6, 33.6]"
ga,8,10,56.776294233626224,32.97,62.0,1.8229609002928933,5.3,12.629999999999999,22.07166666666667,9.441666666666666,True,0.0,hospital_corridor,28,12,"[11, 29, 47, 53, 61, 73, 89, 97, 101, 109]","[3.3553342143827045, 4.219150032497596, 0.8822797155179234, 0.5, 1.0]","{""time"": 1.0, ""collisions"": 0.05, ""congestion"": 1.0, ""fairness"": 2.0, ""incomplete_base"": 1000.0, ""incomplete_agent"": 10.0}","[74.91643835616439, 55.2483630952381, 50.24331220542825, 56.5120019436346, 44.347347395333976, 52.65108958837773, 64.46355859709153, 58.6562569213732, 55.01774193548387, 55.706832298136646]","[43.800000000000004, 32.0, 29.3, 34.300000000000004, 29.8, 29.5, 33.4, 34.4, 31.0, 32.2]"
ga,8,11,1076.645578168281,46.970000000000006,29.0,1.4762058739087103,4.9,14.194480519480521,24.569166666666668,10.374686147186146,False,0.6,hospital_corridor,28,12,"[11, 29, 47, 53, 61, 73, 89, 97, 101, 109]","[3.380007652152914, 4.341222693164848, 0.999702459809702, 0.5, 1.0]","{""time"": 1.0, ""collisions"": 0.05, ""congestion"": 1.0, ""fairness"": 2.0, ""incomplete_base"": 1000.0, ""incomplete_agent"": 10.0}","[59.52258639116494, 1184.6541515151516, 52.51834910620399, 62.41428571428571, 67.24034884618354, 84.35698412698413, 67.83420487558419, 68.67979657882572, 57.869172932330834, 61.365901596095505]","[40.1, 100.0, 31.700000000000003, 42.0, 61.7, 45.0, 37.7, 41.2, 34.2, 36.1]"
ga,8,12,56.1310000936539,33.45,47.4,1.8110000936539017,5.1,13.0675,22.3175,9.25,True,0.0,hospital_corridor,28,12,"[11, 29, 47, 53, 61, 73, 89, 97, 101, 109]","[3.353538053412889, 4.16936599184405, 0.9022458649101379, 0.5, 1.0]","{""time"": 1.0, ""collisions"": 0.05, ""congestion"": 1.0, ""fairness"": 2.0, ""incomplete_base"": 1000.0, ""incomplete_agent"": 10.0}","[63.62164502164502, 52.75505952380952, 51.1867724867725, 70.56398741729038, 39.86898326898327, 52.00609458800585, 65.35076190476191, 57.0327903091061, 54.61321044546851, 54.31069597069597]","[38.5, 32.0, 29.700000000000003, 43.900000000000006, 25.900000000000002, 29.3, 37.5, 34.2, 31.0, 32.5]"
ga,8,13,1205.891993234166,37.78,2945.8,1.862036524209343,6.1,11.727142857142857,20.707121212121216,8.979978354978353,False,0.1,hospital_corridor,28,12,"[11, 29, 47, 53, 61, 73, 89, 97, 101, 109]","[3.268001704162058, 4.328022115996445, 0.5, 0.5, 1.0]","{""time"": 1.0, ""collisions"": 0.05, ""congestion"": 1.0, ""fairness"": 2.0, ""incomplete_base"": 1000.0, ""incomplete_agent"": 10.0}","[1300.4666623376625, 209.29212390838688, 172.49096880131367, 177.39777265745008, 196.37792612372053, 158.73572288121022, 207.47744668419517, 243.49748713889988, 200.76650579150578, 192.417316017316]","[100.0, 28.900000000000002, 29.0, 31.0, 32.1, 27.700000000000003, 32.6, 36.1, 29.6, 30.8]"
ga,8,14,56.30112150531585,33.18,43.2,1.8625500767444088,5.3,12.685714285714285,22.235000000000003,9.549285714285716,True,0.0,hospital_corridor,28,12,"[11, 29, 47, 53, 61, 73, 89, 97, 101, 109]","[3.8780692882368015, 4.890158915435692, 0.9006166817258103, 0.5, 1.0]","{""time"": 1.0, ""collisions"": 0.05, ""congestion"": 1.0, ""fairness"": 2.0, ""incomplete_base"": 1000.0, ""incomplete_agent"": 10.0}","[66.63593073593074, 58.596090973702914, 50.74777344384853, 61.988145495665286, 45.29769268532154, 52.29172679172679, 59.499281221922736, 57.538515406162475, 56.64752827817344, 53.768530020703935]","[38.5, 33.5, 29.3, 37.9, 29.1, 29.700000000000003, 31.8, 35.7, 34.1, 32.2]"
ga,8,15,87.60227195179846,29.7,763.6,1.839890999417507,5.8,11.122142857142858,20.063333333333336,8.941190476190476,True,0.0,hospital_corridor,28,12,"[11, 29, 47, 53, 61, 73, 89, 97, 101, 109]","[3.6187786451248973, 4.3263091285059625, 0.738492898905316, 0.5, 1.0]","{""time"": 1.0, ""collisions"": 0.05, ""congestion"": 1.0, ""fairness"": 2.0, ""incomplete_base"": 1000.0, ""incomplete_agent"": 10.0}","[130.180922895474, 76.98558382257012, 82.12651178118305, 97.34103641456583, 71.39668630338734, 73.43512339242267, 93.56932059447983, 90.95699155916547, 76.65911418330775, 83.37142857142857]","[32.300000000000004, 29.200000000000003, 28.900000000000002, 30.6, 29.1, 27.400000000000002, 31.400000000000002, 29.900000000000002, 27.900000000000002, 30.3]"
ga,8,16,1193.9041689350406,36.709999999999994,2740.4,1.8363117921834253,6.2,11.22107142857143,19.889999999999997,8.668928571428573,False,0.1,hospital_corridor,28,12,"[11, 29, 47, 53, 61, 73, 89, 97, 101, 109]","[3.657400934536244, 4.147305673239396, 0.5248820232178679, 0.5, 1.0]","{""time"": 1.0, ""collisions"": 0.05, ""congestion"": 1.0, ""fairness"": 2.0, ""incomplete_base"": 1000.0, ""incomplete_agent"": 10.0}","[1304.8885714285714, 192.44285714285715, 152.99329309188465, 164.35796055796058, 177.78268242548822, 152.68187347931874, 211.94285714285712, 244.5694616977226, 160.61861471861474, 176.7635176651306]","[100.0, 28.400000000000002, 28.400000000000002, 29.700000000000003, 27.8, 27.400000000000002, 32.2, 34.5, 30.8, 27.900000000000002]"
ga,8,17,55.487850986796104,32.76,46.9,1.7633271772722943,5.1,12.87857142857143,22.188333333333333,9.309761904761904,True,0.0,hospital_corridor,28,12,"[11, 29, 47, 53, 61, 73, 89, 97, 101, 109]","[3.7735620365437637, 4.2681804735400215, 0.9445754665414425, 0.5, 1.0]","{""time"": 1.0, ""collisions"": 0.05, ""congestion"": 1.0, ""fairness"": 2.0, ""incomplete_base"": 1000.0, ""incomplete_agent"": 10.0}","[58.220530367835764, 50.202930402930406, 56.283260073260074, 54.92591522157997, 49.51734693877551, 51.00976594027442, 59.302883355176945, 59.8864810330912, 61.5344560588463, 53.99494047619048]","[33.4, 31.200000000000003, 32.5, 34.6, 29.400000000000002, 29.5, 32.7, 35.4, 36.9, 32.0]"
ga,8,18,172.27823444497577,29.009999999999998,2495.5,1.937282064023373,6.1,10.737857142857143,19.015833333333333,8.277976190476192,True,0.0,hospital_corridor,28,12,"[11, 29, 47, 53, 61, 73, 89, 97, 101, 109]","[4.224609577794743, 4.5103113434012165, 0.5, 0.5, 1.0]","{""time"": 1.0, ""collisions"": 0.05, ""congestion"": 1.0, ""fairness"": 2.0, ""incomplete_base"": 1000.0, ""incomplete_agent"": 10.0}","[224.12035330261136, 192.17775709632392, 140.5309267793139, 149.13511685116853, 165.99891456582634, 136.05567226890759, 190.90565476190477, 222.0600496640374, 130.73126750700283, 171.06663165266104]","[31.0, 30.700000000000003, 27.900000000000002, 27.1, 27.200000000000003, 27.200000000000003, 32.0, 32.6, 27.200000000000003, 27.200000000000003]"
ga,8,19,63.22772840012295,37.87,54.3,1.7939188763134293,5.2,13.681428571428572,24.10583333333333,10.424404761904764,True,0.0,hospital_corridor,28,12,"[11, 29, 47, 53, 61, 73, 89, 97, 101, 109]","[3.413284927017628, 4.864791484857674, 0.8982185137116793, 0.5, 1.0]","{""time"": 1.0, ""collisions"": 0.05, ""congestion"": 1.0, ""fairness"": 2.0, ""incomplete_base"": 1000.0, ""incomplete_agent"": 10.0}","[106.18291470434328, 70.09933862433863, 50.81070209653827, 83.60427457532721, 38.8393274041134, 50.841085846103155, 61.688655462184876, 59.54797843665769, 52.78862261516984, 57.87438423645321]","[63.7, 43.2, 29.3, 51.300000000000004, 25.700000000000003, 28.900000000000002, 34.0, 37.1, 30.700000000000003, 34.800000000000004]"
ga,8,20,58.297255807550684,34.17999999999999,59.1,1.728684378979258,5.4,12.805714285714288,22.5225,9.716785714285717,True,0.0,hospital_corridor,28,12,"[11, 29, 47, 53, 61, 73, 89, 97, 101, 109]","[3.176896727567862, 4.049597477004848, 0.8935385841780618, 0.5, 1.0]","{""time"": 1.0, ""collisions"": 0.05, ""congestion"": 1.0, ""fairness"": 2.0, ""incomplete_base"": 1000.0, ""incomplete_agent"": 10.0}","[70.92983978638185, 52.89401403194506, 51.31012913640032, 55.33291925465838, 52.902472527472526, 53.351673738802454, 64.33954802259888, 59.177755670513335, 66.23071046600458, 56.50349544072948]","[42.800000000000004, 31.900000000000002, 29.5, 34.5, 31.200000000000003, 30.3, 35.4, 35.9, 37.4, 32.9]"
ga,8,21,1192.4734718804586,100.0,19.5,0.4925,4.2,13.760574665831246,24.76356060606061,11.002985940229362,False,6.9,hospital_corridor,28,12,"[11, 29, 47, 53, 61, 73, 89, 97, 101, 109]","[3.4764512960700236, 4.117438620171575, 1.1564336594655806, 0.5, 1.0]","{""time"": 1.0, ""collisions"": 0.05, ""congestion"": 1.0, ""fairness"": 2.0, ""incomplete_base"": 1000.0, ""incomplete_agent"": 10.0}","[1162.8606666666667, 1273.4425, 1193.34, 1195.2159307359307, 1240.3077368421052, 1159.5205454545455, 1184.5486666666666, 1151.8115714285714, 1137.9467676767676, 1225.7403333333334]","[100.0, 100.0, 100.0, 100.0, 100.0, 100.0, 100.0, 100.0, 100.0, 100.0]"
ga,8,22,1069.620564969777,39.89,50.1,1.7437649697769977,5.4,12.854100000000003,22.095000000000006,9.2409,False,0.7,hospital_corridor,28,12,"[11, 29, 47, 53, 61, 73, 89, 97, 101, 109]","[3.1168134332106963, 4.049597477004848, 0.9009060735750788, 0.5, 1.0]","{""time"": 1.0, ""collisions"": 0.05, ""congestion"": 1.0, ""fairness"": 2.0, ""incomplete_base"": 1000.0, ""incomplete_agent"": 10.0}","[1190.384, 52.92383177570095, 52.37074493163601, 49.28435374149661, 52.07797619047619, 56.76459627329193, 63.86336996336996, 64.55144418423107, 58.15383080606546, 55.83150183150184]","[100.0, 32.1, 30.3, 29.400000000000002, 33.6, 32.2, 36.4, 36.6, 35.800000000000004, 32.5]"
ga,8,23,56.83518031495133,32.72,81.4,1.8132755530465736,5.6,12.373214285714287,21.48916666666667,9.11595238095238,True,0.0,hospital_corridor,28,12,"[11, 29, 47, 53, 61, 73, 89, 97, 101, 109]","[4.549659569605381, 5.0, 0.8963716207593936, 0.5, 1.0]","{""time"": 1.0, ""collisions"": 0.05, ""congestion"": 1.0, ""fairness"": 2.0, ""incomplete_base"": 1000.0, ""incomplete_agent"": 10.0}","[69.0028735632184, 50.078017718715394, 47.72242757242758, 60.46404220779221, 46.44766970618035, 52.342784992785, 66.53533026113672, 64.19436549488906, 58.3445252352438, 53.219766397124886]","[34.800000000000004, 30.1, 28.6, 35.2, 28.200000000000003, 29.700000000000003, 37.2, 38.2, 33.4, 31.8]"
ga,8,24,55.842798087630726,32.89000000000001,45.7,1.787559992392619,5.1,12.758214285714287,22.19833333333333,9.440119047619048,True,0.0,hospital_corridor,28,12,"[11, 29, 47, 53, 61, 73, 89, 97, 101, 109]","[3.4261175057927558, 3.9818242213236283, 0.91994553406724, 0.5, 1.0]","{""time"": 1.0, ""collisions"": 0.05, ""congestion"": 1.0, ""fairness"": 2.0, ""incomplete_base"": 1000.0, ""incomplete_agent"": 10.0}","[63.784210526315796, 60.60573192239859, 49.41836734693878, 48.377119628339145, 43.22360248447205, 50.85296803652969, 63.86540930979133, 58.293271221532095, 64.79099838368768, 55.21630201630202]","[39.900000000000006, 32.4, 29.400000000000002, 28.700000000000003, 27.6, 29.200000000000003, 35.6, 34.5, 38.300000000000004, 33.300000000000004]"
ga,8,25,1079.935699268722,49.79,14.1,1.3649849830077136,4.8,15.544642857142858,27.582500000000003,12.037857142857144,False,0.4,hospital_corridor,28,12,"[11, 29, 47, 53, 61, 73, 89, 97, 101, 109]","[2.295602511856674, 4.7682683166835655, 0.9231295830679245, 0.5, 1.0]","{""time"": 1.0, ""collisions"": 0.05, ""congestion"": 1.0, ""fairness"": 2.0, ""incomplete_base"": 1000.0, ""incomplete_agent"": 10.0}","[60.51146228402866, 1170.01, 67.47809181226447, 72.95143278550357, 77.30952380952381, 55.50190476190477, 76.50735930735931, 87.48973556019484, 58.82591036414566, 72.7715720022949]","[45.2, 100.0, 41.7, 56.5, 50.7, 32.5, 46.2, 47.900000000000006, 35.7, 41.5]"
ga,8,26,55.420343550277764,31.53,78.2,1.8991530740872853,5.3,12.483571428571427,21.524166666666666,9.04059523809524,True,0.0,hospital_corridor,28,12,"[11, 29, 47, 53, 61, 73, 89, 97, 101, 109]","[4.422305053395975, 4.893364215239388, 0.8979877060494482, 0.5, 1.0]","{""time"": 1.0, ""collisions"": 0.05, ""congestion"": 1.0, ""fairness"": 2.0, ""incomplete_base"": 1000.0, ""incomplete_agent"": 10.0}","[59.999095840867994, 63.53396501457726, 49.602787456445995, 50.63917155903458, 55.23252747252748, 51.06870869344179, 58.00902964959569, 63.90383496910215, 48.14124423963134, 54.073070607553376]","[31.6, 34.300000000000004, 28.700000000000003, 29.200000000000003, 32.5, 28.1, 31.8, 39.300000000000004, 27.900000000000002, 31.900000000000002]"
ga,8,27,54.40888725890522,33.04,37.3,1.7893634493814052,5.4,13.03857142857143,21.895833333333336,8.857261904761906,True,0.0,hospital_corridor,28,12,"[11, 29, 47, 53, 61, 73, 89, 97, 101, 109]","[3.57199754621649, 4.580911116696744, 0.9182329630684105, 0.5, 1.0]","{""time"": 1.0, ""collisions"": 0.05, ""congestion"": 1.0, ""fairness"": 2.0, ""incomplete_base"": 1000.0, ""incomplete_agent"": 10.0}","[65.89984053667658, 47.646026642168124, 50.64761904761905, 48.169145466405745, 39.5297342192691, 51.5938144329897, 62.24901477832513, 64.72891156462586, 53.10247493734336, 60.52229096362955]","[43.300000000000004, 31.1, 29.400000000000002, 29.200000000000003, 25.8, 29.1, 34.800000000000004, 39.2, 30.400000000000002, 38.1]"
ga,8,28,60.249107957700986,34.7,66.7,1.7479174815105079,5.3,12.58857142857143,22.821666666666665,10.233095238095238,True,0.0,hospital_corridor,28,12,"[11, 29, 47, 53, 61, 73, 89, 97, 101, 109]","[3.9408924164601906, 4.435163734079622, 0.9203901574979779, 0.5, 1.0]","{""time"": 1.0, ""collisions"": 0.05, ""congestion"": 1.0, ""fairness"": 2.0, ""incomplete_base"": 1000.0, ""incomplete_agent"": 10.0}","[75.28476531424026, 71.50071787508973, 53.516883116883115, 53.3260431208314, 44.71050903119869, 51.640360046457616, 82.22487562189055, 62.11383647798743, 50.82844611528822, 57.34464285714286]","[41.900000000000006, 39.800000000000004, 30.8, 30.700000000000003, 29.0, 28.700000000000003, 46.900000000000006, 37.1, 28.5, 33.6]"
ga,8,29,59.749497565927186,35.33,57.2,1.719021375451001,4.9,13.176428571428573,23.096666666666664,9.920238095238096,True,0.0,hospital_corridor,28,12,"[11, 29, 47, 53, 61, 73, 89, 97, 101, 109]","[3.417789823528675, 4.301358014315387, 0.9016418370401872, 0.5, 1.0]","{""time"": 1.0, ""collisions"": 0.05, ""congestion"": 1.0, ""fairness"": 2.0, ""incomplete_base"": 1000.0, ""incomplete_agent"": 10.0}","[78.15586080586081, 49.0449347892023, 51.03397529660329, 67.73653395784544, 44.78176733780761, 51.97842712842714, 68.33383817710465, 57.95944170771757, 74.75530098831986, 53.71489547038328]","[45.5, 31.400000000000002, 29.3, 42.7, 29.8, 29.700000000000003, 34.9, 34.800000000000004, 42.400000000000006, 32.800000000000004]"
ga,8,30,57.01385194271523,33.39,39.9,1.8609947998580842,4.8,12.886071428571427,22.770000000000003,9.883928571428573,True,0.0,hospital_corridor,28,12,"[11, 29, 47, 53, 61, 73, 89, 97, 101, 109]","[3.686447665330311, 4.481643778776556, 0.915894416659824, 0.5, 1.0]","{""time"": 1.0, ""collisions"": 0.05, ""congestion"": 1.0, ""fairness"": 2.0, ""incomplete_base"": 1000.0, ""incomplete_agent"": 10.0}","[65.5606681432263, 60.464815599830445, 48.74761904761905, 51.71484593837535, 60.42240896358544, 50.42305458768874, 64.0482142857143, 60.0855795148248, 54.42611975483263, 54.245193591455276]","[38.7, 33.7, 30.0, 34.0, 35.7, 28.700000000000003, 33.6, 37.1, 30.3, 32.1]"
ga,8,31,57.70496954061509,34.190000000000005,47.3,1.744969540615084,5.1,12.820000000000002,22.5225,9.7025,True,0.0,hospital_corridor,28,12,"[11, 29, 47, 53, 61, 73, 89, 97, 101, 109]","[3.7391208640608093, 4.4778490694105715, 0.9163542560425697, 0.5, 1.0]","{""time"": 1.0, ""collisions"": 0.05, ""congestion"": 1.0, ""fairness"": 2.0, ""incomplete_base"": 1000.0, ""incomplete_agent"": 10.0}","[77.94816687737043, 60.17142857142858, 53.04241734910525, 55.096703296703296, 44.5469387755102, 55.54883198562443, 60.90313139582481, 62.79200680272109, 53.040688354549744, 53.95938199731304]","[45.2, 36.6, 31.400000000000002, 31.200000000000003, 29.400000000000002, 31.8, 34.9, 39.2, 30.3, 31.900000000000002]"
ga,8,32,1192.9887576168471,100.0,40.7,0.4509,4.2,13.358401999657264,24.109830808080808,10.751428808423544,False,6.9,hospital_corridor,28,12,"[11, 29, 47, 53, 61, 73, 89, 97, 101, 109]","[3.546394212681058, 3.9249998027632147, 1.1640665893343427, 0.5, 1.0]","{""time"": 1.0, ""collisions"": 0.05, ""congestion"": 1.0, ""fairness"": 2.0, ""incomplete_base"": 1000.0, ""incomplete_agent"": 10.0}","[1164.1086666666667, 1243.7633333333333, 1182.8963333333334, 1204.115432900433, 1230.269789473684, 1184.3353333333334, 1184.4565555555555, 1183.0924615384615, 1139.98767003367, 1212.862]","[100.0, 100.0, 100.0, 100.0, 100.0, 100.0, 100.0, 100.0, 100.0, 100.0]"
ga,8,33,58.55994891206022,33.79,74.1,1.737091769203077,5.3,12.62607142857143,22.29,9.663928571428572,True,0.0,hospital_corridor,28,12,"[11, 29, 47, 53, 61, 73, 89, 97, 101, 109]","[3.5588495842799945, 3.8996208345424934, 0.9291802029846563, 0.5, 1.0]","{""time"": 1.0, ""collisions"": 0.05, ""congestion"": 1.0, ""fairness"": 2.0, ""incomplete_base"": 1000.0, ""incomplete_agent"": 10.0}","[73.28849107881365, 61.82309918442515, 51.0164147570291, 72.30714285714285, 39.03282636248416, 52.60306122448979, 71.38765112262521, 57.28442292171106, 52.452163797114935, 54.404215814766275]","[40.300000000000004, 36.2, 29.3, 39.0, 26.3, 29.400000000000002, 38.6, 35.4, 30.700000000000003, 32.7]"
ga,8,34,111.10133583605928,29.600000000000005,1235.8,1.9484786932021319,5.4,11.451071428571428,20.332500000000003,8.881428571428572,True,0.0,hospital_corridor,28,12,"[11, 29, 47, 53, 61, 73, 89, 97, 101, 109]","[3.5861515372086106, 3.992957896586806, 0.7200022094751392, 0.5, 1.0]","{""time"": 1.0, ""collisions"": 0.05, ""congestion"": 1.0, ""fairness"": 2.0, ""incomplete_base"": 1000.0, ""incomplete_agent"": 10.0}","[171.9117638771485, 92.41990086136843, 108.3750992063492, 140.28551307847084, 88.44197994987468, 84.57184265010352, 108.22619047619048, 106.6888407888408, 124.31041083099907, 85.78181664124726]","[33.800000000000004, 29.3, 28.8, 28.400000000000002, 28.5, 27.6, 31.200000000000003, 29.700000000000003, 30.6, 28.1]"
ga,8,35,96.05270019525474,30.580000000000002,886.1,2.0079382904928313,5.9,11.386785714285715,20.96666666666667,9.579880952380954,True,0.0,hospital_corridor,28,12,"[11, 29, 47, 53, 61, 73, 89, 97, 101, 109]","[3.554214626407568, 4.587433336742088, 0.7334147334467263, 0.5, 1.0]","{""time"": 1.0, ""collisions"": 0.05, ""congestion"": 1.0, ""fairness"": 2.0, ""incomplete_base"": 1000.0, ""incomplete_agent"": 10.0}","[141.13669467787116, 110.9777108433735, 87.97523318605793, 103.36623376623376, 99.7147029945999, 71.97115050399722, 89.9683566170948, 91.01634018155758, 87.3288037166086, 77.07177546515297]","[35.7, 33.2, 29.1, 30.8, 29.1, 27.400000000000002, 31.700000000000003, 29.900000000000002, 28.700000000000003, 30.200000000000003]"
ga,8,36,1190.646156855844,35.95,2699.2,1.8614598861471374,6.0,11.225000000000001,19.662348484848486,8.437348484848485,False,0.1,hospital_corridor,28,12,"[11, 29, 47, 53, 61, 73, 89, 97, 101, 109]","[3.7085918752747307, 4.359603721584619, 0.5244640684046395, 0.5, 1.0]","{""time"": 1.0, ""collisions"": 0.05, ""congestion"": 1.0, ""fairness"": 2.0, ""incomplete_base"": 1000.0, ""incomplete_agent"": 10.0}","[1305.3874935064937, 181.04429912810195, 151.56114756856806, 165.30374149659866, 175.1563891743748, 159.22334869431646, 207.91413502109705, 244.3935721892591, 141.35173792144596, 175.1257038581856]","[100.0, 28.400000000000002, 28.3, 29.400000000000002, 27.8, 27.900000000000002, 31.6, 31.3, 27.400000000000002, 27.400000000000002]"
ga,8,37,59.47440677891001,32.1,141.8,1.8036924931957175,5.3,12.554642857142857,21.794999999999998,9.240357142857144,True,0.0,hospital_corridor,28,12,"[11, 29, 47, 53, 61, 73, 89, 97, 101, 109]","[3.563401591949603, 3.272631946327381, 0.9454525878615956, 0.5, 1.0]","{""time"": 1.0, ""collisions"": 0.05, ""congestion"": 1.0, ""fairness"": 2.0, ""incomplete_base"": 1000.0, ""incomplete_agent"": 10.0}","[79.56037462076243, 66.20459284305439, 53.890136054421774, 65.86839030090565, 38.88478784509913, 53.328981937602634, 65.51333597150773, 57.06011904761905, 57.69726631393298, 56.73608285419432]","[36.1, 33.800000000000004, 29.400000000000002, 32.6, 25.700000000000003, 29.0, 36.1, 33.6, 32.4, 32.300000000000004]"
ga,8,38,55.26176910987049,32.10000000000001,72.2,1.7501024432038164,5.0,12.629999999999999,21.530833333333337,8.900833333333335,True,0.0,hospital_corridor,28,12,"[11, 29, 47, 53, 61, 73, 89, 97, 101, 109]","[3.7837275641722012, 3.9745631131039523, 0.9458103119053154, 0.5, 1.0]","{""time"": 1.0, ""collisions"": 0.05, ""congestion"": 1.0, ""fairness"": 2.0, ""incomplete_base"": 1000.0, ""incomplete_agent"": 10.0}","[59.77741585233442, 60.011772853185605, 50.540280495759944, 46.94500580720093, 45.01086105675148, 56.366369047619045, 61.77337724715247, 67.8889455782313, 50.71601435094587, 53.58764880952381]","[30.700000000000003, 36.1, 29.200000000000003, 28.700000000000003, 29.200000000000003, 32.0, 34.7, 39.2, 29.200000000000003, 32.0]"
ga,8,39,67.35148125248638,31.28,328.9,1.9336241096292373,6.0,12.00107142857143,20.8475,8.846428571428572,True,0.0,hospital_corridor,28,12,"[11, 29, 47, 53, 61, 73, 89, 97, 101, 109]","[3.75206880166025, 3.885546326889217, 0.8013228673811178, 0.5, 1.0]","{""time"": 1.0, ""collisions"": 0.05, ""congestion"": 1.0, ""fairness"": 2.0, ""incomplete_base"": 1000.0, ""incomplete_agent"": 10.0}","[90.63869047619049, 72.9516210739615, 56.94974460372385, 71.007174392936, 50.36276595744682, 55.33830378866877, 77.8433075933076, 71.22493734335839, 63.41062271062272, 63.78764458464775]","[33.6, 32.9, 28.900000000000002, 30.200000000000003, 28.200000000000003, 27.400000000000002, 33.300000000000004, 38.0, 28.6, 31.700000000000003]"
ga,8,40,61.32295860840257,37.41,23.6,1.8220062274501863,5.0,14.070357142857143,24.52583333333333,10.455476190476192,True,0.0,hospital_corridor,28,12,"[11, 29, 47, 53, 61, 73, 89, 97, 101, 109]","[3.1696866647681614, 4.656524469184166, 0.9442944362334361, 0.5, 1.0]","{""time"": 1.0, ""collisions"": 0.05, ""congestion"": 1.0, ""fairness"": 2.0, ""incomplete_base"": 1000.0, ""incomplete_agent"": 10.0}","[85.103663003663, 50.12366071428572, 62.20132275132275, 51.89646017699115, 41.53333333333333, 73.12067669172933, 68.60009087604507, 68.00654349499615, 56.714001421464104, 55.929833620195076]","[52.0, 32.0, 37.800000000000004, 33.9, 27.3, 41.800000000000004, 39.300000000000004, 43.300000000000004, 33.5, 33.2]"
ga,8,41,175.73458582762458,28.580000000000005,2569.7,2.0007763038150554,6.1,10.851428571428574,19.185833333333335,8.33440476190476,True,0.0,hospital_corridor,28,12,"[11, 29, 47, 53, 61, 73, 89, 97, 101, 109]","[3.9480675939103302, 4.734463904932421, 0.5992139752372077, 0.5, 1.0]","{""time"": 1.0, ""collisions"": 0.05, ""congestion"": 1.0, ""fairness"": 2.0, ""incomplete_base"": 1000.0, ""incomplete_agent"": 10.0}","[222.53809523809525, 181.66575481256334, 154.79408574817828, 164.4456043956044, 162.35311355311356, 142.5710622710623, 187.31923937360182, 250.27504105090316, 137.3617216117216, 154.02214022140225]","[31.5, 28.200000000000003, 28.1, 27.3, 27.3, 27.3, 29.8, 31.900000000000002, 27.3, 27.1]"
ga,8,42,58.632525552014,34.35,63.4,1.7932398377282877,5.3,12.855357142857144,22.515,9.659642857142856,True,0.0,hospital_corridor,28,12,"[11, 29, 47, 53, 61, 73, 89, 97, 101, 109]","[3.977464400601847, 4.555876144839708, 0.9387685837667832, 0.5, 1.0]","{""time"": 1.0, ""collisions"": 0.05, ""congestion"": 1.0, ""fairness"": 2.0, ""incomplete_base"": 1000.0, ""incomplete_agent"": 10.0}","[76.11245657061107, 63.26455860281075, 54.08737646001798, 69.39431890718754, 42.69466338259441, 49.935087719298245, 67.50571683218743, 60.2044474393531, 49.144520547945206, 53.9821090581343]","[46.6, 34.9, 31.8, 37.300000000000004, 29.0, 28.5, 37.4, 37.1, 29.200000000000003, 31.700000000000003]"
ga,8,43,56.201665834318426,32.699999999999996,71.9,1.845713453366055,5.6,12.655357142857145,21.685833333333335,9.03047619047619,True,0.0,hospital_corridor,28,12,"[11, 29, 47, 53, 61, 73, 89, 97, 101, 109]","[3.897545786102093, 4.51866310679379, 0.9048029594520427, 0.5, 1.0]","{""time"": 1.0, ""collisions"": 0.05, ""congestion"": 1.0, ""fairness"": 2.0, ""incomplete_base"": 1000.0, ""incomplete_agent"": 10.0}","[68.06831501831502, 64.92771129394166, 49.26708394698086, 54.440940586761016, 43.596412263535555, 51.17080200501253, 61.110353866317176, 60.15867251928705, 55.52416225749559, 53.75220458553792]","[36.4, 38.2, 29.1, 32.300000000000004, 29.200000000000003, 28.5, 32.7, 35.800000000000004, 32.4, 32.4]"
ga,8,44,59.38624534735425,35.370000000000005,40.5,1.7017215378304358,4.8,13.251071428571427,23.395833333333336,10.144761904761905,True,0.0,hospital_corridor,28,12,"[11, 29, 47, 53, 61, 73, 89, 97, 101, 109]","[3.418055380482281, 4.402515181474266, 0.9229277939489614, 0.5, 1.0]","{""time"": 1.0, ""collisions"": 0.05, ""congestion"": 1.0, ""fairness"": 2.0, ""incomplete_base"": 1000.0, ""incomplete_agent"": 10.0}","[72.43055204382638, 60.608095238095245, 49.97934340971884, 63.12763404574429, 40.57051981097783, 53.570634920634916, 63.71734978113808, 61.43108284409654, 74.74581280788178, 53.681428571428576]","[45.2, 35.0, 29.3, 38.1, 26.200000000000003, 31.5, 35.9, 36.5, 43.5, 32.5]"
ga,8,45,1071.9901734833106,42.57,31.3,1.6732687214059818,5.1,13.37988095238095,22.970833333333335,9.59095238095238,False,0.7,hospital_corridor,28,12,"[11, 29, 47, 53, 61, 73, 89, 97, 101, 109]","[3.415836076964915, 4.41395644680668, 0.9546247525307523, 0.5, 1.0]","{""time"": 1.0, ""collisions"": 0.05, ""congestion"": 1.0, ""fairness"": 2.0, ""incomplete_base"": 1000.0, ""incomplete_agent"": 10.0}","[1189.565, 47.58918558077437, 50.7970757430489, 64.72915381980131, 39.430143755615454, 51.81079734219269, 65.97088830255058, 81.23308865047996, 71.79570665794922, 56.98069498069498]","[100.0, 32.1, 29.8, 41.7, 26.5, 30.1, 37.9, 50.6, 43.7, 33.300000000000004]"
ga,8,46,1229.0807664758074,100.0,30.9,0.43339999999999995,3.7,13.983350672630195,25.034533910533913,11.051183237903718,False,10.5,hospital_corridor,28,12,"[11, 29, 47, 53, 61, 73, 89, 97, 101, 109]","[3.5021031576985173, 3.864152205030948, 1.3000195923655553, 0.5, 1.0]","{""time"": 1.0, ""collisions"": 0.05, ""congestion"": 1.0, ""fairness"": 2.0, ""incomplete_base"": 1000.0, ""incomplete_agent"": 10.0}","[1194.6276363636364, 1265.2737575757576, 1209.5717676767676, 1245.8102748538013, 1226.1231578947368, 1210.2364782608695, 1196.3457826086956, 1231.991, 1212.4616666666666, 1298.366142857143]","[100.0, 100.0, 100.0, 100.0, 100.0, 100.0, 100.0, 100.0, 100.0, 100.0]"
ga,8,47,57.4552199262594,33.45,66.7,1.771648497687962,5.2,12.723214285714286,22.1725,9.449285714285717,True,0.0,hospital_corridor,28,12,"[11, 29, 47, 53, 61, 73, 89, 97, 101, 109]","[3.5182224728001694, 3.91763704663573, 0.9252136620529611, 0.5, 1.0]","{""time"": 1.0, ""collisions"": 0.05, ""congestion"": 1.0, ""fairness"": 2.0, ""incomplete_base"": 1000.0, ""incomplete_agent"": 10.0}","[63.63584583004473, 50.470082815735, 51.62679580306699, 70.80268970431067, 39.99189364461738, 53.85430528375734, 60.606682900432915, 73.55668202764977, 53.71661237785017, 56.29060887512901]","[36.2, 32.2, 29.5, 40.1, 25.700000000000003, 29.200000000000003, 35.2, 43.400000000000006, 30.700000000000003, 32.300000000000004]"
ga,8,48,57.51870712981014,33.04,40.2,1.9220404631434707,5.3,12.285,22.558333333333337,10.273333333333337,True,0.0,hospital_corridor,28,12,"[11, 29, 47, 53, 61, 73, 89, 97, 101, 109]","[3.9686119957961745, 5.0, 0.9060186573763523, 0.5, 1.0]","{""time"": 1.0, ""collisions"": 0.05, ""congestion"": 1.0, ""fairness"": 2.0, ""incomplete_base"": 1000.0, ""incomplete_agent"": 10.0}","[67.70378151260505, 63.4270782889427, 60.51869081926719, 49.69475234910018, 42.73161970670621, 52.02031408308004, 57.480413297394435, 59.88040604343722, 67.21294326241136, 54.51707193515705]","[35.7, 35.4, 34.7, 29.900000000000002, 28.900000000000002, 28.200000000000003, 31.8, 35.300000000000004, 37.6, 32.9]"
ga,8,49,1068.1898917837407,38.790000000000006,43.8,1.795313029161986,5.7,12.246043956043957,21.453333333333337,9.207289377289378,False,0.7,hospital_corridor,28,12,"[11, 29, 47, 53, 61, 73, 89, 97, 101, 109]","[3.7800930319604644, 4.695845695624533, 0.8964367195340929, 0.5, 1.0]","{""time"": 1.0, ""collisions"": 0.05, ""congestion"": 1.0, ""fairness"": 2.0, ""incomplete_base"": 1000.0, ""incomplete_agent"": 10.0}","[1184.9496923076922, 64.28762575452717, 50.707020127638685, 56.53320463320465, 44.57027914614122, 49.75304559986539, 61.39598436389481, 56.692640692640694, 59.027976190476195, 53.98144902132633]","[100.0, 35.5, 29.1, 33.300000000000004, 29.0, 28.3, 33.5, 33.0, 33.6, 32.6]"
ga,8,50,1070.9052758697674,40.32,46.1,2.0769139650054425,5.5,12.974985714285713,23.076666666666668,10.101680952380955,False,0.6,hospital_corridor,28,12,"[11, 29, 47, 53, 61, 73, 89, 97, 101, 109]","[3.5505220784341343, 4.725263768393079, 0.9085906327016999, 0.5, 1.0]","{""time"": 1.0, ""collisions"": 0.05, ""congestion"": 1.0, ""fairness"": 2.0, ""incomplete_base"": 1000.0, ""incomplete_agent"": 10.0}","[1191.2196666666666, 66.40541125541127, 51.76949152542373, 49.55219298245615, 63.53859649122807, 51.04434422233057, 69.93682864450128, 57.19458874458874, 54.30484954718083, 54.086788617886185]","[100.0, 38.5, 29.5, 30.400000000000002, 38.0, 29.3, 39.1, 33.0, 32.6, 32.800000000000004]"
ga,8,51,58.73059391265575,35.31,27.1,1.715593912655746,5.4,12.960000000000003,23.135,10.175,True,0.0,hospital_corridor,28,12,"[11, 29, 47, 53, 61, 73, 89, 97, 101, 109]","[3.45463957253726, 4.880759582310983, 0.9097125593191859, 0.5, 1.0]","{""time"": 1.0, ""collisions"": 0.05, ""congestion"": 1.0, ""fairness"": 2.0, ""incomplete_base"": 1000.0, ""incomplete_agent"": 10.0}","[69.23650793650793, 56.76968727789624, 50.33285233285233, 44.93672993672994, 66.71058201058202, 55.24259501965925, 70.91806864877933, 57.148154093097915, 59.313294212869295, 56.697467657583275]","[43.2, 33.5, 29.700000000000003, 28.6, 40.5, 32.7, 39.400000000000006, 35.6, 35.300000000000004, 34.6]"
ga,8,52,53.65919042293743,32.38,27.3,1.8594285181755184,5.4,12.791785714285714,21.819166666666668,9.027380952380952,True,0.0,hospital_corridor,28,12,"[11, 29, 47, 53, 61, 73, 89, 97, 101, 109]","[3.444643030007085, 4.474275331936132, 0.9198490483584651, 0.5, 1.0]","{""time"": 1.0, ""collisions"": 0.05, ""congestion"": 1.0, ""fairness"": 2.0, ""incomplete_base"": 1000.0, ""incomplete_agent"": 10.0}","[49.40432269995377, 48.64221611721612, 50.95170755170756, 55.17941176470588, 39.3703869047619, 51.09122635355513, 63.68571428571428, 58.010784313725495, 65.83621553884713, 54.419918699187]","[30.900000000000002, 31.200000000000003, 29.700000000000003, 35.7, 25.6, 29.200000000000003, 35.0, 35.7, 38.0, 32.800000000000004]"
ga,8,53,187.72547990568935,29.95,2756.9,1.9847656199750852,5.7,11.164642857142857,20.1375,8.972857142857142,True,0.0,hospital_corridor,28,12,"[11, 29, 47, 53, 61, 73, 89, 97, 101, 109]","[3.625572441708268, 4.471732739125312, 0.6825947669032683, 0.5, 1.0]","{""time"": 1.0, ""collisions"": 0.05, ""congestion"": 1.0, ""fairness"": 2.0, ""incomplete_base"": 1000.0, ""incomplete_agent"": 10.0}","[210.67047174009792, 196.69055829228245, 156.61971830985917, 165.62010582010583, 184.45684201478429, 153.56237400069517, 218.41067019400353, 248.70686760253236, 158.0039010392431, 184.51329004329006]","[32.1, 29.0, 28.400000000000002, 29.700000000000003, 27.700000000000003, 27.400000000000002, 32.4, 34.6, 30.700000000000003, 27.5]"
ga,8,54,60.719232997170096,36.34,36.8,1.6861377590748532,5.0,13.581785714285715,24.008333333333333,10.42654761904762,True,0.0,hospital_corridor,28,12,"[11, 29, 47, 53, 61, 73, 89, 97, 101, 109]","[2.950340668425945, 4.175822549832936, 0.9198135233237557, 0.5, 1.0]","{""time"": 1.0, ""collisions"": 0.05, ""congestion"": 1.0, ""fairness"": 2.0, ""incomplete_base"": 1000.0, ""incomplete_agent"": 10.0}","[85.24399585921327, 50.900219780219786, 56.0879021879022, 56.77869529314616, 44.983032824780395, 60.19729921819474, 66.54329004329004, 65.2596699549385, 56.11553113553113, 65.08269367448473]","[48.300000000000004, 32.5, 33.300000000000004, 34.6, 30.900000000000002, 33.5, 38.5, 39.1, 32.5, 40.2]"
ga,8,55,62.84362557378104,31.82,208.6,1.8891017642572294,5.8,12.108571428571429,21.460833333333333,9.352261904761905,True,0.0,hospital_corridor,28,12,"[11, 29, 47, 53, 61, 73, 89, 97, 101, 109]","[4.6093114768320085, 3.9132227087924885, 0.9207625216800177, 0.5, 1.0]","{""time"": 1.0, ""collisions"": 0.05, ""congestion"": 1.0, ""fairness"": 2.0, ""incomplete_base"": 1000.0, ""incomplete_agent"": 10.0}","[90.26398653702319, 64.25625528317838, 60.03496412263536, 62.085059703639764, 49.918801313628904, 51.66272401433693, 67.96861861861862, 66.06889880952382, 59.471428571428575, 56.70551876379691]","[38.2, 33.800000000000004, 29.200000000000003, 33.1, 29.0, 27.900000000000002, 33.300000000000004, 32.0, 31.5, 30.200000000000003]"
ga,8,56,53.65919042293743,32.38,27.3,1.8594285181755184,5.4,12.791785714285714,21.819166666666668,9.027380952380952,True,0.0,hospital_corridor,28,12,"[11, 29, 47, 53, 61, 73, 89, 97, 101, 109]","[3.444643030007085, 4.474275331936132, 0.9198490483584651, 0.5, 1.0]","{""time"": 1.0, ""collisions"": 0.05, ""congestion"": 1.0, ""fairness"": 2.0, ""incomplete_base"": 1000.0, ""incomplete_agent"": 10.0}","[49.40432269995377, 48.64221611721612, 50.95170755170756, 55.17941176470588, 39.3703869047619, 51.09122635355513, 63.68571428571428, 58.010784313725495, 65.83621553884713, 54.419918699187]","[30.900000000000002, 31.200000000000003, 29.700000000000003, 35.7, 25.6, 29.200000000000003, 35.0, 35.7, 38.0, 32.800000000000004]"
ga,8,57,57.494348391554425,34.02,52.4,1.8786341058401343,5.3,12.98964285714286,22.4775,9.487857142857145,True,0.0,hospital_corridor,28,12,"[11, 29, 47, 53, 61, 73, 89, 97, 101, 109]","[3.4860632594563814, 4.092056573339377, 0.9332351022594283, 0.5, 1.0]","{""time"": 1.0, ""collisions"": 0.05, ""congestion"": 1.0, ""fairness"": 2.0, ""incomplete_base"": 1000.0, ""incomplete_agent"": 10.0}","[56.61982248520711, 71.79869627665451, 50.334693877551025, 53.73727556596409, 44.560652920962205, 57.40523255813954, 61.48813800969491, 57.58260694108152, 67.93101265822784, 53.485352622061484]","[33.800000000000004, 43.1, 29.400000000000002, 30.5, 29.1, 34.4, 33.4, 35.4, 39.5, 31.6]"
ga,8,58,91.36017624945828,30.440000000000005,816.2,1.959938154220179,5.8,11.990714285714287,21.065833333333337,9.075119047619049,True,0.0,hospital_corridor,28,12,"[11, 29, 47, 53, 61, 73, 89, 97, 101, 109]","[3.4417874837239077, 4.264404277987545, 0.7484645770775382, 0.5, 1.0]","{""time"": 1.0, ""collisions"": 0.05, ""congestion"": 1.0, ""fairness"": 2.0, ""incomplete_base"": 1000.0, ""incomplete_agent"": 10.0}","[153.60674603174604, 95.42385682749921, 76.0716894977169, 98.52874487543363, 72.40492610837438, 69.32597402597403, 86.58083827780314, 89.91190476190476, 92.46020066889632, 79.28688141923436]","[36.0, 30.200000000000003, 29.200000000000003, 30.200000000000003, 29.0, 27.5, 31.3, 30.5, 29.900000000000002, 30.6]"
ga,8,59,61.33924813270003,30.52,218.8,1.9044862279381216,5.3,12.051785714285717,21.039166666666667,8.987380952380953,True,0.0,hospital_corridor,28,12,"[11, 29, 47, 53, 61, 73, 89, 97, 101, 109]","[3.3921039737232883, 4.344943087608535, 0.8057258656751888, 0.5, 1.0]","{""time"": 1.0, ""collisions"": 0.05, ""congestion"": 1.0, ""fairness"": 2.0, ""incomplete_base"": 1000.0, ""incomplete_agent"": 10.0}","[77.37107396149949, 52.01058558558559, 58.916438356164385, 62.98300492610838, 51.54256678281069, 55.283637284701115, 67.99634584951805, 64.01918767507003, 65.06440281030446, 58.2052380952381]","[32.9, 29.6, 29.200000000000003, 29.0, 28.700000000000003, 28.200000000000003, 33.1, 34.0, 30.5, 30.0]"
ga,9,0,53.38174993564857,31.22,54.2,1.8119880308866687,5.2,12.596785714285714,21.416666666666664,8.819880952380952,True,0.0,hospital_corridor,28,12,"[11, 29, 47, 53, 61, 73, 89, 97, 101, 109]","[3.4860632594563814, 3.9639953703113227, 0.9332351022594283, 0.5, 1.0]","{""time"": 1.0, ""collisions"": 0.05, ""congestion"": 1.0, ""fairness"": 2.0, ""incomplete_base"": 1000.0, ""incomplete_agent"": 10.0}","[53.364317889317896, 49.7200122492727, 51.60331890331891, 47.71253746253747, 47.52195318805489, 53.66231527093596, 63.16232969108323, 58.30316558441559, 54.28681318681319, 54.48073593073593]","[29.6, 31.1, 29.700000000000003, 28.6, 29.5, 29.0, 35.300000000000004, 35.2, 31.200000000000003, 33.0]"
ga,9,1,53.65919042293743,32.38,27.3,1.8594285181755184,5.4,12.791785714285714,21.819166666666668,9.027380952380952,True,0.0,hospital_corridor,28,12,"[11, 29, 47, 53, 61, 73, 89, 97, 101, 109]","[3.444643030007085, 4.474275331936132, 0.9198490483584651, 0.5, 1.0]","{""time"": 1.0, ""collisions"": 0.05, ""congestion"": 1.0, ""fairness"": 2.0, ""incomplete_base"": 1000.0, ""incomplete_agent"": 10.0}","[49.40432269995377, 48.64221611721612, 50.95170755170756, 55.17941176470588, 39.3703869047619, 51.09122635355513, 63.68571428571428, 58.010784313725495, 65.83621553884713, 54.419918699187]","[30.900000000000002, 31.200000000000003, 29.700000000000003, 35.7, 25.6, 29.200000000000003, 35.0, 35.7, 38.0, 32.800000000000004]"
ga,9,2,192.99799161375745,30.45,2859.2,1.9791820899479375,5.9,11.661428571428573,20.465833333333332,8.804404761904763,True,0.0,hospital_corridor,28,12,"[11, 29, 47, 53, 61, 73, 89, 97, 101, 109]","[3.3330407211904296, 4.629533249727982, 0.6638662419887096, 0.5, 1.0]","{""time"": 1.0, ""collisions"": 0.05, ""congestion"": 1.0, ""fairness"": 2.0, ""incomplete_base"": 1000.0, ""incomplete_agent"": 10.0}","[224.53246753246756, 208.44890873015876, 172.18184523809526, 160.41233766233768, 184.81230018509174, 156.23509316770188, 228.90090826521345, 232.06624649859947, 164.227811550152, 198.16199730775705]","[33.0, 28.8, 28.8, 30.8, 28.3, 27.6, 36.7, 34.0, 28.200000000000003, 28.3]"
ga,9,3,59.86035530890739,32.58,143.8,1.72202197557406,5.3,12.33,21.514166666666668,9.184166666666668,True,0.0,hospital_corridor,28,12,"[11, 29, 47, 53, 61, 73, 89, 97, 101, 109]","[3.2287499173010197, 4.380911723641937, 0.8178920753992758, 0.5, 1.0]","{""time"": 1.0, ""collisions"": 0.05, ""congestion"": 1.0, ""fairness"": 2.0, ""incomplete_base"": 1000.0, ""incomplete_agent"": 10.0}","[75.1675983436853, 65.98550843968712, 55.71566924066924, 59.46979949874687, 50.24014396456257, 53.810889110889114, 62.293115318416525, 63.53269617706238, 55.50783208020051, 56.880300915154336]","[34.5, 34.7, 29.6, 34.2, 34.4, 28.6, 33.2, 35.5, 30.400000000000002, 30.700000000000003]"
ga,9,4,57.3537583938774,33.809999999999995,42.3,2.0428060129250185,5.5,13.255357142857145,22.948333333333334,9.692976190476191,True,0.0,hospital_corridor,28,12,"[11, 29, 47, 53, 61, 73, 89, 97, 101, 109]","[3.5473220329064143, 4.564442875321057, 0.9282648502036501, 0.5, 1.0]","{""time"": 1.0, ""collisions"": 0.05, ""congestion"": 1.0, ""fairness"": 2.0, ""incomplete_base"": 1000.0, ""incomplete_agent"": 10.0}","[71.06254578754579, 62.54425770308123, 49.881334308467416, 52.1550604567846, 39.97728442728443, 51.878636660143506, 77.1593448313266, 58.047451374916164, 55.28745681237795, 55.54421157684631]","[41.6, 35.7, 29.3, 31.900000000000002, 25.900000000000002, 29.200000000000003, 43.900000000000006, 35.5, 31.700000000000003, 33.4]"
ga,9,5,58.264354625515026,32.32000000000001,99.6,1.850783196943579,5.4,12.510714285714288,22.067500000000003,9.556785714285715,True,0.0,hospital_corridor,28,12,"[11, 29, 47, 53, 61, 73, 89, 97, 101, 109]","[3.7314539468295473, 3.8294642590483097, 0.9357784247700758, 0.5, 1.0]","{""time"": 1.0, ""collisions"": 0.05, ""congestion"": 1.0, ""fairness"": 2.0, ""incomplete_base"": 1000.0, ""incomplete_agent"": 10.0}","[80.90080793242748, 65.25285714285715, 50.59818360333824, 54.03966123362096, 45.99900257400258, 53.45727332028703, 62.65008210180625, 59.755714285714284, 53.66952380952381, 56.32044025157232]","[38.900000000000006, 35.0, 29.1, 29.8, 29.6, 29.200000000000003, 34.800000000000004, 35.0, 30.0, 31.8]"
ga,9,6,59.50747608420315,34.620000000000005,59.4,1.818904655631713,5.7,12.813214285714286,22.862500000000004,10.049285714285714,True,0.0,hospital_corridor,28,12,"[11, 29, 47, 53, 61, 73, 89, 97, 101, 109]","[3.295513307472769, 4.018073113822251, 0.8962112932355207, 0.5, 1.0]","{""time"": 1.0, ""collisions"": 0.05, ""congestion"": 1.0, ""fairness"": 2.0, ""incomplete_base"": 1000.0, ""incomplete_agent"": 10.0}","[58.219047619047615, 53.02329716696805, 52.183089549813104, 52.16860119047619, 57.83490127758421, 56.383489096573214, 67.06668634395908, 60.63607176581681, 83.0052795031056, 54.55429732868758]","[35.7, 31.6, 29.3, 32.0, 32.800000000000004, 32.1, 36.300000000000004, 35.300000000000004, 48.300000000000004, 32.800000000000004]"
ga,9,7,59.41933831004691,33.12,106.0,1.8864811671897628,5.4,12.883571428571429,22.439999999999998,9.556428571428572,True,0.0,hospital_corridor,28,12,"[11, 29, 47, 53, 61, 73, 89, 97, 101, 109]","[3.517392885151176, 3.593152452486923, 0.9225409529955021, 0.5, 1.0]","{""time"": 1.0, ""collisions"": 0.05, ""congestion"": 1.0, ""fairness"": 2.0, ""incomplete_base"": 1000.0, ""incomplete_agent"": 10.0}","[75.20817912657292, 53.13040293040294, 53.76496373383791, 56.60385086510489, 46.145399515738504, 54.112429378531075, 71.11751467710371, 68.25338733431518, 61.0907253599114, 54.76653017895056]","[38.6, 31.200000000000003, 30.200000000000003, 31.1, 29.5, 29.5, 36.5, 38.800000000000004, 34.4, 31.400000000000002]"
ga,9,8,56.329355874576535,33.38,47.2,1.9003082555289121,5.6,12.959642857142859,22.304166666666667,9.34452380952381,True,0.0,hospital_corridor,28,12,"[11, 29, 47, 53, 61, 73, 89, 97, 101, 109]","[3.769522372264524, 4.680615070976497, 0.9160279446136512, 0.5, 1.0]","{""time"": 1.0, ""collisions"": 0.05, ""congestion"": 1.0, ""fairness"": 2.0, ""incomplete_base"": 1000.0, ""incomplete_agent"": 10.0}","[73.49774774774775, 52.492016806722695, 47.650340136054425, 51.28305084745763, 45.41724386724387, 57.81534710269651, 68.96303555723081, 62.96077694235589, 50.38215916503587, 52.831840573219885]","[44.400000000000006, 30.6, 29.400000000000002, 29.5, 29.700000000000003, 33.2, 37.9, 38.0, 29.200000000000003, 31.900000000000002]"
ga,9,9,57.6854353361208,34.56,39.8,1.7190067646922202,5.4,12.564285714285715,22.2725,9.708214285714288,True,0.0,hospital_corridor,28,12,"[11, 29, 47, 53, 61, 73, 89, 97, 101, 109]","[3.7710871697481405, 4.653884705009958, 0.9082236758311116, 0.5, 1.0]","{""time"": 1.0, ""collisions"": 0.05, ""congestion"": 1.0, ""fairness"": 2.0, ""incomplete_base"": 1000.0, ""incomplete_agent"": 10.0}","[66.10431799838581, 78.54951187764401, 49.44429223744292, 48.17009867009867, 45.54813384813385, 52.10784215784216, 59.33871794871794, 59.84952380952382, 58.01190476190477, 59.730010051514014]","[41.300000000000004, 43.900000000000006, 29.200000000000003, 33.300000000000004, 29.6, 28.6, 32.5, 35.0, 34.300000000000004, 37.9]"
ga,9,10,56.61249877449679,34.51,28.7,1.8041654411634525,4.9,13.9625,23.394166666666667,9.431666666666668,True,0.0,hospital_corridor,28,12,"[11, 29, 47, 53, 61, 73, 89, 97, 101, 109]","[3.73316447561269, 4.929615470252094, 0.9855089720453226, 0.5, 1.0]","{""time"": 1.0, ""collisions"": 0.05, ""congestion"": 1.0, ""fairness"": 2.0, ""incomplete_base"": 1000.0, ""incomplete_agent"": 10.0}","[66.68571428571428, 54.43802928373565, 59.206997084548114, 47.50473036896878, 52.46141215106733, 53.14803632793324, 65.90592020592021, 60.81951878376681, 51.234273182957395, 54.720356070356075]","[42.0, 36.1, 34.300000000000004, 30.200000000000003, 34.800000000000004, 29.1, 37.0, 37.9, 30.400000000000002, 33.300000000000004]"
ga,9,11,57.4887652372703,34.459999999999994,42.9,1.7135271420322038,5.3,13.168214285714285,22.753333333333337,9.585119047619049,True,0.0,hospital_corridor,28,12,"[11, 29, 47, 53, 61, 73, 89, 97, 101, 109]","[3.501357356020596, 4.2808748105930325, 0.9341250958854316, 0.5, 1.0]","{""time"": 1.0, ""collisions"": 0.05, ""congestion"": 1.0, ""fairness"": 2.0, ""incomplete_base"": 1000.0, ""incomplete_agent"": 10.0}","[73.17004662004663, 49.03333333333333, 50.196510110893676, 48.7969696969697, 41.852005012531336, 53.65418927064498, 62.17142857142858, 58.665425888665325, 82.7034013605442, 54.64434250764527]","[42.900000000000006, 31.5, 29.200000000000003, 30.8, 26.6, 31.6, 34.800000000000004, 35.5, 49.0, 32.7]"
ga,9,12,53.65919042293743,32.38,27.3,1.8594285181755184,5.4,12.791785714285714,21.819166666666668,9.027380952380952,True,0.0,hospital_corridor,28,12,"[11, 29, 47, 53, 61, 73, 89, 97, 101, 109]","[3.444643030007085, 4.474275331936132, 0.9198490483584651, 0.5, 1.0]","{""time"": 1.0, ""collisions"": 0.05, ""congestion"": 1.0, ""fairness"": 2.0, ""incomplete_base"": 1000.0, ""incomplete_agent"": 10.0}","[49.40432269995377, 48.64221611721612, 50.95170755170756, 55.17941176470588, 39.3703869047619, 51.09122635355513, 63.68571428571428, 58.010784313725495, 65.83621553884713, 54.419918699187]","[30.900000000000002, 31.200000000000003, 29.700000000000003, 35.7, 25.6, 29.200000000000003, 35.0, 35.7, 38.0, 32.800000000000004]"
ga,9,13,59.24230667940286,37.480000000000004,19.2,1.744449536545718,5.2,14.078571428571427,23.607500000000005,9.52892857142857,True,0.0,hospital_corridor,28,12,"[11, 29, 47, 53, 61, 73, 89, 97, 101, 109]","[3.444643030007085, 4.932640457192587, 0.9741462297059887, 0.5, 1.0]","{""time"": 1.0, ""collisions"": 0.05, ""congestion"": 1.0, ""fairness"": 2.0, ""incomplete_base"": 1000.0, ""incomplete_agent"": 10.0}","[69.9888198757764, 66.03354978354979, 52.872676837725386, 48.53662486938349, 56.13375716778858, 60.02215320910973, 62.81652661064426, 64.14328340031665, 53.97480798771121, 57.90086705202313]","[48.300000000000004, 50.6, 30.900000000000002, 31.900000000000002, 38.2, 34.5, 35.7, 39.1, 31.0, 34.6]"
ga,9,14,184.90367842081207,29.93,2722.1,1.9841546112882544,5.8,11.373571428571429,19.81583333333333,8.442261904761905,True,0.0,hospital_corridor,28,12,"[11, 29, 47, 53, 61, 73, 89, 97, 101, 109]","[3.444643030007085, 3.8997857376470755, 0.6844311237056335, 0.5, 1.0]","{""time"": 1.0, ""collisions"": 0.05, ""congestion"": 1.0, ""fairness"": 2.0, ""incomplete_base"": 1000.0, ""incomplete_agent"": 10.0}","[207.60908424908425, 201.9924741924742, 153.9469363969364, 175.63699008613685, 184.8332298136646, 149.42411255411255, 214.13973214285713, 199.59032367395355, 165.8889010989011, 195.97500000000002]","[32.5, 28.6, 28.6, 29.3, 32.2, 27.5, 32.0, 28.1, 32.5, 28.0]"
ga,9,15,62.590473031262626,37.57000000000001,34.1,1.777377793167379,5.1,13.686785714285715,24.455833333333338,10.769047619047619,True,0.0,hospital_corridor,28,12,"[11, 29, 47, 53, 61, 73, 89, 97, 101, 109]","[3.145879072564355, 4.474275331936132, 0.9198490483584651, 0.5, 1.0]","{""time"": 1.0, ""collisions"": 0.05, ""congestion"": 1.0, ""fairness"": 2.0, ""incomplete_base"": 1000.0, ""incomplete_agent"": 10.0}","[62.66137982752156, 50.880392156862754, 64.54578157349897, 59.141025641025635, 55.00973084886129, 58.41325051759834, 63.950683007787575, 71.5478835978836, 60.466797129810836, 79.28780601177564]","[38.1, 32.300000000000004, 36.800000000000004, 36.4, 36.800000000000004, 32.2, 37.300000000000004, 43.2, 36.5, 46.1]"
ga,9,16,1259.3041310991382,100.0,18.1,0.35439999999999994,3.9,13.506078894875333,24.028444444444442,10.52236554956911,False,13.7,hospital_corridor,28,12,"[11, 29, 47, 53, 61, 73, 89, 97, 101, 109]","[3.4812992489498735, 3.844359064461457, 1.5454539600842887, 0.5, 1.0]","{""time"": 1.0, ""collisions"": 0.05, ""congestion"": 1.0, ""fairness"": 2.0, ""incomplete_base"": 1000.0, ""incomplete_agent"": 10.0}","[1271.4882222222222, 1264.188, 1238.0183742690058, 1299.0806666666667, 1246.6606666666667, 1285.5605263157895, 1217.4309047619047, 1246.9513333333334, 1208.7469696969697, 1314.9156470588237]","[100.0, 100.0, 100.0, 100.0, 100.0, 100.0, 100.0, 100.0, 100.0, 100.0]"
ga,9,17,58.61683071717208,35.160000000000004,33.0,1.8473069076482649,5.5,13.206071428571429,23.18583333333334,9.979761904761904,True,0.0,hospital_corridor,28,12,"[11, 29, 47, 53, 61, 73, 89, 97, 101, 109]","[3.4657238055960304, 4.76915375208095, 0.9266891153814403, 0.5, 1.0]","{""time"": 1.0, ""collisions"": 0.05, ""congestion"": 1.0, ""fairness"": 2.0, ""incomplete_base"": 1000.0, ""incomplete_agent"": 10.0}","[61.0552419878033, 50.64367606915377, 50.61061339790154, 72.05208129018199, 39.952677413377806, 51.54829931972789, 82.7382546121897, 66.68494942018258, 52.304761904761904, 58.57775175644028]","[36.7, 31.400000000000002, 29.5, 43.7, 25.700000000000003, 29.400000000000002, 49.300000000000004, 38.6, 30.700000000000003, 36.6]"
ga,9,18,56.668088490903614,34.47,35.7,1.715707538522662,5.0,13.142142857142858,22.490833333333335,9.348690476190477,True,0.0,hospital_corridor,28,12,"[11, 29, 47, 53, 61, 73, 89, 97, 101, 109]","[3.4452010653502816, 4.521818608606921, 0.9215821113813657, 0.5, 1.0]","{""time"": 1.0, ""collisions"": 0.05, ""congestion"": 1.0, ""fairness"": 2.0, ""incomplete_base"": 1000.0, ""incomplete_agent"": 10.0}","[58.27672811059909, 54.81930046354826, 57.38146362839615, 52.72005550686533, 46.17319457584359, 51.18656752803511, 61.83849206349207, 71.16728592782405, 59.03863043776589, 54.079166666666666]","[37.2, 33.9, 32.6, 32.6, 30.200000000000003, 29.3, 36.0, 44.6, 34.7, 33.6]"
ga,9,19,1073.063457694829,42.230000000000004,41.6,1.7577250940962366,5.3,13.641538461538463,23.639404761904764,9.9978663003663,False,0.7,hospital_corridor,28,12,"[11, 29, 47, 53, 61, 73, 89, 97, 101, 109]","[3.3523784212561685, 4.427152484440653, 0.9315020392365277, 0.5, 1.0]","{""time"": 1.0, ""collisions"": 0.05, ""congestion"": 1.0, ""fairness"": 2.0, ""incomplete_base"": 1000.0, ""incomplete_agent"": 10.0}","[69.34547790339157, 80.90791090629801, 59.913932980599654, 44.95316642120766, 44.05646258503401, 53.83798534798535, 63.46149241819633, 68.35663430420712, 58.063854740709345, 1187.7376593406593]","[41.7, 46.5, 32.4, 29.1, 29.400000000000002, 32.5, 35.800000000000004, 41.2, 33.7, 100.0]"
ga,9,20,55.5840946916035,33.93,33.6,1.79552326303207,5.6,13.015714285714287,22.105000000000004,9.089285714285714,True,0.0,hospital_corridor,28,12,"[11, 29, 47, 53, 61, 73, 89, 97, 101, 109]","[3.4914060115938677, 4.407996573304481, 0.9163487531157839, 0.5, 1.0]","{""time"": 1.0, ""collisions"": 0.05, ""congestion"": 1.0, ""fairness"": 2.0, ""incomplete_base"": 1000.0, ""incomplete_agent"": 10.0}","[64.41652661064427, 58.38333333333333, 49.64047619047619, 53.6748538011696, 52.17459349593496, 51.31190476190477, 59.990269749518305, 60.579424497071564, 52.13828912672561, 53.531275349256425]","[40.800000000000004, 37.7, 29.400000000000002, 34.2, 32.800000000000004, 30.0, 34.6, 37.4, 30.700000000000003, 31.700000000000003]"
ga,9,21,56.527545234378636,32.29,65.4,1.875402377235778,5.4,12.461428571428574,22.0075,9.546071428571429,True,0.0,hospital_corridor,28,12,"[11, 29, 47, 53, 61, 73, 89, 97, 101, 109]","[3.8726719425488145, 4.513181714963575, 0.9113820002852202, 0.5, 1.0]","{""time"": 1.0, ""collisions"": 0.05, ""congestion"": 1.0, ""fairness"": 2.0, ""incomplete_base"": 1000.0, ""incomplete_agent"": 10.0}","[71.05275278877295, 69.68980127484065, 48.54187192118226, 51.68092833092834, 43.50560991519896, 51.55892018779343, 59.70507246376811, 64.75364377795316, 52.80238095238096, 51.984470730967544]","[39.7, 38.1, 29.0, 29.700000000000003, 29.200000000000003, 28.400000000000002, 32.2, 36.2, 29.0, 31.400000000000002]"
ga,9,22,1183.275130178536,100.0,40.0,0.502,4.2,13.611866728913787,23.99843181818182,10.386565089268029,False,6.0,hospital_corridor,28,12,"[11, 29, 47, 53, 61, 73, 89, 97, 101, 109]","[3.522641777526001, 3.87588296067392, 1.1516142145897976, 0.5, 1.0]","{""time"": 1.0, ""collisions"": 0.05, ""congestion"": 1.0, ""fairness"": 2.0, ""incomplete_base"": 1000.0, ""incomplete_agent"": 10.0}","[1163.412, 1253.2668823529411, 1170.343090909091, 1197.3199480519481, 1204.5400909090908, 1165.803818181818, 1168.9899090909091, 1160.7751481481482, 1138.8020808080807, 1209.4983333333334]","[100.0, 100.0, 100.0, 100.0, 100.0, 100.0, 100.0, 100.0, 100.0, 100.0]"
ga,9,23,1070.300360199417,43.790000000000006,22.9,1.7027411517978757,5.1,14.12702380952381,23.958333333333332,9.831309523809523,False,0.4,hospital_corridor,28,12,"[11, 29, 47, 53, 61, 73, 89, 97, 101, 109]","[3.6689756395000437, 4.683466156433926, 1.0056114022830929, 0.5, 1.0]","{""time"": 1.0, ""collisions"": 0.05, ""congestion"": 1.0, ""fairness"": 2.0, ""incomplete_base"": 1000.0, ""incomplete_agent"": 10.0}","[58.10567765567766, 1162.2276666666667, 55.48809523809524, 63.07222057222058, 51.385434173669466, 63.724185463659154, 71.43209764918626, 60.591683433936964, 60.4494708994709, 56.52707024158637]","[39.0, 100.0, 35.7, 48.1, 34.0, 34.2, 39.5, 35.5, 37.800000000000004, 34.1]"
ga,9,24,55.89011607786917,32.57000000000001,62.2,1.800830363583453,5.7,12.690357142857144,21.895000000000003,9.204642857142858,True,0.0,hospital_corridor,28,12,"[11, 29, 47, 53, 61, 73, 89, 97, 101, 109]","[3.2715146918252698, 4.1216887712305645, 0.8921959569078586, 0.5, 1.0]","{""time"": 1.0, ""collisions"": 0.05, ""congestion"": 1.0, ""fairness"": 2.0, ""incomplete_base"": 1000.0, ""incomplete_agent"": 10.0}","[75.64382964453387, 49.19963369963371, 51.91802721088436, 51.711230029471075, 45.53878802357064, 53.5864862668617, 63.75150267599837, 58.046666666666674, 54.311471861471865, 55.193524699599465]","[42.6, 31.200000000000003, 29.400000000000002, 30.700000000000003, 29.900000000000002, 29.3, 34.7, 35.0, 30.8, 32.1]"
ga,9,25,68.05499621544362,39.15,46.0,1.7469009773483861,5.4,13.494285714285718,25.923333333333336,12.42904761904762,True,0.0,hospital_corridor,28,12,"[11, 29, 47, 53, 61, 73, 89, 97, 101, 109]","[2.9851174542445853, 4.14705873827188, 0.8836223427881266, 0.5, 1.0]","{""time"": 1.0, ""collisions"": 0.05, ""congestion"": 1.0, ""fairness"": 2.0, ""incomplete_base"": 1000.0, ""incomplete_agent"": 10.0}","[175.94991375254824, 50.31885047012436, 62.24007490636704, 46.365011614401865, 57.050410509031195, 52.43430808565037, 61.56217532467532, 62.87069597069597, 54.604625417045796, 57.1538961038961]","[91.10000000000001, 31.400000000000002, 35.6, 32.800000000000004, 34.800000000000004, 29.8, 35.2, 36.4, 31.400000000000002, 33.0]"
ga,9,26,58.06519830998781,34.99,30.6,1.652103071892563,5.2,13.299285714285713,23.245833333333337,9.94654761904762,True,0.0,hospital_corridor,28,12,"[11, 29, 47, 53, 61, 73, 89, 97, 101, 109]","[3.1369461811592414, 4.334940424310431, 0.922563146022958, 0.5, 1.0]","{""time"": 1.0, ""collisions"": 0.05, ""congestion"": 1.0, ""fairness"": 2.0, ""incomplete_base"": 1000.0, ""incomplete_agent"": 10.0}","[78.64353233830846, 49.81488095238095, 52.562218045112786, 61.36898238747554, 39.154387372926706, 54.534240011794196, 61.95328638497653, 70.07971781305115, 54.281404460518395, 58.25933333333333]","[46.900000000000006, 32.0, 30.400000000000002, 36.5, 26.700000000000003, 32.300000000000004, 35.5, 40.5, 31.6, 37.5]"
ga,9,27,169.22629817603513,29.380000000000003,2367.0,1.917726747463678,5.8,10.790714285714287,20.580000000000005,9.789285714285715,True,0.0,hospital_corridor,28,12,"[11, 29, 47, 53, 61, 73, 89, 97, 101, 109]","[3.5677503655028664, 4.565198427363254, 0.6991373711088329, 0.5, 1.0]","{""time"": 1.0, ""collisions"": 0.05, ""congestion"": 1.0, ""fairness"": 2.0, ""incomplete_base"": 1000.0, ""incomplete_agent"": 10.0}","[246.46401869158882, 186.0129389129389, 127.35977443609022, 147.15856072766184, 138.72908902691512, 131.41793534932222, 183.62221721496172, 198.10027560863574, 172.75906593406597, 160.63910585817064]","[32.1, 29.700000000000003, 28.5, 26.700000000000003, 27.6, 27.400000000000002, 31.700000000000003, 31.1, 31.200000000000003, 27.8]"
ga,9,28,58.8701233163092,32.49,111.4,1.873218554404433,5.2,12.570714285714287,22.039166666666667,9.468452380952382,True,0.0,hospital_corridor,28,12,"[11, 29, 47, 53, 61, 73, 89, 97, 101, 109]","[4.422305053395975, 4.536733823672737, 0.8979877060494482, 0.5, 1.0]","{""time"": 1.0, ""collisions"": 0.05, ""congestion"": 1.0, ""fairness"": 2.0, ""incomplete_base"": 1000.0, ""incomplete_agent"": 10.0}","[65.71963412931154, 59.612734082397004, 56.04598662207358, 57.73809523809524, 60.235854341736704, 50.89998287084618, 67.98076139546728, 60.85682730923695, 53.327833668678736, 56.28352350524875]","[34.1, 35.6, 29.900000000000002, 31.5, 35.7, 27.8, 37.4, 33.2, 28.400000000000002, 31.3]"
ga,9,29,57.087436935391324,33.49,62.3,1.746722649677031,5.4,12.819642857142858,22.187500000000004,9.367857142857144,True,0.0,hospital_corridor,28,12,"[11, 29, 47, 53, 61, 73, 89, 97, 101, 109]","[3.2953833949311933, 4.219150032497596, 0.8822797155179234, 0.5, 1.0]","{""time"": 1.0, ""collisions"": 0.05, ""congestion"": 1.0, ""fairness"": 2.0, ""incomplete_base"": 1000.0, ""incomplete_agent"": 10.0}","[81.4084577114428, 52.147619047619045, 56.191097308488615, 51.02829131652661, 38.28247094113236, 52.903437401450645, 66.0781166399144, 62.220491803278684, 55.45134370579916, 55.163043478260875]","[46.900000000000006, 31.5, 32.2, 34.0, 25.400000000000002, 30.200000000000003, 35.6, 36.6, 30.3, 32.2]"
ga,9,30,71.41050149621739,40.85000000000001,113.8,1.5657395914554724,5.4,13.396785714285716,25.04916666666667,11.652380952380952,True,0.0,hospital_corridor,28,12,"[11, 29, 47, 53, 61, 73, 89, 97, 101, 109]","[2.769445728382687, 4.7267132840788095, 0.822942973204861, 0.5, 1.0]","{""time"": 1.0, ""collisions"": 0.05, ""congestion"": 1.0, ""fairness"": 2.0, ""incomplete_base"": 1000.0, ""incomplete_agent"": 10.0}","[82.15667337357478, 53.12698412698412, 55.56849816849817, 87.8766497461929, 83.30663106364042, 55.097690715082024, 84.64526748971194, 86.74764129951046, 67.91111111111111, 57.66786786786787]","[42.6, 31.5, 31.200000000000003, 59.1, 42.800000000000004, 29.900000000000002, 48.6, 53.5, 36.0, 33.300000000000004]"
ga,9,31,1188.2551755065085,35.33,2671.9,1.8602620865951294,6.6,10.941785714285714,19.176742424242427,8.234956709956709,False,0.1,hospital_corridor,28,12,"[11, 29, 47, 53, 61, 73, 89, 97, 101, 109]","[3.922762843508793, 4.376473719511571, 0.5138139235329773, 0.5, 1.0]","{""time"": 1.0, ""collisions"": 0.05, ""congestion"": 1.0, ""fairness"": 2.0, ""incomplete_base"": 1000.0, ""incomplete_agent"": 10.0}","[1289.5331818181817, 175.56210739614997, 153.83919674631417, 159.23251651025376, 195.3751948051948, 139.15732600732602, 185.4826765188834, 264.991067637246, 144.2161172161172, 175.16237040941837]","[100.0, 28.200000000000003, 28.1, 27.400000000000002, 27.5, 27.3, 29.0, 31.400000000000002, 27.3, 27.1]"
ga,9,32,60.313108636917605,35.8,18.9,1.8031086369176061,5.3,13.745000000000001,24.6275,10.8825,True,0.0,hospital_corridor,28,12,"[11, 29, 47, 53, 61, 73, 89, 97, 101, 109]","[2.8443049186075555, 4.474275331936132, 0.9198490483584651, 0.5, 1.0]","{""time"": 1.0, ""collisions"": 0.05, ""congestion"": 1.0, ""fairness"": 2.0, ""incomplete_base"": 1000.0, ""incomplete_agent"": 10.0}","[57.33140008140008, 63.58548387096775, 62.08826815642458, 46.478000912825195, 44.756146179401995, 59.31647677475898, 66.88884711779448, 73.49648910411622, 59.947797300738486, 69.2421768707483]","[35.1, 37.2, 35.800000000000004, 31.3, 30.1, 32.6, 38.0, 41.300000000000004, 37.4, 39.2]"
ga,9,33,54.40888725890522,33.04,37.3,1.7893634493814052,5.4,13.03857142857143,21.895833333333336,8.857261904761906,True,0.0,hospital_corridor,28,12,"[11, 29, 47, 53, 61, 73, 89, 97, 101, 109]","[3.57199754621649, 4.580911116696744, 0.9182329630684105, 0.5, 1.0]","{""time"": 1.0, ""collisions"": 0.05, ""congestion"": 1.0, ""fairness"": 2.0, ""incomplete_base"": 1000.0, ""incomplete_agent"": 10.0}","[65.89984053667658, 47.646026642168124, 50.64761904761905, 48.169145466405745, 39.5297342192691, 51.5938144329897, 62.24901477832513, 64.72891156462586, 53.10247493734336, 60.52229096362955]","[43.300000000000004, 31.1, 29.400000000000002, 29.200000000000003, 25.8, 29.1, 34.800000000000004, 39.2, 30.400000000000002, 38.1]"
ga,9,34,180.1441451270382,29.020000000000003,2636.6,1.9922403651334346,6.0,11.050714285714287,19.701666666666664,8.650952380952381,True,0.0,hospital_corridor,28,12,"[11, 29, 47, 53, 61, 73, 89, 97, 101, 109]","[3.8082039530708247, 3.3392369669294166, 0.6182139258189479, 0.5, 1.0]","{""time"": 1.0, ""collisions"": 0.05, ""congestion"": 1.0, ""fairness"": 2.0, ""incomplete_base"": 1000.0, ""incomplete_agent"": 10.0}","[216.6117920985429, 191.6587666161871, 149.0741641337386, 170.92333333333335, 172.1354037267081, 145.91318681318683, 214.88095238095238, 229.96289978678038, 135.79175824175826, 174.48919413919415]","[31.700000000000003, 28.3, 28.200000000000003, 27.5, 27.6, 27.3, 31.5, 33.5, 27.3, 27.3]"
ga,9,35,166.56477084315253,28.25,2411.4,1.9404851288667981,6.2,10.500357142857144,18.4025,7.902142857142858,True,0.0,hospital_corridor,28,12,"[11, 29, 47, 53, 61, 73, 89, 97, 101, 109]","[4.482391610039332, 4.4115251472474055, 0.5966463699354454, 0.5, 1.0]","{""time"": 1.0, ""collisions"": 0.05, ""congestion"": 1.0, ""fairness"": 2.0, ""incomplete_base"": 1000.0, ""incomplete_agent"": 10.0}","[209.67693208430916, 177.22194060419866, 142.37122302158275, 142.44145106861643, 171.50238095238097, 139.11107011070112, 173.04861572535992, 215.61078197165156, 135.63046218487395, 159.0328507078507]","[30.5, 27.900000000000002, 27.8, 25.400000000000002, 27.0, 27.1, 30.1, 29.900000000000002, 27.200000000000003, 29.6]"
ga,9,36,54.66396897748476,31.24,59.6,1.87849278700857,5.2,12.451428571428572,21.73416666666667,9.282738095238097,True,0.0,hospital_corridor,28,12,"[11, 29, 47, 53, 61, 73, 89, 97, 101, 109]","[4.476493874727563, 5.0, 0.9029910640016322, 0.5, 1.0]","{""time"": 1.0, ""collisions"": 0.05, ""congestion"": 1.0, ""fairness"": 2.0, ""incomplete_base"": 1000.0, ""incomplete_agent"": 10.0}","[52.86273885350319, 62.215614617940204, 47.766260162601625, 51.50253456221199, 47.948370927318294, 50.600762582613115, 65.24058319957197, 62.11719576719577, 53.10273556231004, 53.28289353958144]","[31.400000000000002, 34.4, 28.700000000000003, 31.0, 28.5, 28.1, 35.6, 35.1, 28.200000000000003, 31.400000000000002]"
ga,9,37,58.23690231721045,33.15,71.0,1.8435689838771228,5.4,12.445,22.291666666666668,9.846666666666668,True,0.0,hospital_corridor,28,12,"[11, 29, 47, 53, 61, 73, 89, 97, 101, 109]","[4.041777690673992, 5.0, 0.8724506993856315, 0.5, 1.0]","{""time"": 1.0, ""collisions"": 0.05, ""congestion"": 1.0, ""fairness"": 2.0, ""incomplete_base"": 1000.0, ""incomplete_agent"": 10.0}","[67.95442739079104, 70.98777969018934, 49.213095238095235, 53.4001414427157, 44.00750605326876, 53.55481274360278, 58.83470440807902, 66.7792587137948, 61.01887099053272, 56.618426501035195]","[36.300000000000004, 41.5, 28.8, 30.3, 29.5, 28.1, 32.300000000000004, 38.800000000000004, 33.7, 32.2]"
ga,9,38,1219.924233419187,100.0,20.2,0.42869999999999997,4.0,13.774578167751395,24.01734487734488,10.242766709593486,False,9.8,hospital_corridor,28,12,"[11, 29, 47, 53, 61, 73, 89, 97, 101, 109]","[3.478979968223948, 4.229850177685751, 1.2306249579978759, 0.5, 1.0]","{""time"": 1.0, ""collisions"": 0.05, ""congestion"": 1.0, ""fairness"": 2.0, ""incomplete_base"": 1000.0, ""incomplete_agent"": 10.0}","[1201.048445887446, 1263.3055151515152, 1200.0512801932368, 1210.901, 1244.424157894737, 1243.6070303030303, 1198.6, 1213.4547142857143, 1176.9196666666667, 1246.9305238095237]","[100.0, 100.0, 100.0, 100.0, 100.0, 100.0, 100.0, 100.0, 100.0, 100.0]"
ga,9,39,59.372307775961744,35.730000000000004,35.5,1.747307775961741,5.0,13.360000000000003,23.42,10.06,True,0.0,hospital_corridor,28,12,"[11, 29, 47, 53, 61, 73, 89, 97, 101, 109]","[3.461722863769694, 4.614904774936555, 0.9172072632518324, 0.5, 1.0]","{""time"": 1.0, ""collisions"": 0.05, ""congestion"": 1.0, ""fairness"": 2.0, ""incomplete_base"": 1000.0, ""incomplete_agent"": 10.0}","[65.01666666666667, 47.951082251082255, 52.74727891156463, 75.64468864468864, 56.08359638472953, 53.28630363036304, 66.22506688068486, 60.736260836788546, 60.24587525150906, 55.78625830154021]","[42.0, 30.8, 29.400000000000002, 46.800000000000004, 35.300000000000004, 30.3, 35.6, 37.9, 35.5, 33.7]"
ga,9,40,60.80861082375022,33.470000000000006,119.0,1.8369441570835463,5.0,12.587499999999999,22.363333333333333,9.775833333333335,True,0.0,hospital_corridor,28,12,"[11, 29, 47, 53, 61, 73, 89, 97, 101, 109]","[4.141563232680755, 4.264577108799532, 0.9178473199014313, 0.5, 1.0]","{""time"": 1.0, ""collisions"": 0.05, ""congestion"": 1.0, ""fairness"": 2.0, ""incomplete_base"": 1000.0, ""incomplete_agent"": 10.0}","[72.08338439933615, 70.53887134964484, 49.36772120612952, 66.90040584415584, 44.650382950382955, 51.83418248418249, 60.62191770968206, 70.15635335073978, 67.87485322896282, 54.05803571428572]","[37.300000000000004, 36.2, 28.900000000000002, 35.2, 28.6, 28.6, 33.1, 38.300000000000004, 36.5, 32.0]"
ga,9,41,55.97820289762227,32.49,82.5,1.8067743261936982,5.8,12.569285714285716,21.347500000000004,8.778214285714286,True,0.0,hospital_corridor,28,12,"[11, 29, 47, 53, 61, 73, 89, 97, 101, 109]","[3.4991926848413484, 4.155048024303026, 0.8708163550635487, 0.5, 1.0]","{""time"": 1.0, ""collisions"": 0.05, ""congestion"": 1.0, ""fairness"": 2.0, ""incomplete_base"": 1000.0, ""incomplete_agent"": 10.0}","[64.18357683982686, 66.30606312292359, 51.32108843537415, 44.565389082462254, 44.85035877364645, 53.89108584610315, 60.75695433598659, 58.82941176470588, 53.09595791805094, 61.98214285714287]","[35.2, 34.4, 29.400000000000002, 28.700000000000003, 29.200000000000003, 28.900000000000002, 34.1, 35.7, 30.1, 39.2]"
ga,9,42,59.55398427703791,34.03,99.8,1.8406509437045764,5.8,12.655000000000001,22.001666666666665,9.346666666666668,True,0.0,hospital_corridor,28,12,"[11, 29, 47, 53, 61, 73, 89, 97, 101, 109]","[3.6467266989751654, 3.6963557707880668, 0.92756295585003, 0.5, 1.0]","{""time"": 1.0, ""collisions"": 0.05, ""congestion"": 1.0, ""fairness"": 2.0, ""incomplete_base"": 1000.0, ""incomplete_agent"": 10.0}","[74.8782723139507, 64.84323809523809, 49.59555719194894, 54.38348530901722, 48.08452787258248, 56.385922330097095, 61.65029498525074, 73.21017471736897, 56.34585729028454, 56.16251266464032]","[39.800000000000004, 37.5, 29.1, 32.9, 29.3, 30.900000000000002, 33.9, 41.7, 32.300000000000004, 32.9]"
ga,9,43,1169.5927583638584,100.0,32.6,0.4949,3.9,14.640949605949606,26.874878787878792,12.233929181929183,False,4.3,hospital_corridor,28,12,"[11, 29, 47, 53, 61, 73, 89, 97, 101, 109]","[3.490538918609925, 4.000022432607984, 1.1486294579768286, 0.5, 1.0]","{""time"": 1.0, ""collisions"": 0.05, ""congestion"": 1.0, ""fairness"": 2.0, ""incomplete_base"": 1000.0, ""incomplete_agent"": 10.0}","[1164.674, 1231.855111111111, 1153.011062937063, 1176.9520909090909, 1196.498142857143, 1162.4813146853146, 1151.5542307692308, 1151.9654285714287, 1130.2137402597402, 1176.7224615384616]","[100.0, 100.0, 100.0, 100.0, 100.0, 100.0, 100.0, 100.0, 100.0, 100.0]"
ga,9,44,1117.165708622898,68.71,35.7,1.052570927260113,4.7,13.652067515817517,24.461136363636363,10.80906884781885,False,2.4,hospital_corridor,28,12,"[11, 29, 47, 53, 61, 73, 89, 97, 101, 109]","[3.896271852989313, 4.644170829558933, 1.0588728050266443, 0.5, 1.0]","{""time"": 1.0, ""collisions"": 0.05, ""congestion"": 1.0, ""fairness"": 2.0, ""incomplete_base"": 1000.0, ""incomplete_agent"": 10.0}","[65.58727500569607, 1167.916, 51.45919158361019, 1175.9014848484849, 1198.0304415584415, 59.416776556776554, 1165.5613076923078, 1153.6895714285715, 69.75203160270881, 64.34300595238096]","[41.800000000000004, 100.0, 30.1, 100.0, 100.0, 32.5, 100.0, 100.0, 44.300000000000004, 38.400000000000006]"
ga,9,45,63.81083799570031,36.89,106.9,1.7417903766526865,6.0,12.937142857142856,22.854166666666664,9.91702380952381,True,0.0,hospital_corridor,28,12,"[11, 29, 47, 53, 61, 73, 89, 97, 101, 109]","[3.5767149926518043, 4.155477232646231, 0.8671017256750165, 0.5, 1.0]","{""time"": 1.0, ""collisions"": 0.05, ""congestion"": 1.0, ""fairness"": 2.0, ""incomplete_base"": 1000.0, ""incomplete_agent"": 10.0}","[117.70964660936008, 65.64342778433688, 51.07469015003262, 52.95744497194648, 45.69466338259441, 51.066869300911854, 76.45370370370372, 65.95450310559008, 56.40059717698155, 55.15283377154543]","[69.8, 36.300000000000004, 29.200000000000003, 33.1, 29.0, 28.200000000000003, 43.2, 36.800000000000004, 30.700000000000003, 32.6]"
ga,9,46,54.92742390074325,32.61,53.7,1.8169477102670566,5.4,12.463928571428573,21.37166666666667,8.907738095238095,True,0.0,hospital_corridor,28,12,"[11, 29, 47, 53, 61, 73, 89, 97, 101, 109]","[3.816604144219999, 4.486877423463504, 0.9007116077772747, 0.5, 1.0]","{""time"": 1.0, ""collisions"": 0.05, ""congestion"": 1.0, ""fairness"": 2.0, ""incomplete_base"": 1000.0, ""incomplete_agent"": 10.0}","[71.61686844229217, 47.21299765807962, 50.140136054421774, 50.55321188878236, 44.621038251366116, 51.051475519785384, 70.72894736842106, 57.99113834883066, 49.486716791979944, 55.871708683473386]","[41.300000000000004, 30.5, 29.400000000000002, 29.8, 30.5, 28.400000000000002, 39.900000000000006, 33.800000000000004, 28.5, 34.0]"
ga,9,47,57.11184887724772,34.32,33.1,1.7806584010572457,5.3,13.35107142857143,23.029166666666665,9.678095238095239,True,0.0,hospital_corridor,28,12,"[11, 29, 47, 53, 61, 73, 89, 97, 101, 109]","[2.912752093463779, 4.12912718489471, 0.9055996186696421, 0.5, 1.0]","{""time"": 1.0, ""collisions"": 0.05, ""congestion"": 1.0, ""fairness"": 2.0, ""incomplete_base"": 1000.0, ""incomplete_agent"": 10.0}","[63.57227891156464, 50.507495590828924, 54.02906558849955, 62.30918367346939, 41.60907457322551, 60.88155479059094, 65.64839025584527, 63.51430539157812, 53.57311661506708, 55.47402338180782]","[39.2, 32.4, 31.8, 39.2, 26.5, 33.2, 38.900000000000006, 36.300000000000004, 32.300000000000004, 33.4]"
ga,9,48,1069.5173630803745,40.45,36.0,1.7269059375173228,4.9,13.194771428571432,22.465,9.270228571428571,False,0.7,hospital_corridor,28,12,"[11, 29, 47, 53, 61, 73, 89, 97, 101, 109]","[3.005537369902909, 4.505222167383225, 0.912713803357597, 0.5, 1.0]","{""time"": 1.0, ""collisions"": 0.05, ""congestion"": 1.0, ""fairness"": 2.0, ""incomplete_base"": 1000.0, ""incomplete_agent"": 10.0}","[1186.778, 48.8687898089172, 53.8921854008061, 68.6478835978836, 40.39415584415585, 55.8016420361248, 65.36801437556156, 64.59032133178475, 53.22313566936208, 57.60950273914876]","[100.0, 31.400000000000002, 31.900000000000002, 43.2, 26.400000000000002, 31.900000000000002, 37.1, 36.9, 31.8, 33.9]"
ga,9,49,58.892751808444324,33.160000000000004,89.2,1.8237041893966919,5.6,12.512142857142857,22.236666666666668,9.724523809523813,True,0.0,hospital_corridor,28,12,"[11, 29, 47, 53, 61, 73, 89, 97, 101, 109]","[3.446001159257504, 4.1445724842422305, 0.8606150736978292, 0.5, 1.0]","{""time"": 1.0, ""collisions"": 0.05, ""congestion"": 1.0, ""fairness"": 2.0, ""incomplete_base"": 1000.0, ""incomplete_agent"": 10.0}","[67.36440410418311, 65.99158049278694, 49.96958394279213, 60.06152647975078, 50.89517781796263, 52.94964122635356, 70.45858148008544, 60.324999999999996, 55.588815789473685, 55.323206751054855]","[36.2, 37.300000000000004, 29.3, 32.1, 31.6, 29.200000000000003, 37.9, 36.0, 30.400000000000002, 31.6]"
ga,9,50,58.823274854510544,35.81,19.1,1.6613700926057757,5.1,13.210714285714285,23.40916666666667,10.198452380952382,True,0.0,hospital_corridor,28,12,"[11, 29, 47, 53, 61, 73, 89, 97, 101, 109]","[3.20860052595341, 4.702236846791745, 0.9212231097119254, 0.5, 1.0]","{""time"": 1.0, ""collisions"": 0.05, ""congestion"": 1.0, ""fairness"": 2.0, ""incomplete_base"": 1000.0, ""incomplete_agent"": 10.0}","[60.16912031988368, 50.165020026702265, 79.20848214285715, 53.008685064935065, 49.30095238095238, 52.72082166199814, 62.803520553520556, 70.48855981416958, 54.61130952380953, 55.75627705627706]","[39.300000000000004, 32.1, 44.800000000000004, 35.2, 35.0, 30.6, 35.1, 41.0, 32.0, 33.0]"
ga,9,51,60.281585728462304,34.91,65.6,1.8737285856051618,5.5,12.911071428571429,23.02,10.10892857142857,True,0.0,hospital_corridor,28,12,"[11, 29, 47, 53, 61, 73, 89, 97, 101, 109]","[3.471639667027731, 4.009845408317173, 0.9202484256996198, 0.5, 1.0]","{""time"": 1.0, ""collisions"": 0.05, ""congestion"": 1.0, ""fairness"": 2.0, ""incomplete_base"": 1000.0, ""incomplete_agent"": 10.0}","[69.96687093067791, 60.797680801427205, 56.507448667540416, 54.38751069289991, 57.96695181066438, 51.436724386724386, 62.09647944647945, 72.28561819346572, 60.74191274275073, 56.628659611992944]","[37.300000000000004, 34.7, 32.7, 33.4, 33.4, 29.700000000000003, 35.1, 44.6, 35.800000000000004, 32.4]"
ga,9,52,59.64462125552541,33.690000000000005,91.3,1.7917641126682593,5.3,12.468571428571428,22.267500000000005,9.798928571428572,True,0.0,hospital_corridor,28,12,"[11, 29, 47, 53, 61, 73, 89, 97, 101, 109]","[3.72232197561775, 4.25347234694572, 0.8794651527519688, 0.5, 1.0]","{""time"": 1.0, ""collisions"": 0.05, ""congestion"": 1.0, ""fairness"": 2.0, ""incomplete_base"": 1000.0, ""incomplete_agent"": 10.0}","[74.64207353827607, 65.52359307359308, 50.005940108001965, 55.96394557823129, 45.26319444444445, 57.45445134575569, 77.77764550264551, 60.13619047619047, 55.464752717807386, 54.214425770308125]","[39.5, 36.300000000000004, 29.1, 29.400000000000002, 28.8, 32.2, 43.2, 35.0, 31.1, 32.300000000000004]"
ga,9,53,58.15398295214967,34.400000000000006,52.8,1.9099353331020406,5.3,13.192142857142859,22.794166666666666,9.60202380952381,True,0.0,hospital_corridor,28,12,"[11, 29, 47, 53, 61, 73, 89, 97, 101, 109]","[3.443159742038324, 4.176245681319914, 0.9182960120442002, 0.5, 1.0]","{""time"": 1.0, ""collisions"": 0.05, ""congestion"": 1.0, ""fairness"": 2.0, ""incomplete_base"": 1000.0, ""incomplete_agent"": 10.0}","[69.99358230601885, 55.122087132725426, 51.679001433349256, 57.468244575936886, 50.5977151090984, 54.10769230769232, 60.427976190476194, 63.126455026455034, 54.8141172867861, 64.20295815295816]","[39.400000000000006, 32.9, 29.900000000000002, 33.800000000000004, 34.7, 31.200000000000003, 33.6, 37.800000000000004, 31.1, 39.6]"
ga,9,54,55.672990088554045,32.27,65.7,1.8572758028397487,5.6,12.609642857142859,21.740000000000002,9.130357142857145,True,0.0,hospital_corridor,28,12,"[11, 29, 47, 53, 61, 73, 89, 97, 101, 109]","[3.6032804103083738, 4.062555973111637, 0.9121560536527573, 0.5, 1.0]","{""time"": 1.0, ""collisions"": 0.05, ""congestion"": 1.0, ""fairness"": 2.0, ""incomplete_base"": 1000.0, ""incomplete_agent"": 10.0}","[63.076495726495736, 50.97575757575758, 52.471851129530314, 55.604061624649866, 45.47318632150847, 49.91037296037297, 67.12175411719649, 59.126571954748755, 58.21733746130032, 54.7525120139799]","[35.1, 30.8, 29.3, 30.6, 29.8, 28.6, 37.300000000000004, 36.2, 32.300000000000004, 32.7]"
ga,9,55,55.2397245837131,32.339999999999996,71.5,1.7966293456178586,5.3,12.906785714285714,21.67083333333333,8.76404761904762,True,0.0,hospital_corridor,28,12,"[11, 29, 47, 53, 61, 73, 89, 97, 101, 109]","[3.3153196098657545, 4.025592433725803, 0.9013280645925443, 0.5, 1.0]","{""time"": 1.0, ""collisions"": 0.05, ""congestion"": 1.0, ""fairness"": 2.0, ""incomplete_base"": 1000.0, ""incomplete_agent"": 10.0}","[79.20818694066953, 48.882181259600614, 51.41292517006802, 49.775375081539465, 38.40249042145594, 52.60714285714286, 59.97650701899258, 59.333014988725296, 53.42085067036523, 59.37857142857143]","[43.1, 31.0, 29.400000000000002, 29.200000000000003, 26.1, 29.400000000000002, 34.6, 35.9, 30.900000000000002, 33.800000000000004]"
ga,9,56,1069.2406525280817,39.089999999999996,54.5,1.8516049090340718,5.3,12.644642857142859,21.931666666666665,9.28702380952381,False,0.7,hospital_corridor,28,12,"[11, 29, 47, 53, 61, 73, 89, 97, 101, 109]","[3.412076035983162, 4.020962424728932, 0.9181774133187387, 0.5, 1.0]","{""time"": 1.0, ""collisions"": 0.05, ""congestion"": 1.0, ""fairness"": 2.0, ""incomplete_base"": 1000.0, ""incomplete_agent"": 10.0}","[1191.835, 54.47164502164503, 49.44647749510763, 58.07063492063493, 45.82197554697555, 54.90512356841471, 62.44490968801314, 65.27014652014651, 54.02104854971304, 56.11956397016638]","[100.0, 33.0, 29.200000000000003, 32.4, 29.6, 31.6, 34.800000000000004, 36.4, 30.700000000000003, 33.2]"
ga,9,57,57.54771937133409,33.54,59.7,1.86581460942933,5.1,12.778214285714286,22.356666666666666,9.578452380952381,True,0.0,hospital_corridor,28,12,"[11, 29, 47, 53, 61, 73, 89, 97, 101, 109]","[3.399897875892015, 3.9914168227282807, 0.9074626654696077, 0.5, 1.0]","{""time"": 1.0, ""collisions"": 0.05, ""congestion"": 1.0, ""fairness"": 2.0, ""incomplete_base"": 1000.0, ""incomplete_agent"": 10.0}","[83.94341563786008, 47.90159500693481, 50.359523809523814, 49.307393483709276, 55.230357142857144, 52.5952380952381, 66.0845752710306, 63.20130856632197, 52.68085901027077, 54.17292768959436]","[48.6, 30.900000000000002, 29.400000000000002, 28.5, 33.6, 29.400000000000002, 34.7, 37.300000000000004, 30.6, 32.4]"
ga,9,58,55.73934998091035,32.7,48.7,1.7933975999579528,5.1,12.370357142857143,21.77583333333333,9.405476190476191,True,0.0,hospital_corridor,28,12,"[11, 29, 47, 53, 61, 73, 89, 97, 101, 109]","[4.130317476454625, 4.880759582310983, 0.9097125593191859, 0.5, 1.0]","{""time"": 1.0, ""collisions"": 0.05, ""congestion"": 1.0, ""fairness"": 2.0, ""incomplete_base"": 1000.0, ""incomplete_agent"": 10.0}","[59.56565778853915, 55.59608735213831, 48.14738675958188, 68.22892857142857, 44.23621031746032, 51.59610314714122, 68.04601029601031, 55.81555924695459, 52.45714285714286, 53.704413472706165]","[35.4, 31.400000000000002, 28.700000000000003, 40.0, 28.8, 28.900000000000002, 37.0, 34.4, 29.6, 32.800000000000004]"
ga,9,59,53.65919042293743,32.38,27.3,1.8594285181755184,5.4,12.791785714285714,21.819166666666668,9.027380952380952,True,0.0,hospital_corridor,28,12,"[11, 29, 47, 53, 61, 73, 89, 97, 101, 109]","[3.444643030007085, 4.474275331936132, 0.9198490483584651, 0.5, 1.0]","{""time"": 1.0, ""collisions"": 0.05, ""congestion"": 1.0, ""fairness"": 2.0, ""incomplete_base"": 1000.0, ""incomplete_agent"": 10.0}","[49.40432269995377, 48.64221611721612, 50.95170755170756, 55.17941176470588, 39.3703869047619, 51.09122635355513, 63.68571428571428, 58.010784313725495, 65.83621553884713, 54.419918699187]","[30.900000000000002, 31.200000000000003, 29.700000000000003, 35.7, 25.6, 29.200000000000003, 35.0, 35.7, 38.0, 32.800000000000004]"
