method,generation,individual_id,fitness,total_time,near_collisions,mean_congestion,peak_congestion,mean_high_time,mean_low_time,fairness_gap_time,all_evacuated,remaining_agents,layout,num_high,num_low,seed_list,params,fitness_weights,per_seed_fitnesses,per_seed_total_times
ga,0,0,1140.89626510096,70.78,2267.1,1.005613080757952,4.8,15.55843888888889,26.09409090909091,10.53565202020202,False,1.6,hospital_corridor,28,12,"[11, 29, 47, 53, 61, 73, 89, 97, 101, 109]","[2.0, 0.5, 2.0, 0.5, 1.0]","{""time"": 0.0, ""collisions"": 0.05, ""congestion"": 1.0, ""fairness"": 1.0, ""incomplete_base"": 1000.0, ""incomplete_agent"": 10.0}","[198.01025132275134, 1122.5391666666667, 1376.393, 85.47066900379785, 108.3268115942029, 1104.6443333333334, 98.50425170068027, 1143.4911111111112, 1080.7933376623378, 90.78971861471862]","[43.2, 100.0, 100.0, 32.6, 36.800000000000004, 100.0, 49.0, 100.0, 100.0, 46.2]"
ga,0,1,1038.6734692235912,58.989999999999995,361.4,1.078942407814352,4.6,11.09471560846561,20.619242424242422,9.524526815776817,False,1.0,hospital_corridor,28,12,"[11, 29, 47, 53, 61, 73, 89, 97, 101, 109]","[4.7233092774917145, 1.8611630633737086, 2.462013529924943, 0.5, 1.0]","{""time"": 0.0, ""collisions"": 0.05, ""congestion"": 1.0, ""fairness"": 1.0, ""incomplete_base"": 1000.0, ""incomplete_agent"": 10.0}","[46.64806828391734, 1062.4661666666666, 1046.3507811447812, 29.723682877406286, 16.69685534591195, 1056.049, 33.369500632111254, 41.811348267117495, 1030.0074155844156, 23.61187343358396]","[31.8, 100.0, 100.0, 28.200000000000003, 31.8, 100.0, 33.9, 33.800000000000004, 100.0, 30.400000000000002]"
ga,0,2,1055.0000145556048,93.53,248.4,0.5454441926345609,3.9,13.08664175824176,24.12121212121212,11.034570362970362,False,3.1,hospital_corridor,28,12,"[11, 29, 47, 53, 61, 73, 89, 97, 101, 109]","[2.997263107624118, 1.5422099498649482, 2.806814216057286, 0.5, 1.0]","{""time"": 0.0, ""collisions"": 0.05, ""congestion"": 1.0, ""fairness"": 1.0, ""incomplete_base"": 1000.0, ""incomplete_agent"": 10.0}","[1072.476, 1103.528, 1048.8345734265733, 1058.3613333333333, 1055.621, 1056.522, 1045.0703076923078, 1045.1252592592593, 1036.9668013468013, 27.494870497774183]","[100.0, 100.0, 100.0, 100.0, 100.0, 100.0, 100.0, 100.0, 100.0, 35.300000000000004]"
ga,0,3,1036.8246837792763,60.3,315.4,1.044779835072382,4.6,11.637368783068784,21.64727272727273,10.009903944203945,False,1.0,hospital_corridor,28,12,"[11, 29, 47, 53, 61, 73, 89, 97, 101, 109]","[4.359724568924991, 1.884278288823562, 2.9329420365822347, 0.5, 1.0]","{""time"": 0.0, ""collisions"": 0.05, ""congestion"": 1.0, ""fairness"": 1.0, ""incomplete_base"": 1000.0, ""incomplete_agent"": 10.0}","[30.385610766045552, 1063.2003333333332, 1044.9815286195287, 19.819096375751666, 20.783676533676534, 1054.7536666666667, 37.320046827595306, 46.09739858906526, 1028.9391298701298, 21.966350210970464]","[32.2, 100.0, 100.0, 29.3, 33.300000000000004, 100.0, 36.1, 40.5, 100.0, 31.6]"
ga,0,4,1274.994127994228,100.0,4.3,0.2499,2.4,18.7595101010101,38.2887380952381,19.529227994227995,False,25.5,hospital_corridor,28,12,"[11, 29, 47, 53, 61, 73, 89, 97, 101, 109]","[1.200169220602143, 4.046929752847799, 2.2022405782021104, 0.5, 1.0]","{""time"": 0.0, ""collisions"": 0.05, ""congestion"": 1.0, ""fairness"": 1.0, ""incomplete_base"": 1000.0, ""incomplete_agent"": 10.0}","[1236.3195714285714, 1331.503, 1284.884, 1318.211, 1255.649116883117, 1236.97, 1274.5033333333333, 1289.2506666666666, 1258.2949090909092, 1264.3556825396824]","[100.0, 100.0, 100.0, 100.0, 100.0, 100.0, 100.0, 100.0, 100.0, 100.0]"
ga,0,5,1133.011936215948,42.28000000000001,2344.6,1.6036624064242013,5.4,13.09672619047619,23.275000000000002,10.17827380952381,False,0.4,hospital_corridor,28,12,"[11, 29, 47, 53, 61, 73, 89, 97, 101, 109]","[2.40819655400593, 0.2509468056999475, 2.7369955077069923, 0.5, 1.0]","{""time"": 0.0, ""collisions"": 0.05, ""congestion"": 1.0, ""fairness"": 1.0, ""incomplete_base"": 1000.0, ""incomplete_agent"": 10.0}","[166.04044458491364, 1138.8791666666666, 101.85378151260505, 127.41589026915115, 130.9639034512888, 121.32512363996044, 145.42142857142858, 172.82620846827396, 113.5478636167458, 111.84555137844612]","[33.9, 100.0, 35.7, 34.5, 32.7, 33.7, 41.5, 39.7, 33.1, 38.0]"
ga,0,6,1068.8620961519962,100.0,238.0,0.462,4.5,17.224646272246275,30.724742424242425,13.500096151996152,False,4.3,hospital_corridor,28,12,"[11, 29, 47, 53, 61, 73, 89, 97, 101, 109]","[2.9107993666919065, 2.012510462500569, 1.3866975930372576, 0.5, 1.0]","{""time"": 0.0, ""collisions"": 0.05, ""congestion"": 1.0, ""fairness"": 1.0, ""incomplete_base"": 1000.0, ""incomplete_agent"": 10.0}","[1128.516, 1098.3776666666668, 1039.6353973063974, 1052.3096666666668, 1091.4962727272728, 1030.4512592592594, 1065.5121111111112, 1055.4468571428572, 1037.2533973063973, 1089.6223333333332]","[100.0, 100.0, 100.0, 100.0, 100.0, 100.0, 100.0, 100.0, 100.0, 100.0]"
ga,0,7,1052.6699131840471,94.12,244.6,0.534473786407767,4.1,12.917893935693936,23.823333333333338,10.905439397639398,False,2.9,hospital_corridor,28,12,"[11, 29, 47, 53, 61, 73, 89, 97, 101, 109]","[3.294667795355985, 1.8004392806021121, 1.768949770372925, 0.5, 1.0]","{""time"": 0.0, ""collisions"": 0.05, ""congestion"": 1.0, ""fairness"": 1.0, ""incomplete_base"": 1000.0, ""incomplete_agent"": 10.0}","[1056.8255897435897, 1097.2096666666666, 1049.6752657342658, 1054.6615, 1057.8971666666666, 1057.41, 25.498023578363384, 1044.448111111111, 1034.521346801347, 1048.5524615384616]","[100.0, 100.0, 100.0, 100.0, 100.0, 100.0, 41.2, 100.0, 100.0, 100.0]"
ga,0,8,1174.170035076085,74.11,2899.3,1.0261789322287893,5.5,14.621446886446886,26.80030303030303,12.178856143856143,False,1.6,hospital_corridor,28,12,"[11, 29, 47, 53, 61, 73, 89, 97, 101, 109]","[1.9175849432805243, 0.3704939843413297, 1.1260230008242509, 0.5, 1.0]","{""time"": 0.0, ""collisions"": 0.05, ""congestion"": 1.0, ""fairness"": 1.0, ""incomplete_base"": 1000.0, ""incomplete_agent"": 10.0}","[1277.2514895104896, 1131.2353333333333, 113.13745421245422, 146.25206325932132, 1226.119993006993, 127.15, 1240.10886013986, 155.33214285714286, 107.44222423146475, 1217.6707902097903]","[100.0, 100.0, 78.0, 34.1, 100.0, 44.0, 100.0, 45.5, 39.5, 100.0]"
ga,0,9,1119.550659069407,100.0,15.4,0.3629,3.6,13.1940641629164,23.611823232323236,10.417759069406836,False,10.8,hospital_corridor,28,12,"[11, 29, 47, 53, 61, 73, 89, 97, 101, 109]","[4.220718887218482, 4.108956631664178, 2.1683135655896724, 0.5, 1.0]","{""time"": 0.0, ""collisions"": 0.05, ""congestion"": 1.0, ""fairness"": 1.0, ""incomplete_base"": 1000.0, ""incomplete_agent"": 10.0}","[1114.7917703349283, 1131.9092222222223, 1139.5893684210525, 1105.909, 1107.7872222222222, 1103.1170505050504, 1096.3564009661836, 1141.2764285714286, 1071.0228333333334, 1183.747294117647]","[100.0, 100.0, 100.0, 100.0, 100.0, 100.0, 100.0, 100.0, 100.0, 100.0]"
ga,0,10,1181.6149646438957,100.0,4.3,0.32520000000000004,2.8,17.00312821324702,30.07789285714286,13.074764643895838,False,16.8,hospital_corridor,28,12,"[11, 29, 47, 53, 61, 73, 89, 97, 101, 109]","[2.4058791963806114, 4.85223801430666, 2.600651884949002, 0.5, 1.0]","{""time"": 0.0, ""collisions"": 0.05, ""congestion"": 1.0, ""fairness"": 1.0, ""incomplete_base"": 1000.0, ""incomplete_agent"": 10.0}","[1182.8563571428572, 1151.52575, 1245.4966666666667, 1158.933, 1168.4908655462184, 1163.1965294117647, 1151.883447368421, 1167.579, 1180.3486666666668, 1245.8393636363637]","[100.0, 100.0, 100.0, 100.0, 100.0, 100.0, 100.0, 100.0, 100.0, 100.0]"
ga,0,11,1218.3459152458652,100.0,5.2,0.2628,2.4,19.547610223110222,36.370725468975465,16.823115245865246,False,20.1,hospital_corridor,28,12,"[11, 29, 47, 53, 61, 73, 89, 97, 101, 109]","[1.300830560142423, 2.880980737997297, 2.8898781181676174, 0.5, 1.0]","{""time"": 0.0, ""collisions"": 0.05, ""congestion"": 1.0, ""fairness"": 1.0, ""incomplete_base"": 1000.0, ""incomplete_agent"": 10.0}","[1178.4003492063491, 1172.474202797203, 1244.8719444444444, 1215.4958205128205, 1240.6699220779221, 1214.042888888889, 1222.35, 1219.376, 1209.0400404040404, 1266.7379841269842]","[100.0, 100.0, 100.0, 100.0, 100.0, 100.0, 100.0, 100.0, 100.0, 100.0]"
ga,0,12,1041.1552161474563,66.45,358.5,0.9718682324083066,4.6,12.120667236467238,22.37901515151515,10.258347915047915,False,1.2,hospital_corridor,28,12,"[11, 29, 47, 53, 61, 73, 89, 97, 101, 109]","[3.949526066508978, 1.9098163706862619, 1.6748091648533556, 0.5, 1.0]","{""time"": 0.0, ""collisions"": 0.05, ""congestion"": 1.0, ""fairness"": 1.0, ""incomplete_base"": 1000.0, ""incomplete_agent"": 10.0}","[49.99174972314508, 1058.8033333333333, 1054.3123916083916, 18.974702380952383, 27.876650598889864, 1051.7586666666666, 31.020468509984642, 1061.7588148148147, 1031.2871298701298, 25.76825396825397]","[34.4, 100.0, 100.0, 28.8, 32.6, 100.0, 37.2, 100.0, 100.0, 31.5]"
ga,0,13,1197.7527302508722,100.0,4.3,0.305,2.7,16.400928479286453,25.633658730158732,9.23273025087228,False,18.8,hospital_corridor,28,12,"[11, 29, 47, 53, 61, 73, 89, 97, 101, 109]","[2.6373514536957594, 4.519277668307456, 2.2857388640351064, 0.5, 1.0]","{""time"": 0.0, ""collisions"": 0.05, ""congestion"": 1.0, ""fairness"": 1.0, ""incomplete_base"": 1000.0, ""incomplete_agent"": 10.0}","[1208.081, 1180.9033015873015, 1203.5417142857143, 1161.7036666666668, 1201.41275, 1165.006105263158, 1202.2945, 1197.2597647058824, 1193.9725, 1263.352]","[100.0, 100.0, 100.0, 100.0, 100.0, 100.0, 100.0, 100.0, 100.0, 100.0]"
ga,0,14,65.76005682845489,35.82000000000001,1071.7,1.5408901617882176,5.3,12.9425,23.576666666666668,10.634166666666667,True,0.0,hospital_corridor,28,12,"[11, 29, 47, 53, 61, 73, 89, 97, 101, 109]","[2.0508758252157233, 2.364002613376945, 0.7307745151776536, 0.5, 1.0]","{""time"": 0.0, ""collisions"": 0.05, ""congestion"": 1.0, ""fairness"": 1.0, ""incomplete_base"": 1000.0, ""incomplete_agent"": 10.0}","[116.38860759493672, 44.716754309085594, 44.23214285714286, 74.07794486215538, 42.340476190476195, 61.59332552693209, 76.99903870639166, 87.12770562770564, 67.67278689543703, 42.45178571428572]","[31.6, 32.6, 39.0, 30.400000000000002, 33.800000000000004, 36.6, 37.4, 38.5, 38.300000000000004, 40.0]"
ga,0,15,1103.1533774516258,39.400000000000006,1805.1,1.6516578749061697,5.4,12.089947089947088,22.33666666666667,10.246719576719578,False,0.1,hospital_corridor,28,12,"[11, 29, 47, 53, 61, 73, 89, 97, 101, 109]","[2.5109712932359014, 1.2222095827013342, 0.7328300698882307, 0.5, 1.0]","{""time"": 0.0, ""collisions"": 0.05, ""congestion"": 1.0, ""fairness"": 1.0, ""incomplete_base"": 1000.0, ""incomplete_agent"": 10.0}","[213.0075396825397, 82.56865079365079, 68.85745931283907, 114.76220238095239, 69.62552157986941, 87.05973581213308, 93.6437074829932, 1126.4238148148147, 100.88084137191856, 74.70430128454652]","[36.0, 31.5, 31.6, 28.8, 29.900000000000002, 29.200000000000003, 39.2, 100.0, 31.1, 36.7]"
ga,0,16,1314.0494285714285,100.0,58.0,0.2,1.8,19.55716666666667,51.506595238095244,31.949428571428577,False,27.9,hospital_corridor,28,12,"[11, 29, 47, 53, 61, 73, 89, 97, 101, 109]","[0.5472564188071849, 1.157544751683057, 2.2478159774345254, 0.5, 1.0]","{""time"": 0.0, ""collisions"": 0.05, ""congestion"": 1.0, ""fairness"": 1.0, ""incomplete_base"": 1000.0, ""incomplete_agent"": 10.0}","[1314.1, 1310.2047619047619, 1337.609, 1306.546, 1299.605, 1273.6446666666666, 1302.451, 1301.1796666666667, 1367.6773333333333, 1327.4768571428572]","[100.0, 100.0, 100.0, 100.0, 100.0, 100.0, 100.0, 100.0, 100.0, 100.0]"
ga,0,17,1267.4706230158731,100.0,4.9,0.25200000000000006,2.1,20.334253968253968,38.307876984126985,17.973623015873013,False,24.9,hospital_corridor,28,12,"[11, 29, 47, 53, 61, 73, 89, 97, 101, 109]","[0.9779978021121848, 2.885097075690525, 2.006547646703329, 0.5, 1.0]","{""time"": 0.0, ""collisions"": 0.05, ""congestion"": 1.0, ""fairness"": 1.0, ""incomplete_base"": 1000.0, ""incomplete_agent"": 10.0}","[1232.1165714285714, 1276.652111111111, 1285.6845555555556, 1311.497619047619, 1266.814, 1253.7481666666667, 1301.2854761904762, 1224.2259523809523, 1230.835, 1291.8467777777778]","[100.0, 100.0, 100.0, 100.0, 100.0, 100.0, 100.0, 100.0, 100.0, 100.0]"
ga,0,18,1034.4172529208286,66.29,234.6,0.9839823303078893,4.7,11.875668803418804,21.578939393939393,9.703270590520592,False,1.2,hospital_corridor,28,12,"[11, 29, 47, 53, 61, 73, 89, 97, 101, 109]","[4.83470059127425, 2.3451792558166904, 2.4363182779655213, 0.5, 1.0]","{""time"": 0.0, ""collisions"": 0.05, ""congestion"": 1.0, ""fairness"": 1.0, ""incomplete_base"": 1000.0, ""incomplete_agent"": 10.0}","[37.67180603948897, 1059.3718333333334, 1048.6921048951049, 16.41447108255067, 17.816184709177787, 1049.812, 24.667045454545455, 1037.799888888889, 1027.5622597402598, 24.364935064935068]","[36.9, 100.0, 100.0, 28.900000000000002, 28.900000000000002, 100.0, 35.2, 100.0, 100.0, 33.0]"
ga,0,19,1392.7186333333334,100.0,4.6,0.09530000000000001,1.3,21.348333333333336,61.741666666666674,40.39333333333333,False,35.2,hospital_corridor,28,12,"[11, 29, 47, 53, 61, 73, 89, 97, 101, 109]","[0.27098217122089746, 3.2585724315402365, 2.9507583232040027, 0.5, 1.0]","{""time"": 0.0, ""collisions"": 0.05, ""congestion"": 1.0, ""fairness"": 1.0, ""incomplete_base"": 1000.0, ""incomplete_agent"": 10.0}","[1346.963, 1383.7826666666667, 1408.2146666666667, 1379.366, 1395.927, 1410.988, 1393.31, 1418.31, 1413.864, 1376.461]","[100.0, 100.0, 100.0, 100.0, 100.0, 100.0, 100.0, 100.0, 100.0, 100.0]"
ga,0,20,1381.315775,100.0,7.2,0.08389999999999999,1.4,44.67037037037037,63.15648148148149,22.871875000000003,False,35.8,hospital_corridor,28,12,"[11, 29, 47, 53, 61, 73, 89, 97, 101, 109]","[0.33217569516650103, 4.547484124621709, 0.8894459120056435, 0.5, 1.0]","{""time"": 0.0, ""collisions"": 0.05, ""congestion"": 1.0, ""fairness"": 1.0, ""incomplete_base"": 1000.0, ""incomplete_agent"": 10.0}","[1345.1563333333334, 1375.693, 1490.219, 1390.6033333333332, 1373.6123333333333, 1351.964, 1470.246, 1359.219, 1376.78, 1433.921]","[100.0, 100.0, 100.0, 100.0, 100.0, 100.0, 100.0, 100.0, 100.0, 100.0]"
ga,0,21,1156.5439855728584,37.07,2905.6,1.8554574343303716,5.8,11.750714285714286,20.159242424242425,8.408528138528139,False,0.1,hospital_corridor,28,12,"[11, 29, 47, 53, 61, 73, 89, 97, 101, 109]","[3.4087186687377673, 0.22386181412220027, 0.6536639787537273, 0.5, 1.0]","{""time"": 0.0, ""collisions"": 0.05, ""congestion"": 1.0, ""fairness"": 1.0, ""incomplete_base"": 1000.0, ""incomplete_agent"": 10.0}","[1190.4315194805195, 156.4775308025308, 131.93754355400696, 152.88380952380953, 165.29713607863076, 119.50792207792209, 188.57069880583813, 167.38038510706298, 137.02965367965368, 155.92365661861075]","[100.0, 28.6, 28.700000000000003, 30.0, 28.1, 27.5, 32.300000000000004, 29.8, 33.0, 32.7]"
ga,0,22,1305.4611007936508,100.0,3.9,0.18919999999999998,1.9,20.8504880952381,47.92738888888889,27.076900793650793,False,27.8,hospital_corridor,28,12,"[11, 29, 47, 53, 61, 73, 89, 97, 101, 109]","[0.7600136153254122, 4.5164824955031815, 2.4572223467823417, 0.5, 1.0]","{""time"": 0.0, ""collisions"": 0.05, ""congestion"": 1.0, ""fairness"": 1.0, ""incomplete_base"": 1000.0, ""incomplete_agent"": 10.0}","[1296.601, 1319.5533333333333, 1306.6063333333334, 1330.6792857142857, 1305.5025, 1293.9885555555556, 1302.9396666666667, 1303.1035, 1305.4853333333333, 1290.1515]","[100.0, 100.0, 100.0, 100.0, 100.0, 100.0, 100.0, 100.0, 100.0, 100.0]"
ga,0,23,1098.2369189967926,100.0,70.5,0.4257000000000001,4.1,13.135351349527667,24.421570346320344,11.28621899679268,False,8.3,hospital_corridor,28,12,"[11, 29, 47, 53, 61, 73, 89, 97, 101, 109]","[3.3427628841552535, 3.282338526223303, 1.2344023657666898, 0.5, 1.0]","{""time"": 0.0, ""collisions"": 0.05, ""congestion"": 1.0, ""fairness"": 1.0, ""incomplete_base"": 1000.0, ""incomplete_agent"": 10.0}","[1058.7921666666666, 1158.8617272727272, 1061.895, 1107.586, 1118.6784736842105, 1092.8003333333334, 1073.2096666666666, 1095.9485, 1062.5011794871796, 1152.096142857143]","[100.0, 100.0, 100.0, 100.0, 100.0, 100.0, 100.0, 100.0, 100.0, 100.0]"
ga,1,0,65.76005682845489,35.82000000000001,1071.7,1.5408901617882176,5.3,12.9425,23.576666666666668,10.634166666666667,True,0.0,hospital_corridor,28,12,"[11, 29, 47, 53, 61, 73, 89, 97, 101, 109]","[2.0508758252157233, 2.364002613376945, 0.7307745151776536, 0.5, 1.0]","{""time"": 0.0, ""collisions"": 0.05, ""congestion"": 1.0, ""fairness"": 1.0, ""incomplete_base"": 1000.0, ""incomplete_agent"": 10.0}","[116.38860759493672, 44.716754309085594, 44.23214285714286, 74.07794486215538, 42.340476190476195, 61.59332552693209, 76.99903870639166, 87.12770562770564, 67.67278689543703, 42.45178571428572]","[31.6, 32.6, 39.0, 30.400000000000002, 33.800000000000004, 36.6, 37.4, 38.5, 38.300000000000004, 40.0]"
ga,1,1,1034.4172529208286,66.29,234.6,0.9839823303078893,4.7,11.875668803418804,21.578939393939393,9.703270590520592,False,1.2,hospital_corridor,28,12,"[11, 29, 47, 53, 61, 73, 89, 97, 101, 109]","[4.83470059127425, 2.3451792558166904, 2.4363182779655213, 0.5, 1.0]","{""time"": 0.0, ""collisions"": 0.05, ""congestion"": 1.0, ""fairness"": 1.0, ""incomplete_base"": 1000.0, ""incomplete_agent"": 10.0}","[37.67180603948897, 1059.3718333333334, 1048.6921048951049, 16.41447108255067, 17.816184709177787, 1049.812, 24.667045454545455, 1037.799888888889, 1027.5622597402598, 24.364935064935068]","[36.9, 100.0, 100.0, 28.900000000000002, 28.900000000000002, 100.0, 35.2, 100.0, 100.0, 33.0]"
ga,1,2,1038.5388222225108,79.67999999999999,166.4,0.7726702115587256,4.4,12.298090413290414,21.744242424242422,9.44615201095201,False,2.0,hospital_corridor,28,12,"[11, 29, 47, 53, 61, 73, 89, 97, 101, 109]","[4.788912875565072, 2.60556161628688, 2.434143613635027, 0.5, 1.0]","{""time"": 0.0, ""collisions"": 0.05, ""congestion"": 1.0, ""fairness"": 1.0, ""incomplete_base"": 1000.0, ""incomplete_agent"": 10.0}","[24.7951887855734, 1076.295303030303, 1047.9242727272726, 14.955316373124592, 1030.945358974359, 1048.5383333333334, 1061.892, 1033.6128148148148, 1022.8078181818182, 23.621816004508318]","[33.800000000000004, 100.0, 100.0, 29.200000000000003, 100.0, 100.0, 100.0, 100.0, 100.0, 33.800000000000004]"
ga,1,3,1124.7894831957635,100.0,24.5,0.3654,3.9,12.941750137569766,23.140833333333337,10.19908319576357,False,11.3,hospital_corridor,28,12,"[11, 29, 47, 53, 61, 73, 89, 97, 101, 109]","[4.26650660292766, 3.8485742711939883, 2.152399460393541, 0.5, 1.0]","{""time"": 0.0, ""collisions"": 0.05, ""congestion"": 1.0, ""fairness"": 1.0, ""incomplete_base"": 1000.0, ""incomplete_agent"": 10.0}","[1113.554, 1131.948111111111, 1139.2281842105263, 1106.134, 1108.6950634920636, 1107.7969191919192, 1102.1210217391304, 1143.4865714285713, 1111.12, 1183.8109607843137]","[100.0, 100.0, 100.0, 100.0, 100.0, 100.0, 100.0, 100.0, 100.0, 100.0]"
ga,1,4,1047.9962242293054,88.10999999999999,275.4,0.6070326246138127,4.3,12.461717486217486,23.080909090909092,10.619191604691604,False,2.3,hospital_corridor,28,12,"[11, 29, 47, 53, 61, 73, 89, 97, 101, 109]","[3.685594234545671, 1.8926094770036728, 1.9060693802215372, 0.5, 1.0]","{""time"": 0.0, ""collisions"": 0.05, ""congestion"": 1.0, ""fairness"": 1.0, ""incomplete_base"": 1000.0, ""incomplete_agent"": 10.0}","[46.754589329589336, 1077.2240909090908, 1049.8964545454546, 1053.8746666666666, 1042.1509743589743, 1050.556, 27.458451202263085, 1048.5374074074075, 1038.6827104377105, 1044.8268974358975]","[40.7, 100.0, 100.0, 100.0, 100.0, 100.0, 40.400000000000006, 100.0, 100.0, 100.0]"
ga,1,5,1049.4742437811205,93.58,183.9,0.5589888268156424,4.4,12.983381409331411,23.703636363636363,10.720254954304956,False,2.9,hospital_corridor,28,12,"[11, 29, 47, 53, 61, 73, 89, 97, 101, 109]","[3.5849297010712258, 2.0041792743204585, 2.348866674619358, 0.5, 1.0]","{""time"": 0.0, ""collisions"": 0.05, ""congestion"": 1.0, ""fairness"": 1.0, ""incomplete_base"": 1000.0, ""incomplete_agent"": 10.0}","[1076.6856666666667, 1076.3148181818183, 1045.6776293706293, 1051.5195, 1055.5136666666667, 1055.0536666666667, 1042.1284615384616, 1033.6082592592593, 1034.690643097643, 23.55012636339452]","[100.0, 100.0, 100.0, 100.0, 100.0, 100.0, 100.0, 100.0, 100.0, 35.800000000000004]"
ga,1,6,1036.793106838094,59.65000000000001,294.0,1.0718074541445102,4.6,11.316276373626375,21.33757575757576,10.021299383949385,False,1.1,hospital_corridor,28,12,"[11, 29, 47, 53, 61, 73, 89, 97, 101, 109]","[4.733092886221477, 2.064887946989211, 2.460679018335438, 0.5, 1.0]","{""time"": 0.0, ""collisions"": 0.05, ""congestion"": 1.0, ""fairness"": 1.0, ""incomplete_base"": 1000.0, ""incomplete_agent"": 10.0}","[36.40431125131441, 1060.9191666666666, 1053.8267622377623, 21.586867688251772, 14.740388007054673, 1054.3313333333333, 30.11028784648188, 43.74397321428572, 1028.2877792207792, 23.98019891500904]","[31.700000000000003, 100.0, 100.0, 28.900000000000002, 32.4, 100.0, 33.5, 38.400000000000006, 100.0, 31.6]"
ga,1,7,1036.4920158880705,59.81,285.9,1.0616230309276002,4.5,11.395440476190478,21.530833333333334,10.135392857142858,False,1.1,hospital_corridor,28,12,"[11, 29, 47, 53, 61, 73, 89, 97, 101, 109]","[4.8249169825444875, 2.141454372201188, 2.437652789555026, 0.5, 1.0]","{""time"": 0.0, ""collisions"": 0.05, ""congestion"": 1.0, ""fairness"": 1.0, ""incomplete_base"": 1000.0, ""incomplete_agent"": 10.0}","[45.08644714153071, 1061.6835, 1050.7425454545455, 24.153080510554737, 14.99445412311266, 1051.0786666666668, 29.856743634009497, 36.91692081326913, 1027.1934545454546, 23.21434599156118]","[35.9, 100.0, 100.0, 29.1, 32.800000000000004, 100.0, 33.1, 35.6, 100.0, 31.6]"
ga,1,8,1055.1345787619787,100.0,128.6,0.4577,4.0,13.406075783475785,26.65295454545455,13.246878761978763,False,3.5,hospital_corridor,28,12,"[11, 29, 47, 53, 61, 73, 89, 97, 101, 109]","[3.5227757154945545, 2.215235514524992, 2.338913157738738, 0.5, 1.0]","{""time"": 0.0, ""collisions"": 0.05, ""congestion"": 1.0, ""fairness"": 1.0, ""incomplete_base"": 1000.0, ""incomplete_agent"": 10.0}","[1068.6196666666667, 1114.9507777777778, 1044.3365174825176, 1061.0213333333334, 1061.272, 1050.5393333333334, 1040.2047179487179, 1037.3361111111112, 1031.5556632996634, 1041.5096666666666]","[100.0, 100.0, 100.0, 100.0, 100.0, 100.0, 100.0, 100.0, 100.0, 100.0]"
ga,1,9,1068.469752736521,99.31,212.3,0.4646390977443609,4.2,16.047186866273826,28.43730050505051,12.390113638776683,False,4.5,hospital_corridor,28,12,"[11, 29, 47, 53, 61, 73, 89, 97, 101, 109]","[2.93004296595107, 2.0330453876755152, 1.32480339402115, 0.5, 1.0]","{""time"": 0.0, ""collisions"": 0.05, ""congestion"": 1.0, ""fairness"": 1.0, ""incomplete_base"": 1000.0, ""incomplete_agent"": 10.0}","[1099.017423076923, 1118.3983333333333, 1035.9864074074073, 1053.7363333333333, 1096.052, 1053.0831888111888, 39.89329573934837, 1042.6415714285715, 1044.4163703703703, 1101.4726038647343]","[100.0, 100.0, 100.0, 100.0, 100.0, 100.0, 93.10000000000001, 100.0, 100.0, 100.0]"
ga,1,10,1052.6699131840471,94.12,244.6,0.534473786407767,4.1,12.917893935693936,23.823333333333338,10.905439397639398,False,2.9,hospital_corridor,28,12,"[11, 29, 47, 53, 61, 73, 89, 97, 101, 109]","[3.294667795355985, 1.8004392806021121, 1.768949770372925, 0.5, 1.0]","{""time"": 0.0, ""collisions"": 0.05, ""congestion"": 1.0, ""fairness"": 1.0, ""incomplete_base"": 1000.0, ""incomplete_agent"": 10.0}","[1056.8255897435897, 1097.2096666666666, 1049.6752657342658, 1054.6615, 1057.8971666666666, 1057.41, 25.498023578363384, 1044.448111111111, 1034.521346801347, 1048.5524615384616]","[100.0, 100.0, 100.0, 100.0, 100.0, 100.0, 41.2, 100.0, 100.0, 100.0]"
ga,1,11,65.76005682845489,35.82000000000001,1071.7,1.5408901617882176,5.3,12.9425,23.576666666666668,10.634166666666667,True,0.0,hospital_corridor,28,12,"[11, 29, 47, 53, 61, 73, 89, 97, 101, 109]","[2.0508758252157233, 2.364002613376945, 0.7307745151776536, 0.5, 1.0]","{""time"": 0.0, ""collisions"": 0.05, ""congestion"": 1.0, ""fairness"": 1.0, ""incomplete_base"": 1000.0, ""incomplete_agent"": 10.0}","[116.38860759493672, 44.716754309085594, 44.23214285714286, 74.07794486215538, 42.340476190476195, 61.59332552693209, 76.99903870639166, 87.12770562770564, 67.67278689543703, 42.45178571428572]","[31.6, 32.6, 39.0, 30.400000000000002, 33.800000000000004, 36.6, 37.4, 38.5, 38.300000000000004, 40.0]"
ga,1,12,1033.0396045158789,59.7,226.2,1.0696306231049955,4.6,11.853889743589743,21.51386363636364,9.659973892773893,False,1.1,hospital_corridor,28,12,"[11, 29, 47, 53, 61, 73, 89, 97, 101, 109]","[4.83470059127425, 2.3451792558166904, 2.4984891688284416, 0.5, 1.0]","{""time"": 0.0, ""collisions"": 0.05, ""congestion"": 1.0, ""fairness"": 1.0, ""incomplete_base"": 1000.0, ""incomplete_agent"": 10.0}","[30.78854568854569, 1059.8793333333333, 1048.1175874125875, 16.87843642611684, 15.867113603120432, 1049.662, 25.137307176391687, 32.51137243515292, 1027.2308181818182, 24.323530901722393]","[33.300000000000004, 100.0, 100.0, 29.1, 29.3, 100.0, 35.5, 36.9, 100.0, 32.9]"
ga,1,13,1174.170035076085,74.11,2899.3,1.0261789322287893,5.5,14.621446886446886,26.80030303030303,12.178856143856143,False,1.6,hospital_corridor,28,12,"[11, 29, 47, 53, 61, 73, 89, 97, 101, 109]","[1.9175849432805243, 0.3704939843413297, 1.1260230008242509, 0.5, 1.0]","{""time"": 0.0, ""collisions"": 0.05, ""congestion"": 1.0, ""fairness"": 1.0, ""incomplete_base"": 1000.0, ""incomplete_agent"": 10.0}","[1277.2514895104896, 1131.2353333333333, 113.13745421245422, 146.25206325932132, 1226.119993006993, 127.15, 1240.10886013986, 155.33214285714286, 107.44222423146475, 1217.6707902097903]","[100.0, 100.0, 78.0, 34.1, 100.0, 44.0, 100.0, 45.5, 39.5, 100.0]"
ga,1,14,1035.397609003017,59.63000000000001,312.7,1.0550480917059082,4.7,11.260999694749696,20.96856060606061,9.707560911310912,False,0.9,hospital_corridor,28,12,"[11, 29, 47, 53, 61, 73, 89, 97, 101, 109]","[4.543157918251801, 1.8685722753151133, 2.86261412982071, 0.5, 1.0]","{""time"": 0.0, ""collisions"": 0.05, ""congestion"": 1.0, ""fairness"": 1.0, ""incomplete_base"": 1000.0, ""incomplete_agent"": 10.0}","[35.5624213836478, 1062.8495, 1044.4444444444443, 22.383234126984128, 16.541965218689356, 1045.2601538461538, 34.86880108991826, 37.0710737498342, 1031.579844155844, 23.414652014652017]","[31.8, 100.0, 100.0, 28.8, 31.900000000000002, 100.0, 36.7, 35.9, 100.0, 31.200000000000003]"
ga,1,15,1037.081165873854,59.480000000000004,323.2,1.0705268647148436,4.5,11.329664021164021,21.18030303030303,9.85063900913901,False,1.0,hospital_corridor,28,12,"[11, 29, 47, 53, 61, 73, 89, 97, 101, 109]","[4.539875928164905, 1.8768690768821572, 2.5323414366864676, 0.5, 1.0]","{""time"": 0.0, ""collisions"": 0.05, ""congestion"": 1.0, ""fairness"": 1.0, ""incomplete_base"": 1000.0, ""incomplete_agent"": 10.0}","[43.60097402597403, 1063.941, 1044.2943468013468, 26.675193798449612, 15.796873609256785, 1054.616, 31.282521332232314, 37.37441690962099, 1030.0245194805195, 23.205812781138512]","[33.0, 100.0, 100.0, 30.1, 32.1, 100.0, 34.6, 34.300000000000004, 100.0, 30.700000000000003]"
ga,1,16,1102.2787807536454,100.0,77.2,0.3997,4.2,12.695282882718304,22.714363636363636,10.019080753645332,False,8.8,hospital_corridor,28,12,"[11, 29, 47, 53, 61, 73, 89, 97, 101, 109]","[3.896094899111375, 3.105844019021559, 1.506834429399623, 0.5, 1.0]","{""time"": 0.0, ""collisions"": 0.05, ""congestion"": 1.0, ""fairness"": 1.0, ""incomplete_base"": 1000.0, ""incomplete_agent"": 10.0}","[1073.8604466403162, 1153.7710588235293, 1080.6635555555556, 1075.71218972332, 1107.640015873016, 1083.3092173913044, 1089.0138333333334, 1091.815, 1071.5426666666667, 1195.4598235294118]","[100.0, 100.0, 100.0, 100.0, 100.0, 100.0, 100.0, 100.0, 100.0, 100.0]"
ga,1,17,1061.0160687774417,94.35,90.9,0.501964367816092,4.0,13.11532993380888,24.084434343434346,10.969104409625462,False,4.5,hospital_corridor,28,12,"[11, 29, 47, 53, 61, 73, 89, 97, 101, 109]","[4.543217425497685, 3.127572927871934, 2.0864057193530567, 0.5, 1.0]","{""time"": 0.0, ""collisions"": 0.05, ""congestion"": 1.0, ""fairness"": 1.0, ""incomplete_base"": 1000.0, ""incomplete_agent"": 10.0}","[1063.9938333333334, 1115.292875598086, 1061.77, 1056.0361666666668, 1067.5853333333334, 1045.3703333333333, 18.686453201970448, 1050.2767777777779, 1052.2206923076924, 1078.9282222222223]","[100.0, 100.0, 100.0, 100.0, 100.0, 100.0, 43.5, 100.0, 100.0, 100.0]"
ga,1,18,1035.6998766431745,67.35999999999999,256.4,0.9356765562245137,4.5,12.220724155474159,22.16492424242424,9.944200086950088,False,1.2,hospital_corridor,28,12,"[11, 29, 47, 53, 61, 73, 89, 97, 101, 109]","[3.914686369375797, 1.8579336735194556, 2.4775793071997434, 0.5, 1.0]","{""time"": 0.0, ""collisions"": 0.05, ""congestion"": 1.0, ""fairness"": 1.0, ""incomplete_base"": 1000.0, ""incomplete_agent"": 10.0}","[42.55208732286481, 1059.6411666666668, 1052.0042377622378, 17.361541565778857, 16.427380952380954, 1051.882, 28.62778548312529, 1038.883185185185, 1027.6546493506494, 21.964732142857144]","[37.300000000000004, 100.0, 100.0, 29.5, 33.6, 100.0, 41.2, 100.0, 100.0, 32.0]"
ga,1,19,1039.367087806204,67.02,353.9,0.9618169548330601,4.8,12.334274603174606,22.044545454545453,9.710270851370852,False,1.1,hospital_corridor,28,12,"[11, 29, 47, 53, 61, 73, 89, 97, 101, 109]","[3.5953032644577445, 1.5454393397192012, 2.7912484387824854, 0.5, 1.0]","{""time"": 0.0, ""collisions"": 0.05, ""congestion"": 1.0, ""fairness"": 1.0, ""incomplete_base"": 1000.0, ""incomplete_agent"": 10.0}","[45.095454545454544, 1062.9133333333334, 1048.881744107744, 21.26997578692494, 19.63063159395495, 1057.9246666666668, 33.313095238095244, 1047.4258518518518, 1030.945064935065, 26.271060002948552]","[33.0, 100.0, 100.0, 29.5, 33.4, 100.0, 42.0, 100.0, 100.0, 32.300000000000004]"
ga,1,20,1049.4257540685403,87.77000000000001,270.7,0.6316949887312739,4.3,12.413971223221225,22.673030303030306,10.25905907980908,False,2.5,hospital_corridor,28,12,"[11, 29, 47, 53, 61, 73, 89, 97, 101, 109]","[3.5888408552354436, 1.8711834905049973, 1.6774937263529621, 0.5, 1.0]","{""time"": 0.0, ""collisions"": 0.05, ""congestion"": 1.0, ""fairness"": 1.0, ""incomplete_base"": 1000.0, ""incomplete_agent"": 10.0}","[49.42894736842105, 1076.7436363636364, 1050.5754685314685, 1053.52, 1057.1775, 1052.3806666666667, 30.040812042701216, 1045.4744444444445, 1036.1347575757575, 1042.7813076923078]","[38.0, 100.0, 100.0, 100.0, 100.0, 100.0, 39.7, 100.0, 100.0, 100.0]"
ga,1,21,1057.4455415895034,51.61,776.7,1.2499568501687226,4.8,11.083278897028896,20.443863636363638,9.360584739334739,False,0.8,hospital_corridor,28,12,"[11, 29, 47, 53, 61, 73, 89, 97, 101, 109]","[3.65535300662952, 1.0103904972568873, 1.7662652088733184, 0.5, 1.0]","{""time"": 0.0, ""collisions"": 0.05, ""congestion"": 1.0, ""fairness"": 1.0, ""incomplete_base"": 1000.0, ""incomplete_agent"": 10.0}","[69.97788836846215, 1078.6605, 1061.2576734006734, 52.06735183281946, 29.59725274725275, 1062.6531025641025, 50.40369580668089, 77.91553182020472, 52.01075268817205, 39.91166666666667]","[30.5, 100.0, 100.0, 27.8, 31.200000000000003, 100.0, 33.5, 32.1, 31.0, 30.0]"
ga,1,22,1055.1046184020938,93.53999999999999,203.4,0.5468406779661017,3.9,13.034343487993487,24.422121212121212,11.387777724127726,False,3.3,hospital_corridor,28,12,"[11, 29, 47, 53, 61, 73, 89, 97, 101, 109]","[3.214759435748328, 1.75768049363295, 2.5492923879308593, 0.5, 1.0]","{""time"": 0.0, ""collisions"": 0.05, ""congestion"": 1.0, ""fairness"": 1.0, ""incomplete_base"": 1000.0, ""incomplete_agent"": 10.0}","[1081.3013333333333, 1117.1933333333334, 1049.6437622377623, 1056.9266666666667, 1054.6568333333332, 1053.957, 1043.0613076923078, 1034.8717777777779, 1034.3935723905724, 25.040597255851495]","[100.0, 100.0, 100.0, 100.0, 100.0, 100.0, 100.0, 100.0, 100.0, 35.4]"
ga,1,23,1053.3446702576962,94.31,232.2,0.5272408352668213,4.4,13.062343304843305,24.26977272727273,11.207429422429422,False,3.0,hospital_corridor,28,12,"[11, 29, 47, 53, 61, 73, 89, 97, 101, 109]","[3.2910215682254593, 1.825193775575078, 2.0264715984993518, 0.5, 1.0]","{""time"": 0.0, ""collisions"": 0.05, ""congestion"": 1.0, ""fairness"": 1.0, ""incomplete_base"": 1000.0, ""incomplete_agent"": 10.0}","[1068.4086666666667, 1097.525, 1048.960958041958, 1055.4891666666667, 1055.9978333333333, 1053.9696666666666, 26.74607501933488, 1053.5997037037037, 1026.5232222222223, 1046.2264102564102]","[100.0, 100.0, 100.0, 100.0, 100.0, 100.0, 43.1, 100.0, 100.0, 100.0]"
ga,2,0,65.76005682845489,35.82000000000001,1071.7,1.5408901617882176,5.3,12.9425,23.576666666666668,10.634166666666667,True,0.0,hospital_corridor,28,12,"[11, 29, 47, 53, 61, 73, 89, 97, 101, 109]","[2.0508758252157233, 2.364002613376945, 0.7307745151776536, 0.5, 1.0]","{""time"": 0.0, ""collisions"": 0.05, ""congestion"": 1.0, ""fairness"": 1.0, ""incomplete_base"": 1000.0, ""incomplete_agent"": 10.0}","[116.38860759493672, 44.716754309085594, 44.23214285714286, 74.07794486215538, 42.340476190476195, 61.59332552693209, 76.99903870639166, 87.12770562770564, 67.67278689543703, 42.45178571428572]","[31.6, 32.6, 39.0, 30.400000000000002, 33.800000000000004, 36.6, 37.4, 38.5, 38.300000000000004, 40.0]"
ga,2,1,65.76005682845489,35.82000000000001,1071.7,1.5408901617882176,5.3,12.9425,23.576666666666668,10.634166666666667,True,0.0,hospital_corridor,28,12,"[11, 29, 47, 53, 61, 73, 89, 97, 101, 109]","[2.0508758252157233, 2.364002613376945, 0.7307745151776536, 0.5, 1.0]","{""time"": 0.0, ""collisions"": 0.05, ""congestion"": 1.0, ""fairness"": 1.0, ""incomplete_base"": 1000.0, ""incomplete_agent"": 10.0}","[116.38860759493672, 44.716754309085594, 44.23214285714286, 74.07794486215538, 42.340476190476195, 61.59332552693209, 76.99903870639166, 87.12770562770564, 67.67278689543703, 42.45178571428572]","[31.6, 32.6, 39.0, 30.400000000000002, 33.800000000000004, 36.6, 37.4, 38.5, 38.300000000000004, 40.0]"
ga,2,2,65.76005682845489,35.82000000000001,1071.7,1.5408901617882176,5.3,12.9425,23.576666666666668,10.634166666666667,True,0.0,hospital_corridor,28,12,"[11, 29, 47, 53, 61, 73, 89, 97, 101, 109]","[2.0508758252157233, 2.364002613376945, 0.7307745151776536, 0.5, 1.0]","{""time"": 0.0, ""collisions"": 0.05, ""congestion"": 1.0, ""fairness"": 1.0, ""incomplete_base"": 1000.0, ""incomplete_agent"": 10.0}","[116.38860759493672, 44.716754309085594, 44.23214285714286, 74.07794486215538, 42.340476190476195, 61.59332552693209, 76.99903870639166, 87.12770562770564, 67.67278689543703, 42.45178571428572]","[31.6, 32.6, 39.0, 30.400000000000002, 33.800000000000004, 36.6, 37.4, 38.5, 38.300000000000004, 40.0]"
ga,2,3,1038.1752091510782,72.92999999999999,184.5,0.8748795288485764,4.4,12.407852195952197,22.48318181818182,10.07532962222962,False,1.8,hospital_corridor,28,12,"[11, 29, 47, 53, 61, 73, 89, 97, 101, 109]","[4.585560373110321, 2.4658957563681834, 2.4984891688284416, 0.5, 1.0]","{""time"": 0.0, ""collisions"": 0.05, ""congestion"": 1.0, ""fairness"": 1.0, ""incomplete_base"": 1000.0, ""incomplete_agent"": 10.0}","[33.36507936507937, 1076.2609696969696, 1048.8917902097903, 16.121626984126983, 11.831122448979592, 1050.009, 1063.093, 1039.6735925925925, 1022.5906103896104, 19.91529982363316]","[38.7, 100.0, 100.0, 28.8, 29.400000000000002, 100.0, 100.0, 100.0, 100.0, 32.4]"
ga,2,4,1038.3432323479808,60.34000000000001,317.9,1.0623039449024634,4.4,12.397480687830688,22.78340909090909,10.3859284030784,False,1.1,hospital_corridor,28,12,"[11, 29, 47, 53, 61, 73, 89, 97, 101, 109]","[3.8739398406964014, 1.8798672038161934, 2.0933356223359647, 0.5, 1.0]","{""time"": 0.0, ""collisions"": 0.05, ""congestion"": 1.0, ""fairness"": 1.0, ""incomplete_base"": 1000.0, ""incomplete_agent"": 10.0}","[46.484476190476194, 1057.6445, 1051.807090909091, 16.949079528718705, 16.33494646379262, 1052.2636666666667, 32.1486798679868, 1061.2444074074074, 25.6074605726535, 22.948015873015873]","[37.5, 100.0, 100.0, 29.1, 33.800000000000004, 100.0, 40.400000000000006, 100.0, 31.1, 31.5]"
ga,2,5,1038.7046335843215,59.489999999999995,336.6,1.0691699202079736,4.8,11.468854517704518,21.274318181818185,9.805463664113665,False,1.1,hospital_corridor,28,12,"[11, 29, 47, 53, 61, 73, 89, 97, 101, 109]","[4.351530322014174, 1.8896113500696365, 2.0995892305479513, 0.5, 1.0]","{""time"": 0.0, ""collisions"": 0.05, ""congestion"": 1.0, ""fairness"": 1.0, ""incomplete_base"": 1000.0, ""incomplete_agent"": 10.0}","[50.31026045777428, 1062.1481666666666, 1054.439104895105, 21.894444444444446, 17.427475898334794, 1051.9976666666666, 31.459759937032665, 1048.5875555555556, 25.290775780510877, 23.49112554112554]","[36.2, 100.0, 100.0, 28.8, 32.6, 100.0, 36.300000000000004, 100.0, 30.200000000000003, 30.8]"
ga,2,6,65.76005682845489,35.82000000000001,1071.7,1.5408901617882176,5.3,12.9425,23.576666666666668,10.634166666666667,True,0.0,hospital_corridor,28,12,"[11, 29, 47, 53, 61, 73, 89, 97, 101, 109]","[2.0508758252157233, 2.364002613376945, 0.7307745151776536, 0.5, 1.0]","{""time"": 0.0, ""collisions"": 0.05, ""congestion"": 1.0, ""fairness"": 1.0, ""incomplete_base"": 1000.0, ""incomplete_agent"": 10.0}","[116.38860759493672, 44.716754309085594, 44.23214285714286, 74.07794486215538, 42.340476190476195, 61.59332552693209, 76.99903870639166, 87.12770562770564, 67.67278689543703, 42.45178571428572]","[31.6, 32.6, 39.0, 30.400000000000002, 33.800000000000004, 36.6, 37.4, 38.5, 38.300000000000004, 40.0]"
ga,2,7,87.62755586381718,36.339999999999996,1505.2,1.5989844352457343,5.2,12.96142857142857,23.73,10.768571428571429,True,0.0,hospital_corridor,28,12,"[11, 29, 47, 53, 61, 73, 89, 97, 101, 109]","[2.0508758252157233, 1.4937987557499834, 0.7307745151776536, 0.5, 1.0]","{""time"": 0.0, ""collisions"": 0.05, ""congestion"": 1.0, ""fairness"": 1.0, ""incomplete_base"": 1000.0, ""incomplete_agent"": 10.0}","[132.89808619650393, 70.58251879699249, 89.71930501930503, 102.96935407826498, 66.6478354978355, 83.26982401656315, 79.34669373549885, 126.3577097505669, 73.25591334894614, 51.228318197694726]","[31.6, 32.300000000000004, 37.0, 30.3, 33.0, 34.5, 43.1, 44.1, 36.6, 40.900000000000006]"
ga,2,8,1157.6402333103258,100.0,23.8,0.3278,3.2,14.033963515071102,26.156396825396826,12.122433310325725,False,14.4,hospital_corridor,28,12,"[11, 29, 47, 53, 61, 73, 89, 97, 101, 109]","[2.2709062233514636, 2.3504683980964893, 2.033846165539807, 0.5, 1.0]","{""time"": 0.0, ""collisions"": 0.05, ""congestion"": 1.0, ""fairness"": 1.0, ""incomplete_base"": 1000.0, ""incomplete_agent"": 10.0}","[1188.34675, 1154.10975, 1183.2821666666666, 1160.159, 1152.0461666666667, 1121.9927857142857, 1141.4022894736843, 1152.071181818182, 1143.6314444444445, 1179.3607983193278]","[100.0, 100.0, 100.0, 100.0, 100.0, 100.0, 100.0, 100.0, 100.0, 100.0]"
ga,2,9,1040.1592812040328,50.92,475.8,1.3282434454950052,5.7,11.058280423280424,20.099318181818184,9.041037758537758,False,0.6,hospital_corridor,28,12,"[11, 29, 47, 53, 61, 73, 89, 97, 101, 109]","[5.0, 2.358713471097146, 1.1332466276033681, 0.5, 1.0]","{""time"": 0.0, ""collisions"": 0.05, ""congestion"": 1.0, ""fairness"": 1.0, ""incomplete_base"": 1000.0, ""incomplete_agent"": 10.0}","[56.35804570150208, 1065.111, 1027.0088148148147, 39.53272921108743, 34.998232569478304, 23.718667679837893, 34.58840970350404, 34.217026206455735, 1050.9186103896104, 35.14127576403696]","[29.8, 100.0, 100.0, 26.8, 29.3, 28.200000000000003, 31.8, 29.8, 100.0, 33.5]"
ga,2,10,1035.0336000584475,67.32,246.4,0.9434307185281762,4.5,12.55361853886854,22.32378787878788,9.77016933991934,False,1.2,hospital_corridor,28,12,"[11, 29, 47, 53, 61, 73, 89, 97, 101, 109]","[3.865170687863378, 1.8804823607389625, 2.6359808550397745, 0.5, 1.0]","{""time"": 0.0, ""collisions"": 0.05, ""congestion"": 1.0, ""fairness"": 1.0, ""incomplete_base"": 1000.0, ""incomplete_agent"": 10.0}","[38.7433212267958, 1058.9498333333333, 1050.8542867132867, 18.88261904761905, 15.22069597069597, 1050.773, 29.606639194139195, 1038.9486296296295, 1026.8526103896104, 21.50436507936508]","[35.4, 100.0, 100.0, 30.0, 33.800000000000004, 100.0, 41.6, 100.0, 100.0, 32.4]"
ga,2,11,1047.3801421376827,87.34,244.1,0.6445201485608171,4.1,12.853771950271952,23.38439393939394,10.53062198912199,False,2.4,hospital_corridor,28,12,"[11, 29, 47, 53, 61, 73, 89, 97, 101, 109]","[3.5744777048271352, 1.8806993915798236, 2.1327026550024724, 0.5, 1.0]","{""time"": 0.0, ""collisions"": 0.05, ""congestion"": 1.0, ""fairness"": 1.0, ""incomplete_base"": 1000.0, ""incomplete_agent"": 10.0}","[41.06372529513198, 1076.9198787878788, 1047.3516573426573, 1053.9845, 1054.6995, 1054.3036666666667, 1047.466794871795, 1043.0497037037037, 1028.1725185185185, 26.789476190476194]","[35.9, 100.0, 100.0, 100.0, 100.0, 100.0, 100.0, 100.0, 100.0, 37.5]"
ga,2,12,1056.446223784126,88.65,322.1,0.6150382104405268,4.4,12.62805685055685,23.354242424242425,10.726185573685575,False,2.9,hospital_corridor,28,12,"[11, 29, 47, 53, 61, 73, 89, 97, 101, 109]","[3.190745620268806, 1.9203587895499366, 1.2700642078749844, 0.5, 1.0]","{""time"": 0.0, ""collisions"": 0.05, ""congestion"": 1.0, ""fairness"": 1.0, ""incomplete_base"": 1000.0, ""incomplete_agent"": 10.0}","[1065.8883846153847, 1118.8765555555556, 1036.8358148148147, 1056.5206666666666, 1072.6155454545456, 1037.0195925925925, 33.2348207008965, 43.299561403508775, 1053.3964242424242, 1046.7748717948718]","[100.0, 100.0, 100.0, 100.0, 100.0, 100.0, 40.900000000000006, 45.6, 100.0, 100.0]"
ga,2,13,1075.8856237620153,100.0,92.1,0.4175,4.1,13.49385856121713,24.356982323232323,10.863123762015196,False,6.0,hospital_corridor,28,12,"[11, 29, 47, 53, 61, 73, 89, 97, 101, 109]","[3.4000061331118223, 2.320512900709166, 2.1839855601347757, 0.5, 1.0]","{""time"": 0.0, ""collisions"": 0.05, ""congestion"": 1.0, ""fairness"": 1.0, ""incomplete_base"": 1000.0, ""incomplete_agent"": 10.0}","[1062.507, 1134.29864171123, 1082.5121111111112, 1069.3632924901185, 1071.3971666666666, 1047.8853333333334, 1069.591, 1089.6795, 1050.4726923076923, 1081.1495]","[100.0, 100.0, 100.0, 100.0, 100.0, 100.0, 100.0, 100.0, 100.0, 100.0]"
ga,2,14,72.39149473666714,29.060000000000002,1234.7,1.9085185461909422,6.2,11.080357142857142,19.828333333333333,8.74797619047619,True,0.0,hospital_corridor,28,12,"[11, 29, 47, 53, 61, 73, 89, 97, 101, 109]","[3.4249572327323685, 2.3491446881922524, 0.7357637720804939, 0.5, 1.0]","{""time"": 0.0, ""collisions"": 0.05, ""congestion"": 1.0, ""fairness"": 1.0, ""incomplete_base"": 1000.0, ""incomplete_agent"": 10.0}","[105.03334145945067, 95.4673469387755, 48.70190230731468, 95.94348093480936, 50.84017273576097, 51.258116883116884, 83.3065644125989, 80.34404761904761, 58.91959413658703, 54.10037993920974]","[29.3, 29.400000000000002, 29.1, 27.1, 30.6, 27.5, 31.900000000000002, 29.400000000000002, 28.1, 28.200000000000003]"
ga,2,15,1079.962806345175,100.0,114.1,0.4204,3.7,13.36259618007738,24.200002525252525,10.837406345175143,False,6.3,hospital_corridor,28,12,"[11, 29, 47, 53, 61, 73, 89, 97, 101, 109]","[3.460619183757604, 2.360037181001383, 2.140164467833503, 0.5, 1.0]","{""time"": 0.0, ""collisions"": 0.05, ""congestion"": 1.0, ""fairness"": 1.0, ""incomplete_base"": 1000.0, ""incomplete_agent"": 10.0}","[1066.9051666666667, 1134.4650588235295, 1082.1661666666666, 1068.9378102766798, 1089.087314009662, 1048.6736666666666, 1088.041611111111, 1084.7101153846154, 1053.361153846154, 1083.28]","[100.0, 100.0, 100.0, 100.0, 100.0, 100.0, 100.0, 100.0, 100.0, 100.0]"
ga,2,16,1038.4313033111005,67.49,301.3,0.9555149365121263,4.5,12.526787382987383,22.937575757575758,10.410788374588375,False,1.2,hospital_corridor,28,12,"[11, 29, 47, 53, 61, 73, 89, 97, 101, 109]","[3.6408316159462846, 1.6897886863511058, 2.765099039456916, 0.5, 1.0]","{""time"": 0.0, ""collisions"": 0.05, ""congestion"": 1.0, ""fairness"": 1.0, ""incomplete_base"": 1000.0, ""incomplete_agent"": 10.0}","[51.53360707919532, 1060.256, 1053.2222377622377, 17.581314699792962, 17.192892679459842, 1056.9416666666666, 30.370295467584626, 1044.6021481481482, 1029.1685454545454, 23.444325153374237]","[37.4, 100.0, 100.0, 29.900000000000002, 33.5, 100.0, 41.5, 100.0, 100.0, 32.6]"
ga,2,17,1040.420166729211,51.67,437.9,1.2344362097303598,4.7,10.947678571428572,20.238409090909094,9.290730519480517,False,0.8,hospital_corridor,28,12,"[11, 29, 47, 53, 61, 73, 89, 97, 101, 109]","[4.779388631055948, 1.722622993367929, 2.4638021888805954, 0.5, 1.0]","{""time"": 0.0, ""collisions"": 0.05, ""congestion"": 1.0, ""fairness"": 1.0, ""incomplete_base"": 1000.0, ""incomplete_agent"": 10.0}","[53.12777905374369, 1065.9941666666666, 1050.958090909091, 31.830194805194807, 19.535368172828235, 1049.1026666666667, 34.66644542772862, 39.6992147922999, 30.406505531505534, 28.881235266383783]","[31.1, 100.0, 100.0, 27.5, 31.3, 100.0, 33.9, 32.9, 29.700000000000003, 30.3]"
ga,2,18,1035.3418689297166,59.49000000000001,268.9,1.0786594392071935,4.4,11.732245054945055,21.550454545454546,9.818209490509492,False,1.1,hospital_corridor,28,12,"[11, 29, 47, 53, 61, 73, 89, 97, 101, 109]","[4.931772993308019, 2.3104165951651785, 2.437906296755198, 0.5, 1.0]","{""time"": 0.0, ""collisions"": 0.05, ""congestion"": 1.0, ""fairness"": 1.0, ""incomplete_base"": 1000.0, ""incomplete_agent"": 10.0}","[29.299020916777927, 1061.6863333333333, 1052.2440559440558, 24.860714285714288, 15.51634199134199, 1050.167, 28.962197034502424, 38.402803680218824, 1027.3571818181817, 24.923040293040295]","[32.1, 100.0, 100.0, 30.0, 28.6, 100.0, 33.4, 38.300000000000004, 100.0, 32.5]"
ga,2,19,71.37972517328615,28.65,1231.4,1.6900823161432748,5.5,10.140357142857145,18.26,8.119642857142859,True,0.0,hospital_corridor,28,12,"[11, 29, 47, 53, 61, 73, 89, 97, 101, 109]","[4.816074685257099, 0.6332594280828061, 2.5307534178967908, 0.5, 1.0]","{""time"": 0.0, ""collisions"": 0.05, ""congestion"": 1.0, ""fairness"": 1.0, ""incomplete_base"": 1000.0, ""incomplete_agent"": 10.0}","[98.1496292634701, 63.35660919540231, 51.51958762886598, 70.61212938005391, 64.83207434052758, 59.517755825734554, 68.99985268354834, 99.94258832565285, 62.55357142857143, 74.31345366103432]","[28.900000000000002, 29.0, 29.1, 26.5, 27.8, 28.200000000000003, 29.900000000000002, 31.0, 28.200000000000003, 27.900000000000002]"
ga,2,20,52.70123818363965,37.010000000000005,809.9,1.5068334217348884,5.3,13.081428571428571,23.780833333333334,10.699404761904761,True,0.0,hospital_corridor,28,12,"[11, 29, 47, 53, 61, 73, 89, 97, 101, 109]","[2.0508758252157233, 3.1067553570774127, 0.7307745151776537, 0.5, 1.0]","{""time"": 0.0, ""collisions"": 0.05, ""congestion"": 1.0, ""fairness"": 1.0, ""incomplete_base"": 1000.0, ""incomplete_agent"": 10.0}","[74.66612343966713, 39.458391405342624, 34.695001817520904, 60.45417226451709, 56.50221721926593, 51.774507389162565, 51.60582492678165, 73.09119769119769, 46.658778625954206, 38.106167056986735]","[30.900000000000002, 32.800000000000004, 39.300000000000004, 31.900000000000002, 34.9, 34.800000000000004, 43.900000000000006, 39.6, 39.300000000000004, 42.7]"
ga,2,21,65.76005682845489,35.82000000000001,1071.7,1.5408901617882176,5.3,12.9425,23.576666666666668,10.634166666666667,True,0.0,hospital_corridor,28,12,"[11, 29, 47, 53, 61, 73, 89, 97, 101, 109]","[2.0508758252157233, 2.364002613376945, 0.7307745151776536, 0.5, 1.0]","{""time"": 0.0, ""collisions"": 0.05, ""congestion"": 1.0, ""fairness"": 1.0, ""incomplete_base"": 1000.0, ""incomplete_agent"": 10.0}","[116.38860759493672, 44.716754309085594, 44.23214285714286, 74.07794486215538, 42.340476190476195, 61.59332552693209, 76.99903870639166, 87.12770562770564, 67.67278689543703, 42.45178571428572]","[31.6, 32.6, 39.0, 30.400000000000002, 33.800000000000004, 36.6, 37.4, 38.5, 38.300000000000004, 40.0]"
ga,2,22,1036.8698998479317,59.33,300.2,1.0885767044085697,4.7,11.5186010989011,21.289924242424245,9.771323143523144,False,1.1,hospital_corridor,28,12,"[11, 29, 47, 53, 61, 73, 89, 97, 101, 109]","[4.832994613183975, 2.1876175116722916, 2.200219358800603, 0.5, 1.0]","{""time"": 0.0, ""collisions"": 0.05, ""congestion"": 1.0, ""fairness"": 1.0, ""incomplete_base"": 1000.0, ""incomplete_agent"": 10.0}","[38.70521235521236, 1058.719, 1054.3856643356644, 22.91979949874687, 15.509147869674187, 1050.868, 30.18651911468813, 40.683415776282814, 1034.2385194805195, 22.483720048528966]","[33.300000000000004, 100.0, 100.0, 28.5, 28.5, 100.0, 35.5, 36.1, 100.0, 31.400000000000002]"
ga,2,23,1034.6461987410541,66.77,233.3,0.953885178690696,4.4,11.923671286121287,21.950984848484847,10.027313562363563,False,1.2,hospital_corridor,28,12,"[11, 29, 47, 53, 61, 73, 89, 97, 101, 109]","[4.605647882913899, 2.2224496911336105, 2.614996405422818, 0.5, 1.0]","{""time"": 0.0, ""collisions"": 0.05, ""congestion"": 1.0, ""fairness"": 1.0, ""incomplete_base"": 1000.0, ""incomplete_agent"": 10.0}","[36.34207097933513, 1058.8218333333334, 1050.3833566433566, 16.492335290280497, 18.17688102431305, 1051.6963333333333, 23.952289377289382, 1042.2666296296297, 1027.9572207792207, 20.373037020450816]","[37.1, 100.0, 100.0, 29.200000000000003, 33.1, 100.0, 36.4, 100.0, 100.0, 31.900000000000002]"
ga,3,0,52.70123818363965,37.010000000000005,809.9,1.5068334217348884,5.3,13.081428571428571,23.780833333333334,10.699404761904761,True,0.0,hospital_corridor,28,12,"[11, 29, 47, 53, 61, 73, 89, 97, 101, 109]","[2.0508758252157233, 3.1067553570774127, 0.7307745151776537, 0.5, 1.0]","{""time"": 0.0, ""collisions"": 0.05, ""congestion"": 1.0, ""fairness"": 1.0, ""incomplete_base"": 1000.0, ""incomplete_agent"": 10.0}","[74.66612343966713, 39.458391405342624, 34.695001817520904, 60.45417226451709, 56.50221721926593, 51.774507389162565, 51.60582492678165, 73.09119769119769, 46.658778625954206, 38.106167056986735]","[30.900000000000002, 32.800000000000004, 39.300000000000004, 31.900000000000002, 34.9, 34.800000000000004, 43.900000000000006, 39.6, 39.300000000000004, 42.7]"
ga,3,1,65.76005682845489,35.82000000000001,1071.7,1.5408901617882176,5.3,12.9425,23.576666666666668,10.634166666666667,True,0.0,hospital_corridor,28,12,"[11, 29, 47, 53, 61, 73, 89, 97, 101, 109]","[2.0508758252157233, 2.364002613376945, 0.7307745151776536, 0.5, 1.0]","{""time"": 0.0, ""collisions"": 0.05, ""congestion"": 1.0, ""fairness"": 1.0, ""incomplete_base"": 1000.0, ""incomplete_agent"": 10.0}","[116.38860759493672, 44.716754309085594, 44.23214285714286, 74.07794486215538, 42.340476190476195, 61.59332552693209, 76.99903870639166, 87.12770562770564, 67.67278689543703, 42.45178571428572]","[31.6, 32.6, 39.0, 30.400000000000002, 33.800000000000004, 36.6, 37.4, 38.5, 38.300000000000004, 40.0]"
ga,3,2,67.32643131112084,38.07000000000001,1090.4,1.5289313111208367,5.2,13.2375,24.515000000000004,11.2775,True,0.0,hospital_corridor,28,12,"[11, 29, 47, 53, 61, 73, 89, 97, 101, 109]","[2.0508758252157233, 2.667995571332028, 0.7307745151776537, 0.5, 1.0]","{""time"": 0.0, ""collisions"": 0.05, ""congestion"": 1.0, ""fairness"": 1.0, ""incomplete_base"": 1000.0, ""incomplete_agent"": 10.0}","[137.14938638163105, 41.6485255570118, 39.091057656995964, 99.55138095238095, 38.39147334147334, 51.51656100309947, 71.90928400137034, 72.66746534056661, 81.93968253968254, 39.399496336996336]","[42.1, 32.7, 38.900000000000006, 37.5, 35.1, 33.800000000000004, 41.7, 39.5, 37.800000000000004, 41.6]"
ga,3,3,1233.579964977528,49.53000000000001,4270.4,1.5941280366912844,6.1,13.878809523809526,24.344646464646466,10.46583694083694,False,0.8,hospital_corridor,28,12,"[11, 29, 47, 53, 61, 73, 89, 97, 101, 109]","[2.0508758252157233, 3.401545761876068, 0.5, 0.5, 1.0]","{""time"": 0.0, ""collisions"": 0.05, ""congestion"": 1.0, ""fairness"": 1.0, ""incomplete_base"": 1000.0, ""incomplete_agent"": 10.0}","[1245.9941948051949, 187.31613361762618, 164.59612936083525, 220.08632051765298, 197.7904872475306, 120.68137362637364, 195.0218177655678, 1688.7992222222224, 175.26679620034542, 140.24717441193346]","[100.0, 33.5, 37.4, 37.9, 32.300000000000004, 32.5, 41.6, 100.0, 38.6, 41.5]"
ga,3,4,1071.8395949809637,43.31,1165.5,1.3801036389723769,5.3,12.697857142857142,23.882348484848485,11.184491341991343,False,0.1,hospital_corridor,28,12,"[11, 29, 47, 53, 61, 73, 89, 97, 101, 109]","[2.0508758252157233, 2.015375380302847, 0.7307745151776537, 0.5, 1.0]","{""time"": 0.0, ""collisions"": 0.05, ""congestion"": 1.0, ""fairness"": 1.0, ""incomplete_base"": 1000.0, ""incomplete_agent"": 10.0}","[101.86029185867895, 54.26092179991262, 49.87391304347826, 146.2367193108399, 46.936027568922306, 67.57659217061058, 66.83329228243022, 77.3951476793249, 1061.8336753246754, 45.58936877076412]","[31.0, 32.7, 36.800000000000004, 39.800000000000004, 34.2, 32.6, 43.5, 39.5, 100.0, 43.0]"
ga,3,5,120.5318285253794,41.26,2176.2,1.5145666206174906,5.2,14.646071428571428,24.85333333333333,10.207261904761907,True,0.0,hospital_corridor,28,12,"[11, 29, 47, 53, 61, 73, 89, 97, 101, 109]","[2.0508758252157233, 1.8424259888240813, 0.7307745151776537, 0.5, 1.0]","{""time"": 0.0, ""collisions"": 0.05, ""congestion"": 1.0, ""fairness"": 1.0, ""incomplete_base"": 1000.0, ""incomplete_agent"": 10.0}","[613.6135576544668, 57.830716430716436, 53.25921017132065, 73.26233240869163, 52.19907084785134, 66.71487256874582, 78.94891774891775, 84.33691749427044, 82.4137630662021, 42.73892686261108]","[84.7, 33.300000000000004, 35.300000000000004, 30.900000000000002, 32.800000000000004, 35.5, 44.0, 37.4, 36.9, 41.800000000000004]"
ga,3,6,65.76005682845489,35.82000000000001,1071.7,1.5408901617882176,5.3,12.9425,23.576666666666668,10.634166666666667,True,0.0,hospital_corridor,28,12,"[11, 29, 47, 53, 61, 73, 89, 97, 101, 109]","[2.0508758252157233, 2.364002613376945, 0.7307745151776536, 0.5, 1.0]","{""time"": 0.0, ""collisions"": 0.05, ""congestion"": 1.0, ""fairness"": 1.0, ""incomplete_base"": 1000.0, ""incomplete_agent"": 10.0}","[116.38860759493672, 44.716754309085594, 44.23214285714286, 74.07794486215538, 42.340476190476195, 61.59332552693209, 76.99903870639166, 87.12770562770564, 67.67278689543703, 42.45178571428572]","[31.6, 32.6, 39.0, 30.400000000000002, 33.800000000000004, 36.6, 37.4, 38.5, 38.300000000000004, 40.0]"
ga,3,7,72.39149473666714,29.060000000000002,1234.7,1.9085185461909422,6.2,11.080357142857142,19.828333333333333,8.74797619047619,True,0.0,hospital_corridor,28,12,"[11, 29, 47, 53, 61, 73, 89, 97, 101, 109]","[3.4249572327323685, 2.3491446881922524, 0.7357637720804939, 0.5, 1.0]","{""time"": 0.0, ""collisions"": 0.05, ""congestion"": 1.0, ""fairness"": 1.0, ""incomplete_base"": 1000.0, ""incomplete_agent"": 10.0}","[105.03334145945067, 95.4673469387755, 48.70190230731468, 95.94348093480936, 50.84017273576097, 51.258116883116884, 83.3065644125989, 80.34404761904761, 58.91959413658703, 54.10037993920974]","[29.3, 29.400000000000002, 29.1, 27.1, 30.6, 27.5, 31.900000000000002, 29.400000000000002, 28.1, 28.200000000000003]"
ga,3,8,60.75553465915527,34.830000000000005,979.0,1.5386298972505084,5.0,12.471428571428572,22.738333333333337,10.266904761904764,True,0.0,hospital_corridor,28,12,"[11, 29, 47, 53, 61, 73, 89, 97, 101, 109]","[2.222722051382661, 2.351680753871918, 0.7344850006348693, 0.5, 1.0]","{""time"": 0.0, ""collisions"": 0.05, ""congestion"": 1.0, ""fairness"": 1.0, ""incomplete_base"": 1000.0, ""incomplete_agent"": 10.0}","[94.59761904761905, 44.1884290164664, 37.70738095238095, 70.21341621973022, 45.4489837398374, 63.50512129380054, 67.08616329906653, 78.2180691454664, 65.74870729455218, 40.84145658263306]","[33.6, 32.1, 35.0, 29.3, 32.800000000000004, 31.8, 40.300000000000004, 36.5, 36.1, 40.800000000000004]"
ga,3,9,71.98605010910386,29.119999999999997,1228.1,1.8637882043419527,5.5,11.14607142857143,19.863333333333337,8.717261904761907,True,0.0,hospital_corridor,28,12,"[11, 29, 47, 53, 61, 73, 89, 97, 101, 109]","[3.253111006565431, 2.3614665476972796, 0.7320532866232782, 0.5, 1.0]","{""time"": 0.0, ""collisions"": 0.05, ""congestion"": 1.0, ""fairness"": 1.0, ""incomplete_base"": 1000.0, ""incomplete_agent"": 10.0}","[124.80064935064935, 62.11764850270005, 62.955555555555556, 105.58439546822447, 54.089724310776944, 52.121077423775276, 75.2875055285272, 78.13661713007352, 62.1334981051244, 42.63382971563184]","[30.8, 29.1, 28.8, 26.900000000000002, 28.5, 27.8, 32.300000000000004, 29.8, 28.900000000000002, 28.3]"
ga,3,10,1139.2837831397128,41.82,2533.3,1.7100132984429712,5.9,14.317063492063491,24.225833333333334,9.908769841269843,False,0.1,hospital_corridor,28,12,"[11, 29, 47, 53, 61, 73, 89, 97, 101, 109]","[2.0508758252157233, 0.7857057969868823, 0.7307745151776536, 0.5, 1.0]","{""time"": 0.0, ""collisions"": 0.05, ""congestion"": 1.0, ""fairness"": 1.0, ""incomplete_base"": 1000.0, ""incomplete_agent"": 10.0}","[172.6021756978654, 132.56570717839375, 81.51140032284101, 134.2157509157509, 131.9427151594583, 110.99070141570142, 137.67047937214974, 1235.8832222222222, 125.8362396914073, 129.61943942133817]","[31.900000000000002, 33.5, 35.4, 31.200000000000003, 32.7, 33.300000000000004, 44.900000000000006, 100.0, 35.800000000000004, 39.5]"
ga,3,11,1072.6839393837022,44.02,1192.1,1.4103030200657263,5.4,12.98,23.648636363636363,10.668636363636367,False,0.1,hospital_corridor,28,12,"[11, 29, 47, 53, 61, 73, 89, 97, 101, 109]","[2.0508758252157233, 2.115857974505452, 0.7307745151776536, 0.5, 1.0]","{""time"": 0.0, ""collisions"": 0.05, ""congestion"": 1.0, ""fairness"": 1.0, ""incomplete_base"": 1000.0, ""incomplete_agent"": 10.0}","[186.73544546851, 47.76034180543383, 45.52254305977711, 73.7077207582062, 46.69208964388048, 67.14918876137713, 72.1412826420891, 68.84581577939488, 1074.6127922077922, 43.672173710560024]","[43.400000000000006, 32.6, 37.6, 30.900000000000002, 34.9, 36.1, 46.5, 37.300000000000004, 100.0, 40.900000000000006]"
ga,3,12,77.12719184366351,33.33,1308.5,1.7244537484254168,5.5,12.216428571428574,22.194166666666668,9.977738095238097,True,0.0,hospital_corridor,28,12,"[11, 29, 47, 53, 61, 73, 89, 97, 101, 109]","[2.5251990334998906, 2.364002613376945, 0.7307745151776536, 0.5, 1.0]","{""time"": 0.0, ""collisions"": 0.05, ""congestion"": 1.0, ""fairness"": 1.0, ""incomplete_base"": 1000.0, ""incomplete_agent"": 10.0}","[216.49375, 58.13709677419355, 46.41767427974325, 108.75206830206831, 55.31893644617381, 51.84051654560129, 70.89569873175401, 65.95631868131869, 54.79753563845921, 42.66232303732304]","[44.800000000000004, 31.0, 31.900000000000002, 29.700000000000003, 25.700000000000003, 29.5, 39.800000000000004, 32.5, 31.400000000000002, 37.0]"
ga,3,13,65.76005682845489,35.82000000000001,1071.7,1.5408901617882176,5.3,12.9425,23.576666666666668,10.634166666666667,True,0.0,hospital_corridor,28,12,"[11, 29, 47, 53, 61, 73, 89, 97, 101, 109]","[2.0508758252157233, 2.364002613376945, 0.7307745151776536, 0.5, 1.0]","{""time"": 0.0, ""collisions"": 0.05, ""congestion"": 1.0, ""fairness"": 1.0, ""incomplete_base"": 1000.0, ""incomplete_agent"": 10.0}","[116.38860759493672, 44.716754309085594, 44.23214285714286, 74.07794486215538, 42.340476190476195, 61.59332552693209, 76.99903870639166, 87.12770562770564, 67.67278689543703, 42.45178571428572]","[31.6, 32.6, 39.0, 30.400000000000002, 33.800000000000004, 36.6, 37.4, 38.5, 38.300000000000004, 40.0]"
ga,3,14,1026.505365100714,45.85,173.9,1.395773951122798,5.0,12.12040885040885,21.534999999999997,9.41459114959115,False,0.7,hospital_corridor,28,12,"[11, 29, 47, 53, 61, 73, 89, 97, 101, 109]","[3.271979270650954, 2.4482188604748303, 1.0104854335111557, 0.5, 1.0]","{""time"": 0.0, ""collisions"": 0.05, ""congestion"": 1.0, ""fairness"": 1.0, ""incomplete_base"": 1000.0, ""incomplete_agent"": 10.0}","[39.68333333333334, 1072.253303030303, 12.158919001684277, 15.247716894977172, 8.954799818016378, 1030.005037037037, 22.660042818217207, 25.33711878009631, 22.49685319987868, 16.25652709359606]","[31.200000000000003, 100.0, 31.1, 29.200000000000003, 31.400000000000002, 100.0, 36.7, 35.6, 31.400000000000002, 31.900000000000002]"
ga,3,15,1113.6198205063054,100.0,41.0,0.37520000000000003,3.7,13.266823216638434,24.46144372294372,11.194620506305288,False,10.0,hospital_corridor,28,12,"[11, 29, 47, 53, 61, 73, 89, 97, 101, 109]","[3.335218169939029, 2.6809290196430826, 2.3352854870893163, 0.5, 1.0]","{""time"": 0.0, ""collisions"": 0.05, ""congestion"": 1.0, ""fairness"": 1.0, ""incomplete_base"": 1000.0, ""incomplete_agent"": 10.0}","[1092.3945800865802, 1154.7325, 1119.4365, 1106.517, 1107.680409090909, 1103.5867272727273, 1086.0625652173912, 1124.418850931677, 1081.7807391304348, 1159.5883333333334]","[100.0, 100.0, 100.0, 100.0, 100.0, 100.0, 100.0, 100.0, 100.0, 100.0]"
ga,3,16,68.87566633985146,28.8,1181.9,1.6825711017562195,5.1,10.50107142857143,18.59916666666667,8.098095238095238,True,0.0,hospital_corridor,28,12,"[11, 29, 47, 53, 61, 73, 89, 97, 101, 109]","[4.354326901273315, 0.658262700075186, 2.083552730093381, 0.5, 1.0]","{""time"": 0.0, ""collisions"": 0.05, ""congestion"": 1.0, ""fairness"": 1.0, ""incomplete_base"": 1000.0, ""incomplete_agent"": 10.0}","[87.78544428080511, 59.46518883415435, 57.50488297013721, 68.77906266595858, 64.6439470154259, 58.947407219115405, 72.01773399014779, 96.41827418865635, 59.49892689470155, 63.69579533941237]","[29.1, 29.0, 29.5, 26.900000000000002, 28.400000000000002, 28.1, 29.0, 31.400000000000002, 28.400000000000002, 28.200000000000003]"
ga,3,17,1068.2423783479055,96.17999999999999,50.0,0.4988970873786408,3.9,16.586357123311476,28.829838383838382,12.243481260526913,False,5.3,hospital_corridor,28,12,"[11, 29, 47, 53, 61, 73, 89, 97, 101, 109]","[2.2761925272558403, 2.3389993413845653, 1.1779752029810635, 0.5, 1.0]","{""time"": 0.0, ""collisions"": 0.05, ""congestion"": 1.0, ""fairness"": 1.0, ""incomplete_base"": 1000.0, ""incomplete_agent"": 10.0}","[1060.221, 1152.4605, 1063.586, 1068.9966060606062, 1062.6003913043478, 1054.860090909091, 1047.7613333333334, 22.023589921405456, 1043.6247972027973, 1106.2894747474747]","[100.0, 100.0, 100.0, 100.0, 100.0, 100.0, 100.0, 61.800000000000004, 100.0, 100.0]"
ga,3,18,1185.8197664852175,43.050000000000004,3449.2,1.7179807709317618,5.7,13.935714285714287,24.5775,10.641785714285714,False,0.1,hospital_corridor,28,12,"[11, 29, 47, 53, 61, 73, 89, 97, 101, 109]","[2.0508758252157233, 1.9098584238687488, 0.5907331837636784, 0.5, 1.0]","{""time"": 0.0, ""collisions"": 0.05, ""congestion"": 1.0, ""fairness"": 1.0, ""incomplete_base"": 1000.0, ""incomplete_agent"": 10.0}","[1224.3814285714286, 188.19973347547977, 153.90125413801886, 218.21148071365752, 201.50001842842403, 128.52401168014376, 202.24040750915754, 215.0105617455896, 174.98287071305208, 151.24589787722317]","[100.0, 33.5, 37.4, 37.9, 32.300000000000004, 31.8, 41.6, 35.9, 38.6, 41.5]"
ga,3,19,72.33696570473946,38.410000000000004,1186.8,1.5618466571204004,5.2,13.178214285714287,24.613333333333337,11.435119047619049,True,0.0,hospital_corridor,28,12,"[11, 29, 47, 53, 61, 73, 89, 97, 101, 109]","[2.0508758252157233, 2.520912674193544, 0.7307745151776536, 0.5, 1.0]","{""time"": 0.0, ""collisions"": 0.05, ""congestion"": 1.0, ""fairness"": 1.0, ""incomplete_base"": 1000.0, ""incomplete_agent"": 10.0}","[226.6367453878103, 48.11502002670227, 41.704995273543666, 75.00561719833564, 41.9298945307566, 60.30872206025268, 57.98469863469864, 64.9438455222938, 67.48184286977391, 39.258275543227]","[49.300000000000004, 32.1, 40.300000000000004, 30.900000000000002, 37.7, 34.300000000000004, 42.900000000000006, 37.7, 37.7, 41.2]"
ga,3,20,27.249661252865394,37.64,295.7,1.4815660147701546,5.5,13.00107142857143,23.98416666666667,10.98309523809524,True,0.0,hospital_corridor,28,12,"[11, 29, 47, 53, 61, 73, 89, 97, 101, 109]","[2.0508758252157233, 2.364002613376945, 0.7887284024801211, 0.5, 1.0]","{""time"": 0.0, ""collisions"": 0.05, ""congestion"": 1.0, ""fairness"": 1.0, ""incomplete_base"": 1000.0, ""incomplete_agent"": 10.0}","[43.90524691358025, 20.412213403880067, 19.81078963230862, 25.77445054945055, 17.557975222609368, 26.285733643050715, 30.67119815668203, 28.997563676633444, 35.90023684866617, 23.18120448179272]","[32.4, 32.4, 39.5, 31.200000000000003, 36.9, 36.9, 43.400000000000006, 43.0, 38.2, 42.5]"
ga,3,21,65.76005682845489,35.82000000000001,1071.7,1.5408901617882176,5.3,12.9425,23.576666666666668,10.634166666666667,True,0.0,hospital_corridor,28,12,"[11, 29, 47, 53, 61, 73, 89, 97, 101, 109]","[2.0508758252157233, 2.364002613376945, 0.7307745151776536, 0.5, 1.0]","{""time"": 0.0, ""collisions"": 0.05, ""congestion"": 1.0, ""fairness"": 1.0, ""incomplete_base"": 1000.0, ""incomplete_agent"": 10.0}","[116.38860759493672, 44.716754309085594, 44.23214285714286, 74.07794486215538, 42.340476190476195, 61.59332552693209, 76.99903870639166, 87.12770562770564, 67.67278689543703, 42.45178571428572]","[31.6, 32.6, 39.0, 30.400000000000002, 33.800000000000004, 36.6, 37.4, 38.5, 38.300000000000004, 40.0]"
ga,3,22,1120.8985543524102,100.0,63.7,0.38880000000000003,3.6,14.128937206031432,25.45369155844156,11.324754352410128,False,10.6,hospital_corridor,28,12,"[11, 29, 47, 53, 61, 73, 89, 97, 101, 109]","[2.8243092706578548, 2.3291561062674644, 1.9092912568321831, 0.5, 1.0]","{""time"": 0.0, ""collisions"": 0.05, ""congestion"": 1.0, ""fairness"": 1.0, ""incomplete_base"": 1000.0, ""incomplete_agent"": 10.0}","[1122.7576937799042, 1132.4421111111112, 1139.5796842105262, 1106.301, 1110.6028253968254, 1104.7056464646464, 1118.4166818181818, 1119.9985590062113, 1072.3673333333334, 1181.8140084033614]","[100.0, 100.0, 100.0, 100.0, 100.0, 100.0, 100.0, 100.0, 100.0, 100.0]"
ga,3,23,1058.6763322362822,100.0,204.3,0.4633,4.4,12.140609177859178,22.138641414141414,9.998032236282237,False,3.8,hospital_corridor,28,12,"[11, 29, 47, 53, 61, 73, 89, 97, 101, 109]","[3.856788740112809, 2.5436060875191657, 1.2569789511870242, 0.5, 1.0]","{""time"": 0.0, ""collisions"": 0.05, ""congestion"": 1.0, ""fairness"": 1.0, ""incomplete_base"": 1000.0, ""incomplete_agent"": 10.0}","[1063.4181794871795, 1094.4536666666668, 1060.456, 1066.5748333333333, 1093.4332554112555, 1027.021037037037, 1040.5366296296297, 1057.459185185185, 1040.0904074074074, 1043.3201282051282]","[100.0, 100.0, 100.0, 100.0, 100.0, 100.0, 100.0, 100.0, 100.0, 100.0]"
ga,4,0,27.249661252865394,37.64,295.7,1.4815660147701546,5.5,13.00107142857143,23.98416666666667,10.98309523809524,True,0.0,hospital_corridor,28,12,"[11, 29, 47, 53, 61, 73, 89, 97, 101, 109]","[2.0508758252157233, 2.364002613376945, 0.7887284024801211, 0.5, 1.0]","{""time"": 0.0, ""collisions"": 0.05, ""congestion"": 1.0, ""fairness"": 1.0, ""incomplete_base"": 1000.0, ""incomplete_agent"": 10.0}","[43.90524691358025, 20.412213403880067, 19.81078963230862, 25.77445054945055, 17.557975222609368, 26.285733643050715, 30.67119815668203, 28.997563676633444, 35.90023684866617, 23.18120448179272]","[32.4, 32.4, 39.5, 31.200000000000003, 36.9, 36.9, 43.400000000000006, 43.0, 38.2, 42.5]"
ga,4,1,52.70123818363965,37.010000000000005,809.9,1.5068334217348884,5.3,13.081428571428571,23.780833333333334,10.699404761904761,True,0.0,hospital_corridor,28,12,"[11, 29, 47, 53, 61, 73, 89, 97, 101, 109]","[2.0508758252157233, 3.1067553570774127, 0.7307745151776537, 0.5, 1.0]","{""time"": 0.0, ""collisions"": 0.05, ""congestion"": 1.0, ""fairness"": 1.0, ""incomplete_base"": 1000.0, ""incomplete_agent"": 10.0}","[74.66612343966713, 39.458391405342624, 34.695001817520904, 60.45417226451709, 56.50221721926593, 51.774507389162565, 51.60582492678165, 73.09119769119769, 46.658778625954206, 38.106167056986735]","[30.900000000000002, 32.800000000000004, 39.300000000000004, 31.900000000000002, 34.9, 34.800000000000004, 43.900000000000006, 39.6, 39.300000000000004, 42.7]"
ga,4,2,65.76005682845489,35.82000000000001,1071.7,1.5408901617882176,5.3,12.9425,23.576666666666668,10.634166666666667,True,0.0,hospital_corridor,28,12,"[11, 29, 47, 53, 61, 73, 89, 97, 101, 109]","[2.0508758252157233, 2.364002613376945, 0.7307745151776536, 0.5, 1.0]","{""time"": 0.0, ""collisions"": 0.05, ""congestion"": 1.0, ""fairness"": 1.0, ""incomplete_base"": 1000.0, ""incomplete_agent"": 10.0}","[116.38860759493672, 44.716754309085594, 44.23214285714286, 74.07794486215538, 42.340476190476195, 61.59332552693209, 76.99903870639166, 87.12770562770564, 67.67278689543703, 42.45178571428572]","[31.6, 32.6, 39.0, 30.400000000000002, 33.800000000000004, 36.6, 37.4, 38.5, 38.300000000000004, 40.0]"
ga,4,3,65.76005682845489,35.82000000000001,1071.7,1.5408901617882176,5.3,12.9425,23.576666666666668,10.634166666666667,True,0.0,hospital_corridor,28,12,"[11, 29, 47, 53, 61, 73, 89, 97, 101, 109]","[2.0508758252157233, 2.364002613376945, 0.7307745151776536, 0.5, 1.0]","{""time"": 0.0, ""collisions"": 0.05, ""congestion"": 1.0, ""fairness"": 1.0, ""incomplete_base"": 1000.0, ""incomplete_agent"": 10.0}","[116.38860759493672, 44.716754309085594, 44.23214285714286, 74.07794486215538, 42.340476190476195, 61.59332552693209, 76.99903870639166, 87.12770562770564, 67.67278689543703, 42.45178571428572]","[31.6, 32.6, 39.0, 30.400000000000002, 33.800000000000004, 36.6, 37.4, 38.5, 38.300000000000004, 40.0]"
ga,4,4,42.65844436012067,33.95,619.7,1.6368967410730477,5.2,12.201785714285714,22.238333333333337,10.03654761904762,True,0.0,hospital_corridor,28,12,"[11, 29, 47, 53, 61, 73, 89, 97, 101, 109]","[2.4374308791357784, 2.3500946775947136, 0.7624873497089296, 0.5, 1.0]","{""time"": 0.0, ""collisions"": 0.05, ""congestion"": 1.0, ""fairness"": 1.0, ""incomplete_base"": 1000.0, ""incomplete_agent"": 10.0}","[92.01209322779245, 30.544393241167434, 29.947222222222223, 54.99361471861472, 27.64874777000137, 41.01688656354261, 41.78247619047619, 46.97128237259816, 35.12235692442114, 26.54537037037037]","[37.9, 31.0, 31.5, 30.8, 34.7, 31.400000000000002, 37.5, 34.2, 32.7, 37.800000000000004]"
ga,4,5,1065.7326718038994,97.63,64.9,0.507589121887287,4.1,16.377220348291,30.35730303030303,13.98008268201203,False,4.8,hospital_corridor,28,12,"[11, 29, 47, 53, 61, 73, 89, 97, 101, 109]","[2.363960681619952, 2.3529072771667967, 1.1712832076318584, 0.5, 1.0]","{""time"": 0.0, ""collisions"": 0.05, ""congestion"": 1.0, ""fairness"": 1.0, ""incomplete_base"": 1000.0, ""incomplete_agent"": 10.0}","[1061.2173333333333, 1152.56475, 1033.4448417508418, 1069.795, 1061.903275362319, 1068.3280909090909, 1050.2836666666667, 26.917081695063345, 1043.843132867133, 1089.0295454545455]","[100.0, 100.0, 100.0, 100.0, 100.0, 100.0, 100.0, 76.3, 100.0, 100.0]"
ga,4,6,1070.5747686262725,38.230000000000004,1173.7,1.6757426522464791,5.5,12.016428571428573,21.230454545454545,9.214025974025976,False,0.1,hospital_corridor,28,12,"[11, 29, 47, 53, 61, 73, 89, 97, 101, 109]","[2.6572589287263604, 2.362348622328037, 0.7356524213328896, 0.5, 1.0]","{""time"": 0.0, ""collisions"": 0.05, ""congestion"": 1.0, ""fairness"": 1.0, ""incomplete_base"": 1000.0, ""incomplete_agent"": 10.0}","[93.71402798232695, 52.76204137392662, 72.85849475383374, 104.81050228310502, 55.66597402597402, 50.413135593220346, 60.221428571428575, 94.05076102058862, 1058.9154025974026, 62.33591806091806]","[29.1, 30.5, 29.5, 29.200000000000003, 27.5, 29.5, 36.0, 37.7, 100.0, 33.300000000000004]"
ga,4,7,74.456636934535,29.979999999999997,1264.1,1.8721131250111978,5.7,11.212142857142858,20.59166666666667,9.37952380952381,True,0.0,hospital_corridor,28,12,"[11, 29, 47, 53, 61, 73, 89, 97, 101, 109]","[3.10154041192592, 2.35079867924116, 0.730885865925258, 0.5, 1.0]","{""time"": 0.0, ""collisions"": 0.05, ""congestion"": 1.0, ""fairness"": 1.0, ""incomplete_base"": 1000.0, ""incomplete_agent"": 10.0}","[100.76229075247846, 58.71368232224397, 63.60138888888889, 134.08380878667256, 55.059511536573396, 52.204019457245266, 81.7585998578536, 81.5577497665733, 70.00254651529487, 46.82277146152579]","[29.3, 29.200000000000003, 28.8, 32.300000000000004, 29.1, 27.900000000000002, 33.5, 30.6, 30.200000000000003, 28.900000000000002]"
ga,4,8,74.45838564279157,29.53,1265.0,1.8706475475534687,5.7,11.053928571428571,20.39166666666667,9.337738095238096,True,0.0,hospital_corridor,28,12,"[11, 29, 47, 53, 61, 73, 89, 97, 101, 109]","[3.6383709901682404, 2.3907986618385535, 0.7430793377665369, 0.5, 1.0]","{""time"": 0.0, ""collisions"": 0.05, ""congestion"": 1.0, ""fairness"": 1.0, ""incomplete_base"": 1000.0, ""incomplete_agent"": 10.0}","[129.5229571710341, 121.73712938005391, 42.62775689223058, 74.71367041198502, 67.00647216633133, 45.371324296141815, 63.21645021645023, 96.42723688201397, 52.6865682315329, 51.27429078014185]","[33.800000000000004, 31.8, 28.5, 26.700000000000003, 28.400000000000002, 27.400000000000002, 30.8, 31.400000000000002, 28.3, 28.200000000000003]"
ga,4,9,1063.9310829667916,100.0,196.0,0.4556000000000001,4.4,12.292264507955812,21.967747474747476,9.67548296679166,False,4.4,hospital_corridor,28,12,"[11, 29, 47, 53, 61, 73, 89, 97, 101, 109]","[3.6433749826769373, 2.501952113872865, 1.2496633855009813, 0.5, 1.0]","{""time"": 0.0, ""collisions"": 0.05, ""congestion"": 1.0, ""fairness"": 1.0, ""incomplete_base"": 1000.0, ""incomplete_agent"": 10.0}","[1071.2059743589743, 1114.5894444444446, 1062.573, 1072.4179446640317, 1070.799393939394, 1029.3934814814816, 1042.4290437710438, 1038.966, 1056.7307692307693, 1080.2057777777777]","[100.0, 100.0, 100.0, 100.0, 100.0, 100.0, 100.0, 100.0, 100.0, 100.0]"
ga,4,10,71.81874531299681,27.95,1230.7,1.8087453129968138,5.7,10.127500000000001,18.6025,8.475,True,0.0,hospital_corridor,28,12,"[11, 29, 47, 53, 61, 73, 89, 97, 101, 109]","[4.3084609605466415, 0.8299819586601972, 0.8515633913827204, 0.5, 1.0]","{""time"": 0.0, ""collisions"": 0.05, ""congestion"": 1.0, ""fairness"": 1.0, ""incomplete_base"": 1000.0, ""incomplete_agent"": 10.0}","[107.45827864714792, 62.41041973490427, 52.70357142857143, 66.42715773809523, 52.825422427035335, 57.09132841328413, 74.22993025493025, 84.28848662752772, 104.26057422969188, 56.49228362877999]","[28.3, 29.1, 28.0, 25.6, 27.900000000000002, 27.1, 29.700000000000003, 29.200000000000003, 27.200000000000003, 27.400000000000002]"
ga,4,11,1148.2274347502873,100.0,43.2,0.33130000000000004,3.2,13.202730329077752,23.93886507936508,10.736134750287329,False,13.5,hospital_corridor,28,12,"[11, 29, 47, 53, 61, 73, 89, 97, 101, 109]","[2.571064974226564, 2.249598564983193, 1.962763853888314, 0.5, 1.0]","{""time"": 0.0, ""collisions"": 0.05, ""congestion"": 1.0, ""fairness"": 1.0, ""incomplete_base"": 1000.0, ""incomplete_agent"": 10.0}","[1134.8724385964913, 1154.253, 1183.2903333333334, 1169.9724444444444, 1129.854, 1105.7411616161617, 1159.816, 1120.27799378882, 1110.8136031746033, 1213.3833725490197]","[100.0, 100.0, 100.0, 100.0, 100.0, 100.0, 100.0, 100.0, 100.0, 100.0]"
ga,4,12,65.76005682845489,35.82000000000001,1071.7,1.5408901617882176,5.3,12.9425,23.576666666666668,10.634166666666667,True,0.0,hospital_corridor,28,12,"[11, 29, 47, 53, 61, 73, 89, 97, 101, 109]","[2.0508758252157233, 2.364002613376945, 0.7307745151776536, 0.5, 1.0]","{""time"": 0.0, ""collisions"": 0.05, ""congestion"": 1.0, ""fairness"": 1.0, ""incomplete_base"": 1000.0, ""incomplete_agent"": 10.0}","[116.38860759493672, 44.716754309085594, 44.23214285714286, 74.07794486215538, 42.340476190476195, 61.59332552693209, 76.99903870639166, 87.12770562770564, 67.67278689543703, 42.45178571428572]","[31.6, 32.6, 39.0, 30.400000000000002, 33.800000000000004, 36.6, 37.4, 38.5, 38.300000000000004, 40.0]"
ga,4,13,65.76005682845489,35.82000000000001,1071.7,1.5408901617882176,5.3,12.9425,23.576666666666668,10.634166666666667,True,0.0,hospital_corridor,28,12,"[11, 29, 47, 53, 61, 73, 89, 97, 101, 109]","[2.0508758252157233, 2.364002613376945, 0.7307745151776536, 0.5, 1.0]","{""time"": 0.0, ""collisions"": 0.05, ""congestion"": 1.0, ""fairness"": 1.0, ""incomplete_base"": 1000.0, ""incomplete_agent"": 10.0}","[116.38860759493672, 44.716754309085594, 44.23214285714286, 74.07794486215538, 42.340476190476195, 61.59332552693209, 76.99903870639166, 87.12770562770564, 67.67278689543703, 42.45178571428572]","[31.6, 32.6, 39.0, 30.400000000000002, 33.800000000000004, 36.6, 37.4, 38.5, 38.300000000000004, 40.0]"
ga,4,14,19.55480352249074,36.93,156.7,1.6389701891574049,4.8,14.025,24.105833333333333,10.080833333333334,True,0.0,hospital_corridor,28,12,"[11, 29, 47, 53, 61, 73, 89, 97, 101, 109]","[2.6008887142213304, 2.470849845288197, 0.959905006401078, 0.5, 1.0]","{""time"": 0.0, ""collisions"": 0.05, ""congestion"": 1.0, ""fairness"": 1.0, ""incomplete_base"": 1000.0, ""incomplete_agent"": 10.0}","[32.10485217783796, 21.831620830150243, 20.345588235294116, 22.413908246225322, 11.133265213442327, 15.879194309302669, 17.162647754137115, 17.79206349206349, 22.01390887290168, 14.870986093552466]","[42.2, 37.4, 34.0, 32.800000000000004, 36.7, 32.300000000000004, 42.300000000000004, 36.0, 41.7, 33.9]"
ga,4,15,31.955287415214535,32.13,404.2,1.8067159866431062,5.8,12.091428571428573,22.03,9.93857142857143,True,0.0,hospital_corridor,28,12,"[11, 29, 47, 53, 61, 73, 89, 97, 101, 109]","[2.721966381645347, 2.9261290265701176, 0.7813549422877313, 0.5, 1.0]","{""time"": 0.0, ""collisions"": 0.05, ""congestion"": 1.0, ""fairness"": 1.0, ""incomplete_base"": 1000.0, ""incomplete_agent"": 10.0}","[71.77885154061624, 25.637726849697536, 19.858918617614272, 36.65487264673311, 18.56735588972431, 33.78220258002867, 34.882179132040626, 27.882721910516473, 28.888904299583913, 21.6191406855902]","[35.7, 30.700000000000003, 29.900000000000002, 30.1, 34.2, 29.900000000000002, 36.1, 33.1, 30.900000000000002, 30.700000000000003]"
ga,4,16,61.64392371127662,36.410000000000004,984.3,1.6073760922289941,5.3,12.756785714285716,23.578333333333337,10.821547619047621,True,0.0,hospital_corridor,28,12,"[11, 29, 47, 53, 61, 73, 89, 97, 101, 109]","[2.092887112180769, 2.5414385576853737, 0.7317254548666277, 0.5, 1.0]","{""time"": 0.0, ""collisions"": 0.05, ""congestion"": 1.0, ""fairness"": 1.0, ""incomplete_base"": 1000.0, ""incomplete_agent"": 10.0}","[105.39741200828158, 45.988496932515346, 43.37793819655522, 55.4967791411043, 42.11446392928429, 57.168469991546914, 76.23073243154074, 61.62669172932331, 88.51362715298886, 40.5246255996256]","[34.5, 32.6, 37.6, 32.6, 33.4, 33.800000000000004, 43.300000000000004, 38.0, 37.6, 40.7]"
ga,4,17,50.62007783870894,35.38,773.4,1.5488873625184547,5.6,12.432142857142857,22.833333333333336,10.401190476190477,True,0.0,hospital_corridor,28,12,"[11, 29, 47, 53, 61, 73, 89, 97, 101, 109]","[2.1807107644176154, 2.916997553263957, 0.7335340609458953, 0.5, 1.0]","{""time"": 0.0, ""collisions"": 0.05, ""congestion"": 1.0, ""fairness"": 1.0, ""incomplete_base"": 1000.0, ""incomplete_agent"": 10.0}","[85.31396103896104, 42.98906525573193, 36.61093951093952, 63.66666666666667, 36.55017203413157, 54.62277094814188, 49.98030742129788, 57.93698720485425, 41.23412698412699, 37.29578132223763]","[30.8, 32.4, 37.0, 30.1, 34.6, 33.7, 41.900000000000006, 36.1, 36.0, 41.2]"
ga,4,18,58.17251564443703,47.580000000000005,871.1,1.1513251682465413,4.9,14.56464285714286,28.030833333333334,13.466190476190476,True,0.0,hospital_corridor,28,12,"[11, 29, 47, 53, 61, 73, 89, 97, 101, 109]","[1.5730049232565695, 2.364002613376945, 0.7307745151776536, 0.5, 1.0]","{""time"": 0.0, ""collisions"": 0.05, ""congestion"": 1.0, ""fairness"": 1.0, ""incomplete_base"": 1000.0, ""incomplete_agent"": 10.0}","[78.30260617760618, 42.70509950248757, 42.20979632816982, 61.8160008071025, 45.588403880070544, 69.45414786967419, 61.264166457444134, 74.89993593850096, 52.40163078930202, 53.08336869401226]","[37.0, 40.2, 49.800000000000004, 35.4, 40.5, 47.5, 56.900000000000006, 66.9, 51.1, 50.5]"
ga,4,19,67.8764250430981,32.96,1119.9,1.712615519288568,5.7,11.877857142857142,22.046666666666667,10.168809523809525,True,0.0,hospital_corridor,28,12,"[11, 29, 47, 53, 61, 73, 89, 97, 101, 109]","[2.4852598842613163, 2.364002613376945, 0.7307745151776536, 0.5, 1.0]","{""time"": 0.0, ""collisions"": 0.05, ""congestion"": 1.0, ""fairness"": 1.0, ""incomplete_base"": 1000.0, ""incomplete_agent"": 10.0}","[111.0648604269294, 53.27793573740176, 44.83177820677821, 82.41246931762396, 48.16410256410257, 58.43142377756472, 67.68154921486021, 82.30777754905996, 65.54895833333333, 65.0433953033268]","[34.800000000000004, 30.900000000000002, 33.300000000000004, 29.1, 31.200000000000003, 29.8, 37.300000000000004, 34.7, 32.0, 36.5]"
ga,4,20,97.55125967452376,32.010000000000005,1719.3,1.8163787221428052,5.6,11.861785714285714,21.631666666666668,9.769880952380953,True,0.0,hospital_corridor,28,12,"[11, 29, 47, 53, 61, 73, 89, 97, 101, 109]","[3.1965641679171846, 2.3515517567137967, 0.7318509992303419, 0.5, 1.0]","{""time"": 0.0, ""collisions"": 0.05, ""congestion"": 1.0, ""fairness"": 1.0, ""incomplete_base"": 1000.0, ""incomplete_agent"": 10.0}","[311.8928279287175, 64.0204011741683, 59.80981216015819, 96.79089468551925, 63.88359425962167, 49.1324351040055, 91.77970027247959, 88.20189551548773, 104.16136712749616, 45.83966851758371]","[48.900000000000006, 29.200000000000003, 28.900000000000002, 29.3, 29.200000000000003, 27.700000000000003, 36.7, 30.900000000000002, 31.0, 28.3]"
ga,4,21,70.52185252920557,29.440000000000005,1189.2,1.8617334815865167,5.6,11.280714285714287,20.480833333333333,9.200119047619047,True,0.0,hospital_corridor,28,12,"[11, 29, 47, 53, 61, 73, 89, 97, 101, 109]","[3.0668574122650645, 2.3615955448554007, 0.7346872880278056, 0.5, 1.0]","{""time"": 0.0, ""collisions"": 0.05, ""congestion"": 1.0, ""fairness"": 1.0, ""incomplete_base"": 1000.0, ""incomplete_agent"": 10.0}","[115.01175153229609, 57.12944280805105, 68.03866995073892, 113.27818532818534, 47.388435374149665, 48.79088581669227, 71.56519423558898, 77.32693208430914, 62.49567840834965, 44.193349753694584]","[30.3, 29.1, 29.0, 29.6, 29.400000000000002, 27.900000000000002, 30.400000000000002, 30.5, 29.200000000000003, 29.0]"
ga,4,22,50.288148631995796,35.910000000000004,768.9,1.4832676796148416,5.0,12.521785714285716,22.88166666666667,10.359880952380951,True,0.0,hospital_corridor,28,12,"[11, 29, 47, 53, 61, 73, 89, 97, 101, 109]","[2.2210047130243473, 2.3840052348814913, 0.746922420674648, 0.5, 1.0]","{""time"": 0.0, ""collisions"": 0.05, ""congestion"": 1.0, ""fairness"": 1.0, ""incomplete_base"": 1000.0, ""incomplete_agent"": 10.0}","[66.88058608058608, 36.47936507936508, 33.01459797033568, 88.36103411513861, 41.547669634426015, 50.37565789473685, 55.05793650793651, 52.15030557677617, 44.83436147186147, 34.179971988795515]","[31.200000000000003, 31.5, 36.6, 40.2, 35.300000000000004, 30.400000000000002, 40.5, 37.4, 35.2, 40.800000000000004]"
ga,4,23,67.07561072233604,31.910000000000004,1113.5,1.721801198526504,5.5,12.000357142857144,21.679166666666667,9.678809523809523,True,0.0,hospital_corridor,28,12,"[11, 29, 47, 53, 61, 73, 89, 97, 101, 109]","[2.5361483252977512, 2.3370433479335295, 0.7332004606781253, 0.5, 1.0]","{""time"": 0.0, ""collisions"": 0.05, ""congestion"": 1.0, ""fairness"": 1.0, ""incomplete_base"": 1000.0, ""incomplete_agent"": 10.0}","[84.85994208494209, 52.51179653679654, 59.697061634018155, 89.92789229785873, 55.27684682237914, 67.23779277183186, 63.91189199540407, 79.0867742987606, 74.62105702153472, 43.62505175983437]","[29.6, 30.8, 29.900000000000002, 29.8, 26.3, 30.700000000000003, 37.300000000000004, 36.5, 31.400000000000002, 36.800000000000004]"
ga,5,0,19.55480352249074,36.93,156.7,1.6389701891574049,4.8,14.025,24.105833333333333,10.080833333333334,True,0.0,hospital_corridor,28,12,"[11, 29, 47, 53, 61, 73, 89, 97, 101, 109]","[2.6008887142213304, 2.470849845288197, 0.959905006401078, 0.5, 1.0]","{""time"": 0.0, ""collisions"": 0.05, ""congestion"": 1.0, ""fairness"": 1.0, ""incomplete_base"": 1000.0, ""incomplete_agent"": 10.0}","[32.10485217783796, 21.831620830150243, 20.345588235294116, 22.413908246225322, 11.133265213442327, 15.879194309302669, 17.162647754137115, 17.79206349206349, 22.01390887290168, 14.870986093552466]","[42.2, 37.4, 34.0, 32.800000000000004, 36.7, 32.300000000000004, 42.300000000000004, 36.0, 41.7, 33.9]"
ga,5,1,27.249661252865394,37.64,295.7,1.4815660147701546,5.5,13.00107142857143,23.98416666666667,10.98309523809524,True,0.0,hospital_corridor,28,12,"[11, 29, 47, 53, 61, 73, 89, 97, 101, 109]","[2.0508758252157233, 2.364002613376945, 0.7887284024801211, 0.5, 1.0]","{""time"": 0.0, ""collisions"": 0.05, ""congestion"": 1.0, ""fairness"": 1.0, ""incomplete_base"": 1000.0, ""incomplete_agent"": 10.0}","[43.90524691358025, 20.412213403880067, 19.81078963230862, 25.77445054945055, 17.557975222609368, 26.285733643050715, 30.67119815668203, 28.997563676633444, 35.90023684866617, 23.18120448179272]","[32.4, 32.4, 39.5, 31.200000000000003, 36.9, 36.9, 43.400000000000006, 43.0, 38.2, 42.5]"
ga,5,2,39.92852832933088,36.1,554.5,1.6938854721880223,5.6,12.932857142857141,23.442500000000003,10.509642857142856,True,0.0,hospital_corridor,28,12,"[11, 29, 47, 53, 61, 73, 89, 97, 101, 109]","[2.2066148986559586, 2.3785879025935914, 0.7701638129478268, 0.5, 1.0]","{""time"": 0.0, ""collisions"": 0.05, ""congestion"": 1.0, ""fairness"": 1.0, ""incomplete_base"": 1000.0, ""incomplete_agent"": 10.0}","[102.56605136436599, 24.439337474120084, 23.689285714285717, 43.87200612918434, 23.740174129353235, 41.092829599706214, 38.21465517241379, 37.765664160401, 37.229893449092344, 26.6753861003861]","[35.6, 32.2, 35.0, 30.3, 33.5, 38.900000000000006, 40.6, 38.0, 36.2, 40.7]"
ga,5,3,20.915432880096677,40.93000000000001,146.1,1.4228138324776296,4.8,14.155714285714287,26.343333333333334,12.187619047619048,True,0.0,hospital_corridor,28,12,"[11, 29, 47, 53, 61, 73, 89, 97, 101, 109]","[2.065265639584112, 2.369419945664845, 0.8816995156923364, 0.5, 1.0]","{""time"": 0.0, ""collisions"": 0.05, ""congestion"": 1.0, ""fairness"": 1.0, ""incomplete_base"": 1000.0, ""incomplete_agent"": 10.0}","[37.160389610389615, 12.130564947872642, 17.2664147774979, 19.744285714285716, 12.768824404761908, 21.311559139784944, 24.15172932330827, 28.083328599829596, 17.811810376324445, 18.72542190691175]","[44.0, 33.800000000000004, 39.7, 35.0, 38.400000000000006, 37.2, 47.5, 50.300000000000004, 39.1, 44.300000000000004]"
ga,5,4,36.298575237212376,34.7,490.0,1.5613133324504667,5.8,12.25357142857143,22.490833333333335,10.237261904761905,True,0.0,hospital_corridor,28,12,"[11, 29, 47, 53, 61, 73, 89, 97, 101, 109]","[2.3493271959886943, 2.050118929713474, 0.7781146000832027, 0.5, 1.0]","{""time"": 0.0, ""collisions"": 0.05, ""congestion"": 1.0, ""fairness"": 1.0, ""incomplete_base"": 1000.0, ""incomplete_agent"": 10.0}","[65.38281710914454, 24.689285714285717, 23.41993436670856, 49.778704502949225, 23.026871731351502, 36.70232770424464, 35.56337786913327, 36.17927170868347, 40.590256410256416, 27.6529052553664]","[33.9, 31.5, 34.1, 33.1, 34.6, 31.3, 41.7, 35.7, 32.5, 38.6]"
ga,5,5,18.957948845220134,39.16,125.4,1.4373536071248934,5.2,13.81607142857143,25.06666666666667,11.25059523809524,True,0.0,hospital_corridor,28,12,"[11, 29, 47, 53, 61, 73, 89, 97, 101, 109]","[2.1389795083628074, 2.360612824621626, 0.8954456747006001, 0.5, 1.0]","{""time"": 0.0, ""collisions"": 0.05, ""congestion"": 1.0, ""fairness"": 1.0, ""incomplete_base"": 1000.0, ""incomplete_agent"": 10.0}","[34.23187541418158, 12.591695352839931, 14.78013179162004, 14.848242994947174, 12.73409090909091, 16.503571428571426, 24.237386018237085, 19.33176051442475, 22.52596431712527, 17.794769711163156]","[50.300000000000004, 33.2, 38.300000000000004, 31.1, 38.5, 31.5, 47.0, 41.1, 37.9, 42.7]"
ga,5,6,16.405762366402424,44.260000000000005,64.3,1.4107623664024243,4.9,15.695000000000002,27.475,11.78,True,0.0,hospital_corridor,28,12,"[11, 29, 47, 53, 61, 73, 89, 97, 101, 109]","[2.0248867710607996, 2.470849845288197, 0.9599050064010779, 0.5, 1.0]","{""time"": 0.0, ""collisions"": 0.05, ""congestion"": 1.0, ""fairness"": 1.0, ""incomplete_base"": 1000.0, ""incomplete_agent"": 10.0}","[17.275337723741977, 13.68125, 14.95531522468142, 22.464956405097247, 10.72170655064056, 15.453221288515412, 15.404790081713159, 20.632820976491864, 15.2541030975497, 18.214122315592903]","[42.300000000000004, 48.0, 42.6, 42.6, 39.400000000000006, 42.5, 50.7, 47.400000000000006, 41.2, 45.900000000000006]"
ga,5,7,1026.2821120513186,45.489999999999995,274.9,1.4751183043248224,5.0,12.27558201058201,21.33757575757576,9.06199374699375,False,0.2,hospital_corridor,28,12,"[11, 29, 47, 53, 61, 73, 89, 97, 101, 109]","[3.455155571587024, 2.470849845288197, 0.9599050064010779, 0.5, 1.0]","{""time"": 0.0, ""collisions"": 0.05, ""congestion"": 1.0, ""fairness"": 1.0, ""incomplete_base"": 1000.0, ""incomplete_agent"": 10.0}","[52.42123074749188, 13.030882352941177, 12.086173411344062, 29.722003284072255, 15.891317941317944, 1029.0927037037036, 26.798033126293994, 31.955096016608277, 1033.2448051948052, 18.578874734607222]","[33.7, 30.6, 29.3, 29.0, 29.700000000000003, 100.0, 34.5, 36.7, 100.0, 31.400000000000002]"
ga,5,8,54.137788442104096,34.519999999999996,841.9,1.5777884421040942,5.5,12.312500000000004,22.777500000000003,10.465,True,0.0,hospital_corridor,28,12,"[11, 29, 47, 53, 61, 73, 89, 97, 101, 109]","[2.293670495273151, 2.437184155983787, 0.7441747708365295, 0.5, 1.0]","{""time"": 0.0, ""collisions"": 0.05, ""congestion"": 1.0, ""fairness"": 1.0, ""incomplete_base"": 1000.0, ""incomplete_agent"": 10.0}","[116.9768076352354, 39.76984126984127, 34.090948154409695, 59.08163265306123, 36.604130223517984, 54.8636743886744, 57.42244984288132, 60.23269617706238, 48.41806784660768, 33.91763622974963]","[35.300000000000004, 31.5, 33.800000000000004, 29.400000000000002, 34.300000000000004, 33.300000000000004, 39.400000000000006, 35.5, 33.9, 38.800000000000004]"
ga,5,9,173.2658748143189,33.78000000000001,3233.4,1.926112909556975,5.9,12.84107142857143,22.510833333333334,9.669761904761904,True,0.0,hospital_corridor,28,12,"[11, 29, 47, 53, 61, 73, 89, 97, 101, 109]","[2.521182998552965, 2.6675423870590365, 0.6849210458773626, 0.5, 1.0]","{""time"": 0.0, ""collisions"": 0.05, ""congestion"": 1.0, ""fairness"": 1.0, ""incomplete_base"": 1000.0, ""incomplete_agent"": 10.0}","[265.7633019674936, 171.1280521407376, 138.24078341013825, 181.23478835978838, 150.38237378563466, 133.22201542588869, 162.80209188113886, 218.24195402298852, 167.3136904761905, 144.3296966731898]","[33.4, 33.7, 31.0, 32.4, 29.900000000000002, 28.400000000000002, 38.300000000000004, 40.6, 33.6, 36.5]"
ga,5,10,50.288148631995796,35.910000000000004,768.9,1.4832676796148416,5.0,12.521785714285716,22.88166666666667,10.359880952380951,True,0.0,hospital_corridor,28,12,"[11, 29, 47, 53, 61, 73, 89, 97, 101, 109]","[2.2210047130243473, 2.3840052348814913, 0.746922420674648, 0.5, 1.0]","{""time"": 0.0, ""collisions"": 0.05, ""congestion"": 1.0, ""fairness"": 1.0, ""incomplete_base"": 1000.0, ""incomplete_agent"": 10.0}","[66.88058608058608, 36.47936507936508, 33.01459797033568, 88.36103411513861, 41.547669634426015, 50.37565789473685, 55.05793650793651, 52.15030557677617, 44.83436147186147, 34.179971988795515]","[31.200000000000003, 31.5, 36.6, 40.2, 35.300000000000004, 30.400000000000002, 40.5, 37.4, 35.2, 40.800000000000004]"
ga,5,11,27.249661252865394,37.64,295.7,1.4815660147701546,5.5,13.00107142857143,23.98416666666667,10.98309523809524,True,0.0,hospital_corridor,28,12,"[11, 29, 47, 53, 61, 73, 89, 97, 101, 109]","[2.0508758252157233, 2.364002613376945, 0.7887284024801211, 0.5, 1.0]","{""time"": 0.0, ""collisions"": 0.05, ""congestion"": 1.0, ""fairness"": 1.0, ""incomplete_base"": 1000.0, ""incomplete_agent"": 10.0}","[43.90524691358025, 20.412213403880067, 19.81078963230862, 25.77445054945055, 17.557975222609368, 26.285733643050715, 30.67119815668203, 28.997563676633444, 35.90023684866617, 23.18120448179272]","[32.4, 32.4, 39.5, 31.200000000000003, 36.9, 36.9, 43.400000000000006, 43.0, 38.2, 42.5]"
ga,5,12,26.308267458031512,31.130000000000003,313.6,1.869457934221985,5.8,11.957857142857145,20.71666666666667,8.758809523809525,True,0.0,hospital_corridor,28,12,"[11, 29, 47, 53, 61, 73, 89, 97, 101, 109]","[3.3236796467763234, 2.8323205100876043, 0.8192076302429001, 0.5, 1.0]","{""time"": 0.0, ""collisions"": 0.05, ""congestion"": 1.0, ""fairness"": 1.0, ""incomplete_base"": 1000.0, ""incomplete_agent"": 10.0}","[37.73359465737515, 33.691211146838164, 19.556578301423663, 45.73483339716584, 17.06148043375766, 17.835714285714285, 21.333839918946303, 20.215126050420167, 30.527092352092357, 19.393204036581523]","[28.700000000000003, 31.1, 29.1, 37.300000000000004, 30.3, 28.0, 32.9, 34.0, 29.700000000000003, 30.200000000000003]"
ga,5,13,1089.402363816534,36.17,1558.1,1.721847943518247,5.6,11.396150793650794,20.171666666666663,8.775515873015873,False,0.1,hospital_corridor,28,12,"[11, 29, 47, 53, 61, 73, 89, 97, 101, 109]","[3.1654920781879334, 0.9146590018365502, 0.7658898220857157, 0.5, 1.0]","{""time"": 0.0, ""collisions"": 0.05, ""congestion"": 1.0, ""fairness"": 1.0, ""incomplete_base"": 1000.0, ""incomplete_agent"": 10.0}","[126.80117811830615, 84.8157208088715, 64.18593775394118, 98.90532212885155, 70.07490654965058, 75.74120417951353, 83.58800309597522, 1125.746111111111, 87.06649484536082, 77.09875957375958]","[28.900000000000002, 29.200000000000003, 29.3, 27.200000000000003, 29.3, 27.8, 32.300000000000004, 100.0, 29.1, 28.6]"
ga,5,14,29.978421361474787,34.31,370.1,1.5713975519509766,5.6,12.767142857142858,22.669166666666666,9.90202380952381,True,0.0,hospital_corridor,28,12,"[11, 29, 47, 53, 61, 73, 89, 97, 101, 109]","[2.1789166915237237, 2.3530680360715994, 0.7793830774903905, 0.5, 1.0]","{""time"": 0.0, ""collisions"": 0.05, ""congestion"": 1.0, ""fairness"": 1.0, ""incomplete_base"": 1000.0, ""incomplete_agent"": 10.0}","[48.94289924973205, 21.913690476190474, 25.988769949396655, 32.19137392661983, 20.295238095238094, 33.21268577494692, 34.49400374400375, 31.814793130366905, 25.555348759222, 25.375410509031198]","[31.1, 32.0, 36.7, 30.5, 28.0, 31.400000000000002, 40.7, 36.6, 35.5, 40.6]"
ga,5,15,39.8480810876753,35.34,556.0,1.597842992437204,5.0,12.748928571428573,23.199166666666667,10.450238095238095,True,0.0,hospital_corridor,28,12,"[11, 29, 47, 53, 61, 73, 89, 97, 101, 109]","[2.309390012827778, 2.361029254900059, 0.7718326746986601, 0.5, 1.0]","{""time"": 0.0, ""collisions"": 0.05, ""congestion"": 1.0, ""fairness"": 1.0, ""incomplete_base"": 1000.0, ""incomplete_agent"": 10.0}","[57.02133099141296, 23.5072855640679, 25.39881295457665, 79.7805683563748, 21.518951093951095, 45.527866242038215, 47.96937229437229, 43.500375939849626, 28.327099182868412, 25.929148257241042]","[30.5, 31.700000000000003, 34.7, 37.2, 33.300000000000004, 31.400000000000002, 44.0, 38.0, 33.800000000000004, 38.800000000000004]"
ga,5,16,30.48284784675458,36.67,362.6,1.5945145134212464,5.4,13.147499999999999,23.905833333333334,10.758333333333335,True,0.0,hospital_corridor,28,12,"[11, 29, 47, 53, 61, 73, 89, 97, 101, 109]","[2.083740120207, 2.47458583025279, 0.781571586694093, 0.5, 1.0]","{""time"": 0.0, ""collisions"": 0.05, ""congestion"": 1.0, ""fairness"": 1.0, ""incomplete_base"": 1000.0, ""incomplete_agent"": 10.0}","[45.696577380952384, 21.187345679012346, 24.22669172932331, 32.4974358974359, 19.08410914927769, 30.86428571428572, 33.979395604395606, 29.764502164502165, 43.15902699662543, 24.369108151735272]","[32.0, 32.4, 38.0, 32.5, 35.6, 31.5, 46.800000000000004, 38.5, 38.1, 41.300000000000004]"
ga,5,17,28.760979967091764,38.32000000000001,332.7,1.5380037766155679,5.2,13.767857142857142,24.355833333333337,10.587976190476192,True,0.0,hospital_corridor,28,12,"[11, 29, 47, 53, 61, 73, 89, 97, 101, 109]","[2.111680041235775, 2.8155458096942727, 0.7885117580737594, 0.5, 1.0]","{""time"": 0.0, ""collisions"": 0.05, ""congestion"": 1.0, ""fairness"": 1.0, ""incomplete_base"": 1000.0, ""incomplete_agent"": 10.0}","[60.75474485737016, 16.549716033202273, 18.055860805860807, 37.607366707366715, 18.47998652291105, 25.048873873873873, 30.23803299097417, 28.49504725554344, 30.55882749326146, 21.821343130553657]","[41.900000000000006, 32.7, 39.0, 35.1, 37.1, 33.300000000000004, 45.900000000000006, 39.300000000000004, 37.1, 41.800000000000004]"
ga,5,18,18.23886348881475,41.32000000000001,101.8,1.4817206316718916,5.1,14.815357142857142,26.482499999999998,11.667142857142858,True,0.0,hospital_corridor,28,12,"[11, 29, 47, 53, 61, 73, 89, 97, 101, 109]","[2.0595888509306755, 2.8462161982966143, 0.8633315952664348, 0.5, 1.0]","{""time"": 0.0, ""collisions"": 0.05, ""congestion"": 1.0, ""fairness"": 1.0, ""incomplete_base"": 1000.0, ""incomplete_agent"": 10.0}","[27.56111670020121, 13.77448471926084, 14.570767195767196, 21.06254109661682, 17.24917389119236, 14.915360046457605, 17.227659892408848, 19.99773425499232, 18.127210884353744, 17.902586206896554]","[49.7, 33.5, 40.5, 44.900000000000006, 37.9, 32.800000000000004, 47.800000000000004, 43.400000000000006, 39.2, 43.5]"
ga,5,19,44.51615927405601,32.47,661.2,1.7269926073893331,5.6,12.430000000000001,22.159166666666668,9.729166666666668,True,0.0,hospital_corridor,28,12,"[11, 29, 47, 53, 61, 73, 89, 97, 101, 109]","[2.5824844130864597, 2.4439154416504483, 0.7677795301045269, 0.5, 1.0]","{""time"": 0.0, ""collisions"": 0.05, ""congestion"": 1.0, ""fairness"": 1.0, ""incomplete_base"": 1000.0, ""incomplete_agent"": 10.0}","[67.36962676962678, 30.699264482863207, 31.410324096193666, 38.851942355889726, 26.30169172932331, 36.85632790028764, 85.66799051570837, 44.06131270690094, 46.469413919413924, 37.47369826435248]","[29.6, 31.400000000000002, 29.900000000000002, 28.5, 26.6, 29.8, 48.2, 37.4, 31.200000000000003, 32.1]"
ga,5,20,42.65844436012067,33.95,619.7,1.6368967410730477,5.2,12.201785714285714,22.238333333333337,10.03654761904762,True,0.0,hospital_corridor,28,12,"[11, 29, 47, 53, 61, 73, 89, 97, 101, 109]","[2.4374308791357784, 2.3500946775947136, 0.7624873497089296, 0.5, 1.0]","{""time"": 0.0, ""collisions"": 0.05, ""congestion"": 1.0, ""fairness"": 1.0, ""incomplete_base"": 1000.0, ""incomplete_agent"": 10.0}","[92.01209322779245, 30.544393241167434, 29.947222222222223, 54.99361471861472, 27.64874777000137, 41.01688656354261, 41.78247619047619, 46.97128237259816, 35.12235692442114, 26.54537037037037]","[37.9, 31.0, 31.5, 30.8, 34.7, 31.400000000000002, 37.5, 34.2, 32.7, 37.800000000000004]"
ga,5,21,27.249661252865394,37.64,295.7,1.4815660147701546,5.5,13.00107142857143,23.98416666666667,10.98309523809524,True,0.0,hospital_corridor,28,12,"[11, 29, 47, 53, 61, 73, 89, 97, 101, 109]","[2.0508758252157233, 2.364002613376945, 0.7887284024801211, 0.5, 1.0]","{""time"": 0.0, ""collisions"": 0.05, ""congestion"": 1.0, ""fairness"": 1.0, ""incomplete_base"": 1000.0, ""incomplete_agent"": 10.0}","[43.90524691358025, 20.412213403880067, 19.81078963230862, 25.77445054945055, 17.557975222609368, 26.285733643050715, 30.67119815668203, 28.997563676633444, 35.90023684866617, 23.18120448179272]","[32.4, 32.4, 39.5, 31.200000000000003, 36.9, 36.9, 43.400000000000006, 43.0, 38.2, 42.5]"
ga,5,22,1060.1322725937805,88.3,94.1,0.6830157894736841,4.2,14.310409862359862,27.05466666666667,12.744256804306804,False,4.2,hospital_corridor,28,12,"[11, 29, 47, 53, 61, 73, 89, 97, 101, 109]","[2.658508373576982, 2.530639020412189, 1.1138558668113525, 0.5, 1.0]","{""time"": 0.0, ""collisions"": 0.05, ""congestion"": 1.0, ""fairness"": 1.0, ""incomplete_base"": 1000.0, ""incomplete_agent"": 10.0}","[1059.4576666666667, 1115.7905555555556, 1063.56, 1077.0787272727273, 1070.2694848484848, 1075.544, 1038.618871794872, 24.03404761904762, 15.932205513784464, 1061.0371666666667]","[100.0, 100.0, 100.0, 100.0, 100.0, 100.0, 100.0, 45.0, 38.0, 100.0]"
ga,5,23,16.462030926731885,39.34000000000001,71.5,1.5627452124461674,5.2,13.863214285714287,25.1875,11.324285714285717,True,0.0,hospital_corridor,28,12,"[11, 29, 47, 53, 61, 73, 89, 97, 101, 109]","[2.4017360416053473, 2.8663398514461256, 0.9251834987039348, 0.5, 1.0]","{""time"": 0.0, ""collisions"": 0.05, ""congestion"": 1.0, ""fairness"": 1.0, ""incomplete_base"": 1000.0, ""incomplete_agent"": 10.0}","[25.370139105970615, 12.011688311688314, 15.533812184091515, 15.51074442435202, 10.448626373626372, 15.312594508555513, 15.314503688799464, 19.346637327916948, 20.44299191374663, 15.32857142857143]","[45.7, 33.0, 35.800000000000004, 31.6, 39.0, 35.9, 42.6, 42.2, 47.7, 39.900000000000006]"
ga,6,0,16.405762366402424,44.260000000000005,64.3,1.4107623664024243,4.9,15.695000000000002,27.475,11.78,True,0.0,hospital_corridor,28,12,"[11, 29, 47, 53, 61, 73, 89, 97, 101, 109]","[2.0248867710607996, 2.470849845288197, 0.9599050064010779, 0.5, 1.0]","{""time"": 0.0, ""collisions"": 0.05, ""congestion"": 1.0, ""fairness"": 1.0, ""incomplete_base"": 1000.0, ""incomplete_agent"": 10.0}","[17.275337723741977, 13.68125, 14.95531522468142, 22.464956405097247, 10.72170655064056, 15.453221288515412, 15.404790081713159, 20.632820976491864, 15.2541030975497, 18.214122315592903]","[42.300000000000004, 48.0, 42.6, 42.6, 39.400000000000006, 42.5, 50.7, 47.400000000000006, 41.2, 45.900000000000006]"
ga,6,1,16.462030926731885,39.34000000000001,71.5,1.5627452124461674,5.2,13.863214285714287,25.1875,11.324285714285717,True,0.0,hospital_corridor,28,12,"[11, 29, 47, 53, 61, 73, 89, 97, 101, 109]","[2.4017360416053473, 2.8663398514461256, 0.9251834987039348, 0.5, 1.0]","{""time"": 0.0, ""collisions"": 0.05, ""congestion"": 1.0, ""fairness"": 1.0, ""incomplete_base"": 1000.0, ""incomplete_agent"": 10.0}","[25.370139105970615, 12.011688311688314, 15.533812184091515, 15.51074442435202, 10.448626373626372, 15.312594508555513, 15.314503688799464, 19.346637327916948, 20.44299191374663, 15.32857142857143]","[45.7, 33.0, 35.800000000000004, 31.6, 39.0, 35.9, 42.6, 42.2, 47.7, 39.900000000000006]"
ga,6,2,19.55480352249074,36.93,156.7,1.6389701891574049,4.8,14.025,24.105833333333333,10.080833333333334,True,0.0,hospital_corridor,28,12,"[11, 29, 47, 53, 61, 73, 89, 97, 101, 109]","[2.6008887142213304, 2.470849845288197, 0.959905006401078, 0.5, 1.0]","{""time"": 0.0, ""collisions"": 0.05, ""congestion"": 1.0, ""fairness"": 1.0, ""incomplete_base"": 1000.0, ""incomplete_agent"": 10.0}","[32.10485217783796, 21.831620830150243, 20.345588235294116, 22.413908246225322, 11.133265213442327, 15.879194309302669, 17.162647754137115, 17.79206349206349, 22.01390887290168, 14.870986093552466]","[42.2, 37.4, 34.0, 32.800000000000004, 36.7, 32.300000000000004, 42.300000000000004, 36.0, 41.7, 33.9]"
ga,6,3,1055.9830786654295,89.43,87.7,0.6232917745425208,4.4,13.87242523032523,25.847212121212124,11.974786890886893,False,3.9,hospital_corridor,28,12,"[11, 29, 47, 53, 61, 73, 89, 97, 101, 109]","[2.6008887142213304, 2.470849845288197, 1.107781032606213, 0.5, 1.0]","{""time"": 0.0, ""collisions"": 0.05, ""congestion"": 1.0, ""fairness"": 1.0, ""incomplete_base"": 1000.0, ""incomplete_agent"": 10.0}","[1062.1646666666666, 1113.7692222222222, 1066.262, 1072.2334242424242, 1068.975515151515, 1062.5554545454545, 1037.6332307692307, 25.444580668088133, 13.65471802971803, 1037.1379743589744]","[100.0, 100.0, 100.0, 100.0, 100.0, 100.0, 100.0, 53.6, 40.7, 100.0]"
ga,6,4,17.03205744408949,34.36,115.1,1.7022955393275836,5.5,13.338571428571427,22.913333333333338,9.574761904761905,True,0.0,hospital_corridor,28,12,"[11, 29, 47, 53, 61, 73, 89, 97, 101, 109]","[2.525853201475061, 2.8415023044274985, 0.8859939155824401, 0.5, 1.0]","{""time"": 0.0, ""collisions"": 0.05, ""congestion"": 1.0, ""fairness"": 1.0, ""incomplete_base"": 1000.0, ""incomplete_agent"": 10.0}","[26.956168831168835, 11.805357142857142, 14.988301967493586, 18.788809523809526, 9.884632034632034, 18.29034046843493, 18.97014522120905, 18.221580547112463, 17.611904761904764, 14.80333394227256]","[38.5, 32.0, 33.4, 30.0, 26.400000000000002, 30.700000000000003, 42.300000000000004, 37.6, 33.6, 39.1]"
ga,6,5,18.518099084337017,41.25000000000001,123.8,1.4502419414798733,5.0,15.312142857142856,26.190000000000005,10.877857142857144,True,0.0,hospital_corridor,28,12,"[11, 29, 47, 53, 61, 73, 89, 97, 101, 109]","[2.134624363676944, 2.475563739157313, 0.9372426860850727, 0.5, 1.0]","{""time"": 0.0, ""collisions"": 0.05, ""congestion"": 1.0, ""fairness"": 1.0, ""incomplete_base"": 1000.0, ""incomplete_agent"": 10.0}","[43.789806141035655, 11.51626984126984, 14.855751469353487, 12.594195953141641, 12.733068783068784, 16.65611196221116, 17.36203953279425, 19.856853281853283, 18.5876026272578, 17.229291251384275]","[54.900000000000006, 36.0, 39.7, 31.3, 40.5, 37.300000000000004, 47.7, 44.400000000000006, 37.7, 43.0]"
ga,6,6,18.165986545389224,40.220000000000006,99.8,1.4212246406273161,4.8,14.233571428571432,25.988333333333333,11.754761904761907,True,0.0,hospital_corridor,28,12,"[11, 29, 47, 53, 61, 73, 89, 97, 101, 109]","[2.0248867710607996, 2.470849845288197, 0.8784302399725737, 0.5, 1.0]","{""time"": 0.0, ""collisions"": 0.05, ""congestion"": 1.0, ""fairness"": 1.0, ""incomplete_base"": 1000.0, ""incomplete_agent"": 10.0}","[19.787129380053912, 11.55647365455058, 16.82992181947406, 13.18811040339703, 13.651434195725539, 16.59131309199429, 23.278393745557928, 29.488128124177848, 16.881421356421356, 20.407539682539685]","[37.1, 33.800000000000004, 40.2, 31.400000000000002, 38.1, 36.7, 46.900000000000006, 54.300000000000004, 39.6, 44.1]"
ga,6,7,16.405762366402424,44.260000000000005,64.3,1.4107623664024243,4.9,15.695000000000002,27.475,11.78,True,0.0,hospital_corridor,28,12,"[11, 29, 47, 53, 61, 73, 89, 97, 101, 109]","[2.0248867710607996, 2.470849845288197, 0.9599050064010779, 0.5, 1.0]","{""time"": 0.0, ""collisions"": 0.05, ""congestion"": 1.0, ""fairness"": 1.0, ""incomplete_base"": 1000.0, ""incomplete_agent"": 10.0}","[17.275337723741977, 13.68125, 14.95531522468142, 22.464956405097247, 10.72170655064056, 15.453221288515412, 15.404790081713159, 20.632820976491864, 15.2541030975497, 18.214122315592903]","[42.300000000000004, 48.0, 42.6, 42.6, 39.400000000000006, 42.5, 50.7, 47.400000000000006, 41.2, 45.900000000000006]"
ga,6,8,20.915432880096677,40.93000000000001,146.1,1.4228138324776296,4.8,14.155714285714287,26.343333333333334,12.187619047619048,True,0.0,hospital_corridor,28,12,"[11, 29, 47, 53, 61, 73, 89, 97, 101, 109]","[2.065265639584112, 2.369419945664845, 0.8816995156923364, 0.5, 1.0]","{""time"": 0.0, ""collisions"": 0.05, ""congestion"": 1.0, ""fairness"": 1.0, ""incomplete_base"": 1000.0, ""incomplete_agent"": 10.0}","[37.160389610389615, 12.130564947872642, 17.2664147774979, 19.744285714285716, 12.768824404761908, 21.311559139784944, 24.15172932330827, 28.083328599829596, 17.811810376324445, 18.72542190691175]","[44.0, 33.800000000000004, 39.7, 35.0, 38.400000000000006, 37.2, 47.5, 50.300000000000004, 39.1, 44.300000000000004]"
ga,6,9,23.310245646709305,35.67,225.6,1.6414361228997787,5.5,12.432857142857145,22.821666666666665,10.388809523809524,True,0.0,hospital_corridor,28,12,"[11, 29, 47, 53, 61, 73, 89, 97, 101, 109]","[2.8319114170653705, 2.369419945664845, 0.8816995156923364, 0.5, 1.0]","{""time"": 0.0, ""collisions"": 0.05, ""congestion"": 1.0, ""fairness"": 1.0, ""incomplete_base"": 1000.0, ""incomplete_agent"": 10.0}","[45.488871635610764, 13.062593184238551, 13.301556776556778, 30.75044492544493, 15.202532869296213, 20.512755102040817, 19.666631931287107, 25.39102951039571, 32.28862556623578, 17.4374149659864]","[41.400000000000006, 31.3, 31.200000000000003, 29.700000000000003, 43.1, 29.400000000000002, 37.7, 35.5, 43.1, 34.300000000000004]"
ga,6,10,1165.0006925264793,100.0,28.1,0.35619999999999996,3.5,13.683862091125249,24.92335461760462,11.23949252647937,False,15.2,hospital_corridor,28,12,"[11, 29, 47, 53, 61, 73, 89, 97, 101, 109]","[2.108881465252816, 2.527896069158358, 1.4018629956145483, 0.5, 1.0]","{""time"": 0.0, ""collisions"": 0.05, ""congestion"": 1.0, ""fairness"": 1.0, ""incomplete_base"": 1000.0, ""incomplete_agent"": 10.0}","[1142.6386666666667, 1162.1883636363636, 1211.648054945055, 1169.3882857142858, 1172.0632222222223, 1141.2590789473684, 1144.7526666666668, 1169.1054912280702, 1131.7400952380951, 1205.223]","[100.0, 100.0, 100.0, 100.0, 100.0, 100.0, 100.0, 100.0, 100.0, 100.0]"
ga,6,11,32.89699325689451,36.28000000000001,413.1,1.543064685465938,5.3,12.68357142857143,23.3825,10.698928571428572,True,0.0,hospital_corridor,28,12,"[11, 29, 47, 53, 61, 73, 89, 97, 101, 109]","[2.1717120987022067, 2.7023253640197478, 0.7698874257724747, 0.5, 1.0]","{""time"": 0.0, ""collisions"": 0.05, ""congestion"": 1.0, ""fairness"": 1.0, ""incomplete_base"": 1000.0, ""incomplete_agent"": 10.0}","[55.98170313170314, 24.27604493207942, 22.97749326145553, 37.33271221532091, 21.052133081971796, 33.86142647674906, 44.12600321027287, 33.902079406960674, 28.41920503738686, 27.041131815044857]","[33.300000000000004, 31.900000000000002, 37.1, 32.2, 34.1, 34.1, 44.5, 37.9, 36.300000000000004, 41.400000000000006]"
ga,6,12,1021.5140513108724,42.84,182.8,1.4266571309783096,4.6,13.702605820105822,23.65,9.94739417989418,False,0.1,hospital_corridor,28,12,"[11, 29, 47, 53, 61, 73, 89, 97, 101, 109]","[2.5431304076387833, 2.2426377303780196, 0.960596073289395, 0.5, 1.0]","{""time"": 0.0, ""collisions"": 0.05, ""congestion"": 1.0, ""fairness"": 1.0, ""incomplete_base"": 1000.0, ""incomplete_agent"": 10.0}","[28.814295137580096, 10.825032175032176, 18.73301610042298, 31.073230912476724, 15.749089635854341, 1028.0437037037036, 17.583602875112305, 23.684343434343432, 21.984523809523807, 18.649675324675325]","[37.9, 33.300000000000004, 34.9, 35.800000000000004, 35.7, 100.0, 42.400000000000006, 39.6, 33.6, 35.2]"
ga,6,13,27.282265828189658,30.619999999999997,325.1,1.826194399618228,5.5,11.623928571428571,20.825,9.201071428571428,True,0.0,hospital_corridor,28,12,"[11, 29, 47, 53, 61, 73, 89, 97, 101, 109]","[2.961835516339945, 2.3994081168269608, 0.8067329550724999, 0.5, 1.0]","{""time"": 0.0, ""collisions"": 0.05, ""congestion"": 1.0, ""fairness"": 1.0, ""incomplete_base"": 1000.0, ""incomplete_agent"": 10.0}","[54.33529028049576, 18.432380952380953, 26.5515306122449, 33.7918946301925, 15.546825396825398, 20.591170634920637, 29.852291494632535, 27.856582633053222, 25.70659640905542, 20.158095238095235]","[29.200000000000003, 30.0, 29.400000000000002, 28.200000000000003, 31.5, 28.8, 34.6, 34.0, 30.5, 30.0]"
ga,6,14,1047.4566019605097,87.80999999999999,106.5,0.6635614676693337,4.4,13.631807992007996,24.099848484848486,10.468040492840492,False,3.1,hospital_corridor,28,12,"[11, 29, 47, 53, 61, 73, 89, 97, 101, 109]","[2.6008887142213304, 2.470849845288197, 1.0463773042428393, 0.5, 1.0]","{""time"": 0.0, ""collisions"": 0.05, ""congestion"": 1.0, ""fairness"": 1.0, ""incomplete_base"": 1000.0, ""incomplete_agent"": 10.0}","[1041.2998205128206, 1072.7037575757577, 1043.5123986013987, 1074.2285454545454, 1068.5119393939394, 1060.6927272727273, 1037.6821794871794, 18.40674513597764, 16.31306001690617, 1041.214846153846]","[100.0, 100.0, 100.0, 100.0, 100.0, 100.0, 100.0, 44.300000000000004, 33.800000000000004, 100.0]"
ga,6,15,18.957948845220134,39.16,125.4,1.4373536071248934,5.2,13.81607142857143,25.06666666666667,11.25059523809524,True,0.0,hospital_corridor,28,12,"[11, 29, 47, 53, 61, 73, 89, 97, 101, 109]","[2.1389795083628074, 2.360612824621626, 0.8954456747006001, 0.5, 1.0]","{""time"": 0.0, ""collisions"": 0.05, ""congestion"": 1.0, ""fairness"": 1.0, ""incomplete_base"": 1000.0, ""incomplete_agent"": 10.0}","[34.23187541418158, 12.591695352839931, 14.78013179162004, 14.848242994947174, 12.73409090909091, 16.503571428571426, 24.237386018237085, 19.33176051442475, 22.52596431712527, 17.794769711163156]","[50.300000000000004, 33.2, 38.300000000000004, 31.1, 38.5, 31.5, 47.0, 41.1, 37.9, 42.7]"
ga,6,16,17.646033315938272,38.57000000000001,107.5,1.5451999826049387,4.9,14.0375,24.763333333333332,10.725833333333334,True,0.0,hospital_corridor,28,12,"[11, 29, 47, 53, 61, 73, 89, 97, 101, 109]","[2.1255238961649803, 2.3671701943879127, 0.9021682779494841, 0.5, 1.0]","{""time"": 0.0, ""collisions"": 0.05, ""congestion"": 1.0, ""fairness"": 1.0, ""incomplete_base"": 1000.0, ""incomplete_agent"": 10.0}","[19.85900852878465, 13.373279658684286, 14.56259590792839, 19.66977813852814, 12.789779874213835, 16.1557240704501, 19.116289639500053, 22.723373574782023, 19.50114684617302, 18.709356920338234]","[33.5, 34.6, 39.1, 35.2, 37.1, 36.5, 46.1, 42.6, 38.2, 42.800000000000004]"
ga,6,17,1020.6232199012303,47.46,159.3,1.2359050864154397,4.9,15.381851851851852,25.804166666666667,10.422314814814815,False,0.1,hospital_corridor,28,12,"[11, 29, 47, 53, 61, 73, 89, 97, 101, 109]","[2.0383423832586267, 2.0117978549559474, 0.9531824031521939, 0.5, 1.0]","{""time"": 0.0, ""collisions"": 0.05, ""congestion"": 1.0, ""fairness"": 1.0, ""incomplete_base"": 1000.0, ""incomplete_agent"": 10.0}","[32.32028616672322, 11.85513784461153, 16.945147947820555, 23.522800645682004, 12.747344322344325, 1027.781148148148, 20.57904321893028, 22.150508231134683, 20.772211058336378, 17.55857142857143]","[42.1, 39.900000000000006, 44.900000000000006, 35.4, 36.4, 100.0, 48.7, 43.1, 39.1, 45.0]"
ga,6,18,27.249661252865394,37.64,295.7,1.4815660147701546,5.5,13.00107142857143,23.98416666666667,10.98309523809524,True,0.0,hospital_corridor,28,12,"[11, 29, 47, 53, 61, 73, 89, 97, 101, 109]","[2.0508758252157233, 2.364002613376945, 0.7887284024801211, 0.5, 1.0]","{""time"": 0.0, ""collisions"": 0.05, ""congestion"": 1.0, ""fairness"": 1.0, ""incomplete_base"": 1000.0, ""incomplete_agent"": 10.0}","[43.90524691358025, 20.412213403880067, 19.81078963230862, 25.77445054945055, 17.557975222609368, 26.285733643050715, 30.67119815668203, 28.997563676633444, 35.90023684866617, 23.18120448179272]","[32.4, 32.4, 39.5, 31.200000000000003, 36.9, 36.9, 43.400000000000006, 43.0, 38.2, 42.5]"
ga,6,19,1185.8276701835225,43.330000000000005,3445.7,1.7050078458601097,6.1,13.65392857142857,24.49159090909091,10.837662337662337,False,0.1,hospital_corridor,28,12,"[11, 29, 47, 53, 61, 73, 89, 97, 101, 109]","[2.153589290465285, 1.74052926421209, 0.5, 0.5, 1.0]","{""time"": 0.0, ""collisions"": 0.05, ""congestion"": 1.0, ""fairness"": 1.0, ""incomplete_base"": 1000.0, ""incomplete_agent"": 10.0}","[1214.417909090909, 185.08035357855718, 155.10507648655317, 211.4639502762431, 182.69285714285715, 124.93701996927804, 200.2131550610194, 235.22498398462528, 200.14139624518216, 149.0]","[100.0, 33.4, 38.6, 36.2, 31.5, 31.0, 39.800000000000004, 44.6, 38.300000000000004, 39.900000000000006]"
ga,6,20,22.768375042417,32.260000000000005,224.2,1.734327423369379,5.0,12.389285714285714,22.21333333333333,9.82404761904762,True,0.0,hospital_corridor,28,12,"[11, 29, 47, 53, 61, 73, 89, 97, 101, 109]","[2.745330098715447, 2.533590507106834, 0.842764243714456, 0.5, 1.0]","{""time"": 0.0, ""collisions"": 0.05, ""congestion"": 1.0, ""fairness"": 1.0, ""incomplete_base"": 1000.0, ""incomplete_agent"": 10.0}","[37.97323923581409, 12.819155844155844, 21.157422969187678, 26.801930501930507, 27.041414611447188, 18.462585034013607, 23.409126984126985, 21.590469824293354, 23.173348694316438, 15.25505672488431]","[33.4, 30.8, 30.6, 29.6, 30.700000000000003, 29.400000000000002, 37.800000000000004, 37.4, 31.0, 31.900000000000002]"
ga,6,21,24.94589307552871,30.21,285.1,1.862321646957275,5.9,11.69142857142857,20.520000000000003,8.828571428571427,True,0.0,hospital_corridor,28,12,"[11, 29, 47, 53, 61, 73, 89, 97, 101, 109]","[3.2796786089258494, 2.3970735542886303, 0.8581429022207805, 0.5, 1.0]","{""time"": 0.0, ""collisions"": 0.05, ""congestion"": 1.0, ""fairness"": 1.0, ""incomplete_base"": 1000.0, ""incomplete_agent"": 10.0}","[39.0953634085213, 17.92509398496241, 30.252136333985646, 35.365476190476194, 13.247619047619049, 20.69705513784461, 26.685643212508886, 24.925171600171602, 23.754617604617607, 17.51075423457974]","[28.5, 30.400000000000002, 29.200000000000003, 28.8, 30.400000000000002, 28.5, 33.5, 33.300000000000004, 29.700000000000003, 29.8]"
ga,6,22,182.4856856496319,36.6,3395.2,1.8234237448699986,6.1,13.653571428571428,24.555833333333336,10.902261904761906,True,0.0,hospital_corridor,28,12,"[11, 29, 47, 53, 61, 73, 89, 97, 101, 109]","[2.061482885788825, 2.5620385306859093, 0.644812772291115, 0.5, 1.0]","{""time"": 0.0, ""collisions"": 0.05, ""congestion"": 1.0, ""fairness"": 1.0, ""incomplete_base"": 1000.0, ""incomplete_agent"": 10.0}","[205.85154142581888, 182.7059238665526, 164.14959568733155, 212.50680952380955, 185.7728778467909, 139.77194616977226, 171.7157056798623, 234.79371428571432, 188.45435689739816, 139.13438511326862]","[34.6, 33.4, 37.1, 37.5, 32.2, 32.2, 41.5, 37.5, 38.800000000000004, 41.2]"
ga,6,23,1018.4194464373803,45.72,100.9,1.3312453791792858,5.0,13.905132275132274,24.948333333333334,11.04320105820106,False,0.1,hospital_corridor,28,12,"[11, 29, 47, 53, 61, 73, 89, 97, 101, 109]","[2.05465857901101, 2.367377080517916, 0.8804352907493953, 0.5, 1.0]","{""time"": 0.0, ""collisions"": 0.05, ""congestion"": 1.0, ""fairness"": 1.0, ""incomplete_base"": 1000.0, ""incomplete_agent"": 10.0}","[22.49529323991177, 12.64531098153547, 16.75386002886003, 18.614075630252103, 13.339797680730323, 1026.773962962963, 18.781385281385283, 18.92142857142857, 17.52465302703996, 18.34469696969697]","[36.7, 34.300000000000004, 39.6, 34.0, 38.6, 100.0, 46.2, 44.0, 39.800000000000004, 44.0]"
ga,7,0,16.405762366402424,44.260000000000005,64.3,1.4107623664024243,4.9,15.695000000000002,27.475,11.78,True,0.0,hospital_corridor,28,12,"[11, 29, 47, 53, 61, 73, 89, 97, 101, 109]","[2.0248867710607996, 2.470849845288197, 0.9599050064010779, 0.5, 1.0]","{""time"": 0.0, ""collisions"": 0.05, ""congestion"": 1.0, ""fairness"": 1.0, ""incomplete_base"": 1000.0, ""incomplete_agent"": 10.0}","[17.275337723741977, 13.68125, 14.95531522468142, 22.464956405097247, 10.72170655064056, 15.453221288515412, 15.404790081713159, 20.632820976491864, 15.2541030975497, 18.214122315592903]","[42.300000000000004, 48.0, 42.6, 42.6, 39.400000000000006, 42.5, 50.7, 47.400000000000006, 41.2, 45.900000000000006]"
ga,7,1,16.405762366402424,44.260000000000005,64.3,1.4107623664024243,4.9,15.695000000000002,27.475,11.78,True,0.0,hospital_corridor,28,12,"[11, 29, 47, 53, 61, 73, 89, 97, 101, 109]","[2.0248867710607996, 2.470849845288197, 0.9599050064010779, 0.5, 1.0]","{""time"": 0.0, ""collisions"": 0.05, ""congestion"": 1.0, ""fairness"": 1.0, ""incomplete_base"": 1000.0, ""incomplete_agent"": 10.0}","[17.275337723741977, 13.68125, 14.95531522468142, 22.464956405097247, 10.72170655064056, 15.453221288515412, 15.404790081713159, 20.632820976491864, 15.2541030975497, 18.214122315592903]","[42.300000000000004, 48.0, 42.6, 42.6, 39.400000000000006, 42.5, 50.7, 47.400000000000006, 41.2, 45.900000000000006]"
ga,7,2,16.090939066905843,36.61,76.0,1.58117716214394,5.0,13.128571428571428,23.838333333333335,10.709761904761903,True,0.0,hospital_corridor,28,12,"[11, 29, 47, 53, 61, 73, 89, 97, 101, 109]","[2.525853201475061, 2.8415023044274985, 0.8986707944262855, 0.5, 1.0]","{""time"": 0.0, ""collisions"": 0.05, ""congestion"": 1.0, ""fairness"": 1.0, ""incomplete_base"": 1000.0, ""incomplete_agent"": 10.0}","[23.038402457757293, 10.755654761904761, 12.760385756676559, 16.554347826086957, 10.448168498168497, 19.332042893493274, 19.387982929020662, 17.917640692640692, 15.564075630252102, 15.150689223057645]","[43.400000000000006, 32.0, 33.7, 34.5, 27.3, 39.300000000000004, 42.400000000000006, 39.6, 34.0, 39.900000000000006]"
ga,7,3,1032.9172640295462,77.03,35.1,0.7567275450967743,4.2,17.36135745494441,31.766893939393942,14.40553648444953,False,1.6,hospital_corridor,28,12,"[11, 29, 47, 53, 61, 73, 89, 97, 101, 109]","[1.6664465275070002, 2.470849845288197, 0.9599050064010779, 0.5, 1.0]","{""time"": 0.0, ""collisions"": 0.05, ""congestion"": 1.0, ""fairness"": 1.0, ""incomplete_base"": 1000.0, ""incomplete_agent"": 10.0}","[15.01616663355189, 1073.704909090909, 16.573415918091374, 9.49070141570142, 1071.3919169960475, 1044.315104895105, 21.835025062656648, 28.349891774891777, 1025.876814814815, 22.618693693693697]","[71.9, 100.0, 49.300000000000004, 62.900000000000006, 100.0, 100.0, 68.4, 66.0, 100.0, 51.800000000000004]"
ga,7,4,1059.4374805694306,100.0,115.0,0.4742,4.1,13.642719430569432,24.856,11.213280569430571,False,4.2,hospital_corridor,28,12,"[11, 29, 47, 53, 61, 73, 89, 97, 101, 109]","[2.8044055701116655, 2.4899313023304157, 1.1432009428617234, 0.5, 1.0]","{""time"": 0.0, ""collisions"": 0.05, ""congestion"": 1.0, ""fairness"": 1.0, ""incomplete_base"": 1000.0, ""incomplete_agent"": 10.0}","[1066.7268333333334, 1093.094, 1034.940414141414, 1072.5358484848484, 1069.5664242424243, 1058.0566363636365, 1036.1471282051282, 1054.8415555555555, 1029.2242987012987, 1079.2416666666666]","[100.0, 100.0, 100.0, 100.0, 100.0, 100.0, 100.0, 100.0, 100.0, 100.0]"
ga,7,5,23.856211951360752,33.940000000000005,250.9,1.6976405227893216,5.3,12.693928571428572,22.307499999999997,9.61357142857143,True,0.0,hospital_corridor,28,12,"[11, 29, 47, 53, 61, 73, 89, 97, 101, 109]","[2.7728359456691516, 2.4130791504412628, 0.8715923485355922, 0.5, 1.0]","{""time"": 0.0, ""collisions"": 0.05, ""congestion"": 1.0, ""fairness"": 1.0, ""incomplete_base"": 1000.0, ""incomplete_agent"": 10.0}","[53.78605308964317, 13.37892359516154, 13.876041666666666, 38.371402189684744, 14.75151515151515, 19.180125100887814, 18.801221559119732, 19.33144543921111, 27.760267857142857, 19.325123864574735]","[38.300000000000004, 31.1, 32.0, 36.1, 30.8, 29.5, 38.300000000000004, 36.7, 32.0, 34.6]"
ga,7,6,21.168295045881578,38.79,162.3,1.5947236173101498,5.1,13.311428571428573,24.77,11.45857142857143,True,0.0,hospital_corridor,28,12,"[11, 29, 47, 53, 61, 73, 89, 97, 101, 109]","[2.4796054910375647, 2.4278021022402285, 0.8984140957192683, 0.5, 1.0]","{""time"": 0.0, ""collisions"": 0.05, ""congestion"": 1.0, ""fairness"": 1.0, ""incomplete_base"": 1000.0, ""incomplete_agent"": 10.0}","[41.12902988453702, 10.905926257650396, 13.825073746312686, 21.10332434860737, 11.796031746031748, 23.252659574468087, 21.057829670329674, 31.91150335422853, 21.18440792246102, 15.51716395418927]","[63.1, 31.900000000000002, 33.9, 31.8, 36.0, 32.9, 41.6, 43.300000000000004, 33.9, 39.5]"
ga,7,7,1026.8160202735514,44.93,159.1,1.7020012259323132,4.7,13.606814285714284,24.765833333333337,11.159019047619047,False,0.6,hospital_corridor,28,12,"[11, 29, 47, 53, 61, 73, 89, 97, 101, 109]","[2.0961094682964365, 2.410217937435881, 0.8821844222027895, 0.5, 1.0]","{""time"": 0.0, ""collisions"": 0.05, ""congestion"": 1.0, ""fairness"": 1.0, ""incomplete_base"": 1000.0, ""incomplete_agent"": 10.0}","[29.615768930523032, 12.228464818763326, 16.69726855209089, 1097.7473333333332, 14.348663208300081, 17.53949275362319, 22.306268018689728, 18.06254578754579, 21.06148233486943, 18.552914997774813]","[36.6, 33.5, 39.400000000000006, 100.0, 35.800000000000004, 34.5, 47.900000000000006, 41.6, 37.2, 42.800000000000004]"
ga,7,8,18.099119155433314,40.08,106.2,1.5137620125761708,5.1,14.422142857142859,25.6975,11.275357142857143,True,0.0,hospital_corridor,28,12,"[11, 29, 47, 53, 61, 73, 89, 97, 101, 109]","[2.026335073111799, 2.3721454920921374, 0.8831717434896633, 0.5, 1.0]","{""time"": 0.0, ""collisions"": 0.05, ""congestion"": 1.0, ""fairness"": 1.0, ""incomplete_base"": 1000.0, ""incomplete_agent"": 10.0}","[23.315318186771275, 11.847155137126483, 14.780827067669174, 17.282298136645963, 13.119832826747722, 21.10143037063692, 19.23482142857143, 19.97568681318681, 18.535949932672303, 21.797871654305062]","[43.7, 34.9, 39.900000000000006, 32.2, 37.6, 39.7, 48.0, 41.6, 38.900000000000006, 44.300000000000004]"
ga,7,9,1073.3513496503497,100.0,54.0,0.44000000000000006,4.1,21.069350349650353,35.9983888888889,15.21134965034965,False,5.5,hospital_corridor,28,12,"[11, 29, 47, 53, 61, 73, 89, 97, 101, 109]","[1.225913005618621, 1.9980683581926348, 0.8907041711835104, 0.5, 1.0]","{""time"": 0.0, ""collisions"": 0.05, ""congestion"": 1.0, ""fairness"": 1.0, ""incomplete_base"": 1000.0, ""incomplete_agent"": 10.0}","[1064.1315555555555, 1067.487, 1062.3525, 1038.0169230769231, 1108.4977272727272, 1047.979, 1074.9836666666667, 1100.903611111111, 1077.3696666666667, 1091.791846153846]","[100.0, 100.0, 100.0, 100.0, 100.0, 100.0, 100.0, 100.0, 100.0, 100.0]"
ga,7,10,18.377261829490845,36.84000000000001,137.2,1.559404686633704,5.1,13.564642857142857,23.5225,9.957857142857142,True,0.0,hospital_corridor,28,12,"[11, 29, 47, 53, 61, 73, 89, 97, 101, 109]","[2.5622508775386503, 2.5071431103991575, 0.9379366140112726, 0.5, 1.0]","{""time"": 0.0, ""collisions"": 0.05, ""congestion"": 1.0, ""fairness"": 1.0, ""incomplete_base"": 1000.0, ""incomplete_agent"": 10.0}","[37.22049689440994, 10.243871252204586, 14.500676246830093, 18.44207920792079, 10.896081739782527, 19.24804147465438, 20.194775774387423, 19.19134835752483, 18.2627104013811, 15.57253694581281]","[41.400000000000006, 32.4, 33.800000000000004, 30.3, 38.1, 37.2, 41.2, 37.4, 33.1, 43.5]"
ga,7,11,16.075284366938348,35.78,96.9,1.601712938366917,4.8,13.376428571428573,23.005000000000003,9.62857142857143,True,0.0,hospital_corridor,28,12,"[11, 29, 47, 53, 61, 73, 89, 97, 101, 109]","[2.5644910381577413, 2.805209039316538, 0.9079623079722454, 0.5, 1.0]","{""time"": 0.0, ""collisions"": 0.05, ""congestion"": 1.0, ""fairness"": 1.0, ""incomplete_base"": 1000.0, ""incomplete_agent"": 10.0}","[24.935714285714287, 10.867805383022777, 12.721040974529348, 19.142395529640424, 9.410244686109738, 15.650552008512904, 17.32862880091796, 16.81887841430989, 18.729964539007092, 15.147619047619049]","[39.2, 32.2, 34.4, 34.300000000000004, 28.900000000000002, 35.800000000000004, 41.5, 39.400000000000006, 32.9, 39.2]"
ga,7,12,18.127913320938745,40.06,102.8,1.4926752257006481,4.5,14.326428571428574,25.82166666666667,11.495238095238097,True,0.0,hospital_corridor,28,12,"[11, 29, 47, 53, 61, 73, 89, 97, 101, 109]","[2.22143293632479, 2.5771210562883855, 0.9333773947796287, 0.5, 1.0]","{""time"": 0.0, ""collisions"": 0.05, ""congestion"": 1.0, ""fairness"": 1.0, ""incomplete_base"": 1000.0, ""incomplete_agent"": 10.0}","[16.432848324514993, 13.08108091565675, 16.03474760661445, 36.102667709419535, 12.681038599283726, 14.496643717728055, 17.187210012210013, 19.479936808846766, 18.539607997895292, 17.243351517217867]","[32.4, 38.900000000000006, 38.300000000000004, 54.800000000000004, 35.9, 33.2, 46.800000000000004, 42.2, 36.2, 41.900000000000006]"
ga,7,13,22.261180168798134,32.38,228.2,1.8185611211790875,5.5,12.428214285714285,21.460833333333337,9.032619047619049,True,0.0,hospital_corridor,28,12,"[11, 29, 47, 53, 61, 73, 89, 97, 101, 109]","[3.2706235644362156, 2.73523109342731, 0.9125215272038892, 0.5, 1.0]","{""time"": 0.0, ""collisions"": 0.05, ""congestion"": 1.0, ""fairness"": 1.0, ""incomplete_base"": 1000.0, ""incomplete_agent"": 10.0}","[44.72010395707579, 12.345845004668535, 12.988449163449165, 26.277976190476195, 10.112023449863331, 16.095560936238904, 28.133835828949145, 30.19489795918367, 26.331204436171866, 15.411904761904761]","[35.5, 30.6, 29.6, 28.8, 33.1, 29.5, 35.300000000000004, 39.2, 30.700000000000003, 31.5]"
ga,7,14,17.881781762674304,38.07000000000001,103.7,1.534162715055259,4.7,13.983214285714286,25.145833333333336,11.162619047619046,True,0.0,hospital_corridor,28,12,"[11, 29, 47, 53, 61, 73, 89, 97, 101, 109]","[2.335685218597269, 2.474059641501211, 0.943816741414445, 0.5, 1.0]","{""time"": 0.0, ""collisions"": 0.05, ""congestion"": 1.0, ""fairness"": 1.0, ""incomplete_base"": 1000.0, ""incomplete_agent"": 10.0}","[18.13128003494976, 10.754575444635684, 18.64207097933513, 26.12436648717137, 15.356986729117876, 17.53647672552167, 18.602577094911194, 17.878388278388275, 18.80772146847566, 16.983374384236452]","[32.7, 33.2, 37.1, 45.1, 36.6, 35.6, 43.7, 40.300000000000004, 35.800000000000004, 40.6]"
ga,7,15,14.651801016957702,37.36,46.4,1.5038248264815082,4.8,13.975357142857144,24.803333333333335,10.827976190476193,True,0.0,hospital_corridor,28,12,"[11, 29, 47, 53, 61, 73, 89, 97, 101, 109]","[2.3998278593010056, 3.077360592345829, 0.9533309510717056, 0.5, 1.0]","{""time"": 0.0, ""collisions"": 0.05, ""congestion"": 1.0, ""fairness"": 1.0, ""incomplete_base"": 1000.0, ""incomplete_agent"": 10.0}","[17.48561253561254, 8.777918586789557, 14.320054945054945, 9.476500535905682, 12.501657824933687, 13.273018270752411, 14.732460317460319, 24.295989974937346, 14.786190476190477, 16.868606701940035]","[35.1, 34.1, 36.4, 31.1, 37.7, 33.1, 45.0, 45.6, 35.0, 40.5]"
ga,7,16,161.1065958127259,31.22,3008.7,1.9740958127259216,6.2,12.000000000000002,20.697499999999998,8.6975,True,0.0,hospital_corridor,28,12,"[11, 29, 47, 53, 61, 73, 89, 97, 101, 109]","[3.120780837392453, 2.3956272064009965, 0.625415593845073, 0.5, 1.0]","{""time"": 0.0, ""collisions"": 0.05, ""congestion"": 1.0, ""fairness"": 1.0, ""incomplete_base"": 1000.0, ""incomplete_agent"": 10.0}","[187.6974688974689, 174.13631767775604, 130.14683626875407, 180.0538409703504, 143.44277003484322, 123.46047447756082, 161.49865782878248, 184.76625320786997, 173.1352849336456, 152.72805383022776]","[33.300000000000004, 29.200000000000003, 29.200000000000003, 31.8, 28.700000000000003, 27.8, 36.1, 33.4, 30.5, 32.2]"
ga,7,17,1187.4016837361125,100.0,32.5,0.30500000000000005,3.1,15.937130838202046,32.408814574314576,16.471683736112528,False,16.9,hospital_corridor,28,12,"[11, 29, 47, 53, 61, 73, 89, 97, 101, 109]","[0.9765941172989892, 2.3620591725092597, 0.8838212224889817, 0.5, 1.0]","{""time"": 0.0, ""collisions"": 0.05, ""congestion"": 1.0, ""fairness"": 1.0, ""incomplete_base"": 1000.0, ""incomplete_agent"": 10.0}","[1175.0975294117648, 1165.5568441558441, 1213.3127142857143, 1226.1197272727272, 1176.7315555555556, 1185.2113571428572, 1172.5357222222221, 1184.2878947368422, 1195.397282051282, 1179.7662105263157]","[100.0, 100.0, 100.0, 100.0, 100.0, 100.0, 100.0, 100.0, 100.0, 100.0]"
ga,7,18,54.488718791168104,35.93,848.3,1.6240759340252513,5.5,12.770357142857142,23.220000000000002,10.449642857142857,True,0.0,hospital_corridor,28,12,"[11, 29, 47, 53, 61, 73, 89, 97, 101, 109]","[2.1387113741357973, 2.6579089734855406, 0.7379092800468812, 0.5, 1.0]","{""time"": 0.0, ""collisions"": 0.05, ""congestion"": 1.0, ""fairness"": 1.0, ""incomplete_base"": 1000.0, ""incomplete_agent"": 10.0}","[89.03595378979996, 40.73690476190477, 37.042211625794735, 79.4922333789746, 37.32578347578348, 61.700014343086636, 49.772285374957576, 60.285087719298254, 53.6412408052652, 35.85547263681592]","[33.800000000000004, 32.0, 36.7, 31.3, 35.1, 33.2, 42.1, 38.0, 36.9, 40.2]"
ga,7,19,190.6718567571566,36.75,3560.6,1.8376900904899316,5.9,14.0,24.80416666666667,10.804166666666669,True,0.0,hospital_corridor,28,12,"[11, 29, 47, 53, 61, 73, 89, 97, 101, 109]","[2.0617510200158353, 2.3814092689951054, 0.6730518375798832, 0.5, 1.0]","{""time"": 0.0, ""collisions"": 0.05, ""congestion"": 1.0, ""fairness"": 1.0, ""incomplete_base"": 1000.0, ""incomplete_agent"": 10.0}","[255.86409823772027, 209.00887837062535, 163.17093441150047, 208.19285714285715, 201.7146480331263, 126.27623456790124, 193.5975034674064, 191.44942803937218, 190.99912862052037, 166.4448566805363]","[38.1, 33.2, 37.1, 37.5, 32.2, 32.4, 41.2, 35.800000000000004, 38.800000000000004, 41.2]"
ga,7,20,22.00398857892113,34.300000000000004,208.9,1.6655361979687497,5.0,12.635714285714286,22.52916666666667,9.893452380952379,True,0.0,hospital_corridor,28,12,"[11, 29, 47, 53, 61, 73, 89, 97, 101, 109]","[2.762577555329327, 2.407371459544047, 0.8828121863592304, 0.5, 1.0]","{""time"": 0.0, ""collisions"": 0.05, ""congestion"": 1.0, ""fairness"": 1.0, ""incomplete_base"": 1000.0, ""incomplete_agent"": 10.0}","[34.21895238095238, 13.025474659317101, 13.410714285714286, 40.57924220449601, 13.324955496217179, 22.75520683020683, 22.13127371771331, 18.95665362035225, 25.750404312668465, 15.887008281573499]","[37.5, 31.1, 31.5, 39.400000000000006, 32.1, 29.700000000000003, 38.900000000000006, 36.5, 31.8, 34.5]"
ga,7,21,16.498793008868617,33.50000000000001,106.4,1.7111739612495653,5.1,13.045714285714288,22.513333333333332,9.46761904761905,True,0.0,hospital_corridor,28,12,"[11, 29, 47, 53, 61, 73, 89, 97, 101, 109]","[2.595187063211105, 2.803550790548296, 0.8848812449155461, 0.5, 1.0]","{""time"": 0.0, ""collisions"": 0.05, ""congestion"": 1.0, ""fairness"": 1.0, ""incomplete_base"": 1000.0, ""incomplete_agent"": 10.0}","[26.574981301421094, 11.080952380952382, 13.963037166085947, 17.621760797342194, 10.194788858939804, 17.063372093023258, 17.18620448179272, 16.710349918331445, 18.460830429732866, 16.13165266106443]","[38.2, 31.8, 32.800000000000004, 30.1, 26.5, 30.1, 40.800000000000004, 37.9, 32.800000000000004, 34.0]"
ga,7,22,20.65229489370295,34.4,183.1,1.642294893702949,5.2,13.375,23.23,9.855,True,0.0,hospital_corridor,28,12,"[11, 29, 47, 53, 61, 73, 89, 97, 101, 109]","[2.698972162352012, 2.475563739157313, 0.9372426860850727, 0.5, 1.0]","{""time"": 0.0, ""collisions"": 0.05, ""congestion"": 1.0, ""fairness"": 1.0, ""incomplete_base"": 1000.0, ""incomplete_agent"": 10.0}","[39.080788553953695, 22.953218694885365, 12.908912386706948, 19.503672316384183, 11.551477233229061, 18.27198813279255, 22.56948271694465, 22.28914356787491, 23.2219305794607, 14.172334754797442]","[43.6, 32.4, 33.1, 29.5, 27.400000000000002, 31.700000000000003, 39.400000000000006, 40.2, 33.2, 33.5]"
ga,7,23,17.646033315938272,38.57000000000001,107.5,1.5451999826049387,4.9,14.0375,24.763333333333332,10.725833333333334,True,0.0,hospital_corridor,28,12,"[11, 29, 47, 53, 61, 73, 89, 97, 101, 109]","[2.1255238961649803, 2.3671701943879127, 0.9021682779494841, 0.5, 1.0]","{""time"": 0.0, ""collisions"": 0.05, ""congestion"": 1.0, ""fairness"": 1.0, ""incomplete_base"": 1000.0, ""incomplete_agent"": 10.0}","[19.85900852878465, 13.373279658684286, 14.56259590792839, 19.66977813852814, 12.789779874213835, 16.1557240704501, 19.116289639500053, 22.723373574782023, 19.50114684617302, 18.709356920338234]","[33.5, 34.6, 39.1, 35.2, 37.1, 36.5, 46.1, 42.6, 38.2, 42.800000000000004]"
ga,8,0,14.651801016957702,37.36,46.4,1.5038248264815082,4.8,13.975357142857144,24.803333333333335,10.827976190476193,True,0.0,hospital_corridor,28,12,"[11, 29, 47, 53, 61, 73, 89, 97, 101, 109]","[2.3998278593010056, 3.077360592345829, 0.9533309510717056, 0.5, 1.0]","{""time"": 0.0, ""collisions"": 0.05, ""congestion"": 1.0, ""fairness"": 1.0, ""incomplete_base"": 1000.0, ""incomplete_agent"": 10.0}","[17.48561253561254, 8.777918586789557, 14.320054945054945, 9.476500535905682, 12.501657824933687, 13.273018270752411, 14.732460317460319, 24.295989974937346, 14.786190476190477, 16.868606701940035]","[35.1, 34.1, 36.4, 31.1, 37.7, 33.1, 45.0, 45.6, 35.0, 40.5]"
ga,8,1,16.075284366938348,35.78,96.9,1.601712938366917,4.8,13.376428571428573,23.005000000000003,9.62857142857143,True,0.0,hospital_corridor,28,12,"[11, 29, 47, 53, 61, 73, 89, 97, 101, 109]","[2.5644910381577413, 2.805209039316538, 0.9079623079722454, 0.5, 1.0]","{""time"": 0.0, ""collisions"": 0.05, ""congestion"": 1.0, ""fairness"": 1.0, ""incomplete_base"": 1000.0, ""incomplete_agent"": 10.0}","[24.935714285714287, 10.867805383022777, 12.721040974529348, 19.142395529640424, 9.410244686109738, 15.650552008512904, 17.32862880091796, 16.81887841430989, 18.729964539007092, 15.147619047619049]","[39.2, 32.2, 34.4, 34.300000000000004, 28.900000000000002, 35.800000000000004, 41.5, 39.400000000000006, 32.9, 39.2]"
ga,8,2,18.117508965590112,34.98,124.9,1.6522708703520181,5.4,13.161428571428573,23.381666666666668,10.220238095238095,True,0.0,hospital_corridor,28,12,"[11, 29, 47, 53, 61, 73, 89, 97, 101, 109]","[2.4247870224555443, 2.4465811100223425, 0.8996809496241576, 0.5, 1.0]","{""time"": 0.0, ""collisions"": 0.05, ""congestion"": 1.0, ""fairness"": 1.0, ""incomplete_base"": 1000.0, ""incomplete_agent"": 10.0}","[25.55303937217345, 12.145607553366172, 13.607565834356667, 26.144761904761907, 10.924112554112558, 19.583809523809524, 21.606163773920784, 18.206596409055425, 17.71511627906977, 15.688316451274888]","[35.800000000000004, 31.900000000000002, 34.9, 35.0, 27.5, 30.0, 42.800000000000004, 36.6, 34.4, 40.900000000000006]"
ga,8,3,22.402076569497783,41.510000000000005,195.5,1.3625527599739728,4.6,14.904642857142857,26.169166666666666,11.26452380952381,True,0.0,hospital_corridor,28,12,"[11, 29, 47, 53, 61, 73, 89, 97, 101, 109]","[2.07970523964282, 1.9006131670191495, 0.9586381524961887, 0.5, 1.0]","{""time"": 0.0, ""collisions"": 0.05, ""congestion"": 1.0, ""fairness"": 1.0, ""incomplete_base"": 1000.0, ""incomplete_agent"": 10.0}","[35.75702947845805, 12.501473598035204, 29.844331911869226, 27.978272313950708, 12.03748636859324, 21.396850998463904, 22.25887016602048, 24.50934047130146, 19.58308544497491, 18.15402494331066]","[44.1, 34.9, 40.2, 39.800000000000004, 39.300000000000004, 37.2, 47.900000000000006, 48.7, 38.900000000000006, 44.1]"
ga,8,4,19.243035239368794,35.83,153.9,1.5502971441306985,5.0,12.921428571428573,22.919166666666666,9.997738095238097,True,0.0,hospital_corridor,28,12,"[11, 29, 47, 53, 61, 73, 89, 97, 101, 109]","[2.763893712228796, 2.5145349224192857, 0.9238024335213988, 0.5, 1.0]","{""time"": 0.0, ""collisions"": 0.05, ""congestion"": 1.0, ""fairness"": 1.0, ""incomplete_base"": 1000.0, ""incomplete_agent"": 10.0}","[30.84700120554551, 11.925452079566005, 18.396492414000303, 27.679533678756478, 10.194345238095238, 18.523241879533273, 20.55016576250754, 17.83921448921449, 20.673953265516737, 15.800952380952381]","[39.5, 31.6, 31.700000000000003, 38.6, 44.800000000000004, 30.200000000000003, 39.5, 35.1, 32.300000000000004, 35.0]"
ga,8,5,13.747157837131923,34.82000000000001,53.7,1.777514979989063,5.4,13.250357142857144,22.535000000000004,9.28464285714286,True,0.0,hospital_corridor,28,12,"[11, 29, 47, 53, 61, 73, 89, 97, 101, 109]","[2.8424150708046887, 3.1989698771652737, 0.9325358350969355, 0.5, 1.0]","{""time"": 0.0, ""collisions"": 0.05, ""congestion"": 1.0, ""fairness"": 1.0, ""incomplete_base"": 1000.0, ""incomplete_agent"": 10.0}","[19.424148374715127, 9.720648604269297, 12.047978436657683, 14.309740259740261, 8.7987012987013, 13.070671687205234, 14.310526315789474, 14.628922274199354, 17.157080200501255, 14.00316091954023]","[39.7, 31.900000000000002, 31.8, 38.5, 26.400000000000002, 31.3, 38.0, 39.7, 36.1, 34.800000000000004]"
ga,8,6,1029.1336881618172,75.22,32.5,0.7724340492631818,4.1,18.602988311688314,35.33924242424242,16.736254112554114,False,1.0,hospital_corridor,28,12,"[11, 29, 47, 53, 61, 73, 89, 97, 101, 109]","[1.4038350565484372, 2.805209039316538, 0.9079623079722454, 0.5, 1.0]","{""time"": 0.0, ""collisions"": 0.05, ""congestion"": 1.0, ""fairness"": 1.0, ""incomplete_base"": 1000.0, ""incomplete_agent"": 10.0}","[1017.9170909090909, 1076.435212121212, 17.281625529793068, 11.604341736694678, 1047.0263333333332, 17.416291585127205, 21.734303605835397, 34.494419306184014, 19.31292667509482, 28.114336815807405]","[100.0, 100.0, 57.300000000000004, 59.5, 100.0, 58.400000000000006, 69.2, 88.4, 56.5, 62.900000000000006]"
ga,8,7,16.075284366938348,35.78,96.9,1.601712938366917,4.8,13.376428571428573,23.005000000000003,9.62857142857143,True,0.0,hospital_corridor,28,12,"[11, 29, 47, 53, 61, 73, 89, 97, 101, 109]","[2.5644910381577413, 2.805209039316538, 0.9079623079722454, 0.5, 1.0]","{""time"": 0.0, ""collisions"": 0.05, ""congestion"": 1.0, ""fairness"": 1.0, ""incomplete_base"": 1000.0, ""incomplete_agent"": 10.0}","[24.935714285714287, 10.867805383022777, 12.721040974529348, 19.142395529640424, 9.410244686109738, 15.650552008512904, 17.32862880091796, 16.81887841430989, 18.729964539007092, 15.147619047619049]","[39.2, 32.2, 34.4, 34.300000000000004, 28.900000000000002, 35.800000000000004, 41.5, 39.400000000000006, 32.9, 39.2]"
ga,8,8,1093.8719823096387,100.0,42.3,0.4436,4.0,17.979430821674303,30.292813131313135,12.313382309638833,False,7.9,hospital_corridor,28,12,"[11, 29, 47, 53, 61, 73, 89, 97, 101, 109]","[2.3012059676492767, 2.504099589948599, 1.2091632782368542, 0.5, 1.0]","{""time"": 0.0, ""collisions"": 0.05, ""congestion"": 1.0, ""fairness"": 1.0, ""incomplete_base"": 1000.0, ""incomplete_agent"": 10.0}","[1111.780761904762, 1163.6423333333332, 1037.435835016835, 1073.519090909091, 1104.8146666666667, 1097.1428212560386, 1085.6358695652175, 1057.4811111111112, 1066.625, 1140.6423333333332]","[100.0, 100.0, 100.0, 100.0, 100.0, 100.0, 100.0, 100.0, 100.0, 100.0]"
ga,8,9,24.497008917294714,37.28,237.8,1.515461298247093,5.2,13.016785714285714,24.108333333333334,11.09154761904762,True,0.0,hospital_corridor,28,12,"[11, 29, 47, 53, 61, 73, 89, 97, 101, 109]","[2.2859316809501733, 2.1858753490678047, 0.8440515877658371, 0.5, 1.0]","{""time"": 0.0, ""collisions"": 0.05, ""congestion"": 1.0, ""fairness"": 1.0, ""incomplete_base"": 1000.0, ""incomplete_agent"": 10.0}","[41.02993197278912, 16.898500881834217, 15.422020484171323, 38.53664229471316, 13.478851540616246, 32.451636073423785, 22.81851851851852, 25.241092943201377, 19.660553693618212, 19.432340770061174]","[39.2, 32.4, 35.800000000000004, 38.1, 35.7, 35.800000000000004, 40.5, 41.5, 34.1, 39.7]"
ga,8,10,21.812208970126434,34.0,199.8,1.6870899225073845,4.9,12.935714285714287,23.070833333333333,10.135119047619048,True,0.0,hospital_corridor,28,12,"[11, 29, 47, 53, 61, 73, 89, 97, 101, 109]","[2.6597848376565265, 2.437321682703961, 0.8948266041111538, 0.5, 1.0]","{""time"": 0.0, ""collisions"": 0.05, ""congestion"": 1.0, ""fairness"": 1.0, ""incomplete_base"": 1000.0, ""incomplete_agent"": 10.0}","[34.571296296296296, 15.090555054829506, 12.904249084249084, 26.212955182072832, 14.777721088435374, 23.11262050832603, 20.869660894660896, 29.672339301255747, 24.490940766550523, 16.419751524588037]","[32.4, 31.700000000000003, 32.5, 34.0, 29.400000000000002, 32.6, 39.6, 38.300000000000004, 32.800000000000004, 36.7]"
ga,8,11,20.94662330095496,35.57,176.5,1.8592423485740077,5.9,13.344285714285714,23.60666666666667,10.262380952380953,True,0.0,hospital_corridor,28,12,"[11, 29, 47, 53, 61, 73, 89, 97, 101, 109]","[2.8148238750746115, 2.8115520812675845, 0.8866563766743621, 0.5, 1.0]","{""time"": 0.0, ""collisions"": 0.05, ""congestion"": 1.0, ""fairness"": 1.0, ""incomplete_base"": 1000.0, ""incomplete_agent"": 10.0}","[37.53449553217962, 21.945533080488833, 12.726380648105888, 27.82130214917826, 15.336080586080588, 14.102078288942694, 17.52546869141357, 24.6890088593577, 23.499255952380956, 14.286629221421508]","[42.1, 33.9, 31.3, 45.2, 31.200000000000003, 29.5, 38.1, 38.7, 32.0, 33.7]"
ga,8,12,17.61664309086952,38.6,115.8,1.6623573765838047,5.0,14.280714285714287,24.445000000000004,10.164285714285715,True,0.0,hospital_corridor,28,12,"[11, 29, 47, 53, 61, 73, 89, 97, 101, 109]","[2.379212683162005, 2.586305144541038, 0.9354719614056124, 0.5, 1.0]","{""time"": 0.0, ""collisions"": 0.05, ""congestion"": 1.0, ""fairness"": 1.0, ""incomplete_base"": 1000.0, ""incomplete_agent"": 10.0}","[28.487458471760796, 10.166802110065586, 18.971441872838522, 17.719322344322347, 12.539025194565358, 21.329359844201534, 17.27761459724077, 16.037274220032838, 16.832934233865466, 16.80519801980198]","[51.6, 33.4, 35.800000000000004, 32.5, 36.1, 37.9, 42.800000000000004, 40.6, 34.9, 40.400000000000006]"
ga,8,13,16.774624957489447,38.34000000000001,88.4,1.5987916241561122,5.1,14.372499999999999,25.128333333333337,10.755833333333333,True,0.0,hospital_corridor,28,12,"[11, 29, 47, 53, 61, 73, 89, 97, 101, 109]","[2.2642258646484574, 2.7260470051746575, 0.9231038394217508, 0.5, 1.0]","{""time"": 0.0, ""collisions"": 0.05, ""congestion"": 1.0, ""fairness"": 1.0, ""incomplete_base"": 1000.0, ""incomplete_agent"": 10.0}","[24.71091403004155, 10.59445628997868, 15.576843317972351, 17.127078668457976, 11.87730180714945, 15.034126984126985, 16.779510997224005, 19.668379582048647, 18.153276269185362, 18.22436162870946]","[44.7, 33.5, 37.2, 31.900000000000002, 36.1, 36.0, 44.6, 41.7, 36.300000000000004, 41.400000000000006]"
ga,8,14,15.615362528541409,36.760000000000005,83.3,1.47524348092236,4.9,13.890714285714285,23.865833333333335,9.97511904761905,True,0.0,hospital_corridor,28,12,"[11, 29, 47, 53, 61, 73, 89, 97, 101, 109]","[2.3796430952177854, 2.548634942620739, 0.9532844410697314, 0.5, 1.0]","{""time"": 0.0, ""collisions"": 0.05, ""congestion"": 1.0, ""fairness"": 1.0, ""incomplete_base"": 1000.0, ""incomplete_agent"": 10.0}","[18.197059003550006, 10.687227045514337, 13.959513916369872, 16.49528178243775, 11.06664620002729, 16.525892857142857, 15.641081517352703, 17.914115646258505, 19.110634477254592, 16.556172839506175]","[38.900000000000006, 36.2, 36.1, 32.7, 34.9, 32.0, 41.300000000000004, 39.2, 35.800000000000004, 40.5]"
ga,8,15,16.583810746691825,42.05,76.3,1.4707155085965855,5.0,14.383571428571429,25.681666666666672,11.29809523809524,True,0.0,hospital_corridor,28,12,"[11, 29, 47, 53, 61, 73, 89, 97, 101, 109]","[2.2097347140007555, 2.7274239419839965, 0.9145828733035919, 0.5, 1.0]","{""time"": 0.0, ""collisions"": 0.05, ""congestion"": 1.0, ""fairness"": 1.0, ""incomplete_base"": 1000.0, ""incomplete_agent"": 10.0}","[24.41944444444445, 11.472034502423721, 13.989378271415806, 15.0189338792842, 13.300091575091578, 17.055476190476192, 16.095846679478967, 17.449708930026784, 19.944060773480665, 17.093132220795894]","[42.300000000000004, 33.4, 37.300000000000004, 31.400000000000002, 39.0, 37.5, 44.6, 40.900000000000006, 36.2, 77.9]"
ga,8,16,19.16479296720935,39.830000000000005,136.4,1.524554871971255,4.8,14.738928571428573,25.55916666666667,10.820238095238096,True,0.0,hospital_corridor,28,12,"[11, 29, 47, 53, 61, 73, 89, 97, 101, 109]","[2.03643814440047, 2.4072576374146726, 0.8857954563008964, 0.5, 1.0]","{""time"": 0.0, ""collisions"": 0.05, ""congestion"": 1.0, ""fairness"": 1.0, ""incomplete_base"": 1000.0, ""incomplete_agent"": 10.0}","[23.215224934194786, 12.478613199665832, 16.539441645675904, 23.79425423061787, 13.485562310030396, 17.063462835559154, 20.426278478537206, 20.27007736733137, 24.13418455465088, 20.240830115830114]","[39.800000000000004, 34.2, 39.7, 36.300000000000004, 37.6, 35.300000000000004, 48.7, 43.7, 38.6, 44.400000000000006]"
ga,8,17,47.37797356358441,36.970000000000006,703.0,1.517140230251079,5.6,12.862500000000002,23.573333333333338,10.710833333333335,True,0.0,hospital_corridor,28,12,"[11, 29, 47, 53, 61, 73, 89, 97, 101, 109]","[2.0501996466761643, 2.44500147686863, 0.7471613876800647, 0.5, 1.0]","{""time"": 0.0, ""collisions"": 0.05, ""congestion"": 1.0, ""fairness"": 1.0, ""incomplete_base"": 1000.0, ""incomplete_agent"": 10.0}","[86.98312386538194, 35.62883022774327, 33.29486607142857, 48.33875878220141, 34.43526658526658, 52.65714950784783, 49.06132832080201, 49.06508758943992, 50.12183729077462, 34.193487394957984]","[34.1, 32.2, 38.400000000000006, 30.5, 35.1, 35.800000000000004, 47.5, 38.6, 36.7, 40.800000000000004]"
ga,8,18,17.646033315938272,38.57000000000001,107.5,1.5451999826049387,4.9,14.0375,24.763333333333332,10.725833333333334,True,0.0,hospital_corridor,28,12,"[11, 29, 47, 53, 61, 73, 89, 97, 101, 109]","[2.1255238961649803, 2.3671701943879127, 0.9021682779494841, 0.5, 1.0]","{""time"": 0.0, ""collisions"": 0.05, ""congestion"": 1.0, ""fairness"": 1.0, ""incomplete_base"": 1000.0, ""incomplete_agent"": 10.0}","[19.85900852878465, 13.373279658684286, 14.56259590792839, 19.66977813852814, 12.789779874213835, 16.1557240704501, 19.116289639500053, 22.723373574782023, 19.50114684617302, 18.709356920338234]","[33.5, 34.6, 39.1, 35.2, 37.1, 36.5, 46.1, 42.6, 38.2, 42.800000000000004]"
ga,8,19,16.498793008868617,33.50000000000001,106.4,1.7111739612495653,5.1,13.045714285714288,22.513333333333332,9.46761904761905,True,0.0,hospital_corridor,28,12,"[11, 29, 47, 53, 61, 73, 89, 97, 101, 109]","[2.595187063211105, 2.803550790548296, 0.8848812449155461, 0.5, 1.0]","{""time"": 0.0, ""collisions"": 0.05, ""congestion"": 1.0, ""fairness"": 1.0, ""incomplete_base"": 1000.0, ""incomplete_agent"": 10.0}","[26.574981301421094, 11.080952380952382, 13.963037166085947, 17.621760797342194, 10.194788858939804, 17.063372093023258, 17.18620448179272, 16.710349918331445, 18.460830429732866, 16.13165266106443]","[38.2, 31.8, 32.800000000000004, 30.1, 26.5, 30.1, 40.800000000000004, 37.9, 32.800000000000004, 34.0]"
ga,8,20,16.090939066905843,36.61,76.0,1.58117716214394,5.0,13.128571428571428,23.838333333333335,10.709761904761903,True,0.0,hospital_corridor,28,12,"[11, 29, 47, 53, 61, 73, 89, 97, 101, 109]","[2.525853201475061, 2.8415023044274985, 0.8986707944262855, 0.5, 1.0]","{""time"": 0.0, ""collisions"": 0.05, ""congestion"": 1.0, ""fairness"": 1.0, ""incomplete_base"": 1000.0, ""incomplete_agent"": 10.0}","[23.038402457757293, 10.755654761904761, 12.760385756676559, 16.554347826086957, 10.448168498168497, 19.332042893493274, 19.387982929020662, 17.917640692640692, 15.564075630252102, 15.150689223057645]","[43.400000000000006, 32.0, 33.7, 34.5, 27.3, 39.300000000000004, 42.400000000000006, 39.6, 34.0, 39.900000000000006]"
ga,8,21,16.090939066905843,36.61,76.0,1.58117716214394,5.0,13.128571428571428,23.838333333333335,10.709761904761903,True,0.0,hospital_corridor,28,12,"[11, 29, 47, 53, 61, 73, 89, 97, 101, 109]","[2.525853201475061, 2.8415023044274985, 0.8986707944262855, 0.5, 1.0]","{""time"": 0.0, ""collisions"": 0.05, ""congestion"": 1.0, ""fairness"": 1.0, ""incomplete_base"": 1000.0, ""incomplete_agent"": 10.0}","[23.038402457757293, 10.755654761904761, 12.760385756676559, 16.554347826086957, 10.448168498168497, 19.332042893493274, 19.387982929020662, 17.917640692640692, 15.564075630252102, 15.150689223057645]","[43.400000000000006, 32.0, 33.7, 34.5, 27.3, 39.300000000000004, 42.400000000000006, 39.6, 34.0, 39.900000000000006]"
ga,8,22,17.132837490434035,37.11000000000001,101.1,1.5505755856721313,4.7,13.40107142857143,23.928333333333335,10.527261904761906,True,0.0,hospital_corridor,28,12,"[11, 29, 47, 53, 61, 73, 89, 97, 101, 109]","[2.473511417704362, 2.8740097517409016, 0.8733001013220807, 0.5, 1.0]","{""time"": 0.0, ""collisions"": 0.05, ""congestion"": 1.0, ""fairness"": 1.0, ""incomplete_base"": 1000.0, ""incomplete_agent"": 10.0}","[26.932142857142857, 12.211823676839156, 15.725367387311007, 18.611946532999166, 14.067087810054385, 15.732808425964048, 17.76170868347339, 18.47032237673831, 16.963690476190475, 14.851476677627574]","[39.900000000000006, 32.300000000000004, 33.7, 34.2, 35.9, 34.7, 42.5, 45.2, 33.6, 39.1]"
ga,8,23,14.414052865210856,35.550000000000004,53.0,1.7057195318775225,5.7,13.5425,23.600833333333338,10.058333333333334,True,0.0,hospital_corridor,28,12,"[11, 29, 47, 53, 61, 73, 89, 97, 101, 109]","[2.452169643071705, 3.044853145032426, 0.9159365270469824, 0.5, 1.0]","{""time"": 0.0, ""collisions"": 0.05, ""congestion"": 1.0, ""fairness"": 1.0, ""incomplete_base"": 1000.0, ""incomplete_agent"": 10.0}","[15.036985472154964, 10.347773846380658, 13.263337547408344, 9.71839826839827, 10.376547189272824, 16.356024096385543, 18.121020874103067, 19.298376623376623, 15.346215249105423, 16.275849485522855]","[35.4, 32.300000000000004, 33.9, 30.8, 27.700000000000003, 33.2, 43.800000000000004, 44.0, 34.6, 39.800000000000004]"
ga,9,0,13.747157837131923,34.82000000000001,53.7,1.777514979989063,5.4,13.250357142857144,22.535000000000004,9.28464285714286,True,0.0,hospital_corridor,28,12,"[11, 29, 47, 53, 61, 73, 89, 97, 101, 109]","[2.8424150708046887, 3.1989698771652737, 0.9325358350969355, 0.5, 1.0]","{""time"": 0.0, ""collisions"": 0.05, ""congestion"": 1.0, ""fairness"": 1.0, ""incomplete_base"": 1000.0, ""incomplete_agent"": 10.0}","[19.424148374715127, 9.720648604269297, 12.047978436657683, 14.309740259740261, 8.7987012987013, 13.070671687205234, 14.310526315789474, 14.628922274199354, 17.157080200501255, 14.00316091954023]","[39.7, 31.900000000000002, 31.8, 38.5, 26.400000000000002, 31.3, 38.0, 39.7, 36.1, 34.800000000000004]"
ga,9,1,14.414052865210856,35.550000000000004,53.0,1.7057195318775225,5.7,13.5425,23.600833333333338,10.058333333333334,True,0.0,hospital_corridor,28,12,"[11, 29, 47, 53, 61, 73, 89, 97, 101, 109]","[2.452169643071705, 3.044853145032426, 0.9159365270469824, 0.5, 1.0]","{""time"": 0.0, ""collisions"": 0.05, ""congestion"": 1.0, ""fairness"": 1.0, ""incomplete_base"": 1000.0, ""incomplete_agent"": 10.0}","[15.036985472154964, 10.347773846380658, 13.263337547408344, 9.71839826839827, 10.376547189272824, 16.356024096385543, 18.121020874103067, 19.298376623376623, 15.346215249105423, 16.275849485522855]","[35.4, 32.300000000000004, 33.9, 30.8, 27.700000000000003, 33.2, 43.800000000000004, 44.0, 34.6, 39.800000000000004]"
ga,9,2,1021.9243455076797,42.57,174.1,1.645655031489257,5.7,12.988809523809522,23.562500000000004,10.573690476190475,False,0.1,hospital_corridor,28,12,"[11, 29, 47, 53, 61, 73, 89, 97, 101, 109]","[3.3401501211231364, 3.1390645820327183, 0.9486015931993383, 0.5, 1.0]","{""time"": 0.0, ""collisions"": 0.05, ""congestion"": 1.0, ""fairness"": 1.0, ""incomplete_base"": 1000.0, ""incomplete_agent"": 10.0}","[33.00945165945166, 22.739999313846575, 15.489523809523812, 22.42345313921747, 16.452129443326626, 1023.519, 19.334159039660435, 29.253940160134853, 23.325987224157956, 13.695811287477955]","[39.6, 34.7, 30.0, 31.400000000000002, 35.5, 100.0, 35.9, 45.2, 41.0, 32.4]"
ga,9,3,16.45910797031649,39.970000000000006,67.6,1.545179398887919,5.0,14.436071428571429,25.97,11.533928571428572,True,0.0,hospital_corridor,28,12,"[11, 29, 47, 53, 61, 73, 89, 97, 101, 109]","[2.43271101289948, 3.1372658874783843, 0.9372651929693028, 0.5, 1.0]","{""time"": 0.0, ""collisions"": 0.05, ""congestion"": 1.0, ""fairness"": 1.0, ""incomplete_base"": 1000.0, ""incomplete_agent"": 10.0}","[34.67275747508306, 9.515123978585518, 14.395756850226125, 13.437265917602998, 10.75, 14.387323943661974, 15.983522474410327, 19.690251415251417, 15.463505747126437, 16.295571901217063]","[60.2, 33.800000000000004, 35.800000000000004, 35.6, 38.0, 35.5, 42.800000000000004, 42.900000000000006, 34.800000000000004, 40.300000000000004]"
ga,9,4,16.012946304636074,37.95,84.0,1.6280653522551187,5.2,13.949285714285713,24.13416666666667,10.184880952380954,True,0.0,hospital_corridor,28,12,"[11, 29, 47, 53, 61, 73, 89, 97, 101, 109]","[2.436551799867291, 2.783673882735789, 0.9264457168463263, 0.5, 1.0]","{""time"": 0.0, ""collisions"": 0.05, ""congestion"": 1.0, ""fairness"": 1.0, ""incomplete_base"": 1000.0, ""incomplete_agent"": 10.0}","[20.213882163034704, 13.557454212454214, 16.303420523138833, 11.471708683473388, 12.538651692971804, 14.44827024827025, 15.26691297208539, 20.317841547099192, 20.934970612930314, 15.07635039090263]","[41.300000000000004, 32.5, 35.5, 30.6, 35.300000000000004, 35.1, 43.5, 45.800000000000004, 39.7, 40.2]"
ga,9,5,1024.70960469995,39.190000000000005,145.1,1.6121523189975449,5.1,12.474214285714286,21.31666666666667,8.842452380952384,False,0.7,hospital_corridor,28,12,"[11, 29, 47, 53, 61, 73, 89, 97, 101, 109]","[2.819941917967048, 2.6766410135461505, 0.8823263458813668, 0.5, 1.0]","{""time"": 0.0, ""collisions"": 0.05, ""congestion"": 1.0, ""fairness"": 1.0, ""incomplete_base"": 1000.0, ""incomplete_agent"": 10.0}","[1103.517, 11.752155106415557, 12.884373555247343, 22.274934077865673, 12.472462919594069, 15.66904761904762, 16.79965986394558, 16.060030255196, 21.11945839038491, 14.546925211802513]","[100.0, 31.1, 30.900000000000002, 30.700000000000003, 30.5, 29.400000000000002, 39.2, 36.2, 31.3, 32.6]"
ga,9,6,15.062754608567545,38.26,58.7,1.5266831799961158,5.1,13.671428571428574,24.2725,10.601071428571428,True,0.0,hospital_corridor,28,12,"[11, 29, 47, 53, 61, 73, 89, 97, 101, 109]","[2.441677048104249, 3.003955751754634, 0.927305200957014, 0.5, 1.0]","{""time"": 0.0, ""collisions"": 0.05, ""congestion"": 1.0, ""fairness"": 1.0, ""incomplete_base"": 1000.0, ""incomplete_agent"": 10.0}","[21.27922077922078, 9.855091185410336, 13.745011806375445, 11.447349505840073, 9.735037018340908, 13.46662826420891, 15.893093549476527, 23.982080200501258, 16.120819490586932, 15.103214285714287]","[46.2, 32.9, 36.300000000000004, 31.8, 28.3, 37.2, 42.300000000000004, 53.2, 34.4, 40.0]"
ga,9,7,15.320996592848818,37.35,60.4,1.6104013547535814,4.8,13.791071428571428,24.48166666666667,10.690595238095238,True,0.0,hospital_corridor,28,12,"[11, 29, 47, 53, 61, 73, 89, 97, 101, 109]","[2.484004012671818, 2.9149071450186934, 0.9246965445409772, 0.5, 1.0]","{""time"": 0.0, ""collisions"": 0.05, ""congestion"": 1.0, ""fairness"": 1.0, ""incomplete_base"": 1000.0, ""incomplete_agent"": 10.0}","[24.01533652567172, 10.376212319790302, 13.951559934318556, 12.980141843971634, 10.777558257345493, 15.674690150032617, 15.598023467760314, 17.70986394557823, 16.430025284450064, 15.696554199569276]","[53.7, 32.7, 34.800000000000004, 32.9, 28.200000000000003, 36.5, 41.800000000000004, 39.2, 33.9, 39.800000000000004]"
ga,9,8,1099.2128031579532,100.0,28.2,0.442,4.0,16.683098717948717,29.043901875901877,12.36080315795316,False,8.5,hospital_corridor,28,12,"[11, 29, 47, 53, 61, 73, 89, 97, 101, 109]","[2.375553000417842, 2.8250768624600138, 1.2222909641636082, 0.5, 1.0]","{""time"": 0.0, ""collisions"": 0.05, ""congestion"": 1.0, ""fairness"": 1.0, ""incomplete_base"": 1000.0, ""incomplete_agent"": 10.0}","[1120.0305555555556, 1143.9275681818183, 1071.0787777777778, 1113.179, 1110.49, 1078.0556666666666, 1050.3107062937063, 1078.8855555555556, 1043.7435944055944, 1182.4266071428572]","[100.0, 100.0, 100.0, 100.0, 100.0, 100.0, 100.0, 100.0, 100.0, 100.0]"
ga,9,9,1016.7471019365452,43.19,80.3,1.4201045820478446,5.2,13.492169312169313,23.804166666666667,10.311997354497356,False,0.1,hospital_corridor,28,12,"[11, 29, 47, 53, 61, 73, 89, 97, 101, 109]","[2.3621842819349776, 2.774979894455545, 0.905252074437491, 0.5, 1.0]","{""time"": 0.0, ""collisions"": 0.05, ""congestion"": 1.0, ""fairness"": 1.0, ""incomplete_base"": 1000.0, ""incomplete_agent"": 10.0}","[22.093107463034116, 10.753003663003664, 14.962853107344634, 16.162661326212728, 10.406168831168833, 1023.8662592592592, 20.736032863849765, 18.45993568043331, 14.797380952380951, 15.233616218764736]","[40.900000000000006, 32.5, 35.4, 32.1, 30.8, 100.0, 42.6, 42.2, 35.0, 40.400000000000006]"
ga,9,10,14.370970994039205,37.72,30.1,1.685375755943965,5.5,13.593571428571432,24.77416666666667,11.18059523809524,True,0.0,hospital_corridor,28,12,"[11, 29, 47, 53, 61, 73, 89, 97, 101, 109]","[2.525853201475061, 4.036872741524202, 0.8986707944262855, 0.5, 1.0]","{""time"": 0.0, ""collisions"": 0.05, ""congestion"": 1.0, ""fairness"": 1.0, ""incomplete_base"": 1000.0, ""incomplete_agent"": 10.0}","[12.612656641604008, 15.69973907371168, 12.987006512006513, 13.046550048590863, 10.530634036344344, 13.176975683890578, 15.586621315192748, 18.37966386554622, 16.623706725029844, 15.06615603847524]","[39.900000000000006, 36.5, 35.1, 34.300000000000004, 35.9, 32.9, 44.1, 42.5, 35.9, 40.1]"
ga,9,11,16.090939066905843,36.61,76.0,1.58117716214394,5.0,13.128571428571428,23.838333333333335,10.709761904761903,True,0.0,hospital_corridor,28,12,"[11, 29, 47, 53, 61, 73, 89, 97, 101, 109]","[2.525853201475061, 2.8415023044274985, 0.8986707944262855, 0.5, 1.0]","{""time"": 0.0, ""collisions"": 0.05, ""congestion"": 1.0, ""fairness"": 1.0, ""incomplete_base"": 1000.0, ""incomplete_agent"": 10.0}","[23.038402457757293, 10.755654761904761, 12.760385756676559, 16.554347826086957, 10.448168498168497, 19.332042893493274, 19.387982929020662, 17.917640692640692, 15.564075630252102, 15.150689223057645]","[43.400000000000006, 32.0, 33.7, 34.5, 27.3, 39.300000000000004, 42.400000000000006, 39.6, 34.0, 39.900000000000006]"
ga,9,12,21.065650782398286,32.79,199.0,1.7683888776363808,5.4,12.083571428571428,21.430833333333332,9.347261904761906,True,0.0,hospital_corridor,28,12,"[11, 29, 47, 53, 61, 73, 89, 97, 101, 109]","[3.2620926027240045, 2.7638297433290524, 0.8937670804909591, 0.5, 1.0]","{""time"": 0.0, ""collisions"": 0.05, ""congestion"": 1.0, ""fairness"": 1.0, ""incomplete_base"": 1000.0, ""incomplete_agent"": 10.0}","[50.89477530142492, 12.330983709273184, 13.454931972789115, 26.53977832512315, 10.110251530079115, 14.913587848932677, 18.262873284907187, 21.93086080586081, 27.50714285714286, 14.711322188449849]","[39.1, 30.400000000000002, 29.400000000000002, 29.0, 31.900000000000002, 29.0, 35.4, 35.1, 35.7, 32.9]"
ga,9,13,1016.9849272315118,50.16000000000001,71.7,1.3049140039986638,4.8,15.849986772486773,26.945000000000004,11.09501322751323,False,0.1,hospital_corridor,28,12,"[11, 29, 47, 53, 61, 73, 89, 97, 101, 109]","[2.0073089556651698, 2.765768052393901, 0.9142180038463378, 0.5, 1.0]","{""time"": 0.0, ""collisions"": 0.05, ""congestion"": 1.0, ""fairness"": 1.0, ""incomplete_base"": 1000.0, ""incomplete_agent"": 10.0}","[19.023447860156722, 11.528665498897105, 15.182861635220128, 15.30230288836846, 11.427874564459932, 1023.6083703703704, 17.789386115892142, 21.248013048635823, 16.2927242112726, 18.445626121845635]","[47.400000000000006, 36.7, 42.400000000000006, 42.7, 41.0, 100.0, 49.800000000000004, 56.2, 40.300000000000004, 45.1]"
ga,9,14,14.664200352546827,41.160000000000004,36.5,1.468247971594447,5.0,14.86071428571429,26.231666666666666,11.37095238095238,True,0.0,hospital_corridor,28,12,"[11, 29, 47, 53, 61, 73, 89, 97, 101, 109]","[2.175747263668355, 3.1955176228884277, 0.9266389359605471, 0.5, 1.0]","{""time"": 0.0, ""collisions"": 0.05, ""congestion"": 1.0, ""fairness"": 1.0, ""incomplete_base"": 1000.0, ""incomplete_agent"": 10.0}","[11.32374338624339, 11.21912972085386, 14.518676716917923, 13.744197450147109, 11.078686019862488, 17.166611295681065, 15.669532908704886, 17.773292902066487, 15.244427558257348, 18.903705566733738]","[43.2, 34.800000000000004, 39.800000000000004, 43.7, 37.4, 43.0, 47.1, 42.400000000000006, 37.6, 42.6]"
ga,9,15,156.82548654619586,31.060000000000002,2916.2,1.973700831910144,5.9,11.690714285714288,20.732500000000005,9.041785714285714,True,0.0,hospital_corridor,28,12,"[11, 29, 47, 53, 61, 73, 89, 97, 101, 109]","[3.1999647355876633, 2.3706224486647587, 0.656244384713883, 0.5, 1.0]","{""time"": 0.0, ""collisions"": 0.05, ""congestion"": 1.0, ""fairness"": 1.0, ""incomplete_base"": 1000.0, ""incomplete_agent"": 10.0}","[186.4724550898204, 162.26892488954346, 125.77517182130585, 151.85079365079366, 135.9872793872794, 114.12028537046588, 158.40746225319398, 208.87542400521852, 166.79006090808417, 157.70700808625338]","[33.4, 29.1, 29.1, 31.5, 28.6, 27.700000000000003, 32.800000000000004, 36.5, 30.1, 31.8]"
ga,9,16,14.662576646182455,35.83,46.1,1.6993623604681651,5.3,13.451785714285716,24.110000000000003,10.658214285714289,True,0.0,hospital_corridor,28,12,"[11, 29, 47, 53, 61, 73, 89, 97, 101, 109]","[2.6314110927628898, 3.788254076642498, 0.8850210060260081, 0.5, 1.0]","{""time"": 0.0, ""collisions"": 0.05, ""congestion"": 1.0, ""fairness"": 1.0, ""incomplete_base"": 1000.0, ""incomplete_agent"": 10.0}","[20.638250517598344, 10.917639327024187, 12.8749570999571, 13.256877569969491, 10.540199437708665, 14.945516110635872, 20.63030707610147, 15.698095238095242, 12.98500222518914, 14.138921859545006]","[48.300000000000004, 31.700000000000003, 33.300000000000004, 35.9, 27.1, 33.4, 42.800000000000004, 40.0, 32.1, 33.7]"
ga,9,17,16.271439979856723,37.419999999999995,67.3,1.7616780750948204,5.2,13.74107142857143,24.885833333333334,11.144761904761904,True,0.0,hospital_corridor,28,12,"[11, 29, 47, 53, 61, 73, 89, 97, 101, 109]","[2.5581797497578234, 3.074199029989101, 0.9208149303930081, 0.5, 1.0]","{""time"": 0.0, ""collisions"": 0.05, ""congestion"": 1.0, ""fairness"": 1.0, ""incomplete_base"": 1000.0, ""incomplete_agent"": 10.0}","[16.019192799070847, 11.12616435288849, 16.068045835048718, 20.1630291005291, 8.959894355093033, 22.915800865800865, 15.019597069597069, 19.252887414134364, 17.815062731679497, 15.374725274725275]","[36.9, 31.900000000000002, 34.7, 43.2, 30.200000000000003, 38.5, 41.6, 40.900000000000006, 33.4, 42.900000000000006]"
ga,9,18,16.68832003796251,36.730000000000004,90.9,1.6174867046291737,5.4,14.09,24.615833333333335,10.525833333333335,True,0.0,hospital_corridor,28,12,"[11, 29, 47, 53, 61, 73, 89, 97, 101, 109]","[2.460928378850656, 3.01190370909112, 0.89908278339224, 0.5, 1.0]","{""time"": 0.0, ""collisions"": 0.05, ""congestion"": 1.0, ""fairness"": 1.0, ""incomplete_base"": 1000.0, ""incomplete_agent"": 10.0}","[24.663995354239255, 11.294462647444298, 13.818024227234755, 15.878827325322655, 12.02703081232493, 15.158374384236453, 21.088360739979446, 20.825187969924812, 16.539867109634553, 15.589069809283917]","[41.0, 32.7, 34.2, 32.1, 34.0, 31.900000000000002, 41.7, 45.6, 34.4, 39.7]"
ga,9,19,15.253960042849847,35.25,78.0,1.712055280945083,5.1,13.681428571428572,23.323333333333334,9.641904761904764,True,0.0,hospital_corridor,28,12,"[11, 29, 47, 53, 61, 73, 89, 97, 101, 109]","[2.487672536786003, 2.874451740368804, 0.9155245380810278, 0.5, 1.0]","{""time"": 0.0, ""collisions"": 0.05, ""congestion"": 1.0, ""fairness"": 1.0, ""incomplete_base"": 1000.0, ""incomplete_agent"": 10.0}","[15.785491703763658, 10.526109391124871, 12.935963455149501, 14.561651053864171, 10.325146123431322, 18.452000418935903, 15.904656779179458, 17.214577717879607, 21.083657190836036, 15.750346594333937]","[35.300000000000004, 32.300000000000004, 34.4, 30.5, 27.700000000000003, 34.1, 41.900000000000006, 37.1, 39.7, 39.5]"
ga,9,20,15.99991887646124,35.669999999999995,91.2,1.5747998288421923,4.9,13.243214285714288,23.108333333333338,9.865119047619048,True,0.0,hospital_corridor,28,12,"[11, 29, 47, 53, 61, 73, 89, 97, 101, 109]","[2.5585559184675923, 2.817237717586005, 0.9019867109281012, 0.5, 1.0]","{""time"": 0.0, ""collisions"": 0.05, ""congestion"": 1.0, ""fairness"": 1.0, ""incomplete_base"": 1000.0, ""incomplete_agent"": 10.0}","[22.22319313512207, 10.406159420289857, 12.783618477331053, 20.68242024965326, 10.790934065934064, 16.21155462184874, 17.284880952380956, 17.243487394957988, 16.61446208112875, 15.758478365965678]","[39.400000000000006, 32.2, 33.4, 41.2, 27.3, 30.6, 40.0, 40.800000000000004, 32.4, 39.400000000000006]"
ga,9,21,15.51038151424372,35.41,83.5,1.6310957999580071,5.3,13.263214285714287,22.9675,9.704285714285714,True,0.0,hospital_corridor,28,12,"[11, 29, 47, 53, 61, 73, 89, 97, 101, 109]","[2.53178832116521, 2.8294736261580318, 0.9046463914704297, 0.5, 1.0]","{""time"": 0.0, ""collisions"": 0.05, ""congestion"": 1.0, ""fairness"": 1.0, ""incomplete_base"": 1000.0, ""incomplete_agent"": 10.0}","[19.54130036630037, 10.434542124542126, 14.033928571428572, 14.992303433001108, 12.1403981264637, 15.761761331038441, 15.600387331966278, 18.884523809523813, 18.965611633875106, 14.74905841429771]","[31.200000000000003, 32.5, 33.6, 30.1, 36.6, 33.2, 41.800000000000004, 42.0, 33.4, 39.7]"
ga,9,22,1051.6361794062213,87.63,68.3,0.6768494028912633,4.3,13.277185148185149,23.82151515151515,10.544330003330003,False,3.7,hospital_corridor,28,12,"[11, 29, 47, 53, 61, 73, 89, 97, 101, 109]","[2.780868526768617, 2.76152454274836, 1.0530137427036963, 0.5, 1.0]","{""time"": 0.0, ""collisions"": 0.05, ""congestion"": 1.0, ""fairness"": 1.0, ""incomplete_base"": 1000.0, ""incomplete_agent"": 10.0}","[1042.3184358974358, 1102.5652727272727, 1052.4338181818182, 1068.0030303030303, 1067.4800303030304, 1056.7517272727273, 1035.0797948717948, 20.794905869324477, 14.227445302445306, 1056.7073333333333]","[100.0, 100.0, 100.0, 100.0, 100.0, 100.0, 100.0, 43.0, 33.300000000000004, 100.0]"
ga,9,23,14.971808294613869,38.46,57.2,1.5751416279472041,5.2,14.042499999999999,24.57916666666667,10.536666666666665,True,0.0,hospital_corridor,28,12,"[11, 29, 47, 53, 61, 73, 89, 97, 101, 109]","[2.4407592271980767, 3.0237504789579517, 0.9331543035072786, 0.5, 1.0]","{""time"": 0.0, ""collisions"": 0.05, ""congestion"": 1.0, ""fairness"": 1.0, ""incomplete_base"": 1000.0, ""incomplete_agent"": 10.0}","[20.900289771080846, 10.320888088172953, 14.969444444444447, 12.078246753246754, 11.127966938070564, 13.672000789265983, 16.407341269841268, 18.912719298245616, 15.232401656314702, 16.09678393745558]","[49.300000000000004, 33.7, 36.0, 33.0, 38.6, 36.2, 43.2, 39.900000000000006, 34.5, 40.2]"
ga,10,0,13.747157837131923,34.82000000000001,53.7,1.777514979989063,5.4,13.250357142857144,22.535000000000004,9.28464285714286,True,0.0,hospital_corridor,28,12,"[11, 29, 47, 53, 61, 73, 89, 97, 101, 109]","[2.8424150708046887, 3.1989698771652737, 0.9325358350969355, 0.5, 1.0]","{""time"": 0.0, ""collisions"": 0.05, ""congestion"": 1.0, ""fairness"": 1.0, ""incomplete_base"": 1000.0, ""incomplete_agent"": 10.0}","[19.424148374715127, 9.720648604269297, 12.047978436657683, 14.309740259740261, 8.7987012987013, 13.070671687205234, 14.310526315789474, 14.628922274199354, 17.157080200501255, 14.00316091954023]","[39.7, 31.900000000000002, 31.8, 38.5, 26.400000000000002, 31.3, 38.0, 39.7, 36.1, 34.800000000000004]"
ga,10,1,14.370970994039205,37.72,30.1,1.685375755943965,5.5,13.593571428571432,24.77416666666667,11.18059523809524,True,0.0,hospital_corridor,28,12,"[11, 29, 47, 53, 61, 73, 89, 97, 101, 109]","[2.525853201475061, 4.036872741524202, 0.8986707944262855, 0.5, 1.0]","{""time"": 0.0, ""collisions"": 0.05, ""congestion"": 1.0, ""fairness"": 1.0, ""incomplete_base"": 1000.0, ""incomplete_agent"": 10.0}","[12.612656641604008, 15.69973907371168, 12.987006512006513, 13.046550048590863, 10.530634036344344, 13.176975683890578, 15.586621315192748, 18.37966386554622, 16.623706725029844, 15.06615603847524]","[39.900000000000006, 36.5, 35.1, 34.300000000000004, 35.9, 32.9, 44.1, 42.5, 35.9, 40.1]"
ga,10,2,1017.724730980752,42.21,106.4,1.5189241024451476,5.1,13.302526455026458,23.188333333333336,9.88580687830688,False,0.1,hospital_corridor,28,12,"[11, 29, 47, 53, 61, 73, 89, 97, 101, 109]","[2.557556023758856, 2.820309980006657, 0.898818511668295, 0.5, 1.0]","{""time"": 0.0, ""collisions"": 0.05, ""congestion"": 1.0, ""fairness"": 1.0, ""incomplete_base"": 1000.0, ""incomplete_agent"": 10.0}","[39.467593984962406, 10.702354829078969, 12.864570858283432, 13.944636963696372, 10.678463203463203, 1023.0289259259259, 16.323696558915536, 17.148023241126694, 18.043459552495698, 15.045584689572031]","[47.5, 31.900000000000002, 33.4, 30.3, 27.5, 100.0, 41.1, 37.7, 33.2, 39.5]"
ga,10,3,15.50419062479034,34.980000000000004,81.6,1.6545477676474836,5.3,13.205357142857144,22.975,9.769642857142857,True,0.0,hospital_corridor,28,12,"[11, 29, 47, 53, 61, 73, 89, 97, 101, 109]","[2.5268530961837974, 2.8384300420068467, 0.9018389936860918, 0.5, 1.0]","{""time"": 0.0, ""collisions"": 0.05, ""congestion"": 1.0, ""fairness"": 1.0, ""incomplete_base"": 1000.0, ""incomplete_agent"": 10.0}","[21.360689847786624, 10.760814419225634, 12.955392156862747, 15.07433774834437, 11.09813852813853, 19.011389961389963, 14.988106796116504, 16.365435139573073, 17.15135135135135, 16.276250299114622]","[34.1, 32.1, 34.0, 30.200000000000003, 27.5, 37.0, 41.2, 40.6, 33.300000000000004, 39.800000000000004]"
ga,10,4,14.093398104260196,36.63,36.2,1.6806600090220993,5.1,13.853928571428574,24.45666666666667,10.602738095238095,True,0.0,hospital_corridor,28,12,"[11, 29, 47, 53, 61, 73, 89, 97, 101, 109]","[2.5843940423634835, 3.840224884932794, 0.9053208546246587, 0.5, 1.0]","{""time"": 0.0, ""collisions"": 0.05, ""congestion"": 1.0, ""fairness"": 1.0, ""incomplete_base"": 1000.0, ""incomplete_agent"": 10.0}","[12.472740112994352, 13.76095238095238, 12.587145650048878, 16.59615282638668, 9.646428571428572, 15.851587301587303, 16.122458628841606, 15.6351529229578, 14.6295842217484, 13.631778425655977]","[41.300000000000004, 35.0, 34.1, 44.900000000000006, 28.0, 36.0, 42.300000000000004, 36.9, 33.5, 34.300000000000004]"
ga,10,5,1019.791338270146,57.120000000000005,23.7,1.1090438978515693,4.8,15.541190476190476,28.03848484848485,12.497294372294371,False,0.5,hospital_corridor,28,12,"[11, 29, 47, 53, 61, 73, 89, 97, 101, 109]","[1.8873165675378778, 3.3878775594036497, 0.9128544549086279, 0.5, 1.0]","{""time"": 0.0, ""collisions"": 0.05, ""congestion"": 1.0, ""fairness"": 1.0, ""incomplete_base"": 1000.0, ""incomplete_agent"": 10.0}","[7.059703504043126, 1051.409, 15.400661375661375, 17.456005885500268, 12.98741672834937, 11.992196107234667, 18.268624433615454, 21.963610518834397, 1023.0166103896104, 18.359553758610364]","[53.0, 100.0, 45.900000000000006, 44.5, 38.6, 38.900000000000006, 55.7, 46.900000000000006, 100.0, 47.7]"
ga,10,6,1131.369170688414,100.0,15.9,0.3932,3.9,14.323191288497927,24.50416197691198,10.180970688414053,False,12.0,hospital_corridor,28,12,"[11, 29, 47, 53, 61, 73, 89, 97, 101, 109]","[2.4674151916968463, 3.0667220413035485, 1.2890962036282971, 0.5, 1.0]","{""time"": 0.0, ""collisions"": 0.05, ""congestion"": 1.0, ""fairness"": 1.0, ""incomplete_base"": 1000.0, ""incomplete_agent"": 10.0}","[1138.1019736842106, 1162.2345324675325, 1100.4411515151514, 1128.1653274853802, 1127.9050467836257, 1112.3498633540373, 1086.5399130434782, 1114.058850931677, 1130.4637142857143, 1213.4313333333334]","[100.0, 100.0, 100.0, 100.0, 100.0, 100.0, 100.0, 100.0, 100.0, 100.0]"
ga,10,7,14.5836184506741,36.839999999999996,49.9,1.6427851173407695,5.1,13.73,24.175833333333333,10.445833333333331,True,0.0,hospital_corridor,28,12,"[11, 29, 47, 53, 61, 73, 89, 97, 101, 109]","[2.6056729491702924, 3.7254877870935834, 0.8896993405308629, 0.5, 1.0]","{""time"": 0.0, ""collisions"": 0.05, ""congestion"": 1.0, ""fairness"": 1.0, ""incomplete_base"": 1000.0, ""incomplete_agent"": 10.0}","[19.041719147055574, 11.00365029292474, 12.814688534023883, 17.903360174967688, 9.700663544106169, 14.219444444444445, 16.308579953720617, 15.210897435897435, 14.405977710233028, 15.22720326936745]","[43.1, 31.700000000000003, 33.1, 47.900000000000006, 36.6, 31.5, 39.1, 39.0, 32.9, 33.5]"
ga,10,8,19.59172733408319,34.17999999999999,156.8,1.7195844769403306,5.4,13.032857142857145,23.064999999999998,10.032142857142858,True,0.0,hospital_corridor,28,12,"[11, 29, 47, 53, 61, 73, 89, 97, 101, 109]","[2.581038620539579, 2.9827012706843754, 0.8374138955160557, 0.5, 1.0]","{""time"": 0.0, ""collisions"": 0.05, ""congestion"": 1.0, ""fairness"": 1.0, ""incomplete_base"": 1000.0, ""incomplete_agent"": 10.0}","[38.4722049689441, 12.978059071729957, 13.523095238095237, 23.22240089753179, 10.103615684191894, 18.52558922558923, 18.60922619047619, 21.053598484848486, 23.58312629399586, 15.846357285429143]","[41.400000000000006, 31.6, 32.5, 38.2, 26.900000000000002, 29.700000000000003, 38.400000000000006, 35.2, 34.5, 33.4]"
ga,10,9,14.496931452055314,36.040000000000006,54.4,1.6152647853886477,5.1,12.95,23.111666666666668,10.161666666666667,True,0.0,hospital_corridor,28,12,"[11, 29, 47, 53, 61, 73, 89, 97, 101, 109]","[2.9048396254151, 3.582900799204931, 0.8906693813633205, 0.5, 1.0]","{""time"": 0.0, ""collisions"": 0.05, ""congestion"": 1.0, ""fairness"": 1.0, ""incomplete_base"": 1000.0, ""incomplete_agent"": 10.0}","[24.269648033126295, 11.100943252700441, 13.04349816849817, 13.820044119884376, 8.223727735368957, 13.374404761904763, 15.25048945307566, 17.332762335703514, 14.871147672552166, 13.682648987738808]","[57.5, 31.3, 31.200000000000003, 31.3, 26.200000000000003, 32.0, 37.7, 44.2, 35.6, 33.4]"
ga,10,10,15.409772478011849,33.55,69.3,1.8733439065832755,5.1,12.72107142857143,22.792499999999997,10.071428571428573,True,0.0,hospital_corridor,28,12,"[11, 29, 47, 53, 61, 73, 89, 97, 101, 109]","[3.3457592008851993, 3.6592061812133143, 0.9239829335968868, 0.5, 1.0]","{""time"": 0.0, ""collisions"": 0.05, ""congestion"": 1.0, ""fairness"": 1.0, ""incomplete_base"": 1000.0, ""incomplete_agent"": 10.0}","[24.645861090550213, 14.902056277056277, 15.113931104356638, 19.62992145311733, 8.44993564993565, 14.030576441102756, 14.406411279595638, 13.016074717179691, 16.02826812253564, 13.874688644688645]","[38.6, 33.0, 32.9, 38.800000000000004, 25.900000000000002, 30.400000000000002, 35.800000000000004, 36.2, 31.400000000000002, 32.5]"
ga,10,11,16.681792491736672,39.19000000000001,71.3,1.7489353488795298,5.4,14.074642857142857,25.442500000000003,11.367857142857144,True,0.0,hospital_corridor,28,12,"[11, 29, 47, 53, 61, 73, 89, 97, 101, 109]","[2.449352283162197, 3.266313782907568, 0.8983032653984242, 0.5, 1.0]","{""time"": 0.0, ""collisions"": 0.05, ""congestion"": 1.0, ""fairness"": 1.0, ""incomplete_base"": 1000.0, ""incomplete_agent"": 10.0}","[23.843191721132897, 12.14022334597556, 12.795262390670555, 14.378660270078182, 12.172338414273899, 20.073672490578964, 16.72731356693621, 19.085119047619045, 20.13551307847083, 15.466630591630592]","[45.900000000000006, 33.9, 34.300000000000004, 33.5, 40.300000000000004, 41.7, 42.400000000000006, 44.800000000000004, 35.5, 39.6]"
ga,10,12,13.747157837131923,34.82000000000001,53.7,1.777514979989063,5.4,13.250357142857144,22.535000000000004,9.28464285714286,True,0.0,hospital_corridor,28,12,"[11, 29, 47, 53, 61, 73, 89, 97, 101, 109]","[2.8424150708046887, 3.1989698771652737, 0.9325358350969355, 0.5, 1.0]","{""time"": 0.0, ""collisions"": 0.05, ""congestion"": 1.0, ""fairness"": 1.0, ""incomplete_base"": 1000.0, ""incomplete_agent"": 10.0}","[19.424148374715127, 9.720648604269297, 12.047978436657683, 14.309740259740261, 8.7987012987013, 13.070671687205234, 14.310526315789474, 14.628922274199354, 17.157080200501255, 14.00316091954023]","[39.7, 31.900000000000002, 31.8, 38.5, 26.400000000000002, 31.3, 38.0, 39.7, 36.1, 34.800000000000004]"
ga,10,13,25.131697590399696,32.18,280.5,1.673483304685412,5.3,12.544285714285715,21.977500000000003,9.433214285714286,True,0.0,hospital_corridor,28,12,"[11, 29, 47, 53, 61, 73, 89, 97, 101, 109]","[2.8424150708046887, 2.0467552533816677, 0.9325358350969355, 0.5, 1.0]","{""time"": 0.0, ""collisions"": 0.05, ""congestion"": 1.0, ""fairness"": 1.0, ""incomplete_base"": 1000.0, ""incomplete_agent"": 10.0}","[52.31661129568107, 12.269963369963373, 14.01872914771004, 33.734693877551024, 11.72407658881043, 37.22073643410853, 22.750579655946154, 22.430432595573443, 27.93869047619048, 16.912462462462464]","[34.4, 31.200000000000003, 31.400000000000002, 29.400000000000002, 26.3, 30.1, 38.2, 35.5, 32.0, 33.300000000000004]"
ga,10,14,15.738170588029785,33.650000000000006,89.1,1.6865039213631179,5.2,12.912500000000003,22.50916666666667,9.596666666666668,True,0.0,hospital_corridor,28,12,"[11, 29, 47, 53, 61, 73, 89, 97, 101, 109]","[2.7407859348682337, 3.041189376273368, 0.8962327296511516, 0.5, 1.0]","{""time"": 0.0, ""collisions"": 0.05, ""congestion"": 1.0, ""fairness"": 1.0, ""incomplete_base"": 1000.0, ""incomplete_agent"": 10.0}","[21.70588590766256, 11.600841674249319, 12.4241214057508, 20.53824404761905, 10.200109051254088, 13.818032427695005, 16.3015306122449, 17.669389073458845, 17.089248857437717, 16.03430282292558]","[39.400000000000006, 31.400000000000002, 31.3, 32.0, 26.200000000000003, 32.6, 39.2, 38.7, 32.300000000000004, 33.4]"
ga,10,15,14.939174488502008,39.510000000000005,44.7,1.5090554408829586,4.9,14.355714285714289,25.550833333333337,11.19511904761905,True,0.0,hospital_corridor,28,12,"[11, 29, 47, 53, 61, 73, 89, 97, 101, 109]","[2.280836822826381, 3.1617362526465396, 0.9288274340874607, 0.5, 1.0]","{""time"": 0.0, ""collisions"": 0.05, ""congestion"": 1.0, ""fairness"": 1.0, ""incomplete_base"": 1000.0, ""incomplete_agent"": 10.0}","[16.616060197663977, 12.30654761904762, 13.773148148148149, 9.393313069908814, 10.46991539212496, 13.716137566137569, 17.409207708779444, 20.363024164889836, 17.927583108715183, 17.416807909604522]","[37.1, 33.6, 37.800000000000004, 32.9, 43.900000000000006, 37.800000000000004, 46.7, 46.900000000000006, 37.1, 41.300000000000004]"
ga,10,16,14.839276592072176,34.830000000000005,69.0,1.806776592072175,5.8,13.555000000000001,23.1375,9.582500000000001,True,0.0,hospital_corridor,28,12,"[11, 29, 47, 53, 61, 73, 89, 97, 101, 109]","[2.74495664729719, 3.1197942609940372, 0.9294526559701715, 0.5, 1.0]","{""time"": 0.0, ""collisions"": 0.05, ""congestion"": 1.0, ""fairness"": 1.0, ""incomplete_base"": 1000.0, ""incomplete_agent"": 10.0}","[18.120602605863194, 10.491666666666665, 14.477399380804954, 16.846471441762304, 8.623341359015518, 17.019545711459656, 16.604880952380956, 15.735592566203543, 14.39599766286883, 16.077267573696147]","[30.700000000000003, 32.0, 32.300000000000004, 36.1, 26.700000000000003, 33.7, 40.0, 40.1, 32.6, 44.1]"
ga,10,17,1022.8693933068816,50.54,56.6,1.4341693641576838,5.1,14.05060939060939,24.655833333333334,10.605223942723942,False,0.8,hospital_corridor,28,12,"[11, 29, 47, 53, 61, 73, 89, 97, 101, 109]","[2.539135471611748, 2.9117118839285845, 0.988536948071513, 0.5, 1.0]","{""time"": 0.0, ""collisions"": 0.05, ""congestion"": 1.0, ""fairness"": 1.0, ""incomplete_base"": 1000.0, ""incomplete_agent"": 10.0}","[16.215299823633156, 1074.3051515151515, 13.626984126984127, 11.776592707927858, 1029.6642307692307, 15.890489953206716, 16.607695870110057, 19.099627079747563, 16.004540420819488, 15.503320802005016]","[40.5, 100.0, 36.0, 36.7, 100.0, 34.6, 43.7, 41.5, 34.4, 38.0]"
ga,10,18,1022.6697648090565,46.59,71.8,1.495214544506168,5.2,14.630449735449735,25.214999999999996,10.584550264550263,False,0.7,hospital_corridor,28,12,"[11, 29, 47, 53, 61, 73, 89, 97, 101, 109]","[2.353149976746148, 3.083293534568245, 0.9342701623375569, 0.5, 1.0]","{""time"": 0.0, ""collisions"": 0.05, ""congestion"": 1.0, ""fairness"": 1.0, ""incomplete_base"": 1000.0, ""incomplete_agent"": 10.0}","[27.715343915343915, 10.23456749672346, 13.828666666666669, 1079.8054074074073, 11.533116883116882, 15.627339901477832, 17.726376224248565, 19.4360119047619, 14.505118030118034, 16.285699660699663]","[54.0, 32.7, 37.5, 100.0, 44.0, 34.800000000000004, 42.300000000000004, 44.800000000000004, 35.1, 40.7]"
ga,10,19,14.59765657934298,38.19,47.6,1.626823246009645,5.3,13.992500000000001,24.583333333333336,10.590833333333334,True,0.0,hospital_corridor,28,12,"[11, 29, 47, 53, 61, 73, 89, 97, 101, 109]","[2.7989934451335343, 3.739937217167454, 0.929633966592293, 0.5, 1.0]","{""time"": 0.0, ""collisions"": 0.05, ""congestion"": 1.0, ""fairness"": 1.0, ""incomplete_base"": 1000.0, ""incomplete_agent"": 10.0}","[19.833033888401985, 10.032556935817807, 12.041666666666666, 15.038852566198104, 8.238738852431434, 14.00292207792208, 15.594665461121156, 22.094607843137258, 14.220675347887145, 14.878846153846155]","[48.900000000000006, 32.2, 32.4, 43.7, 28.3, 33.0, 39.5, 47.6, 37.300000000000004, 39.0]"
ga,10,20,14.865163931032583,37.25,59.4,1.5289734548421057,5.1,13.344642857142858,23.710833333333333,10.366190476190477,True,0.0,hospital_corridor,28,12,"[11, 29, 47, 53, 61, 73, 89, 97, 101, 109]","[2.5057028630164844, 3.0699999608749655, 0.9012286266246166, 0.5, 1.0]","{""time"": 0.0, ""collisions"": 0.05, ""congestion"": 1.0, ""fairness"": 1.0, ""incomplete_base"": 1000.0, ""incomplete_agent"": 10.0}","[19.159391534391535, 12.79303683737646, 13.016316526610648, 11.411577964519143, 11.212862318840578, 14.82894697311101, 16.656991781484166, 19.716208791208793, 14.728862973760934, 15.127443609022556]","[43.2, 37.1, 34.0, 30.6, 36.800000000000004, 31.700000000000003, 39.400000000000006, 45.5, 34.300000000000004, 39.900000000000006]"
ga,10,21,15.0735418828904,38.45,29.1,1.8221133114618273,5.1,14.02857142857143,25.825000000000006,11.796428571428573,True,0.0,hospital_corridor,28,12,"[11, 29, 47, 53, 61, 73, 89, 97, 101, 109]","[2.50782287524458, 3.943061356860237, 0.9129667058826968, 0.5, 1.0]","{""time"": 0.0, ""collisions"": 0.05, ""congestion"": 1.0, ""fairness"": 1.0, ""incomplete_base"": 1000.0, ""incomplete_agent"": 10.0}","[17.634034443817054, 14.532523809523813, 13.239245585874801, 11.401829505644223, 9.695991081945147, 18.11045464589548, 16.16809523809524, 20.493493909191585, 14.014160401002506, 15.445590207914154]","[50.6, 37.5, 35.6, 36.7, 28.3, 43.1, 40.0, 43.0, 34.2, 35.5]"
ga,10,22,166.8094444102345,32.25,3104.3,2.0024206007106593,6.0,12.302142857142858,21.894166666666667,9.592023809523813,True,0.0,hospital_corridor,28,12,"[11, 29, 47, 53, 61, 73, 89, 97, 101, 109]","[2.8424150708046887, 3.347939202568425, 0.6752198564745004, 0.5, 1.0]","{""time"": 0.0, ""collisions"": 0.05, ""congestion"": 1.0, ""fairness"": 1.0, ""incomplete_base"": 1000.0, ""incomplete_agent"": 10.0}","[202.15245098039216, 165.82409833755986, 135.39491634491634, 185.99032307456744, 158.48740795287188, 146.85952380952384, 175.88825611325612, 190.3427218614719, 166.16799583911236, 140.98674978867288]","[34.0, 33.800000000000004, 29.6, 31.1, 29.1, 28.0, 37.0, 35.2, 30.900000000000002, 33.800000000000004]"
ga,10,23,15.062754608567545,38.26,58.7,1.5266831799961158,5.1,13.671428571428574,24.2725,10.601071428571428,True,0.0,hospital_corridor,28,12,"[11, 29, 47, 53, 61, 73, 89, 97, 101, 109]","[2.441677048104249, 3.003955751754634, 0.927305200957014, 0.5, 1.0]","{""time"": 0.0, ""collisions"": 0.05, ""congestion"": 1.0, ""fairness"": 1.0, ""incomplete_base"": 1000.0, ""incomplete_agent"": 10.0}","[21.27922077922078, 9.855091185410336, 13.745011806375445, 11.447349505840073, 9.735037018340908, 13.46662826420891, 15.893093549476527, 23.982080200501258, 16.120819490586932, 15.103214285714287]","[46.2, 32.9, 36.300000000000004, 31.8, 28.3, 37.2, 42.300000000000004, 53.2, 34.4, 40.0]"
ga,11,0,13.747157837131923,34.82000000000001,53.7,1.777514979989063,5.4,13.250357142857144,22.535000000000004,9.28464285714286,True,0.0,hospital_corridor,28,12,"[11, 29, 47, 53, 61, 73, 89, 97, 101, 109]","[2.8424150708046887, 3.1989698771652737, 0.9325358350969355, 0.5, 1.0]","{""time"": 0.0, ""collisions"": 0.05, ""congestion"": 1.0, ""fairness"": 1.0, ""incomplete_base"": 1000.0, ""incomplete_agent"": 10.0}","[19.424148374715127, 9.720648604269297, 12.047978436657683, 14.309740259740261, 8.7987012987013, 13.070671687205234, 14.310526315789474, 14.628922274199354, 17.157080200501255, 14.00316091954023]","[39.7, 31.900000000000002, 31.8, 38.5, 26.400000000000002, 31.3, 38.0, 39.7, 36.1, 34.800000000000004]"
ga,11,1,13.747157837131923,34.82000000000001,53.7,1.777514979989063,5.4,13.250357142857144,22.535000000000004,9.28464285714286,True,0.0,hospital_corridor,28,12,"[11, 29, 47, 53, 61, 73, 89, 97, 101, 109]","[2.8424150708046887, 3.1989698771652737, 0.9325358350969355, 0.5, 1.0]","{""time"": 0.0, ""collisions"": 0.05, ""congestion"": 1.0, ""fairness"": 1.0, ""incomplete_base"": 1000.0, ""incomplete_agent"": 10.0}","[19.424148374715127, 9.720648604269297, 12.047978436657683, 14.309740259740261, 8.7987012987013, 13.070671687205234, 14.310526315789474, 14.628922274199354, 17.157080200501255, 14.00316091954023]","[39.7, 31.900000000000002, 31.8, 38.5, 26.400000000000002, 31.3, 38.0, 39.7, 36.1, 34.800000000000004]"
ga,11,2,15.000484002369443,40.06,37.7,1.676793526178966,5.2,14.32214285714286,25.760833333333334,11.438690476190477,True,0.0,hospital_corridor,28,12,"[11, 29, 47, 53, 61, 73, 89, 97, 101, 109]","[2.5192160830360004, 3.7707181737485245, 0.9005037040061867, 0.5, 1.0]","{""time"": 0.0, ""collisions"": 0.05, ""congestion"": 1.0, ""fairness"": 1.0, ""incomplete_base"": 1000.0, ""incomplete_agent"": 10.0}","[27.947121298586016, 9.694250253292806, 13.813362487852284, 10.786111111111111, 11.11150336215178, 14.518694335589597, 16.436871384067643, 15.995611229566451, 13.477151462994836, 16.2241630984819]","[75.10000000000001, 32.9, 34.300000000000004, 30.6, 34.7, 40.1, 42.800000000000004, 40.2, 33.2, 36.7]"
ga,11,3,14.62218333278458,41.85000000000001,27.7,1.389802380403625,4.9,14.669285714285717,26.51666666666667,11.847380952380954,True,0.0,hospital_corridor,28,12,"[11, 29, 47, 53, 61, 73, 89, 97, 101, 109]","[2.2373142894966067, 3.336154528650643, 0.9458823808639802, 0.5, 1.0]","{""time"": 0.0, ""collisions"": 0.05, ""congestion"": 1.0, ""fairness"": 1.0, ""incomplete_base"": 1000.0, ""incomplete_agent"": 10.0}","[15.183724722765819, 8.229145152036718, 13.894361856417694, 9.665299823633156, 12.36172839506173, 16.733245353568684, 16.977803379416283, 20.80039682539683, 14.926190476190477, 17.4499373433584]","[43.800000000000004, 41.5, 39.400000000000006, 32.4, 48.6, 43.300000000000004, 46.5, 44.1, 37.1, 41.800000000000004]"
ga,11,4,14.255644205206035,36.790000000000006,57.7,1.6986203956822237,5.3,13.959642857142859,23.631666666666668,9.672023809523811,True,0.0,hospital_corridor,28,12,"[11, 29, 47, 53, 61, 73, 89, 97, 101, 109]","[2.6416263983104873, 3.455126265470788, 0.9245453945176566, 0.5, 1.0]","{""time"": 0.0, ""collisions"": 0.05, ""congestion"": 1.0, ""fairness"": 1.0, ""incomplete_base"": 1000.0, ""incomplete_agent"": 10.0}","[21.34607800175285, 10.31289933694997, 15.130048766494548, 11.151098901098901, 11.273133116883118, 12.752439380660242, 14.730833333333331, 15.468563357546406, 16.430547112462005, 13.960800744878958]","[48.900000000000006, 31.6, 33.2, 36.4, 35.2, 32.6, 40.0, 41.300000000000004, 32.9, 35.800000000000004]"
ga,11,5,13.163865518832074,35.08,35.9,1.661603614070168,5.2,13.193571428571428,22.900833333333335,9.707261904761905,True,0.0,hospital_corridor,28,12,"[11, 29, 47, 53, 61, 73, 89, 97, 101, 109]","[2.785182714857685, 3.782885338647794, 0.9133112952039376, 0.5, 1.0]","{""time"": 0.0, ""collisions"": 0.05, ""congestion"": 1.0, ""fairness"": 1.0, ""incomplete_base"": 1000.0, ""incomplete_agent"": 10.0}","[15.206603773584906, 12.881318681318682, 13.056786089830252, 9.259188239054009, 7.101911521706477, 12.974567099567102, 14.757380952380952, 16.92455887343061, 15.753827838827842, 13.722512118619905]","[42.400000000000006, 36.4, 31.700000000000003, 29.8, 31.700000000000003, 30.8, 40.0, 42.1, 32.5, 33.4]"
ga,11,6,15.998480351819158,34.03,94.3,1.6199089232477284,5.2,12.96642857142857,22.630000000000003,9.663571428571428,True,0.0,hospital_corridor,28,12,"[11, 29, 47, 53, 61, 73, 89, 97, 101, 109]","[2.752852952863597, 2.867136873296103, 0.9228357405215906, 0.5, 1.0]","{""time"": 0.0, ""collisions"": 0.05, ""congestion"": 1.0, ""fairness"": 1.0, ""incomplete_base"": 1000.0, ""incomplete_agent"": 10.0}","[24.81318779522533, 10.874064894096438, 14.867521180251241, 16.288095238095238, 10.346236559139786, 15.02579872204473, 17.78448745910578, 17.32093678781336, 18.93689015483494, 13.727584727584727]","[37.300000000000004, 31.700000000000003, 32.6, 31.5, 31.0, 31.3, 39.300000000000004, 39.7, 32.6, 33.300000000000004]"
ga,11,7,14.466561277533575,33.150000000000006,65.6,1.7546565156288143,5.0,13.041428571428572,22.473333333333333,9.431904761904761,True,0.0,hospital_corridor,28,12,"[11, 29, 47, 53, 61, 73, 89, 97, 101, 109]","[2.695235067111384, 3.373896569242686, 0.8626169627766787, 0.5, 1.0]","{""time"": 0.0, ""collisions"": 0.05, ""congestion"": 1.0, ""fairness"": 1.0, ""incomplete_base"": 1000.0, ""incomplete_agent"": 10.0}","[17.010662525879916, 11.615015360983104, 13.934058134294727, 13.364091915836102, 9.076819923371648, 14.512676962676965, 17.702893921796363, 17.974909584086802, 15.794198732124428, 13.680285714285716]","[36.800000000000004, 31.0, 31.700000000000003, 30.1, 26.1, 29.6, 36.9, 39.5, 32.300000000000004, 37.5]"
ga,11,8,15.024254431825394,38.120000000000005,48.6,1.6711591937301542,5.1,13.881071428571431,24.804166666666667,10.92309523809524,True,0.0,hospital_corridor,28,12,"[11, 29, 47, 53, 61, 73, 89, 97, 101, 109]","[2.6649158593929965, 3.7692930828220312, 0.8973228542546442, 0.5, 1.0]","{""time"": 0.0, ""collisions"": 0.05, ""congestion"": 1.0, ""fairness"": 1.0, ""incomplete_base"": 1000.0, ""incomplete_agent"": 10.0}","[25.583556547619047, 11.039505611161662, 12.059578418523374, 12.233325726456716, 8.152711404846634, 15.947425249169434, 14.803212207576296, 17.008839918946304, 18.43452380952381, 14.979865424430642]","[64.0, 31.400000000000002, 32.7, 31.3, 28.1, 34.4, 40.1, 37.6, 47.1, 34.5]"
ga,11,9,13.722474048794853,34.82,46.0,1.7298550011758054,5.5,13.538214285714286,23.230833333333333,9.692619047619047,True,0.0,hospital_corridor,28,12,"[11, 29, 47, 53, 61, 73, 89, 97, 101, 109]","[2.765776967497165, 3.850480457907102, 0.8920173215349618, 0.5, 1.0]","{""time"": 0.0, ""collisions"": 0.05, ""congestion"": 1.0, ""fairness"": 1.0, ""incomplete_base"": 1000.0, ""incomplete_agent"": 10.0}","[16.98010437051533, 10.844759679572764, 12.374255952380953, 15.956177606177608, 9.757292232482348, 14.147457563467027, 14.915476190476193, 14.607738095238094, 14.596913580246914, 13.044565217391305]","[43.800000000000004, 32.1, 32.0, 37.0, 26.3, 31.700000000000003, 40.0, 38.400000000000006, 32.4, 34.5]"
ga,11,10,170.37633863595678,35.620000000000005,3152.6,1.854791016909152,6.1,12.999285714285714,23.890833333333333,10.89154761904762,True,0.0,hospital_corridor,28,12,"[11, 29, 47, 53, 61, 73, 89, 97, 101, 109]","[2.280836822826381, 4.071515862429425, 0.686090233178888, 0.5, 1.0]","{""time"": 0.0, ""collisions"": 0.05, ""congestion"": 1.0, ""fairness"": 1.0, ""incomplete_base"": 1000.0, ""incomplete_agent"": 10.0}","[221.2534262485482, 176.95151515151514, 121.45423796259452, 173.0365763546798, 187.79523809523812, 129.9400607222755, 170.4175906183369, 206.30791316526611, 181.3373116335142, 135.2695164075993]","[32.800000000000004, 33.0, 35.9, 34.800000000000004, 30.8, 29.8, 40.2, 40.800000000000004, 39.5, 38.6]"
ga,11,11,13.747157837131923,34.82000000000001,53.7,1.777514979989063,5.4,13.250357142857144,22.535000000000004,9.28464285714286,True,0.0,hospital_corridor,28,12,"[11, 29, 47, 53, 61, 73, 89, 97, 101, 109]","[2.8424150708046887, 3.1989698771652737, 0.9325358350969355, 0.5, 1.0]","{""time"": 0.0, ""collisions"": 0.05, ""congestion"": 1.0, ""fairness"": 1.0, ""incomplete_base"": 1000.0, ""incomplete_agent"": 10.0}","[19.424148374715127, 9.720648604269297, 12.047978436657683, 14.309740259740261, 8.7987012987013, 13.070671687205234, 14.310526315789474, 14.628922274199354, 17.157080200501255, 14.00316091954023]","[39.7, 31.900000000000002, 31.8, 38.5, 26.400000000000002, 31.3, 38.0, 39.7, 36.1, 34.800000000000004]"
ga,11,12,14.024034306155176,37.6,38.0,1.5787962109170794,5.3,13.743928571428572,24.28916666666667,10.545238095238096,True,0.0,hospital_corridor,28,12,"[11, 29, 47, 53, 61, 73, 89, 97, 101, 109]","[2.4837227058712563, 3.5264334074969077, 0.919123656459089, 0.5, 1.0]","{""time"": 0.0, ""collisions"": 0.05, ""congestion"": 1.0, ""fairness"": 1.0, ""incomplete_base"": 1000.0, ""incomplete_agent"": 10.0}","[19.048723934018053, 10.225162170131213, 12.99197722567288, 10.93506330024457, 10.053028620774736, 12.860303413400757, 15.884402155022595, 16.861443932411674, 15.383704253214642, 15.99653405666064]","[45.900000000000006, 32.300000000000004, 34.5, 33.1, 38.6, 33.9, 41.1, 43.400000000000006, 33.7, 39.5]"
ga,11,13,13.596562458765506,35.86000000000001,40.1,1.5939434111464574,5.2,13.470714285714285,23.468333333333334,9.997619047619049,True,0.0,hospital_corridor,28,12,"[11, 29, 47, 53, 61, 73, 89, 97, 101, 109]","[2.542348384596476, 3.31774722919052, 0.9135023991225837, 0.5, 1.0]","{""time"": 0.0, ""collisions"": 0.05, ""congestion"": 1.0, ""fairness"": 1.0, ""incomplete_base"": 1000.0, ""incomplete_agent"": 10.0}","[12.483550668223694, 10.131533101045298, 12.885467737390817, 10.605184331797236, 9.563966225467823, 14.880515748619198, 16.589285714285715, 18.517319508448537, 15.085160408574305, 15.223641143802432]","[36.7, 32.800000000000004, 33.800000000000004, 31.0, 31.3, 31.900000000000002, 41.2, 46.5, 33.1, 40.300000000000004]"
ga,11,14,1017.3500170343063,44.33,39.7,1.7454432747325743,5.4,14.007774725274725,24.62734848484849,10.61957375957376,False,0.3,hospital_corridor,28,12,"[11, 29, 47, 53, 61, 73, 89, 97, 101, 109]","[2.6087794700083027, 3.4828601532520223, 0.9142050902958381, 0.5, 1.0]","{""time"": 0.0, ""collisions"": 0.05, ""congestion"": 1.0, ""fairness"": 1.0, ""incomplete_base"": 1000.0, ""incomplete_agent"": 10.0}","[16.80684523809524, 9.986594202898553, 13.133792048929664, 10.29984174938858, 9.322541688155408, 25.30145351102798, 15.743411927877949, 14.945238095238098, 14.713095238095239, 1043.2473566433566]","[44.800000000000004, 32.2, 32.7, 33.1, 27.700000000000003, 61.1, 41.2, 37.800000000000004, 32.7, 100.0]"
ga,11,15,14.419529644499347,36.55,55.1,1.6036963111660119,4.9,13.560000000000002,23.620833333333334,10.060833333333335,True,0.0,hospital_corridor,28,12,"[11, 29, 47, 53, 61, 73, 89, 97, 101, 109]","[2.81802964315987, 3.5563346088460452, 0.9236515994257561, 0.5, 1.0]","{""time"": 0.0, ""collisions"": 0.05, ""congestion"": 1.0, ""fairness"": 1.0, ""incomplete_base"": 1000.0, ""incomplete_agent"": 10.0}","[22.81991525423729, 10.021804511278194, 12.105712101354307, 10.769181757209925, 8.551861471861471, 14.773383135489151, 15.289867320974196, 18.236663652802893, 15.986067019400354, 15.640840220385677]","[47.2, 32.300000000000004, 32.7, 35.5, 27.5, 34.9, 39.300000000000004, 47.400000000000006, 32.4, 36.300000000000004]"
ga,11,16,1021.2814816472098,45.010000000000005,54.7,1.587250045478172,4.9,14.199935064935067,25.15916666666667,10.959231601731604,False,0.6,hospital_corridor,28,12,"[11, 29, 47, 53, 61, 73, 89, 97, 101, 109]","[2.9048396254151, 3.582900799204931, 0.9890180192256579, 0.5, 1.0]","{""time"": 0.0, ""collisions"": 0.05, ""congestion"": 1.0, ""fairness"": 1.0, ""incomplete_base"": 1000.0, ""incomplete_agent"": 10.0}","[21.33482283908824, 1076.0706969696969, 12.458903009056385, 14.318202208419601, 10.374749373433584, 14.535385005065859, 16.07686548846343, 17.91788867865027, 13.995737913486007, 15.7315649867374]","[42.2, 100.0, 32.6, 41.400000000000006, 39.900000000000006, 32.9, 38.800000000000004, 45.300000000000004, 39.300000000000004, 37.7]"
ga,11,17,13.794098851238438,34.58,51.9,1.6157655179051027,5.1,13.0,22.583333333333336,9.583333333333334,True,0.0,hospital_corridor,28,12,"[11, 29, 47, 53, 61, 73, 89, 97, 101, 109]","[2.82445208236868, 3.582900799204931, 0.8906693813633205, 0.5, 1.0]","{""time"": 0.0, ""collisions"": 0.05, ""congestion"": 1.0, ""fairness"": 1.0, ""incomplete_base"": 1000.0, ""incomplete_agent"": 10.0}","[18.762043189368768, 10.593223443223442, 12.900256178420735, 12.773664343786296, 8.590901683867465, 12.874395604395605, 16.436053984575835, 16.051915113871637, 16.059183673469388, 12.899351297405191]","[34.4, 31.200000000000003, 31.6, 36.9, 26.3, 32.5, 38.900000000000006, 41.400000000000006, 39.2, 33.4]"
ga,11,18,16.870729549301966,32.599999999999994,121.8,1.7656105016829173,5.4,12.873214285714287,21.888333333333335,9.015119047619049,True,0.0,hospital_corridor,28,12,"[11, 29, 47, 53, 61, 73, 89, 97, 101, 109]","[3.129136653819299, 3.096172916374108, 0.9325358350969355, 0.5, 1.0]","{""time"": 0.0, ""collisions"": 0.05, ""congestion"": 1.0, ""fairness"": 1.0, ""incomplete_base"": 1000.0, ""incomplete_agent"": 10.0}","[35.14970770917063, 10.75410906298003, 15.21434837092732, 18.26235632183908, 10.69127769919849, 15.601530612244899, 17.468528610354227, 18.501039570757882, 14.941348195329088, 12.123049340218017]","[39.1, 31.0, 30.400000000000002, 29.0, 30.3, 29.400000000000002, 36.7, 35.5, 31.400000000000002, 33.2]"
ga,11,19,13.704880873875137,34.92999999999999,39.8,1.7389284929227558,5.3,13.255714285714287,23.231666666666666,9.975952380952382,True,0.0,hospital_corridor,28,12,"[11, 29, 47, 53, 61, 73, 89, 97, 101, 109]","[2.8424150708046887, 3.635703036263008, 0.9325358350969355, 0.5, 1.0]","{""time"": 0.0, ""collisions"": 0.05, ""congestion"": 1.0, ""fairness"": 1.0, ""incomplete_base"": 1000.0, ""incomplete_agent"": 10.0}","[15.875049091801671, 10.459316295325468, 12.961552028218696, 15.47784610532955, 7.842857142857142, 13.874627519719546, 15.390820241139934, 15.490934065934066, 13.799559082892419, 15.87624716553288]","[38.800000000000004, 32.7, 32.4, 30.200000000000003, 28.0, 32.6, 39.1, 39.0, 32.4, 44.1]"
ga,11,20,51.02731897304187,31.079999999999995,789.5,1.901485639708536,5.4,11.8,21.45083333333334,9.650833333333335,True,0.0,hospital_corridor,28,12,"[11, 29, 47, 53, 61, 73, 89, 97, 101, 109]","[2.8424150708046887, 3.1989698771652737, 0.7429193163867172, 0.5, 1.0]","{""time"": 0.0, ""collisions"": 0.05, ""congestion"": 1.0, ""fairness"": 1.0, ""incomplete_base"": 1000.0, ""incomplete_agent"": 10.0}","[89.46011904761905, 39.29571428571429, 40.054421768707485, 75.41439393939393, 39.13147731533558, 36.54426957223568, 45.93765928906774, 48.0563613789074, 57.682778548312534, 38.69599458512502]","[36.800000000000004, 30.0, 29.400000000000002, 30.8, 25.400000000000002, 29.5, 35.5, 32.6, 30.900000000000002, 29.900000000000002]"
ga,11,21,164.8941489264971,32.39,3067.7,1.9631965455447387,5.8,12.265714285714287,21.811666666666667,9.54595238095238,True,0.0,hospital_corridor,28,12,"[11, 29, 47, 53, 61, 73, 89, 97, 101, 109]","[2.8424150708046887, 3.1989698771652737, 0.6611574624152503, 0.5, 1.0]","{""time"": 0.0, ""collisions"": 0.05, ""congestion"": 1.0, ""fairness"": 1.0, ""incomplete_base"": 1000.0, ""incomplete_agent"": 10.0}","[204.74410023677981, 180.57755001408847, 134.39568854568856, 170.37768741159832, 155.07110947471776, 148.29761904761907, 175.36972329472331, 168.0273538961039, 164.8386384650948, 147.24201887855733]","[36.2, 33.800000000000004, 29.6, 30.3, 29.1, 28.0, 37.0, 35.2, 30.900000000000002, 33.800000000000004]"
ga,11,22,14.341465762490252,41.980000000000004,25.2,1.4269419529664433,4.9,15.13964285714286,26.794166666666673,11.654523809523809,True,0.0,hospital_corridor,28,12,"[11, 29, 47, 53, 61, 73, 89, 97, 101, 109]","[2.0434519215143716, 3.460145906873569, 0.915127551515331, 0.5, 1.0]","{""time"": 0.0, ""collisions"": 0.05, ""congestion"": 1.0, ""fairness"": 1.0, ""incomplete_base"": 1000.0, ""incomplete_agent"": 10.0}","[13.317046605876396, 10.106474050294274, 14.411121007006294, 9.54114906832298, 11.908815118736792, 14.44218500797448, 16.1150128314799, 21.391815797593335, 15.637123980026795, 16.54391415759129]","[51.7, 35.6, 40.1, 32.2, 38.300000000000004, 41.800000000000004, 50.1, 46.300000000000004, 39.1, 44.6]"
ga,11,23,13.478533355532104,38.75000000000001,23.8,1.6744857364844825,5.0,14.501785714285717,25.115833333333335,10.614047619047621,True,0.0,hospital_corridor,28,12,"[11, 29, 47, 53, 61, 73, 89, 97, 101, 109]","[2.5921663065003253, 4.165580471560637, 0.9196459590794992, 0.5, 1.0]","{""time"": 0.0, ""collisions"": 0.05, ""congestion"": 1.0, ""fairness"": 1.0, ""incomplete_base"": 1000.0, ""incomplete_agent"": 10.0}","[12.154706927175845, 9.54449225473322, 13.545886205485061, 16.666348420556343, 9.931636271529891, 12.97951273532669, 15.716190476190473, 16.55136229749632, 14.396522204387374, 13.298675762439808]","[56.300000000000004, 33.2, 34.9, 50.5, 28.200000000000003, 34.4, 40.0, 38.800000000000004, 35.6, 35.6]"
ga,12,0,13.163865518832074,35.08,35.9,1.661603614070168,5.2,13.193571428571428,22.900833333333335,9.707261904761905,True,0.0,hospital_corridor,28,12,"[11, 29, 47, 53, 61, 73, 89, 97, 101, 109]","[2.785182714857685, 3.782885338647794, 0.9133112952039376, 0.5, 1.0]","{""time"": 0.0, ""collisions"": 0.05, ""congestion"": 1.0, ""fairness"": 1.0, ""incomplete_base"": 1000.0, ""incomplete_agent"": 10.0}","[15.206603773584906, 12.881318681318682, 13.056786089830252, 9.259188239054009, 7.101911521706477, 12.974567099567102, 14.757380952380952, 16.92455887343061, 15.753827838827842, 13.722512118619905]","[42.400000000000006, 36.4, 31.700000000000003, 29.8, 31.700000000000003, 30.8, 40.0, 42.1, 32.5, 33.4]"
ga,12,1,13.478533355532104,38.75000000000001,23.8,1.6744857364844825,5.0,14.501785714285717,25.115833333333335,10.614047619047621,True,0.0,hospital_corridor,28,12,"[11, 29, 47, 53, 61, 73, 89, 97, 101, 109]","[2.5921663065003253, 4.165580471560637, 0.9196459590794992, 0.5, 1.0]","{""time"": 0.0, ""collisions"": 0.05, ""congestion"": 1.0, ""fairness"": 1.0, ""incomplete_base"": 1000.0, ""incomplete_agent"": 10.0}","[12.154706927175845, 9.54449225473322, 13.545886205485061, 16.666348420556343, 9.931636271529891, 12.97951273532669, 15.716190476190473, 16.55136229749632, 14.396522204387374, 13.298675762439808]","[56.300000000000004, 33.2, 34.9, 50.5, 28.200000000000003, 34.4, 40.0, 38.800000000000004, 35.6, 35.6]"
ga,12,2,15.549293636846228,41.26,42.2,1.641793636846225,4.9,14.247499999999999,26.044999999999998,11.797500000000003,True,0.0,hospital_corridor,28,12,"[11, 29, 47, 53, 61, 73, 89, 97, 101, 109]","[2.7319974493403305, 3.77799088925452, 0.9075505212588911, 0.5, 1.0]","{""time"": 0.0, ""collisions"": 0.05, ""congestion"": 1.0, ""fairness"": 1.0, ""incomplete_base"": 1000.0, ""incomplete_agent"": 10.0}","[35.40313852813853, 12.764812646370023, 13.350476190476192, 9.027900573910346, 8.348101433882103, 13.452669552669555, 18.310382059800663, 14.895676691729324, 15.475220458553794, 14.464558232931727]","[92.4, 36.6, 32.5, 30.700000000000003, 26.900000000000002, 29.700000000000003, 60.2, 38.0, 32.4, 33.2]"
ga,12,3,14.781724856652444,37.56,38.7,1.680415332842918,5.2,13.892857142857144,25.05916666666667,11.166309523809526,True,0.0,hospital_corridor,28,12,"[11, 29, 47, 53, 61, 73, 89, 97, 101, 109]","[2.572401348553355, 3.7756126231417984, 0.9062644779512332, 0.5, 1.0]","{""time"": 0.0, ""collisions"": 0.05, ""congestion"": 1.0, ""fairness"": 1.0, ""incomplete_base"": 1000.0, ""incomplete_agent"": 10.0}","[17.685539536915687, 9.819403649310193, 13.071506986027947, 20.9217032967033, 9.29229323308271, 15.556355200690549, 14.627586502226789, 17.255946932548763, 15.11341698841699, 14.473496240601504]","[43.6, 32.1, 33.4, 52.0, 28.5, 33.1, 41.7, 43.7, 33.300000000000004, 34.2]"
ga,12,4,13.289642682138961,34.230000000000004,40.1,1.7091664916627693,5.4,13.165357142857143,22.740833333333335,9.575476190476191,True,0.0,hospital_corridor,28,12,"[11, 29, 47, 53, 61, 73, 89, 97, 101, 109]","[2.831631542567735, 3.6217345708792323, 0.917171097949274, 0.5, 1.0]","{""time"": 0.0, ""collisions"": 0.05, ""congestion"": 1.0, ""fairness"": 1.0, ""incomplete_base"": 1000.0, ""incomplete_agent"": 10.0}","[14.691485571784824, 9.96324404761905, 12.813095238095237, 11.813333333333333, 8.23023718993301, 17.931469708302174, 15.447252747252751, 14.833284241531667, 14.081393298059968, 13.0916314454776]","[40.1, 32.0, 31.700000000000003, 30.0, 26.3, 38.2, 39.0, 38.800000000000004, 32.4, 33.800000000000004]"
ga,12,5,13.869566272913108,34.39,51.4,1.6808757967226318,5.0,13.214642857142858,22.833333333333336,9.618690476190476,True,0.0,hospital_corridor,28,12,"[11, 29, 47, 53, 61, 73, 89, 97, 101, 109]","[2.8352356106056336, 3.596869264588707, 0.9060341185109821, 0.5, 1.0]","{""time"": 0.0, ""collisions"": 0.05, ""congestion"": 1.0, ""fairness"": 1.0, ""incomplete_base"": 1000.0, ""incomplete_agent"": 10.0}","[19.01678113553114, 10.746361185983828, 12.450264550264551, 12.068631669535284, 8.554761904761904, 12.850457875457877, 18.050530066041016, 15.037647712647715, 15.57192429022082, 14.348302338686953]","[41.6, 31.8, 32.4, 33.2, 26.400000000000002, 31.200000000000003, 41.1, 40.7, 31.700000000000003, 33.800000000000004]"
ga,12,6,15.000157021930457,32.029999999999994,82.9,1.8282522600256939,5.2,12.758928571428573,21.785833333333336,9.026904761904763,True,0.0,hospital_corridor,28,12,"[11, 29, 47, 53, 61, 73, 89, 97, 101, 109]","[3.476837796290866, 3.582068738112289, 0.9243088583548127, 0.5, 1.0]","{""time"": 0.0, ""collisions"": 0.05, ""congestion"": 1.0, ""fairness"": 1.0, ""incomplete_base"": 1000.0, ""incomplete_agent"": 10.0}","[22.94138655462185, 12.785164835164835, 13.342342342342342, 14.73281068524971, 10.456040268456377, 13.709684684684687, 15.847820823244554, 16.266117216117216, 16.49065934065934, 13.429543468763653]","[35.7, 31.200000000000003, 29.6, 28.700000000000003, 29.8, 29.6, 35.4, 36.4, 31.200000000000003, 32.7]"
ga,12,7,14.32021132707023,38.32,46.6,1.7862827556416547,5.3,14.311071428571429,24.515000000000004,10.203928571428573,True,0.0,hospital_corridor,28,12,"[11, 29, 47, 53, 61, 73, 89, 97, 101, 109]","[2.66604418191138, 3.6559428660062934, 0.9135478313667815, 0.5, 1.0]","{""time"": 0.0, ""collisions"": 0.05, ""congestion"": 1.0, ""fairness"": 1.0, ""incomplete_base"": 1000.0, ""incomplete_agent"": 10.0}","[18.886186841148678, 11.354780681988881, 13.045067008839464, 12.428265496142593, 9.91597249253925, 14.294534214714165, 17.089027538726334, 17.145555727714083, 15.126393728222997, 13.916329540665828]","[52.400000000000006, 31.700000000000003, 33.4, 35.800000000000004, 36.7, 38.900000000000006, 41.5, 46.1, 32.800000000000004, 33.9]"
ga,12,8,14.579947435230466,34.81,63.0,1.6211379114209403,5.3,12.755357142857145,22.564166666666665,9.808809523809524,True,0.0,hospital_corridor,28,12,"[11, 29, 47, 53, 61, 73, 89, 97, 101, 109]","[2.889744564553186, 3.1989698771652737, 0.9325358350969355, 0.5, 1.0]","{""time"": 0.0, ""collisions"": 0.05, ""congestion"": 1.0, ""fairness"": 1.0, ""incomplete_base"": 1000.0, ""incomplete_agent"": 10.0}","[21.946978860193965, 10.106528662420383, 11.99856230031949, 14.014625850340135, 10.915476190476191, 15.296254681647943, 15.338207724034499, 14.92250065772165, 18.116363521535934, 13.143975903614457]","[43.7, 31.400000000000002, 31.3, 29.400000000000002, 31.5, 35.6, 38.1, 36.2, 37.7, 33.2]"
ga,12,9,15.328145984869987,39.54,39.3,1.547074556298558,4.8,14.186428571428573,26.002499999999998,11.81607142857143,True,0.0,hospital_corridor,28,12,"[11, 29, 47, 53, 61, 73, 89, 97, 101, 109]","[2.3644330384369714, 3.1989698771652737, 0.9325358350969355, 0.5, 1.0]","{""time"": 0.0, ""collisions"": 0.05, ""congestion"": 1.0, ""fairness"": 1.0, ""incomplete_base"": 1000.0, ""incomplete_agent"": 10.0}","[21.356848306332843, 9.663309096093528, 14.63294301327088, 11.296319353429446, 9.514550264550264, 13.341000807102503, 16.830952380952382, 25.43072204441858, 15.090756302521008, 16.12405828002843]","[48.5, 33.4, 36.6, 32.7, 37.800000000000004, 35.4, 46.0, 49.1, 35.7, 40.2]"
ga,12,10,1173.4827275872428,39.64999999999999,3222.5,1.8413423058574652,6.0,12.622857142857143,22.139242424242425,9.516385281385281,False,0.1,hospital_corridor,28,12,"[11, 29, 47, 53, 61, 73, 89, 97, 101, 109]","[2.7943058047859246, 3.592379380702976, 0.5, 0.5, 1.0]","{""time"": 0.0, ""collisions"": 0.05, ""congestion"": 1.0, ""fairness"": 1.0, ""incomplete_base"": 1000.0, ""incomplete_agent"": 10.0}","[1198.2853766233766, 177.51458060288334, 138.12589485458614, 183.99246954595793, 165.5033105022831, 160.8537878787879, 193.43910601976637, 215.23955893832942, 157.41254664875353, 144.46064425770308]","[100.0, 32.7, 29.8, 34.4, 29.200000000000003, 30.8, 37.1, 36.6, 31.900000000000002, 34.0]"
ga,12,11,13.80726153863978,33.0,51.3,1.7923805862588278,5.5,12.851785714285716,22.30166666666667,9.449880952380953,True,0.0,hospital_corridor,28,12,"[11, 29, 47, 53, 61, 73, 89, 97, 101, 109]","[2.9740088927357946, 3.3894758351100918, 0.9198988944478652, 0.5, 1.0]","{""time"": 0.0, ""collisions"": 0.05, ""congestion"": 1.0, ""fairness"": 1.0, ""incomplete_base"": 1000.0, ""incomplete_agent"": 10.0}","[17.584962406015038, 10.14776785714286, 13.409888320148905, 13.42914431984398, 9.917384213959558, 14.161551750037553, 15.637807881773398, 14.552973106340982, 16.02875457875458, 13.202380952380953]","[38.0, 32.0, 30.700000000000003, 29.3, 29.200000000000003, 31.700000000000003, 34.800000000000004, 38.6, 32.5, 33.2]"
ga,12,12,13.635336307446888,34.400000000000006,40.3,1.7190267836373643,5.0,13.212857142857143,23.11416666666667,9.901309523809523,True,0.0,hospital_corridor,28,12,"[11, 29, 47, 53, 61, 73, 89, 97, 101, 109]","[2.806528467020909, 3.3971983728191475, 0.9277396312425636, 0.5, 1.0]","{""time"": 0.0, ""collisions"": 0.05, ""congestion"": 1.0, ""fairness"": 1.0, ""incomplete_base"": 1000.0, ""incomplete_agent"": 10.0}","[19.991110394496403, 10.149255952380953, 12.694142705005325, 11.678571428571427, 8.598130544993662, 15.844738863287251, 15.209660123591421, 15.629424497071557, 13.736559857587896, 12.821768707482994]","[44.300000000000004, 32.0, 31.3, 31.1, 26.3, 31.0, 39.300000000000004, 37.4, 32.1, 39.2]"
ga,12,13,1136.712586074871,100.0,16.4,0.4035,3.8,14.278883622098727,25.767969696969697,11.489086074870972,False,12.4,hospital_corridor,28,12,"[11, 29, 47, 53, 61, 73, 89, 97, 101, 109]","[2.8210693186414644, 3.5846568429939203, 1.331755727008109, 0.5, 1.0]","{""time"": 0.0, ""collisions"": 0.05, ""congestion"": 1.0, ""fairness"": 1.0, ""incomplete_base"": 1000.0, ""incomplete_agent"": 10.0}","[1120.4928947368421, 1164.4872207792207, 1119.3413333333333, 1125.8295087719298, 1127.5162807017543, 1181.3115789473684, 1087.0394347826086, 1112.5237391304347, 1105.3868695652175, 1223.197]","[100.0, 100.0, 100.0, 100.0, 100.0, 100.0, 100.0, 100.0, 100.0, 100.0]"
ga,12,14,13.471009514763862,35.81,39.3,1.7295809433352893,4.9,13.62607142857143,23.4025,9.776428571428573,True,0.0,hospital_corridor,28,12,"[11, 29, 47, 53, 61, 73, 89, 97, 101, 109]","[2.6400824116275503, 3.4792784437166207, 0.9295025391104929, 0.5, 1.0]","{""time"": 0.0, ""collisions"": 0.05, ""congestion"": 1.0, ""fairness"": 1.0, ""incomplete_base"": 1000.0, ""incomplete_agent"": 10.0}","[13.759676775738228, 9.685746460746463, 13.484338465925294, 11.59826702833032, 10.717041748206132, 15.066081517352703, 14.698589065255732, 16.541297786720325, 15.102557580895862, 14.056498718467557]","[35.800000000000004, 33.300000000000004, 33.4, 31.6, 36.5, 35.4, 40.5, 42.6, 33.7, 35.300000000000004]"
ga,12,15,15.406434036236904,35.5,84.3,1.7104816552845254,5.3,13.740714285714285,23.221666666666664,9.48095238095238,True,0.0,hospital_corridor,28,12,"[11, 29, 47, 53, 61, 73, 89, 97, 101, 109]","[2.7285696952562817, 3.2461248409455608, 0.9221569524455318, 0.5, 1.0]","{""time"": 0.0, ""collisions"": 0.05, ""congestion"": 1.0, ""fairness"": 1.0, ""incomplete_base"": 1000.0, ""incomplete_agent"": 10.0}","[30.730173461495973, 10.077985347985347, 12.770996978851965, 13.615681444991793, 9.079257390688618, 17.899802615346655, 14.773064340239912, 15.684791189202956, 15.567344322344324, 13.865243271221534]","[43.1, 32.5, 33.1, 34.800000000000004, 26.900000000000002, 38.6, 39.300000000000004, 37.4, 32.5, 36.800000000000004]"
ga,12,16,1170.6599500064185,39.76,3163.3,1.862547409015892,6.2,12.507142857142856,22.139545454545456,9.632402597402598,False,0.1,hospital_corridor,28,12,"[11, 29, 47, 53, 61, 73, 89, 97, 101, 109]","[2.768337167622422, 3.7125994222426346, 0.5, 0.5, 1.0]","{""time"": 0.0, ""collisions"": 0.05, ""congestion"": 1.0, ""fairness"": 1.0, ""incomplete_base"": 1000.0, ""incomplete_agent"": 10.0}","[1203.1294545454546, 177.21297107800174, 137.3876877596676, 194.4123015873016, 141.79929302779135, 162.9356716302156, 168.92629870129872, 209.57745951172348, 163.65648189875319, 147.5618803239771]","[100.0, 32.6, 29.8, 31.5, 29.3, 30.700000000000003, 38.5, 39.400000000000006, 31.700000000000003, 34.1]"
ga,12,17,1023.0386817396177,58.010000000000005,16.4,1.1201752461112489,4.6,15.823993506493508,30.922500000000003,15.098506493506495,False,0.6,hospital_corridor,28,12,"[11, 29, 47, 53, 61, 73, 89, 97, 101, 109]","[1.830519037427895, 3.773584071927475, 0.9198745151209307, 0.5, 1.0]","{""time"": 0.0, ""collisions"": 0.05, ""congestion"": 1.0, ""fairness"": 1.0, ""incomplete_base"": 1000.0, ""incomplete_agent"": 10.0}","[13.570285242809994, 1074.3966363636364, 16.342317708333333, 10.447178640242225, 13.60892857142857, 13.326898797097126, 19.964625850340138, 30.86788766788767, 16.37527795259073, 21.486780601811276]","[50.5, 100.0, 51.2, 34.6, 56.0, 47.900000000000006, 63.7, 81.9, 45.400000000000006, 48.900000000000006]"
ga,12,18,15.000484002369443,40.06,37.7,1.676793526178966,5.2,14.32214285714286,25.760833333333334,11.438690476190477,True,0.0,hospital_corridor,28,12,"[11, 29, 47, 53, 61, 73, 89, 97, 101, 109]","[2.5192160830360004, 3.7707181737485245, 0.9005037040061867, 0.5, 1.0]","{""time"": 0.0, ""collisions"": 0.05, ""congestion"": 1.0, ""fairness"": 1.0, ""incomplete_base"": 1000.0, ""incomplete_agent"": 10.0}","[27.947121298586016, 9.694250253292806, 13.813362487852284, 10.786111111111111, 11.11150336215178, 14.518694335589597, 16.436871384067643, 15.995611229566451, 13.477151462994836, 16.2241630984819]","[75.10000000000001, 32.9, 34.300000000000004, 30.6, 34.7, 40.1, 42.800000000000004, 40.2, 33.2, 36.7]"
ga,12,19,17.10528360323967,34.7,117.4,1.6463550318110964,5.1,13.321071428571432,22.91,9.588928571428571,True,0.0,hospital_corridor,28,12,"[11, 29, 47, 53, 61, 73, 89, 97, 101, 109]","[2.996960751311626, 2.9063542751398113, 0.9458823808639802, 0.5, 1.0]","{""time"": 0.0, ""collisions"": 0.05, ""congestion"": 1.0, ""fairness"": 1.0, ""incomplete_base"": 1000.0, ""incomplete_agent"": 10.0}","[23.25135756056809, 11.192355089000458, 15.279701243554747, 17.379937548790007, 10.260562310030394, 16.454423914676283, 17.689936180657835, 19.005977710233026, 20.945727332028703, 19.59285714285714]","[34.2, 31.3, 31.400000000000002, 36.6, 32.9, 31.700000000000003, 38.800000000000004, 37.6, 36.5, 36.0]"
ga,12,20,15.330430247061617,46.410000000000004,46.1,1.364715961347331,5.2,15.691785714285711,27.352500000000003,11.660714285714286,True,0.0,hospital_corridor,28,12,"[11, 29, 47, 53, 61, 73, 89, 97, 101, 109]","[2.007652922587486, 3.030858206118835, 0.9133112952039376, 0.5, 1.0]","{""time"": 0.0, ""collisions"": 0.05, ""congestion"": 1.0, ""fairness"": 1.0, ""incomplete_base"": 1000.0, ""incomplete_agent"": 10.0}","[16.171853002070396, 11.114049231430721, 15.42849168375484, 11.528333333333336, 12.590229885057473, 14.555817313732883, 15.971217244294168, 22.275501253132834, 16.864047619047618, 16.804761904761904]","[57.5, 44.300000000000004, 41.800000000000004, 40.0, 40.6, 37.9, 50.7, 66.5, 40.0, 44.800000000000004]"
ga,12,21,13.747157837131923,34.82000000000001,53.7,1.777514979989063,5.4,13.250357142857144,22.535000000000004,9.28464285714286,True,0.0,hospital_corridor,28,12,"[11, 29, 47, 53, 61, 73, 89, 97, 101, 109]","[2.8424150708046887, 3.1989698771652737, 0.9325358350969355, 0.5, 1.0]","{""time"": 0.0, ""collisions"": 0.05, ""congestion"": 1.0, ""fairness"": 1.0, ""incomplete_base"": 1000.0, ""incomplete_agent"": 10.0}","[19.424148374715127, 9.720648604269297, 12.047978436657683, 14.309740259740261, 8.7987012987013, 13.070671687205234, 14.310526315789474, 14.628922274199354, 17.157080200501255, 14.00316091954023]","[39.7, 31.900000000000002, 31.8, 38.5, 26.400000000000002, 31.3, 38.0, 39.7, 36.1, 34.800000000000004]"
ga,12,22,12.979124738937267,34.89,29.5,1.680553310365837,5.0,13.768928571428571,23.592499999999998,9.82357142857143,True,0.0,hospital_corridor,28,12,"[11, 29, 47, 53, 61, 73, 89, 97, 101, 109]","[2.5859602391420373, 3.780437946784456, 0.9139086687834715, 0.5, 1.0]","{""time"": 0.0, ""collisions"": 0.05, ""congestion"": 1.0, ""fairness"": 1.0, ""incomplete_base"": 1000.0, ""incomplete_agent"": 10.0}","[15.01258503401361, 12.436005610703496, 12.420380667236955, 9.26783317353787, 7.9909845788849365, 15.208600933168656, 14.64335719968178, 16.457476663121824, 13.148101673101673, 13.205921855921856]","[39.2, 33.1, 33.4, 29.8, 28.1, 34.7, 41.900000000000006, 40.300000000000004, 33.300000000000004, 35.1]"
ga,12,23,1021.2031364593439,53.089999999999996,26.0,1.4663141150216012,4.9,14.834010989010991,26.270833333333336,11.436822344322344,False,0.7,hospital_corridor,28,12,"[11, 29, 47, 53, 61, 73, 89, 97, 101, 109]","[2.1517514787823657, 3.7028897539667014, 0.9192396894186113, 0.5, 1.0]","{""time"": 0.0, ""collisions"": 0.05, ""congestion"": 1.0, ""fairness"": 1.0, ""incomplete_base"": 1000.0, ""incomplete_agent"": 10.0}","[12.452285037237644, 8.795978120978123, 14.308612397577484, 1031.831487179487, 11.134633240482824, 14.523193760262728, 17.320323510570148, 1070.367641025641, 13.926224667412658, 17.370985653789646]","[42.2, 37.0, 40.1, 100.0, 35.9, 37.7, 44.6, 100.0, 38.300000000000004, 55.1]"
ga,13,0,12.979124738937267,34.89,29.5,1.680553310365837,5.0,13.768928571428571,23.592499999999998,9.82357142857143,True,0.0,hospital_corridor,28,12,"[11, 29, 47, 53, 61, 73, 89, 97, 101, 109]","[2.5859602391420373, 3.780437946784456, 0.9139086687834715, 0.5, 1.0]","{""time"": 0.0, ""collisions"": 0.05, ""congestion"": 1.0, ""fairness"": 1.0, ""incomplete_base"": 1000.0, ""incomplete_agent"": 10.0}","[15.01258503401361, 12.436005610703496, 12.420380667236955, 9.26783317353787, 7.9909845788849365, 15.208600933168656, 14.64335719968178, 16.457476663121824, 13.148101673101673, 13.205921855921856]","[39.2, 33.1, 33.4, 29.8, 28.1, 34.7, 41.900000000000006, 40.300000000000004, 33.300000000000004, 35.1]"
ga,13,1,13.163865518832074,35.08,35.9,1.661603614070168,5.2,13.193571428571428,22.900833333333335,9.707261904761905,True,0.0,hospital_corridor,28,12,"[11, 29, 47, 53, 61, 73, 89, 97, 101, 109]","[2.785182714857685, 3.782885338647794, 0.9133112952039376, 0.5, 1.0]","{""time"": 0.0, ""collisions"": 0.05, ""congestion"": 1.0, ""fairness"": 1.0, ""incomplete_base"": 1000.0, ""incomplete_agent"": 10.0}","[15.206603773584906, 12.881318681318682, 13.056786089830252, 9.259188239054009, 7.101911521706477, 12.974567099567102, 14.757380952380952, 16.92455887343061, 15.753827838827842, 13.722512118619905]","[42.400000000000006, 36.4, 31.700000000000003, 29.8, 31.700000000000003, 30.8, 40.0, 42.1, 32.5, 33.4]"
ga,13,2,13.803166249454765,35.38,45.4,1.7057852970738119,5.1,13.621785714285716,23.449166666666667,9.827380952380953,True,0.0,hospital_corridor,28,12,"[11, 29, 47, 53, 61, 73, 89, 97, 101, 109]","[2.7832141041469978, 3.3958399540112434, 0.9256034697944772, 0.5, 1.0]","{""time"": 0.0, ""collisions"": 0.05, ""congestion"": 1.0, ""fairness"": 1.0, ""incomplete_base"": 1000.0, ""incomplete_agent"": 10.0}","[13.619495319495321, 9.718911995177818, 12.974394896079978, 14.866404543468763, 8.099530890423086, 14.846338155515372, 15.63956043956044, 19.1164931120512, 14.561208445642407, 14.589324697133264]","[35.1, 31.6, 36.2, 32.7, 26.900000000000002, 31.6, 39.0, 43.900000000000006, 37.1, 39.7]"
ga,13,3,14.347521112358592,37.82000000000001,53.3,1.6164496837871627,5.1,13.928928571428571,23.994999999999997,10.06607142857143,True,0.0,hospital_corridor,28,12,"[11, 29, 47, 53, 61, 73, 89, 97, 101, 109]","[2.7022245793604407, 3.472914324815469, 0.9237979637638809, 0.5, 1.0]","{""time"": 0.0, ""collisions"": 0.05, ""congestion"": 1.0, ""fairness"": 1.0, ""incomplete_base"": 1000.0, ""incomplete_agent"": 10.0}","[16.745667648502696, 9.784679089026914, 11.916558441558442, 13.005672268907563, 8.332635467980296, 13.913641188959659, 16.882520325203256, 15.335523446019632, 22.945735607675907, 14.612577639751553]","[48.5, 32.2, 33.0, 35.7, 29.0, 31.400000000000002, 41.0, 39.300000000000004, 53.6, 34.5]"
ga,13,4,14.648398435784728,39.89,29.4,1.6056603405466334,4.6,14.39892857142857,25.97166666666667,11.572738095238094,True,0.0,hospital_corridor,28,12,"[11, 29, 47, 53, 61, 73, 89, 97, 101, 109]","[2.635238757525959, 4.160353857450261, 0.9224076576685099, 0.5, 1.0]","{""time"": 0.0, ""collisions"": 0.05, ""congestion"": 1.0, ""fairness"": 1.0, ""incomplete_base"": 1000.0, ""incomplete_agent"": 10.0}","[20.41939539860888, 9.912612612612612, 12.75825958702065, 21.00662525879917, 8.043333333333335, 15.817580601645757, 14.563841807909602, 16.927967306325517, 12.804454571145968, 14.229913880445796]","[53.400000000000006, 33.300000000000004, 33.9, 55.2, 35.0, 35.300000000000004, 41.300000000000004, 40.2, 33.7, 37.6]"
ga,13,5,13.901377814080021,34.209999999999994,55.1,1.715663528365734,5.6,13.289285714285716,22.72,9.430714285714286,True,0.0,hospital_corridor,28,12,"[11, 29, 47, 53, 61, 73, 89, 97, 101, 109]","[2.799342619779055, 3.2041964912756495, 0.9297741365079248, 0.5, 1.0]","{""time"": 0.0, ""collisions"": 0.05, ""congestion"": 1.0, ""fairness"": 1.0, ""incomplete_base"": 1000.0, ""incomplete_agent"": 10.0}","[17.435238095238095, 10.204088050314466, 13.62804718217562, 10.206995501783776, 8.461695747001091, 13.509126984126986, 15.00164835164835, 16.209364454443197, 15.875529100529102, 18.48204467353952]","[40.0, 31.8, 32.7, 30.700000000000003, 26.200000000000003, 32.4, 39.0, 38.1, 32.4, 38.800000000000004]"
ga,13,6,14.096013721452481,36.92999999999999,52.4,1.6143470547858148,5.5,13.7225,23.58416666666667,9.861666666666666,True,0.0,hospital_corridor,28,12,"[11, 29, 47, 53, 61, 73, 89, 97, 101, 109]","[2.67234203325997, 3.4126261216248426, 0.9177828947001531, 0.5, 1.0]","{""time"": 0.0, ""collisions"": 0.05, ""congestion"": 1.0, ""fairness"": 1.0, ""incomplete_base"": 1000.0, ""incomplete_agent"": 10.0}","[17.34182704169751, 10.46608449022242, 13.447727272727274, 17.071583250469562, 8.751913630781829, 15.027772754671492, 15.465193033735233, 14.687414965986394, 15.096739926739929, 13.603880847493183]","[38.6, 31.900000000000002, 33.0, 43.1, 34.9, 31.6, 39.1, 39.2, 32.5, 45.400000000000006]"
ga,13,7,15.64111566533745,34.57000000000001,80.1,1.836353760575546,5.6,13.106071428571429,22.905833333333334,9.799761904761905,True,0.0,hospital_corridor,28,12,"[11, 29, 47, 53, 61, 73, 89, 97, 101, 109]","[2.8002306156723193, 3.6405151172005983, 0.8645539357894858, 0.5, 1.0]","{""time"": 0.0, ""collisions"": 0.05, ""congestion"": 1.0, ""fairness"": 1.0, ""incomplete_base"": 1000.0, ""incomplete_agent"": 10.0}","[29.560501066098084, 11.247955974842768, 17.87993827160494, 14.262662337662338, 7.822933262524339, 13.89962919594067, 16.811857142857143, 15.10372340425532, 14.649336949969863, 15.17261904761905]","[53.6, 31.8, 32.4, 30.8, 26.900000000000002, 30.5, 37.5, 37.6, 31.6, 33.0]"
ga,13,8,173.22592778478653,33.71,3227.1,1.9230706419293686,6.2,12.802142857142858,22.750000000000004,9.947857142857142,True,0.0,hospital_corridor,28,12,"[11, 29, 47, 53, 61, 73, 89, 97, 101, 109]","[2.600461229349077, 3.948386502693065, 0.6653189790856127, 0.5, 1.0]","{""time"": 0.0, ""collisions"": 0.05, ""congestion"": 1.0, ""fairness"": 1.0, ""incomplete_base"": 1000.0, ""incomplete_agent"": 10.0}","[212.59285714285716, 167.10774697938876, 140.61121553884712, 209.67132034632036, 153.206721981722, 163.34481743227326, 163.74249156355458, 222.70814536340853, 152.14300911854104, 147.13095238095235]","[35.0, 33.5, 30.400000000000002, 35.2, 29.700000000000003, 28.3, 38.1, 38.0, 32.9, 36.0]"
ga,13,9,1088.4525425054478,100.0,13.2,0.4697,4.2,13.694091837986576,25.016934343434347,11.32284250544777,False,7.6,hospital_corridor,28,12,"[11, 29, 47, 53, 61, 73, 89, 97, 101, 109]","[2.6317874887787984, 3.696472412584192, 1.0811646756861655, 0.5, 1.0]","{""time"": 0.0, ""collisions"": 0.05, ""congestion"": 1.0, ""fairness"": 1.0, ""incomplete_base"": 1000.0, ""incomplete_agent"": 10.0}","[1069.866, 1131.5618771929824, 1062.791, 1088.1375497835497, 1118.483894736842, 1070.4541111111112, 1073.0757777777778, 1085.8619230769232, 1049.3752307692307, 1134.9180606060606]","[100.0, 100.0, 100.0, 100.0, 100.0, 100.0, 100.0, 100.0, 100.0, 100.0]"
ga,13,10,13.478533355532104,38.75000000000001,23.8,1.6744857364844825,5.0,14.501785714285717,25.115833333333335,10.614047619047621,True,0.0,hospital_corridor,28,12,"[11, 29, 47, 53, 61, 73, 89, 97, 101, 109]","[2.5921663065003253, 4.165580471560637, 0.9196459590794992, 0.5, 1.0]","{""time"": 0.0, ""collisions"": 0.05, ""congestion"": 1.0, ""fairness"": 1.0, ""incomplete_base"": 1000.0, ""incomplete_agent"": 10.0}","[12.154706927175845, 9.54449225473322, 13.545886205485061, 16.666348420556343, 9.931636271529891, 12.97951273532669, 15.716190476190473, 16.55136229749632, 14.396522204387374, 13.298675762439808]","[56.300000000000004, 33.2, 34.9, 50.5, 28.200000000000003, 34.4, 40.0, 38.800000000000004, 35.6, 35.6]"
ga,13,11,13.289642682138961,34.230000000000004,40.1,1.7091664916627693,5.4,13.165357142857143,22.740833333333335,9.575476190476191,True,0.0,hospital_corridor,28,12,"[11, 29, 47, 53, 61, 73, 89, 97, 101, 109]","[2.831631542567735, 3.6217345708792323, 0.917171097949274, 0.5, 1.0]","{""time"": 0.0, ""collisions"": 0.05, ""congestion"": 1.0, ""fairness"": 1.0, ""incomplete_base"": 1000.0, ""incomplete_agent"": 10.0}","[14.691485571784824, 9.96324404761905, 12.813095238095237, 11.813333333333333, 8.23023718993301, 17.931469708302174, 15.447252747252751, 14.833284241531667, 14.081393298059968, 13.0916314454776]","[40.1, 32.0, 31.700000000000003, 30.0, 26.3, 38.2, 39.0, 38.800000000000004, 32.4, 33.800000000000004]"
ga,13,12,12.458849781208157,35.99999999999999,26.9,1.7476593050176796,5.5,13.999642857142856,23.365833333333335,9.366190476190477,True,0.0,hospital_corridor,28,12,"[11, 29, 47, 53, 61, 73, 89, 97, 101, 109]","[2.596429278754091, 3.7143555933707164, 0.9138202141622094, 0.5, 1.0]","{""time"": 0.0, ""collisions"": 0.05, ""congestion"": 1.0, ""fairness"": 1.0, ""incomplete_base"": 1000.0, ""incomplete_agent"": 10.0}","[7.182051282051283, 10.394202898550727, 14.2, 7.954084753167322, 10.060991519895628, 13.857863113897597, 14.53541666666667, 16.415633869441816, 13.141645280866836, 16.846608427543682]","[39.0, 32.2, 33.0, 32.7, 29.200000000000003, 31.900000000000002, 41.6, 45.300000000000004, 33.4, 41.7]"
ga,13,13,15.770638730227859,41.330000000000005,40.1,1.7088530159421407,4.8,15.108214285714288,27.165000000000003,12.056785714285716,True,0.0,hospital_corridor,28,12,"[11, 29, 47, 53, 61, 73, 89, 97, 101, 109]","[2.3275639499575873, 3.722025219420033, 0.9136362859880437, 0.5, 1.0]","{""time"": 0.0, ""collisions"": 0.05, ""congestion"": 1.0, ""fairness"": 1.0, ""incomplete_base"": 1000.0, ""incomplete_agent"": 10.0}","[29.61147364295513, 11.308149906488278, 13.582565284178187, 10.30185016681832, 11.02862568619941, 18.880607928450573, 14.947304078582107, 17.25991484184915, 14.747870556673377, 16.03802521008403]","[72.9, 33.1, 37.2, 31.400000000000002, 37.300000000000004, 39.400000000000006, 44.6, 41.1, 35.5, 40.800000000000004]"
ga,13,14,13.883161678806488,33.46,57.4,1.7037569169017246,5.5,13.026428571428573,22.335833333333333,9.309404761904762,True,0.0,hospital_corridor,28,12,"[11, 29, 47, 53, 61, 73, 89, 97, 101, 109]","[2.841732680534067, 3.296522685133296, 0.9216793572274355, 0.5, 1.0]","{""time"": 0.0, ""collisions"": 0.05, ""congestion"": 1.0, ""fairness"": 1.0, ""incomplete_base"": 1000.0, ""incomplete_agent"": 10.0}","[17.264024787997393, 9.87544642857143, 12.159426167943522, 13.696389539422327, 8.471560846560845, 13.813891516871653, 15.993939393939398, 17.418540202966433, 17.095505117935026, 13.04289278585686]","[36.5, 32.0, 31.700000000000003, 30.5, 27.0, 30.200000000000003, 38.5, 42.7, 32.1, 33.4]"
ga,13,15,13.561166707891848,35.24,41.4,1.7043809936061334,5.4,13.405714285714287,23.192500000000003,9.786785714285715,True,0.0,hospital_corridor,28,12,"[11, 29, 47, 53, 61, 73, 89, 97, 101, 109]","[2.8323139328383564, 3.52418176291121, 0.9280275758187739, 0.5, 1.0]","{""time"": 0.0, ""collisions"": 0.05, ""congestion"": 1.0, ""fairness"": 1.0, ""incomplete_base"": 1000.0, ""incomplete_agent"": 10.0}","[13.885124941065534, 10.009575569358178, 13.021680186270093, 13.658770530544725, 8.498900399854598, 14.202737336973009, 16.776576831260208, 14.53322510822511, 15.445353302611368, 15.57972287275566]","[40.400000000000006, 32.2, 31.700000000000003, 40.300000000000004, 26.200000000000003, 31.400000000000002, 37.9, 38.5, 37.2, 36.6]"
ga,13,16,14.087788830160841,34.84,50.8,1.707907877779888,4.8,13.164285714285715,23.004166666666666,9.839880952380954,True,0.0,hospital_corridor,28,12,"[11, 29, 47, 53, 61, 73, 89, 97, 101, 109]","[2.9431376763001, 3.4720783079236135, 0.926095306807456, 0.5, 1.0]","{""time"": 0.0, ""collisions"": 0.05, ""congestion"": 1.0, ""fairness"": 1.0, ""incomplete_base"": 1000.0, ""incomplete_agent"": 10.0}","[19.75595238095238, 10.202380952380953, 12.072696603071197, 12.8189404379115, 8.164516567083108, 18.0707368981112, 15.85227963525836, 14.344687927390279, 15.51978653530378, 14.07591036414566]","[48.300000000000004, 31.5, 30.700000000000003, 31.1, 26.3, 35.800000000000004, 37.6, 38.300000000000004, 34.800000000000004, 34.0]"
ga,13,17,13.75908336612708,37.56,36.6,1.6174166994604113,5.0,13.625,23.936666666666667,10.311666666666667,True,0.0,hospital_corridor,28,12,"[11, 29, 47, 53, 61, 73, 89, 97, 101, 109]","[2.670953628063245, 3.396675970903099, 0.923306126750902, 0.5, 1.0]","{""time"": 0.0, ""collisions"": 0.05, ""congestion"": 1.0, ""fairness"": 1.0, ""incomplete_base"": 1000.0, ""incomplete_agent"": 10.0}","[19.004673131202768, 9.240191352614668, 13.152307692307692, 12.506904761904764, 8.632142857142856, 12.761962833914053, 15.594841269841272, 15.511981566820278, 17.126243681830275, 14.059584513692164]","[52.300000000000004, 32.6, 32.5, 35.0, 38.5, 32.800000000000004, 40.5, 40.300000000000004, 35.800000000000004, 35.300000000000004]"
ga,13,18,14.693185898830155,36.470000000000006,49.9,1.7442573274015825,5.5,13.561071428571429,24.014999999999997,10.453928571428573,True,0.0,hospital_corridor,28,12,"[11, 29, 47, 53, 61, 73, 89, 97, 101, 109]","[2.803586604554287, 3.484231180764074, 0.9198916666009344, 0.5, 1.0]","{""time"": 0.0, ""collisions"": 0.05, ""congestion"": 1.0, ""fairness"": 1.0, ""incomplete_base"": 1000.0, ""incomplete_agent"": 10.0}","[16.70231243576567, 9.508049366535605, 15.14605110336818, 10.405960370725474, 8.754212454212457, 21.232492997198875, 15.601831501831501, 16.995283533260633, 18.47848714707122, 14.107178078331923]","[41.7, 32.7, 32.800000000000004, 29.8, 36.4, 34.0, 39.0, 39.300000000000004, 45.2, 33.800000000000004]"
ga,13,19,1039.4978515252817,81.82000000000001,14.6,0.6738122312424377,4.3,18.433263736263736,34.52730303030303,16.094039294039295,False,2.2,hospital_corridor,28,12,"[11, 29, 47, 53, 61, 73, 89, 97, 101, 109]","[1.529197434735492, 3.678828726273493, 0.9198817429678614, 0.5, 1.0]","{""time"": 0.0, ""collisions"": 0.05, ""congestion"": 1.0, ""fairness"": 1.0, ""incomplete_base"": 1000.0, ""incomplete_agent"": 10.0}","[6.789258028792916, 1124.517, 16.484649122807017, 9.684400656814452, 1046.8582237762237, 18.624985499680992, 1056.1573356643357, 1046.0914285714287, 16.101352813852817, 1053.6698811188812]","[64.5, 100.0, 60.800000000000004, 58.0, 100.0, 82.10000000000001, 100.0, 100.0, 52.800000000000004, 100.0]"
ga,13,20,13.471009514763862,35.81,39.3,1.7295809433352893,4.9,13.62607142857143,23.4025,9.776428571428573,True,0.0,hospital_corridor,28,12,"[11, 29, 47, 53, 61, 73, 89, 97, 101, 109]","[2.6400824116275503, 3.4792784437166207, 0.9295025391104929, 0.5, 1.0]","{""time"": 0.0, ""collisions"": 0.05, ""congestion"": 1.0, ""fairness"": 1.0, ""incomplete_base"": 1000.0, ""incomplete_agent"": 10.0}","[13.759676775738228, 9.685746460746463, 13.484338465925294, 11.59826702833032, 10.717041748206132, 15.066081517352703, 14.698589065255732, 16.541297786720325, 15.102557580895862, 14.056498718467557]","[35.800000000000004, 33.300000000000004, 33.4, 31.6, 36.5, 35.4, 40.5, 42.6, 33.7, 35.300000000000004]"
ga,13,21,13.843675169099647,38.04,32.7,1.653913264337741,5.4,14.321071428571429,24.875833333333336,10.554761904761907,True,0.0,hospital_corridor,28,12,"[11, 29, 47, 53, 61, 73, 89, 97, 101, 109]","[2.448205977056244, 3.782885338647794, 0.9133112952039376, 0.5, 1.0]","{""time"": 0.0, ""collisions"": 0.05, ""congestion"": 1.0, ""fairness"": 1.0, ""incomplete_base"": 1000.0, ""incomplete_agent"": 10.0}","[13.668586485977794, 10.344773519163763, 13.072430030508027, 9.066820276497698, 10.09712543554007, 16.819328517924024, 15.752757685352623, 17.040945674044266, 16.84138655462185, 15.732597511366356]","[50.6, 32.800000000000004, 35.9, 31.0, 36.9, 35.6, 39.5, 42.6, 35.7, 39.800000000000004]"
ga,13,22,14.481817648386983,34.33,62.2,1.7695557436250753,5.3,13.256071428571431,22.85833333333333,9.602261904761907,True,0.0,hospital_corridor,28,12,"[11, 29, 47, 53, 61, 73, 89, 97, 101, 109]","[2.8335289430171184, 3.2729663263433997, 0.9196098798709236, 0.5, 1.0]","{""time"": 0.0, ""collisions"": 0.05, ""congestion"": 1.0, ""fairness"": 1.0, ""incomplete_base"": 1000.0, ""incomplete_agent"": 10.0}","[19.79362329090052, 9.84032738095238, 14.019511638521223, 12.893772893772894, 8.677597402597403, 17.994240669240675, 15.722258485639689, 16.132145825911415, 16.18566252587992, 13.559036370453693]","[40.400000000000006, 32.0, 31.3, 31.200000000000003, 26.400000000000002, 33.300000000000004, 38.300000000000004, 40.1, 32.2, 38.1]"
ga,13,23,14.744584086856209,36.24,57.2,1.6586317059038262,5.0,13.295714285714286,23.52166666666667,10.225952380952382,True,0.0,hospital_corridor,28,12,"[11, 29, 47, 53, 61, 73, 89, 97, 101, 109]","[2.8405176703553052, 3.3679196965223333, 0.9300970531752859, 0.5, 1.0]","{""time"": 0.0, ""collisions"": 0.05, ""congestion"": 1.0, ""fairness"": 1.0, ""incomplete_base"": 1000.0, ""incomplete_agent"": 10.0}","[24.767416225749564, 10.01517038007864, 13.626966873706005, 15.615830115830116, 8.199329501915708, 14.899047619047618, 14.904120879120882, 15.343704600484262, 15.069228217602832, 15.005026455026456]","[56.7, 32.7, 32.2, 37.0, 26.1, 30.0, 39.0, 41.300000000000004, 32.300000000000004, 35.1]"
ga,14,0,12.458849781208157,35.99999999999999,26.9,1.7476593050176796,5.5,13.999642857142856,23.365833333333335,9.366190476190477,True,0.0,hospital_corridor,28,12,"[11, 29, 47, 53, 61, 73, 89, 97, 101, 109]","[2.596429278754091, 3.7143555933707164, 0.9138202141622094, 0.5, 1.0]","{""time"": 0.0, ""collisions"": 0.05, ""congestion"": 1.0, ""fairness"": 1.0, ""incomplete_base"": 1000.0, ""incomplete_agent"": 10.0}","[7.182051282051283, 10.394202898550727, 14.2, 7.954084753167322, 10.060991519895628, 13.857863113897597, 14.53541666666667, 16.415633869441816, 13.141645280866836, 16.846608427543682]","[39.0, 32.2, 33.0, 32.7, 29.200000000000003, 31.900000000000002, 41.6, 45.300000000000004, 33.4, 41.7]"
ga,14,1,12.979124738937267,34.89,29.5,1.680553310365837,5.0,13.768928571428571,23.592499999999998,9.82357142857143,True,0.0,hospital_corridor,28,12,"[11, 29, 47, 53, 61, 73, 89, 97, 101, 109]","[2.5859602391420373, 3.780437946784456, 0.9139086687834715, 0.5, 1.0]","{""time"": 0.0, ""collisions"": 0.05, ""congestion"": 1.0, ""fairness"": 1.0, ""incomplete_base"": 1000.0, ""incomplete_agent"": 10.0}","[15.01258503401361, 12.436005610703496, 12.420380667236955, 9.26783317353787, 7.9909845788849365, 15.208600933168656, 14.64335719968178, 16.457476663121824, 13.148101673101673, 13.205921855921856]","[39.2, 33.1, 33.4, 29.8, 28.1, 34.7, 41.900000000000006, 40.300000000000004, 33.300000000000004, 35.1]"
ga,14,2,12.929493069394393,35.92,32.1,1.6865168789182015,5.2,13.852857142857143,23.490833333333335,9.637976190476191,True,0.0,hospital_corridor,28,12,"[11, 29, 47, 53, 61, 73, 89, 97, 101, 109]","[2.594423132693846, 3.702473829278329, 0.9189980896029168, 0.5, 1.0]","{""time"": 0.0, ""collisions"": 0.05, ""congestion"": 1.0, ""fairness"": 1.0, ""incomplete_base"": 1000.0, ""incomplete_agent"": 10.0}","[16.69967208440262, 10.016534391534393, 13.896336724600822, 9.365372670807455, 9.264546402502608, 12.648861283643896, 14.917507002801123, 16.10051991019733, 12.633591508892716, 13.75198871456097]","[50.1, 32.4, 33.7, 32.2, 27.400000000000002, 34.5, 40.800000000000004, 40.300000000000004, 33.2, 34.6]"
ga,14,3,13.985556631998207,36.72,30.7,1.826747108188685,5.7,13.805357142857144,24.429166666666667,10.623809523809523,True,0.0,hospital_corridor,28,12,"[11, 29, 47, 53, 61, 73, 89, 97, 101, 109]","[2.670085207066449, 3.875732763907151, 0.9184307641767353, 0.5, 1.0]","{""time"": 0.0, ""collisions"": 0.05, ""congestion"": 1.0, ""fairness"": 1.0, ""incomplete_base"": 1000.0, ""incomplete_agent"": 10.0}","[17.742857142857144, 10.820833333333333, 12.566103507271173, 11.715451895043731, 8.477380952380951, 20.143904761904764, 14.447943722943723, 17.345569221065908, 12.39242654508612, 14.203095238095237]","[46.800000000000004, 33.6, 33.4, 34.300000000000004, 28.8, 37.5, 39.6, 45.300000000000004, 32.9, 35.0]"
ga,14,4,12.4015271025074,35.38,19.9,1.65450329298359,5.0,13.624642857142856,23.376666666666672,9.75202380952381,True,0.0,hospital_corridor,28,12,"[11, 29, 47, 53, 61, 73, 89, 97, 101, 109]","[2.5859602391420373, 4.307652932275605, 0.9139086687834715, 0.5, 1.0]","{""time"": 0.0, ""collisions"": 0.05, ""congestion"": 1.0, ""fairness"": 1.0, ""incomplete_base"": 1000.0, ""incomplete_agent"": 10.0}","[11.773829701372076, 8.837681159420292, 12.262827988338193, 8.489356435643566, 8.590355940355938, 12.910436751387675, 14.87093105899076, 15.58221288515406, 16.413736263736265, 14.283902840675175]","[35.4, 36.800000000000004, 34.300000000000004, 30.3, 29.700000000000003, 32.6, 40.2, 40.800000000000004, 39.0, 34.7]"
ga,14,5,15.020192195796383,36.95,47.2,1.7554302910344766,5.2,13.981071428571429,24.885833333333334,10.904761904761907,True,0.0,hospital_corridor,28,12,"[11, 29, 47, 53, 61, 73, 89, 97, 101, 109]","[2.7832141041469978, 3.712500856150712, 0.9325433930497146, 0.5, 1.0]","{""time"": 0.0, ""collisions"": 0.05, ""congestion"": 1.0, ""fairness"": 1.0, ""incomplete_base"": 1000.0, ""incomplete_agent"": 10.0}","[22.197213264538323, 15.861018237082064, 12.448734448734449, 13.932748184019372, 7.95678443420379, 17.485714285714284, 17.392012288786482, 15.836115223291394, 12.941393621668851, 14.150187969924813]","[44.300000000000004, 42.300000000000004, 33.300000000000004, 35.4, 27.900000000000002, 33.6, 43.400000000000006, 38.6, 32.7, 38.0]"
ga,14,6,13.883161678806488,33.46,57.4,1.7037569169017246,5.5,13.026428571428573,22.335833333333333,9.309404761904762,True,0.0,hospital_corridor,28,12,"[11, 29, 47, 53, 61, 73, 89, 97, 101, 109]","[2.841732680534067, 3.296522685133296, 0.9216793572274355, 0.5, 1.0]","{""time"": 0.0, ""collisions"": 0.05, ""congestion"": 1.0, ""fairness"": 1.0, ""incomplete_base"": 1000.0, ""incomplete_agent"": 10.0}","[17.264024787997393, 9.87544642857143, 12.159426167943522, 13.696389539422327, 8.471560846560845, 13.813891516871653, 15.993939393939398, 17.418540202966433, 17.095505117935026, 13.04289278585686]","[36.5, 32.0, 31.700000000000003, 30.5, 27.0, 30.200000000000003, 38.5, 42.7, 32.1, 33.4]"
ga,14,7,74.6439244379934,31.97,1259.7,1.8792815808505314,5.4,12.047857142857143,21.827500000000004,9.779642857142857,True,0.0,hospital_corridor,28,12,"[11, 29, 47, 53, 61, 73, 89, 97, 101, 109]","[2.831631542567735, 3.6217345708792323, 0.7182288505677444, 0.5, 1.0]","{""time"": 0.0, ""collisions"": 0.05, ""congestion"": 1.0, ""fairness"": 1.0, ""incomplete_base"": 1000.0, ""incomplete_agent"": 10.0}","[110.14800936768151, 146.30873015873019, 66.05344141069398, 99.59945054945057, 42.50213213902924, 47.13947368421053, 62.640210124164284, 64.66320090166244, 61.35054288816504, 46.034053156146186]","[30.5, 39.6, 29.3, 31.200000000000003, 31.1, 28.5, 34.9, 33.800000000000004, 30.700000000000003, 30.1]"
ga,14,8,14.143465452957091,34.370000000000005,52.2,1.8571559291475654,5.3,13.245357142857141,22.92166666666667,9.676309523809525,True,0.0,hospital_corridor,28,12,"[11, 29, 47, 53, 61, 73, 89, 97, 101, 109]","[3.013781177199653, 3.7825749474217862, 0.9135924325207878, 0.5, 1.0]","{""time"": 0.0, ""collisions"": 0.05, ""congestion"": 1.0, ""fairness"": 1.0, ""incomplete_base"": 1000.0, ""incomplete_agent"": 10.0}","[21.413955823293172, 15.334560819146313, 12.246804715371491, 13.23974233529028, 8.764835164835166, 13.762612922982697, 15.888756613756616, 14.48683737646002, 13.013999397227245, 13.282549361207899]","[41.5, 38.6, 30.700000000000003, 36.5, 26.0, 31.1, 37.800000000000004, 37.1, 31.6, 32.800000000000004]"
ga,14,9,165.63951009500502,33.58,3067.1,1.8823672378621779,6.0,12.427857142857144,22.830000000000002,10.402142857142858,True,0.0,hospital_corridor,28,12,"[11, 29, 47, 53, 61, 73, 89, 97, 101, 109]","[2.5412820691353684, 4.002767348143457, 0.6859416210622742, 0.5, 1.0]","{""time"": 0.0, ""collisions"": 0.05, ""congestion"": 1.0, ""fairness"": 1.0, ""incomplete_base"": 1000.0, ""incomplete_agent"": 10.0}","[195.6923849993255, 158.7614561254769, 125.70270562770563, 167.19878727191812, 136.33487020226153, 135.5374580818243, 224.4826781100037, 187.4717741935484, 174.75859073359075, 150.4543956043956]","[35.300000000000004, 33.7, 30.8, 32.1, 29.900000000000002, 28.400000000000002, 38.7, 37.2, 33.300000000000004, 36.4]"
ga,14,10,12.892798654220844,35.38,31.4,1.6718462732684602,4.9,13.653214285714288,23.304166666666667,9.650952380952383,True,0.0,hospital_corridor,28,12,"[11, 29, 47, 53, 61, 73, 89, 97, 101, 109]","[2.6771069712526376, 3.7018937124186198, 0.9190234758384157, 0.5, 1.0]","{""time"": 0.0, ""collisions"": 0.05, ""congestion"": 1.0, ""fairness"": 1.0, ""incomplete_base"": 1000.0, ""incomplete_agent"": 10.0}","[15.030336426914154, 11.100546975546974, 13.965367965367966, 9.307834101382488, 8.217536115569823, 15.137876866723023, 14.186904761904763, 14.981939605110336, 13.43780978331387, 13.56183394037502]","[43.1, 33.300000000000004, 33.0, 31.0, 26.700000000000003, 33.800000000000004, 39.900000000000006, 41.0, 36.7, 35.300000000000004]"
ga,14,11,14.148848436163911,36.2,47.1,1.6637293885448627,5.1,13.435714285714287,23.565833333333334,10.130119047619049,True,0.0,hospital_corridor,28,12,"[11, 29, 47, 53, 61, 73, 89, 97, 101, 109]","[2.7229089120557406, 3.4966930617161704, 0.914688404924728, 0.5, 1.0]","{""time"": 0.0, ""collisions"": 0.05, ""congestion"": 1.0, ""fairness"": 1.0, ""incomplete_base"": 1000.0, ""incomplete_agent"": 10.0}","[17.153851540616248, 10.316517857142859, 13.606878306878308, 16.172993579454253, 8.48874458874459, 13.954878618113915, 16.040427475337964, 15.053101736972705, 14.80731608432847, 15.893774574049804]","[40.800000000000004, 32.0, 32.4, 44.5, 26.400000000000002, 30.6, 39.1, 40.300000000000004, 32.300000000000004, 43.6]"
ga,14,12,14.12880532105226,33.85000000000001,57.2,1.6985672258141633,5.2,13.036428571428573,22.60666666666667,9.570238095238096,True,0.0,hospital_corridor,28,12,"[11, 29, 47, 53, 61, 73, 89, 97, 101, 109]","[3.111784327473093, 3.657553774711132, 0.9166923097038974, 0.5, 1.0]","{""time"": 0.0, ""collisions"": 0.05, ""congestion"": 1.0, ""fairness"": 1.0, ""incomplete_base"": 1000.0, ""incomplete_agent"": 10.0}","[17.93633540372671, 9.320306557127642, 13.085952380952381, 13.524206349206349, 8.462313988095238, 13.03093206565903, 17.00800110741971, 16.26358543417367, 15.614536807278743, 17.04188311688312]","[36.800000000000004, 31.3, 30.0, 31.5, 25.6, 29.3, 34.4, 40.800000000000004, 40.300000000000004, 38.5]"
ga,14,13,13.677386574190377,36.36,41.5,1.696434193237995,5.3,13.728214285714287,23.634166666666665,9.905952380952382,True,0.0,hospital_corridor,28,12,"[11, 29, 47, 53, 61, 73, 89, 97, 101, 109]","[2.691453405094085, 3.7470661348158942, 0.9137900834493142, 0.5, 1.0]","{""time"": 0.0, ""collisions"": 0.05, ""congestion"": 1.0, ""fairness"": 1.0, ""incomplete_base"": 1000.0, ""incomplete_agent"": 10.0}","[20.676262047905336, 10.452322880371664, 13.550405268490374, 10.657045009784738, 8.258612975391499, 14.45165208940719, 14.63248544021925, 15.150741299158188, 15.691680923866553, 13.252657807308971]","[49.900000000000006, 32.800000000000004, 32.9, 36.5, 29.8, 34.300000000000004, 41.7, 37.9, 33.4, 34.4]"
ga,14,14,14.549490992487014,37.690000000000005,56.7,1.6110386115346316,5.0,13.838214285714287,23.94166666666667,10.103452380952382,True,0.0,hospital_corridor,28,12,"[11, 29, 47, 53, 61, 73, 89, 97, 101, 109]","[2.596429278754091, 3.3225752769930215, 0.9138202141622094, 0.5, 1.0]","{""time"": 0.0, ""collisions"": 0.05, ""congestion"": 1.0, ""fairness"": 1.0, ""incomplete_base"": 1000.0, ""incomplete_agent"": 10.0}","[14.570093795093795, 15.631262230919766, 13.106385281385283, 9.019573643410853, 11.247786191840632, 15.61353972398359, 16.103797468354433, 15.12170868347339, 19.48066037735849, 15.600102529049899]","[39.6, 36.5, 33.0, 30.1, 34.9, 38.300000000000004, 39.5, 40.800000000000004, 42.400000000000006, 41.800000000000004]"
ga,14,15,12.458849781208157,35.99999999999999,26.9,1.7476593050176796,5.5,13.999642857142856,23.365833333333335,9.366190476190477,True,0.0,hospital_corridor,28,12,"[11, 29, 47, 53, 61, 73, 89, 97, 101, 109]","[2.596429278754091, 3.7143555933707164, 0.9138202141622094, 0.5, 1.0]","{""time"": 0.0, ""collisions"": 0.05, ""congestion"": 1.0, ""fairness"": 1.0, ""incomplete_base"": 1000.0, ""incomplete_agent"": 10.0}","[7.182051282051283, 10.394202898550727, 14.2, 7.954084753167322, 10.060991519895628, 13.857863113897597, 14.53541666666667, 16.415633869441816, 13.141645280866836, 16.846608427543682]","[39.0, 32.2, 33.0, 32.7, 29.200000000000003, 31.900000000000002, 41.6, 45.300000000000004, 33.4, 41.7]"
ga,14,16,13.641811336815799,35.93,44.2,1.8028827653872277,5.2,14.508571428571429,24.1375,9.62892857142857,True,0.0,hospital_corridor,28,12,"[11, 29, 47, 53, 61, 73, 89, 97, 101, 109]","[2.594329652163775, 3.7802027604010853, 0.9226923112301517, 0.5, 1.0]","{""time"": 0.0, ""collisions"": 0.05, ""congestion"": 1.0, ""fairness"": 1.0, ""incomplete_base"": 1000.0, ""incomplete_agent"": 10.0}","[18.49992449411054, 10.31277826920242, 12.867109634551497, 9.581644518272425, 10.03379120879121, 12.870378151260507, 16.615980187695516, 16.50020120724346, 15.784745762711866, 13.351559934318557]","[47.300000000000004, 32.300000000000004, 34.4, 30.1, 27.3, 34.0, 41.1, 42.6, 35.4, 34.800000000000004]"
ga,14,17,14.928929686432355,38.75,44.8,1.725715400718067,5.2,13.936785714285715,24.900000000000002,10.963214285714287,True,0.0,hospital_corridor,28,12,"[11, 29, 47, 53, 61, 73, 89, 97, 101, 109]","[2.6317129986058125, 3.4795136300999916, 0.9207188966638127, 0.5, 1.0]","{""time"": 0.0, ""collisions"": 0.05, ""congestion"": 1.0, ""fairness"": 1.0, ""incomplete_base"": 1000.0, ""incomplete_agent"": 10.0}","[18.128721729172632, 16.56296667695156, 13.728900709219857, 16.081130396083672, 8.981797235023041, 13.738203463203465, 16.851190476190474, 16.989077669902915, 14.422344322344323, 13.804964186231597]","[49.900000000000006, 46.300000000000004, 32.9, 42.800000000000004, 31.0, 33.0, 42.0, 41.2, 32.5, 35.9]"
ga,14,18,18.283608781257826,31.990000000000002,137.6,1.9022992574483033,5.4,12.110357142857143,21.611666666666668,9.501309523809525,True,0.0,hospital_corridor,28,12,"[11, 29, 47, 53, 61, 73, 89, 97, 101, 109]","[3.9524725465846133, 3.7093056474488844, 0.9135202162790476, 0.5, 1.0]","{""time"": 0.0, ""collisions"": 0.05, ""congestion"": 1.0, ""fairness"": 1.0, ""incomplete_base"": 1000.0, ""incomplete_agent"": 10.0}","[32.37758799171843, 19.98608936725375, 14.255289641629847, 23.418966079582518, 10.175724104074622, 14.308738601823709, 18.610982658959536, 19.83238563238563, 16.49791874791875, 13.372404987231487]","[32.2, 36.5, 29.1, 29.200000000000003, 29.1, 28.200000000000003, 34.6, 40.7, 28.6, 31.700000000000003]"
ga,14,19,12.910142974070904,34.410000000000004,38.7,1.697166783594715,5.0,13.212857142857143,22.490833333333335,9.27797619047619,True,0.0,hospital_corridor,28,12,"[11, 29, 47, 53, 61, 73, 89, 97, 101, 109]","[2.7921775186003828, 3.545657999122523, 0.925886385732346, 0.5, 1.0]","{""time"": 0.0, ""collisions"": 0.05, ""congestion"": 1.0, ""fairness"": 1.0, ""incomplete_base"": 1000.0, ""incomplete_agent"": 10.0}","[13.98159117305459, 9.380208333333336, 12.474506387921023, 11.683060109289617, 8.040476190476193, 12.357453078951451, 14.849175824175825, 16.428287841191068, 14.614120879120879, 15.292549923195082]","[32.800000000000004, 32.0, 32.800000000000004, 30.5, 27.0, 30.700000000000003, 39.0, 40.300000000000004, 32.5, 46.5]"
ga,14,20,12.938048301442466,34.8,35.6,1.7166197300138955,5.5,13.32357142857143,22.765,9.44142857142857,True,0.0,hospital_corridor,28,12,"[11, 29, 47, 53, 61, 73, 89, 97, 101, 109]","[2.6980576452662657, 3.4795534405054394, 0.9212848065332255, 0.5, 1.0]","{""time"": 0.0, ""collisions"": 0.05, ""congestion"": 1.0, ""fairness"": 1.0, ""incomplete_base"": 1000.0, ""incomplete_agent"": 10.0}","[14.916478696741855, 9.952096114519428, 13.010942798171902, 8.468704058804729, 10.086172161172161, 13.884027120782088, 16.226890756302524, 15.036620739666425, 14.61283628254927, 13.185714285714287]","[38.0, 32.6, 32.300000000000004, 29.8, 36.4, 30.200000000000003, 40.800000000000004, 39.400000000000006, 33.1, 35.4]"
ga,14,21,14.525853695373113,35.34,55.6,1.7337108382302566,5.2,13.542857142857144,23.555,10.012142857142857,True,0.0,hospital_corridor,28,12,"[11, 29, 47, 53, 61, 73, 89, 97, 101, 109]","[2.7764825873512664, 3.4013537111617334, 0.9219129868186107, 0.5, 1.0]","{""time"": 0.0, ""collisions"": 0.05, ""congestion"": 1.0, ""fairness"": 1.0, ""incomplete_base"": 1000.0, ""incomplete_agent"": 10.0}","[21.401121794871795, 10.481327925491966, 13.650040542532803, 14.796148459383755, 8.437288786482338, 15.00992673992674, 18.056118143459916, 16.189010989010992, 14.138447971781307, 13.09910560078954]","[41.6, 31.700000000000003, 32.300000000000004, 34.0, 27.900000000000002, 32.5, 39.5, 42.900000000000006, 32.4, 38.6]"
ga,14,22,13.901377814080021,34.209999999999994,55.1,1.715663528365734,5.6,13.289285714285716,22.72,9.430714285714286,True,0.0,hospital_corridor,28,12,"[11, 29, 47, 53, 61, 73, 89, 97, 101, 109]","[2.799342619779055, 3.2041964912756495, 0.9297741365079248, 0.5, 1.0]","{""time"": 0.0, ""collisions"": 0.05, ""congestion"": 1.0, ""fairness"": 1.0, ""incomplete_base"": 1000.0, ""incomplete_agent"": 10.0}","[17.435238095238095, 10.204088050314466, 13.62804718217562, 10.206995501783776, 8.461695747001091, 13.509126984126986, 15.00164835164835, 16.209364454443197, 15.875529100529102, 18.48204467353952]","[40.0, 31.8, 32.7, 30.700000000000003, 26.200000000000003, 32.4, 39.0, 38.1, 32.4, 38.800000000000004]"
ga,14,23,13.843675169099647,38.04,32.7,1.653913264337741,5.4,14.321071428571429,24.875833333333336,10.554761904761907,True,0.0,hospital_corridor,28,12,"[11, 29, 47, 53, 61, 73, 89, 97, 101, 109]","[2.448205977056244, 3.782885338647794, 0.9133112952039376, 0.5, 1.0]","{""time"": 0.0, ""collisions"": 0.05, ""congestion"": 1.0, ""fairness"": 1.0, ""incomplete_base"": 1000.0, ""incomplete_agent"": 10.0}","[13.668586485977794, 10.344773519163763, 13.072430030508027, 9.066820276497698, 10.09712543554007, 16.819328517924024, 15.752757685352623, 17.040945674044266, 16.84138655462185, 15.732597511366356]","[50.6, 32.800000000000004, 35.9, 31.0, 36.9, 35.6, 39.5, 42.6, 35.7, 39.800000000000004]"
ga,15,0,12.4015271025074,35.38,19.9,1.65450329298359,5.0,13.624642857142856,23.376666666666672,9.75202380952381,True,0.0,hospital_corridor,28,12,"[11, 29, 47, 53, 61, 73, 89, 97, 101, 109]","[2.5859602391420373, 4.307652932275605, 0.9139086687834715, 0.5, 1.0]","{""time"": 0.0, ""collisions"": 0.05, ""congestion"": 1.0, ""fairness"": 1.0, ""incomplete_base"": 1000.0, ""incomplete_agent"": 10.0}","[11.773829701372076, 8.837681159420292, 12.262827988338193, 8.489356435643566, 8.590355940355938, 12.910436751387675, 14.87093105899076, 15.58221288515406, 16.413736263736265, 14.283902840675175]","[35.4, 36.800000000000004, 34.300000000000004, 30.3, 29.700000000000003, 32.6, 40.2, 40.800000000000004, 39.0, 34.7]"
ga,15,1,12.458849781208157,35.99999999999999,26.9,1.7476593050176796,5.5,13.999642857142856,23.365833333333335,9.366190476190477,True,0.0,hospital_corridor,28,12,"[11, 29, 47, 53, 61, 73, 89, 97, 101, 109]","[2.596429278754091, 3.7143555933707164, 0.9138202141622094, 0.5, 1.0]","{""time"": 0.0, ""collisions"": 0.05, ""congestion"": 1.0, ""fairness"": 1.0, ""incomplete_base"": 1000.0, ""incomplete_agent"": 10.0}","[7.182051282051283, 10.394202898550727, 14.2, 7.954084753167322, 10.060991519895628, 13.857863113897597, 14.53541666666667, 16.415633869441816, 13.141645280866836, 16.846608427543682]","[39.0, 32.2, 33.0, 32.7, 29.200000000000003, 31.900000000000002, 41.6, 45.300000000000004, 33.4, 41.7]"
ga,15,2,12.653808346740178,38.540000000000006,16.9,1.5832131086449406,5.0,14.98107142857143,25.206666666666667,10.225595238095238,True,0.0,hospital_corridor,28,12,"[11, 29, 47, 53, 61, 73, 89, 97, 101, 109]","[2.5859602391420373, 5.0, 0.9139086687834715, 0.5, 1.0]","{""time"": 0.0, ""collisions"": 0.05, ""congestion"": 1.0, ""fairness"": 1.0, ""incomplete_base"": 1000.0, ""incomplete_agent"": 10.0}","[11.16890756302521, 9.586173948972213, 12.878384162653827, 12.429137305146273, 10.145460614152206, 13.945606419363326, 13.181919317945521, 15.917857142857141, 13.228165012228459, 14.056471981057618]","[35.7, 46.1, 35.6, 44.6, 32.1, 36.2, 45.800000000000004, 40.0, 33.1, 36.2]"
ga,15,3,1163.4729004626092,100.0,4.4,0.5641,3.6,15.12461620405738,26.813416666666665,11.688800462609288,False,15.1,hospital_corridor,28,12,"[11, 29, 47, 53, 61, 73, 89, 97, 101, 109]","[2.5859602391420373, 4.307652932275605, 1.3593465796252855, 0.5, 1.0]","{""time"": 0.0, ""collisions"": 0.05, ""congestion"": 1.0, ""fairness"": 1.0, ""incomplete_base"": 1000.0, ""incomplete_agent"": 10.0}","[1130.2682222222222, 1161.687, 1160.4501470588236, 1179.8811428571428, 1118.358, 1113.7723636363637, 1149.6307142857142, 1217.136, 1179.400843137255, 1224.1445714285715]","[100.0, 100.0, 100.0, 100.0, 100.0, 100.0, 100.0, 100.0, 100.0, 100.0]"
ga,15,4,14.235378952405863,40.26,41.1,1.6835932381201473,5.3,14.223214285714286,24.72,10.496785714285716,True,0.0,hospital_corridor,28,12,"[11, 29, 47, 53, 61, 73, 89, 97, 101, 109]","[2.5958796164071414, 3.7030891429732544, 0.9142240796417338, 0.5, 1.0]","{""time"": 0.0, ""collisions"": 0.05, ""congestion"": 1.0, ""fairness"": 1.0, ""incomplete_base"": 1000.0, ""incomplete_agent"": 10.0}","[19.63380447585395, 10.97801513128616, 12.614285714285714, 10.67811772917636, 8.836561119293076, 15.451671732522797, 15.963095238095239, 20.715291276972923, 13.963272921108741, 13.51967418546366]","[56.6, 32.1, 33.6, 30.700000000000003, 29.1, 32.9, 42.0, 77.9, 33.5, 34.2]"
ga,15,5,17.508033820347706,37.059999999999995,92.1,1.8245814393953252,5.8,13.415714285714284,24.494166666666665,11.078452380952381,True,0.0,hospital_corridor,28,12,"[11, 29, 47, 53, 61, 73, 89, 97, 101, 109]","[2.5949727950407957, 3.843685857922331, 0.8461046808965864, 0.5, 1.0]","{""time"": 0.0, ""collisions"": 0.05, ""congestion"": 1.0, ""fairness"": 1.0, ""incomplete_base"": 1000.0, ""incomplete_agent"": 10.0}","[24.182512137175912, 21.10531358885018, 15.097866327539919, 16.184869431643627, 9.976457725947522, 21.00232580770728, 20.428862231915673, 16.531475167632685, 15.611076604554864, 14.959579180509415]","[46.1, 41.0, 33.7, 31.0, 34.300000000000004, 36.7, 39.300000000000004, 41.900000000000006, 32.2, 34.4]"
ga,15,6,14.191788321096151,36.71000000000001,31.6,1.6803597496675764,5.3,13.718571428571428,24.650000000000002,10.931428571428574,True,0.0,hospital_corridor,28,12,"[11, 29, 47, 53, 61, 73, 89, 97, 101, 109]","[2.6206909232868765, 3.8456978546951452, 0.9139066967309885, 0.5, 1.0]","{""time"": 0.0, ""collisions"": 0.05, ""congestion"": 1.0, ""fairness"": 1.0, ""incomplete_base"": 1000.0, ""incomplete_agent"": 10.0}","[15.048710904480137, 15.632510013351135, 12.514794404408649, 15.27711779448622, 8.11304347826087, 14.488825348870668, 16.30895445134576, 16.353963230861968, 14.482667961444397, 13.697295623451694]","[33.800000000000004, 42.800000000000004, 33.7, 47.5, 27.6, 33.1, 41.400000000000006, 39.5, 33.1, 34.6]"
ga,15,7,13.226241168287896,35.29,32.4,1.7112411682878914,4.9,13.459999999999999,23.355,9.895000000000003,True,0.0,hospital_corridor,28,12,"[11, 29, 47, 53, 61, 73, 89, 97, 101, 109]","[3.02765442570907, 4.209021212396355, 0.9137920555017973, 0.5, 1.0]","{""time"": 0.0, ""collisions"": 0.05, ""congestion"": 1.0, ""fairness"": 1.0, ""incomplete_base"": 1000.0, ""incomplete_agent"": 10.0}","[16.09849001230711, 10.54642857142857, 11.844239631336407, 11.185714285714287, 8.338615216201422, 12.509595524956973, 16.81622740005093, 18.246819960861057, 13.83747662206877, 12.838804457953396]","[50.300000000000004, 31.5, 31.0, 33.6, 26.1, 33.2, 37.4, 43.800000000000004, 33.1, 32.9]"
ga,15,8,14.123792600806038,37.24000000000001,26.6,1.6874830769965137,4.6,13.625357142857144,24.731666666666673,11.106309523809525,True,0.0,hospital_corridor,28,12,"[11, 29, 47, 53, 61, 73, 89, 97, 101, 109]","[2.6192027579197936, 4.0614927478719185, 0.9139086687834715, 0.5, 1.0]","{""time"": 0.0, ""collisions"": 0.05, ""congestion"": 1.0, ""fairness"": 1.0, ""incomplete_base"": 1000.0, ""incomplete_agent"": 10.0}","[16.232127123977346, 9.742941673710906, 15.561993603411512, 12.614091350826047, 8.257275132275133, 15.118043602983361, 15.631335754640839, 15.55229276895944, 15.412474120082816, 17.115350877192984]","[45.400000000000006, 33.800000000000004, 40.2, 34.300000000000004, 27.0, 33.2, 41.300000000000004, 40.5, 36.800000000000004, 39.900000000000006]"
ga,15,9,12.4015271025074,35.38,19.9,1.65450329298359,5.0,13.624642857142856,23.376666666666672,9.75202380952381,True,0.0,hospital_corridor,28,12,"[11, 29, 47, 53, 61, 73, 89, 97, 101, 109]","[2.5859602391420373, 4.307652932275605, 0.9139086687834715, 0.5, 1.0]","{""time"": 0.0, ""collisions"": 0.05, ""congestion"": 1.0, ""fairness"": 1.0, ""incomplete_base"": 1000.0, ""incomplete_agent"": 10.0}","[11.773829701372076, 8.837681159420292, 12.262827988338193, 8.489356435643566, 8.590355940355938, 12.910436751387675, 14.87093105899076, 15.58221288515406, 16.413736263736265, 14.283902840675175]","[35.4, 36.800000000000004, 34.300000000000004, 30.3, 29.700000000000003, 32.6, 40.2, 40.800000000000004, 39.0, 34.7]"
ga,15,10,18.23996730832901,37.760000000000005,123.1,1.6981815940432938,5.1,13.770714285714286,24.157500000000006,10.386785714285717,True,0.0,hospital_corridor,28,12,"[11, 29, 47, 53, 61, 73, 89, 97, 101, 109]","[2.8132300647097197, 3.1253137957638923, 0.9163386364157738, 0.5, 1.0]","{""time"": 0.0, ""collisions"": 0.05, ""congestion"": 1.0, ""fairness"": 1.0, ""incomplete_base"": 1000.0, ""incomplete_agent"": 10.0}","[42.9600037643516, 9.681289308176101, 11.92205613874943, 22.059149277688604, 19.39773341651071, 15.069490586932448, 15.350763701707098, 16.475377542321276, 15.898084886128366, 13.58572446072446]","[50.6, 31.8, 31.3, 44.5, 45.800000000000004, 30.1, 37.1, 39.1, 32.2, 35.1]"
ga,15,11,13.840690191234216,34.9,46.2,1.751642572186595,5.3,13.679285714285715,23.458333333333336,9.77904761904762,True,0.0,hospital_corridor,28,12,"[11, 29, 47, 53, 61, 73, 89, 97, 101, 109]","[2.719956020918432, 3.501230432436814, 0.9191308042609759, 0.5, 1.0]","{""time"": 0.0, ""collisions"": 0.05, ""congestion"": 1.0, ""fairness"": 1.0, ""incomplete_base"": 1000.0, ""incomplete_agent"": 10.0}","[15.670989530563997, 10.253193146417447, 15.921825396825398, 12.547222222222224, 8.450173889780633, 14.102062975027147, 16.44299473558268, 16.573792144595068, 15.01276732249786, 13.431880548829703]","[42.300000000000004, 32.1, 36.0, 31.5, 26.700000000000003, 30.700000000000003, 39.800000000000004, 41.1, 33.4, 35.4]"
ga,15,12,14.444551795783578,38.54,36.1,1.7095517957835777,4.8,14.122499999999999,25.052500000000002,10.93,True,0.0,hospital_corridor,28,12,"[11, 29, 47, 53, 61, 73, 89, 97, 101, 109]","[2.604502342004775, 3.7342349651215425, 0.9138045589465895, 0.5, 1.0]","{""time"": 0.0, ""collisions"": 0.05, ""congestion"": 1.0, ""fairness"": 1.0, ""incomplete_base"": 1000.0, ""incomplete_agent"": 10.0}","[18.16770729270729, 9.984345794392524, 18.432689261957556, 10.06979602916085, 8.970602706027062, 15.258136482939634, 16.262487214456186, 17.28237514518002, 16.28720416310237, 13.730173867912288]","[42.900000000000006, 32.1, 45.1, 30.700000000000003, 27.1, 38.1, 41.900000000000006, 57.400000000000006, 33.4, 36.7]"
ga,15,13,13.385941238790725,34.620000000000005,44.4,1.7743936197431047,5.4,13.756785714285716,23.148333333333333,9.39154761904762,True,0.0,hospital_corridor,28,12,"[11, 29, 47, 53, 61, 73, 89, 97, 101, 109]","[2.6833803418434012, 3.727186763065068, 0.9138057386649341, 0.5, 1.0]","{""time"": 0.0, ""collisions"": 0.05, ""congestion"": 1.0, ""fairness"": 1.0, ""incomplete_base"": 1000.0, ""incomplete_agent"": 10.0}","[11.746879021879021, 11.015252276459172, 13.161373626373626, 14.91226861664547, 8.53458815958816, 12.83914373088685, 14.961992945326278, 16.593072740907385, 16.879008954008956, 13.215832315832316]","[37.0, 31.900000000000002, 32.5, 33.7, 29.6, 32.7, 40.5, 38.1, 35.1, 35.1]"
ga,15,14,14.203838219427887,38.470000000000006,26.5,1.6940763146659816,5.0,14.008571428571429,25.193333333333335,11.184761904761904,True,0.0,hospital_corridor,28,12,"[11, 29, 47, 53, 61, 73, 89, 97, 101, 109]","[3.051986860981598, 4.736946317326645, 0.9171592344487488, 0.5, 1.0]","{""time"": 0.0, ""collisions"": 0.05, ""congestion"": 1.0, ""fairness"": 1.0, ""incomplete_base"": 1000.0, ""incomplete_agent"": 10.0}","[14.157391845627139, 17.54967418546366, 14.311172161172163, 13.27853589196873, 7.962452107279693, 11.672134786117837, 17.106613756613754, 15.178849311607935, 17.482166907166906, 13.339391241261048]","[45.900000000000006, 47.5, 31.200000000000003, 33.5, 26.1, 29.5, 37.800000000000004, 37.7, 59.400000000000006, 36.1]"
ga,15,15,13.804707232118563,34.57,50.7,1.6783977083090391,5.6,13.307857142857145,22.899166666666666,9.591309523809525,True,0.0,hospital_corridor,28,12,"[11, 29, 47, 53, 61, 73, 89, 97, 101, 109]","[2.8701655787197224, 3.6831008322226575, 0.9185565510935643, 0.5, 1.0]","{""time"": 0.0, ""collisions"": 0.05, ""congestion"": 1.0, ""fairness"": 1.0, ""incomplete_base"": 1000.0, ""incomplete_agent"": 10.0}","[21.756703419622884, 11.514617853410954, 12.849192835028749, 10.87992277992278, 7.760753317720529, 15.435786551042145, 15.422778595974474, 15.20027184101987, 12.647829131652662, 14.579215995790582]","[44.7, 31.900000000000002, 32.300000000000004, 29.6, 30.5, 31.3, 38.800000000000004, 38.1, 32.300000000000004, 36.2]"
ga,15,16,14.764785208998397,36.64,52.6,1.5808566375698263,5.0,13.58607142857143,24.14,10.553928571428571,True,0.0,hospital_corridor,28,12,"[11, 29, 47, 53, 61, 73, 89, 97, 101, 109]","[2.598733878876502, 3.3866009667710677, 0.9184761890533693, 0.5, 1.0]","{""time"": 0.0, ""collisions"": 0.05, ""congestion"": 1.0, ""fairness"": 1.0, ""incomplete_base"": 1000.0, ""incomplete_agent"": 10.0}","[18.900204315135667, 10.690627303552999, 16.19361861861862, 15.353919012860622, 10.377058460271716, 13.506070356070355, 16.24320728291317, 17.425247524752475, 14.63381389252949, 14.324085323278872]","[43.7, 32.300000000000004, 33.300000000000004, 41.1, 34.7, 33.300000000000004, 40.800000000000004, 40.400000000000006, 32.7, 34.1]"
ga,15,17,15.059216657664601,41.02,26.3,1.7383833243312676,4.9,14.570000000000002,26.575833333333332,12.005833333333333,True,0.0,hospital_corridor,28,12,"[11, 29, 47, 53, 61, 73, 89, 97, 101, 109]","[2.6294083984834016, 4.341813761401447, 0.9160629217726528, 0.5, 1.0]","{""time"": 0.0, ""collisions"": 0.05, ""congestion"": 1.0, ""fairness"": 1.0, ""incomplete_base"": 1000.0, ""incomplete_agent"": 10.0}","[23.376072534276872, 14.687077138547732, 11.905015197568389, 13.494047619047617, 10.666541353383458, 14.971986699916876, 15.116924066924067, 17.080807478122516, 12.753745644599306, 16.53994884425919]","[64.60000000000001, 44.2, 32.9, 41.2, 30.400000000000002, 40.1, 44.400000000000006, 41.900000000000006, 32.800000000000004, 37.7]"
ga,15,18,1023.1084378390347,46.07,12.8,1.517591518688367,4.7,14.267714285714286,26.218560606060606,11.95084632034632,False,0.9,hospital_corridor,28,12,"[11, 29, 47, 53, 61, 73, 89, 97, 101, 109]","[2.6712386518722955, 4.291516679687047, 0.9765544182650964, 0.5, 1.0]","{""time"": 0.0, ""collisions"": 0.05, ""congestion"": 1.0, ""fairness"": 1.0, ""incomplete_base"": 1000.0, ""incomplete_agent"": 10.0}","[15.071695594125499, 1103.8192727272726, 12.268571428571429, 10.795238095238094, 8.796778945691988, 16.29358206969939, 14.845868848732813, 21.692555081734184, 11.755739558393191, 15.74507604088756]","[64.2, 100.0, 35.0, 33.0, 29.900000000000002, 35.800000000000004, 41.900000000000006, 46.900000000000006, 35.800000000000004, 38.2]"
ga,15,19,1017.1022642431035,42.32,45.1,1.6065499573892335,5.0,13.744285714285715,23.985000000000003,10.240714285714287,False,0.3,hospital_corridor,28,12,"[11, 29, 47, 53, 61, 73, 89, 97, 101, 109]","[2.612779232536008, 3.4956896930939982, 0.9148901435936109, 0.5, 1.0]","{""time"": 0.0, ""collisions"": 0.05, ""congestion"": 1.0, ""fairness"": 1.0, ""incomplete_base"": 1000.0, ""incomplete_agent"": 10.0}","[13.271317829457365, 10.290615141955836, 15.083333333333336, 11.2494640943194, 15.520326278659613, 16.3734126984127, 15.690040650406502, 15.484062068099009, 14.85107033639144, 1043.209]","[38.7, 31.700000000000003, 33.6, 31.1, 40.5, 36.0, 41.0, 37.9, 32.7, 100.0]"
ga,15,20,14.867209574704985,37.74,54.1,1.7763762413716502,5.3,14.545000000000002,24.930833333333332,10.385833333333334,True,0.0,hospital_corridor,28,12,"[11, 29, 47, 53, 61, 73, 89, 97, 101, 109]","[2.595748257506758, 3.747552347397228, 0.914419321385241, 0.5, 1.0]","{""time"": 0.0, ""collisions"": 0.05, ""congestion"": 1.0, ""fairness"": 1.0, ""incomplete_base"": 1000.0, ""incomplete_agent"": 10.0}","[23.785583941605843, 10.211230907457324, 13.58826232247285, 15.41504559270517, 8.778952719877989, 17.603571428571428, 15.526937046004843, 15.505812324929973, 14.303091684434968, 13.953607778989458]","[54.800000000000004, 31.8, 34.2, 37.6, 28.1, 36.0, 41.300000000000004, 40.800000000000004, 33.5, 39.300000000000004]"
ga,15,21,13.873660142694753,37.190000000000005,38.4,1.7029458569804679,5.4,14.191785714285711,24.442500000000003,10.250714285714286,True,0.0,hospital_corridor,28,12,"[11, 29, 47, 53, 61, 73, 89, 97, 101, 109]","[2.595010673411108, 3.7470060063745736, 0.9220932040071201, 0.5, 1.0]","{""time"": 0.0, ""collisions"": 0.05, ""congestion"": 1.0, ""fairness"": 1.0, ""incomplete_base"": 1000.0, ""incomplete_agent"": 10.0}","[18.208860414394767, 10.567857142857143, 12.787116089039166, 8.59563492063492, 9.617901398477606, 14.764485882848714, 16.93214285714286, 17.290313111545988, 14.850847275847276, 15.121442334159099]","[52.400000000000006, 32.4, 33.800000000000004, 31.5, 26.900000000000002, 33.9, 42.0, 51.1, 33.300000000000004, 34.6]"
ga,15,22,13.766052163263431,45.35,18.1,1.291766448977716,5.0,15.408214285714285,26.9775,11.569285714285716,True,0.0,hospital_corridor,28,12,"[11, 29, 47, 53, 61, 73, 89, 97, 101, 109]","[2.0844656116518143, 3.9158747161860363, 0.91485178169166, 0.5, 1.0]","{""time"": 0.0, ""collisions"": 0.05, ""congestion"": 1.0, ""fairness"": 1.0, ""incomplete_base"": 1000.0, ""incomplete_agent"": 10.0}","[10.69495123350545, 7.759693877551021, 14.010017969451935, 10.465809523809526, 11.017355889724312, 13.690600315955766, 16.351984126984128, 20.839751552795033, 15.196428571428571, 17.633928571428573]","[41.5, 49.0, 42.400000000000006, 37.5, 38.0, 63.300000000000004, 50.400000000000006, 46.0, 39.0, 46.400000000000006]"
ga,15,23,12.797507877431267,35.17,28.6,1.7042935917169806,5.5,13.799285714285713,23.4625,9.663214285714286,True,0.0,hospital_corridor,28,12,"[11, 29, 47, 53, 61, 73, 89, 97, 101, 109]","[2.5960960956921775, 3.7484255391145647, 0.9216607437007011, 0.5, 1.0]","{""time"": 0.0, ""collisions"": 0.05, ""congestion"": 1.0, ""fairness"": 1.0, ""incomplete_base"": 1000.0, ""incomplete_agent"": 10.0}","[10.856832298136645, 10.538496932515338, 12.205952380952379, 12.123029060566829, 9.513308457711442, 12.705164617775896, 16.032284100080712, 15.039452214452215, 14.035930735930737, 14.924627976190475]","[36.800000000000004, 32.6, 33.1, 33.1, 26.8, 33.7, 41.300000000000004, 42.900000000000006, 33.0, 38.400000000000006]"
ga,16,0,12.4015271025074,35.38,19.9,1.65450329298359,5.0,13.624642857142856,23.376666666666672,9.75202380952381,True,0.0,hospital_corridor,28,12,"[11, 29, 47, 53, 61, 73, 89, 97, 101, 109]","[2.5859602391420373, 4.307652932275605, 0.9139086687834715, 0.5, 1.0]","{""time"": 0.0, ""collisions"": 0.05, ""congestion"": 1.0, ""fairness"": 1.0, ""incomplete_base"": 1000.0, ""incomplete_agent"": 10.0}","[11.773829701372076, 8.837681159420292, 12.262827988338193, 8.489356435643566, 8.590355940355938, 12.910436751387675, 14.87093105899076, 15.58221288515406, 16.413736263736265, 14.283902840675175]","[35.4, 36.800000000000004, 34.300000000000004, 30.3, 29.700000000000003, 32.6, 40.2, 40.800000000000004, 39.0, 34.7]"
ga,16,1,12.4015271025074,35.38,19.9,1.65450329298359,5.0,13.624642857142856,23.376666666666672,9.75202380952381,True,0.0,hospital_corridor,28,12,"[11, 29, 47, 53, 61, 73, 89, 97, 101, 109]","[2.5859602391420373, 4.307652932275605, 0.9139086687834715, 0.5, 1.0]","{""time"": 0.0, ""collisions"": 0.05, ""congestion"": 1.0, ""fairness"": 1.0, ""incomplete_base"": 1000.0, ""incomplete_agent"": 10.0}","[11.773829701372076, 8.837681159420292, 12.262827988338193, 8.489356435643566, 8.590355940355938, 12.910436751387675, 14.87093105899076, 15.58221288515406, 16.413736263736265, 14.283902840675175]","[35.4, 36.800000000000004, 34.300000000000004, 30.3, 29.700000000000003, 32.6, 40.2, 40.800000000000004, 39.0, 34.7]"
ga,16,2,1015.9398148477806,45.870000000000005,22.6,1.4207122836779342,4.8,14.63173076923077,26.020833333333336,11.389102564102563,False,0.2,hospital_corridor,28,12,"[11, 29, 47, 53, 61, 73, 89, 97, 101, 109]","[2.586581732725428, 3.8348709657296753, 0.9696293337735322, 0.5, 1.0]","{""time"": 0.0, ""collisions"": 0.05, ""congestion"": 1.0, ""fairness"": 1.0, ""incomplete_base"": 1000.0, ""incomplete_agent"": 10.0}","[17.950165762507535, 1034.4260256410257, 13.479232804232804, 7.744841269841271, 8.541591320072332, 15.403593222185897, 12.99193472090823, 18.63909001956947, 13.646619330224674, 16.57505438723713]","[47.400000000000006, 100.0, 37.800000000000004, 36.0, 31.6, 43.7, 45.300000000000004, 43.800000000000004, 33.7, 39.400000000000006]"
ga,16,3,12.996529822536413,36.72,18.6,1.6384345844411754,5.1,13.67607142857143,24.10416666666667,10.428095238095239,True,0.0,hospital_corridor,28,12,"[11, 29, 47, 53, 61, 73, 89, 97, 101, 109]","[2.5954746021087867, 4.2212075056604945, 0.9176885443134575, 0.5, 1.0]","{""time"": 0.0, ""collisions"": 0.05, ""congestion"": 1.0, ""fairness"": 1.0, ""incomplete_base"": 1000.0, ""incomplete_agent"": 10.0}","[10.148071979434448, 10.504761904761905, 12.297473275024297, 10.714040255277371, 9.028510601320821, 12.686904761904763, 14.88593837535014, 19.679012345679016, 13.904674796747969, 16.115909929863424]","[38.900000000000006, 33.6, 34.300000000000004, 38.800000000000004, 27.400000000000002, 31.5, 42.5, 40.5, 41.0, 38.7]"
ga,16,4,1020.6363027224434,45.45,28.5,1.645459865300495,5.1,14.576657142857144,25.142500000000002,10.565842857142858,False,0.7,hospital_corridor,28,12,"[11, 29, 47, 53, 61, 73, 89, 97, 101, 109]","[2.591078233179208, 4.246683430756612, 0.9139520520282826, 0.5, 1.0]","{""time"": 0.0, ""collisions"": 0.05, ""congestion"": 1.0, ""fairness"": 1.0, ""incomplete_base"": 1000.0, ""incomplete_agent"": 10.0}","[16.617571802787914, 10.77667853845139, 12.135855170470556, 10.342063492063492, 1079.053, 12.875225133033156, 15.636538461538462, 16.955964846671655, 14.412527814864266, 17.55760196455264]","[50.900000000000006, 36.1, 33.800000000000004, 34.2, 100.0, 34.9, 39.0, 38.2, 42.800000000000004, 44.6]"
ga,16,5,15.34359949703286,34.83,89.2,1.7599090208423829,5.3,13.214642857142858,22.338333333333335,9.123690476190477,True,0.0,hospital_corridor,28,12,"[11, 29, 47, 53, 61, 73, 89, 97, 101, 109]","[3.4071683202672443, 3.7640586444922484, 0.9141806963969228, 0.5, 1.0]","{""time"": 0.0, ""collisions"": 0.05, ""congestion"": 1.0, ""fairness"": 1.0, ""incomplete_base"": 1000.0, ""incomplete_agent"": 10.0}","[26.252434257285003, 14.374175824175826, 14.496428571428574, 16.330979133226325, 9.711212624584718, 12.92598183603338, 14.458053221288514, 15.10628000519009, 16.768694885361555, 13.011754611754613]","[46.900000000000006, 32.5, 36.0, 35.6, 30.1, 29.1, 35.7, 36.7, 32.4, 33.300000000000004]"
ga,16,6,14.609228224134192,36.64,50.7,1.7307758431818097,5.9,13.403214285714288,23.746666666666673,10.343452380952382,True,0.0,hospital_corridor,28,12,"[11, 29, 47, 53, 61, 73, 89, 97, 101, 109]","[2.5883619221157663, 4.502355529290524, 0.8499937811437817, 0.5, 1.0]","{""time"": 0.0, ""collisions"": 0.05, ""congestion"": 1.0, ""fairness"": 1.0, ""incomplete_base"": 1000.0, ""incomplete_agent"": 10.0}","[20.24966583124478, 9.888198757763975, 12.73602009611184, 15.048889862693544, 12.147995191561968, 13.51444398568676, 17.24628427128427, 15.788827838827837, 15.876948051948055, 13.595008354218882]","[51.300000000000004, 32.2, 32.7, 32.6, 30.700000000000003, 34.6, 39.6, 45.5, 33.0, 34.2]"
ga,16,7,1020.4580992084268,53.59000000000001,13.1,1.2623632776908895,4.9,15.710097402597404,28.250833333333333,12.54073593073593,False,0.6,hospital_corridor,28,12,"[11, 29, 47, 53, 61, 73, 89, 97, 101, 109]","[2.0707058033928596, 4.24607000982404, 0.9208882520982011, 0.5, 1.0]","{""time"": 0.0, ""collisions"": 0.05, ""congestion"": 1.0, ""fairness"": 1.0, ""incomplete_base"": 1000.0, ""incomplete_agent"": 10.0}","[8.84529539088363, 1073.8007878787878, 14.59813432835821, 9.819430520746309, 9.979945054945055, 12.833821514217199, 17.716125541125542, 26.88826135105205, 12.576663031624864, 17.52252747252747]","[56.1, 100.0, 46.900000000000006, 51.300000000000004, 39.0, 41.7, 57.2, 60.2, 39.300000000000004, 44.2]"
ga,16,8,13.998910061188155,33.35,42.6,1.8234338707119644,5.8,13.112857142857143,23.15833333333334,10.04547619047619,True,0.0,hospital_corridor,28,12,"[11, 29, 47, 53, 61, 73, 89, 97, 101, 109]","[3.0802055272833093, 4.071371894473732, 0.9139086687834715, 0.5, 1.0]","{""time"": 0.0, ""collisions"": 0.05, ""congestion"": 1.0, ""fairness"": 1.0, ""incomplete_base"": 1000.0, ""incomplete_agent"": 10.0}","[20.699977748108594, 13.624901425538367, 14.325914538000632, 11.230657830142366, 8.640700808625336, 13.861471861471863, 14.230184331797238, 15.721719160104989, 14.808513027852651, 12.845059880239521]","[42.800000000000004, 31.400000000000002, 30.200000000000003, 29.1, 26.5, 33.0, 37.2, 38.1, 31.8, 33.4]"
ga,16,9,1018.2334329557549,44.370000000000005,60.5,1.4929218002437386,5.2,13.715549450549451,24.431060606060612,10.715511155511155,False,0.3,hospital_corridor,28,12,"[11, 29, 47, 53, 61, 73, 89, 97, 101, 109]","[2.6086276847353407, 4.297773785673791, 0.8533336304140152, 0.5, 1.0]","{""time"": 0.0, ""collisions"": 0.05, ""congestion"": 1.0, ""fairness"": 1.0, ""incomplete_base"": 1000.0, ""incomplete_agent"": 10.0}","[22.695140515222484, 18.09371921182266, 12.77435064935065, 1039.4983496503496, 10.577239509665251, 13.752304499781564, 18.548940505297477, 16.615821812596007, 16.67132034632035, 13.107142857142858]","[48.800000000000004, 43.5, 33.0, 100.0, 30.3, 32.7, 40.900000000000006, 46.5, 33.0, 35.0]"
ga,16,10,13.726114932102512,36.040000000000006,26.2,1.72813874162632,5.0,13.21535714285714,23.90333333333334,10.687976190476192,True,0.0,hospital_corridor,28,12,"[11, 29, 47, 53, 61, 73, 89, 97, 101, 109]","[2.685318361277377, 3.8992715901654735, 0.9153766540109395, 0.5, 1.0]","{""time"": 0.0, ""collisions"": 0.05, ""congestion"": 1.0, ""fairness"": 1.0, ""incomplete_base"": 1000.0, ""incomplete_agent"": 10.0}","[16.081921512323525, 9.969883485309017, 12.245392893999705, 15.884826472962068, 7.825316889345667, 15.05887445887446, 15.93061353004678, 15.381868131868131, 14.053530377668311, 14.828921568627454]","[39.800000000000004, 32.9, 32.300000000000004, 41.300000000000004, 27.8, 33.0, 39.7, 39.0, 40.6, 34.0]"
ga,16,11,13.50305831749774,38.22,25.8,1.4791297460691664,4.8,14.43857142857143,25.172500000000003,10.733928571428573,True,0.0,hospital_corridor,28,12,"[11, 29, 47, 53, 61, 73, 89, 97, 101, 109]","[2.2693128290941598, 3.6997039582432203, 0.9180316787742848, 0.5, 1.0]","{""time"": 0.0, ""collisions"": 0.05, ""congestion"": 1.0, ""fairness"": 1.0, ""incomplete_base"": 1000.0, ""incomplete_agent"": 10.0}","[11.843574173185127, 9.820238095238096, 13.273862922477699, 10.556218621633958, 10.871515030593244, 12.615364377795318, 16.181210618737733, 18.481758832565284, 15.016756201087677, 16.370084301663255]","[34.7, 36.0, 37.9, 31.3, 35.800000000000004, 36.2, 46.1, 46.5, 35.9, 41.800000000000004]"
ga,16,12,14.316392732770893,39.470000000000006,28.8,1.5619879708661313,5.3,14.558928571428572,25.873333333333335,11.314404761904763,True,0.0,hospital_corridor,28,12,"[11, 29, 47, 53, 61, 73, 89, 97, 101, 109]","[2.3709364110494127, 4.004749448275628, 0.9152717162701567, 0.5, 1.0]","{""time"": 0.0, ""collisions"": 0.05, ""congestion"": 1.0, ""fairness"": 1.0, ""incomplete_base"": 1000.0, ""incomplete_agent"": 10.0}","[18.388503909026294, 9.082505999747378, 13.201945003353456, 11.784668989547038, 10.41265792031098, 14.543498168498168, 15.12885487528345, 18.558126293995855, 15.710767491354087, 16.352398676592227]","[53.6, 37.7, 35.5, 36.9, 34.300000000000004, 35.1, 44.1, 41.400000000000006, 35.800000000000004, 40.300000000000004]"
ga,16,13,14.350644474943323,43.93000000000001,22.5,1.420882570181417,4.7,15.40107142857143,27.205833333333334,11.804761904761905,True,0.0,hospital_corridor,28,12,"[11, 29, 47, 53, 61, 73, 89, 97, 101, 109]","[2.3429375990858032, 4.252939029311856, 0.9156429871941563, 0.5, 1.0]","{""time"": 0.0, ""collisions"": 0.05, ""congestion"": 1.0, ""fairness"": 1.0, ""incomplete_base"": 1000.0, ""incomplete_agent"": 10.0}","[11.655719166937848, 12.34022053506869, 13.19687743950039, 14.318954947248361, 9.821110226820533, 14.032426879381198, 15.108755760368666, 20.70537676609105, 16.050681570338057, 16.276321457678424]","[43.900000000000006, 46.1, 36.6, 50.1, 35.9, 39.400000000000006, 43.400000000000006, 63.7, 39.300000000000004, 40.900000000000006]"
ga,16,14,14.053999487743052,38.69,22.9,1.69209472583829,5.7,14.338928571428571,25.555833333333336,11.216904761904763,True,0.0,hospital_corridor,28,12,"[11, 29, 47, 53, 61, 73, 89, 97, 101, 109]","[2.382464077705036, 4.058141314175009, 0.9138882159292889, 0.5, 1.0]","{""time"": 0.0, ""collisions"": 0.05, ""congestion"": 1.0, ""fairness"": 1.0, ""incomplete_base"": 1000.0, ""incomplete_agent"": 10.0}","[16.45918784691791, 12.362536443148688, 13.313728611221647, 10.923264729620664, 11.41245325355273, 14.533422459893048, 16.67997984090662, 15.903380952380955, 13.10275974025974, 15.849280999528522]","[48.900000000000006, 34.300000000000004, 35.9, 35.4, 38.2, 37.4, 43.7, 37.5, 35.2, 40.400000000000006]"
ga,16,15,13.833472159087261,36.220000000000006,35.0,1.6804959686110705,5.5,13.635357142857146,24.038333333333334,10.40297619047619,True,0.0,hospital_corridor,28,12,"[11, 29, 47, 53, 61, 73, 89, 97, 101, 109]","[2.7296559596558483, 4.066754614407382, 0.9147556212641684, 0.5, 1.0]","{""time"": 0.0, ""collisions"": 0.05, ""congestion"": 1.0, ""fairness"": 1.0, ""incomplete_base"": 1000.0, ""incomplete_agent"": 10.0}","[19.864664502164505, 13.127068752573077, 15.282077125328659, 9.99467581821002, 8.115387348969437, 13.63472730972731, 14.773195084485408, 15.336355311355312, 15.188713195201744, 13.017857142857142]","[52.800000000000004, 34.7, 32.6, 30.700000000000003, 26.8, 35.1, 37.2, 39.0, 39.300000000000004, 34.0]"
ga,16,16,13.612178442163696,37.53000000000001,31.3,1.697178442163695,5.4,14.257499999999999,24.607499999999998,10.35,True,0.0,hospital_corridor,28,12,"[11, 29, 47, 53, 61, 73, 89, 97, 101, 109]","[2.5912622934506353, 4.058575591694606, 0.9141235132958472, 0.5, 1.0]","{""time"": 0.0, ""collisions"": 0.05, ""congestion"": 1.0, ""fairness"": 1.0, ""incomplete_base"": 1000.0, ""incomplete_agent"": 10.0}","[15.406336327634504, 9.651335656213703, 13.738951545530496, 13.067094344440193, 9.765145738010506, 14.046010387157699, 16.15, 17.47964285714286, 12.405902079141518, 14.411365486365488]","[49.300000000000004, 32.800000000000004, 34.2, 37.300000000000004, 28.1, 35.300000000000004, 40.6, 40.0, 42.6, 35.1]"
ga,16,17,14.282264871176308,39.4,27.0,1.6997648711763074,5.3,14.365,25.597500000000004,11.2325,True,0.0,hospital_corridor,28,12,"[11, 29, 47, 53, 61, 73, 89, 97, 101, 109]","[2.5907940413835795, 3.9975028796955643, 0.9214458991883254, 0.5, 1.0]","{""time"": 0.0, ""collisions"": 0.05, ""congestion"": 1.0, ""fairness"": 1.0, ""incomplete_base"": 1000.0, ""incomplete_agent"": 10.0}","[13.276754385964912, 9.446990250105978, 13.084590928359475, 14.245139475908708, 13.496266759130837, 19.98, 15.885870502046973, 15.42789641629848, 13.268005540166206, 14.711134453781513]","[39.900000000000006, 33.7, 33.7, 50.7, 41.2, 40.0, 44.2, 38.800000000000004, 36.1, 35.7]"
ga,16,18,13.795593544697638,36.690000000000005,31.2,1.6030935446976369,5.0,13.98,24.612500000000004,10.6325,True,0.0,hospital_corridor,28,12,"[11, 29, 47, 53, 61, 73, 89, 97, 101, 109]","[2.602256733201562, 3.9456562948557896, 0.9139086339348282, 0.5, 1.0]","{""time"": 0.0, ""collisions"": 0.05, ""congestion"": 1.0, ""fairness"": 1.0, ""incomplete_base"": 1000.0, ""incomplete_agent"": 10.0}","[13.349801587301588, 10.176314636283964, 14.597313527180784, 17.6699392309225, 7.9025075987841955, 14.094817927170869, 14.568838238813113, 15.42978626233102, 16.244463229078615, 13.92215320910973]","[43.2, 32.6, 33.9, 47.800000000000004, 28.200000000000003, 34.0, 39.800000000000004, 39.1, 33.800000000000004, 34.5]"
ga,16,19,13.554990392264376,36.98,22.8,1.7315380113119943,5.2,14.133214285714288,24.81666666666667,10.683452380952382,True,0.0,hospital_corridor,28,12,"[11, 29, 47, 53, 61, 73, 89, 97, 101, 109]","[2.604394429227352, 4.412153988142481, 0.9139067315796318, 0.5, 1.0]","{""time"": 0.0, ""collisions"": 0.05, ""congestion"": 1.0, ""fairness"": 1.0, ""incomplete_base"": 1000.0, ""incomplete_agent"": 10.0}","[16.220676691729324, 10.026545086119551, 12.925138270605695, 14.1125, 9.350998721636305, 12.621399885255306, 16.039681540122345, 17.52978268614179, 12.647213779128673, 14.075967261904761]","[47.5, 32.9, 35.300000000000004, 40.0, 29.8, 33.2, 39.7, 40.1, 32.9, 38.400000000000006]"
ga,16,20,1023.5622428421044,62.35,13.9,0.9351249599865206,4.9,15.472882117882117,29.405,13.932117882117883,False,0.8,hospital_corridor,28,12,"[11, 29, 47, 53, 61, 73, 89, 97, 101, 109]","[1.8557013517173582, 3.908401183208147, 0.9144761908750051, 0.5, 1.0]","{""time"": 0.0, ""collisions"": 0.05, ""congestion"": 1.0, ""fairness"": 1.0, ""incomplete_base"": 1000.0, ""incomplete_agent"": 10.0}","[4.892994265769135, 1073.1370909090908, 15.687818003913895, 8.41819358178054, 1034.485564102564, 14.423892360124967, 22.9206883866031, 26.070945945945947, 16.272926267281107, 19.31231459797033]","[57.300000000000004, 100.0, 51.1, 36.800000000000004, 100.0, 50.300000000000004, 80.9, 51.800000000000004, 46.5, 48.800000000000004]"
ga,16,21,14.49454599956771,38.93000000000001,43.1,1.7366888567105676,5.4,14.252142857142857,24.855,10.602857142857143,True,0.0,hospital_corridor,28,12,"[11, 29, 47, 53, 61, 73, 89, 97, 101, 109]","[2.589804323771309, 3.7218291263486063, 0.9141958049788643, 0.5, 1.0]","{""time"": 0.0, ""collisions"": 0.05, ""congestion"": 1.0, ""fairness"": 1.0, ""incomplete_base"": 1000.0, ""incomplete_agent"": 10.0}","[12.601024208566107, 12.865557359307362, 15.588250517598347, 11.483146873207115, 8.438095238095238, 16.59839357429719, 14.65891089108911, 17.34689805499665, 18.34069110402782, 17.024492174492174]","[35.800000000000004, 35.2, 34.5, 33.2, 28.0, 33.2, 40.400000000000006, 56.800000000000004, 49.300000000000004, 42.900000000000006]"
ga,16,22,13.975078866956455,39.45,27.1,1.5660312479088367,5.2,14.151785714285714,25.205833333333334,11.05404761904762,True,0.0,hospital_corridor,28,12,"[11, 29, 47, 53, 61, 73, 89, 97, 101, 109]","[2.3252386267395284, 3.751186127243103, 0.9139776265933972, 0.5, 1.0]","{""time"": 0.0, ""collisions"": 0.05, ""congestion"": 1.0, ""fairness"": 1.0, ""incomplete_base"": 1000.0, ""incomplete_agent"": 10.0}","[20.214821029082778, 10.254011154011154, 13.502037178507766, 8.521564293469831, 10.545160455486544, 11.882540787902904, 16.655855547960808, 17.416208573690763, 15.51330532212885, 15.245284327323166]","[59.6, 33.300000000000004, 37.4, 30.700000000000003, 36.800000000000004, 35.9, 41.800000000000004, 42.1, 35.7, 41.2]"
ga,16,23,55.02465387130679,35.84,853.0,1.626796728449643,5.2,12.46214285714286,23.21,10.747857142857143,True,0.0,hospital_corridor,28,12,"[11, 29, 47, 53, 61, 73, 89, 97, 101, 109]","[2.355656263666377, 3.87904418231365, 0.7229226602434544, 0.5, 1.0]","{""time"": 0.0, ""collisions"": 0.05, ""congestion"": 1.0, ""fairness"": 1.0, ""incomplete_base"": 1000.0, ""incomplete_agent"": 10.0}","[115.18614232209738, 38.383699633699635, 33.47582548778824, 78.73993879683535, 36.801684088269454, 42.47690476190477, 62.73095238095239, 62.57668133604153, 45.44678782755706, 34.42792207792208]","[44.5, 31.200000000000003, 34.9, 31.900000000000002, 32.800000000000004, 30.0, 38.6, 42.2, 33.800000000000004, 38.5]"
ga,17,0,12.4015271025074,35.38,19.9,1.65450329298359,5.0,13.624642857142856,23.376666666666672,9.75202380952381,True,0.0,hospital_corridor,28,12,"[11, 29, 47, 53, 61, 73, 89, 97, 101, 109]","[2.5859602391420373, 4.307652932275605, 0.9139086687834715, 0.5, 1.0]","{""time"": 0.0, ""collisions"": 0.05, ""congestion"": 1.0, ""fairness"": 1.0, ""incomplete_base"": 1000.0, ""incomplete_agent"": 10.0}","[11.773829701372076, 8.837681159420292, 12.262827988338193, 8.489356435643566, 8.590355940355938, 12.910436751387675, 14.87093105899076, 15.58221288515406, 16.413736263736265, 14.283902840675175]","[35.4, 36.800000000000004, 34.300000000000004, 30.3, 29.700000000000003, 32.6, 40.2, 40.800000000000004, 39.0, 34.7]"
ga,17,1,12.4015271025074,35.38,19.9,1.65450329298359,5.0,13.624642857142856,23.376666666666672,9.75202380952381,True,0.0,hospital_corridor,28,12,"[11, 29, 47, 53, 61, 73, 89, 97, 101, 109]","[2.5859602391420373, 4.307652932275605, 0.9139086687834715, 0.5, 1.0]","{""time"": 0.0, ""collisions"": 0.05, ""congestion"": 1.0, ""fairness"": 1.0, ""incomplete_base"": 1000.0, ""incomplete_agent"": 10.0}","[11.773829701372076, 8.837681159420292, 12.262827988338193, 8.489356435643566, 8.590355940355938, 12.910436751387675, 14.87093105899076, 15.58221288515406, 16.413736263736265, 14.283902840675175]","[35.4, 36.800000000000004, 34.300000000000004, 30.3, 29.700000000000003, 32.6, 40.2, 40.800000000000004, 39.0, 34.7]"
ga,17,2,13.639211581439177,37.35000000000001,22.1,1.700640152867748,5.0,14.171428571428573,25.005000000000003,10.83357142857143,True,0.0,hospital_corridor,28,12,"[11, 29, 47, 53, 61, 73, 89, 97, 101, 109]","[2.58608519967182, 4.359589268780253, 0.9145092931845197, 0.5, 1.0]","{""time"": 0.0, ""collisions"": 0.05, ""congestion"": 1.0, ""fairness"": 1.0, ""incomplete_base"": 1000.0, ""incomplete_agent"": 10.0}","[13.659301200154857, 9.483867978329057, 12.894047619047619, 12.504705215419499, 12.192525617842074, 12.46214771622935, 15.709455527847048, 16.098942149804223, 15.173578683550982, 16.213544106167056]","[36.9, 33.4, 34.800000000000004, 44.1, 39.5, 34.300000000000004, 40.1, 37.7, 36.1, 36.6]"
ga,17,3,1148.62556002886,100.0,4.9,0.4147,3.6,15.356608225108223,24.30413492063492,8.96586002886003,False,13.9,hospital_corridor,28,12,"[11, 29, 47, 53, 61, 73, 89, 97, 101, 109]","[2.595349641579004, 4.221245559368371, 1.338405520602088, 0.5, 1.0]","{""time"": 0.0, ""collisions"": 0.05, ""congestion"": 1.0, ""fairness"": 1.0, ""incomplete_base"": 1000.0, ""incomplete_agent"": 10.0}","[1109.145, 1197.1847142857143, 1180.6056666666666, 1107.329, 1172.7886666666666, 1139.229142857143, 1103.1168383838383, 1157.2163333333333, 1123.7880476190476, 1195.8521904761906]","[100.0, 100.0, 100.0, 100.0, 100.0, 100.0, 100.0, 100.0, 100.0, 100.0]"
ga,17,4,13.68070355175588,37.279999999999994,25.9,1.643679742232068,5.4,13.857142857142858,24.59916666666667,10.742023809523811,True,0.0,hospital_corridor,28,12,"[11, 29, 47, 53, 61, 73, 89, 97, 101, 109]","[2.5925034407564644, 4.095807540749618, 0.9139132460433455, 0.5, 1.0]","{""time"": 0.0, ""collisions"": 0.05, ""congestion"": 1.0, ""fairness"": 1.0, ""incomplete_base"": 1000.0, ""incomplete_agent"": 10.0}","[17.2663927077107, 9.69582066869301, 13.281797235023044, 11.72273425499232, 9.57199421204946, 13.485565476190478, 16.634428808930057, 15.556634304207119, 15.534060261272652, 14.057607588489942]","[47.800000000000004, 32.9, 34.1, 37.2, 36.2, 32.0, 40.1, 41.2, 33.9, 37.4]"
ga,17,5,1019.9572622429699,43.41,23.3,1.5876102283178608,4.9,14.020467032967037,24.22511904761905,10.204652014652016,False,0.7,hospital_corridor,28,12,"[11, 29, 47, 53, 61, 73, 89, 97, 101, 109]","[2.603153281921523, 4.374922039087467, 0.9141169988321335, 0.5, 1.0]","{""time"": 0.0, ""collisions"": 0.05, ""congestion"": 1.0, ""fairness"": 1.0, ""incomplete_base"": 1000.0, ""incomplete_agent"": 10.0}","[1080.7264725274724, 9.901776830135042, 12.37287784679089, 9.744148667424529, 10.6271546635183, 16.749761904761904, 14.104118873826902, 17.516989319092126, 13.038007863695938, 14.7913139329806]","[100.0, 33.5, 34.5, 37.7, 36.300000000000004, 35.0, 41.1, 42.800000000000004, 32.7, 40.5]"
ga,17,6,1123.2043499566223,100.0,6.0,0.4601,3.9,15.588071471949103,27.03232142857143,11.444249956622325,False,11.1,hospital_corridor,28,12,"[11, 29, 47, 53, 61, 73, 89, 97, 101, 109]","[2.3588267801673144, 4.232006379722196, 1.1367062106508536, 0.5, 1.0]","{""time"": 0.0, ""collisions"": 0.05, ""congestion"": 1.0, ""fairness"": 1.0, ""incomplete_base"": 1000.0, ""incomplete_agent"": 10.0}","[1100.0215238095238, 1172.90375, 1064.079, 1125.7850175438596, 1149.245977443609, 1133.5545, 1085.099, 1128.6383333333333, 1050.6742307692307, 1222.0421666666666]","[100.0, 100.0, 100.0, 100.0, 100.0, 100.0, 100.0, 100.0, 100.0, 100.0]"
ga,17,7,13.73038566778879,38.33,19.4,1.6275285249316451,4.9,14.124642857142856,25.257500000000004,11.132857142857144,True,0.0,hospital_corridor,28,12,"[11, 29, 47, 53, 61, 73, 89, 97, 101, 109]","[2.3665748966235247, 4.079073963764669, 0.9155941750293289, 0.5, 1.0]","{""time"": 0.0, ""collisions"": 0.05, ""congestion"": 1.0, ""fairness"": 1.0, ""incomplete_base"": 1000.0, ""incomplete_agent"": 10.0}","[14.97288786482335, 12.921732522796354, 13.559665611396916, 8.430584642233859, 9.025350140056023, 13.6530526735834, 17.632596371882087, 17.19522071602364, 13.642897497982243, 16.26986863711002]","[43.400000000000006, 32.9, 36.1, 38.2, 35.7, 35.800000000000004, 44.1, 41.1, 35.4, 40.6]"
ga,17,8,13.833472159087261,36.220000000000006,35.0,1.6804959686110705,5.5,13.635357142857146,24.038333333333334,10.40297619047619,True,0.0,hospital_corridor,28,12,"[11, 29, 47, 53, 61, 73, 89, 97, 101, 109]","[2.7296559596558483, 4.066754614407382, 0.9147556212641684, 0.5, 1.0]","{""time"": 0.0, ""collisions"": 0.05, ""congestion"": 1.0, ""fairness"": 1.0, ""incomplete_base"": 1000.0, ""incomplete_agent"": 10.0}","[19.864664502164505, 13.127068752573077, 15.282077125328659, 9.99467581821002, 8.115387348969437, 13.63472730972731, 14.773195084485408, 15.336355311355312, 15.188713195201744, 13.017857142857142]","[52.800000000000004, 34.7, 32.6, 30.700000000000003, 26.8, 35.1, 37.2, 39.0, 39.300000000000004, 34.0]"
ga,17,9,13.833472159087261,36.220000000000006,35.0,1.6804959686110705,5.5,13.635357142857146,24.038333333333334,10.40297619047619,True,0.0,hospital_corridor,28,12,"[11, 29, 47, 53, 61, 73, 89, 97, 101, 109]","[2.7296559596558483, 4.066754614407382, 0.9147556212641684, 0.5, 1.0]","{""time"": 0.0, ""collisions"": 0.05, ""congestion"": 1.0, ""fairness"": 1.0, ""incomplete_base"": 1000.0, ""incomplete_agent"": 10.0}","[19.864664502164505, 13.127068752573077, 15.282077125328659, 9.99467581821002, 8.115387348969437, 13.63472730972731, 14.773195084485408, 15.336355311355312, 15.188713195201744, 13.017857142857142]","[52.800000000000004, 34.7, 32.6, 30.700000000000003, 26.8, 35.1, 37.2, 39.0, 39.300000000000004, 34.0]"
ga,17,10,14.563151044618428,42.21000000000001,19.6,1.629936758904141,5.1,14.676785714285717,26.630000000000003,11.953214285714287,True,0.0,hospital_corridor,28,12,"[11, 29, 47, 53, 61, 73, 89, 97, 101, 109]","[2.5866539095549963, 4.3028883725494635, 0.9165010053304438, 0.5, 1.0]","{""time"": 0.0, ""collisions"": 0.05, ""congestion"": 1.0, ""fairness"": 1.0, ""incomplete_base"": 1000.0, ""incomplete_agent"": 10.0}","[13.532467532467532, 10.964652014652014, 12.462784679089028, 13.094054319664075, 15.514137990962812, 14.445977011494252, 15.039095928226367, 21.480234118699677, 14.72870310652478, 14.369403744403746]","[39.6, 36.4, 34.5, 53.300000000000004, 54.800000000000004, 34.800000000000004, 41.400000000000006, 47.900000000000006, 44.300000000000004, 35.1]"
ga,17,11,12.922671586938076,36.07000000000001,20.1,1.6361239678904553,5.2,13.799285714285716,24.08083333333333,10.28154761904762,True,0.0,hospital_corridor,28,12,"[11, 29, 47, 53, 61, 73, 89, 97, 101, 109]","[2.5947809316958277, 4.225972065386637, 0.9150962077664853, 0.5, 1.0]","{""time"": 0.0, ""collisions"": 0.05, ""congestion"": 1.0, ""fairness"": 1.0, ""incomplete_base"": 1000.0, ""incomplete_agent"": 10.0}","[11.279135338345865, 9.278990364474238, 12.352722063037252, 10.67687074829932, 9.036856661856664, 15.137068965517242, 15.358942414174976, 17.967128987517338, 13.332738095238096, 14.806262230919767]","[38.0, 34.1, 34.9, 39.2, 29.700000000000003, 34.800000000000004, 38.7, 41.2, 33.6, 36.5]"
ga,17,12,41.228342590070866,34.15,592.7,1.665247351975618,5.4,12.286071428571429,22.21416666666667,9.928095238095239,True,0.0,hospital_corridor,28,12,"[11, 29, 47, 53, 61, 73, 89, 97, 101, 109]","[2.5954746021087867, 4.2212075056604945, 0.7448439644134917, 0.5, 1.0]","{""time"": 0.0, ""collisions"": 0.05, ""congestion"": 1.0, ""fairness"": 1.0, ""incomplete_base"": 1000.0, ""incomplete_agent"": 10.0}","[94.35335182616737, 30.712635890369008, 27.03203933747412, 49.11283882783883, 27.00083774250441, 31.890031265031265, 46.30479479084451, 42.67946827524576, 36.34275362318841, 26.8546743220449]","[41.2, 31.1, 32.2, 32.5, 32.4, 29.700000000000003, 36.2, 37.300000000000004, 32.2, 36.7]"
ga,17,13,12.4015271025074,35.38,19.9,1.65450329298359,5.0,13.624642857142856,23.376666666666672,9.75202380952381,True,0.0,hospital_corridor,28,12,"[11, 29, 47, 53, 61, 73, 89, 97, 101, 109]","[2.5859602391420373, 4.307652932275605, 0.9139086687834715, 0.5, 1.0]","{""time"": 0.0, ""collisions"": 0.05, ""congestion"": 1.0, ""fairness"": 1.0, ""incomplete_base"": 1000.0, ""incomplete_agent"": 10.0}","[11.773829701372076, 8.837681159420292, 12.262827988338193, 8.489356435643566, 8.590355940355938, 12.910436751387675, 14.87093105899076, 15.58221288515406, 16.413736263736265, 14.283902840675175]","[35.4, 36.800000000000004, 34.300000000000004, 30.3, 29.700000000000003, 32.6, 40.2, 40.800000000000004, 39.0, 34.7]"
ga,17,14,1022.860052895223,43.32,31.6,1.794403309301725,5.6,14.23726708074534,24.72291666666667,10.485649585921326,False,0.9,hospital_corridor,28,12,"[11, 29, 47, 53, 61, 73, 89, 97, 101, 109]","[2.5973305446792314, 4.327389629132231, 0.9139084998515757, 0.5, 1.0]","{""time"": 0.0, ""collisions"": 0.05, ""congestion"": 1.0, ""fairness"": 1.0, ""incomplete_base"": 1000.0, ""incomplete_agent"": 10.0}","[1104.6725434782609, 11.431685518782292, 12.847783251231528, 11.389703989703989, 13.371299372462163, 13.889773379231212, 15.190302398331596, 16.05927895981087, 15.121848739495798, 14.62630986492018]","[100.0, 34.1, 34.800000000000004, 33.300000000000004, 38.7, 33.2, 41.1, 42.300000000000004, 40.800000000000004, 34.9]"
ga,17,15,13.89985721490361,36.13,41.4,1.6929524529988473,5.3,14.348928571428573,24.48583333333333,10.136904761904763,True,0.0,hospital_corridor,28,12,"[11, 29, 47, 53, 61, 73, 89, 97, 101, 109]","[2.5930241236901583, 3.863798028911389, 0.9139069005115276, 0.5, 1.0]","{""time"": 0.0, ""collisions"": 0.05, ""congestion"": 1.0, ""fairness"": 1.0, ""incomplete_base"": 1000.0, ""incomplete_agent"": 10.0}","[13.687445887445888, 11.248545765611633, 13.823020569174417, 10.720885344429032, 8.448594636410522, 19.3203007518797, 18.143689680772084, 15.587351190476195, 13.720676307332749, 14.298062015503877]","[39.6, 33.4, 33.800000000000004, 30.900000000000002, 27.700000000000003, 45.6, 44.900000000000006, 38.400000000000006, 32.6, 34.4]"
ga,17,16,13.86193252554045,39.11,24.8,1.4722896683975923,5.3,13.877857142857142,25.0275,11.149642857142858,True,0.0,hospital_corridor,28,12,"[11, 29, 47, 53, 61, 73, 89, 97, 101, 109]","[2.3378319105454155, 3.710656056099065, 0.9171657965995288, 0.5, 1.0]","{""time"": 0.0, ""collisions"": 0.05, ""congestion"": 1.0, ""fairness"": 1.0, ""incomplete_base"": 1000.0, ""incomplete_agent"": 10.0}","[13.301708683473388, 9.942460317460318, 13.088121118012424, 13.310694108151736, 10.754256036692297, 12.571487119437942, 15.440084033613449, 19.245948012232414, 14.786904761904761, 16.177661064425774]","[42.5, 36.0, 36.800000000000004, 41.300000000000004, 35.300000000000004, 36.6, 42.5, 43.6, 35.7, 40.800000000000004]"
ga,17,17,13.489898689587548,39.910000000000004,17.6,1.5570415467304044,5.0,14.46714285714286,25.52,11.052857142857144,True,0.0,hospital_corridor,28,12,"[11, 29, 47, 53, 61, 73, 89, 97, 101, 109]","[2.302417329598157, 3.993797350419783, 0.9161375984449126, 0.5, 1.0]","{""time"": 0.0, ""collisions"": 0.05, ""congestion"": 1.0, ""fairness"": 1.0, ""incomplete_base"": 1000.0, ""incomplete_agent"": 10.0}","[12.557126284388463, 14.659415584415584, 13.067654508611955, 7.923754578754577, 8.73478793446639, 13.792994858611825, 14.345648604269295, 18.65429561321247, 15.093856779352961, 16.069452149791957]","[43.1, 46.2, 37.6, 32.5, 31.1, 38.900000000000006, 43.5, 45.7, 39.300000000000004, 41.2]"
ga,17,18,13.0914318672743,35.43,29.6,1.771074724417156,5.1,13.969642857142858,23.810000000000002,9.840357142857144,True,0.0,hospital_corridor,28,12,"[11, 29, 47, 53, 61, 73, 89, 97, 101, 109]","[2.680210164083771, 4.162700182984566, 0.9149313702457531, 0.5, 1.0]","{""time"": 0.0, ""collisions"": 0.05, ""congestion"": 1.0, ""fairness"": 1.0, ""incomplete_base"": 1000.0, ""incomplete_agent"": 10.0}","[16.402712724434036, 9.945457875457876, 12.72769535113749, 12.090776490776491, 8.353388278388277, 12.456016731016732, 15.335714285714287, 15.693411277554501, 13.28904761904762, 14.620098039215687]","[48.800000000000004, 32.5, 33.7, 33.300000000000004, 27.3, 33.300000000000004, 39.800000000000004, 39.1, 32.5, 34.0]"
ga,17,19,13.516570126663485,37.78,27.3,1.7185939361872928,5.3,14.68785714285714,25.120833333333334,10.432976190476191,True,0.0,hospital_corridor,28,12,"[11, 29, 47, 53, 61, 73, 89, 97, 101, 109]","[2.591068436335643, 4.0442243394565125, 0.9143539525486579, 0.5, 1.0]","{""time"": 0.0, ""collisions"": 0.05, ""congestion"": 1.0, ""fairness"": 1.0, ""incomplete_base"": 1000.0, ""incomplete_agent"": 10.0}","[17.490367258014317, 9.587992988606487, 12.906744868035192, 11.23170995670996, 9.858458646616544, 15.008751743375171, 15.805610719624172, 16.281605562579017, 12.934050487664946, 14.060409035409037]","[45.900000000000006, 32.6, 34.1, 30.8, 28.5, 47.800000000000004, 44.6, 45.2, 33.2, 35.1]"
ga,17,20,1021.2328289964582,51.21,11.0,1.1844631955924254,4.7,15.492467532467533,28.990833333333335,13.498365800865802,False,0.6,hospital_corridor,28,12,"[11, 29, 47, 53, 61, 73, 89, 97, 101, 109]","[1.919830782094607, 4.224379151782155, 0.9156180990346056, 0.5, 1.0]","{""time"": 0.0, ""collisions"": 0.05, ""congestion"": 1.0, ""fairness"": 1.0, ""incomplete_base"": 1000.0, ""incomplete_agent"": 10.0}","[5.663095238095238, 1076.4281818181819, 13.294795127353265, 8.773944805194805, 12.826918465227816, 15.025883498053307, 22.190527950310557, 24.747746838848535, 14.669047619047621, 18.708148604269294]","[45.5, 100.0, 43.0, 35.2, 41.7, 47.7, 57.5, 53.1, 42.0, 46.400000000000006]"
ga,17,21,14.299791049844426,38.370000000000005,25.3,1.7075291450825216,5.1,14.31357142857143,25.64083333333333,11.327261904761905,True,0.0,hospital_corridor,28,12,"[11, 29, 47, 53, 61, 73, 89, 97, 101, 109]","[2.5880469926144483, 4.2418923998343425, 0.9159791140623235, 0.5, 1.0]","{""time"": 0.0, ""collisions"": 0.05, ""congestion"": 1.0, ""fairness"": 1.0, ""incomplete_base"": 1000.0, ""incomplete_agent"": 10.0}","[13.453030303030303, 8.939405466328541, 12.220978215333055, 18.40230414746544, 9.713464696223317, 14.644677871148456, 17.84568517363277, 16.55294814260783, 15.341890099148166, 15.883526383526382]","[49.5, 33.800000000000004, 34.1, 46.5, 29.0, 35.7, 45.800000000000004, 38.2, 34.1, 37.0]"
ga,17,22,12.996529822536413,36.72,18.6,1.6384345844411754,5.1,13.67607142857143,24.10416666666667,10.428095238095239,True,0.0,hospital_corridor,28,12,"[11, 29, 47, 53, 61, 73, 89, 97, 101, 109]","[2.5954746021087867, 4.2212075056604945, 0.9176885443134575, 0.5, 1.0]","{""time"": 0.0, ""collisions"": 0.05, ""congestion"": 1.0, ""fairness"": 1.0, ""incomplete_base"": 1000.0, ""incomplete_agent"": 10.0}","[10.148071979434448, 10.504761904761905, 12.297473275024297, 10.714040255277371, 9.028510601320821, 12.686904761904763, 14.88593837535014, 19.679012345679016, 13.904674796747969, 16.115909929863424]","[38.900000000000006, 33.6, 34.300000000000004, 38.800000000000004, 27.400000000000002, 31.5, 42.5, 40.5, 41.0, 38.7]"
ga,17,23,13.662851956470742,36.53,28.5,1.7061852898040755,5.5,13.4175,23.949166666666667,10.531666666666666,True,0.0,hospital_corridor,28,12,"[11, 29, 47, 53, 61, 73, 89, 97, 101, 109]","[2.9594381108364405, 4.2212075056604945, 0.9176885443134575, 0.5, 1.0]","{""time"": 0.0, ""collisions"": 0.05, ""congestion"": 1.0, ""fairness"": 1.0, ""incomplete_base"": 1000.0, ""incomplete_agent"": 10.0}","[19.17973176612417, 10.43095238095238, 12.36626984126984, 9.820294468762434, 8.828138528138528, 14.58596304193319, 17.46440476190476, 17.57491015274034, 13.761061745272272, 12.616792877609498]","[47.400000000000006, 31.5, 31.5, 35.9, 26.400000000000002, 33.5, 40.0, 42.400000000000006, 41.800000000000004, 34.9]"
ga,18,0,12.4015271025074,35.38,19.9,1.65450329298359,5.0,13.624642857142856,23.376666666666672,9.75202380952381,True,0.0,hospital_corridor,28,12,"[11, 29, 47, 53, 61, 73, 89, 97, 101, 109]","[2.5859602391420373, 4.307652932275605, 0.9139086687834715, 0.5, 1.0]","{""time"": 0.0, ""collisions"": 0.05, ""congestion"": 1.0, ""fairness"": 1.0, ""incomplete_base"": 1000.0, ""incomplete_agent"": 10.0}","[11.773829701372076, 8.837681159420292, 12.262827988338193, 8.489356435643566, 8.590355940355938, 12.910436751387675, 14.87093105899076, 15.58221288515406, 16.413736263736265, 14.283902840675175]","[35.4, 36.800000000000004, 34.300000000000004, 30.3, 29.700000000000003, 32.6, 40.2, 40.800000000000004, 39.0, 34.7]"
ga,18,1,12.4015271025074,35.38,19.9,1.65450329298359,5.0,13.624642857142856,23.376666666666672,9.75202380952381,True,0.0,hospital_corridor,28,12,"[11, 29, 47, 53, 61, 73, 89, 97, 101, 109]","[2.5859602391420373, 4.307652932275605, 0.9139086687834715, 0.5, 1.0]","{""time"": 0.0, ""collisions"": 0.05, ""congestion"": 1.0, ""fairness"": 1.0, ""incomplete_base"": 1000.0, ""incomplete_agent"": 10.0}","[11.773829701372076, 8.837681159420292, 12.262827988338193, 8.489356435643566, 8.590355940355938, 12.910436751387675, 14.87093105899076, 15.58221288515406, 16.413736263736265, 14.283902840675175]","[35.4, 36.800000000000004, 34.300000000000004, 30.3, 29.700000000000003, 32.6, 40.2, 40.800000000000004, 39.0, 34.7]"
ga,18,2,28.014343252653653,37.730000000000004,313.9,1.503033728844127,5.1,13.212857142857143,24.02916666666667,10.816309523809524,True,0.0,hospital_corridor,28,12,"[11, 29, 47, 53, 61, 73, 89, 97, 101, 109]","[2.2158048959102663, 4.25134345179252, 0.7693731572718561, 0.5, 1.0]","{""time"": 0.0, ""collisions"": 0.05, ""congestion"": 1.0, ""fairness"": 1.0, ""incomplete_base"": 1000.0, ""incomplete_agent"": 10.0}","[48.550274725274726, 20.10595238095238, 19.94647325418103, 26.094667579491862, 19.613967004124486, 32.7052517192163, 32.97340301974448, 32.41837797619047, 24.58949275362319, 23.14557211373758]","[45.5, 32.800000000000004, 37.300000000000004, 31.3, 38.1, 36.7, 41.0, 38.400000000000006, 34.5, 41.7]"
ga,18,3,13.86514001592062,38.120000000000005,36.2,1.6625209683015716,5.4,14.433214285714286,24.825833333333332,10.392619047619048,True,0.0,hospital_corridor,28,12,"[11, 29, 47, 53, 61, 73, 89, 97, 101, 109]","[2.475181963866789, 4.27751698614358, 0.8893794759251071, 0.5, 1.0]","{""time"": 0.0, ""collisions"": 0.05, ""congestion"": 1.0, ""fairness"": 1.0, ""incomplete_base"": 1000.0, ""incomplete_agent"": 10.0}","[18.33056147832267, 10.572321428571428, 12.842538798249105, 11.551156611441076, 10.492380952380952, 12.786330049261084, 15.756092436974791, 15.732233273056059, 14.309932480454869, 16.27785265049416]","[46.900000000000006, 32.0, 35.9, 45.7, 35.0, 34.800000000000004, 40.800000000000004, 39.5, 33.5, 37.1]"
ga,18,4,13.367195809806006,37.1,28.3,1.6367196193298135,5.2,14.232857142857146,24.548333333333336,10.315476190476192,True,0.0,hospital_corridor,28,12,"[11, 29, 47, 53, 61, 73, 89, 97, 101, 109]","[2.5903958865976437, 4.263471865903643, 0.9139116166416781, 0.5, 1.0]","{""time"": 0.0, ""collisions"": 0.05, ""congestion"": 1.0, ""fairness"": 1.0, ""incomplete_base"": 1000.0, ""incomplete_agent"": 10.0}","[18.662373871481677, 9.922738799661875, 12.244363249622616, 9.765211640211641, 9.675396825396824, 13.752085967130215, 14.920995670995673, 15.264826839826839, 14.120025839793282, 15.343939393939394]","[53.800000000000004, 33.800000000000004, 34.7, 35.1, 28.8, 33.9, 38.5, 38.5, 38.7, 35.2]"
ga,18,5,1044.8349800928465,85.81,24.5,1.180356632973094,4.7,14.449255328005327,26.87887878787879,12.429623459873461,False,3.0,hospital_corridor,28,12,"[11, 29, 47, 53, 61, 73, 89, 97, 101, 109]","[2.941916557291081, 4.065772820121569, 1.0321268875900411, 0.5, 1.0]","{""time"": 0.0, ""collisions"": 0.05, ""congestion"": 1.0, ""fairness"": 1.0, ""incomplete_base"": 1000.0, ""incomplete_agent"": 10.0}","[1051.5036666666667, 1074.7619393939394, 14.228409090909091, 1048.7251666666666, 1090.8385021645022, 30.13968491588252, 1053.4827692307692, 1037.0967142857144, 13.716805656272662, 1033.856142857143]","[100.0, 100.0, 35.2, 100.0, 100.0, 83.5, 100.0, 100.0, 39.400000000000006, 100.0]"
ga,18,6,151.87077267893883,33.39,2794.3,1.8451774408435955,5.6,12.13107142857143,22.44166666666667,10.310595238095239,True,0.0,hospital_corridor,28,12,"[11, 29, 47, 53, 61, 73, 89, 97, 101, 109]","[2.6055488718747633, 4.1959259241879785, 0.6951701330820909, 0.5, 1.0]","{""time"": 0.0, ""collisions"": 0.05, ""congestion"": 1.0, ""fairness"": 1.0, ""incomplete_base"": 1000.0, ""incomplete_agent"": 10.0}","[174.73761904761906, 153.54234186211798, 120.67102130325814, 159.31334217897685, 142.47765752765753, 128.00623422513883, 156.05522273425498, 184.46028250678512, 175.3253546099291, 124.1186507936508]","[35.0, 33.5, 30.400000000000002, 32.300000000000004, 29.700000000000003, 28.3, 37.2, 38.6, 32.9, 36.0]"
ga,18,7,18.14498057636048,34.17,145.7,1.6697424811223844,5.0,12.81142857142857,22.00166666666667,9.190238095238096,True,0.0,hospital_corridor,28,12,"[11, 29, 47, 53, 61, 73, 89, 97, 101, 109]","[2.670135894317794, 4.187981764457082, 0.8047309407388603, 0.5, 1.0]","{""time"": 0.0, ""collisions"": 0.05, ""congestion"": 1.0, ""fairness"": 1.0, ""incomplete_base"": 1000.0, ""incomplete_agent"": 10.0}","[25.46426592797784, 14.058622283865002, 15.023363095238096, 21.088213107024988, 12.275591912742751, 18.76253240551235, 19.470669291338584, 17.994547547115523, 19.411373626373624, 17.900626566416044]","[36.1, 30.900000000000002, 32.0, 30.3, 35.800000000000004, 34.9, 38.1, 33.1, 32.5, 38.0]"
ga,18,8,13.812826826621658,40.71,24.7,1.635207779002609,5.3,14.770714285714286,25.71333333333334,10.942619047619049,True,0.0,hospital_corridor,28,12,"[11, 29, 47, 53, 61, 73, 89, 97, 101, 109]","[2.559817467326851, 4.257051519050523, 0.9146287831210129, 0.5, 1.0]","{""time"": 0.0, ""collisions"": 0.05, ""congestion"": 1.0, ""fairness"": 1.0, ""incomplete_base"": 1000.0, ""incomplete_agent"": 10.0}","[15.37585878843978, 9.871010860484546, 12.657081457224725, 7.8329797265440835, 9.601431901431901, 14.648205401563612, 16.10901937046005, 20.483385093167705, 16.253530490600646, 15.295765176299525]","[46.300000000000004, 34.2, 34.9, 30.3, 28.6, 33.5, 41.300000000000004, 46.0, 72.7, 39.300000000000004]"
ga,18,9,14.453911045439572,35.900000000000006,62.1,1.7011729502014739,5.1,13.896428571428572,23.544166666666666,9.647738095238097,True,0.0,hospital_corridor,28,12,"[11, 29, 47, 53, 61, 73, 89, 97, 101, 109]","[2.654255460847504, 3.4792396547081292, 0.916968429975916, 0.5, 1.0]","{""time"": 0.0, ""collisions"": 0.05, ""congestion"": 1.0, ""fairness"": 1.0, ""incomplete_base"": 1000.0, ""incomplete_agent"": 10.0}","[26.76846622369878, 10.1696316262354, 12.448086606243706, 10.047399749373433, 9.586521811521811, 14.830277900633938, 16.159429280397024, 15.067833569071194, 13.114919178680648, 16.34654450853976]","[47.300000000000004, 31.8, 33.1, 30.400000000000002, 28.6, 32.300000000000004, 40.300000000000004, 40.400000000000006, 32.7, 42.1]"
ga,18,10,12.946992506153348,36.78000000000001,35.1,1.6235401252009656,5.0,14.348214285714286,23.916666666666668,9.568452380952383,True,0.0,hospital_corridor,28,12,"[11, 29, 47, 53, 61, 73, 89, 97, 101, 109]","[2.5206087103756962, 3.776041725598329, 0.9167318747413037, 0.5, 1.0]","{""time"": 0.0, ""collisions"": 0.05, ""congestion"": 1.0, ""fairness"": 1.0, ""incomplete_base"": 1000.0, ""incomplete_agent"": 10.0}","[12.427671312427414, 10.663668430335097, 13.073830594184578, 10.146912286359239, 8.488464696223318, 13.721768707482992, 15.359523809523811, 16.023866896156054, 16.308333333333334, 13.255884995507637]","[32.800000000000004, 32.4, 33.9, 44.300000000000004, 29.0, 34.300000000000004, 42.0, 41.5, 40.5, 37.1]"
ga,18,11,1133.8958668606676,100.0,5.0,0.5778000000000001,3.7,14.508091869491016,24.57615873015873,10.068066860667713,False,12.3,hospital_corridor,28,12,"[11, 29, 47, 53, 61, 73, 89, 97, 101, 109]","[2.5948531339820913, 4.225574455687188, 1.2042380771215226, 0.5, 1.0]","{""time"": 0.0, ""collisions"": 0.05, ""congestion"": 1.0, ""fairness"": 1.0, ""incomplete_base"": 1000.0, ""incomplete_agent"": 10.0}","[1142.671060150376, 1185.9576984126984, 1106.9178571428572, 1153.0855882352942, 1117.7104736842105, 1106.0678282828283, 1077.5786666666668, 1197.1842222222222, 1067.2316666666666, 1184.5536071428571]","[100.0, 100.0, 100.0, 100.0, 100.0, 100.0, 100.0, 100.0, 100.0, 100.0]"
ga,18,12,13.611914342456988,39.89,24.7,1.5722714853141313,5.2,14.447857142857146,25.252500000000005,10.804642857142857,True,0.0,hospital_corridor,28,12,"[11, 29, 47, 53, 61, 73, 89, 97, 101, 109]","[2.5887141913156544, 4.270242952819255, 0.9148820163759089, 0.5, 1.0]","{""time"": 0.0, ""collisions"": 0.05, ""congestion"": 1.0, ""fairness"": 1.0, ""incomplete_base"": 1000.0, ""incomplete_agent"": 10.0}","[14.912093559890915, 11.146953505811776, 12.261365486365488, 13.23099647266314, 7.479679802955666, 14.392647058823531, 16.153275320280393, 15.589718614718617, 15.408321060382915, 15.54409254267745]","[45.400000000000006, 38.1, 35.1, 40.5, 40.6, 35.7, 39.400000000000006, 38.5, 48.5, 37.1]"
ga,18,13,13.076070821299599,35.870000000000005,25.0,1.7286898689186447,5.5,14.071785714285715,24.169166666666666,10.097380952380954,True,0.0,hospital_corridor,28,12,"[11, 29, 47, 53, 61, 73, 89, 97, 101, 109]","[2.677456211910154, 4.200110162440916, 0.9139580226533157, 0.5, 1.0]","{""time"": 0.0, ""collisions"": 0.05, ""congestion"": 1.0, ""fairness"": 1.0, ""incomplete_base"": 1000.0, ""incomplete_agent"": 10.0}","[15.003542742398166, 9.990695970695972, 12.77987012987013, 10.452673224978614, 7.996453546453546, 14.42651515151515, 15.415518066523095, 15.121351766513055, 13.790079365079366, 15.784008248968878]","[49.800000000000004, 32.5, 33.0, 33.4, 28.6, 33.0, 39.800000000000004, 37.2, 33.300000000000004, 38.1]"
ga,18,14,14.47450374063904,37.42,36.6,1.8184323120676127,5.2,14.133928571428573,24.96,10.826071428571428,True,0.0,hospital_corridor,28,12,"[11, 29, 47, 53, 61, 73, 89, 97, 101, 109]","[2.65519223035182, 3.9291507545913746, 0.9155830311037929, 0.5, 1.0]","{""time"": 0.0, ""collisions"": 0.05, ""congestion"": 1.0, ""fairness"": 1.0, ""incomplete_base"": 1000.0, ""incomplete_agent"": 10.0}","[16.153571428571432, 11.658053221288515, 17.347820823244554, 12.598912255257433, 11.164601420678771, 14.480699088145897, 16.658119808119814, 15.78594224924012, 12.946884498480244, 15.950432613363649]","[42.7, 34.0, 35.4, 39.400000000000006, 36.2, 32.9, 40.7, 42.300000000000004, 32.9, 37.7]"
ga,18,15,13.269335341695694,37.10000000000001,26.2,1.693025817886173,5.0,14.227857142857141,24.494166666666665,10.266309523809522,True,0.0,hospital_corridor,28,12,"[11, 29, 47, 53, 61, 73, 89, 97, 101, 109]","[2.6611176388590243, 4.238506941929391, 0.9156735954908195, 0.5, 1.0]","{""time"": 0.0, ""collisions"": 0.05, ""congestion"": 1.0, ""fairness"": 1.0, ""incomplete_base"": 1000.0, ""incomplete_agent"": 10.0}","[16.800589321215565, 11.072391084093216, 13.792469627147048, 10.507420249653258, 7.518618065783014, 13.374104412407164, 15.399320945561998, 15.28071620068939, 13.68695385370643, 15.260769656699892]","[50.300000000000004, 32.9, 34.1, 30.900000000000002, 29.1, 32.7, 41.900000000000006, 37.300000000000004, 38.800000000000004, 43.0]"
ga,18,16,13.729815938646338,37.72,24.8,1.6360064148368134,5.2,14.390357142857145,25.244166666666665,10.853809523809524,True,0.0,hospital_corridor,28,12,"[11, 29, 47, 53, 61, 73, 89, 97, 101, 109]","[2.3680976936794504, 4.047878580583246, 0.9158269999830235, 0.5, 1.0]","{""time"": 0.0, ""collisions"": 0.05, ""congestion"": 1.0, ""fairness"": 1.0, ""incomplete_base"": 1000.0, ""incomplete_agent"": 10.0}","[13.680568356374808, 12.624536641003706, 13.008529028049578, 9.614910226385637, 10.297759103641457, 14.25370012870013, 16.668932038834953, 17.931834532374104, 13.487519201228881, 15.729870129870129]","[37.2, 33.4, 36.5, 36.6, 35.7, 37.0, 41.2, 41.7, 37.2, 40.7]"
ga,18,17,14.089242704873584,37.900000000000006,37.2,1.6890046096354894,5.0,13.931428571428572,24.47166666666667,10.540238095238095,True,0.0,hospital_corridor,28,12,"[11, 29, 47, 53, 61, 73, 89, 97, 101, 109]","[3.0535087521456337, 4.253571702112143, 0.9142192672453606, 0.5, 1.0]","{""time"": 0.0, ""collisions"": 0.05, ""congestion"": 1.0, ""fairness"": 1.0, ""incomplete_base"": 1000.0, ""incomplete_agent"": 10.0}","[17.22337970199021, 10.337301587301589, 12.0004329004329, 11.86768707482993, 10.38697968697969, 14.900024545900834, 14.388695315524584, 18.891618682021758, 15.831889564336374, 15.06441798941799]","[45.7, 31.5, 30.8, 39.2, 28.6, 38.800000000000004, 36.9, 52.1, 37.6, 37.800000000000004]"
ga,18,18,40.07096244364984,33.730000000000004,574.2,1.6533433960307835,5.5,12.248214285714287,21.955833333333334,9.70761904761905,True,0.0,hospital_corridor,28,12,"[11, 29, 47, 53, 61, 73, 89, 97, 101, 109]","[2.588589176037173, 4.261481569963089, 0.7399067638636895, 0.5, 1.0]","{""time"": 0.0, ""collisions"": 0.05, ""congestion"": 1.0, ""fairness"": 1.0, ""incomplete_base"": 1000.0, ""incomplete_agent"": 10.0}","[59.566508813470136, 29.758819476343593, 29.419772256728777, 54.90127795527157, 28.78253493013972, 36.96838270425227, 42.63234610917538, 44.633467571004665, 42.151017725702275, 31.895496894409938]","[36.2, 31.1, 32.2, 31.3, 33.4, 29.900000000000002, 41.0, 33.7, 31.700000000000003, 36.800000000000004]"
ga,18,19,13.800573548138102,37.47000000000001,21.2,1.635930690995244,5.4,13.750357142857144,24.855,11.104642857142858,True,0.0,hospital_corridor,28,12,"[11, 29, 47, 53, 61, 73, 89, 97, 101, 109]","[2.592151994800692, 4.272143427699152, 0.9149933230914025, 0.5, 1.0]","{""time"": 0.0, ""collisions"": 0.05, ""congestion"": 1.0, ""fairness"": 1.0, ""incomplete_base"": 1000.0, ""incomplete_agent"": 10.0}","[16.05703556100552, 9.788003663003664, 12.58742774566474, 11.500759878419455, 10.670155993431855, 14.339279137069195, 14.995637949836421, 19.011051012832752, 12.475595238095238, 16.580789302022183]","[46.6, 33.800000000000004, 34.6, 32.9, 29.0, 36.2, 39.300000000000004, 44.900000000000006, 33.6, 43.800000000000004]"
ga,18,20,13.10758204166476,38.03,19.6,1.6765106130933305,5.5,14.496428571428572,24.9475,10.451071428571428,True,0.0,hospital_corridor,28,12,"[11, 29, 47, 53, 61, 73, 89, 97, 101, 109]","[2.394610164237032, 4.216883451362367, 0.9151364139679135, 0.5, 1.0]","{""time"": 0.0, ""collisions"": 0.05, ""congestion"": 1.0, ""fairness"": 1.0, ""incomplete_base"": 1000.0, ""incomplete_agent"": 10.0}","[11.790879828326181, 9.650048590864916, 14.448614363778299, 11.273693379790942, 9.107322025800286, 13.114417989417992, 14.556374119154388, 18.497087828266316, 12.951839826839828, 15.685542464408442]","[46.6, 34.300000000000004, 36.6, 32.800000000000004, 29.900000000000002, 37.800000000000004, 44.6, 43.7, 35.2, 38.800000000000004]"
ga,18,21,14.312213165033278,38.95,31.3,1.6685226888428004,5.1,14.364642857142858,25.443333333333335,11.078690476190477,True,0.0,hospital_corridor,28,12,"[11, 29, 47, 53, 61, 73, 89, 97, 101, 109]","[2.55792497152853, 4.169843444677907, 0.914366429844887, 0.5, 1.0]","{""time"": 0.0, ""collisions"": 0.05, ""congestion"": 1.0, ""fairness"": 1.0, ""incomplete_base"": 1000.0, ""incomplete_agent"": 10.0}","[12.162953091684436, 9.937411347517731, 12.984147869674185, 16.370852534562214, 9.853512535756352, 14.50418158907017, 15.475551684088272, 20.174019607843142, 16.814670166507586, 14.844831223628693]","[40.2, 32.9, 36.1, 46.5, 28.3, 35.9, 41.0, 44.2, 44.900000000000006, 39.5]"
ga,18,22,14.045229604078273,38.7,25.3,1.6821343659830348,5.0,14.51357142857143,25.611666666666668,11.098095238095238,True,0.0,hospital_corridor,28,12,"[11, 29, 47, 53, 61, 73, 89, 97, 101, 109]","[2.6605002610579582, 4.267586707273409, 0.9159412329247298, 0.5, 1.0]","{""time"": 0.0, ""collisions"": 0.05, ""congestion"": 1.0, ""fairness"": 1.0, ""incomplete_base"": 1000.0, ""incomplete_agent"": 10.0}","[18.595531539269018, 9.475176366843032, 12.60546218487395, 13.294264069264074, 7.4799651567944245, 15.46214353936417, 14.87888664463215, 18.084249084249084, 16.73188956433637, 13.844727891156463]","[49.900000000000006, 32.4, 34.0, 44.0, 28.700000000000003, 34.9, 38.900000000000006, 42.900000000000006, 47.0, 34.300000000000004]"
ga,18,23,163.62259291941152,32.00000000000001,3043.2,1.9346167289353364,5.7,12.172857142857143,21.700833333333332,9.527976190476192,True,0.0,hospital_corridor,28,12,"[11, 29, 47, 53, 61, 73, 89, 97, 101, 109]","[2.8848980889205196, 4.26127373066269, 0.6669618447599421, 0.5, 1.0]","{""time"": 0.0, ""collisions"": 0.05, ""congestion"": 1.0, ""fairness"": 1.0, ""incomplete_base"": 1000.0, ""incomplete_agent"": 10.0}","[207.97871148459384, 175.53576051779936, 133.15974576271188, 150.23275075987843, 137.21818555008213, 125.13571428571429, 185.11028775146423, 205.23795518207285, 170.67753218551263, 145.93928571428575]","[34.0, 30.900000000000002, 29.5, 32.9, 29.0, 28.0, 37.4, 34.0, 30.700000000000003, 33.6]"
ga,19,0,12.4015271025074,35.38,19.9,1.65450329298359,5.0,13.624642857142856,23.376666666666672,9.75202380952381,True,0.0,hospital_corridor,28,12,"[11, 29, 47, 53, 61, 73, 89, 97, 101, 109]","[2.5859602391420373, 4.307652932275605, 0.9139086687834715, 0.5, 1.0]","{""time"": 0.0, ""collisions"": 0.05, ""congestion"": 1.0, ""fairness"": 1.0, ""incomplete_base"": 1000.0, ""incomplete_agent"": 10.0}","[11.773829701372076, 8.837681159420292, 12.262827988338193, 8.489356435643566, 8.590355940355938, 12.910436751387675, 14.87093105899076, 15.58221288515406, 16.413736263736265, 14.283902840675175]","[35.4, 36.800000000000004, 34.300000000000004, 30.3, 29.700000000000003, 32.6, 40.2, 40.800000000000004, 39.0, 34.7]"
ga,19,1,12.4015271025074,35.38,19.9,1.65450329298359,5.0,13.624642857142856,23.376666666666672,9.75202380952381,True,0.0,hospital_corridor,28,12,"[11, 29, 47, 53, 61, 73, 89, 97, 101, 109]","[2.5859602391420373, 4.307652932275605, 0.9139086687834715, 0.5, 1.0]","{""time"": 0.0, ""collisions"": 0.05, ""congestion"": 1.0, ""fairness"": 1.0, ""incomplete_base"": 1000.0, ""incomplete_agent"": 10.0}","[11.773829701372076, 8.837681159420292, 12.262827988338193, 8.489356435643566, 8.590355940355938, 12.910436751387675, 14.87093105899076, 15.58221288515406, 16.413736263736265, 14.283902840675175]","[35.4, 36.800000000000004, 34.300000000000004, 30.3, 29.700000000000003, 32.6, 40.2, 40.800000000000004, 39.0, 34.7]"
ga,19,2,14.029542263502734,38.57000000000001,22.9,1.6296613111217801,4.8,14.036785714285713,25.291666666666668,11.254880952380955,True,0.0,hospital_corridor,28,12,"[11, 29, 47, 53, 61, 73, 89, 97, 101, 109]","[2.5533272442884405, 4.117718509403751, 0.9166435886749837, 0.5, 1.0]","{""time"": 0.0, ""collisions"": 0.05, ""congestion"": 1.0, ""fairness"": 1.0, ""incomplete_base"": 1000.0, ""incomplete_agent"": 10.0}","[12.786022927689595, 10.274891774891774, 13.212605042016808, 16.882423910063064, 10.556299274676759, 14.10276886035313, 14.978464419475658, 19.5233398322108, 14.5444099378882, 13.434196655761543]","[40.5, 33.0, 35.7, 52.1, 30.200000000000003, 35.6, 44.5, 40.300000000000004, 34.5, 39.300000000000004]"
ga,19,3,14.71689700812914,37.56,31.3,1.755349389081519,5.3,13.931785714285715,25.328333333333337,11.39654761904762,True,0.0,hospital_corridor,28,12,"[11, 29, 47, 53, 61, 73, 89, 97, 101, 109]","[2.6447376779974094, 3.8584333786354947, 0.9140463087196357, 0.5, 1.0]","{""time"": 0.0, ""collisions"": 0.05, ""congestion"": 1.0, ""fairness"": 1.0, ""incomplete_base"": 1000.0, ""incomplete_agent"": 10.0}","[19.914736731697083, 14.969705340699818, 13.049908424908423, 15.775726392251816, 8.990882901203188, 16.658194905869326, 15.655918122644746, 15.423338229893503, 12.930699088145898, 13.79985994397759]","[45.400000000000006, 36.2, 32.5, 47.2, 28.1, 38.7, 41.7, 38.900000000000006, 32.9, 34.0]"
ga,19,4,12.946992506153348,36.78000000000001,35.1,1.6235401252009656,5.0,14.348214285714286,23.916666666666668,9.568452380952383,True,0.0,hospital_corridor,28,12,"[11, 29, 47, 53, 61, 73, 89, 97, 101, 109]","[2.5206087103756962, 3.776041725598329, 0.9167318747413037, 0.5, 1.0]","{""time"": 0.0, ""collisions"": 0.05, ""congestion"": 1.0, ""fairness"": 1.0, ""incomplete_base"": 1000.0, ""incomplete_agent"": 10.0}","[12.427671312427414, 10.663668430335097, 13.073830594184578, 10.146912286359239, 8.488464696223318, 13.721768707482992, 15.359523809523811, 16.023866896156054, 16.308333333333334, 13.255884995507637]","[32.800000000000004, 32.4, 33.9, 44.300000000000004, 29.0, 34.300000000000004, 42.0, 41.5, 40.5, 37.1]"
ga,19,5,12.946992506153348,36.78000000000001,35.1,1.6235401252009656,5.0,14.348214285714286,23.916666666666668,9.568452380952383,True,0.0,hospital_corridor,28,12,"[11, 29, 47, 53, 61, 73, 89, 97, 101, 109]","[2.5206087103756962, 3.776041725598329, 0.9167318747413037, 0.5, 1.0]","{""time"": 0.0, ""collisions"": 0.05, ""congestion"": 1.0, ""fairness"": 1.0, ""incomplete_base"": 1000.0, ""incomplete_agent"": 10.0}","[12.427671312427414, 10.663668430335097, 13.073830594184578, 10.146912286359239, 8.488464696223318, 13.721768707482992, 15.359523809523811, 16.023866896156054, 16.308333333333334, 13.255884995507637]","[32.800000000000004, 32.4, 33.9, 44.300000000000004, 29.0, 34.300000000000004, 42.0, 41.5, 40.5, 37.1]"
ga,19,6,1021.722822585419,42.55,30.0,1.7445487758951306,5.4,13.905892857142856,23.38416666666667,9.47827380952381,False,0.9,hospital_corridor,28,12,"[11, 29, 47, 53, 61, 73, 89, 97, 101, 109]","[2.5436212683407367, 3.9252035266607876, 0.9143654496363844, 0.5, 1.0]","{""time"": 0.0, ""collisions"": 0.05, ""congestion"": 1.0, ""fairness"": 1.0, ""incomplete_base"": 1000.0, ""incomplete_agent"": 10.0}","[1100.0785, 9.752520377520378, 12.78654485049834, 8.241722037652272, 10.09724958949097, 14.735448998540924, 16.157450331125826, 16.765659993213436, 13.64155592469546, 14.971573751451803]","[100.0, 33.300000000000004, 34.4, 30.1, 29.0, 35.9, 45.300000000000004, 42.1, 34.4, 41.0]"
ga,19,7,14.134072317936756,36.910000000000004,35.9,1.7614532703177062,5.0,14.223214285714288,24.800833333333337,10.577619047619049,True,0.0,hospital_corridor,28,12,"[11, 29, 47, 53, 61, 73, 89, 97, 101, 109]","[2.562947681176997, 4.158491131213148, 0.9162750938883909, 0.5, 1.0]","{""time"": 0.0, ""collisions"": 0.05, ""congestion"": 1.0, ""fairness"": 1.0, ""incomplete_base"": 1000.0, ""incomplete_agent"": 10.0}","[22.59812534209086, 10.014744693057946, 12.470114942528738, 11.555941845764856, 8.936279662366617, 15.107774674115458, 15.10796703296703, 18.864531079607417, 12.047096908939015, 14.638146997929605]","[52.2, 33.2, 34.800000000000004, 33.9, 29.900000000000002, 35.800000000000004, 39.0, 39.300000000000004, 34.2, 36.800000000000004]"
ga,19,8,14.021193685952458,45.370000000000005,13.2,1.5025032097619804,4.9,14.944642857142856,26.803333333333335,11.858690476190477,True,0.0,hospital_corridor,28,12,"[11, 29, 47, 53, 61, 73, 89, 97, 101, 109]","[2.422287703997719, 5.0, 0.9155715013467387, 0.5, 1.0]","{""time"": 0.0, ""collisions"": 0.05, ""congestion"": 1.0, ""fairness"": 1.0, ""incomplete_base"": 1000.0, ""incomplete_agent"": 10.0}","[12.67826413548211, 11.302838827838828, 13.585673234811168, 9.398707274320774, 8.552538053344506, 14.656015037593987, 20.465411973918204, 20.387792511700468, 13.192823889332269, 15.991871921182266]","[52.300000000000004, 44.2, 43.5, 32.6, 34.1, 34.2, 72.3, 64.10000000000001, 35.800000000000004, 40.6]"
ga,19,9,1019.0300779835144,44.410000000000004,18.7,1.6544033803398328,5.3,15.382936507936506,25.43916666666667,10.440674603174603,False,0.6,hospital_corridor,28,12,"[11, 29, 47, 53, 61, 73, 89, 97, 101, 109]","[2.4929311706150097, 4.713061015516533, 0.9162967873624785, 0.5, 1.0]","{""time"": 0.0, ""collisions"": 0.05, ""congestion"": 1.0, ""fairness"": 1.0, ""incomplete_base"": 1000.0, ""incomplete_agent"": 10.0}","[1066.0092222222222, 15.779196933010496, 13.427810407982822, 11.676149776149774, 7.641842441674658, 15.021667909983837, 14.244729103042644, 17.681428571428572, 14.258766233766234, 14.559966235883104]","[100.0, 47.2, 37.7, 35.1, 29.8, 38.300000000000004, 42.1, 40.0, 33.0, 40.900000000000006]"
ga,19,10,1109.91366679198,100.0,8.3,0.5002000000000001,4.1,18.60139179387864,32.5998585858586,13.998466791979954,False,9.5,hospital_corridor,28,12,"[11, 29, 47, 53, 61, 73, 89, 97, 101, 109]","[2.5206087103756962, 3.776041725598329, 1.2491650100184017, 0.5, 1.0]","{""time"": 0.0, ""collisions"": 0.05, ""congestion"": 1.0, ""fairness"": 1.0, ""incomplete_base"": 1000.0, ""incomplete_agent"": 10.0}","[1092.586238095238, 1143.7766666666666, 1093.4221818181818, 1125.3251286549707, 1082.7632727272728, 1059.8315454545454, 1096.3338333333334, 1182.4225789473685, 1071.8825555555557, 1150.7926666666667]","[100.0, 100.0, 100.0, 100.0, 100.0, 100.0, 100.0, 100.0, 100.0, 100.0]"
ga,19,11,13.367195809806006,37.1,28.3,1.6367196193298135,5.2,14.232857142857146,24.548333333333336,10.315476190476192,True,0.0,hospital_corridor,28,12,"[11, 29, 47, 53, 61, 73, 89, 97, 101, 109]","[2.5903958865976437, 4.263471865903643, 0.9139116166416781, 0.5, 1.0]","{""time"": 0.0, ""collisions"": 0.05, ""congestion"": 1.0, ""fairness"": 1.0, ""incomplete_base"": 1000.0, ""incomplete_agent"": 10.0}","[18.662373871481677, 9.922738799661875, 12.244363249622616, 9.765211640211641, 9.675396825396824, 13.752085967130215, 14.920995670995673, 15.264826839826839, 14.120025839793282, 15.343939393939394]","[53.800000000000004, 33.800000000000004, 34.7, 35.1, 28.8, 33.9, 38.5, 38.5, 38.7, 35.2]"
ga,19,12,14.766078382996717,38.17,33.5,1.6763164782348117,5.5,13.52857142857143,24.943333333333335,11.414761904761907,True,0.0,hospital_corridor,28,12,"[11, 29, 47, 53, 61, 73, 89, 97, 101, 109]","[2.593027930651912, 4.2001692500310215, 0.8802041265472977, 0.5, 1.0]","{""time"": 0.0, ""collisions"": 0.05, ""congestion"": 1.0, ""fairness"": 1.0, ""incomplete_base"": 1000.0, ""incomplete_agent"": 10.0}","[16.87853239656518, 9.844921126345275, 12.730218135158257, 16.585513078470825, 8.287830687830688, 13.560088781275223, 17.372252747252748, 18.727871148459386, 14.158286577470868, 19.515269151138718]","[42.7, 32.300000000000004, 33.4, 49.7, 27.0, 35.4, 39.0, 40.800000000000004, 33.1, 48.300000000000004]"
ga,19,13,13.143115423287894,38.040000000000006,26.2,1.5795439947164653,5.1,14.181428571428574,24.435000000000002,10.253571428571428,True,0.0,hospital_corridor,28,12,"[11, 29, 47, 53, 61, 73, 89, 97, 101, 109]","[2.6748241678558857, 4.263412778313538, 0.9139228690044339, 0.5, 1.0]","{""time"": 0.0, ""collisions"": 0.05, ""congestion"": 1.0, ""fairness"": 1.0, ""incomplete_base"": 1000.0, ""incomplete_agent"": 10.0}","[13.395998872921949, 9.857000873743992, 12.58450286272867, 14.728534473656422, 8.287092027822364, 13.566511387163562, 15.378735228735227, 15.76105569409809, 14.15332326283988, 13.71839954916878]","[50.7, 32.7, 34.1, 45.1, 35.6, 34.5, 40.7, 40.1, 33.1, 33.800000000000004]"
ga,19,14,15.550679132187458,34.120000000000005,90.1,1.7227029417112667,5.8,13.102857142857143,22.425833333333337,9.322976190476192,True,0.0,hospital_corridor,28,12,"[11, 29, 47, 53, 61, 73, 89, 97, 101, 109]","[2.5886994109369974, 4.265928077405826, 0.8233007220478219, 0.5, 1.0]","{""time"": 0.0, ""collisions"": 0.05, ""congestion"": 1.0, ""fairness"": 1.0, ""incomplete_base"": 1000.0, ""incomplete_agent"": 10.0}","[20.145441347270616, 12.077083333333334, 13.100788869764774, 15.994325634445396, 10.402941176470588, 15.269252873563218, 18.229838709677416, 17.047670807453414, 17.82384290164664, 15.415605668249174]","[36.9, 32.0, 33.2, 33.4, 34.0, 34.800000000000004, 37.2, 34.5, 32.1, 33.1]"
ga,19,15,15.050551595917113,34.230000000000004,78.7,1.6181706435361594,5.6,12.939285714285717,22.436666666666667,9.497380952380952,True,0.0,hospital_corridor,28,12,"[11, 29, 47, 53, 61, 73, 89, 97, 101, 109]","[2.58860395641583, 4.265796445376518, 0.8314880581917765, 0.5, 1.0]","{""time"": 0.0, ""collisions"": 0.05, ""congestion"": 1.0, ""fairness"": 1.0, ""incomplete_base"": 1000.0, ""incomplete_agent"": 10.0}","[19.61448717948718, 11.231836841319598, 12.909010989010989, 12.19484126984127, 10.372557997557998, 15.945238095238096, 19.23971861471862, 17.182703081232493, 17.38623188405797, 14.428890006706908]","[32.5, 31.900000000000002, 32.5, 36.0, 35.1, 32.4, 38.5, 35.7, 32.2, 35.5]"
ga,19,16,22.903310917908723,39.06,195.9,1.3886680607658621,4.6,13.722857142857142,25.442500000000003,11.719642857142858,True,0.0,hospital_corridor,28,12,"[11, 29, 47, 53, 61, 73, 89, 97, 101, 109]","[2.0266212801185914, 3.8673008471554895, 0.7872116865803716, 0.5, 1.0]","{""time"": 0.0, ""collisions"": 0.05, ""congestion"": 1.0, ""fairness"": 1.0, ""incomplete_base"": 1000.0, ""incomplete_agent"": 10.0}","[26.39916344916345, 15.519488536155205, 17.63876321102007, 22.157054015636106, 17.708992195453007, 21.56233766233766, 31.442108546475357, 27.71960598398652, 26.597625215889465, 22.287970362970363]","[37.0, 32.4, 40.1, 33.5, 42.1, 33.0, 45.800000000000004, 45.2, 38.6, 42.900000000000006]"
ga,19,17,13.654302409293688,35.38000000000001,43.9,1.6332309807222583,5.5,13.291428571428572,23.1175,9.82607142857143,True,0.0,hospital_corridor,28,12,"[11, 29, 47, 53, 61, 73, 89, 97, 101, 109]","[2.5802915335165175, 4.170222448405929, 0.8694269520246216, 0.5, 1.0]","{""time"": 0.0, ""collisions"": 0.05, ""congestion"": 1.0, ""fairness"": 1.0, ""incomplete_base"": 1000.0, ""incomplete_agent"": 10.0}","[19.113348416289593, 10.127931769722814, 13.0437343358396, 9.989909847434122, 9.583594259621655, 14.318253968253968, 15.496745617306976, 16.43820754716981, 13.963003663003663, 14.468294668294668]","[44.2, 33.5, 34.2, 30.900000000000002, 36.5, 31.5, 38.300000000000004, 37.1, 32.5, 35.1]"
ga,19,18,13.955571481847738,41.42,22.1,1.5652143389905948,5.1,14.934642857142856,26.22,11.285357142857142,True,0.0,hospital_corridor,28,12,"[11, 29, 47, 53, 61, 73, 89, 97, 101, 109]","[2.589393312410257, 4.282834676334054, 0.9140853457960469, 0.5, 1.0]","{""time"": 0.0, ""collisions"": 0.05, ""congestion"": 1.0, ""fairness"": 1.0, ""incomplete_base"": 1000.0, ""incomplete_agent"": 10.0}","[11.874364279716925, 14.612468513853905, 12.323932676518885, 12.397074253430183, 9.278061224489795, 19.38815302820157, 15.772012578616351, 15.639453218473317, 11.10263788968825, 17.16755715548819]","[39.7, 39.7, 34.800000000000004, 47.2, 29.400000000000002, 61.800000000000004, 42.400000000000006, 39.800000000000004, 41.7, 37.7]"
ga,19,19,13.66500281623891,37.68,27.4,1.6883361495722458,5.0,14.184999999999999,24.79166666666667,10.606666666666666,True,0.0,hospital_corridor,28,12,"[11, 29, 47, 53, 61, 73, 89, 97, 101, 109]","[2.5887189215324717, 4.296961683640704, 0.914816646078827, 0.5, 1.0]","{""time"": 0.0, ""collisions"": 0.05, ""congestion"": 1.0, ""fairness"": 1.0, ""incomplete_base"": 1000.0, ""incomplete_agent"": 10.0}","[15.83113553113553, 11.091846053489892, 12.787939958592133, 10.0555900621118, 9.955868544600941, 14.942283339928768, 16.00715994531784, 15.878927458834, 15.753906159040632, 14.345371109337592]","[45.5, 36.5, 34.5, 34.5, 28.400000000000002, 36.1, 41.800000000000004, 42.800000000000004, 40.900000000000006, 35.800000000000004]"
ga,19,20,13.17520457470971,36.92,28.3,1.6785379080430407,5.0,14.342500000000001,24.424166666666668,10.081666666666669,True,0.0,hospital_corridor,28,12,"[11, 29, 47, 53, 61, 73, 89, 97, 101, 109]","[2.6695051355561827, 4.2346552552808605, 0.9140742703820207, 0.5, 1.0]","{""time"": 0.0, ""collisions"": 0.05, ""congestion"": 1.0, ""fairness"": 1.0, ""incomplete_base"": 1000.0, ""incomplete_agent"": 10.0}","[16.40660809778457, 10.520238095238096, 13.590796019900498, 10.979025527736868, 7.280158730158732, 15.622287968441814, 13.71674163368118, 14.871868530020706, 13.704657278588396, 15.059663865546218]","[37.4, 39.900000000000006, 33.5, 38.800000000000004, 31.5, 33.800000000000004, 39.7, 36.800000000000004, 42.1, 35.7]"
ga,19,21,13.28899165321883,36.81,25.3,1.5943487960759728,5.6,13.795357142857142,24.225,10.429642857142857,True,0.0,hospital_corridor,28,12,"[11, 29, 47, 53, 61, 73, 89, 97, 101, 109]","[2.567768543680822, 4.222506426210579, 0.9145125353923078, 0.5, 1.0]","{""time"": 0.0, ""collisions"": 0.05, ""congestion"": 1.0, ""fairness"": 1.0, ""incomplete_base"": 1000.0, ""incomplete_agent"": 10.0}","[12.89172666414046, 11.377809523809526, 12.366483516483516, 13.02681290790428, 10.4806484295846, 13.195748299319726, 15.322689075630255, 15.519066123858867, 14.052634544942237, 14.656297446514841]","[37.7, 37.5, 36.4, 39.400000000000006, 28.200000000000003, 34.300000000000004, 40.800000000000004, 38.6, 33.800000000000004, 41.400000000000006]"
ga,19,22,13.927822954315582,35.32,41.6,1.664132478125104,5.1,12.927142857142858,23.11083333333334,10.183690476190478,True,0.0,hospital_corridor,28,12,"[11, 29, 47, 53, 61, 73, 89, 97, 101, 109]","[3.128957124626259, 3.942737577134801, 0.9163450952191247, 0.5, 1.0]","{""time"": 0.0, ""collisions"": 0.05, ""congestion"": 1.0, ""fairness"": 1.0, ""incomplete_base"": 1000.0, ""incomplete_agent"": 10.0}","[16.66547619047619, 10.58860805860806, 12.356945758435824, 13.029169992019153, 8.669198139025724, 13.277995391705069, 15.408838878016965, 17.9733709273183, 14.793465045592706, 16.51516116195782]","[42.0, 32.5, 30.200000000000003, 35.800000000000004, 26.1, 31.0, 36.5, 45.6, 37.6, 35.9]"
ga,19,23,16.310288848942985,43.92000000000001,26.1,1.5645745632287018,5.1,14.591785714285715,28.0325,13.440714285714284,True,0.0,hospital_corridor,28,12,"[11, 29, 47, 53, 61, 73, 89, 97, 101, 109]","[2.5659512803614457, 4.082256464400986, 0.9142983961638571, 0.5, 1.0]","{""time"": 0.0, ""collisions"": 0.05, ""congestion"": 1.0, ""fairness"": 1.0, ""incomplete_base"": 1000.0, ""incomplete_agent"": 10.0}","[18.80994085532302, 13.968748441785095, 12.994436345966957, 33.64936788874842, 10.203107344632768, 12.266946778711485, 14.625386100386102, 16.55342261904762, 13.971255859856896, 16.060276254971512]","[47.1, 38.2, 34.300000000000004, 90.4, 29.5, 34.0, 44.400000000000006, 38.400000000000006, 38.6, 44.300000000000004]"
ga,20,0,12.4015271025074,35.38,19.9,1.65450329298359,5.0,13.624642857142856,23.376666666666672,9.75202380952381,True,0.0,hospital_corridor,28,12,"[11, 29, 47, 53, 61, 73, 89, 97, 101, 109]","[2.5859602391420373, 4.307652932275605, 0.9139086687834715, 0.5, 1.0]","{""time"": 0.0, ""collisions"": 0.05, ""congestion"": 1.0, ""fairness"": 1.0, ""incomplete_base"": 1000.0, ""incomplete_agent"": 10.0}","[11.773829701372076, 8.837681159420292, 12.262827988338193, 8.489356435643566, 8.590355940355938, 12.910436751387675, 14.87093105899076, 15.58221288515406, 16.413736263736265, 14.283902840675175]","[35.4, 36.800000000000004, 34.300000000000004, 30.3, 29.700000000000003, 32.6, 40.2, 40.800000000000004, 39.0, 34.7]"
ga,20,1,12.4015271025074,35.38,19.9,1.65450329298359,5.0,13.624642857142856,23.376666666666672,9.75202380952381,True,0.0,hospital_corridor,28,12,"[11, 29, 47, 53, 61, 73, 89, 97, 101, 109]","[2.5859602391420373, 4.307652932275605, 0.9139086687834715, 0.5, 1.0]","{""time"": 0.0, ""collisions"": 0.05, ""congestion"": 1.0, ""fairness"": 1.0, ""incomplete_base"": 1000.0, ""incomplete_agent"": 10.0}","[11.773829701372076, 8.837681159420292, 12.262827988338193, 8.489356435643566, 8.590355940355938, 12.910436751387675, 14.87093105899076, 15.58221288515406, 16.413736263736265, 14.283902840675175]","[35.4, 36.800000000000004, 34.300000000000004, 30.3, 29.700000000000003, 32.6, 40.2, 40.800000000000004, 39.0, 34.7]"
ga,20,2,1020.1339516955513,47.21,30.0,1.8680643939640091,5.2,14.641057142857145,25.406944444444445,10.765887301587304,False,0.6,hospital_corridor,28,12,"[11, 29, 47, 53, 61, 73, 89, 97, 101, 109]","[2.445194788984313, 4.15008728304518, 0.9139086687834715, 0.5, 1.0]","{""time"": 0.0, ""collisions"": 0.05, ""congestion"": 1.0, ""fairness"": 1.0, ""incomplete_base"": 1000.0, ""incomplete_agent"": 10.0}","[17.954471544715453, 1074.3954444444444, 14.946293800539086, 8.232655677655679, 9.93765227021041, 13.689029909484455, 15.325907029478458, 16.48880952380953, 13.843688845401175, 16.525563909774437]","[65.60000000000001, 100.0, 37.1, 32.5, 34.4, 36.300000000000004, 44.1, 40.0, 36.5, 45.6]"
ga,20,3,13.143115423287894,38.040000000000006,26.2,1.5795439947164653,5.1,14.181428571428574,24.435000000000002,10.253571428571428,True,0.0,hospital_corridor,28,12,"[11, 29, 47, 53, 61, 73, 89, 97, 101, 109]","[2.6748241678558857, 4.263412778313538, 0.9139228690044339, 0.5, 1.0]","{""time"": 0.0, ""collisions"": 0.05, ""congestion"": 1.0, ""fairness"": 1.0, ""incomplete_base"": 1000.0, ""incomplete_agent"": 10.0}","[13.395998872921949, 9.857000873743992, 12.58450286272867, 14.728534473656422, 8.287092027822364, 13.566511387163562, 15.378735228735227, 15.76105569409809, 14.15332326283988, 13.71839954916878]","[50.7, 32.7, 34.1, 45.1, 35.6, 34.5, 40.7, 40.1, 33.1, 33.800000000000004]"
ga,20,4,13.29626057476409,38.480000000000004,14.3,1.6814986700021866,5.1,14.40857142857143,25.308333333333337,10.899761904761904,True,0.0,hospital_corridor,28,12,"[11, 29, 47, 53, 61, 73, 89, 97, 101, 109]","[2.589608749990233, 4.658097413549109, 0.9139100023373736, 0.5, 1.0]","{""time"": 0.0, ""collisions"": 0.05, ""congestion"": 1.0, ""fairness"": 1.0, ""incomplete_base"": 1000.0, ""incomplete_agent"": 10.0}","[15.574863512283894, 11.628656932386217, 12.643579454253613, 11.202676573985297, 10.594163506110409, 14.06204481792717, 15.23985068603713, 16.35182616736015, 11.746008403361348, 13.918935693935694]","[47.1, 36.2, 35.6, 44.7, 33.9, 34.0, 41.300000000000004, 41.2, 35.7, 35.1]"
ga,20,5,13.064949853569702,36.72,19.6,1.7756641392839867,5.3,14.145714285714286,24.455000000000005,10.309285714285716,True,0.0,hospital_corridor,28,12,"[11, 29, 47, 53, 61, 73, 89, 97, 101, 109]","[2.5867473757494484, 4.4837353163432985, 0.9139102830877759, 0.5, 1.0]","{""time"": 0.0, ""collisions"": 0.05, ""congestion"": 1.0, ""fairness"": 1.0, ""incomplete_base"": 1000.0, ""incomplete_agent"": 10.0}","[10.889664275752144, 8.990718562874251, 13.446955503512882, 12.500987841945289, 10.832142857142859, 15.320697577276524, 14.50823436954244, 17.222431077694235, 13.046401125291615, 13.89126534466478]","[47.800000000000004, 33.4, 36.6, 32.9, 31.5, 34.2, 40.900000000000006, 39.900000000000006, 34.7, 35.300000000000004]"
ga,20,6,13.927822954315582,35.32,41.6,1.664132478125104,5.1,12.927142857142858,23.11083333333334,10.183690476190478,True,0.0,hospital_corridor,28,12,"[11, 29, 47, 53, 61, 73, 89, 97, 101, 109]","[3.128957124626259, 3.942737577134801, 0.9163450952191247, 0.5, 1.0]","{""time"": 0.0, ""collisions"": 0.05, ""congestion"": 1.0, ""fairness"": 1.0, ""incomplete_base"": 1000.0, ""incomplete_agent"": 10.0}","[16.66547619047619, 10.58860805860806, 12.356945758435824, 13.029169992019153, 8.669198139025724, 13.277995391705069, 15.408838878016965, 17.9733709273183, 14.793465045592706, 16.51516116195782]","[42.0, 32.5, 30.200000000000003, 35.800000000000004, 26.1, 31.0, 36.5, 45.6, 37.6, 35.9]"
ga,20,7,12.4015271025074,35.38,19.9,1.65450329298359,5.0,13.624642857142856,23.376666666666672,9.75202380952381,True,0.0,hospital_corridor,28,12,"[11, 29, 47, 53, 61, 73, 89, 97, 101, 109]","[2.5859602391420373, 4.307652932275605, 0.9139086687834715, 0.5, 1.0]","{""time"": 0.0, ""collisions"": 0.05, ""congestion"": 1.0, ""fairness"": 1.0, ""incomplete_base"": 1000.0, ""incomplete_agent"": 10.0}","[11.773829701372076, 8.837681159420292, 12.262827988338193, 8.489356435643566, 8.590355940355938, 12.910436751387675, 14.87093105899076, 15.58221288515406, 16.413736263736265, 14.283902840675175]","[35.4, 36.800000000000004, 34.300000000000004, 30.3, 29.700000000000003, 32.6, 40.2, 40.800000000000004, 39.0, 34.7]"
ga,20,8,13.28899165321883,36.81,25.3,1.5943487960759728,5.6,13.795357142857142,24.225,10.429642857142857,True,0.0,hospital_corridor,28,12,"[11, 29, 47, 53, 61, 73, 89, 97, 101, 109]","[2.567768543680822, 4.222506426210579, 0.9145125353923078, 0.5, 1.0]","{""time"": 0.0, ""collisions"": 0.05, ""congestion"": 1.0, ""fairness"": 1.0, ""incomplete_base"": 1000.0, ""incomplete_agent"": 10.0}","[12.89172666414046, 11.377809523809526, 12.366483516483516, 13.02681290790428, 10.4806484295846, 13.195748299319726, 15.322689075630255, 15.519066123858867, 14.052634544942237, 14.656297446514841]","[37.7, 37.5, 36.4, 39.400000000000006, 28.200000000000003, 34.300000000000004, 40.800000000000004, 38.6, 33.800000000000004, 41.400000000000006]"
ga,20,9,13.95558796358857,39.879999999999995,22.5,1.6178498683504767,4.7,14.371428571428572,25.58416666666667,11.212738095238095,True,0.0,hospital_corridor,28,12,"[11, 29, 47, 53, 61, 73, 89, 97, 101, 109]","[2.567768543680822, 4.33906771809108, 0.9145125353923078, 0.5, 1.0]","{""time"": 0.0, ""collisions"": 0.05, ""congestion"": 1.0, ""fairness"": 1.0, ""incomplete_base"": 1000.0, ""incomplete_agent"": 10.0}","[16.35422714540362, 11.125978473581215, 12.680630630630633, 14.23967904342354, 10.765, 12.81738517892364, 15.089213998852555, 16.281411698537685, 13.92079566003617, 16.281557806496682]","[56.1, 36.5, 37.0, 45.400000000000006, 30.0, 33.800000000000004, 41.5, 38.1, 39.5, 40.900000000000006]"
ga,20,10,16.059392794966683,40.339999999999996,44.3,1.6827261283000141,5.2,13.962500000000002,26.124166666666667,12.161666666666669,True,0.0,hospital_corridor,28,12,"[11, 29, 47, 53, 61, 73, 89, 97, 101, 109]","[3.040713173683822, 4.102942505552461, 0.9159336974960001, 0.5, 1.0]","{""time"": 0.0, ""collisions"": 0.05, ""congestion"": 1.0, ""fairness"": 1.0, ""incomplete_base"": 1000.0, ""incomplete_agent"": 10.0}","[15.403011668243455, 10.372978436657684, 12.652705627705627, 37.48245438362262, 8.293295739348373, 16.21504089170294, 15.018973214285714, 15.472371967654988, 15.52251082251082, 14.160585197934596]","[45.300000000000004, 31.8, 30.8, 85.60000000000001, 26.6, 36.1, 38.400000000000006, 37.1, 38.5, 33.2]"
ga,20,11,14.135585575624189,36.75000000000001,34.1,1.6962998613384737,5.2,13.828214285714287,24.562500000000004,10.734285714285715,True,0.0,hospital_corridor,28,12,"[11, 29, 47, 53, 61, 73, 89, 97, 101, 109]","[2.713751389929755, 4.147448003857945, 0.9143200665065961, 0.5, 1.0]","{""time"": 0.0, ""collisions"": 0.05, ""congestion"": 1.0, ""fairness"": 1.0, ""incomplete_base"": 1000.0, ""incomplete_agent"": 10.0}","[21.69140116478246, 10.831398348813211, 12.023921018558482, 14.63501350894968, 9.589717844433148, 13.858510638297872, 14.852321577009853, 15.955972058244786, 13.460268770084719, 14.457330827067672]","[55.6, 32.300000000000004, 33.1, 42.300000000000004, 28.1, 32.9, 40.1, 36.300000000000004, 32.6, 34.2]"
ga,20,12,32.74871597689307,35.550000000000004,422.4,1.627763595940689,5.5,12.658214285714289,22.659166666666668,10.00095238095238,True,0.0,hospital_corridor,28,12,"[11, 29, 47, 53, 61, 73, 89, 97, 101, 109]","[2.5206087103756962, 3.776041725598329, 0.7688703375905602, 0.5, 1.0]","{""time"": 0.0, ""collisions"": 0.05, ""congestion"": 1.0, ""fairness"": 1.0, ""incomplete_base"": 1000.0, ""incomplete_agent"": 10.0}","[84.090992414665, 22.679112554112557, 20.354978354978357, 32.85612244897959, 19.308830845771144, 27.50959227141336, 35.69895833333333, 31.76402920284136, 29.65322299651568, 23.57132034632035]","[45.2, 30.8, 33.0, 29.400000000000002, 33.5, 31.3, 44.800000000000004, 36.2, 32.800000000000004, 38.5]"
ga,20,13,1026.230531165612,60.34000000000001,36.4,1.0530003630812679,4.5,15.301635864135864,30.65916666666667,15.357530802530807,False,0.8,hospital_corridor,28,12,"[11, 29, 47, 53, 61, 73, 89, 97, 101, 109]","[1.7623544755707135, 3.776041725598329, 0.8651359223608177, 0.5, 1.0]","{""time"": 0.0, ""collisions"": 0.05, ""congestion"": 1.0, ""fairness"": 1.0, ""incomplete_base"": 1000.0, ""incomplete_agent"": 10.0}","[15.417539682539685, 1078.5671212121213, 17.317935907822488, 11.321782178217823, 1035.6766153846154, 16.920324361628712, 20.288660769298474, 27.812983381271973, 14.831016014423588, 24.151332764181372]","[45.0, 100.0, 52.900000000000006, 40.400000000000006, 100.0, 41.400000000000006, 54.1, 74.5, 44.900000000000006, 50.2]"
ga,20,14,49.95033883777424,32.64,769.7,1.6403388377742392,5.5,11.845,21.670000000000005,9.825,True,0.0,hospital_corridor,28,12,"[11, 29, 47, 53, 61, 73, 89, 97, 101, 109]","[2.595216691728347, 4.637481092740407, 0.7113657889944989, 0.5, 1.0]","{""time"": 0.0, ""collisions"": 0.05, ""congestion"": 1.0, ""fairness"": 1.0, ""incomplete_base"": 1000.0, ""incomplete_agent"": 10.0}","[80.80888520971304, 39.056171679197995, 36.64721254355401, 46.817734413352966, 37.9672749664129, 46.874002574002574, 57.376733954451346, 65.07990476190477, 56.79030343998799, 32.08516483516483]","[30.200000000000003, 30.400000000000002, 32.800000000000004, 29.1, 31.900000000000002, 29.6, 36.800000000000004, 37.5, 31.700000000000003, 36.4]"
ga,20,15,13.022414814861456,33.64,32.6,1.7563433862900262,5.1,12.986428571428572,22.622500000000002,9.63607142857143,True,0.0,hospital_corridor,28,12,"[11, 29, 47, 53, 61, 73, 89, 97, 101, 109]","[3.261555071980471, 4.265142814592036, 0.9140808095879707, 0.5, 1.0]","{""time"": 0.0, ""collisions"": 0.05, ""congestion"": 1.0, ""fairness"": 1.0, ""incomplete_base"": 1000.0, ""incomplete_agent"": 10.0}","[14.075015511090431, 12.003186813186813, 12.784295334295336, 11.39871615312792, 9.376347117794484, 12.288815789473684, 13.753807608834418, 16.106560392397302, 13.72065370526909, 14.716749723145073]","[30.700000000000003, 32.5, 29.700000000000003, 30.6, 30.400000000000002, 30.400000000000002, 37.300000000000004, 46.6, 33.800000000000004, 34.4]"
ga,20,16,175.20145360937858,33.8,3265.0,1.9314536093785724,5.6,12.860000000000003,22.880000000000003,10.02,True,0.0,hospital_corridor,28,12,"[11, 29, 47, 53, 61, 73, 89, 97, 101, 109]","[2.573011397929615, 4.2840396022332845, 0.6574836379322793, 0.5, 1.0]","{""time"": 0.0, ""collisions"": 0.05, ""congestion"": 1.0, ""fairness"": 1.0, ""incomplete_base"": 1000.0, ""incomplete_agent"": 10.0}","[208.36006860371268, 162.7114250177683, 144.56706349206348, 198.2205837173579, 151.27543943752, 161.68485291727615, 211.06420281204402, 189.24690476190477, 174.17243258749286, 150.71156274664563]","[35.4, 33.5, 30.6, 34.1, 29.8, 29.3, 35.9, 40.0, 33.2, 36.2]"
ga,20,17,13.012052316416758,37.57,18.9,1.6653856497500912,5.2,14.267500000000002,24.66916666666667,10.401666666666667,True,0.0,hospital_corridor,28,12,"[11, 29, 47, 53, 61, 73, 89, 97, 101, 109]","[2.6695813136070927, 4.472942134430005, 0.9141959811245216, 0.5, 1.0]","{""time"": 0.0, ""collisions"": 0.05, ""congestion"": 1.0, ""fairness"": 1.0, ""incomplete_base"": 1000.0, ""incomplete_agent"": 10.0}","[12.52704530087897, 13.470412311265973, 12.090594165594167, 9.584523809523807, 9.767033822874946, 14.293005952380952, 15.480246913580247, 16.07156844461022, 13.707504434438533, 13.128588009019765]","[49.300000000000004, 41.0, 33.300000000000004, 32.0, 32.1, 38.400000000000006, 40.5, 38.300000000000004, 34.9, 35.9]"
ga,20,18,12.946992506153348,36.78000000000001,35.1,1.6235401252009656,5.0,14.348214285714286,23.916666666666668,9.568452380952383,True,0.0,hospital_corridor,28,12,"[11, 29, 47, 53, 61, 73, 89, 97, 101, 109]","[2.5206087103756962, 3.776041725598329, 0.9167318747413037, 0.5, 1.0]","{""time"": 0.0, ""collisions"": 0.05, ""congestion"": 1.0, ""fairness"": 1.0, ""incomplete_base"": 1000.0, ""incomplete_agent"": 10.0}","[12.427671312427414, 10.663668430335097, 13.073830594184578, 10.146912286359239, 8.488464696223318, 13.721768707482992, 15.359523809523811, 16.023866896156054, 16.308333333333334, 13.255884995507637]","[32.800000000000004, 32.4, 33.9, 44.300000000000004, 29.0, 34.300000000000004, 42.0, 41.5, 40.5, 37.1]"
ga,20,19,13.955571481847738,41.42,22.1,1.5652143389905948,5.1,14.934642857142856,26.22,11.285357142857142,True,0.0,hospital_corridor,28,12,"[11, 29, 47, 53, 61, 73, 89, 97, 101, 109]","[2.589393312410257, 4.282834676334054, 0.9140853457960469, 0.5, 1.0]","{""time"": 0.0, ""collisions"": 0.05, ""congestion"": 1.0, ""fairness"": 1.0, ""incomplete_base"": 1000.0, ""incomplete_agent"": 10.0}","[11.874364279716925, 14.612468513853905, 12.323932676518885, 12.397074253430183, 9.278061224489795, 19.38815302820157, 15.772012578616351, 15.639453218473317, 11.10263788968825, 17.16755715548819]","[39.7, 39.7, 34.800000000000004, 47.2, 29.400000000000002, 61.800000000000004, 42.400000000000006, 39.800000000000004, 41.7, 37.7]"
ga,20,20,13.862460683036051,37.790000000000006,21.9,1.754127349702717,5.5,13.98,24.993333333333336,11.013333333333334,True,0.0,hospital_corridor,28,12,"[11, 29, 47, 53, 61, 73, 89, 97, 101, 109]","[2.5860258322159586, 4.297377357160433, 0.9139098640453844, 0.5, 1.0]","{""time"": 0.0, ""collisions"": 0.05, ""congestion"": 1.0, ""fairness"": 1.0, ""incomplete_base"": 1000.0, ""incomplete_agent"": 10.0}","[12.221115288220552, 14.596379225265235, 12.199125154384522, 9.479104010025065, 8.808333333333334, 14.346739130434782, 15.219854070660523, 17.113842746400888, 14.453519668737064, 20.18659420289855]","[45.6, 38.6, 34.7, 30.400000000000002, 28.0, 34.5, 40.300000000000004, 43.0, 34.5, 48.300000000000004]"
ga,20,21,179.42452753812114,33.56,3359.1,1.9389323000258876,6.1,12.956071428571429,22.486666666666668,9.53059523809524,True,0.0,hospital_corridor,28,12,"[11, 29, 47, 53, 61, 73, 89, 97, 101, 109]","[2.5903302935237225, 4.273747441018815, 0.5, 0.5, 1.0]","{""time"": 0.0, ""collisions"": 0.05, ""congestion"": 1.0, ""fairness"": 1.0, ""incomplete_base"": 1000.0, ""incomplete_agent"": 10.0}","[227.47366946778715, 177.1155117270789, 150.12394613583137, 206.37020318391288, 177.3705266955267, 153.92858404846038, 173.857683982684, 208.12791005291007, 158.73675730110776, 161.14048278591216]","[34.0, 33.5, 30.5, 34.1, 29.700000000000003, 28.3, 38.5, 37.800000000000004, 33.1, 36.1]"
ga,20,22,1115.2011142591327,100.0,7.2,0.5247,3.9,14.87201395154553,26.188428210678218,11.316414259132682,False,10.3,hospital_corridor,28,12,"[11, 29, 47, 53, 61, 73, 89, 97, 101, 109]","[2.5641966727952132, 3.941545116930371, 1.1702552808133635, 0.5, 1.0]","{""time"": 0.0, ""collisions"": 0.05, ""congestion"": 1.0, ""fairness"": 1.0, ""incomplete_base"": 1000.0, ""incomplete_agent"": 10.0}","[1096.2279567099567, 1195.666, 1081.4226666666666, 1109.325, 1118.9423684210526, 1121.8715, 1073.8434444444445, 1105.5926904761905, 1093.9685714285715, 1155.1509444444443]","[100.0, 100.0, 100.0, 100.0, 100.0, 100.0, 100.0, 100.0, 100.0, 100.0]"
ga,20,23,13.938337270867416,38.739999999999995,27.4,1.5814325089626535,5.2,13.923928571428572,24.910833333333336,10.986904761904762,True,0.0,hospital_corridor,28,12,"[11, 29, 47, 53, 61, 73, 89, 97, 101, 109]","[2.54580534999074, 4.016966216654811, 0.9159590777423974, 0.5, 1.0]","{""time"": 0.0, ""collisions"": 0.05, ""congestion"": 1.0, ""fairness"": 1.0, ""incomplete_base"": 1000.0, ""incomplete_agent"": 10.0}","[16.701254394375205, 9.624567099567102, 12.827971131795497, 11.432702482702481, 9.749279783087612, 13.782859636000996, 16.69891774891775, 16.617416016287752, 15.563644868556459, 16.384759547383307]","[44.7, 33.0, 35.300000000000004, 35.1, 28.1, 38.2, 39.6, 42.1, 50.900000000000006, 40.400000000000006]"
ga,21,0,12.4015271025074,35.38,19.9,1.65450329298359,5.0,13.624642857142856,23.376666666666672,9.75202380952381,True,0.0,hospital_corridor,28,12,"[11, 29, 47, 53, 61, 73, 89, 97, 101, 109]","[2.5859602391420373, 4.307652932275605, 0.9139086687834715, 0.5, 1.0]","{""time"": 0.0, ""collisions"": 0.05, ""congestion"": 1.0, ""fairness"": 1.0, ""incomplete_base"": 1000.0, ""incomplete_agent"": 10.0}","[11.773829701372076, 8.837681159420292, 12.262827988338193, 8.489356435643566, 8.590355940355938, 12.910436751387675, 14.87093105899076, 15.58221288515406, 16.413736263736265, 14.283902840675175]","[35.4, 36.800000000000004, 34.300000000000004, 30.3, 29.700000000000003, 32.6, 40.2, 40.800000000000004, 39.0, 34.7]"
ga,21,1,12.4015271025074,35.38,19.9,1.65450329298359,5.0,13.624642857142856,23.376666666666672,9.75202380952381,True,0.0,hospital_corridor,28,12,"[11, 29, 47, 53, 61, 73, 89, 97, 101, 109]","[2.5859602391420373, 4.307652932275605, 0.9139086687834715, 0.5, 1.0]","{""time"": 0.0, ""collisions"": 0.05, ""congestion"": 1.0, ""fairness"": 1.0, ""incomplete_base"": 1000.0, ""incomplete_agent"": 10.0}","[11.773829701372076, 8.837681159420292, 12.262827988338193, 8.489356435643566, 8.590355940355938, 12.910436751387675, 14.87093105899076, 15.58221288515406, 16.413736263736265, 14.283902840675175]","[35.4, 36.800000000000004, 34.300000000000004, 30.3, 29.700000000000003, 32.6, 40.2, 40.800000000000004, 39.0, 34.7]"
ga,21,2,1022.4003871419825,44.57000000000001,22.5,1.6107442848396887,5.3,13.890595238095239,24.555238095238096,10.664642857142859,False,0.9,hospital_corridor,28,12,"[11, 29, 47, 53, 61, 73, 89, 97, 101, 109]","[2.582639176266699, 4.271868768900027, 0.9141418603727629, 0.5, 1.0]","{""time"": 0.0, ""collisions"": 0.05, ""congestion"": 1.0, ""fairness"": 1.0, ""incomplete_base"": 1000.0, ""incomplete_agent"": 10.0}","[1099.9070476190477, 9.773203842940685, 12.40494716618636, 10.337102146558106, 9.890378343118073, 16.69351685258486, 14.906584643426752, 15.727255792292468, 16.603422619047617, 17.760412394622925]","[100.0, 34.2, 34.7, 38.6, 29.200000000000003, 39.7, 41.800000000000004, 40.900000000000006, 44.800000000000004, 41.800000000000004]"
ga,21,3,1048.008957296642,93.47,9.9,0.736935734870317,4.4,14.869554195804195,27.646575757575754,12.777021561771562,False,3.4,hospital_corridor,28,12,"[11, 29, 47, 53, 61, 73, 89, 97, 101, 109]","[2.5745226798243803, 4.233472333644606, 1.0204355248136012, 0.5, 1.0]","{""time"": 0.0, ""collisions"": 0.05, ""congestion"": 1.0, ""fairness"": 1.0, ""incomplete_base"": 1000.0, ""incomplete_agent"": 10.0}","[1061.337196969697, 1077.0870606060605, 1044.0291958041958, 1047.7676666666666, 1097.0188138528138, 1017.0544285714286, 1036.7403333333334, 1041.9655714285714, 12.821452586798408, 1044.2678531468532]","[100.0, 100.0, 100.0, 100.0, 100.0, 100.0, 100.0, 100.0, 34.7, 100.0]"
ga,21,4,1173.4677557772384,39.47,3220.3,1.8239354309179299,5.9,12.621785714285716,22.250606060606064,9.628820346320348,False,0.1,hospital_corridor,28,12,"[11, 29, 47, 53, 61, 73, 89, 97, 101, 109]","[2.713751389929755, 4.147448003857945, 0.5809145674675327, 0.5, 1.0]","{""time"": 0.0, ""collisions"": 0.05, ""congestion"": 1.0, ""fairness"": 1.0, ""incomplete_base"": 1000.0, ""incomplete_agent"": 10.0}","[1215.0967272727273, 170.71194792116242, 137.53261904761902, 177.42788240698212, 171.30544217687074, 151.45931621759024, 195.10566590272472, 198.955441302485, 163.13913690476193, 153.9433786194593]","[100.0, 33.1, 30.0, 31.1, 29.400000000000002, 28.1, 37.4, 38.900000000000006, 32.0, 34.7]"
ga,21,5,1056.2154239289205,93.49,8.4,0.7199157593123209,4.2,14.932198901098904,28.007707070707074,13.07550816960817,False,4.2,hospital_corridor,28,12,"[11, 29, 47, 53, 61, 73, 89, 97, 101, 109]","[2.5859602391420373, 4.307652932275605, 1.035529712686939, 0.5, 1.0]","{""time"": 0.0, ""collisions"": 0.05, ""congestion"": 1.0, ""fairness"": 1.0, ""incomplete_base"": 1000.0, ""incomplete_agent"": 10.0}","[1038.0067435897436, 1093.1016666666667, 1041.982993006993, 1051.4923333333334, 1093.7547445887446, 1042.127902097902, 1066.842, 1039.7285714285715, 12.658729021694638, 1082.4585555555554]","[100.0, 100.0, 100.0, 100.0, 100.0, 100.0, 100.0, 100.0, 34.9, 100.0]"
ga,21,6,1159.1981411242518,37.64999999999999,2953.8,1.838812119922801,5.9,11.891428571428573,20.560757575757577,8.669329004329004,False,0.1,hospital_corridor,28,12,"[11, 29, 47, 53, 61, 73, 89, 97, 101, 109]","[3.128957124626259, 3.942737577134801, 0.5, 0.5, 1.0]","{""time"": 0.0, ""collisions"": 0.05, ""congestion"": 1.0, ""fairness"": 1.0, ""incomplete_base"": 1000.0, ""incomplete_agent"": 10.0}","[1187.0317662337663, 168.88670906718855, 133.40027723418135, 169.27511230907456, 149.68748548199767, 114.8924631723193, 164.85595238095237, 199.19952151278517, 151.4884074941452, 153.26371635610766]","[100.0, 29.200000000000003, 29.200000000000003, 31.8, 28.700000000000003, 27.8, 36.0, 31.1, 30.5, 32.2]"
ga,21,7,12.946992506153348,36.78000000000001,35.1,1.6235401252009656,5.0,14.348214285714286,23.916666666666668,9.568452380952383,True,0.0,hospital_corridor,28,12,"[11, 29, 47, 53, 61, 73, 89, 97, 101, 109]","[2.5206087103756962, 3.776041725598329, 0.9167318747413037, 0.5, 1.0]","{""time"": 0.0, ""collisions"": 0.05, ""congestion"": 1.0, ""fairness"": 1.0, ""incomplete_base"": 1000.0, ""incomplete_agent"": 10.0}","[12.427671312427414, 10.663668430335097, 13.073830594184578, 10.146912286359239, 8.488464696223318, 13.721768707482992, 15.359523809523811, 16.023866896156054, 16.308333333333334, 13.255884995507637]","[32.800000000000004, 32.4, 33.9, 44.300000000000004, 29.0, 34.300000000000004, 42.0, 41.5, 40.5, 37.1]"
ga,21,8,13.51610276595012,38.67,27.2,1.733245623092973,4.9,14.549642857142857,24.972500000000004,10.422857142857145,True,0.0,hospital_corridor,28,12,"[11, 29, 47, 53, 61, 73, 89, 97, 101, 109]","[2.7072092966642596, 4.323798954257297, 0.9158173627831505, 0.5, 1.0]","{""time"": 0.0, ""collisions"": 0.05, ""congestion"": 1.0, ""fairness"": 1.0, ""incomplete_base"": 1000.0, ""incomplete_agent"": 10.0}","[11.15916305916306, 9.636904761904763, 12.213299502106473, 18.424249836921074, 8.298601398601399, 15.696638655462188, 15.126404590613223, 15.069897959183674, 16.082296466973887, 13.45357142857143]","[39.6, 32.800000000000004, 37.300000000000004, 51.1, 28.6, 35.7, 41.7, 39.2, 46.5, 34.2]"
ga,21,9,13.525515032567583,34.74,34.6,1.6680150325675818,5.1,13.132499999999999,23.259999999999998,10.127500000000001,True,0.0,hospital_corridor,28,12,"[11, 29, 47, 53, 61, 73, 89, 97, 101, 109]","[2.8223458488352327, 3.9580063409685837, 0.9150402678282821, 0.5, 1.0]","{""time"": 0.0, ""collisions"": 0.05, ""congestion"": 1.0, ""fairness"": 1.0, ""incomplete_base"": 1000.0, ""incomplete_agent"": 10.0}","[20.497443403590943, 10.520652173913046, 12.348509123275479, 10.541215903837262, 8.261523082515449, 14.94997854997855, 16.146428571428572, 14.80914786967419, 14.423917748917749, 12.75633389854458]","[48.800000000000004, 32.2, 32.1, 30.900000000000002, 26.200000000000003, 33.300000000000004, 39.2, 38.0, 33.0, 33.7]"
ga,21,10,15.856634165817773,35.620000000000005,86.4,1.6984198801034875,5.2,13.186785714285714,23.025,9.838214285714287,True,0.0,hospital_corridor,28,12,"[11, 29, 47, 53, 61, 73, 89, 97, 101, 109]","[2.8006811747215954, 4.2902363685245835, 0.8399911194280986, 0.5, 1.0]","{""time"": 0.0, ""collisions"": 0.05, ""congestion"": 1.0, ""fairness"": 1.0, ""incomplete_base"": 1000.0, ""incomplete_agent"": 10.0}","[25.250103295114144, 11.241108520559559, 13.227691511387164, 14.83855146849159, 14.464285714285714, 13.790777576853529, 15.319444444444446, 16.436864977353412, 18.369777043765485, 15.627737105922701]","[46.1, 33.7, 32.2, 33.4, 33.6, 31.6, 36.0, 38.900000000000006, 34.6, 36.1]"
ga,21,11,13.258844297083776,36.85000000000001,25.7,1.6030109637504417,4.9,13.39,23.760833333333334,10.370833333333334,True,0.0,hospital_corridor,28,12,"[11, 29, 47, 53, 61, 73, 89, 97, 101, 109]","[3.1304552108659682, 4.447848580497457, 0.9141322299790149, 0.5, 1.0]","{""time"": 0.0, ""collisions"": 0.05, ""congestion"": 1.0, ""fairness"": 1.0, ""incomplete_base"": 1000.0, ""incomplete_agent"": 10.0}","[12.50926501035197, 11.115792646172395, 11.565900518623291, 16.05043335325762, 8.86119750483219, 12.96764828738513, 15.743344807802643, 17.061299765807963, 13.088095238095239, 13.625465838509315]","[39.1, 31.6, 30.3, 47.800000000000004, 27.1, 34.2, 41.5, 48.800000000000004, 33.6, 34.5]"
ga,21,12,14.29509259060138,38.71,23.3,1.7750925906013788,4.7,14.707500000000001,26.0625,11.355,True,0.0,hospital_corridor,28,12,"[11, 29, 47, 53, 61, 73, 89, 97, 101, 109]","[2.5859602391420373, 4.593200768266835, 0.9139086687834715, 0.5, 1.0]","{""time"": 0.0, ""collisions"": 0.05, ""congestion"": 1.0, ""fairness"": 1.0, ""incomplete_base"": 1000.0, ""incomplete_agent"": 10.0}","[18.20278664538441, 11.798841698841699, 12.563809523809525, 12.023766752209866, 9.273667540410658, 18.630729166666665, 15.460238095238097, 16.29135338345865, 12.005081300813007, 16.700651799181216]","[53.7, 37.0, 35.0, 33.4, 32.7, 38.400000000000006, 40.0, 39.900000000000006, 32.800000000000004, 44.2]"
ga,21,13,16.552811700221206,32.6,115.9,1.7617402716497774,5.4,12.76142857142857,21.757500000000004,8.99607142857143,True,0.0,hospital_corridor,28,12,"[11, 29, 47, 53, 61, 73, 89, 97, 101, 109]","[3.261555071980471, 3.2519549468462543, 0.9140808095879707, 0.5, 1.0]","{""time"": 0.0, ""collisions"": 0.05, ""congestion"": 1.0, ""fairness"": 1.0, ""incomplete_base"": 1000.0, ""incomplete_agent"": 10.0}","[30.30386510041682, 10.761049468331022, 14.308454398708639, 17.151805424156418, 12.921954595791806, 14.25637638617091, 18.370714285714286, 18.64134651249534, 15.005269892973477, 13.807280937453353]","[37.7, 30.900000000000002, 29.5, 30.200000000000003, 30.1, 29.200000000000003, 37.5, 38.300000000000004, 30.700000000000003, 31.900000000000002]"
ga,21,14,13.862460683036051,37.790000000000006,21.9,1.754127349702717,5.5,13.98,24.993333333333336,11.013333333333334,True,0.0,hospital_corridor,28,12,"[11, 29, 47, 53, 61, 73, 89, 97, 101, 109]","[2.5860258322159586, 4.297377357160433, 0.9139098640453844, 0.5, 1.0]","{""time"": 0.0, ""collisions"": 0.05, ""congestion"": 1.0, ""fairness"": 1.0, ""incomplete_base"": 1000.0, ""incomplete_agent"": 10.0}","[12.221115288220552, 14.596379225265235, 12.199125154384522, 9.479104010025065, 8.808333333333334, 14.346739130434782, 15.219854070660523, 17.113842746400888, 14.453519668737064, 20.18659420289855]","[45.6, 38.6, 34.7, 30.400000000000002, 28.0, 34.5, 40.300000000000004, 43.0, 34.5, 48.300000000000004]"
ga,21,15,13.862460683036051,37.790000000000006,21.9,1.754127349702717,5.5,13.98,24.993333333333336,11.013333333333334,True,0.0,hospital_corridor,28,12,"[11, 29, 47, 53, 61, 73, 89, 97, 101, 109]","[2.5860258322159586, 4.297377357160433, 0.9139098640453844, 0.5, 1.0]","{""time"": 0.0, ""collisions"": 0.05, ""congestion"": 1.0, ""fairness"": 1.0, ""incomplete_base"": 1000.0, ""incomplete_agent"": 10.0}","[12.221115288220552, 14.596379225265235, 12.199125154384522, 9.479104010025065, 8.808333333333334, 14.346739130434782, 15.219854070660523, 17.113842746400888, 14.453519668737064, 20.18659420289855]","[45.6, 38.6, 34.7, 30.400000000000002, 28.0, 34.5, 40.300000000000004, 43.0, 34.5, 48.300000000000004]"
ga,21,16,14.463270637572188,38.55,32.7,1.732437304238853,5.3,14.145000000000001,25.240833333333335,11.095833333333335,True,0.0,hospital_corridor,28,12,"[11, 29, 47, 53, 61, 73, 89, 97, 101, 109]","[2.6273318138467725, 4.0507044790470585, 0.914289756977322, 0.5, 1.0]","{""time"": 0.0, ""collisions"": 0.05, ""congestion"": 1.0, ""fairness"": 1.0, ""incomplete_base"": 1000.0, ""incomplete_agent"": 10.0}","[20.45011074197121, 13.871042471042472, 12.005532212885154, 12.043219461697722, 8.048878287777203, 16.643347338935577, 15.770238095238097, 16.939075630252102, 15.151976421636617, 13.709285714285716]","[51.6, 37.0, 34.0, 34.5, 27.700000000000003, 37.4, 41.2, 45.900000000000006, 41.2, 35.0]"
ga,21,17,12.84125758080443,38.51,22.5,1.6376861522329986,5.0,14.366428571428571,24.445,10.078571428571431,True,0.0,hospital_corridor,28,12,"[11, 29, 47, 53, 61, 73, 89, 97, 101, 109]","[2.657834325119963, 4.439203872037757, 0.915865301889597, 0.5, 1.0]","{""time"": 0.0, ""collisions"": 0.05, ""congestion"": 1.0, ""fairness"": 1.0, ""incomplete_base"": 1000.0, ""incomplete_agent"": 10.0}","[16.673613829093284, 10.86297428062134, 12.352279709537775, 10.020105820105822, 7.136298170494357, 12.497802197802198, 15.215131956397016, 15.463027852650496, 13.47186147186147, 14.71948051948052]","[58.400000000000006, 37.4, 34.1, 32.4, 36.7, 33.800000000000004, 41.5, 37.1, 38.5, 35.2]"
ga,21,18,13.459561847895868,37.57000000000001,21.1,1.6668237526577716,5.2,14.251428571428573,24.98916666666667,10.737738095238097,True,0.0,hospital_corridor,28,12,"[11, 29, 47, 53, 61, 73, 89, 97, 101, 109]","[2.586131251323161, 4.423527327862179, 0.9139098176710092, 0.5, 1.0]","{""time"": 0.0, ""collisions"": 0.05, ""congestion"": 1.0, ""fairness"": 1.0, ""incomplete_base"": 1000.0, ""incomplete_agent"": 10.0}","[19.267873910127435, 9.058912768647284, 13.133808147536474, 10.33640841916704, 9.52908163265306, 13.470641646489103, 14.63638232271326, 15.937944162436548, 15.295765730114761, 13.928799739073712]","[56.800000000000004, 33.9, 34.6, 31.900000000000002, 29.400000000000002, 35.4, 41.7, 39.400000000000006, 36.1, 36.5]"
ga,21,19,172.78283760673398,33.45,3226.6,1.8996233210196825,6.2,12.851785714285715,22.405,9.553214285714285,True,0.0,hospital_corridor,28,12,"[11, 29, 47, 53, 61, 73, 89, 97, 101, 109]","[2.5865763635683248, 4.3678609207567245, 0.5, 0.5, 1.0]","{""time"": 0.0, ""collisions"": 0.05, ""congestion"": 1.0, ""fairness"": 1.0, ""incomplete_base"": 1000.0, ""incomplete_agent"": 10.0}","[227.17970891620746, 173.64035181236676, 142.14570647931305, 174.66994609164422, 160.08550655161392, 150.46654888103652, 177.72056277056276, 200.65340136054422, 158.6681700474752, 162.59847315657566]","[33.7, 33.5, 30.5, 31.8, 29.8, 28.3, 38.5, 39.2, 33.1, 36.1]"
ga,21,20,13.834171988414619,37.040000000000006,41.3,1.7251243693669998,5.1,13.981785714285712,24.02583333333334,10.04404761904762,True,0.0,hospital_corridor,28,12,"[11, 29, 47, 53, 61, 73, 89, 97, 101, 109]","[2.65472178260501, 3.707605726641845, 0.914338090701782, 0.5, 1.0]","{""time"": 0.0, ""collisions"": 0.05, ""congestion"": 1.0, ""fairness"": 1.0, ""incomplete_base"": 1000.0, ""incomplete_agent"": 10.0}","[18.15322399346005, 10.22106227106227, 12.977167094382665, 13.999647266313932, 8.596679197994987, 16.208270511370777, 15.911009732360098, 15.824281314168378, 13.241830493665358, 13.208548009367682]","[46.6, 32.5, 33.4, 32.4, 28.5, 37.9, 41.1, 48.7, 32.7, 36.6]"
ga,21,21,1018.933944500406,40.39,35.7,1.8171888486504184,5.0,13.597486772486771,26.92924242424242,13.331755651755653,False,0.2,hospital_corridor,28,12,"[11, 29, 47, 53, 61, 73, 89, 97, 101, 109]","[2.9719516302208495, 4.315923116387048, 0.9155042755776897, 0.5, 1.0]","{""time"": 0.0, ""collisions"": 0.05, ""congestion"": 1.0, ""fairness"": 1.0, ""incomplete_base"": 1000.0, ""incomplete_agent"": 10.0}","[1065.9407946127947, 14.048079004329002, 12.828840245775732, 12.073917748917749, 8.266666666666666, 14.75135841170324, 15.479389880952379, 18.415408085430972, 14.507014157014156, 13.027976190476192]","[100.0, 35.2, 31.0, 30.8, 26.0, 31.900000000000002, 38.400000000000006, 43.7, 33.300000000000004, 33.6]"
ga,21,22,13.012052316416758,37.57,18.9,1.6653856497500912,5.2,14.267500000000002,24.66916666666667,10.401666666666667,True,0.0,hospital_corridor,28,12,"[11, 29, 47, 53, 61, 73, 89, 97, 101, 109]","[2.6695813136070927, 4.472942134430005, 0.9141959811245216, 0.5, 1.0]","{""time"": 0.0, ""collisions"": 0.05, ""congestion"": 1.0, ""fairness"": 1.0, ""incomplete_base"": 1000.0, ""incomplete_agent"": 10.0}","[12.52704530087897, 13.470412311265973, 12.090594165594167, 9.584523809523807, 9.767033822874946, 14.293005952380952, 15.480246913580247, 16.07156844461022, 13.707504434438533, 13.128588009019765]","[49.300000000000004, 41.0, 33.300000000000004, 32.0, 32.1, 38.400000000000006, 40.5, 38.300000000000004, 34.9, 35.9]"
ga,21,23,13.28899165321883,36.81,25.3,1.5943487960759728,5.6,13.795357142857142,24.225,10.429642857142857,True,0.0,hospital_corridor,28,12,"[11, 29, 47, 53, 61, 73, 89, 97, 101, 109]","[2.567768543680822, 4.222506426210579, 0.9145125353923078, 0.5, 1.0]","{""time"": 0.0, ""collisions"": 0.05, ""congestion"": 1.0, ""fairness"": 1.0, ""incomplete_base"": 1000.0, ""incomplete_agent"": 10.0}","[12.89172666414046, 11.377809523809526, 12.366483516483516, 13.02681290790428, 10.4806484295846, 13.195748299319726, 15.322689075630255, 15.519066123858867, 14.052634544942237, 14.656297446514841]","[37.7, 37.5, 36.4, 39.400000000000006, 28.200000000000003, 34.300000000000004, 40.800000000000004, 38.6, 33.800000000000004, 41.400000000000006]"
ga,22,0,12.4015271025074,35.38,19.9,1.65450329298359,5.0,13.624642857142856,23.376666666666672,9.75202380952381,True,0.0,hospital_corridor,28,12,"[11, 29, 47, 53, 61, 73, 89, 97, 101, 109]","[2.5859602391420373, 4.307652932275605, 0.9139086687834715, 0.5, 1.0]","{""time"": 0.0, ""collisions"": 0.05, ""congestion"": 1.0, ""fairness"": 1.0, ""incomplete_base"": 1000.0, ""incomplete_agent"": 10.0}","[11.773829701372076, 8.837681159420292, 12.262827988338193, 8.489356435643566, 8.590355940355938, 12.910436751387675, 14.87093105899076, 15.58221288515406, 16.413736263736265, 14.283902840675175]","[35.4, 36.800000000000004, 34.300000000000004, 30.3, 29.700000000000003, 32.6, 40.2, 40.800000000000004, 39.0, 34.7]"
ga,22,1,12.4015271025074,35.38,19.9,1.65450329298359,5.0,13.624642857142856,23.376666666666672,9.75202380952381,True,0.0,hospital_corridor,28,12,"[11, 29, 47, 53, 61, 73, 89, 97, 101, 109]","[2.5859602391420373, 4.307652932275605, 0.9139086687834715, 0.5, 1.0]","{""time"": 0.0, ""collisions"": 0.05, ""congestion"": 1.0, ""fairness"": 1.0, ""incomplete_base"": 1000.0, ""incomplete_agent"": 10.0}","[11.773829701372076, 8.837681159420292, 12.262827988338193, 8.489356435643566, 8.590355940355938, 12.910436751387675, 14.87093105899076, 15.58221288515406, 16.413736263736265, 14.283902840675175]","[35.4, 36.800000000000004, 34.300000000000004, 30.3, 29.700000000000003, 32.6, 40.2, 40.800000000000004, 39.0, 34.7]"
ga,22,2,1055.64193058954,88.44,9.0,0.8103739517332658,4.3,14.74922619047619,29.130782828282832,14.38155663780664,False,4.0,hospital_corridor,28,12,"[11, 29, 47, 53, 61, 73, 89, 97, 101, 109]","[2.6165435801693135, 4.466695857037861, 1.0236250352219551, 0.5, 1.0]","{""time"": 0.0, ""collisions"": 0.05, ""congestion"": 1.0, ""fairness"": 1.0, ""incomplete_base"": 1000.0, ""incomplete_agent"": 10.0}","[1064.254909090909, 1106.497090909091, 1041.648937062937, 1053.9445, 1093.6982294372294, 14.76735588972431, 1037.3011538461537, 1040.9688571428571, 15.332383627608348, 1088.0058888888889]","[100.0, 100.0, 100.0, 100.0, 100.0, 39.900000000000006, 100.0, 100.0, 44.5, 100.0]"
ga,22,3,13.190700321153923,39.66000000000001,16.3,1.631652702106304,5.1,14.829285714285714,25.57333333333333,10.744047619047619,True,0.0,hospital_corridor,28,12,"[11, 29, 47, 53, 61, 73, 89, 97, 101, 109]","[2.3147854481386685, 4.313899209667749, 0.9139665011225174, 0.5, 1.0]","{""time"": 0.0, ""collisions"": 0.05, ""congestion"": 1.0, ""fairness"": 1.0, ""incomplete_base"": 1000.0, ""incomplete_agent"": 10.0}","[15.967886476972721, 7.807400042422314, 13.689207944484325, 9.800793650793652, 8.29155844155844, 12.439577530176415, 15.633493248045486, 18.272532989099254, 13.424704924704928, 16.579847963281697]","[48.7, 44.900000000000006, 39.800000000000004, 31.5, 30.8, 35.9, 46.900000000000006, 41.5, 35.1, 41.5]"
ga,22,4,1024.845325456893,57.980000000000004,15.6,1.2907421235597534,4.7,15.009583333333333,27.78416666666667,12.774583333333336,False,1.0,hospital_corridor,28,12,"[11, 29, 47, 53, 61, 73, 89, 97, 101, 109]","[2.5545491725506153, 4.143707186663462, 0.970802591225455, 0.5, 1.0]","{""time"": 0.0, ""collisions"": 0.05, ""congestion"": 1.0, ""fairness"": 1.0, ""incomplete_base"": 1000.0, ""incomplete_agent"": 10.0}","[12.367727178207529, 1074.4456666666667, 13.295294338207725, 1048.7941666666666, 9.579865424430642, 18.395955278663195, 19.98095238095238, 22.523118998119003, 14.141936208445644, 14.92857142857143]","[45.800000000000004, 100.0, 38.1, 100.0, 34.5, 49.300000000000004, 50.400000000000006, 48.1, 53.0, 60.6]"
ga,22,5,13.653249391897617,38.21,34.6,1.6762255823738066,4.9,14.532142857142858,24.779166666666665,10.24702380952381,True,0.0,hospital_corridor,28,12,"[11, 29, 47, 53, 61, 73, 89, 97, 101, 109]","[2.533828081505903, 3.8548409651454465, 0.9154237066898849, 0.5, 1.0]","{""time"": 0.0, ""collisions"": 0.05, ""congestion"": 1.0, ""fairness"": 1.0, ""incomplete_base"": 1000.0, ""incomplete_agent"": 10.0}","[17.51000347947112, 9.453776683087026, 12.985769656699887, 14.4850400337126, 8.821092041056707, 14.15578529657477, 16.007393483709276, 16.063452380952384, 12.66481671805413, 14.385364145658263]","[47.900000000000006, 34.800000000000004, 34.4, 45.2, 28.3, 34.2, 39.900000000000006, 40.0, 41.7, 35.7]"
ga,22,6,1111.049500434069,100.0,7.3,0.522,4.1,13.55734227877386,25.719842712842716,12.162500434068857,False,9.8,hospital_corridor,28,12,"[11, 29, 47, 53, 61, 73, 89, 97, 101, 109]","[2.9782188559054523, 4.307652932275605, 1.142804591279043, 0.5, 1.0]","{""time"": 0.0, ""collisions"": 0.05, ""congestion"": 1.0, ""fairness"": 1.0, ""incomplete_base"": 1000.0, ""incomplete_agent"": 10.0}","[1090.9471428571428, 1200.5743333333332, 1061.503, 1092.8051731601731, 1123.8457894736841, 1151.527, 1074.3797777777777, 1101.957, 1050.2279230769232, 1162.7278646616542]","[100.0, 100.0, 100.0, 100.0, 100.0, 100.0, 100.0, 100.0, 100.0, 100.0]"
ga,22,7,13.33367521309831,35.50000000000001,35.8,1.743556165479261,5.0,13.490714285714285,23.290833333333335,9.800119047619049,True,0.0,hospital_corridor,28,12,"[11, 29, 47, 53, 61, 73, 89, 97, 101, 109]","[3.065405052453954, 4.307652932275605, 0.9139086687834715, 0.5, 1.0]","{""time"": 0.0, ""collisions"": 0.05, ""congestion"": 1.0, ""fairness"": 1.0, ""incomplete_base"": 1000.0, ""incomplete_agent"": 10.0}","[13.806763285024154, 10.158014861995756, 12.04371413060338, 11.9875, 9.027454087437022, 13.671975546975547, 15.489411536972515, 16.52679271708684, 14.172805545194581, 16.4523204196933]","[41.400000000000006, 31.400000000000002, 30.700000000000003, 33.6, 29.3, 29.6, 36.9, 42.5, 38.300000000000004, 41.300000000000004]"
ga,22,8,12.83298927186133,34.739999999999995,39.3,1.7222749861470414,5.2,13.429285714285715,22.575000000000003,9.145714285714288,True,0.0,hospital_corridor,28,12,"[11, 29, 47, 53, 61, 73, 89, 97, 101, 109]","[3.032731378987936, 4.104795943702085, 0.9139504056171655, 0.5, 1.0]","{""time"": 0.0, ""collisions"": 0.05, ""congestion"": 1.0, ""fairness"": 1.0, ""incomplete_base"": 1000.0, ""incomplete_agent"": 10.0}","[13.647026478752938, 10.247393007836045, 12.255906148867314, 10.846834877295628, 8.362031504617056, 12.825941306755263, 15.147710622710626, 15.039487870619947, 15.571565934065937, 14.385994967092529]","[44.6, 31.6, 30.900000000000002, 29.3, 26.3, 30.1, 39.0, 37.1, 41.6, 36.9]"
ga,22,9,1117.7846758435653,100.0,10.7,0.5075000000000001,3.9,17.75641795152844,35.49859379509379,17.74217584356536,False,9.9,hospital_corridor,28,12,"[11, 29, 47, 53, 61, 73, 89, 97, 101, 109]","[2.1931433954465325, 3.4548119354197744, 1.1717036052514143, 0.5, 1.0]","{""time"": 0.0, ""collisions"": 0.05, ""congestion"": 1.0, ""fairness"": 1.0, ""incomplete_base"": 1000.0, ""incomplete_agent"": 10.0}","[1130.8062857142857, 1145.6636666666666, 1081.1151111111112, 1092.6776363636363, 1100.7357142857143, 1078.516, 1086.2638260869564, 1165.3753333333334, 1097.935, 1198.7581848739496]","[100.0, 100.0, 100.0, 100.0, 100.0, 100.0, 100.0, 100.0, 100.0, 100.0]"
ga,22,10,14.021374531118184,36.44000000000001,31.8,1.7213745311181836,4.9,13.6775,24.387500000000003,10.71,True,0.0,hospital_corridor,28,12,"[11, 29, 47, 53, 61, 73, 89, 97, 101, 109]","[2.696142602043737, 4.082382228624025, 0.9143250835048363, 0.5, 1.0]","{""time"": 0.0, ""collisions"": 0.05, ""congestion"": 1.0, ""fairness"": 1.0, ""incomplete_base"": 1000.0, ""incomplete_agent"": 10.0}","[22.205236817446124, 10.588095238095239, 14.163975155279502, 11.47246543778802, 8.34100529100529, 14.10563909774436, 15.079936120789778, 17.536535507503253, 13.492285216958848, 13.228571428571431]","[55.900000000000006, 32.800000000000004, 32.2, 31.0, 27.0, 32.300000000000004, 41.0, 40.300000000000004, 38.300000000000004, 33.6]"
ga,22,11,1165.454071129075,38.35,3068.7,1.8442442892479929,6.5,11.994642857142859,21.1694696969697,9.17482683982684,False,0.1,hospital_corridor,28,12,"[11, 29, 47, 53, 61, 73, 89, 97, 101, 109]","[3.089034391427241, 4.073072078515278, 0.523548745765731, 0.5, 1.0]","{""time"": 0.0, ""collisions"": 0.05, ""congestion"": 1.0, ""fairness"": 1.0, ""incomplete_base"": 1000.0, ""incomplete_agent"": 10.0}","[1201.0726493506493, 164.42618641313183, 127.23643751015764, 193.57725406777132, 146.121679197995, 120.84396197327854, 156.13534041715863, 223.2325801097919, 166.98658008658012, 154.9080421642341]","[100.0, 29.3, 29.3, 31.900000000000002, 28.5, 27.8, 36.300000000000004, 37.300000000000004, 30.8, 32.300000000000004]"
ga,22,12,1050.1386837869723,85.32000000000001,14.6,0.8247822440707351,4.5,15.797654012654013,27.381555555555558,11.583901542901543,False,3.7,hospital_corridor,28,12,"[11, 29, 47, 53, 61, 73, 89, 97, 101, 109]","[2.621422267672976, 3.9330210802237913, 1.0356573934067739, 0.5, 1.0]","{""time"": 0.0, ""collisions"": 0.05, ""congestion"": 1.0, ""fairness"": 1.0, ""incomplete_base"": 1000.0, ""incomplete_agent"": 10.0}","[1028.179435897436, 1091.7387272727274, 12.417929070518463, 1051.9065, 1090.6105714285713, 14.714163211458725, 1071.9831538461538, 1041.9807142857144, 11.959920634920637, 1085.8957222222223]","[100.0, 100.0, 81.10000000000001, 100.0, 100.0, 37.9, 100.0, 100.0, 34.2, 100.0]"
ga,22,13,15.444940756175964,42.93,35.5,1.6383931371283427,5.5,14.679285714285715,26.710833333333333,12.03154761904762,True,0.0,hospital_corridor,28,12,"[11, 29, 47, 53, 61, 73, 89, 97, 101, 109]","[2.606395739366979, 4.166819599631834, 0.9161692519575386, 0.5, 1.0]","{""time"": 0.0, ""collisions"": 0.05, ""congestion"": 1.0, ""fairness"": 1.0, ""incomplete_base"": 1000.0, ""incomplete_agent"": 10.0}","[13.787220982142859, 17.896399535423924, 12.21056432855919, 23.999612990072354, 10.340931649704736, 14.495532983835735, 15.467218949435448, 16.091954412096594, 13.44590013062582, 16.71407159986297]","[51.2, 49.2, 38.900000000000006, 56.6, 37.9, 32.7, 38.800000000000004, 42.2, 40.1, 41.7]"
ga,22,14,13.780525001844829,37.63,28.4,1.6967154780353038,4.9,14.065357142857144,24.729166666666664,10.663809523809524,True,0.0,hospital_corridor,28,12,"[11, 29, 47, 53, 61, 73, 89, 97, 101, 109]","[2.532444542001387, 3.871742439916277, 0.9158131487251892, 0.5, 1.0]","{""time"": 0.0, ""collisions"": 0.05, ""congestion"": 1.0, ""fairness"": 1.0, ""incomplete_base"": 1000.0, ""incomplete_agent"": 10.0}","[19.217419777341192, 10.019807497467074, 13.332259840352329, 9.40364314400459, 8.345301643789188, 15.902501506931884, 16.664285714285718, 15.414506172839506, 12.587876218736753, 16.91764850270005]","[50.900000000000006, 32.9, 34.6, 33.2, 28.1, 39.5, 44.1, 40.5, 33.7, 38.800000000000004]"
ga,22,15,1081.6449787643492,94.59,6.0,0.5938023965141612,4.1,16.300852852944157,30.052029220779225,13.751176367835066,False,6.7,hospital_corridor,28,12,"[11, 29, 47, 53, 61, 73, 89, 97, 101, 109]","[1.8330515353417385, 4.201676642842485, 1.0097938001139304, 0.5, 1.0]","{""time"": 0.0, ""collisions"": 0.05, ""congestion"": 1.0, ""fairness"": 1.0, ""incomplete_base"": 1000.0, ""incomplete_agent"": 10.0}","[1076.486090909091, 1181.4871666666668, 1044.1861188811188, 1064.0972173913044, 1129.039142857143, 1042.9137412587413, 1089.565, 1134.282, 12.688881107998755, 1041.7044285714285]","[100.0, 100.0, 100.0, 100.0, 100.0, 100.0, 100.0, 100.0, 45.900000000000006, 100.0]"
ga,22,16,13.378837429557246,38.029999999999994,32.7,1.7412183819381994,5.1,14.533214285714285,24.535833333333333,10.002619047619046,True,0.0,hospital_corridor,28,12,"[11, 29, 47, 53, 61, 73, 89, 97, 101, 109]","[2.8699710814959256, 4.4233234996371955, 0.9140675717030354, 0.5, 1.0]","{""time"": 0.0, ""collisions"": 0.05, ""congestion"": 1.0, ""fairness"": 1.0, ""incomplete_base"": 1000.0, ""incomplete_agent"": 10.0}","[15.950709555345316, 10.698064085447264, 12.549322987981135, 12.490726817042606, 7.622985347985348, 14.797340425531916, 15.386728395061729, 15.380206020231928, 17.0790273556231, 11.83326330532213]","[45.300000000000004, 32.1, 31.3, 38.0, 31.200000000000003, 32.9, 40.5, 38.6, 56.400000000000006, 34.0]"
ga,22,17,13.69241713810844,35.64,28.0,1.7665838047751037,5.1,13.6525,24.178333333333335,10.525833333333335,True,0.0,hospital_corridor,28,12,"[11, 29, 47, 53, 61, 73, 89, 97, 101, 109]","[2.9117153896632955, 4.321902438020695, 0.9139745223213638, 0.5, 1.0]","{""time"": 0.0, ""collisions"": 0.05, ""congestion"": 1.0, ""fairness"": 1.0, ""incomplete_base"": 1000.0, ""incomplete_agent"": 10.0}","[20.34810366624526, 14.706894718185042, 12.378720238095237, 9.97041969330105, 8.031477591036415, 15.383256528417823, 15.525554724507607, 15.022454844006567, 12.33228937728938, 13.225]","[45.2, 40.300000000000004, 32.0, 35.4, 27.200000000000003, 37.2, 38.2, 34.800000000000004, 32.5, 33.6]"
ga,22,18,14.089216949581843,37.7,29.5,1.7127883781532716,5.1,14.196071428571429,25.097500000000004,10.901428571428571,True,0.0,hospital_corridor,28,12,"[11, 29, 47, 53, 61, 73, 89, 97, 101, 109]","[2.615812031497383, 4.303385634597779, 0.9152712657977622, 0.5, 1.0]","{""time"": 0.0, ""collisions"": 0.05, ""congestion"": 1.0, ""fairness"": 1.0, ""incomplete_base"": 1000.0, ""incomplete_agent"": 10.0}","[18.320238095238096, 9.802986883376105, 12.317857142857143, 12.863756613756614, 9.561986863711, 14.77291059280855, 14.95699855699856, 16.353609453609455, 16.502710535288102, 15.43911475817481]","[48.0, 33.4, 34.0, 37.800000000000004, 29.0, 34.300000000000004, 39.6, 40.7, 41.900000000000006, 38.300000000000004]"
ga,22,19,12.87502210570656,36.870000000000005,20.5,1.6524030580875109,5.0,13.915714285714287,24.113333333333337,10.197619047619048,True,0.0,hospital_corridor,28,12,"[11, 29, 47, 53, 61, 73, 89, 97, 101, 109]","[2.6774230973828352, 4.317790676819951, 0.9144559610307729, 0.5, 1.0]","{""time"": 0.0, ""collisions"": 0.05, ""congestion"": 1.0, ""fairness"": 1.0, ""incomplete_base"": 1000.0, ""incomplete_agent"": 10.0}","[14.775974025974024, 9.47795414462081, 12.076324316708932, 8.828920230512589, 10.096998574991094, 14.147708505367467, 15.273503488799118, 15.259280089988751, 15.086010184420589, 13.727547495682211]","[46.2, 32.4, 33.800000000000004, 31.400000000000002, 40.1, 34.6, 38.900000000000006, 38.1, 34.6, 38.6]"
ga,22,20,14.695680639131098,40.260000000000005,38.5,1.6071092105596676,5.1,13.791428571428574,24.955000000000002,11.16357142857143,True,0.0,hospital_corridor,28,12,"[11, 29, 47, 53, 61, 73, 89, 97, 101, 109]","[2.8567252193403405, 4.127068673128395, 0.914852260973451, 0.5, 1.0]","{""time"": 0.0, ""collisions"": 0.05, ""congestion"": 1.0, ""fairness"": 1.0, ""incomplete_base"": 1000.0, ""incomplete_agent"": 10.0}","[21.262525879917188, 11.401293995859213, 12.364285714285714, 17.037506455944637, 7.808904109589042, 14.725148809523809, 16.006213477558127, 14.751837474120086, 19.15679355574565, 12.442296918767507]","[55.2, 32.2, 32.0, 46.1, 29.200000000000003, 32.0, 38.300000000000004, 36.800000000000004, 66.8, 34.0]"
ga,22,21,41.419636913298376,32.12,611.9,1.8521369132983811,6.1,11.887500000000003,20.860000000000003,8.9725,True,0.0,hospital_corridor,28,12,"[11, 29, 47, 53, 61, 73, 89, 97, 101, 109]","[3.58391691271803, 4.278786248337646, 0.7617882505440636, 0.5, 1.0]","{""time"": 0.0, ""collisions"": 0.05, ""congestion"": 1.0, ""fairness"": 1.0, ""incomplete_base"": 1000.0, ""incomplete_agent"": 10.0}","[66.49444444444445, 56.62521960240407, 24.05064260998517, 59.94616044616045, 24.139079490063743, 25.156317344456028, 44.30579246624023, 48.2747157071784, 34.61035590706871, 30.59364111498258]","[30.6, 30.900000000000002, 28.900000000000002, 33.300000000000004, 25.400000000000002, 27.400000000000002, 33.5, 53.6, 28.900000000000002, 28.700000000000003]"
ga,22,22,17.971014548140126,36.2,126.5,1.7188716909972683,5.3,13.270357142857142,23.1975,9.927142857142858,True,0.0,hospital_corridor,28,12,"[11, 29, 47, 53, 61, 73, 89, 97, 101, 109]","[2.7941626469624743, 4.5469481167923185, 0.8172800960792607, 0.5, 1.0]","{""time"": 0.0, ""collisions"": 0.05, ""congestion"": 1.0, ""fairness"": 1.0, ""incomplete_base"": 1000.0, ""incomplete_agent"": 10.0}","[24.448311184939094, 19.286001642036126, 14.55712778782399, 13.1626420658898, 16.490619621342514, 16.105377668308705, 22.15662988772745, 17.919413919413923, 21.596825396825402, 13.987196307094267]","[34.4, 37.7, 31.6, 33.1, 33.2, 34.800000000000004, 36.9, 45.5, 40.5, 34.300000000000004]"
ga,22,23,29.64852943211009,34.05,367.5,1.6853151463958085,5.5,12.506785714285716,22.095,9.588214285714283,True,0.0,hospital_corridor,28,12,"[11, 29, 47, 53, 61, 73, 89, 97, 101, 109]","[2.6829049844777684, 3.856456075812747, 0.773913718834236, 0.5, 1.0]","{""time"": 0.0, ""collisions"": 0.05, ""congestion"": 1.0, ""fairness"": 1.0, ""incomplete_base"": 1000.0, ""incomplete_agent"": 10.0}","[66.99960819770948, 21.066900858704138, 19.149759027478062, 27.176538461538463, 17.43653846153846, 26.95394088669951, 31.62526381743833, 30.10565476190476, 34.668397926994146, 21.302691921095615]","[39.5, 30.5, 33.1, 32.5, 26.0, 34.800000000000004, 36.1, 38.400000000000006, 31.700000000000003, 37.9]"
ga,23,0,12.4015271025074,35.38,19.9,1.65450329298359,5.0,13.624642857142856,23.376666666666672,9.75202380952381,True,0.0,hospital_corridor,28,12,"[11, 29, 47, 53, 61, 73, 89, 97, 101, 109]","[2.5859602391420373, 4.307652932275605, 0.9139086687834715, 0.5, 1.0]","{""time"": 0.0, ""collisions"": 0.05, ""congestion"": 1.0, ""fairness"": 1.0, ""incomplete_base"": 1000.0, ""incomplete_agent"": 10.0}","[11.773829701372076, 8.837681159420292, 12.262827988338193, 8.489356435643566, 8.590355940355938, 12.910436751387675, 14.87093105899076, 15.58221288515406, 16.413736263736265, 14.283902840675175]","[35.4, 36.800000000000004, 34.300000000000004, 30.3, 29.700000000000003, 32.6, 40.2, 40.800000000000004, 39.0, 34.7]"
ga,23,1,12.4015271025074,35.38,19.9,1.65450329298359,5.0,13.624642857142856,23.376666666666672,9.75202380952381,True,0.0,hospital_corridor,28,12,"[11, 29, 47, 53, 61, 73, 89, 97, 101, 109]","[2.5859602391420373, 4.307652932275605, 0.9139086687834715, 0.5, 1.0]","{""time"": 0.0, ""collisions"": 0.05, ""congestion"": 1.0, ""fairness"": 1.0, ""incomplete_base"": 1000.0, ""incomplete_agent"": 10.0}","[11.773829701372076, 8.837681159420292, 12.262827988338193, 8.489356435643566, 8.590355940355938, 12.910436751387675, 14.87093105899076, 15.58221288515406, 16.413736263736265, 14.283902840675175]","[35.4, 36.800000000000004, 34.300000000000004, 30.3, 29.700000000000003, 32.6, 40.2, 40.800000000000004, 39.0, 34.7]"
ga,23,2,14.34031470758173,41.63,24.5,1.723528993296015,5.3,14.875714285714286,26.267500000000002,11.391785714285714,True,0.0,hospital_corridor,28,12,"[11, 29, 47, 53, 61, 73, 89, 97, 101, 109]","[2.611329497052344, 4.310932218209752, 0.9142333519097698, 0.5, 1.0]","{""time"": 0.0, ""collisions"": 0.05, ""congestion"": 1.0, ""fairness"": 1.0, ""incomplete_base"": 1000.0, ""incomplete_agent"": 10.0}","[22.451756845925438, 9.603549978549978, 12.237660393498718, 9.809555137844614, 9.058068368413196, 16.316872890888636, 16.224101814638903, 15.900510204081634, 15.72303070761015, 16.078040734366034]","[86.60000000000001, 33.300000000000004, 33.4, 30.400000000000002, 31.900000000000002, 38.1, 39.1, 39.2, 42.800000000000004, 41.5]"
ga,23,3,15.949386418260772,43.620000000000005,26.0,1.6462911801655333,5.0,14.531071428571432,27.53416666666667,13.003095238095238,True,0.0,hospital_corridor,28,12,"[11, 29, 47, 53, 61, 73, 89, 97, 101, 109]","[2.6520538394725284, 4.314511390885803, 0.9141312779044746, 0.5, 1.0]","{""time"": 0.0, ""collisions"": 0.05, ""congestion"": 1.0, ""fairness"": 1.0, ""incomplete_base"": 1000.0, ""incomplete_agent"": 10.0}","[32.28191906005222, 16.584497985745276, 12.538631488631491, 13.712484878477952, 9.729157317377211, 14.113284632034635, 15.023748399115147, 15.53243192838493, 16.063109495295127, 13.914598997493735]","[76.60000000000001, 46.1, 33.300000000000004, 43.300000000000004, 38.2, 35.2, 40.900000000000006, 38.300000000000004, 50.1, 34.2]"
ga,23,4,164.8022204799622,32.12,3066.6,2.012577622819334,6.1,12.172857142857143,21.6325,9.459642857142857,True,0.0,hospital_corridor,28,12,"[11, 29, 47, 53, 61, 73, 89, 97, 101, 109]","[2.969495436994955, 4.307652932275605, 0.594354652635515, 0.5, 1.0]","{""time"": 0.0, ""collisions"": 0.05, ""congestion"": 1.0, ""fairness"": 1.0, ""incomplete_base"": 1000.0, ""incomplete_agent"": 10.0}","[208.94994969818916, 176.4844599669521, 133.76711057304277, 187.09963369963373, 154.00861344537816, 132.2943548387097, 190.65204359673024, 179.06928992836072, 144.8239005156203, 140.87284853700518]","[35.5, 31.700000000000003, 29.5, 32.5, 28.900000000000002, 27.900000000000002, 36.7, 33.9, 31.400000000000002, 33.2]"
ga,23,5,12.80964094497417,38.08,15.8,1.6773790402122635,5.0,14.468571428571432,24.810833333333335,10.342261904761907,True,0.0,hospital_corridor,28,12,"[11, 29, 47, 53, 61, 73, 89, 97, 101, 109]","[2.681869854601036, 5.0, 0.9139086687834714, 0.5, 1.0]","{""time"": 0.0, ""collisions"": 0.05, ""congestion"": 1.0, ""fairness"": 1.0, ""incomplete_base"": 1000.0, ""incomplete_agent"": 10.0}","[13.344444444444447, 12.860026335590668, 12.231761904761905, 9.609260429835654, 8.012424547283704, 11.924850299401198, 14.396839497220206, 17.110714285714288, 13.650177095631644, 14.95591060985798]","[50.400000000000006, 44.300000000000004, 37.5, 33.9, 28.400000000000002, 33.4, 39.400000000000006, 43.0, 36.300000000000004, 34.2]"
ga,23,6,1069.632972210552,99.96000000000001,14.1,0.8847574297188755,4.5,14.78972317010475,24.832937950937954,10.043214780833202,False,5.8,hospital_corridor,28,12,"[11, 29, 47, 53, 61, 73, 89, 97, 101, 109]","[2.9376480396756937, 4.24078193104847, 1.0709758910841265, 0.5, 1.0]","{""time"": 0.0, ""collisions"": 0.05, ""congestion"": 1.0, ""fairness"": 1.0, ""incomplete_base"": 1000.0, ""incomplete_agent"": 10.0}","[1046.7168333333334, 1092.971, 1032.1841784511785, 1130.6559239766082, 1126.086476190476, 12.016193344807801, 1071.5266923076922, 1057.908962962963, 1051.804153846154, 1074.4593076923077]","[100.0, 100.0, 100.0, 100.0, 100.0, 99.60000000000001, 100.0, 100.0, 100.0, 100.0]"
ga,23,7,12.995303028890406,35.37,30.2,1.6755411241285014,4.9,13.51357142857143,23.323333333333334,9.809761904761904,True,0.0,hospital_corridor,28,12,"[11, 29, 47, 53, 61, 73, 89, 97, 101, 109]","[2.8986742554113514, 4.17166694492922, 0.9139413977619089, 0.5, 1.0]","{""time"": 0.0, ""collisions"": 0.05, ""congestion"": 1.0, ""fairness"": 1.0, ""incomplete_base"": 1000.0, ""incomplete_agent"": 10.0}","[13.499289985052318, 10.51297285269248, 12.630158730158731, 13.775917252146762, 7.656300160513645, 12.12041446208113, 17.615584415584415, 15.13293650793651, 13.198395445134578, 13.811060477603505]","[44.6, 32.1, 31.5, 42.7, 26.700000000000003, 32.4, 41.800000000000004, 36.0, 32.2, 33.7]"
ga,23,8,12.97131577307131,40.57,21.9,1.5401252968808334,5.0,14.849642857142857,25.185833333333335,10.336190476190477,True,0.0,hospital_corridor,28,12,"[11, 29, 47, 53, 61, 73, 89, 97, 101, 109]","[2.4188344104020745, 4.309929596700975, 0.9139526692141998, 0.5, 1.0]","{""time"": 0.0, ""collisions"": 0.05, ""congestion"": 1.0, ""fairness"": 1.0, ""incomplete_base"": 1000.0, ""incomplete_agent"": 10.0}","[20.657225617519735, 8.735119047619047, 13.194146005509642, 6.4278998778998755, 9.149446290143965, 14.26606474050294, 14.728856472166335, 15.295064303093502, 13.70239467544943, 13.556940700808626]","[56.1, 33.6, 36.300000000000004, 58.5, 30.1, 35.6, 42.6, 41.1, 34.7, 37.1]"
ga,23,9,14.133600238437243,40.230000000000004,26.4,1.6662192860562903,5.8,15.019285714285719,26.166666666666664,11.147380952380953,True,0.0,hospital_corridor,28,12,"[11, 29, 47, 53, 61, 73, 89, 97, 101, 109]","[2.4490274143385085, 4.311622545242379, 0.9139225006917892, 0.5, 1.0]","{""time"": 0.0, ""collisions"": 0.05, ""congestion"": 1.0, ""fairness"": 1.0, ""incomplete_base"": 1000.0, ""incomplete_agent"": 10.0}","[17.28663922818198, 10.61904761904762, 13.33154761904762, 11.587221217600963, 10.428216374269006, 13.201973073351905, 15.568789443488239, 18.91914414414414, 15.397658951848896, 14.995764713392058]","[53.800000000000004, 33.6, 38.400000000000006, 47.400000000000006, 34.2, 35.9, 41.5, 44.400000000000006, 35.800000000000004, 37.300000000000004]"
ga,23,10,1055.8610038495049,87.85,7.9,0.7966846131857281,4.6,14.313382783882787,26.98270202020202,12.669319236319236,False,4.2,hospital_corridor,28,12,"[11, 29, 47, 53, 61, 73, 89, 97, 101, 109]","[2.524855346496281, 4.4655049808470535, 1.0194865535272633, 0.5, 1.0]","{""time"": 0.0, ""collisions"": 0.05, ""congestion"": 1.0, ""fairness"": 1.0, ""incomplete_base"": 1000.0, ""incomplete_agent"": 10.0}","[1059.8780606060607, 1102.339909090909, 1042.9802727272727, 1051.825, 1118.5234444444445, 12.47177039132485, 1038.1704102564102, 1042.97, 14.190504311961007, 1075.2606666666666]","[100.0, 100.0, 100.0, 100.0, 100.0, 40.400000000000006, 100.0, 100.0, 38.1, 100.0]"
ga,23,11,13.380597196721132,38.99,18.1,1.6152400538639884,4.6,14.787142857142857,25.6475,10.860357142857143,True,0.0,hospital_corridor,28,12,"[11, 29, 47, 53, 61, 73, 89, 97, 101, 109]","[2.4064736818117014, 4.315090085858556, 0.9181049828172094, 0.5, 1.0]","{""time"": 0.0, ""collisions"": 0.05, ""congestion"": 1.0, ""fairness"": 1.0, ""incomplete_base"": 1000.0, ""incomplete_agent"": 10.0}","[17.41635111876076, 9.274418604651164, 13.693627450980392, 8.300906509392746, 9.118352508788753, 11.979293739967899, 17.06266841509822, 16.94720767888307, 12.77979242979243, 17.233353510895885]","[49.800000000000004, 34.4, 40.800000000000004, 32.7, 29.8, 35.6, 46.300000000000004, 38.2, 35.1, 47.2]"
ga,23,12,13.686347636184623,37.69,23.9,1.7969428742798588,5.1,14.358928571428573,25.053333333333335,10.694404761904764,True,0.0,hospital_corridor,28,12,"[11, 29, 47, 53, 61, 73, 89, 97, 101, 109]","[2.7864710821035312, 4.275220040390428, 0.913960562583457, 0.5, 1.0]","{""time"": 0.0, ""collisions"": 0.05, ""congestion"": 1.0, ""fairness"": 1.0, ""incomplete_base"": 1000.0, ""incomplete_agent"": 10.0}","[14.601574928412347, 14.337889553727251, 12.667562254259503, 13.637446597895178, 9.443367346938775, 14.449107142857144, 14.785167464114833, 14.84430729799002, 12.895689083432817, 15.20136469221835]","[44.900000000000006, 38.2, 32.7, 45.7, 29.400000000000002, 32.0, 41.800000000000004, 35.300000000000004, 35.9, 41.0]"
ga,23,13,13.749387304160196,39.580000000000005,26.5,1.633434923207815,5.2,14.538214285714286,25.329166666666673,10.790952380952382,True,0.0,hospital_corridor,28,12,"[11, 29, 47, 53, 61, 73, 89, 97, 101, 109]","[2.4164582880416208, 4.1595015650135725, 0.9148003671734655, 0.5, 1.0]","{""time"": 0.0, ""collisions"": 0.05, ""congestion"": 1.0, ""fairness"": 1.0, ""incomplete_base"": 1000.0, ""incomplete_agent"": 10.0}","[14.0279211007202, 10.702380952380954, 12.846428571428572, 11.14915750915751, 8.272560975609755, 12.938832853025938, 16.203777472527474, 17.95093927479249, 17.20956416464891, 16.19231016731017]","[44.300000000000004, 34.2, 36.4, 32.5, 36.9, 34.7, 41.6, 43.6, 47.2, 44.400000000000006]"
ga,23,14,1021.0839402847255,41.519999999999996,17.8,1.5426902847255264,4.9,13.480892857142857,23.132142857142856,9.65125,False,0.9,hospital_corridor,28,12,"[11, 29, 47, 53, 61, 73, 89, 97, 101, 109]","[2.6647430330760957, 4.565071031846649, 0.9151572360011103, 0.5, 1.0]","{""time"": 0.0, ""collisions"": 0.05, ""congestion"": 1.0, ""fairness"": 1.0, ""incomplete_base"": 1000.0, ""incomplete_agent"": 10.0}","[1097.4599285714285, 11.100422107901332, 12.280221386800335, 9.971321562332797, 8.131438998957247, 12.646629826715785, 15.327736318407963, 16.549638336347197, 13.334095813552006, 14.037969924812032]","[100.0, 36.1, 34.2, 35.6, 27.400000000000002, 34.9, 40.2, 39.5, 33.1, 34.2]"
ga,23,15,13.268830642340435,34.83,29.8,1.722283023292814,5.2,13.556785714285715,23.613333333333337,10.05654761904762,True,0.0,hospital_corridor,28,12,"[11, 29, 47, 53, 61, 73, 89, 97, 101, 109]","[2.780800438093103, 3.927903585633277, 0.9142409930101384, 0.5, 1.0]","{""time"": 0.0, ""collisions"": 0.05, ""congestion"": 1.0, ""fairness"": 1.0, ""incomplete_base"": 1000.0, ""incomplete_agent"": 10.0}","[12.879105090311988, 10.18396143733567, 12.722996515679444, 15.329601029601031, 8.387747120508852, 14.444753350441975, 14.725166543301258, 15.077523098791756, 14.358117537045029, 14.579334700387331]","[34.800000000000004, 32.6, 32.800000000000004, 33.300000000000004, 27.700000000000003, 33.4, 38.6, 40.2, 33.1, 41.800000000000004]"
ga,23,16,14.305308469976946,38.019999999999996,29.1,1.8166179937864695,5.6,13.379642857142859,24.413333333333334,11.033690476190477,True,0.0,hospital_corridor,28,12,"[11, 29, 47, 53, 61, 73, 89, 97, 101, 109]","[2.837674757757287, 4.097769522172603, 0.9141062560874718, 0.5, 1.0]","{""time"": 0.0, ""collisions"": 0.05, ""congestion"": 1.0, ""fairness"": 1.0, ""incomplete_base"": 1000.0, ""incomplete_agent"": 10.0}","[9.246421527190757, 11.235594864905211, 13.056634232640427, 26.2979513962158, 8.140204538191114, 13.858333333333334, 16.064379207180256, 16.92348484848485, 14.788456985003947, 13.441623766623767]","[33.800000000000004, 31.900000000000002, 32.300000000000004, 67.7, 29.8, 33.0, 38.2, 44.0, 36.2, 33.300000000000004]"
ga,23,17,13.698928864461628,33.230000000000004,42.9,1.7654764835092482,5.4,13.123214285714289,22.91166666666667,9.78845238095238,True,0.0,hospital_corridor,28,12,"[11, 29, 47, 53, 61, 73, 89, 97, 101, 109]","[2.891199223274386, 3.8586713442185507, 0.9141692330345299, 0.5, 1.0]","{""time"": 0.0, ""collisions"": 0.05, ""congestion"": 1.0, ""fairness"": 1.0, ""incomplete_base"": 1000.0, ""incomplete_agent"": 10.0}","[18.304040119985004, 11.097023809523808, 12.30312405216864, 11.084196228827103, 8.465366721401203, 15.032491289198605, 15.771350605733476, 15.144008264462808, 15.075970017636685, 14.711717535678961]","[38.1, 32.0, 31.400000000000002, 29.8, 26.1, 32.800000000000004, 39.7, 36.300000000000004, 32.4, 33.7]"
ga,23,18,17.62336948868219,36.03,108.7,1.6997980601107578,5.0,13.398928571428574,23.8875,10.488571428571431,True,0.0,hospital_corridor,28,12,"[11, 29, 47, 53, 61, 73, 89, 97, 101, 109]","[2.711293973752462, 4.294029001139366, 0.829106540966148, 0.5, 1.0]","{""time"": 0.0, ""collisions"": 0.05, ""congestion"": 1.0, ""fairness"": 1.0, ""incomplete_base"": 1000.0, ""incomplete_agent"": 10.0}","[20.794638170228723, 12.620684523809524, 13.748470440807903, 15.005368968779564, 20.142921492921495, 16.29642857142857, 19.480601233299076, 17.489488741232925, 26.103673957621332, 14.55141878669276]","[38.1, 32.0, 32.300000000000004, 30.200000000000003, 37.0, 32.0, 41.7, 38.7, 41.800000000000004, 36.5]"
ga,23,19,1021.895370127282,39.84,104.4,1.9137762119380983,5.0,12.455489417989417,22.21708333333333,9.761593915343914,False,0.5,hospital_corridor,28,12,"[11, 29, 47, 53, 61, 73, 89, 97, 101, 109]","[2.720422472739357, 3.0678452251849255, 0.8611773828329164, 0.5, 1.0]","{""time"": 0.0, ""collisions"": 0.05, ""congestion"": 1.0, ""fairness"": 1.0, ""incomplete_base"": 1000.0, ""incomplete_agent"": 10.0}","[26.87262273330385, 12.274458874458876, 15.480592558566835, 1066.4944629629629, 9.402106227106225, 17.30496894409938, 18.73360215053764, 20.380244996549344, 17.685547396528705, 14.325094428706327]","[32.300000000000004, 30.8, 31.1, 100.0, 26.0, 32.2, 37.2, 41.400000000000006, 32.1, 35.300000000000004]"
ga,23,20,1066.6672319851923,93.77000000000001,11.8,0.7021246684350133,4.6,15.155157834757835,26.530265151515152,11.375107316757319,False,5.4,hospital_corridor,28,12,"[11, 29, 47, 53, 61, 73, 89, 97, 101, 109]","[2.572839589078, 4.163398562103409, 1.0455230573305325, 0.5, 1.0]","{""time"": 0.0, ""collisions"": 0.05, ""congestion"": 1.0, ""fairness"": 1.0, ""incomplete_base"": 1000.0, ""incomplete_agent"": 10.0}","[1052.3821666666668, 1110.708, 1042.2047972027972, 1052.3701666666666, 1119.1452222222222, 1041.9775594405594, 1082.2615, 1089.248037037037, 12.516246684350133, 1063.858623931624]","[100.0, 100.0, 100.0, 100.0, 100.0, 100.0, 100.0, 100.0, 37.7, 100.0]"
ga,23,21,13.101362051166426,36.64,27.6,1.638028717833091,5.0,13.930000000000001,24.013333333333332,10.083333333333334,True,0.0,hospital_corridor,28,12,"[11, 29, 47, 53, 61, 73, 89, 97, 101, 109]","[2.566000692290366, 3.8751634774447017, 0.9160934578487544, 0.5, 1.0]","{""time"": 0.0, ""collisions"": 0.05, ""congestion"": 1.0, ""fairness"": 1.0, ""incomplete_base"": 1000.0, ""incomplete_agent"": 10.0}","[13.125432900432902, 10.195325203252033, 13.187175324675326, 12.179199203797276, 7.435398737808377, 12.66456582633053, 15.835015946332344, 16.714285714285715, 14.187012987012988, 15.49020866773676]","[46.2, 32.800000000000004, 35.2, 31.1, 33.2, 34.0, 43.300000000000004, 42.0, 33.0, 35.6]"
ga,23,22,45.22339634956769,31.380000000000003,674.0,1.943872540043883,5.6,12.007142857142856,21.586666666666666,9.57952380952381,True,0.0,hospital_corridor,28,12,"[11, 29, 47, 53, 61, 73, 89, 97, 101, 109]","[3.58391691271803, 4.664682960662468, 0.7617882505440636, 0.5, 1.0]","{""time"": 0.0, ""collisions"": 0.05, ""congestion"": 1.0, ""fairness"": 1.0, ""incomplete_base"": 1000.0, ""incomplete_agent"": 10.0}","[114.77360499265787, 47.244099378881984, 38.395246221355436, 54.657219662058374, 24.82721674876847, 26.42124608967675, 33.95395557584056, 41.80671126456625, 41.07764098813587, 29.077022573735377]","[45.400000000000006, 32.2, 29.3, 27.900000000000002, 29.0, 27.400000000000002, 31.3, 33.1, 29.3, 28.900000000000002]"
ga,23,23,173.95685158704794,33.900000000000006,3247.5,1.9278039680003327,6.1,12.859285714285715,22.513333333333332,9.65404761904762,True,0.0,hospital_corridor,28,12,"[11, 29, 47, 53, 61, 73, 89, 97, 101, 109]","[2.5859602391420373, 4.409055545180354, 0.611903883414924, 0.5, 1.0]","{""time"": 0.0, ""collisions"": 0.05, ""congestion"": 1.0, ""fairness"": 1.0, ""incomplete_base"": 1000.0, ""incomplete_agent"": 10.0}","[224.13105130304274, 163.7088130774698, 154.03778298204531, 201.18340336134455, 163.51701821668266, 156.55834595322227, 168.3509014049484, 191.49812588401699, 161.52106999426275, 155.06200369344413]","[34.9, 33.5, 30.5, 34.0, 29.8, 28.3, 38.300000000000004, 40.400000000000006, 33.2, 36.1]"
ga,24,0,12.4015271025074,35.38,19.9,1.65450329298359,5.0,13.624642857142856,23.376666666666672,9.75202380952381,True,0.0,hospital_corridor,28,12,"[11, 29, 47, 53, 61, 73, 89, 97, 101, 109]","[2.5859602391420373, 4.307652932275605, 0.9139086687834715, 0.5, 1.0]","{""time"": 0.0, ""collisions"": 0.05, ""congestion"": 1.0, ""fairness"": 1.0, ""incomplete_base"": 1000.0, ""incomplete_agent"": 10.0}","[11.773829701372076, 8.837681159420292, 12.262827988338193, 8.489356435643566, 8.590355940355938, 12.910436751387675, 14.87093105899076, 15.58221288515406, 16.413736263736265, 14.283902840675175]","[35.4, 36.800000000000004, 34.300000000000004, 30.3, 29.700000000000003, 32.6, 40.2, 40.800000000000004, 39.0, 34.7]"
ga,24,1,12.4015271025074,35.38,19.9,1.65450329298359,5.0,13.624642857142856,23.376666666666672,9.75202380952381,True,0.0,hospital_corridor,28,12,"[11, 29, 47, 53, 61, 73, 89, 97, 101, 109]","[2.5859602391420373, 4.307652932275605, 0.9139086687834715, 0.5, 1.0]","{""time"": 0.0, ""collisions"": 0.05, ""congestion"": 1.0, ""fairness"": 1.0, ""incomplete_base"": 1000.0, ""incomplete_agent"": 10.0}","[11.773829701372076, 8.837681159420292, 12.262827988338193, 8.489356435643566, 8.590355940355938, 12.910436751387675, 14.87093105899076, 15.58221288515406, 16.413736263736265, 14.283902840675175]","[35.4, 36.800000000000004, 34.300000000000004, 30.3, 29.700000000000003, 32.6, 40.2, 40.800000000000004, 39.0, 34.7]"
ga,24,2,1016.3601664016071,44.730000000000004,57.6,1.5646240735647283,5.3,14.031957671957674,23.9475,9.91554232804233,False,0.2,hospital_corridor,28,12,"[11, 29, 47, 53, 61, 73, 89, 97, 101, 109]","[2.539999752468194, 4.722324626964183, 0.8445069644250203, 0.5, 1.0]","{""time"": 0.0, ""collisions"": 0.05, ""congestion"": 1.0, ""fairness"": 1.0, ""incomplete_base"": 1000.0, ""incomplete_agent"": 10.0}","[14.21010009099181, 10.867307692307692, 13.4997158682204, 12.646825396825397, 11.093796992481204, 14.655564784053155, 20.85395085521561, 19.924059376837153, 15.608491107286287, 1030.2418518518518]","[47.1, 32.5, 33.1, 30.6, 28.5, 34.4, 59.300000000000004, 48.6, 33.2, 100.0]"
ga,24,3,14.558358887172968,40.38000000000001,21.2,1.7583588871729667,5.2,14.895000000000001,26.634999999999998,11.74,True,0.0,hospital_corridor,28,12,"[11, 29, 47, 53, 61, 73, 89, 97, 101, 109]","[2.5483437839445435, 4.592765458894373, 0.9163158358838904, 0.5, 1.0]","{""time"": 0.0, ""collisions"": 0.05, ""congestion"": 1.0, ""fairness"": 1.0, ""incomplete_base"": 1000.0, ""incomplete_agent"": 10.0}","[15.771274777853725, 13.434727804165146, 12.634452987994065, 12.045852534562211, 12.077777777777776, 14.863314447592067, 15.333585434173669, 17.599380952380955, 15.765917347865578, 16.057304807364474]","[41.800000000000004, 39.1, 35.300000000000004, 43.400000000000006, 37.800000000000004, 35.300000000000004, 42.5, 50.0, 36.7, 41.900000000000006]"
ga,24,4,13.124557227323026,38.14,15.3,1.797533417799214,5.5,14.424642857142857,24.986666666666668,10.562023809523811,True,0.0,hospital_corridor,28,12,"[11, 29, 47, 53, 61, 73, 89, 97, 101, 109]","[2.635260000285264, 4.7344765971492935, 0.9139086687834714, 0.5, 1.0]","{""time"": 0.0, ""collisions"": 0.05, ""congestion"": 1.0, ""fairness"": 1.0, ""incomplete_base"": 1000.0, ""incomplete_agent"": 10.0}","[13.423947951273533, 10.978598180845372, 13.314079490063744, 8.497018211673383, 8.419441816461685, 16.661924548212635, 14.353224455611393, 16.215686944634314, 11.374929971988797, 18.006720702465387]","[51.6, 35.6, 38.1, 31.900000000000002, 30.200000000000003, 36.1, 39.800000000000004, 41.800000000000004, 34.0, 42.300000000000004]"
ga,24,5,13.733989488662715,34.57,42.9,1.7488704410436644,5.3,12.988214285714287,22.828333333333333,9.84011904761905,True,0.0,hospital_corridor,28,12,"[11, 29, 47, 53, 61, 73, 89, 97, 101, 109]","[3.372391702901835, 4.206215453267194, 0.9139086687834714, 0.5, 1.0]","{""time"": 0.0, ""collisions"": 0.05, ""congestion"": 1.0, ""fairness"": 1.0, ""incomplete_base"": 1000.0, ""incomplete_agent"": 10.0}","[20.80987394957983, 11.709175470831418, 11.861399711399713, 13.310569186123203, 9.158225108225107, 13.515032284100082, 17.030740216878836, 14.704169849758085, 12.845833333333335, 12.394875776397516]","[47.6, 31.1, 29.700000000000003, 36.1, 29.700000000000003, 29.5, 40.400000000000006, 37.4, 32.0, 32.2]"
ga,24,6,1169.0775083356232,38.470000000000006,3137.4,1.9070105001252962,6.0,12.323214285714286,21.623712121212122,9.300497835497834,False,0.1,hospital_corridor,28,12,"[11, 29, 47, 53, 61, 73, 89, 97, 101, 109]","[2.943782371902489, 4.207038850696466, 0.5846615995758483, 0.5, 1.0]","{""time"": 0.0, ""collisions"": 0.05, ""congestion"": 1.0, ""fairness"": 1.0, ""incomplete_base"": 1000.0, ""incomplete_agent"": 10.0}","[1206.1087402597402, 175.62797029702972, 135.21657014157014, 183.10740578439967, 151.64451721865217, 131.67049411162316, 194.18552227342553, 189.21906196213425, 166.40188679245284, 157.5929145152037]","[100.0, 30.3, 29.6, 32.6, 28.900000000000002, 27.900000000000002, 37.2, 33.2, 31.8, 33.2]"
ga,24,7,13.272576047295516,35.870000000000005,30.1,1.7455522377717063,5.4,13.429642857142857,23.451666666666668,10.02202380952381,True,0.0,hospital_corridor,28,12,"[11, 29, 47, 53, 61, 73, 89, 97, 101, 109]","[2.8633878228497536, 4.198383603751743, 0.9119663186158535, 0.5, 1.0]","{""time"": 0.0, ""collisions"": 0.05, ""congestion"": 1.0, ""fairness"": 1.0, ""incomplete_base"": 1000.0, ""incomplete_agent"": 10.0}","[18.607440476190476, 10.278003663003664, 12.685008818342153, 13.11190476190476, 8.07321856800274, 13.579566003616637, 14.709632034632035, 15.852864214992929, 11.557649442755828, 14.270472489513942]","[48.0, 32.5, 32.4, 36.0, 27.8, 31.6, 38.5, 40.400000000000006, 32.9, 38.6]"
ga,24,8,12.4015271025074,35.38,19.9,1.65450329298359,5.0,13.624642857142856,23.376666666666672,9.75202380952381,True,0.0,hospital_corridor,28,12,"[11, 29, 47, 53, 61, 73, 89, 97, 101, 109]","[2.5859602391420373, 4.307652932275605, 0.9139086687834715, 0.5, 1.0]","{""time"": 0.0, ""collisions"": 0.05, ""congestion"": 1.0, ""fairness"": 1.0, ""incomplete_base"": 1000.0, ""incomplete_agent"": 10.0}","[11.773829701372076, 8.837681159420292, 12.262827988338193, 8.489356435643566, 8.590355940355938, 12.910436751387675, 14.87093105899076, 15.58221288515406, 16.413736263736265, 14.283902840675175]","[35.4, 36.800000000000004, 34.300000000000004, 30.3, 29.700000000000003, 32.6, 40.2, 40.800000000000004, 39.0, 34.7]"
ga,24,9,14.499795563704948,47.16000000000001,21.9,1.262771754181138,4.7,15.744642857142859,27.886666666666667,12.14202380952381,True,0.0,hospital_corridor,28,12,"[11, 29, 47, 53, 61, 73, 89, 97, 101, 109]","[2.0705473457160997, 3.8751634774447017, 0.9160934578487544, 0.5, 1.0]","{""time"": 0.0, ""collisions"": 0.05, ""congestion"": 1.0, ""fairness"": 1.0, ""incomplete_base"": 1000.0, ""incomplete_agent"": 10.0}","[14.039061763319186, 8.14743922425567, 14.355261961586544, 11.314835164835166, 11.408742331288344, 12.812704335465533, 19.777, 20.672053436759317, 14.414104882459315, 18.056752537080406]","[50.5, 52.300000000000004, 41.900000000000006, 39.0, 65.2, 40.2, 50.0, 44.2, 39.5, 48.800000000000004]"
ga,24,10,15.949386418260772,43.620000000000005,26.0,1.6462911801655333,5.0,14.531071428571432,27.53416666666667,13.003095238095238,True,0.0,hospital_corridor,28,12,"[11, 29, 47, 53, 61, 73, 89, 97, 101, 109]","[2.6520538394725284, 4.314511390885803, 0.9141312779044746, 0.5, 1.0]","{""time"": 0.0, ""collisions"": 0.05, ""congestion"": 1.0, ""fairness"": 1.0, ""incomplete_base"": 1000.0, ""incomplete_agent"": 10.0}","[32.28191906005222, 16.584497985745276, 12.538631488631491, 13.712484878477952, 9.729157317377211, 14.113284632034635, 15.023748399115147, 15.53243192838493, 16.063109495295127, 13.914598997493735]","[76.60000000000001, 46.1, 33.300000000000004, 43.300000000000004, 38.2, 35.2, 40.900000000000006, 38.300000000000004, 50.1, 34.2]"
ga,24,11,13.268830642340435,34.83,29.8,1.722283023292814,5.2,13.556785714285715,23.613333333333337,10.05654761904762,True,0.0,hospital_corridor,28,12,"[11, 29, 47, 53, 61, 73, 89, 97, 101, 109]","[2.780800438093103, 3.927903585633277, 0.9142409930101384, 0.5, 1.0]","{""time"": 0.0, ""collisions"": 0.05, ""congestion"": 1.0, ""fairness"": 1.0, ""incomplete_base"": 1000.0, ""incomplete_agent"": 10.0}","[12.879105090311988, 10.18396143733567, 12.722996515679444, 15.329601029601031, 8.387747120508852, 14.444753350441975, 14.725166543301258, 15.077523098791756, 14.358117537045029, 14.579334700387331]","[34.800000000000004, 32.6, 32.800000000000004, 33.300000000000004, 27.700000000000003, 33.4, 38.6, 40.2, 33.1, 41.800000000000004]"
ga,24,12,14.970506664784832,39.92,33.5,1.759911426689594,5.2,14.741071428571427,26.276666666666664,11.535595238095237,True,0.0,hospital_corridor,28,12,"[11, 29, 47, 53, 61, 73, 89, 97, 101, 109]","[2.5831825402498083, 4.119161576242893, 0.9139789811221923, 0.5, 1.0]","{""time"": 0.0, ""collisions"": 0.05, ""congestion"": 1.0, ""fairness"": 1.0, ""incomplete_base"": 1000.0, ""incomplete_agent"": 10.0}","[18.789814814814815, 11.915993788819875, 14.433236151603499, 11.546734091866835, 10.419548872180451, 14.146794871794874, 16.339915966386553, 18.114240884638374, 13.757616790792147, 20.2411704149509]","[54.0, 34.5, 34.300000000000004, 33.9, 28.5, 36.4, 42.5, 47.800000000000004, 42.2, 45.1]"
ga,24,13,14.170305696328779,37.190000000000005,30.0,1.7718533153763976,5.7,13.925714285714287,24.824166666666667,10.898452380952381,True,0.0,hospital_corridor,28,12,"[11, 29, 47, 53, 61, 73, 89, 97, 101, 109]","[2.5687783911825948, 4.063654833477415, 0.9160231455100336, 0.5, 1.0]","{""time"": 0.0, ""collisions"": 0.05, ""congestion"": 1.0, ""fairness"": 1.0, ""incomplete_base"": 1000.0, ""incomplete_agent"": 10.0}","[19.21631274131274, 10.170444824636443, 12.739891274428848, 13.895353982300884, 10.619507307873643, 14.439769975786927, 15.29051517332374, 16.82366071428571, 13.551857968620975, 14.955743000717874]","[51.800000000000004, 33.4, 34.6, 33.9, 30.3, 35.4, 39.7, 38.400000000000006, 34.6, 39.800000000000004]"
ga,24,14,1114.3989886204267,100.0,6.4,0.5267,4.0,15.272044712906634,28.824333333333335,13.552288620426703,False,10.0,hospital_corridor,28,12,"[11, 29, 47, 53, 61, 73, 89, 97, 101, 109]","[2.5723019034578103, 4.314000090670003, 1.1346535686478392, 0.5, 1.0]","{""time"": 0.0, ""collisions"": 0.05, ""congestion"": 1.0, ""fairness"": 1.0, ""incomplete_base"": 1000.0, ""incomplete_agent"": 10.0}","[1106.2593333333334, 1161.5182647058823, 1066.042, 1126.3421695906434, 1135.4546900584796, 1110.0915909090909, 1085.226, 1115.899, 1055.9946153846154, 1181.1622222222222]","[100.0, 100.0, 100.0, 100.0, 100.0, 100.0, 100.0, 100.0, 100.0, 100.0]"
ga,24,15,13.355859092065417,36.720000000000006,24.0,1.6451448063511314,4.7,14.549285714285713,25.060000000000002,10.510714285714286,True,0.0,hospital_corridor,28,12,"[11, 29, 47, 53, 61, 73, 89, 97, 101, 109]","[2.4985863464167926, 4.310440896916775, 0.9140543991132295, 0.5, 1.0]","{""time"": 0.0, ""collisions"": 0.05, ""congestion"": 1.0, ""fairness"": 1.0, ""incomplete_base"": 1000.0, ""incomplete_agent"": 10.0}","[14.82325581395349, 9.591246498599439, 12.809285714285714, 10.566695702671314, 8.787403196572747, 12.926595951732192, 16.6768719601855, 17.417220801364024, 13.979257465698144, 15.98075781559161]","[43.0, 34.0, 35.0, 36.9, 28.900000000000002, 36.7, 42.1, 39.1, 35.4, 36.1]"
ga,24,16,13.432259758915402,36.88000000000001,31.9,1.6979740446296876,5.2,14.073214285714286,24.2125,10.139285714285714,True,0.0,hospital_corridor,28,12,"[11, 29, 47, 53, 61, 73, 89, 97, 101, 109]","[2.585810200097745, 3.9556134832920846, 0.9140418287178267, 0.5, 1.0]","{""time"": 0.0, ""collisions"": 0.05, ""congestion"": 1.0, ""fairness"": 1.0, ""incomplete_base"": 1000.0, ""incomplete_agent"": 10.0}","[17.550892857142856, 12.398504983388706, 12.51462284028656, 9.844372294372295, 8.712595737595738, 14.015401582976516, 14.990113137453562, 15.5226248976249, 14.78730461650309, 13.986164641809804]","[48.0, 34.4, 33.9, 30.8, 28.6, 36.7, 42.300000000000004, 40.7, 39.300000000000004, 34.1]"
ga,24,17,12.965981223952925,33.86,33.2,1.7307431287148298,5.4,13.121428571428572,22.69666666666667,9.575238095238095,True,0.0,hospital_corridor,28,12,"[11, 29, 47, 53, 61, 73, 89, 97, 101, 109]","[3.087765689485968, 4.227202926428222, 0.9159602979143993, 0.5, 1.0]","{""time"": 0.0, ""collisions"": 0.05, ""congestion"": 1.0, ""fairness"": 1.0, ""incomplete_base"": 1000.0, ""incomplete_agent"": 10.0}","[14.448794454490658, 10.308472284812979, 12.47907268170426, 10.923206751054853, 9.20486111111111, 13.519130675526025, 14.759907183212267, 17.148230373230376, 13.08531746031746, 13.782819264069264]","[39.5, 31.700000000000003, 30.400000000000002, 31.6, 28.8, 30.1, 35.4, 44.400000000000006, 31.5, 35.2]"
ga,24,18,1021.1419338479155,47.1,21.5,1.5040301212075131,5.4,14.997096273291925,25.560000000000002,10.562903726708075,False,0.8,hospital_corridor,28,12,"[11, 29, 47, 53, 61, 73, 89, 97, 101, 109]","[2.443165355153825, 4.226192841048117, 0.9139326260947519, 0.5, 1.0]","{""time"": 0.0, ""collisions"": 0.05, ""congestion"": 1.0, ""fairness"": 1.0, ""incomplete_base"": 1000.0, ""incomplete_agent"": 10.0}","[1086.3259420289855, 9.503129046180405, 12.906311154598827, 15.586593694452244, 9.07168534080299, 13.936627906976744, 14.954772439949432, 17.82784679089027, 15.364666666666668, 15.941763409652804]","[100.0, 33.1, 36.5, 50.900000000000006, 30.6, 34.4, 45.2, 46.0, 50.0, 44.300000000000004]"
ga,24,19,13.352831734874705,39.36000000000001,23.0,1.639498401541371,5.0,14.8175,25.380833333333335,10.563333333333334,True,0.0,hospital_corridor,28,12,"[11, 29, 47, 53, 61, 73, 89, 97, 101, 109]","[2.422320347226304, 4.244931269207835, 0.9147902417705027, 0.5, 1.0]","{""time"": 0.0, ""collisions"": 0.05, ""congestion"": 1.0, ""fairness"": 1.0, ""incomplete_base"": 1000.0, ""incomplete_agent"": 10.0}","[16.264508493455864, 9.100365788773608, 12.881361100298431, 11.154166666666667, 9.672176665228026, 15.240186615186618, 14.617899097965177, 17.08666399143927, 13.752137998056366, 13.758850931677019]","[51.300000000000004, 35.800000000000004, 36.7, 33.6, 33.1, 44.400000000000006, 45.400000000000006, 44.5, 34.300000000000004, 34.5]"
ga,24,20,1085.5128913485207,100.0,11.6,0.4609000000000001,4.2,14.847049055519642,25.319040404040408,10.471991348520762,False,7.4,hospital_corridor,28,12,"[11, 29, 47, 53, 61, 73, 89, 97, 101, 109]","[2.6437657235001004, 3.9150432680059137, 1.0781332653557514, 0.5, 1.0]","{""time"": 0.0, ""collisions"": 0.05, ""congestion"": 1.0, ""fairness"": 1.0, ""incomplete_base"": 1000.0, ""incomplete_agent"": 10.0}","[1077.3007272727273, 1162.830911764706, 1062.017, 1068.2343636363637, 1120.453888888889, 1058.8672564102565, 1082.2725, 1076.9111746031747, 1022.9561948051949, 1123.284896103896]","[100.0, 100.0, 100.0, 100.0, 100.0, 100.0, 100.0, 100.0, 100.0, 100.0]"
ga,24,21,1060.3184480734224,87.48,8.5,0.8657814345056375,4.4,14.915338411588413,27.943005050505054,13.027666638916639,False,4.6,hospital_corridor,28,12,"[11, 29, 47, 53, 61, 73, 89, 97, 101, 109]","[2.708706050893797, 4.235340249829216, 1.0517212442351107, 0.5, 1.0]","{""time"": 0.0, ""collisions"": 0.05, ""congestion"": 1.0, ""fairness"": 1.0, ""incomplete_base"": 1000.0, ""incomplete_agent"": 10.0}","[1060.5064696969696, 1076.7071818181819, 15.258310871518423, 1048.6416666666667, 1111.2620317460317, 1044.9355594405595, 1074.4686153846153, 1066.6613162393162, 14.378217759252243, 1090.3651111111112]","[100.0, 100.0, 37.1, 100.0, 100.0, 100.0, 100.0, 100.0, 37.7, 100.0]"
ga,24,22,1020.4080326694061,43.730000000000004,31.2,1.650873145596617,5.1,13.965757142857147,24.162916666666668,10.197159523809525,False,0.7,hospital_corridor,28,12,"[11, 29, 47, 53, 61, 73, 89, 97, 101, 109]","[2.575745753585802, 4.102368107133628, 0.9147055917479341, 0.5, 1.0]","{""time"": 0.0, ""collisions"": 0.05, ""congestion"": 1.0, ""fairness"": 1.0, ""incomplete_base"": 1000.0, ""incomplete_agent"": 10.0}","[14.98263777421081, 14.184164420485176, 12.792857142857143, 13.30076647097195, 9.299767176243193, 13.18852718078382, 14.661243386243388, 15.802306547619047, 1081.4435, 14.424556594646889]","[44.5, 37.1, 35.0, 36.5, 27.1, 33.9, 40.5, 38.400000000000006, 100.0, 44.300000000000004]"
ga,24,23,1021.9045897729874,42.25,24.8,1.6843516777492653,5.2,13.746428571428572,23.726666666666667,9.980238095238096,False,0.9,hospital_corridor,28,12,"[11, 29, 47, 53, 61, 73, 89, 97, 101, 109]","[2.5762151778466014, 4.080448302586678, 0.9152965348842919, 0.5, 1.0]","{""time"": 0.0, ""collisions"": 0.05, ""congestion"": 1.0, ""fairness"": 1.0, ""incomplete_base"": 1000.0, ""incomplete_agent"": 10.0}","[1101.479, 9.699025974025975, 12.47985908649174, 10.907142857142858, 8.936942891035418, 15.582886044591248, 15.946170173495757, 15.341437140408868, 14.25765908133165, 14.415774481350104]","[100.0, 33.0, 34.300000000000004, 36.7, 28.1, 34.6, 38.7, 38.900000000000006, 33.9, 44.300000000000004]"
