method,generation,individual_id,fitness,total_time,near_collisions,mean_congestion,peak_congestion,mean_high_time,mean_low_time,fairness_gap_time,all_evacuated,remaining_agents,layout,num_high,num_low,seed_list,params,fitness_weights,per_seed_fitnesses,per_seed_total_times
ga,0,0,1140.89626510096,70.78,2267.1,1.005613080757952,4.8,15.55843888888889,26.09409090909091,10.53565202020202,False,1.6,hospital_corridor,28,12,"[11, 29, 47, 53, 61, 73, 89, 97, 101, 109]","[2.0, 0.5, 2.0, 0.5, 1.0]","{""time"": 0.0, ""collisions"": 0.05, ""congestion"": 1.0, ""fairness"": 1.0, ""incomplete_base"": 1000.0, ""incomplete_agent"": 10.0}","[198.01025132275134, 1122.5391666666667, 1376.393, 85.47066900379785, 108.3268115942029, 1104.6443333333334, 98.50425170068027, 1143.4911111111112, 1080.7933376623378, 90.78971861471862]","[43.2, 100.0, 100.0, 32.6, 36.800000000000004, 100.0, 49.0, 100.0, 100.0, 46.2]"
ga,0,1,1220.736600438124,100.0,10.2,0.2593,2.1,20.168743212669686,35.136043650793646,14.967300438123967,False,20.5,hospital_corridor,28,12,"[11, 29, 47, 53, 61, 73, 89, 97, 101, 109]","[1.1507188537891995, 2.14242692223678, 2.5192380997333528, 0.5, 1.0]","{""time"": 0.0, ""collisions"": 0.05, ""congestion"": 1.0, ""fairness"": 1.0, ""incomplete_base"": 1000.0, ""incomplete_agent"": 10.0}","[1189.4009743589743, 1190.6582307692308, 1242.269, 1230.6586666666667, 1219.1381666666666, 1206.7405555555556, 1231.8376666666666, 1208.9535294117647, 1258.7135, 1228.9957142857143]","[100.0, 100.0, 100.0, 100.0, 100.0, 100.0, 100.0, 100.0, 100.0, 100.0]"
ga,0,2,1036.2922296550303,66.11,256.6,0.8144374472380835,4.2,17.019707792207793,33.667500000000004,16.64779220779221,False,0.6,hospital_corridor,28,12,"[11, 29, 47, 53, 61, 73, 89, 97, 101, 109]","[1.4422240515335565, 4.097319703486127, 0.7690826600877219, 0.5, 1.0]","{""time"": 0.0, ""collisions"": 0.05, ""congestion"": 1.0, ""fairness"": 1.0, ""incomplete_base"": 1000.0, ""incomplete_agent"": 10.0}","[33.90805025593299, 1093.5543030303031, 26.609989648033128, 23.53410138248848, 24.884738341422242, 26.280042383445526, 37.63014272468376, 41.69705882352942, 25.582027649769586, 29.24184231069477]","[61.400000000000006, 100.0, 64.4, 62.0, 67.7, 57.300000000000004, 71.9, 59.5, 62.0, 54.900000000000006]"
ga,0,3,1054.205804390805,89.47999999999999,7.1,0.7679619687342785,4.5,15.430343725115467,29.51318614718615,14.082842422070687,False,3.9,hospital_corridor,28,12,"[11, 29, 47, 53, 61, 73, 89, 97, 101, 109]","[2.238372026680558, 4.210277861076507, 0.9966619002248827, 0.5, 1.0]","{""time"": 0.0, ""collisions"": 0.05, ""congestion"": 1.0, ""fairness"": 1.0, ""incomplete_base"": 1000.0, ""incomplete_agent"": 10.0}","[1044.8885, 1094.599, 13.231562137049945, 1050.3093333333334, 1065.2043188405796, 1042.8544685314685, 1048.7655944055944, 1049.3891428571428, 12.552533740769038, 1120.263590062112]","[100.0, 100.0, 57.400000000000006, 100.0, 100.0, 100.0, 100.0, 100.0, 37.4, 100.0]"
ga,0,4,1052.0678604617615,95.69,78.4,0.5923608084358525,4.6,17.84631852849244,30.401818181818186,12.555499653325743,False,3.5,hospital_corridor,28,12,"[11, 29, 47, 53, 61, 73, 89, 97, 101, 109]","[1.5830223263243106, 1.7814559091788371, 1.0296703833714254, 0.5, 1.0]","{""time"": 0.0, ""collisions"": 0.05, ""congestion"": 1.0, ""fairness"": 1.0, ""incomplete_base"": 1000.0, ""incomplete_agent"": 10.0}","[1057.1026666666667, 1099.5776666666666, 1035.0948787878788, 1076.428090909091, 1062.1516521739131, 1052.6116363636363, 1039.4236923076924, 24.615417608168052, 1032.143185185185, 1041.529717948718]","[100.0, 100.0, 100.0, 100.0, 100.0, 100.0, 100.0, 56.900000000000006, 100.0, 100.0]"
ga,0,5,1050.6535174757903,93.63,120.4,0.533635261707989,3.9,12.611178391978392,23.711060606060606,11.099882214082214,False,3.3,hospital_corridor,28,12,"[11, 29, 47, 53, 61, 73, 89, 97, 101, 109]","[4.612161375700274, 2.8298513433062946, 2.614257074385459, 0.5, 1.0]","{""time"": 0.0, ""collisions"": 0.05, ""congestion"": 1.0, ""fairness"": 1.0, ""incomplete_base"": 1000.0, ""incomplete_agent"": 10.0}","[1062.6231666666667, 1076.8372424242425, 1045.9141328671328, 1051.7316666666666, 1072.2504848484848, 1050.728, 1061.1628333333333, 1031.3291851851852, 1030.9438720538722, 23.014590712317986]","[100.0, 100.0, 100.0, 100.0, 100.0, 100.0, 100.0, 100.0, 100.0, 36.300000000000004]"
ga,0,6,1054.0238410244915,74.32000000000001,554.6,0.8526236307740882,4.7,12.549312909312912,22.9905303030303,10.441217393717393,False,1.5,hospital_corridor,28,12,"[11, 29, 47, 53, 61, 73, 89, 97, 101, 109]","[2.7191062672107833, 1.3174475523978384, 1.1606073113115518, 0.5, 1.0]","{""time"": 0.0, ""collisions"": 0.05, ""congestion"": 1.0, ""fairness"": 1.0, ""incomplete_base"": 1000.0, ""incomplete_agent"": 10.0}","[69.85946643717729, 1080.445787878788, 1039.5113434343434, 1080.9597435897435, 1041.256128205128, 33.63831038439473, 60.62503691399041, 30.478946381702286, 1052.6094675324675, 1050.8541794871794]","[33.2, 100.0, 100.0, 100.0, 100.0, 33.2, 38.7, 38.1, 100.0, 100.0]"
ga,0,7,133.72865380440348,28.270000000000003,2476.0,1.8952014234510943,5.9,10.515714285714287,18.549166666666668,8.033452380952381,True,0.0,hospital_corridor,28,12,"[11, 29, 47, 53, 61, 73, 89, 97, 101, 109]","[4.73803023593249, 1.1263315920428538, 0.5243977092146597, 0.5, 1.0]","{""time"": 0.0, ""collisions"": 0.05, ""congestion"": 1.0, ""fairness"": 1.0, ""incomplete_base"": 1000.0, ""incomplete_agent"": 10.0}","[162.90704856199906, 155.4528776978417, 96.02655279503105, 118.13562017692453, 129.87276119402986, 100.99325396825398, 135.54166666666666, 229.61294765840222, 95.65715164294501, 113.08665768194072]","[30.3, 27.8, 27.6, 25.3, 26.8, 27.0, 28.0, 36.300000000000004, 27.1, 26.5]"
ga,0,8,1054.74792504625,94.16,283.8,0.5513326923076922,4.5,13.194165221815222,24.200757575757578,11.006592353942356,False,2.9,hospital_corridor,28,12,"[11, 29, 47, 53, 61, 73, 89, 97, 101, 109]","[3.167079272598256, 1.7622256210205882, 1.6573637334592126, 0.5, 1.0]","{""time"": 0.0, ""collisions"": 0.05, ""congestion"": 1.0, ""fairness"": 1.0, ""incomplete_base"": 1000.0, ""incomplete_agent"": 10.0}","[1075.6484615384616, 1097.088, 1052.995104895105, 1057.3888333333334, 1058.153, 1050.571, 26.282898351648353, 1043.0082592592594, 1036.4569494949494, 1049.8867435897437]","[100.0, 100.0, 100.0, 100.0, 100.0, 100.0, 41.6, 100.0, 100.0, 100.0]"
ga,0,9,1247.9542596681097,100.0,26.5,0.27690000000000003,2.9,21.010521284271285,44.362880952380955,23.35235966810967,False,22.3,hospital_corridor,28,12,"[11, 29, 47, 53, 61, 73, 89, 97, 101, 109]","[0.7454359313593804, 2.488824105095884, 0.8777509841377524, 0.5, 1.0]","{""time"": 0.0, ""collisions"": 0.05, ""congestion"": 1.0, ""fairness"": 1.0, ""incomplete_base"": 1000.0, ""incomplete_agent"": 10.0}","[1217.8746666666666, 1225.97925, 1259.0375757575757, 1308.8924444444444, 1270.069, 1239.7887272727273, 1213.8560952380953, 1254.971, 1259.371253968254, 1229.7025833333332]","[100.0, 100.0, 100.0, 100.0, 100.0, 100.0, 100.0, 100.0, 100.0, 100.0]"
ga,0,10,139.81347644660136,31.060000000000002,2576.9,1.9575240656489865,5.7,11.893214285714286,20.90416666666667,9.01095238095238,True,0.0,hospital_corridor,28,12,"[11, 29, 47, 53, 61, 73, 89, 97, 101, 109]","[3.1895979425964724, 0.1341334978128016, 1.9623846790135988, 0.5, 1.0]","{""time"": 0.0, ""collisions"": 0.05, ""congestion"": 1.0, ""fairness"": 1.0, ""incomplete_base"": 1000.0, ""incomplete_agent"": 10.0}","[178.70020498265535, 125.21296992481204, 117.27822841000807, 139.0735603543743, 124.00636288998359, 106.40119047619048, 150.43428571428572, 197.63111199787178, 134.1850117096019, 125.21183800623054]","[30.200000000000003, 30.400000000000002, 29.5, 30.1, 29.0, 28.0, 35.0, 35.800000000000004, 30.5, 32.1]"
ga,0,11,1147.1586809596406,100.0,14.3,0.3478,3.3,13.182023802264126,26.27790476190476,13.095880959640635,False,13.3,hospital_corridor,28,12,"[11, 29, 47, 53, 61, 73, 89, 97, 101, 109]","[2.942869518318439, 2.9986330365941805, 2.199328057485933, 0.5, 1.0]","{""time"": 0.0, ""collisions"": 0.05, ""congestion"": 1.0, ""fairness"": 1.0, ""incomplete_base"": 1000.0, ""incomplete_agent"": 10.0}","[1134.2098830409357, 1153.93075, 1183.3161666666667, 1160.6493333333333, 1152.6565555555555, 1102.909494949495, 1135.0125, 1150.7813333333334, 1120.6486666666667, 1177.4721260504202]","[100.0, 100.0, 100.0, 100.0, 100.0, 100.0, 100.0, 100.0, 100.0, 100.0]"
ga,0,12,1175.8433412393163,100.0,4.5,0.3029,2.6,17.778491300366298,29.093932539682545,11.31544123931624,False,16.4,hospital_corridor,28,12,"[11, 29, 47, 53, 61, 73, 89, 97, 101, 109]","[1.9278982762271233, 3.6016200871460766, 2.5015836170947727, 0.5, 1.0]","{""time"": 0.0, ""collisions"": 0.05, ""congestion"": 1.0, ""fairness"": 1.0, ""incomplete_base"": 1000.0, ""incomplete_agent"": 10.0}","[1191.7408290598291, 1152.979, 1200.0437142857143, 1159.7446666666667, 1173.93375, 1157.2025714285714, 1175.2815, 1167.7, 1188.4327142857144, 1191.3746666666666]","[100.0, 100.0, 100.0, 100.0, 100.0, 100.0, 100.0, 100.0, 100.0, 100.0]"
ga,0,13,1054.3873851592853,100.0,85.1,0.4523,3.9,12.820763325563325,23.500848484848486,10.680085159285161,False,3.9,hospital_corridor,28,12,"[11, 29, 47, 53, 61, 73, 89, 97, 101, 109]","[4.483672674735108, 2.8846932216595076, 2.8699638493725037, 0.5, 1.0]","{""time"": 0.0, ""collisions"": 0.05, ""congestion"": 1.0, ""fairness"": 1.0, ""incomplete_base"": 1000.0, ""incomplete_agent"": 10.0}","[1059.6713333333332, 1076.2688484848484, 1045.3348951048952, 1051.2448333333334, 1089.4430909090909, 1044.7093333333332, 1060.1955, 1026.0712222222223, 1050.5557692307693, 1040.3790256410257]","[100.0, 100.0, 100.0, 100.0, 100.0, 100.0, 100.0, 100.0, 100.0, 100.0]"
ga,0,14,1138.2466166995653,35.489999999999995,2542.4,1.8700582580069085,6.1,10.735714285714286,18.992272727272727,8.256558441558441,False,0.1,hospital_corridor,28,12,"[11, 29, 47, 53, 61, 73, 89, 97, 101, 109]","[4.151042440800802, 2.8996334217913677, 0.560816845473112, 0.5, 1.0]","{""time"": 0.0, ""collisions"": 0.05, ""congestion"": 1.0, ""fairness"": 1.0, ""incomplete_base"": 1000.0, ""incomplete_agent"": 10.0}","[1169.549012987013, 148.09447974919505, 118.23242447516643, 123.55262605042017, 142.9593137254902, 101.82689075630253, 157.21238977072312, 185.61082251082252, 107.55966386554623, 127.86854310497434]","[100.0, 28.1, 27.900000000000002, 27.200000000000003, 27.200000000000003, 27.200000000000003, 32.4, 30.8, 27.200000000000003, 26.900000000000002]"
ga,0,15,1035.396112630861,60.67,269.4,1.0282692575676176,4.5,12.235944505494505,22.133787878787878,9.897843373293373,False,1.1,hospital_corridor,28,12,"[11, 29, 47, 53, 61, 73, 89, 97, 101, 109]","[3.763279211958649, 1.743216378253247, 2.4246278086068296, 0.5, 1.0]","{""time"": 0.0, ""collisions"": 0.05, ""congestion"": 1.0, ""fairness"": 1.0, ""incomplete_base"": 1000.0, ""incomplete_agent"": 10.0}","[32.58205521472393, 1059.5368333333333, 1054.2406783216784, 17.60954398708636, 15.538066977532853, 1052.5296666666666, 28.529006968641117, 41.36726347531097, 1029.5007792207791, 22.527232142857144]","[32.6, 100.0, 100.0, 29.5, 33.7, 100.0, 41.0, 37.9, 100.0, 32.0]"
ga,0,16,1179.1048559173764,40.71,3328.1,1.7939251814456203,6.0,13.182857142857141,23.08878787878788,9.905930735930735,False,0.1,hospital_corridor,28,12,"[11, 29, 47, 53, 61, 73, 89, 97, 101, 109]","[2.4035837508653843, 0.22845718060392442, 0.5693459242770283, 0.5, 1.0]","{""time"": 0.0, ""collisions"": 0.05, ""congestion"": 1.0, ""fairness"": 1.0, ""incomplete_base"": 1000.0, ""incomplete_agent"": 10.0}","[1239.3925454545454, 186.1903682719547, 126.14285714285715, 184.8195352839931, 176.26620697784065, 153.19355158730158, 176.69795514511873, 222.81380952380954, 166.31330121491413, 159.21842857142857]","[100.0, 35.300000000000004, 35.0, 33.2, 30.3, 28.8, 37.9, 35.0, 34.1, 37.5]"
ga,0,17,3019.7533095238095,100.0,33717.5,0.1075,2.1,20.293607142857145,31.681,12.770809523809525,False,32.1,hospital_corridor,28,12,"[11, 29, 47, 53, 61, 73, 89, 97, 101, 109]","[0.7347583573479101, 0.4139327464398169, 0.5452201079129083, 0.5, 1.0]","{""time"": 0.0, ""collisions"": 0.05, ""congestion"": 1.0, ""fairness"": 1.0, ""incomplete_base"": 1000.0, ""incomplete_agent"": 10.0}","[2864.9067142857143, 3555.686, 2874.212666666667, 3016.6940000000004, 3167.333, 2616.5389999999998, 2945.77, 3296.075, 3113.9976666666666, 3182.465]","[100.0, 100.0, 100.0, 100.0, 100.0, 100.0, 100.0, 100.0, 100.0, 100.0]"
ga,0,18,1122.8374391400107,100.0,41.5,0.3963,3.7,14.75174758437596,25.117886724386725,10.366139140010764,False,11.0,hospital_corridor,28,12,"[11, 29, 47, 53, 61, 73, 89, 97, 101, 109]","[2.253800208522864, 2.412051929013498, 1.3214295702857177, 0.5, 1.0]","{""time"": 0.0, ""collisions"": 0.05, ""congestion"": 1.0, ""fairness"": 1.0, ""incomplete_base"": 1000.0, ""incomplete_agent"": 10.0}","[1111.49, 1161.5453116883116, 1104.9157171717172, 1125.5887543859649, 1128.6050935672515, 1113.5659545454546, 1095.3409565217391, 1090.494, 1103.1794130434782, 1193.6491904761904]","[100.0, 100.0, 100.0, 100.0, 100.0, 100.0, 100.0, 100.0, 100.0, 100.0]"
ga,0,19,1222.928088026492,100.0,1580.5,0.4022,3.8,18.31545721160318,32.81634523809524,14.50088802649206,False,12.9,hospital_corridor,28,12,"[11, 29, 47, 53, 61, 73, 89, 97, 101, 109]","[1.1593098187891075, 0.39972412362239723, 2.552508329768097, 0.5, 1.0]","{""time"": 0.0, ""collisions"": 0.05, ""congestion"": 1.0, ""fairness"": 1.0, ""incomplete_base"": 1000.0, ""incomplete_agent"": 10.0}","[1288.0896666666667, 1218.7183529411764, 1204.018783625731, 1220.9115, 1251.49475, 1221.2981111111112, 1207.087, 1199.571099378882, 1193.2686315789474, 1224.822984962406]","[100.0, 100.0, 100.0, 100.0, 100.0, 100.0, 100.0, 100.0, 100.0, 100.0]"
ga,0,20,1170.897532875458,100.0,4.3,0.3457,2.8,16.176802045177045,27.51363492063492,11.336832875457874,False,15.9,hospital_corridor,28,12,"[11, 29, 47, 53, 61, 73, 89, 97, 101, 109]","[2.797066850643607, 4.449072042169735, 2.445706263388616, 0.5, 1.0]","{""time"": 0.0, ""collisions"": 0.05, ""congestion"": 1.0, ""fairness"": 1.0, ""incomplete_base"": 1000.0, ""incomplete_agent"": 10.0}","[1151.703, 1157.88675, 1202.9017142857142, 1159.0893333333333, 1166.9108888888888, 1139.779142857143, 1154.37, 1174.208, 1209.3238241758243, 1192.8026752136752]","[100.0, 100.0, 100.0, 100.0, 100.0, 100.0, 100.0, 100.0, 100.0, 100.0]"
ga,0,21,1119.6235468918699,52.410000000000004,2035.5,1.2663378971609855,5.0,14.82862433862434,25.410833333333336,10.582208994708996,False,0.6,hospital_corridor,28,12,"[11, 29, 47, 53, 61, 73, 89, 97, 101, 109]","[2.0396902059228585, 0.4447392806005792, 1.2788857922419368, 0.5, 1.0]","{""time"": 0.0, ""collisions"": 0.05, ""congestion"": 1.0, ""fairness"": 1.0, ""incomplete_base"": 1000.0, ""incomplete_agent"": 10.0}","[184.94961916756628, 1123.9516666666666, 1116.555185185185, 115.05137987012988, 111.09798020331729, 105.22439024390243, 115.26923340177962, 120.04125615763547, 111.09247720364742, 93.00228081886961]","[39.7, 100.0, 100.0, 35.2, 35.6, 41.0, 48.7, 43.5, 37.6, 42.800000000000004]"
ga,0,22,1097.8374770719618,100.0,36.8,0.39899999999999997,3.8,13.007134039149255,22.605611111111113,9.598477071961856,False,8.6,hospital_corridor,28,12,"[11, 29, 47, 53, 61, 73, 89, 97, 101, 109]","[4.745375238338404, 4.207338088151164, 1.649716720208411, 0.5, 1.0]","{""time"": 0.0, ""collisions"": 0.05, ""congestion"": 1.0, ""fairness"": 1.0, ""incomplete_base"": 1000.0, ""incomplete_agent"": 10.0}","[1098.1675454545455, 1108.563, 1121.5022142857142, 1087.1270909090908, 1086.6762727272728, 1082.3188695652175, 1084.4535, 1084.0975, 1069.0777777777778, 1156.391]","[100.0, 100.0, 100.0, 100.0, 100.0, 100.0, 100.0, 100.0, 100.0, 100.0]"
ga,0,23,1248.5365954545455,100.0,5.1,0.2523,2.2,16.7372601010101,36.76655555555556,20.029295454545455,False,22.8,hospital_corridor,28,12,"[11, 29, 47, 53, 61, 73, 89, 97, 101, 109]","[1.3231489645872114, 2.883129019269079, 2.4515457367380056, 0.5, 1.0]","{""time"": 0.0, ""collisions"": 0.05, ""congestion"": 1.0, ""fairness"": 1.0, ""incomplete_base"": 1000.0, ""incomplete_agent"": 10.0}","[1234.2036363636364, 1210.965888888889, 1258.1825, 1223.6088636363636, 1242.7165, 1220.0664545454545, 1264.0066666666667, 1247.2686666666666, 1281.117888888889, 1303.2288888888888]","[100.0, 100.0, 100.0, 100.0, 100.0, 100.0, 100.0, 100.0, 100.0, 100.0]"
ga,1,0,133.72865380440348,28.270000000000003,2476.0,1.8952014234510943,5.9,10.515714285714287,18.549166666666668,8.033452380952381,True,0.0,hospital_corridor,28,12,"[11, 29, 47, 53, 61, 73, 89, 97, 101, 109]","[4.73803023593249, 1.1263315920428538, 0.5243977092146597, 0.5, 1.0]","{""time"": 0.0, ""collisions"": 0.05, ""congestion"": 1.0, ""fairness"": 1.0, ""incomplete_base"": 1000.0, ""incomplete_agent"": 10.0}","[162.90704856199906, 155.4528776978417, 96.02655279503105, 118.13562017692453, 129.87276119402986, 100.99325396825398, 135.54166666666666, 229.61294765840222, 95.65715164294501, 113.08665768194072]","[30.3, 27.8, 27.6, 25.3, 26.8, 27.0, 28.0, 36.300000000000004, 27.1, 26.5]"
ga,1,1,139.81347644660136,31.060000000000002,2576.9,1.9575240656489865,5.7,11.893214285714286,20.90416666666667,9.01095238095238,True,0.0,hospital_corridor,28,12,"[11, 29, 47, 53, 61, 73, 89, 97, 101, 109]","[3.1895979425964724, 0.1341334978128016, 1.9623846790135988, 0.5, 1.0]","{""time"": 0.0, ""collisions"": 0.05, ""congestion"": 1.0, ""fairness"": 1.0, ""incomplete_base"": 1000.0, ""incomplete_agent"": 10.0}","[178.70020498265535, 125.21296992481204, 117.27822841000807, 139.0735603543743, 124.00636288998359, 106.40119047619048, 150.43428571428572, 197.63111199787178, 134.1850117096019, 125.21183800623054]","[30.200000000000003, 30.400000000000002, 29.5, 30.1, 29.0, 28.0, 35.0, 35.800000000000004, 30.5, 32.1]"
ga,1,2,1080.2908816598153,36.68,1320.6,1.5997507074342754,5.4,10.859702380952381,19.520833333333336,8.661130952380955,False,0.4,hospital_corridor,28,12,"[11, 29, 47, 53, 61, 73, 89, 97, 101, 109]","[3.6537574658083907, 0.621675740786203, 1.426047929990677, 0.5, 1.0]","{""time"": 0.0, ""collisions"": 0.05, ""congestion"": 1.0, ""fairness"": 1.0, ""incomplete_base"": 1000.0, ""incomplete_agent"": 10.0}","[124.9577242524917, 1096.4058333333332, 59.40881659594531, 74.75781647178445, 54.99108325449386, 64.98690476190477, 85.40344322344323, 100.55556900726393, 76.22545506257111, 65.21617063492064]","[30.1, 100.0, 30.3, 28.1, 30.200000000000003, 28.0, 32.5, 29.5, 29.3, 28.8]"
ga,1,3,1160.1305090322733,100.0,8.6,0.3326,3.1,14.612210015345852,27.980119047619052,13.367909032273198,False,14.6,hospital_corridor,28,12,"[11, 29, 47, 53, 61, 73, 89, 97, 101, 109]","[2.292367947414656, 2.652914883120671, 2.4670949366367187, 0.5, 1.0]","{""time"": 0.0, ""collisions"": 0.05, ""congestion"": 1.0, ""fairness"": 1.0, ""incomplete_base"": 1000.0, ""incomplete_agent"": 10.0}","[1149.91525, 1153.154, 1203.5672857142856, 1160.3736666666666, 1150.3214360902255, 1105.387606060606, 1135.73, 1179.7442631578947, 1185.1796666666667, 1177.9319159663867]","[100.0, 100.0, 100.0, 100.0, 100.0, 100.0, 100.0, 100.0, 100.0, 100.0]"
ga,1,4,1155.054164121087,100.0,17.2,0.3343,3.2,14.50838587891297,27.368250000000007,12.859864121087034,False,14.1,hospital_corridor,28,12,"[11, 29, 47, 53, 61, 73, 89, 97, 101, 109]","[2.1347070557850447, 2.391106040148459, 1.895742413868897, 0.5, 1.0]","{""time"": 0.0, ""collisions"": 0.05, ""congestion"": 1.0, ""fairness"": 1.0, ""incomplete_base"": 1000.0, ""incomplete_agent"": 10.0}","[1150.6485, 1155.09, 1202.7912857142858, 1160.1006666666667, 1152.0820555555556, 1122.9295952380953, 1132.851, 1165.6573909774436, 1131.5705, 1176.8206470588236]","[100.0, 100.0, 100.0, 100.0, 100.0, 100.0, 100.0, 100.0, 100.0, 100.0]"
ga,1,5,1109.8183446727692,63.30000000000001,1805.0,1.10595830913276,4.7,14.654583333333335,25.116969696969697,10.462386363636366,False,0.8,hospital_corridor,28,12,"[11, 29, 47, 53, 61, 73, 89, 97, 101, 109]","[2.119093152737819, 0.5209458888650391, 1.4256871564168208, 0.5, 1.0]","{""time"": 0.0, ""collisions"": 0.05, ""congestion"": 1.0, ""fairness"": 1.0, ""incomplete_base"": 1000.0, ""incomplete_agent"": 10.0}","[174.87566964285716, 1110.9478333333334, 1094.437622895623, 94.44426406926408, 113.18742937853109, 1091.560888888889, 107.81788728149489, 1127.6108518518517, 90.20612802498049, 93.09487136086663]","[38.400000000000006, 100.0, 100.0, 33.0, 35.4, 100.0, 47.400000000000006, 100.0, 36.6, 42.2]"
ga,1,6,64.44235413600668,32.150000000000006,1061.7,1.6772350883876235,5.5,11.628214285714288,21.30833333333333,9.680119047619048,True,0.0,hospital_corridor,28,12,"[11, 29, 47, 53, 61, 73, 89, 97, 101, 109]","[3.258530872636707, 1.2977160878108298, 0.8700679578661463, 0.5, 1.0]","{""time"": 0.0, ""collisions"": 0.05, ""congestion"": 1.0, ""fairness"": 1.0, ""incomplete_base"": 1000.0, ""incomplete_agent"": 10.0}","[196.15581906632988, 37.8014705882353, 33.52245484400657, 67.38660714285714, 51.50615680615681, 34.57218309859155, 57.43809523809524, 73.9740085624155, 52.03521891978268, 40.03152709359606]","[50.900000000000006, 30.6, 29.0, 28.8, 29.700000000000003, 28.400000000000002, 33.6, 31.700000000000003, 29.8, 29.0]"
ga,1,7,1045.6228196179218,51.07000000000001,544.7,1.2412856426379058,4.4,10.819981176231177,19.966515151515154,9.146533975283974,False,0.8,hospital_corridor,28,12,"[11, 29, 47, 53, 61, 73, 89, 97, 101, 109]","[4.646578635894039, 1.590841125252612, 1.6712255927732518, 0.5, 1.0]","{""time"": 0.0, ""collisions"": 0.05, ""congestion"": 1.0, ""fairness"": 1.0, ""incomplete_base"": 1000.0, ""incomplete_agent"": 10.0}","[63.96949552098067, 1070.3231666666666, 1048.5644478114477, 32.36135531135531, 23.923809523809524, 1050.054153846154, 46.604948364888116, 49.297516354784726, 44.48512920526573, 26.64417357386641]","[30.3, 100.0, 100.0, 27.3, 30.0, 100.0, 33.2, 31.3, 29.3, 29.3]"
ga,1,8,1020.6098558160778,51.21,20.7,1.453178326900331,4.8,15.791655844155844,27.913333333333334,12.12167748917749,False,0.6,hospital_corridor,28,12,"[11, 29, 47, 53, 61, 73, 89, 97, 101, 109]","[2.2212132452309046, 3.8676720262240836, 0.9531567214401033, 0.5, 1.0]","{""time"": 0.0, ""collisions"": 0.05, ""congestion"": 1.0, ""fairness"": 1.0, ""incomplete_base"": 1000.0, ""incomplete_agent"": 10.0}","[18.51878115867286, 1073.7200606060605, 13.444505494505496, 10.541843971631208, 8.37101096983296, 12.40921698576338, 17.35131492762167, 22.20860007903576, 13.686828774062818, 15.846395193591457]","[55.400000000000006, 100.0, 45.5, 32.9, 38.2, 38.800000000000004, 72.7, 48.2, 37.6, 42.800000000000004]"
ga,1,9,1057.1638885244386,100.0,89.1,0.44639999999999996,4.0,13.05184480889481,23.314333333333334,10.262488524438528,False,4.2,hospital_corridor,28,12,"[11, 29, 47, 53, 61, 73, 89, 97, 101, 109]","[4.572540203780715, 3.059499020568338, 2.4301830130330777, 0.5, 1.0]","{""time"": 0.0, ""collisions"": 0.05, ""congestion"": 1.0, ""fairness"": 1.0, ""incomplete_base"": 1000.0, ""incomplete_agent"": 10.0}","[1040.6360769230769, 1094.8028138528139, 1061.896, 1050.8511666666666, 1088.3756363636364, 1046.02, 1060.9203333333332, 1052.1184814814815, 1039.892090909091, 1036.1262857142858]","[100.0, 100.0, 100.0, 100.0, 100.0, 100.0, 100.0, 100.0, 100.0, 100.0]"
ga,1,10,1185.6278412907268,100.0,4.6,0.3497,3.0,14.359680137844611,26.40782142857143,12.048141290726818,False,17.3,hospital_corridor,28,12,"[11, 29, 47, 53, 61, 73, 89, 97, 101, 109]","[2.727265153241993, 4.080021123626073, 2.2156821016662764, 0.5, 1.0]","{""time"": 0.0, ""collisions"": 0.05, ""congestion"": 1.0, ""fairness"": 1.0, ""incomplete_base"": 1000.0, ""incomplete_agent"": 10.0}","[1186.7477857142858, 1161.718, 1202.5637142857142, 1160.141, 1232.9503333333334, 1122.514261904762, 1166.4612105263159, 1229.5356666666667, 1178.6031071428572, 1215.0433333333333]","[100.0, 100.0, 100.0, 100.0, 100.0, 100.0, 100.0, 100.0, 100.0, 100.0]"
ga,1,11,1115.4271762908588,100.0,44.0,0.3736,3.6,13.71781259802999,23.571388888888887,9.8535762908589,False,10.3,hospital_corridor,28,12,"[11, 29, 47, 53, 61, 73, 89, 97, 101, 109]","[3.994779548173673, 3.435817493907315, 1.7534989144117816, 0.5, 1.0]","{""time"": 0.0, ""collisions"": 0.05, ""congestion"": 1.0, ""fairness"": 1.0, ""incomplete_base"": 1000.0, ""incomplete_agent"": 10.0}","[1112.7166190476191, 1131.2002222222222, 1120.2714047619047, 1087.2761818181818, 1108.31026984127, 1083.7024782608696, 1120.9303333333332, 1113.7682826086957, 1120.0139710144927, 1156.082]","[100.0, 100.0, 100.0, 100.0, 100.0, 100.0, 100.0, 100.0, 100.0, 100.0]"
ga,1,12,1100.9966623880189,100.0,56.0,0.3963,3.7,13.090342878936472,21.890705266955273,8.800362388018794,False,8.9,hospital_corridor,28,12,"[11, 29, 47, 53, 61, 73, 89, 97, 101, 109]","[4.745375238338404, 3.9113000346032702, 1.649716720208411, 0.5, 1.0]","{""time"": 0.0, ""collisions"": 0.05, ""congestion"": 1.0, ""fairness"": 1.0, ""incomplete_base"": 1000.0, ""incomplete_agent"": 10.0}","[1112.4950621118012, 1130.0544035087719, 1082.6328888888888, 1077.5548142292491, 1086.731, 1081.9754782608695, 1130.3188260869565, 1085.7815, 1069.4022222222222, 1153.0204285714285]","[100.0, 100.0, 100.0, 100.0, 100.0, 100.0, 100.0, 100.0, 100.0, 100.0]"
ga,1,13,1140.89626510096,70.78,2267.1,1.005613080757952,4.8,15.55843888888889,26.09409090909091,10.53565202020202,False,1.6,hospital_corridor,28,12,"[11, 29, 47, 53, 61, 73, 89, 97, 101, 109]","[2.0, 0.5, 2.0, 0.5, 1.0]","{""time"": 0.0, ""collisions"": 0.05, ""congestion"": 1.0, ""fairness"": 1.0, ""incomplete_base"": 1000.0, ""incomplete_agent"": 10.0}","[198.01025132275134, 1122.5391666666667, 1376.393, 85.47066900379785, 108.3268115942029, 1104.6443333333334, 98.50425170068027, 1143.4911111111112, 1080.7933376623378, 90.78971861471862]","[43.2, 100.0, 100.0, 32.6, 36.800000000000004, 100.0, 49.0, 100.0, 100.0, 46.2]"
ga,1,14,1180.5469063015416,100.0,24.0,0.35109999999999997,3.1,13.503564910579616,26.49937121212121,12.995806301541595,False,16.6,hospital_corridor,28,12,"[11, 29, 47, 53, 61, 73, 89, 97, 101, 109]","[1.6294024158188511, 2.1282661019293103, 1.4599474340261305, 0.5, 1.0]","{""time"": 0.0, ""collisions"": 0.05, ""congestion"": 1.0, ""fairness"": 1.0, ""incomplete_base"": 1000.0, ""incomplete_agent"": 10.0}","[1169.279, 1165.6051168831168, 1204.601153846154, 1191.4353504273504, 1193.9206239316238, 1176.229, 1122.5557380952382, 1186.9632941176471, 1179.8725, 1215.0072857142857]","[100.0, 100.0, 100.0, 100.0, 100.0, 100.0, 100.0, 100.0, 100.0, 100.0]"
ga,1,15,1127.2374176097358,100.0,13.5,0.4166,3.5,13.933000572082378,24.078818181818185,10.145817609735804,False,11.6,hospital_corridor,28,12,"[11, 29, 47, 53, 61, 73, 89, 97, 101, 109]","[2.9799009083129615, 3.7312792225774043, 1.3123351443506555, 0.5, 1.0]","{""time"": 0.0, ""collisions"": 0.05, ""congestion"": 1.0, ""fairness"": 1.0, ""incomplete_base"": 1000.0, ""incomplete_agent"": 10.0}","[1118.4377894736842, 1162.6667532467532, 1109.5679841269841, 1164.9003333333333, 1119.199052631579, 1129.527652173913, 1087.153111111111, 1078.4795, 1090.2793333333334, 1212.1626666666666]","[100.0, 100.0, 100.0, 100.0, 100.0, 100.0, 100.0, 100.0, 100.0, 100.0]"
ga,1,16,128.42860445367938,27.929999999999996,2373.2,1.9286044536793967,5.9,10.4175,18.2575,7.840000000000001,True,0.0,hospital_corridor,28,12,"[11, 29, 47, 53, 61, 73, 89, 97, 101, 109]","[4.73803023593249, 1.428427133693315, 0.5243977092146597, 0.5, 1.0]","{""time"": 0.0, ""collisions"": 0.05, ""congestion"": 1.0, ""fairness"": 1.0, ""incomplete_base"": 1000.0, ""incomplete_agent"": 10.0}","[163.7172677982084, 138.16204696895824, 100.46009316770187, 118.20486071899116, 130.3699893390192, 97.31851851851854, 135.60714285714286, 196.00168334849863, 94.93536724652961, 109.50907457322552]","[30.3, 29.3, 27.6, 25.3, 26.8, 27.0, 28.0, 31.400000000000002, 27.1, 26.5]"
ga,1,17,132.367979428473,28.190000000000005,2450.4,1.9386937141872598,5.6,10.590714285714288,18.500000000000004,7.909285714285716,True,0.0,hospital_corridor,28,12,"[11, 29, 47, 53, 61, 73, 89, 97, 101, 109]","[4.49196660214782, 1.1263315920428538, 0.5243977092146597, 0.5, 1.0]","{""time"": 0.0, ""collisions"": 0.05, ""congestion"": 1.0, ""fairness"": 1.0, ""incomplete_base"": 1000.0, ""incomplete_agent"": 10.0}","[174.09264246682278, 152.74873271889402, 109.32303014731073, 124.20145502645504, 143.3921957671958, 100.02511860832894, 142.50400504572693, 162.9936056696926, 93.25560224089637, 121.1434065934066]","[30.5, 27.900000000000002, 27.8, 27.0, 27.0, 27.1, 30.200000000000003, 29.900000000000002, 27.200000000000003, 27.3]"
ga,1,18,1053.4770254225389,90.14,59.1,0.6782401498405743,4.2,16.639017757604712,29.482803030303028,12.843785272698316,False,3.7,hospital_corridor,28,12,"[11, 29, 47, 53, 61, 73, 89, 97, 101, 109]","[1.7660653117990037, 2.2705992308211647, 0.9988553901561836, 0.5, 1.0]","{""time"": 0.0, ""collisions"": 0.05, ""congestion"": 1.0, ""fairness"": 1.0, ""incomplete_base"": 1000.0, ""incomplete_agent"": 10.0}","[1056.056, 1096.6653333333334, 1046.0237062937063, 1055.6913333333334, 1061.5155942028985, 1074.235747035573, 1036.6846666666668, 21.5621996505024, 16.407249466950958, 1069.9284242424242]","[100.0, 100.0, 100.0, 100.0, 100.0, 100.0, 100.0, 54.5, 46.900000000000006, 100.0]"
ga,1,19,1085.7266101549887,90.41,7.2,0.5794853249073486,3.9,16.405097392140874,31.192222222222227,14.787124830081353,False,7.0,hospital_corridor,28,12,"[11, 29, 47, 53, 61, 73, 89, 97, 101, 109]","[1.7248080814037836, 3.7211345394341793, 1.0274768934401244, 0.5, 1.0]","{""time"": 0.0, ""collisions"": 0.05, ""congestion"": 1.0, ""fairness"": 1.0, ""incomplete_base"": 1000.0, ""incomplete_agent"": 10.0}","[1099.568619047619, 1135.3623333333333, 15.947410032715378, 1070.7789696969696, 1120.3712727272728, 1100.7184130434782, 1076.3665555555556, 1094.8174074074075, 18.64634797826287, 1124.6887727272726]","[100.0, 100.0, 52.400000000000006, 100.0, 100.0, 100.0, 100.0, 100.0, 51.7, 100.0]"
ga,1,20,1050.379365875889,43.99999999999999,696.5,1.3797627012858737,4.8,10.747896825396825,19.9225,9.174603174603174,False,0.5,hospital_corridor,28,12,"[11, 29, 47, 53, 61, 73, 89, 97, 101, 109]","[4.262838961033356, 1.2275222423427947, 1.6489739382556041, 0.5, 1.0]","{""time"": 0.0, ""collisions"": 0.05, ""congestion"": 1.0, ""fairness"": 1.0, ""incomplete_base"": 1000.0, ""incomplete_agent"": 10.0}","[76.84667774086378, 1073.8716666666667, 1046.3972222222221, 42.40095948827292, 33.10208522899606, 40.909238765928905, 40.70227272727273, 68.27091407540935, 44.86768707482994, 36.42493476842792]","[30.1, 100.0, 100.0, 26.8, 31.400000000000002, 28.400000000000002, 33.0, 31.700000000000003, 29.400000000000002, 29.200000000000003]"
ga,1,21,1073.3856748254896,37.17,1176.8,1.5388891112038057,5.2,10.714880952380955,19.72166666666667,9.006785714285716,False,0.4,hospital_corridor,28,12,"[11, 29, 47, 53, 61, 73, 89, 97, 101, 109]","[3.7608868620496057, 0.649827633723254, 2.3115780030518516, 0.5, 1.0]","{""time"": 0.0, ""collisions"": 0.05, ""congestion"": 1.0, ""fairness"": 1.0, ""incomplete_base"": 1000.0, ""incomplete_agent"": 10.0}","[100.83143176733782, 1089.7373333333333, 59.146105329549044, 68.09945999018164, 49.927962347729796, 61.96384711779449, 67.43102802994107, 110.4426351896691, 66.15921115921117, 60.11773399014779]","[29.8, 100.0, 30.200000000000003, 29.1, 30.1, 28.5, 29.900000000000002, 35.4, 29.700000000000003, 29.0]"
ga,1,22,1065.2705764309765,100.0,266.9,0.47109999999999996,3.7,16.731205387205385,28.18568181818182,11.454476430976431,False,4.0,hospital_corridor,28,12,"[11, 29, 47, 53, 61, 73, 89, 97, 101, 109]","[2.157165358857285, 1.2476548623278791, 1.7830171863568158, 0.5, 1.0]","{""time"": 0.0, ""collisions"": 0.05, ""congestion"": 1.0, ""fairness"": 1.0, ""incomplete_base"": 1000.0, ""incomplete_agent"": 10.0}","[1077.0696666666668, 1099.7846666666667, 1091.8709090909092, 1063.19, 1057.3706666666667, 1054.4973333333332, 1036.7561851851851, 1038.9702962962963, 1047.8407070707071, 1085.3553333333334]","[100.0, 100.0, 100.0, 100.0, 100.0, 100.0, 100.0, 100.0, 100.0, 100.0]"
ga,1,23,1035.944109495672,60.28000000000001,272.7,1.0527166200290945,4.4,11.953910154660155,22.210303030303027,10.256392875642877,False,1.1,hospital_corridor,28,12,"[11, 29, 47, 53, 61, 73, 89, 97, 101, 109]","[4.234752865673889, 2.0269357615789945, 2.11012568027058, 0.5, 1.0]","{""time"": 0.0, ""collisions"": 0.05, ""congestion"": 1.0, ""fairness"": 1.0, ""incomplete_base"": 1000.0, ""incomplete_agent"": 10.0}","[43.9785294470433, 1057.3861666666667, 1049.0629790209791, 19.264248640632726, 14.9753432003432, 1051.642, 29.046303097074308, 1047.7805925925925, 22.92514005602241, 23.379792235365485]","[39.7, 100.0, 100.0, 28.900000000000002, 33.300000000000004, 100.0, 38.900000000000006, 100.0, 30.6, 31.400000000000002]"
ga,2,0,64.44235413600668,32.150000000000006,1061.7,1.6772350883876235,5.5,11.628214285714288,21.30833333333333,9.680119047619048,True,0.0,hospital_corridor,28,12,"[11, 29, 47, 53, 61, 73, 89, 97, 101, 109]","[3.258530872636707, 1.2977160878108298, 0.8700679578661463, 0.5, 1.0]","{""time"": 0.0, ""collisions"": 0.05, ""congestion"": 1.0, ""fairness"": 1.0, ""incomplete_base"": 1000.0, ""incomplete_agent"": 10.0}","[196.15581906632988, 37.8014705882353, 33.52245484400657, 67.38660714285714, 51.50615680615681, 34.57218309859155, 57.43809523809524, 73.9740085624155, 52.03521891978268, 40.03152709359606]","[50.900000000000006, 30.6, 29.0, 28.8, 29.700000000000003, 28.400000000000002, 33.6, 31.700000000000003, 29.8, 29.0]"
ga,2,1,128.42860445367938,27.929999999999996,2373.2,1.9286044536793967,5.9,10.4175,18.2575,7.840000000000001,True,0.0,hospital_corridor,28,12,"[11, 29, 47, 53, 61, 73, 89, 97, 101, 109]","[4.73803023593249, 1.428427133693315, 0.5243977092146597, 0.5, 1.0]","{""time"": 0.0, ""collisions"": 0.05, ""congestion"": 1.0, ""fairness"": 1.0, ""incomplete_base"": 1000.0, ""incomplete_agent"": 10.0}","[163.7172677982084, 138.16204696895824, 100.46009316770187, 118.20486071899116, 130.3699893390192, 97.31851851851854, 135.60714285714286, 196.00168334849863, 94.93536724652961, 109.50907457322552]","[30.3, 29.3, 27.6, 25.3, 26.8, 27.0, 28.0, 31.400000000000002, 27.1, 26.5]"
ga,2,2,68.1393995966088,28.130000000000003,1155.0,1.8216615013707027,5.7,10.368928571428572,18.936666666666667,8.567738095238095,True,0.0,hospital_corridor,28,12,"[11, 29, 47, 53, 61, 73, 89, 97, 101, 109]","[4.314197250831255, 0.976734861523723, 0.940511104526407, 0.5, 1.0]","{""time"": 0.0, ""collisions"": 0.05, ""congestion"": 1.0, ""fairness"": 1.0, ""incomplete_base"": 1000.0, ""incomplete_agent"": 10.0}","[120.46737089201878, 61.621260898725694, 43.08722478238607, 65.7754329004329, 54.75714285714286, 48.81442628712002, 71.68038740920097, 86.41407103825138, 81.86575757575757, 46.91092132505176]","[28.400000000000002, 28.400000000000002, 27.900000000000002, 26.400000000000002, 28.0, 27.1, 29.5, 30.5, 27.5, 27.6]"
ga,2,3,1085.9120466839743,36.769999999999996,1430.0,1.5974633506409015,5.4,10.984583333333335,19.799166666666665,8.814583333333333,False,0.4,hospital_corridor,28,12,"[11, 29, 47, 53, 61, 73, 89, 97, 101, 109]","[3.6134309276977072, 0.5858257699823937, 1.5462712837018513, 0.5, 1.0]","{""time"": 0.0, ""collisions"": 0.05, ""congestion"": 1.0, ""fairness"": 1.0, ""incomplete_base"": 1000.0, ""incomplete_agent"": 10.0}","[133.78979313036692, 1103.1295, 65.96356663470758, 84.6521978021978, 66.64785714285715, 71.61420972644378, 83.63716768916156, 104.86247110494685, 77.05133171912833, 67.77237188993246]","[30.5, 100.0, 29.8, 27.3, 30.0, 28.200000000000003, 32.6, 30.900000000000002, 29.5, 28.900000000000002]"
ga,2,4,130.19485782657375,27.85,2408.7,1.9335483027642422,5.8,10.432857142857141,18.259166666666665,7.826309523809523,True,0.0,hospital_corridor,28,12,"[11, 29, 47, 53, 61, 73, 89, 97, 101, 109]","[4.73803023593249, 1.289084128599555, 0.5243977092146597, 0.5, 1.0]","{""time"": 0.0, ""collisions"": 0.05, ""congestion"": 1.0, ""fairness"": 1.0, ""incomplete_base"": 1000.0, ""incomplete_agent"": 10.0}","[179.21513437057993, 155.84131188899403, 100.41252587991718, 114.77076510446076, 130.51641791044776, 101.5026455026455, 135.69166666666666, 178.10396825396825, 94.12774556316992, 111.7663971248877]","[30.3, 30.200000000000003, 27.6, 25.3, 26.8, 27.0, 28.0, 29.700000000000003, 27.1, 26.5]"
ga,2,5,130.56270162060827,27.7,2416.6,1.9256778110844741,5.6,10.444642857142858,18.25166666666667,7.80702380952381,True,0.0,hospital_corridor,28,12,"[11, 29, 47, 53, 61, 73, 89, 97, 101, 109]","[4.73803023593249, 1.2656745971366137, 0.5243977092146597, 0.5, 1.0]","{""time"": 0.0, ""collisions"": 0.05, ""congestion"": 1.0, ""fairness"": 1.0, ""incomplete_base"": 1000.0, ""incomplete_agent"": 10.0}","[178.85698962753418, 161.05943963443963, 100.46252587991718, 112.59385940146811, 130.4699893390192, 101.91931216931218, 135.69166666666666, 180.91933797909408, 91.30632138464242, 112.34757412398923]","[30.3, 29.700000000000003, 27.6, 25.3, 26.8, 27.0, 28.0, 28.700000000000003, 27.1, 26.5]"
ga,2,6,1057.9890204055205,100.0,93.7,0.4439,3.8,13.078106867206866,23.938227272727275,10.860120405520407,False,4.2,hospital_corridor,28,12,"[11, 29, 47, 53, 61, 73, 89, 97, 101, 109]","[4.572540203780715, 3.059499020568338, 2.452293187333982, 0.5, 1.0]","{""time"": 0.0, ""collisions"": 0.05, ""congestion"": 1.0, ""fairness"": 1.0, ""incomplete_base"": 1000.0, ""incomplete_agent"": 10.0}","[1040.396358974359, 1095.1195021645021, 1061.559, 1051.7666666666667, 1090.7538181818181, 1048.7396666666666, 1059.2003333333332, 1054.415962962963, 1040.0534335664336, 1037.8854615384616]","[100.0, 100.0, 100.0, 100.0, 100.0, 100.0, 100.0, 100.0, 100.0, 100.0]"
ga,2,7,1057.1638885244386,100.0,89.1,0.44639999999999996,4.0,13.05184480889481,23.314333333333334,10.262488524438528,False,4.2,hospital_corridor,28,12,"[11, 29, 47, 53, 61, 73, 89, 97, 101, 109]","[4.572540203780715, 3.059499020568338, 2.4301830130330777, 0.5, 1.0]","{""time"": 0.0, ""collisions"": 0.05, ""congestion"": 1.0, ""fairness"": 1.0, ""incomplete_base"": 1000.0, ""incomplete_agent"": 10.0}","[1040.6360769230769, 1094.8028138528139, 1061.896, 1050.8511666666666, 1088.3756363636364, 1046.02, 1060.9203333333332, 1052.1184814814815, 1039.892090909091, 1036.1262857142858]","[100.0, 100.0, 100.0, 100.0, 100.0, 100.0, 100.0, 100.0, 100.0, 100.0]"
ga,2,8,62.651674855159726,28.070000000000004,1043.0,1.9473891408740116,5.7,10.490714285714287,19.045,8.554285714285715,True,0.0,hospital_corridor,28,12,"[11, 29, 47, 53, 61, 73, 89, 97, 101, 109]","[4.5530218144680985, 2.4971110092507707, 0.7551333475784281, 0.5, 1.0]","{""time"": 0.0, ""collisions"": 0.05, ""congestion"": 1.0, ""fairness"": 1.0, ""incomplete_base"": 1000.0, ""incomplete_agent"": 10.0}","[114.10209672104135, 58.1143277805822, 36.85994447248865, 90.92850805721528, 60.70311956899549, 38.15811808118082, 64.05241702741702, 69.32227891156462, 51.24060358460728, 43.03533434650456]","[28.900000000000002, 28.3, 28.3, 26.3, 27.400000000000002, 27.1, 29.700000000000003, 29.400000000000002, 27.1, 28.200000000000003]"
ga,2,9,1071.4815763945285,58.64000000000001,985.1,0.959043926995976,4.6,15.709967532467527,30.977500000000003,15.267532467532467,False,0.6,hospital_corridor,28,12,"[11, 29, 47, 53, 61, 73, 89, 97, 101, 109]","[1.4250245576853868, 2.798988150666628, 0.7224210830763349, 0.5, 1.0]","{""time"": 0.0, ""collisions"": 0.05, ""congestion"": 1.0, ""fairness"": 1.0, ""incomplete_base"": 1000.0, ""incomplete_agent"": 10.0}","[87.55565241844769, 1132.5371818181818, 44.99135802469136, 59.30887681159421, 53.06912416851441, 77.79159842280862, 67.76807862679956, 87.51840659340661, 55.87742809995286, 48.39805896088734]","[50.800000000000004, 100.0, 56.7, 36.800000000000004, 45.1, 62.800000000000004, 64.5, 52.0, 60.6, 57.1]"
ga,2,10,48.34525116564223,35.419999999999995,734.0,1.5135844989755625,5.3,12.9375,23.06916666666667,10.131666666666668,True,0.0,hospital_corridor,28,12,"[11, 29, 47, 53, 61, 73, 89, 97, 101, 109]","[2.505963960635142, 1.175783126141834, 0.9865310972690311, 0.5, 1.0]","{""time"": 0.0, ""collisions"": 0.05, ""congestion"": 1.0, ""fairness"": 1.0, ""incomplete_base"": 1000.0, ""incomplete_agent"": 10.0}","[136.80661144757156, 29.84985673352436, 28.18382173382173, 50.94125138427465, 22.25297619047619, 42.85047619047619, 40.05378151260504, 43.409673024523165, 52.96654228855722, 36.13752115059222]","[40.1, 34.9, 35.1, 30.1, 33.6, 30.0, 40.800000000000004, 36.7, 33.5, 39.400000000000006]"
ga,2,11,1054.604404260287,36.519999999999996,803.8,1.5460709269538442,5.0,10.721666666666668,19.59,8.868333333333334,False,0.4,hospital_corridor,28,12,"[11, 29, 47, 53, 61, 73, 89, 97, 101, 109]","[4.143168000369963, 1.198203328228899, 1.3208837983024446, 0.5, 1.0]","{""time"": 0.0, ""collisions"": 0.05, ""congestion"": 1.0, ""fairness"": 1.0, ""incomplete_base"": 1000.0, ""incomplete_agent"": 10.0}","[99.05453995157386, 1079.8843333333334, 37.32946735395189, 53.5582683982684, 34.3016354016354, 45.00218396711203, 47.34893115140793, 58.27461222273926, 52.26156462585034, 39.028506196999345]","[29.5, 100.0, 29.1, 27.5, 29.700000000000003, 27.8, 32.300000000000004, 30.700000000000003, 29.400000000000002, 29.200000000000003]"
ga,2,12,1034.1766529138697,59.8,244.1,1.0766944741613413,4.5,11.906783984533984,21.801742424242427,9.894958439708441,False,1.1,hospital_corridor,28,12,"[11, 29, 47, 53, 61, 73, 89, 97, 101, 109]","[4.710976167955442, 2.375360281176813, 1.9524134568020668, 0.5, 1.0]","{""time"": 0.0, ""collisions"": 0.05, ""congestion"": 1.0, ""fairness"": 1.0, ""incomplete_base"": 1000.0, ""incomplete_agent"": 10.0}","[38.367550839964636, 1057.3771666666667, 1049.3146293706293, 17.378396603396606, 17.53095238095238, 1050.613, 26.76278245882804, 1040.9400740740741, 22.265310077519384, 21.21666666666667]","[37.7, 100.0, 100.0, 28.6, 32.800000000000004, 100.0, 37.300000000000004, 100.0, 30.1, 31.5]"
ga,2,13,37.20424703248786,29.270000000000003,533.1,1.7281756039164264,5.2,10.993928571428572,19.815000000000005,8.821071428571429,True,0.0,hospital_corridor,28,12,"[11, 29, 47, 53, 61, 73, 89, 97, 101, 109]","[4.599594271757764, 2.11256587308484, 1.0021672654456706, 0.5, 1.0]","{""time"": 0.0, ""collisions"": 0.05, ""congestion"": 1.0, ""fairness"": 1.0, ""incomplete_base"": 1000.0, ""incomplete_agent"": 10.0}","[63.38684210526316, 29.967276322293625, 20.529912810194503, 56.810828501142154, 25.843260694108153, 22.075902389425522, 37.48982334869432, 43.49913249211357, 35.01150793650794, 37.427983725135626]","[28.5, 28.900000000000002, 28.400000000000002, 27.1, 29.5, 28.1, 31.0, 31.700000000000003, 27.900000000000002, 31.6]"
ga,2,14,1042.3801423710506,86.61,136.9,0.6619184579267846,4.6,12.409351844451844,22.282575757575756,9.873223913123914,False,2.5,hospital_corridor,28,12,"[11, 29, 47, 53, 61, 73, 89, 97, 101, 109]","[4.658021127431424, 2.6436671718671114, 2.50112247620904, 0.5, 1.0]","{""time"": 0.0, ""collisions"": 0.05, ""congestion"": 1.0, ""fairness"": 1.0, ""incomplete_base"": 1000.0, ""incomplete_agent"": 10.0}","[1041.2972051282052, 1075.9202121212122, 1047.5046713286713, 9.102944269190326, 1050.574, 1049.926, 1062.5086666666666, 1030.5482962962963, 1032.6046161616161, 23.81481173864895]","[100.0, 100.0, 100.0, 31.700000000000003, 100.0, 100.0, 100.0, 100.0, 100.0, 34.4]"
ga,2,15,121.64916927530321,27.609999999999996,2240.8,1.8864311800650857,6.1,10.063928571428573,17.78666666666667,7.722738095238097,True,0.0,hospital_corridor,28,12,"[11, 29, 47, 53, 61, 73, 89, 97, 101, 109]","[5.0, 2.3454802828326313, 0.6835381878991867, 0.5, 1.0]","{""time"": 0.0, ""collisions"": 0.05, ""congestion"": 1.0, ""fairness"": 1.0, ""incomplete_base"": 1000.0, ""incomplete_agent"": 10.0}","[155.89313678491533, 141.01086040914564, 92.5157142857143, 108.71765010351967, 124.74924812030076, 92.96798941798941, 137.9682712215321, 168.79019607843136, 87.17453435248639, 106.70409197899694]","[29.8, 27.700000000000003, 27.5, 27.6, 26.6, 27.0, 27.6, 28.900000000000002, 27.1, 26.3]"
ga,2,16,133.72865380440348,28.270000000000003,2476.0,1.8952014234510943,5.9,10.515714285714287,18.549166666666668,8.033452380952381,True,0.0,hospital_corridor,28,12,"[11, 29, 47, 53, 61, 73, 89, 97, 101, 109]","[4.73803023593249, 1.1263315920428538, 0.5243977092146597, 0.5, 1.0]","{""time"": 0.0, ""collisions"": 0.05, ""congestion"": 1.0, ""fairness"": 1.0, ""incomplete_base"": 1000.0, ""incomplete_agent"": 10.0}","[162.90704856199906, 155.4528776978417, 96.02655279503105, 118.13562017692453, 129.87276119402986, 100.99325396825398, 135.54166666666666, 229.61294765840222, 95.65715164294501, 113.08665768194072]","[30.3, 27.8, 27.6, 25.3, 26.8, 27.0, 28.0, 36.300000000000004, 27.1, 26.5]"
ga,2,17,1045.6228196179218,51.07000000000001,544.7,1.2412856426379058,4.4,10.819981176231177,19.966515151515154,9.146533975283974,False,0.8,hospital_corridor,28,12,"[11, 29, 47, 53, 61, 73, 89, 97, 101, 109]","[4.646578635894039, 1.590841125252612, 1.6712255927732518, 0.5, 1.0]","{""time"": 0.0, ""collisions"": 0.05, ""congestion"": 1.0, ""fairness"": 1.0, ""incomplete_base"": 1000.0, ""incomplete_agent"": 10.0}","[63.96949552098067, 1070.3231666666666, 1048.5644478114477, 32.36135531135531, 23.923809523809524, 1050.054153846154, 46.604948364888116, 49.297516354784726, 44.48512920526573, 26.64417357386641]","[30.3, 100.0, 100.0, 27.3, 30.0, 100.0, 33.2, 31.3, 29.3, 29.3]"
ga,2,18,1064.5471190164249,44.84,963.9,1.3751409944467607,5.6,11.115521978021977,20.0925,8.976978021978022,False,0.6,hospital_corridor,28,12,"[11, 29, 47, 53, 61, 73, 89, 97, 101, 109]","[3.973871964636725, 0.9864600464175292, 1.876784679711307, 0.5, 1.0]","{""time"": 0.0, ""collisions"": 0.05, ""congestion"": 1.0, ""fairness"": 1.0, ""incomplete_base"": 1000.0, ""incomplete_agent"": 10.0}","[137.67820485965646, 1081.8856666666666, 49.37648083623694, 51.816455807415224, 37.314402427637724, 1065.4925897435896, 53.4529817190034, 70.45883727724218, 54.20559845559846, 43.78997237120104]","[34.1, 100.0, 32.800000000000004, 27.1, 30.6, 100.0, 32.300000000000004, 32.6, 29.6, 29.3]"
ga,2,19,134.56007090839796,28.279999999999994,2491.0,2.026737575064601,5.8,10.745000000000001,18.72833333333333,7.983333333333334,True,0.0,hospital_corridor,28,12,"[11, 29, 47, 53, 61, 73, 89, 97, 101, 109]","[4.158390419580425, 0.319586287309488, 0.6099977085169515, 0.5, 1.0]","{""time"": 0.0, ""collisions"": 0.05, ""congestion"": 1.0, ""fairness"": 1.0, ""incomplete_base"": 1000.0, ""incomplete_agent"": 10.0}","[172.36933471137652, 146.46162514827998, 116.96102150537637, 118.07747747747749, 145.06575630252104, 101.10696778711485, 145.83430335097003, 164.40117811830615, 105.53683473389356, 129.7862099486635]","[31.1, 28.1, 27.900000000000002, 25.900000000000002, 27.200000000000003, 27.200000000000003, 32.4, 28.900000000000002, 27.200000000000003, 26.900000000000002]"
ga,2,20,1046.5638407870772,36.55,646.2,1.5030074537438733,5.1,10.555000000000001,19.305833333333332,8.750833333333333,False,0.4,hospital_corridor,28,12,"[11, 29, 47, 53, 61, 73, 89, 97, 101, 109]","[4.723301001101484, 1.448879048557846, 1.5121722609287258, 0.5, 1.0]","{""time"": 0.0, ""collisions"": 0.05, ""congestion"": 1.0, ""fairness"": 1.0, ""incomplete_base"": 1000.0, ""incomplete_agent"": 10.0}","[75.96345755693581, 1074.7223333333334, 36.92607621996167, 41.36647869674185, 29.621705146705146, 35.21071428571429, 43.09880952380953, 50.98815060908085, 43.66319444444444, 34.07748805404515]","[29.900000000000002, 100.0, 32.300000000000004, 26.6, 29.700000000000003, 28.0, 31.200000000000003, 30.1, 28.8, 28.900000000000002]"
ga,2,21,127.59012879792158,27.429999999999996,2360.5,1.967866893159671,6.0,10.381071428571428,17.978333333333335,7.597261904761906,True,0.0,hospital_corridor,28,12,"[11, 29, 47, 53, 61, 73, 89, 97, 101, 109]","[4.661307870725043, 1.5703892103880812, 0.6834510410591857, 0.5, 1.0]","{""time"": 0.0, ""collisions"": 0.05, ""congestion"": 1.0, ""fairness"": 1.0, ""incomplete_base"": 1000.0, ""incomplete_agent"": 10.0}","[164.11793965110797, 147.490399109284, 104.93056558363418, 117.30486071899116, 150.02167732764747, 98.66429010718679, 140.38920972644377, 157.17930735930736, 93.42572482867686, 102.37731356693621]","[30.3, 27.8, 27.700000000000003, 25.3, 26.8, 27.1, 28.200000000000003, 27.5, 27.1, 26.5]"
ga,2,22,42.45675649568775,32.07,628.0,1.6793755433067972,5.4,11.984285714285715,21.361666666666668,9.377380952380951,True,0.0,hospital_corridor,28,12,"[11, 29, 47, 53, 61, 73, 89, 97, 101, 109]","[2.875448895849028, 1.5944585727228193, 0.8616464811530791, 0.5, 1.0]","{""time"": 0.0, ""collisions"": 0.05, ""congestion"": 1.0, ""fairness"": 1.0, ""incomplete_base"": 1000.0, ""incomplete_agent"": 10.0}","[134.18131360723712, 23.24701213818861, 22.694188861985474, 47.68473581213307, 19.422994987468673, 30.230717318774648, 42.32876082251082, 39.58488845988846, 38.61764069264069, 26.575312256049962]","[37.9, 30.6, 29.5, 29.200000000000003, 32.300000000000004, 31.400000000000002, 35.2, 33.300000000000004, 30.8, 30.5]"
ga,2,23,63.8779218620371,29.6,1060.0,1.852088528703763,5.6,11.312500000000002,20.338333333333335,9.025833333333335,True,0.0,hospital_corridor,28,12,"[11, 29, 47, 53, 61, 73, 89, 97, 101, 109]","[3.3386748519739444, 3.701640587194579, 0.7266934544618777, 0.5, 1.0]","{""time"": 0.0, ""collisions"": 0.05, ""congestion"": 1.0, ""fairness"": 1.0, ""incomplete_base"": 1000.0, ""incomplete_agent"": 10.0}","[85.29608783442706, 56.41148075668624, 87.72889748255992, 61.058068783068784, 43.04987684729064, 44.49342014784253, 84.47818162663296, 59.2441798941799, 66.62521572387345, 50.39380952380952]","[28.3, 29.200000000000003, 31.400000000000002, 27.0, 29.0, 27.700000000000003, 33.9, 29.700000000000003, 29.8, 30.0]"
ga,3,0,37.20424703248786,29.270000000000003,533.1,1.7281756039164264,5.2,10.993928571428572,19.815000000000005,8.821071428571429,True,0.0,hospital_corridor,28,12,"[11, 29, 47, 53, 61, 73, 89, 97, 101, 109]","[4.599594271757764, 2.11256587308484, 1.0021672654456706, 0.5, 1.0]","{""time"": 0.0, ""collisions"": 0.05, ""congestion"": 1.0, ""fairness"": 1.0, ""incomplete_base"": 1000.0, ""incomplete_agent"": 10.0}","[63.38684210526316, 29.967276322293625, 20.529912810194503, 56.810828501142154, 25.843260694108153, 22.075902389425522, 37.48982334869432, 43.49913249211357, 35.01150793650794, 37.427983725135626]","[28.5, 28.900000000000002, 28.400000000000002, 27.1, 29.5, 28.1, 31.0, 31.700000000000003, 27.900000000000002, 31.6]"
ga,3,1,42.45675649568775,32.07,628.0,1.6793755433067972,5.4,11.984285714285715,21.361666666666668,9.377380952380951,True,0.0,hospital_corridor,28,12,"[11, 29, 47, 53, 61, 73, 89, 97, 101, 109]","[2.875448895849028, 1.5944585727228193, 0.8616464811530791, 0.5, 1.0]","{""time"": 0.0, ""collisions"": 0.05, ""congestion"": 1.0, ""fairness"": 1.0, ""incomplete_base"": 1000.0, ""incomplete_agent"": 10.0}","[134.18131360723712, 23.24701213818861, 22.694188861985474, 47.68473581213307, 19.422994987468673, 30.230717318774648, 42.32876082251082, 39.58488845988846, 38.61764069264069, 26.575312256049962]","[37.9, 30.6, 29.5, 29.200000000000003, 32.300000000000004, 31.400000000000002, 35.2, 33.300000000000004, 30.8, 30.5]"
ga,3,2,37.58330099516695,31.619999999999997,536.6,1.6835390904050382,5.2,12.178571428571427,21.248333333333335,9.069761904761908,True,0.0,hospital_corridor,28,12,"[11, 29, 47, 53, 61, 73, 89, 97, 101, 109]","[3.147073829100417, 1.6253649253949694, 0.9916369625704149, 0.5, 1.0]","{""time"": 0.0, ""collisions"": 0.05, ""congestion"": 1.0, ""fairness"": 1.0, ""incomplete_base"": 1000.0, ""incomplete_agent"": 10.0}","[96.95954332552695, 16.137239944521497, 17.171750321750324, 38.43574782025486, 22.659188626907074, 33.16826484018265, 40.357968344931095, 40.430751577739535, 46.85714285714286, 23.65541229271261]","[36.6, 30.900000000000002, 29.6, 28.400000000000002, 30.900000000000002, 29.200000000000003, 34.9, 33.2, 31.200000000000003, 31.3]"
ga,3,3,42.18843352521712,29.929999999999996,626.5,1.7098620966456892,5.2,11.151428571428573,20.305,9.153571428571428,True,0.0,hospital_corridor,28,12,"[11, 29, 47, 53, 61, 73, 89, 97, 101, 109]","[3.913948444167569, 1.6629840738317045, 0.9970614001442869, 0.5, 1.0]","{""time"": 0.0, ""collisions"": 0.05, ""congestion"": 1.0, ""fairness"": 1.0, ""incomplete_base"": 1000.0, ""incomplete_agent"": 10.0}","[105.41306083126894, 33.645785070785074, 27.064111498257837, 47.44585921325052, 24.894712070874863, 27.713044936284373, 38.7956812377948, 47.823268398268404, 39.53334157192289, 29.555470423463504]","[34.6, 29.6, 28.700000000000003, 27.6, 30.1, 28.400000000000002, 31.700000000000003, 30.8, 28.900000000000002, 28.900000000000002]"
ga,3,4,37.20424703248786,29.270000000000003,533.1,1.7281756039164264,5.2,10.993928571428572,19.815000000000005,8.821071428571429,True,0.0,hospital_corridor,28,12,"[11, 29, 47, 53, 61, 73, 89, 97, 101, 109]","[4.599594271757764, 2.11256587308484, 1.0021672654456706, 0.5, 1.0]","{""time"": 0.0, ""collisions"": 0.05, ""congestion"": 1.0, ""fairness"": 1.0, ""incomplete_base"": 1000.0, ""incomplete_agent"": 10.0}","[63.38684210526316, 29.967276322293625, 20.529912810194503, 56.810828501142154, 25.843260694108153, 22.075902389425522, 37.48982334869432, 43.49913249211357, 35.01150793650794, 37.427983725135626]","[28.5, 28.900000000000002, 28.400000000000002, 27.1, 29.5, 28.1, 31.0, 31.700000000000003, 27.900000000000002, 31.6]"
ga,3,5,1038.2293393105851,37.02,534.6,1.6251077088535417,5.3,11.25857142857143,20.132803030303034,8.874231601731603,False,0.1,hospital_corridor,28,12,"[11, 29, 47, 53, 61, 73, 89, 97, 101, 109]","[4.599594271757764, 2.4517759269639807, 0.9323452241709633, 0.5, 1.0]","{""time"": 0.0, ""collisions"": 0.05, ""congestion"": 1.0, ""fairness"": 1.0, ""incomplete_base"": 1000.0, ""incomplete_agent"": 10.0}","[60.840947816826414, 26.027579365079365, 20.63859649122807, 61.50050319096711, 25.160771168535675, 22.4708461801987, 44.25357142857143, 53.1857367475292, 1037.5046493506493, 30.710191366266137]","[31.3, 28.8, 28.5, 29.1, 29.3, 27.8, 31.5, 31.8, 100.0, 32.1]"
ga,3,6,1045.6908237871137,87.02,170.8,0.6806538736938542,4.7,12.65616341991342,23.12633333333333,10.470169913419914,False,2.6,hospital_corridor,28,12,"[11, 29, 47, 53, 61, 73, 89, 97, 101, 109]","[4.142767783008224, 3.147436456614194, 1.1021931088291088, 0.5, 1.0]","{""time"": 0.0, ""collisions"": 0.05, ""congestion"": 1.0, ""fairness"": 1.0, ""incomplete_base"": 1000.0, ""incomplete_agent"": 10.0}","[1071.7858333333334, 1071.2714848484848, 1059.8335, 1063.9473333333333, 1049.6195, 1028.8576666666668, 1042.4765714285713, 23.468722943722945, 21.954009640666087, 23.69361567635904]","[100.0, 100.0, 100.0, 100.0, 100.0, 100.0, 100.0, 38.5, 97.80000000000001, 33.9]"
ga,3,7,136.84910806995572,30.240000000000002,2525.3,1.9412509270985627,5.6,12.114642857142858,20.7575,8.642857142857142,True,0.0,hospital_corridor,28,12,"[11, 29, 47, 53, 61, 73, 89, 97, 101, 109]","[2.856497658535946, 0.873790417889873, 0.7063140823041996, 0.5, 1.0]","{""time"": 0.0, ""collisions"": 0.05, ""congestion"": 1.0, ""fairness"": 1.0, ""incomplete_base"": 1000.0, ""incomplete_agent"": 10.0}","[173.90935960591133, 137.37329472329472, 103.52486772486773, 161.310268927715, 139.58577863577864, 100.87857142857143, 149.61146503646503, 163.14834556178965, 130.74195402298852, 108.40717503217503]","[29.0, 29.6, 29.700000000000003, 27.8, 29.6, 28.0, 33.300000000000004, 33.1, 29.0, 33.300000000000004]"
ga,3,8,82.98702220134459,29.320000000000004,1451.7,1.9746412489636191,6.0,11.281785714285714,19.70916666666667,8.427380952380954,True,0.0,hospital_corridor,28,12,"[11, 29, 47, 53, 61, 73, 89, 97, 101, 109]","[4.174262791534487, 3.2033334446718005, 0.7326828704010433, 0.5, 1.0]","{""time"": 0.0, ""collisions"": 0.05, ""congestion"": 1.0, ""fairness"": 1.0, ""incomplete_base"": 1000.0, ""incomplete_agent"": 10.0}","[253.3638718963656, 62.43621031746032, 41.52681485181486, 86.60141509433961, 71.41389171326894, 48.88053221288516, 78.38047619047619, 77.84455205811139, 63.128151260504204, 46.29430641821946]","[39.7, 28.8, 28.6, 26.5, 28.1, 27.200000000000003, 30.0, 29.5, 27.200000000000003, 27.6]"
ga,3,9,55.40656163647386,28.939999999999998,893.8,1.8788235412357697,5.2,11.056428571428572,19.894166666666667,8.837738095238096,True,0.0,hospital_corridor,28,12,"[11, 29, 47, 53, 61, 73, 89, 97, 101, 109]","[3.652688201067955, 2.9954181517735488, 0.7491439316392625, 0.5, 1.0]","{""time"": 0.0, ""collisions"": 0.05, ""congestion"": 1.0, ""fairness"": 1.0, ""incomplete_base"": 1000.0, ""incomplete_agent"": 10.0}","[92.17312925170069, 46.95648376997858, 44.580059523809524, 79.48719433719434, 38.784623709623716, 37.029892248870354, 51.78282591725215, 74.77238095238096, 51.30194415895855, 37.19708249496982]","[29.400000000000002, 28.900000000000002, 28.8, 29.6, 28.6, 27.400000000000002, 30.5, 30.0, 27.8, 28.400000000000002]"
ga,3,10,135.6825146210793,28.080000000000002,2508.3,1.9821574782221376,6.0,10.552142857142856,18.8375,8.285357142857142,True,0.0,hospital_corridor,28,12,"[11, 29, 47, 53, 61, 73, 89, 97, 101, 109]","[4.561286710990619, 1.776469062534947, 0.5964888522110285, 0.5, 1.0]","{""time"": 0.0, ""collisions"": 0.05, ""congestion"": 1.0, ""fairness"": 1.0, ""incomplete_base"": 1000.0, ""incomplete_agent"": 10.0}","[213.82089598997496, 149.36106442577034, 103.94965188241362, 115.23615485564304, 145.06324128164275, 108.79784308557373, 130.78911149825785, 167.14224000637046, 101.8784352486382, 120.78650793650795]","[30.400000000000002, 30.6, 27.700000000000003, 25.400000000000002, 26.900000000000002, 27.1, 28.700000000000003, 29.900000000000002, 27.1, 27.0]"
ga,3,11,126.57147764799232,27.4,2336.7,1.967549076563752,6.2,10.326071428571428,18.095000000000006,7.768928571428572,True,0.0,hospital_corridor,28,12,"[11, 29, 47, 53, 61, 73, 89, 97, 101, 109]","[4.729765339409969, 2.149069080409139, 0.6830422045820591, 0.5, 1.0]","{""time"": 0.0, ""collisions"": 0.05, ""congestion"": 1.0, ""fairness"": 1.0, ""incomplete_base"": 1000.0, ""incomplete_agent"": 10.0}","[187.9774516737388, 130.8382322713258, 100.43897515527952, 114.95591003199699, 133.84907604832978, 90.94537037037037, 130.8404761904762, 163.91708074534162, 101.76952205236339, 110.1826819407008]","[30.3, 27.8, 27.6, 25.3, 26.8, 27.0, 28.0, 27.6, 27.1, 26.5]"
ga,3,12,74.60695846633463,32.84,1256.3,1.7092203710965308,5.8,12.181428571428572,22.264166666666664,10.082738095238096,True,0.0,hospital_corridor,28,12,"[11, 29, 47, 53, 61, 73, 89, 97, 101, 109]","[2.539926379548533, 1.2880515444549823, 0.7606439721404707, 0.5, 1.0]","{""time"": 0.0, ""collisions"": 0.05, ""congestion"": 1.0, ""fairness"": 1.0, ""incomplete_base"": 1000.0, ""incomplete_agent"": 10.0}","[163.79654163341314, 53.51331168831169, 48.65756503879507, 82.7338917325888, 51.512205604263364, 60.18657159109378, 92.78812292358805, 78.32173496744542, 71.72406181015454, 42.83557767369243]","[35.800000000000004, 30.8, 31.3, 30.700000000000003, 27.700000000000003, 29.3, 38.7, 37.300000000000004, 30.200000000000003, 36.6]"
ga,3,13,1065.3083197514104,42.970000000000006,956.9,1.4847732978639914,5.5,10.239029304029305,19.21757575757576,8.978546453546453,False,0.7,hospital_corridor,28,12,"[11, 29, 47, 53, 61, 73, 89, 97, 101, 109]","[4.627345451811652, 1.4581207920749328, 1.0727279047387046, 0.5, 1.0]","{""time"": 0.0, ""collisions"": 0.05, ""congestion"": 1.0, ""fairness"": 1.0, ""incomplete_base"": 1000.0, ""incomplete_agent"": 10.0}","[88.25668693009119, 1072.1293333333333, 32.44327780582198, 1167.6803216783217, 28.725810536980752, 44.648339483394835, 47.83691631992603, 59.93501400560225, 79.20744573447755, 32.22005168615489]","[28.200000000000003, 100.0, 28.3, 100.0, 28.200000000000003, 27.1, 30.900000000000002, 30.6, 28.3, 28.1]"
ga,3,14,1042.5261161013375,44.660000000000004,592.0,1.4418628545842347,5.3,11.207261904761907,20.691515151515155,9.484253246753246,False,0.2,hospital_corridor,28,12,"[11, 29, 47, 53, 61, 73, 89, 97, 101, 109]","[3.8569646859251145, 1.7734390219886897, 0.9833842594761968, 0.5, 1.0]","{""time"": 0.0, ""collisions"": 0.05, ""congestion"": 1.0, ""fairness"": 1.0, ""incomplete_base"": 1000.0, ""incomplete_agent"": 10.0}","[104.30645896656536, 40.44044423138383, 1030.3366666666666, 41.29984848484848, 19.52965367965368, 22.79166666666667, 33.458333333333336, 49.84583333333334, 1051.4146753246753, 31.837580326248148]","[37.6, 29.8, 100.0, 27.5, 30.8, 28.8, 31.200000000000003, 32.0, 100.0, 28.900000000000002]"
ga,3,15,146.24132066643415,29.93,2714.5,1.9600111426246332,6.1,11.212857142857143,19.769166666666667,8.556309523809523,True,0.0,hospital_corridor,28,12,"[11, 29, 47, 53, 61, 73, 89, 97, 101, 109]","[3.648999274710027, 1.7478243869857755, 0.6866850256920211, 0.5, 1.0]","{""time"": 0.0, ""collisions"": 0.05, ""congestion"": 1.0, ""fairness"": 1.0, ""incomplete_base"": 1000.0, ""incomplete_agent"": 10.0}","[191.13495772140632, 141.61125083836353, 115.93158953722333, 142.62299182299182, 153.8520027505587, 109.41187000347585, 153.4198954359192, 196.7145824501908, 123.78636363636363, 133.92770246784846]","[32.1, 28.400000000000002, 28.400000000000002, 29.700000000000003, 27.700000000000003, 27.400000000000002, 33.7, 33.7, 30.8, 27.400000000000002]"
ga,3,16,1046.3611758642917,87.84,191.3,0.6261991114149008,4.6,12.016917186517187,22.18689393939394,10.169976752876753,False,2.6,hospital_corridor,28,12,"[11, 29, 47, 53, 61, 73, 89, 97, 101, 109]","[4.61856865768293, 2.517868463906285, 2.0071040187255496, 0.5, 1.0]","{""time"": 0.0, ""collisions"": 0.05, ""congestion"": 1.0, ""fairness"": 1.0, ""incomplete_base"": 1000.0, ""incomplete_agent"": 10.0}","[35.83419913419914, 1075.5640303030302, 1047.8587342657343, 1051.5596666666668, 1073.457484848485, 1048.598, 23.34298245614035, 1040.2234814814815, 1026.7, 1040.4731794871796]","[38.5, 100.0, 100.0, 100.0, 100.0, 100.0, 39.900000000000006, 100.0, 100.0, 100.0]"
ga,3,17,42.45675649568775,32.07,628.0,1.6793755433067972,5.4,11.984285714285715,21.361666666666668,9.377380952380951,True,0.0,hospital_corridor,28,12,"[11, 29, 47, 53, 61, 73, 89, 97, 101, 109]","[2.875448895849028, 1.5944585727228193, 0.8616464811530791, 0.5, 1.0]","{""time"": 0.0, ""collisions"": 0.05, ""congestion"": 1.0, ""fairness"": 1.0, ""incomplete_base"": 1000.0, ""incomplete_agent"": 10.0}","[134.18131360723712, 23.24701213818861, 22.694188861985474, 47.68473581213307, 19.422994987468673, 30.230717318774648, 42.32876082251082, 39.58488845988846, 38.61764069264069, 26.575312256049962]","[37.9, 30.6, 29.5, 29.200000000000003, 32.300000000000004, 31.400000000000002, 35.2, 33.300000000000004, 30.8, 30.5]"
ga,3,18,134.56007090839796,28.279999999999994,2491.0,2.026737575064601,5.8,10.745000000000001,18.72833333333333,7.983333333333334,True,0.0,hospital_corridor,28,12,"[11, 29, 47, 53, 61, 73, 89, 97, 101, 109]","[4.158390419580425, 0.319586287309488, 0.6099977085169515, 0.5, 1.0]","{""time"": 0.0, ""collisions"": 0.05, ""congestion"": 1.0, ""fairness"": 1.0, ""incomplete_base"": 1000.0, ""incomplete_agent"": 10.0}","[172.36933471137652, 146.46162514827998, 116.96102150537637, 118.07747747747749, 145.06575630252104, 101.10696778711485, 145.83430335097003, 164.40117811830615, 105.53683473389356, 129.7862099486635]","[31.1, 28.1, 27.900000000000002, 25.900000000000002, 27.200000000000003, 27.200000000000003, 32.4, 28.900000000000002, 27.200000000000003, 26.900000000000002]"
ga,3,19,64.44235413600668,32.150000000000006,1061.7,1.6772350883876235,5.5,11.628214285714288,21.30833333333333,9.680119047619048,True,0.0,hospital_corridor,28,12,"[11, 29, 47, 53, 61, 73, 89, 97, 101, 109]","[3.258530872636707, 1.2977160878108298, 0.8700679578661463, 0.5, 1.0]","{""time"": 0.0, ""collisions"": 0.05, ""congestion"": 1.0, ""fairness"": 1.0, ""incomplete_base"": 1000.0, ""incomplete_agent"": 10.0}","[196.15581906632988, 37.8014705882353, 33.52245484400657, 67.38660714285714, 51.50615680615681, 34.57218309859155, 57.43809523809524, 73.9740085624155, 52.03521891978268, 40.03152709359606]","[50.900000000000006, 30.6, 29.0, 28.8, 29.700000000000003, 28.400000000000002, 33.6, 31.700000000000003, 29.8, 29.0]"
ga,3,20,69.82167713446755,28.0,1190.1,1.8277485630389816,5.7,10.198571428571428,18.6875,8.48892857142857,True,0.0,hospital_corridor,28,12,"[11, 29, 47, 53, 61, 73, 89, 97, 101, 109]","[4.586199202675958, 1.4917235004035028, 0.7643532882713884, 0.5, 1.0]","{""time"": 0.0, ""collisions"": 0.05, ""congestion"": 1.0, ""fairness"": 1.0, ""incomplete_base"": 1000.0, ""incomplete_agent"": 10.0}","[152.56156462585037, 66.39523809523808, 46.25790425710921, 71.5216201423098, 44.62313664596274, 50.08525742400282, 58.45293536187039, 80.99953314659197, 75.14714900720436, 52.17243263853585]","[29.400000000000002, 28.0, 28.3, 26.1, 27.6, 27.1, 27.700000000000003, 30.6, 27.1, 28.1]"
ga,3,21,41.78923610635985,34.08,605.9,1.544117058740807,5.7,12.060714285714287,22.010833333333338,9.950119047619047,True,0.0,hospital_corridor,28,12,"[11, 29, 47, 53, 61, 73, 89, 97, 101, 109]","[2.581072628684227, 1.2544488361264123, 0.9056288500568284, 0.5, 1.0]","{""time"": 0.0, ""collisions"": 0.05, ""congestion"": 1.0, ""fairness"": 1.0, ""incomplete_base"": 1000.0, ""incomplete_agent"": 10.0}","[103.203078817734, 36.72857142857143, 23.881195025781015, 35.25006370441153, 22.342991491267355, 46.29761904761905, 38.75793441387109, 46.36460820639495, 35.22619047619048, 29.840108451757672]","[34.800000000000004, 36.0, 31.400000000000002, 29.900000000000002, 31.900000000000002, 33.6, 37.9, 34.7, 32.4, 38.2]"
ga,3,22,111.24266236079085,28.23,2017.4,1.9330195036479847,5.6,10.560357142857145,19.000000000000007,8.439642857142857,True,0.0,hospital_corridor,28,12,"[11, 29, 47, 53, 61, 73, 89, 97, 101, 109]","[4.298483459807595, 0.40514525718350936, 0.8355539510311683, 0.5, 1.0]","{""time"": 0.0, ""collisions"": 0.05, ""congestion"": 1.0, ""fairness"": 1.0, ""incomplete_base"": 1000.0, ""incomplete_agent"": 10.0}","[240.29848858038517, 94.72738095238095, 74.25742790073777, 90.11827731092438, 86.19593837535014, 83.87084431558603, 111.02156862745097, 141.468564993565, 80.88869047619048, 109.5794420753376]","[31.900000000000002, 28.0, 28.400000000000002, 25.5, 27.200000000000003, 27.1, 30.6, 29.6, 27.200000000000003, 26.8]"
ga,3,23,1051.4167214042418,36.07000000000001,740.9,1.553685689956195,5.2,10.464464285714287,19.2825,8.818035714285717,False,0.4,hospital_corridor,28,12,"[11, 29, 47, 53, 61, 73, 89, 97, 101, 109]","[4.583207960874315, 1.3633200786838247, 1.286616018414509, 0.5, 1.0]","{""time"": 0.0, ""collisions"": 0.05, ""congestion"": 1.0, ""fairness"": 1.0, ""incomplete_base"": 1000.0, ""incomplete_agent"": 10.0}","[90.8237849779087, 1072.7348333333334, 34.53869885982562, 42.8218253968254, 32.12405414220483, 40.22396103896104, 45.99436407474382, 56.55529012929675, 57.838877788877795, 40.511524300441835]","[29.1, 100.0, 28.400000000000002, 27.0, 29.200000000000003, 27.5, 31.6, 30.200000000000003, 28.6, 29.1]"
ga,4,0,37.20424703248786,29.270000000000003,533.1,1.7281756039164264,5.2,10.993928571428572,19.815000000000005,8.821071428571429,True,0.0,hospital_corridor,28,12,"[11, 29, 47, 53, 61, 73, 89, 97, 101, 109]","[4.599594271757764, 2.11256587308484, 1.0021672654456706, 0.5, 1.0]","{""time"": 0.0, ""collisions"": 0.05, ""congestion"": 1.0, ""fairness"": 1.0, ""incomplete_base"": 1000.0, ""incomplete_agent"": 10.0}","[63.38684210526316, 29.967276322293625, 20.529912810194503, 56.810828501142154, 25.843260694108153, 22.075902389425522, 37.48982334869432, 43.49913249211357, 35.01150793650794, 37.427983725135626]","[28.5, 28.900000000000002, 28.400000000000002, 27.1, 29.5, 28.1, 31.0, 31.700000000000003, 27.900000000000002, 31.6]"
ga,4,1,37.20424703248786,29.270000000000003,533.1,1.7281756039164264,5.2,10.993928571428572,19.815000000000005,8.821071428571429,True,0.0,hospital_corridor,28,12,"[11, 29, 47, 53, 61, 73, 89, 97, 101, 109]","[4.599594271757764, 2.11256587308484, 1.0021672654456706, 0.5, 1.0]","{""time"": 0.0, ""collisions"": 0.05, ""congestion"": 1.0, ""fairness"": 1.0, ""incomplete_base"": 1000.0, ""incomplete_agent"": 10.0}","[63.38684210526316, 29.967276322293625, 20.529912810194503, 56.810828501142154, 25.843260694108153, 22.075902389425522, 37.48982334869432, 43.49913249211357, 35.01150793650794, 37.427983725135626]","[28.5, 28.900000000000002, 28.400000000000002, 27.1, 29.5, 28.1, 31.0, 31.700000000000003, 27.900000000000002, 31.6]"
ga,4,2,69.82153780099003,30.1,1185.5,1.744394943847166,5.5,11.457857142857142,20.26,8.802142857142858,True,0.0,hospital_corridor,28,12,"[11, 29, 47, 53, 61, 73, 89, 97, 101, 109]","[2.895008799226826, 1.912259030927343, 0.7376518694753706, 0.5, 1.0]","{""time"": 0.0, ""collisions"": 0.05, ""congestion"": 1.0, ""fairness"": 1.0, ""incomplete_base"": 1000.0, ""incomplete_agent"": 10.0}","[103.29113300492611, 63.14093954947249, 48.35044031311155, 94.64646643109542, 58.19632241431605, 50.04987468671679, 71.49765100671141, 80.48964803312629, 87.17517006802721, 41.37773250239694]","[29.0, 33.4, 29.200000000000003, 28.3, 31.400000000000002, 28.5, 29.8, 32.2, 29.400000000000002, 29.8]"
ga,4,3,99.10565769687426,28.93,1761.9,1.8885148397313798,5.9,10.840357142857144,19.9625,9.122142857142858,True,0.0,hospital_corridor,28,12,"[11, 29, 47, 53, 61, 73, 89, 97, 101, 109]","[3.614177060377075, 1.9569495387360787, 0.7178061444680914, 0.5, 1.0]","{""time"": 0.0, ""collisions"": 0.05, ""congestion"": 1.0, ""fairness"": 1.0, ""incomplete_base"": 1000.0, ""incomplete_agent"": 10.0}","[170.7263392857143, 127.2950680272109, 62.07261904761905, 113.3931236673774, 81.31230436230437, 68.60536148766076, 99.81292912513842, 120.3412724692526, 79.01127911018422, 68.48628038628038]","[32.0, 29.400000000000002, 28.8, 26.8, 28.6, 27.400000000000002, 30.1, 30.200000000000003, 27.400000000000002, 28.6]"
ga,4,4,29.16493703518173,30.670000000000005,370.0,1.7064846542293464,5.6,11.598214285714286,20.556666666666665,8.958452380952384,True,0.0,hospital_corridor,28,12,"[11, 29, 47, 53, 61, 73, 89, 97, 101, 109]","[3.7612108740020966, 2.1650345318532382, 0.9983696936406959, 0.5, 1.0]","{""time"": 0.0, ""collisions"": 0.05, ""congestion"": 1.0, ""fairness"": 1.0, ""incomplete_base"": 1000.0, ""incomplete_agent"": 10.0}","[76.6187675070028, 20.208602150537637, 14.207674246169056, 20.48843840027114, 16.08026024363234, 29.49652777777778, 32.91369047619048, 28.704547844374346, 29.834974259974263, 23.095887445887445]","[35.7, 31.0, 28.900000000000002, 28.1, 30.1, 28.8, 32.0, 31.700000000000003, 29.6, 30.8]"
ga,4,5,61.238947394146464,28.950000000000006,1008.1,1.7733521560512213,5.5,10.58107142857143,19.64166666666667,9.06059523809524,True,0.0,hospital_corridor,28,12,"[11, 29, 47, 53, 61, 73, 89, 97, 101, 109]","[4.12317173087857, 1.371167169722077, 0.873865529671121, 0.5, 1.0]","{""time"": 0.0, ""collisions"": 0.05, ""congestion"": 1.0, ""fairness"": 1.0, ""incomplete_base"": 1000.0, ""incomplete_agent"": 10.0}","[147.9094720496894, 48.14193030153238, 36.5140230469412, 63.22768301350392, 39.82763902763904, 39.08102240896359, 70.6171992481203, 63.12351994851995, 62.72375776397516, 41.22322713257965]","[34.5, 28.900000000000002, 28.1, 26.8, 28.6, 27.200000000000003, 30.400000000000002, 29.6, 27.6, 27.8]"
ga,4,6,52.804929126956225,29.660000000000004,842.8,1.7726672221943187,5.7,11.50607142857143,20.398333333333333,8.892261904761904,True,0.0,hospital_corridor,28,12,"[11, 29, 47, 53, 61, 73, 89, 97, 101, 109]","[3.079235133999293, 1.6200376563291499, 0.7840132871804886, 0.5, 1.0]","{""time"": 0.0, ""collisions"": 0.05, ""congestion"": 1.0, ""fairness"": 1.0, ""incomplete_base"": 1000.0, ""incomplete_agent"": 10.0}","[87.66829573934838, 38.66503126503127, 29.790537555228276, 51.441147186147184, 49.55416053019146, 45.53721184586909, 48.01011904761905, 65.88139880952382, 66.4632536973834, 45.03813559322034]","[28.5, 29.700000000000003, 29.1, 27.5, 29.1, 28.3, 33.6, 32.0, 29.3, 29.5]"
ga,4,7,63.500414983658786,30.3,1045.6,1.9120816503254514,5.6,11.360000000000003,20.668333333333333,9.308333333333334,True,0.0,hospital_corridor,28,12,"[11, 29, 47, 53, 61, 73, 89, 97, 101, 109]","[3.4452130365597617, 2.0350926021817517, 0.7643182196646117, 0.5, 1.0]","{""time"": 0.0, ""collisions"": 0.05, ""congestion"": 1.0, ""fairness"": 1.0, ""incomplete_base"": 1000.0, ""incomplete_agent"": 10.0}","[135.8750744047619, 81.26212567501227, 47.32370654144011, 85.02579867389994, 44.914575289575296, 33.738484848484845, 54.28099141295863, 60.14915413533834, 47.38125, 45.05298885511651]","[38.400000000000006, 29.1, 28.900000000000002, 31.6, 29.6, 27.5, 30.5, 30.400000000000002, 28.8, 28.200000000000003]"
ga,4,8,47.2651533944587,29.0,737.4,1.8602724420777492,5.7,10.976785714285715,19.511666666666667,8.53488095238095,True,0.0,hospital_corridor,28,12,"[11, 29, 47, 53, 61, 73, 89, 97, 101, 109]","[4.290012546566458, 2.7538126676613004, 0.7807949401830124, 0.5, 1.0]","{""time"": 0.0, ""collisions"": 0.05, ""congestion"": 1.0, ""fairness"": 1.0, ""incomplete_base"": 1000.0, ""incomplete_agent"": 10.0}","[147.77747747747748, 45.53278164924506, 24.20639097744361, 58.37368421052632, 26.610688956433634, 23.40672268907563, 42.45687875832927, 43.297108843537416, 32.86677170868347, 28.123028673835126]","[37.0, 28.700000000000003, 28.5, 26.6, 28.200000000000003, 27.200000000000003, 29.3, 29.400000000000002, 27.200000000000003, 27.900000000000002]"
ga,4,9,30.974259702491928,29.5,407.7,1.7968787501109709,5.5,11.311785714285715,20.104166666666668,8.792380952380954,True,0.0,hospital_corridor,28,12,"[11, 29, 47, 53, 61, 73, 89, 97, 101, 109]","[4.483844516725793, 2.56208665009534, 0.9540551956637014, 0.5, 1.0]","{""time"": 0.0, ""collisions"": 0.05, ""congestion"": 1.0, ""fairness"": 1.0, ""incomplete_base"": 1000.0, ""incomplete_agent"": 10.0}","[57.68436768149883, 27.301276386843398, 18.781997677119627, 38.322584033613445, 19.96666666666667, 18.982462877624172, 34.58694741740345, 38.202930402930406, 27.174854402192533, 28.738509479026717]","[30.5, 29.1, 28.700000000000003, 27.200000000000003, 30.0, 27.900000000000002, 30.700000000000003, 31.200000000000003, 27.8, 31.900000000000002]"
ga,4,10,37.20424703248786,29.270000000000003,533.1,1.7281756039164264,5.2,10.993928571428572,19.815000000000005,8.821071428571429,True,0.0,hospital_corridor,28,12,"[11, 29, 47, 53, 61, 73, 89, 97, 101, 109]","[4.599594271757764, 2.11256587308484, 1.0021672654456706, 0.5, 1.0]","{""time"": 0.0, ""collisions"": 0.05, ""congestion"": 1.0, ""fairness"": 1.0, ""incomplete_base"": 1000.0, ""incomplete_agent"": 10.0}","[63.38684210526316, 29.967276322293625, 20.529912810194503, 56.810828501142154, 25.843260694108153, 22.075902389425522, 37.48982334869432, 43.49913249211357, 35.01150793650794, 37.427983725135626]","[28.5, 28.900000000000002, 28.400000000000002, 27.1, 29.5, 28.1, 31.0, 31.700000000000003, 27.900000000000002, 31.6]"
ga,4,11,1031.2065542314917,38.06,388.4,1.5762103161478966,5.6,11.727156084656087,20.9375,9.210343915343916,False,0.1,hospital_corridor,28,12,"[11, 29, 47, 53, 61, 73, 89, 97, 101, 109]","[3.6676102805124744, 2.11256587308484, 1.0021672654456706, 0.5, 1.0]","{""time"": 0.0, ""collisions"": 0.05, ""congestion"": 1.0, ""fairness"": 1.0, ""incomplete_base"": 1000.0, ""incomplete_agent"": 10.0}","[64.66842532467533, 17.28594470046083, 14.775331369661268, 44.102793493635076, 19.35888704318937, 1033.703962962963, 26.735559006211183, 29.820982142857144, 35.435734193342896, 26.177922077922076]","[35.2, 31.0, 29.1, 30.3, 30.1, 100.0, 32.2, 32.0, 29.900000000000002, 30.8]"
ga,4,12,1037.300703464934,50.980000000000004,379.9,1.313855220585706,5.1,11.383985088985089,20.375833333333336,8.991848244348244,False,0.8,hospital_corridor,28,12,"[11, 29, 47, 53, 61, 73, 89, 97, 101, 109]","[4.599594271757764, 2.4517759269639807, 1.1189126604184676, 0.5, 1.0]","{""time"": 0.0, ""collisions"": 0.05, ""congestion"": 1.0, ""fairness"": 1.0, ""incomplete_base"": 1000.0, ""incomplete_agent"": 10.0}","[60.30279880163987, 1079.6567575757576, 1022.4205925925926, 27.565258950295448, 23.609931077694238, 1029.4167037037037, 38.66847826086957, 26.86678224687934, 29.882563520107695, 34.6171679197995]","[30.200000000000003, 100.0, 100.0, 27.400000000000002, 30.400000000000002, 100.0, 32.2, 30.900000000000002, 28.3, 30.400000000000002]"
ga,4,13,42.18843352521712,29.929999999999996,626.5,1.7098620966456892,5.2,11.151428571428573,20.305,9.153571428571428,True,0.0,hospital_corridor,28,12,"[11, 29, 47, 53, 61, 73, 89, 97, 101, 109]","[3.913948444167569, 1.6629840738317045, 0.9970614001442869, 0.5, 1.0]","{""time"": 0.0, ""collisions"": 0.05, ""congestion"": 1.0, ""fairness"": 1.0, ""incomplete_base"": 1000.0, ""incomplete_agent"": 10.0}","[105.41306083126894, 33.645785070785074, 27.064111498257837, 47.44585921325052, 24.894712070874863, 27.713044936284373, 38.7956812377948, 47.823268398268404, 39.53334157192289, 29.555470423463504]","[34.6, 29.6, 28.700000000000003, 27.6, 30.1, 28.400000000000002, 31.700000000000003, 30.8, 28.900000000000002, 28.900000000000002]"
ga,4,14,27.97496973921933,31.76,340.8,1.8379459296955178,5.3,11.934642857142858,21.031666666666666,9.097023809523808,True,0.0,hospital_corridor,28,12,"[11, 29, 47, 53, 61, 73, 89, 97, 101, 109]","[3.1740273885536987, 3.100659796349805, 0.796607963190498, 0.5, 1.0]","{""time"": 0.0, ""collisions"": 0.05, ""congestion"": 1.0, ""fairness"": 1.0, ""incomplete_base"": 1000.0, ""incomplete_agent"": 10.0}","[58.38928571428572, 17.959878587196467, 21.487654924983694, 36.19252118025125, 24.989560439560442, 18.331533101045295, 25.27834044065387, 25.35036075036075, 31.63099968464207, 20.139562569213734]","[33.6, 30.200000000000003, 29.200000000000003, 32.6, 29.900000000000002, 28.700000000000003, 33.5, 39.6, 30.200000000000003, 30.1]"
ga,4,15,47.51815875610245,30.060000000000002,729.6,1.8144682799119725,5.7,11.324642857142859,20.548333333333336,9.223690476190479,True,0.0,hospital_corridor,28,12,"[11, 29, 47, 53, 61, 73, 89, 97, 101, 109]","[3.3541097083632847, 1.7588585710001974, 0.8141824496018436, 0.5, 1.0]","{""time"": 0.0, ""collisions"": 0.05, ""congestion"": 1.0, ""fairness"": 1.0, ""incomplete_base"": 1000.0, ""incomplete_agent"": 10.0}","[97.3872340425532, 30.550375519335255, 37.49858708189158, 70.41404682274248, 54.54536340852131, 29.140476190476193, 40.809981684981686, 48.2547619047619, 33.09980852480852, 33.48095238095239]","[32.9, 29.8, 28.900000000000002, 29.900000000000002, 30.400000000000002, 28.0, 32.5, 30.8, 28.6, 28.8]"
ga,4,16,1094.0826248052585,51.870000000000005,1469.6,1.3056638495476407,4.9,11.36849358974359,20.665454545454544,9.296960955710956,False,1.0,hospital_corridor,28,12,"[11, 29, 47, 53, 61, 73, 89, 97, 101, 109]","[3.130119290747751, 0.8546010010915535, 1.1121381956347414, 0.5, 1.0]","{""time"": 0.0, ""collisions"": 0.05, ""congestion"": 1.0, ""fairness"": 1.0, ""incomplete_base"": 1000.0, ""incomplete_agent"": 10.0}","[110.74693877551022, 1082.2168333333334, 46.60034013605443, 1189.3358041958043, 1159.598972027972, 54.198658618376925, 92.22700699876494, 85.15277777777779, 64.01813725490197, 56.7307789340902]","[29.400000000000002, 100.0, 29.400000000000002, 100.0, 100.0, 28.400000000000002, 34.7, 36.0, 30.6, 30.200000000000003]"
ga,4,17,45.108077624637296,30.770000000000003,681.9,1.7330776246372968,5.6,11.575,20.855000000000004,9.28,True,0.0,hospital_corridor,28,12,"[11, 29, 47, 53, 61, 73, 89, 97, 101, 109]","[3.003860477737984, 1.4037383813317916, 0.8647637448551861, 0.5, 1.0]","{""time"": 0.0, ""collisions"": 0.05, ""congestion"": 1.0, ""fairness"": 1.0, ""incomplete_base"": 1000.0, ""incomplete_agent"": 10.0}","[94.41173992673993, 30.30072209211554, 27.511054421768712, 66.51664133738602, 24.891442715700144, 36.7649612786291, 43.4947563996697, 48.876549053356285, 45.26395568128241, 33.04895333972515]","[32.5, 30.5, 29.400000000000002, 28.200000000000003, 30.3, 28.900000000000002, 34.6, 33.2, 30.3, 29.8]"
ga,4,18,40.851067564322875,30.5,592.3,1.712377088132404,5.4,11.457142857142857,20.980833333333333,9.523690476190477,True,0.0,hospital_corridor,28,12,"[11, 29, 47, 53, 61, 73, 89, 97, 101, 109]","[3.579315178857267, 1.646506295898675, 0.9941651462099705, 0.5, 1.0]","{""time"": 0.0, ""collisions"": 0.05, ""congestion"": 1.0, ""fairness"": 1.0, ""incomplete_base"": 1000.0, ""incomplete_agent"": 10.0}","[82.93727106227107, 54.63145071982282, 20.505903289150712, 43.87151817716334, 19.872380952380954, 23.344088811995384, 40.39276131505234, 43.63233875828813, 50.61600660066007, 28.706955956444013]","[31.200000000000003, 34.4, 29.1, 27.900000000000002, 30.0, 28.900000000000002, 32.300000000000004, 31.6, 30.3, 29.3]"
ga,4,19,34.1896881189452,30.96,468.3,1.679688118945196,4.9,11.925,21.02,9.095,True,0.0,hospital_corridor,28,12,"[11, 29, 47, 53, 61, 73, 89, 97, 101, 109]","[3.4817070944107185, 1.8822756052963179, 0.9945332165047311, 0.5, 1.0]","{""time"": 0.0, ""collisions"": 0.05, ""congestion"": 1.0, ""fairness"": 1.0, ""incomplete_base"": 1000.0, ""incomplete_agent"": 10.0}","[72.40700219569095, 16.992763157894736, 16.375601374570447, 29.149209153626117, 29.1364168618267, 32.168353831598864, 46.75442022730543, 32.2615750915751, 43.474961222273926, 23.176578073089704]","[34.7, 30.400000000000002, 29.1, 28.3, 30.5, 30.200000000000003, 33.1, 32.5, 30.700000000000003, 30.1]"
ga,4,20,41.39052815771403,31.610000000000003,605.0,1.625290062475932,5.4,11.696428571428573,21.211666666666666,9.515238095238095,True,0.0,hospital_corridor,28,12,"[11, 29, 47, 53, 61, 73, 89, 97, 101, 109]","[3.0937294943600406, 1.587750330825413, 0.8903570270317732, 0.5, 1.0]","{""time"": 0.0, ""collisions"": 0.05, ""congestion"": 1.0, ""fairness"": 1.0, ""incomplete_base"": 1000.0, ""incomplete_agent"": 10.0}","[89.37183908045978, 23.452771272443407, 22.330102040816328, 55.77280763790665, 20.9234126984127, 31.033063328424156, 37.26023600055858, 69.35869565217392, 39.18226900031536, 25.22008486562942]","[34.800000000000004, 30.5, 29.400000000000002, 30.3, 30.6, 29.1, 34.1, 36.800000000000004, 30.200000000000003, 30.3]"
ga,4,21,43.75053839334592,32.540000000000006,645.3,1.713038393345918,5.1,12.114999999999998,21.8875,9.772500000000003,True,0.0,hospital_corridor,28,12,"[11, 29, 47, 53, 61, 73, 89, 97, 101, 109]","[2.5932707142889093, 1.3256661390245386, 0.8619239076791124, 0.5, 1.0]","{""time"": 0.0, ""collisions"": 0.05, ""congestion"": 1.0, ""fairness"": 1.0, ""incomplete_base"": 1000.0, ""incomplete_agent"": 10.0}","[83.80536113774369, 26.239160200821544, 24.26609062980031, 60.80624592302675, 25.750793650793653, 48.291917293233084, 45.5646294881589, 42.137215320910975, 47.90124542124542, 32.742724867724874]","[29.8, 31.3, 31.0, 29.200000000000003, 31.5, 30.400000000000002, 37.4, 34.5, 32.5, 37.800000000000004]"
ga,4,22,45.20429390639616,30.759999999999998,688.3,1.6673891444913949,5.5,11.418928571428571,20.540833333333335,9.121904761904762,True,0.0,hospital_corridor,28,12,"[11, 29, 47, 53, 61, 73, 89, 97, 101, 109]","[3.104046941500178, 1.3941960676329457, 0.8664591554362836, 0.5, 1.0]","{""time"": 0.0, ""collisions"": 0.05, ""congestion"": 1.0, ""fairness"": 1.0, ""incomplete_base"": 1000.0, ""incomplete_agent"": 10.0}","[83.12857142857145, 36.29903100775194, 29.479908675799088, 45.367098796814105, 27.586973223794313, 32.55748418248419, 46.020719871526325, 69.28137065637065, 50.78521659499921, 31.53656462585034]","[33.6, 30.1, 29.200000000000003, 28.1, 31.3, 28.6, 34.1, 33.300000000000004, 29.900000000000002, 29.400000000000002]"
ga,4,23,47.14101315955051,31.93,715.3,1.6672036357409794,5.8,11.682857142857145,21.391666666666666,9.708809523809524,True,0.0,hospital_corridor,28,12,"[11, 29, 47, 53, 61, 73, 89, 97, 101, 109]","[3.0299328269855565, 1.5115978811392616, 0.8652552835829418, 0.5, 1.0]","{""time"": 0.0, ""collisions"": 0.05, ""congestion"": 1.0, ""fairness"": 1.0, ""incomplete_base"": 1000.0, ""incomplete_agent"": 10.0}","[130.62724252491694, 55.01633444075304, 22.78910693970421, 37.57097132970836, 22.497462919594067, 36.735224558050646, 43.54690685658428, 52.71322188449848, 40.79408297972655, 29.119577161968465]","[34.4, 34.4, 29.3, 28.900000000000002, 30.5, 29.900000000000002, 34.1, 37.6, 30.3, 29.900000000000002]"
ga,5,0,27.97496973921933,31.76,340.8,1.8379459296955178,5.3,11.934642857142858,21.031666666666666,9.097023809523808,True,0.0,hospital_corridor,28,12,"[11, 29, 47, 53, 61, 73, 89, 97, 101, 109]","[3.1740273885536987, 3.100659796349805, 0.796607963190498, 0.5, 1.0]","{""time"": 0.0, ""collisions"": 0.05, ""congestion"": 1.0, ""fairness"": 1.0, ""incomplete_base"": 1000.0, ""incomplete_agent"": 10.0}","[58.38928571428572, 17.959878587196467, 21.487654924983694, 36.19252118025125, 24.989560439560442, 18.331533101045295, 25.27834044065387, 25.35036075036075, 31.63099968464207, 20.139562569213734]","[33.6, 30.200000000000003, 29.200000000000003, 32.6, 29.900000000000002, 28.700000000000003, 33.5, 39.6, 30.200000000000003, 30.1]"
ga,5,1,29.16493703518173,30.670000000000005,370.0,1.7064846542293464,5.6,11.598214285714286,20.556666666666665,8.958452380952384,True,0.0,hospital_corridor,28,12,"[11, 29, 47, 53, 61, 73, 89, 97, 101, 109]","[3.7612108740020966, 2.1650345318532382, 0.9983696936406959, 0.5, 1.0]","{""time"": 0.0, ""collisions"": 0.05, ""congestion"": 1.0, ""fairness"": 1.0, ""incomplete_base"": 1000.0, ""incomplete_agent"": 10.0}","[76.6187675070028, 20.208602150537637, 14.207674246169056, 20.48843840027114, 16.08026024363234, 29.49652777777778, 32.91369047619048, 28.704547844374346, 29.834974259974263, 23.095887445887445]","[35.7, 31.0, 28.900000000000002, 28.1, 30.1, 28.8, 32.0, 31.700000000000003, 29.6, 30.8]"
ga,5,2,1034.547820191744,36.72,464.1,1.6010561224798316,5.1,11.050357142857143,19.79212121212121,8.74176406926407,False,0.1,hospital_corridor,28,12,"[11, 29, 47, 53, 61, 73, 89, 97, 101, 109]","[4.40108336762292, 2.11256587308484, 1.0021672654456706, 0.5, 1.0]","{""time"": 0.0, ""collisions"": 0.05, ""congestion"": 1.0, ""fairness"": 1.0, ""incomplete_base"": 1000.0, ""incomplete_agent"": 10.0}","[62.866574120814406, 23.126499423298732, 22.396491228070175, 34.477871148459386, 20.37728696741855, 22.386195542046607, 29.336080586080588, 45.21843132751493, 1046.580831168831, 38.711940404904475]","[28.3, 28.900000000000002, 28.5, 27.200000000000003, 30.400000000000002, 28.200000000000003, 31.200000000000003, 31.1, 100.0, 33.4]"
ga,5,3,37.97729875877013,29.78,549.3,1.6756320921034693,5.1,11.040000000000001,19.87666666666667,8.836666666666666,True,0.0,hospital_corridor,28,12,"[11, 29, 47, 53, 61, 73, 89, 97, 101, 109]","[4.599594271757764, 2.11256587308484, 1.0022933897453938, 0.5, 1.0]","{""time"": 0.0, ""collisions"": 0.05, ""congestion"": 1.0, ""fairness"": 1.0, ""incomplete_base"": 1000.0, ""incomplete_agent"": 10.0}","[58.693859649122814, 25.725753830944143, 20.541767270288396, 76.61300705467373, 26.19683212267958, 22.075902389425522, 30.49976958525346, 43.39894514767933, 37.20651561699949, 38.82063492063492]","[28.5, 28.900000000000002, 28.400000000000002, 32.4, 29.5, 28.1, 31.0, 31.6, 27.900000000000002, 31.5]"
ga,5,4,29.487735166606626,31.57,372.2,1.668687547559006,5.8,11.866785714285713,21.075833333333335,9.20904761904762,True,0.0,hospital_corridor,28,12,"[11, 29, 47, 53, 61, 73, 89, 97, 101, 109]","[3.1764629311734196, 1.860581600623193, 0.9432989411016978, 0.5, 1.0]","{""time"": 0.0, ""collisions"": 0.05, ""congestion"": 1.0, ""fairness"": 1.0, ""incomplete_base"": 1000.0, ""incomplete_agent"": 10.0}","[68.82171758876962, 17.50265627423608, 15.914810330912026, 25.67773892773893, 15.503356752537082, 33.84566052227343, 28.567620419925895, 34.274859943977596, 32.86377217553688, 21.905158730158732]","[34.6, 30.700000000000003, 29.5, 28.6, 30.5, 31.0, 34.7, 34.0, 30.6, 31.5]"
ga,5,5,37.88770003204275,30.400000000000006,539.5,1.6799619368046532,5.1,11.401428571428571,20.63416666666667,9.232738095238096,True,0.0,hospital_corridor,28,12,"[11, 29, 47, 53, 61, 73, 89, 97, 101, 109]","[3.3091046409752827, 1.6290709268043402, 0.9159980202582194, 0.5, 1.0]","{""time"": 0.0, ""collisions"": 0.05, ""congestion"": 1.0, ""fairness"": 1.0, ""incomplete_base"": 1000.0, ""incomplete_agent"": 10.0}","[85.37463369963369, 23.94922480620155, 17.84044357469015, 52.73091425182173, 30.329900332225915, 24.643205574912894, 43.06252151462995, 43.340784832451504, 31.105564784053158, 26.49980694980695]","[32.5, 30.1, 29.200000000000003, 28.1, 30.1, 28.700000000000003, 33.2, 32.4, 30.1, 29.6]"
ga,5,6,40.227777673664974,30.320000000000004,585.9,1.8550395784268805,5.7,11.826428571428572,20.904166666666665,9.077738095238095,True,0.0,hospital_corridor,28,12,"[11, 29, 47, 53, 61, 73, 89, 97, 101, 109]","[2.9739099013895123, 2.118012955693616, 0.7869166750861696, 0.5, 1.0]","{""time"": 0.0, ""collisions"": 0.05, ""congestion"": 1.0, ""fairness"": 1.0, ""incomplete_base"": 1000.0, ""incomplete_agent"": 10.0}","[66.65041192947767, 28.009389782403034, 29.913314643263448, 57.967532467532465, 21.909123275478418, 25.417223910840935, 43.35, 42.06042680229987, 57.91225868725869, 29.088095238095235]","[28.900000000000002, 30.200000000000003, 29.3, 28.6, 32.1, 28.200000000000003, 33.6, 32.300000000000004, 29.6, 30.400000000000002]"
ga,5,7,33.489658927129994,29.99,453.0,1.728825593796658,5.3,11.337500000000002,20.448333333333334,9.110833333333334,True,0.0,hospital_corridor,28,12,"[11, 29, 47, 53, 61, 73, 89, 97, 101, 109]","[3.6823097718394107, 1.9592806070869653, 0.949104888029897, 0.5, 1.0]","{""time"": 0.0, ""collisions"": 0.05, ""congestion"": 1.0, ""fairness"": 1.0, ""incomplete_base"": 1000.0, ""incomplete_agent"": 10.0}","[69.598075998076, 27.437619047619048, 15.510416666666668, 43.87545724172022, 17.768487394957983, 21.377903600464577, 37.87345013477089, 35.63482142857143, 39.490791548407444, 26.329566210045662]","[29.700000000000003, 30.0, 28.8, 28.900000000000002, 30.6, 28.700000000000003, 31.8, 32.0, 30.200000000000003, 29.200000000000003]"
ga,5,8,32.539363198582876,30.25,436.1,1.683887008106679,5.2,11.445357142857144,20.495833333333334,9.050476190476191,True,0.0,hospital_corridor,28,12,"[11, 29, 47, 53, 61, 73, 89, 97, 101, 109]","[3.954185138753908, 2.0765368155600323, 0.9970775099771776, 0.5, 1.0]","{""time"": 0.0, ""collisions"": 0.05, ""congestion"": 1.0, ""fairness"": 1.0, ""incomplete_base"": 1000.0, ""incomplete_agent"": 10.0}","[66.3998299319728, 19.475150254276468, 15.341811846689897, 40.725241425241435, 18.95401081568274, 20.369642857142857, 28.053783742796483, 50.36317058468957, 31.88704994192799, 33.82394058540848]","[29.400000000000002, 30.900000000000002, 28.700000000000003, 28.6, 31.700000000000003, 28.8, 31.400000000000002, 31.6, 28.700000000000003, 32.7]"
ga,5,9,1036.7044710217378,36.47,500.3,1.628002767769664,5.5,10.966865079365082,20.028333333333336,9.061468253968254,False,0.1,hospital_corridor,28,12,"[11, 29, 47, 53, 61, 73, 89, 97, 101, 109]","[4.202660901050154, 1.9183046628211253, 0.9996229719732244, 0.5, 1.0]","{""time"": 0.0, ""collisions"": 0.05, ""congestion"": 1.0, ""fairness"": 1.0, ""incomplete_base"": 1000.0, ""incomplete_agent"": 10.0}","[68.68765664160401, 32.20353107344633, 1027.4504444444444, 46.8884683724236, 19.371560846560847, 21.58941102756892, 35.423260073260074, 43.82650235813175, 39.66220871327254, 31.94166666666667]","[30.400000000000002, 29.5, 100.0, 26.8, 29.700000000000003, 28.5, 31.200000000000003, 31.3, 28.200000000000003, 29.1]"
ga,5,10,1035.348996977517,37.58,474.2,1.5581636441834996,5.3,11.342500000000003,20.423333333333336,9.080833333333334,False,0.1,hospital_corridor,28,12,"[11, 29, 47, 53, 61, 73, 89, 97, 101, 109]","[3.920862831176434, 1.9335779625350007, 1.0020699683014032, 0.5, 1.0]","{""time"": 0.0, ""collisions"": 0.05, ""congestion"": 1.0, ""fairness"": 1.0, ""incomplete_base"": 1000.0, ""incomplete_agent"": 10.0}","[85.73524299179827, 22.485238095238095, 1026.271, 34.17273201251304, 18.146356421356423, 20.889126165930286, 39.03506217773734, 36.414381411728684, 37.49593253968254, 32.844897959183676]","[38.900000000000006, 30.0, 100.0, 27.400000000000002, 29.700000000000003, 29.1, 31.400000000000002, 31.1, 28.8, 29.400000000000002]"
ga,5,11,1037.6226449329383,44.030000000000015,439.8,1.4780417583351821,5.3,11.025396825396824,20.18,9.154603174603174,False,0.5,hospital_corridor,28,12,"[11, 29, 47, 53, 61, 73, 89, 97, 101, 109]","[4.160438534992048, 2.061263515846157, 1.0135001761125573, 0.5, 1.0]","{""time"": 0.0, ""collisions"": 0.05, ""congestion"": 1.0, ""fairness"": 1.0, ""incomplete_base"": 1000.0, ""incomplete_agent"": 10.0}","[63.16775793650794, 1062.59, 1025.0925555555555, 43.84775498434668, 20.055665425779434, 21.80923133959466, 34.31793701506162, 32.76753246753247, 36.95004206629648, 35.62797253870873]","[28.8, 100.0, 100.0, 28.900000000000002, 30.700000000000003, 28.900000000000002, 31.3, 30.8, 28.3, 32.6]"
ga,5,12,21.095075276627174,30.73,214.0,1.6747181337700296,5.4,11.697142857142858,20.417499999999997,8.720357142857143,True,0.0,hospital_corridor,28,12,"[11, 29, 47, 53, 61, 73, 89, 97, 101, 109]","[4.116409956800176, 2.847206506717352, 0.9849842113017144, 0.5, 1.0]","{""time"": 0.0, ""collisions"": 0.05, ""congestion"": 1.0, ""fairness"": 1.0, ""incomplete_base"": 1000.0, ""incomplete_agent"": 10.0}","[48.23832752613241, 11.921970768505425, 11.886585365853659, 17.854761904761908, 11.187925170068027, 16.858073297578418, 23.172023809523814, 19.92857142857143, 30.039692982456142, 19.862820512820512]","[32.800000000000004, 30.3, 28.700000000000003, 28.0, 29.400000000000002, 29.3, 33.6, 33.6, 30.400000000000002, 31.200000000000003]"
ga,5,13,30.003562489130207,29.75,384.0,1.741538679606394,5.4,11.294642857142858,20.35666666666667,9.062023809523811,True,0.0,hospital_corridor,28,12,"[11, 29, 47, 53, 61, 73, 89, 97, 101, 109]","[3.9467497387828843, 2.2771423681847476, 0.9632361305719577, 0.5, 1.0]","{""time"": 0.0, ""collisions"": 0.05, ""congestion"": 1.0, ""fairness"": 1.0, ""incomplete_base"": 1000.0, ""incomplete_agent"": 10.0}","[55.67917482061318, 30.05799319727891, 14.124564459930314, 39.26161251504212, 13.618725115464247, 22.206944444444446, 29.10824175824176, 35.9027449196239, 30.098155600268278, 29.97746806039489]","[29.200000000000003, 29.400000000000002, 28.700000000000003, 27.700000000000003, 29.900000000000002, 28.8, 31.200000000000003, 31.400000000000002, 28.400000000000002, 32.800000000000004]"
ga,5,14,48.52103243113754,29.240000000000002,750.6,1.754841954947069,5.3,10.797142857142855,20.03333333333333,9.236190476190476,True,0.0,hospital_corridor,28,12,"[11, 29, 47, 53, 61, 73, 89, 97, 101, 109]","[4.158952106109293, 1.6560822526790344, 0.9459430027441702, 0.5, 1.0]","{""time"": 0.0, ""collisions"": 0.05, ""congestion"": 1.0, ""fairness"": 1.0, ""incomplete_base"": 1000.0, ""incomplete_agent"": 10.0}","[118.26160270078181, 35.45633284241532, 28.52317682317682, 50.19107801792304, 30.03922305764411, 29.618215565796213, 41.18319463707813, 58.64755639097745, 63.164184397163126, 30.125759878419455]","[33.5, 29.1, 28.6, 27.1, 28.5, 27.900000000000002, 30.900000000000002, 30.400000000000002, 28.200000000000003, 28.200000000000003]"
ga,5,15,32.940419741745785,29.78,448.8,1.7111340274600733,5.4,11.293214285714287,20.0825,8.789285714285715,True,0.0,hospital_corridor,28,12,"[11, 29, 47, 53, 61, 73, 89, 97, 101, 109]","[3.6040016150502137, 1.860222001737597, 0.9209880075566865, 0.5, 1.0]","{""time"": 0.0, ""collisions"": 0.05, ""congestion"": 1.0, ""fairness"": 1.0, ""incomplete_base"": 1000.0, ""incomplete_agent"": 10.0}","[64.59662698412698, 19.28357142857143, 17.05320197044335, 32.656485301701906, 24.908411397345823, 27.795363408521307, 32.401078167115905, 47.705164835164844, 36.989761904761906, 26.014532019704433]","[28.8, 30.0, 29.0, 27.700000000000003, 30.5, 28.5, 31.8, 32.5, 30.0, 29.0]"
ga,5,16,40.00975660902847,31.82,580.3,1.6608280375998965,5.3,12.108571428571429,21.4425,9.333928571428572,True,0.0,hospital_corridor,28,12,"[11, 29, 47, 53, 61, 73, 89, 97, 101, 109]","[3.106465195632091, 1.5890403278701624, 0.9511285912468542, 0.5, 1.0]","{""time"": 0.0, ""collisions"": 0.05, ""congestion"": 1.0, ""fairness"": 1.0, ""incomplete_base"": 1000.0, ""incomplete_agent"": 10.0}","[74.55476190476189, 19.021148459383753, 17.821975546975544, 66.9281847133758, 19.87149292149292, 38.74204014939309, 42.19087301587302, 60.20417789757413, 38.485073260073264, 22.277838221381266]","[30.0, 30.6, 29.6, 31.400000000000002, 33.300000000000004, 30.6, 34.2, 37.1, 31.200000000000003, 30.200000000000003]"
ga,5,17,1046.1774447043617,45.69,585.8,1.388183040100087,5.1,11.652632275132275,21.151893939393936,9.499261664261663,False,0.6,hospital_corridor,28,12,"[11, 29, 47, 53, 61, 73, 89, 97, 101, 109]","[3.9012127428955186, 1.6616940767869552, 1.3257844416518818, 0.5, 1.0]","{""time"": 0.0, ""collisions"": 0.05, ""congestion"": 1.0, ""fairness"": 1.0, ""incomplete_base"": 1000.0, ""incomplete_agent"": 10.0}","[86.86785714285713, 1062.823, 1042.1492356902356, 29.067063492063493, 23.135971786833856, 33.21734693877551, 37.77724089635854, 73.6650402414487, 43.69919712070875, 29.37249373433584]","[36.0, 100.0, 100.0, 27.900000000000002, 31.900000000000002, 29.400000000000002, 35.7, 35.5, 30.1, 30.400000000000002]"
ga,5,18,35.853826508973924,29.21,500.3,1.7754931756405905,5.3,10.940000000000001,20.003333333333337,9.063333333333333,True,0.0,hospital_corridor,28,12,"[11, 29, 47, 53, 61, 73, 89, 97, 101, 109]","[4.599594271757764, 2.190218253432543, 1.0021672654456706, 0.5, 1.0]","{""time"": 0.0, ""collisions"": 0.05, ""congestion"": 1.0, ""fairness"": 1.0, ""incomplete_base"": 1000.0, ""incomplete_agent"": 10.0}","[62.48205574912892, 32.266769649036085, 24.966290726817043, 39.20048761201898, 26.833474576271186, 21.65891590678825, 32.70461261675088, 37.04739974937343, 47.00024819114925, 34.37801031240522]","[28.700000000000003, 28.900000000000002, 28.5, 27.1, 29.5, 28.200000000000003, 31.1, 30.400000000000002, 28.3, 31.400000000000002]"
ga,5,19,37.78940802010591,28.940000000000005,544.5,1.7641699248678164,5.5,10.88892857142857,19.68916666666667,8.800238095238097,True,0.0,hospital_corridor,28,12,"[11, 29, 47, 53, 61, 73, 89, 97, 101, 109]","[4.599594271757764, 2.0538573958439663, 1.0021672654456706, 0.5, 1.0]","{""time"": 0.0, ""collisions"": 0.05, ""congestion"": 1.0, ""fairness"": 1.0, ""incomplete_base"": 1000.0, ""incomplete_agent"": 10.0}","[73.04555095075573, 29.581292517006805, 27.586016096579478, 32.0728835978836, 29.3764367816092, 24.40714285714286, 38.639345839345836, 50.01653005464481, 37.90714285714286, 35.261738648947954]","[29.3, 29.400000000000002, 28.400000000000002, 27.0, 29.0, 28.0, 29.700000000000003, 30.5, 28.0, 30.1]"
ga,5,20,1028.9207291941534,38.15,339.6,1.593553869478123,5.8,11.484642857142859,20.831818181818186,9.347175324675323,False,0.1,hospital_corridor,28,12,"[11, 29, 47, 53, 61, 73, 89, 97, 101, 109]","[4.523147786173943, 2.9880362462517343, 0.9436166144846151, 0.5, 1.0]","{""time"": 0.0, ""collisions"": 0.05, ""congestion"": 1.0, ""fairness"": 1.0, ""incomplete_base"": 1000.0, ""incomplete_agent"": 10.0}","[37.53042280969328, 24.879358353510895, 16.55438443670151, 40.84484126984127, 29.50799967045642, 21.166666666666664, 28.087606661161573, 36.33610867659947, 1029.2104675324676, 25.089435864435863]","[28.1, 29.5, 28.700000000000003, 37.800000000000004, 28.900000000000002, 28.0, 34.6, 32.6, 100.0, 33.300000000000004]"
ga,5,21,26.745026415347322,31.49,315.9,1.8834787962997033,5.8,11.929285714285715,20.995833333333337,9.066547619047618,True,0.0,hospital_corridor,28,12,"[11, 29, 47, 53, 61, 73, 89, 97, 101, 109]","[3.25047387413752, 2.4817622699852357, 0.8551586141515535, 0.5, 1.0]","{""time"": 0.0, ""collisions"": 0.05, ""congestion"": 1.0, ""fairness"": 1.0, ""incomplete_base"": 1000.0, ""incomplete_agent"": 10.0}","[70.79517641253392, 17.25228634500158, 29.271749553063547, 28.731448412698413, 11.870677300046232, 16.37711828503644, 26.903833736884586, 20.67012987012987, 26.73827656890571, 18.839567669172933]","[38.6, 30.200000000000003, 29.3, 28.8, 30.900000000000002, 28.1, 35.4, 33.0, 30.200000000000003, 30.400000000000002]"
ga,5,22,1033.3797622023806,36.459999999999994,432.1,1.6376987103170908,5.4,11.11543650793651,20.2525,9.137063492063493,False,0.1,hospital_corridor,28,12,"[11, 29, 47, 53, 61, 73, 89, 97, 101, 109]","[4.08341019419922, 2.05515673197774, 0.9848709009774843, 0.5, 1.0]","{""time"": 0.0, ""collisions"": 0.05, ""congestion"": 1.0, ""fairness"": 1.0, ""incomplete_base"": 1000.0, ""incomplete_agent"": 10.0}","[55.462944332662644, 38.44177068885807, 1024.5301111111112, 40.33060979787599, 19.779424670892247, 21.004761904761907, 29.1347158218126, 35.68095238095238, 44.25446428571429, 25.17786702916461]","[28.400000000000002, 30.900000000000002, 100.0, 27.8, 29.3, 28.700000000000003, 31.0, 30.8, 28.8, 28.900000000000002]"
ga,5,23,1033.7726297779352,37.2,434.9,1.645143005448346,5.0,11.24501322751323,20.6275,9.382486772486772,False,0.1,hospital_corridor,28,12,"[11, 29, 47, 53, 61, 73, 89, 97, 101, 109]","[3.97974950138384, 2.153436214016275, 0.9633494408961878, 0.5, 1.0]","{""time"": 0.0, ""collisions"": 0.05, ""congestion"": 1.0, ""fairness"": 1.0, ""incomplete_base"": 1000.0, ""incomplete_agent"": 10.0}","[60.14235880398672, 33.59582150741092, 1023.4212962962963, 41.741236068895645, 21.329890604890604, 29.898459873459878, 28.697422455220618, 35.98102772754672, 29.4839412360689, 33.434843205574914]","[30.1, 30.200000000000003, 100.0, 28.200000000000003, 29.6, 28.6, 32.7, 31.6, 28.200000000000003, 32.800000000000004]"
ga,6,0,21.095075276627174,30.73,214.0,1.6747181337700296,5.4,11.697142857142858,20.417499999999997,8.720357142857143,True,0.0,hospital_corridor,28,12,"[11, 29, 47, 53, 61, 73, 89, 97, 101, 109]","[4.116409956800176, 2.847206506717352, 0.9849842113017144, 0.5, 1.0]","{""time"": 0.0, ""collisions"": 0.05, ""congestion"": 1.0, ""fairness"": 1.0, ""incomplete_base"": 1000.0, ""incomplete_agent"": 10.0}","[48.23832752613241, 11.921970768505425, 11.886585365853659, 17.854761904761908, 11.187925170068027, 16.858073297578418, 23.172023809523814, 19.92857142857143, 30.039692982456142, 19.862820512820512]","[32.800000000000004, 30.3, 28.700000000000003, 28.0, 29.400000000000002, 29.3, 33.6, 33.6, 30.400000000000002, 31.200000000000003]"
ga,6,1,26.745026415347322,31.49,315.9,1.8834787962997033,5.8,11.929285714285715,20.995833333333337,9.066547619047618,True,0.0,hospital_corridor,28,12,"[11, 29, 47, 53, 61, 73, 89, 97, 101, 109]","[3.25047387413752, 2.4817622699852357, 0.8551586141515535, 0.5, 1.0]","{""time"": 0.0, ""collisions"": 0.05, ""congestion"": 1.0, ""fairness"": 1.0, ""incomplete_base"": 1000.0, ""incomplete_agent"": 10.0}","[70.79517641253392, 17.25228634500158, 29.271749553063547, 28.731448412698413, 11.870677300046232, 16.37711828503644, 26.903833736884586, 20.67012987012987, 26.73827656890571, 18.839567669172933]","[38.6, 30.200000000000003, 29.3, 28.8, 30.900000000000002, 28.1, 35.4, 33.0, 30.200000000000003, 30.400000000000002]"
ga,6,2,55.47574019238222,29.660000000000004,884.9,1.8378830495250693,5.2,10.862142857142858,20.255000000000003,9.392857142857144,True,0.0,hospital_corridor,28,12,"[11, 29, 47, 53, 61, 73, 89, 97, 101, 109]","[3.895671647935916, 2.18366428885954, 0.7734107751592991, 0.5, 1.0]","{""time"": 0.0, ""collisions"": 0.05, ""congestion"": 1.0, ""fairness"": 1.0, ""incomplete_base"": 1000.0, ""incomplete_agent"": 10.0}","[134.86659544159545, 38.96797660240567, 30.258630952380955, 82.29184981684982, 56.61513605442177, 32.34001831501832, 47.770695364238414, 53.55904516445754, 40.66364468864469, 37.423809523809524]","[35.1, 28.900000000000002, 28.8, 32.5, 29.400000000000002, 27.3, 30.200000000000003, 29.1, 27.3, 28.0]"
ga,6,3,27.69218723117948,30.540000000000003,345.8,1.7651634216556722,5.1,11.644642857142859,20.281666666666666,8.637023809523809,True,0.0,hospital_corridor,28,12,"[11, 29, 47, 53, 61, 73, 89, 97, 101, 109]","[3.98898210576625, 2.523764219595409, 0.9359524419907215, 0.5, 1.0]","{""time"": 0.0, ""collisions"": 0.05, ""congestion"": 1.0, ""fairness"": 1.0, ""incomplete_base"": 1000.0, ""incomplete_agent"": 10.0}","[68.87363654863655, 24.47021444339325, 18.17936507936508, 23.78452380952381, 15.577258222876779, 16.056358885017424, 25.86294162826421, 29.57846153846154, 28.11451367781155, 26.424598478444636]","[35.1, 30.200000000000003, 28.8, 28.0, 29.1, 28.700000000000003, 31.0, 32.5, 28.200000000000003, 33.800000000000004]"
ga,6,4,33.43897964756731,29.589999999999996,458.1,1.7380272666149241,5.3,11.208214285714286,20.00416666666667,8.79595238095238,True,0.0,hospital_corridor,28,12,"[11, 29, 47, 53, 61, 73, 89, 97, 101, 109]","[4.113075638638992, 2.045299984061814, 0.9876970223683238, 0.5, 1.0]","{""time"": 0.0, ""collisions"": 0.05, ""congestion"": 1.0, ""fairness"": 1.0, ""incomplete_base"": 1000.0, ""incomplete_agent"": 10.0}","[62.939912280701755, 35.78571428571429, 17.409115884115884, 27.049759326113122, 18.192280188525924, 25.901315789473685, 35.13029953917051, 36.93463203463204, 39.28214285714286, 35.764624290083006]","[28.5, 30.3, 28.6, 27.700000000000003, 29.3, 28.5, 31.0, 30.8, 28.5, 32.7]"
ga,6,5,33.59845874244091,29.56000000000001,464.0,1.7207206472028092,5.3,11.05142857142857,19.72916666666667,8.677738095238094,True,0.0,hospital_corridor,28,12,"[11, 29, 47, 53, 61, 73, 89, 97, 101, 109]","[4.168828404958183, 2.0265464961099915, 0.963701255406967, 0.5, 1.0]","{""time"": 0.0, ""collisions"": 0.05, ""congestion"": 1.0, ""fairness"": 1.0, ""incomplete_base"": 1000.0, ""incomplete_agent"": 10.0}","[83.07055984555986, 26.89577922077922, 20.096237096237097, 25.694151138716354, 19.61908756791307, 20.937537993920973, 32.878072196620586, 36.71112145183807, 44.17321640399933, 25.90882450882451]","[33.300000000000004, 29.700000000000003, 28.6, 27.6, 29.8, 28.200000000000003, 31.0, 30.700000000000003, 28.1, 28.6]"
ga,6,6,28.63177036384142,29.73,357.4,1.7251036971747538,5.0,11.1675,20.204166666666666,9.036666666666667,True,0.0,hospital_corridor,28,12,"[11, 29, 47, 53, 61, 73, 89, 97, 101, 109]","[3.8221530850556054, 2.0863502975312778, 0.9581881867663722, 0.5, 1.0]","{""time"": 0.0, ""collisions"": 0.05, ""congestion"": 1.0, ""fairness"": 1.0, ""incomplete_base"": 1000.0, ""incomplete_agent"": 10.0}","[58.08581517352704, 24.165834527791052, 17.12594331850387, 33.055952380952384, 22.002124183006536, 20.78998015873016, 29.06822344322344, 33.42406832298137, 25.741461412151068, 22.858300717547294]","[29.5, 29.900000000000002, 28.900000000000002, 28.0, 30.6, 28.8, 31.200000000000003, 32.2, 29.0, 29.200000000000003]"
ga,6,7,48.66087216618481,28.7,757.8,1.845276928089567,5.4,10.811071428571427,19.736666666666668,8.925595238095239,True,0.0,hospital_corridor,28,12,"[11, 29, 47, 53, 61, 73, 89, 97, 101, 109]","[4.182931897617529, 1.886437577291159, 0.85427782447707, 0.5, 1.0]","{""time"": 0.0, ""collisions"": 0.05, ""congestion"": 1.0, ""fairness"": 1.0, ""incomplete_base"": 1000.0, ""incomplete_agent"": 10.0}","[99.84486023078173, 63.146873455264455, 22.419885982562043, 53.98333333333334, 42.08088972431078, 30.094502164502167, 46.3046788482835, 54.30447295423024, 44.03844155844156, 30.39078341013825]","[29.3, 28.900000000000002, 28.400000000000002, 28.0, 28.5, 27.5, 30.1, 30.900000000000002, 27.5, 27.900000000000002]"
ga,6,8,29.16493703518173,30.670000000000005,370.0,1.7064846542293464,5.6,11.598214285714286,20.556666666666665,8.958452380952384,True,0.0,hospital_corridor,28,12,"[11, 29, 47, 53, 61, 73, 89, 97, 101, 109]","[3.7612108740020966, 2.1650345318532382, 0.9983696936406959, 0.5, 1.0]","{""time"": 0.0, ""collisions"": 0.05, ""congestion"": 1.0, ""fairness"": 1.0, ""incomplete_base"": 1000.0, ""incomplete_agent"": 10.0}","[76.6187675070028, 20.208602150537637, 14.207674246169056, 20.48843840027114, 16.08026024363234, 29.49652777777778, 32.91369047619048, 28.704547844374346, 29.834974259974263, 23.095887445887445]","[35.7, 31.0, 28.900000000000002, 28.1, 30.1, 28.8, 32.0, 31.700000000000003, 29.6, 30.8]"
ga,6,9,29.16493703518173,30.670000000000005,370.0,1.7064846542293464,5.6,11.598214285714286,20.556666666666665,8.958452380952384,True,0.0,hospital_corridor,28,12,"[11, 29, 47, 53, 61, 73, 89, 97, 101, 109]","[3.7612108740020966, 2.1650345318532382, 0.9983696936406959, 0.5, 1.0]","{""time"": 0.0, ""collisions"": 0.05, ""congestion"": 1.0, ""fairness"": 1.0, ""incomplete_base"": 1000.0, ""incomplete_agent"": 10.0}","[76.6187675070028, 20.208602150537637, 14.207674246169056, 20.48843840027114, 16.08026024363234, 29.49652777777778, 32.91369047619048, 28.704547844374346, 29.834974259974263, 23.095887445887445]","[35.7, 31.0, 28.900000000000002, 28.1, 30.1, 28.8, 32.0, 31.700000000000003, 29.6, 30.8]"
ga,6,10,32.539363198582876,30.25,436.1,1.683887008106679,5.2,11.445357142857144,20.495833333333334,9.050476190476191,True,0.0,hospital_corridor,28,12,"[11, 29, 47, 53, 61, 73, 89, 97, 101, 109]","[3.954185138753908, 2.0765368155600323, 0.9970775099771776, 0.5, 1.0]","{""time"": 0.0, ""collisions"": 0.05, ""congestion"": 1.0, ""fairness"": 1.0, ""incomplete_base"": 1000.0, ""incomplete_agent"": 10.0}","[66.3998299319728, 19.475150254276468, 15.341811846689897, 40.725241425241435, 18.95401081568274, 20.369642857142857, 28.053783742796483, 50.36317058468957, 31.88704994192799, 33.82394058540848]","[29.400000000000002, 30.900000000000002, 28.700000000000003, 28.6, 31.700000000000003, 28.8, 31.400000000000002, 31.6, 28.700000000000003, 32.7]"
ga,6,11,32.539363198582876,30.25,436.1,1.683887008106679,5.2,11.445357142857144,20.495833333333334,9.050476190476191,True,0.0,hospital_corridor,28,12,"[11, 29, 47, 53, 61, 73, 89, 97, 101, 109]","[3.954185138753908, 2.0765368155600323, 0.9970775099771776, 0.5, 1.0]","{""time"": 0.0, ""collisions"": 0.05, ""congestion"": 1.0, ""fairness"": 1.0, ""incomplete_base"": 1000.0, ""incomplete_agent"": 10.0}","[66.3998299319728, 19.475150254276468, 15.341811846689897, 40.725241425241435, 18.95401081568274, 20.369642857142857, 28.053783742796483, 50.36317058468957, 31.88704994192799, 33.82394058540848]","[29.400000000000002, 30.900000000000002, 28.700000000000003, 28.6, 31.700000000000003, 28.8, 31.400000000000002, 31.6, 28.700000000000003, 32.7]"
ga,6,12,1050.28651097684,87.55,340.8,0.6556578947368421,4.7,12.21687419062419,22.807727272727277,10.590853082103084,False,2.2,hospital_corridor,28,12,"[11, 29, 47, 53, 61, 73, 89, 97, 101, 109]","[3.087452964841139, 1.86039792146674, 1.1123919488042993, 0.5, 1.0]","{""time"": 0.0, ""collisions"": 0.05, ""congestion"": 1.0, ""fairness"": 1.0, ""incomplete_base"": 1000.0, ""incomplete_agent"": 10.0}","[1091.7820256410257, 1075.5782424242425, 1034.12502020202, 1042.428564102564, 1051.1038333333333, 1031.3174814814815, 26.04705513784461, 53.47942857142858, 1031.0457922077921, 1065.9576666666667]","[100.0, 100.0, 100.0, 100.0, 100.0, 100.0, 38.0, 37.5, 100.0, 100.0]"
ga,6,13,1040.9593630171635,59.69,403.4,1.1353531381536022,5.2,11.908490120990121,21.5625,9.65400987900988,False,1.0,hospital_corridor,28,12,"[11, 29, 47, 53, 61, 73, 89, 97, 101, 109]","[3.5617381323232387, 1.9003708550243792, 1.121192106877839, 0.5, 1.0]","{""time"": 0.0, ""collisions"": 0.05, ""congestion"": 1.0, ""fairness"": 1.0, ""incomplete_base"": 1000.0, ""incomplete_agent"": 10.0}","[63.999086378737545, 1077.3395151515151, 1026.9946296296296, 48.340273556231004, 1033.983282051282, 1032.3651481481481, 29.09576271186441, 38.71925087108014, 29.82330210772834, 28.933379565418406]","[34.4, 100.0, 100.0, 32.9, 100.0, 100.0, 35.4, 32.800000000000004, 30.5, 30.900000000000002]"
ga,6,14,21.879449217719475,32.2,217.2,1.6820682653385215,5.4,11.981785714285715,21.319166666666668,9.337380952380952,True,0.0,hospital_corridor,28,12,"[11, 29, 47, 53, 61, 73, 89, 97, 101, 109]","[3.5093659891360414, 2.8041517607893933, 0.9302934929866028, 0.5, 1.0]","{""time"": 0.0, ""collisions"": 0.05, ""congestion"": 1.0, ""fairness"": 1.0, ""incomplete_base"": 1000.0, ""incomplete_agent"": 10.0}","[45.806010452961665, 12.455230288836848, 13.93303979125897, 23.602067669172932, 20.777574002574003, 18.699255952380952, 22.51358784893268, 24.187544420753376, 21.541501103752758, 15.278680646570557]","[41.0, 30.5, 29.200000000000003, 28.5, 29.6, 32.0, 34.800000000000004, 33.5, 30.200000000000003, 32.7]"
ga,6,15,37.3753859549759,30.23,533.0,1.801338335928278,5.9,11.674285714285716,20.598333333333336,8.92404761904762,True,0.0,hospital_corridor,28,12,"[11, 29, 47, 53, 61, 73, 89, 97, 101, 109]","[3.346971171257068, 2.255788642647377, 0.8154193582337922, 0.5, 1.0]","{""time"": 0.0, ""collisions"": 0.05, ""congestion"": 1.0, ""fairness"": 1.0, ""incomplete_base"": 1000.0, ""incomplete_agent"": 10.0}","[68.30256588072122, 45.02422056770591, 25.19150246305419, 53.94561722778284, 27.007614253755193, 21.89612881123673, 31.37842261904762, 34.84752410166521, 39.708577116853576, 26.45168650793651]","[30.900000000000002, 30.700000000000003, 29.0, 31.400000000000002, 29.8, 27.8, 32.0, 32.6, 29.3, 28.8]"
ga,6,16,30.403658246689282,30.72,393.8,1.726634437165473,5.4,11.569642857142858,20.556666666666665,8.98702380952381,True,0.0,hospital_corridor,28,12,"[11, 29, 47, 53, 61, 73, 89, 97, 101, 109]","[3.240318816267086, 2.025934177735078, 0.8609666416674333, 0.5, 1.0]","{""time"": 0.0, ""collisions"": 0.05, ""congestion"": 1.0, ""fairness"": 1.0, ""incomplete_base"": 1000.0, ""incomplete_agent"": 10.0}","[58.77681479758027, 34.93730158730159, 25.131669928245273, 31.638492063492066, 15.404859484777518, 20.260714285714286, 29.03954451345756, 34.80663213926054, 32.01713564213564, 22.02341802492809]","[30.700000000000003, 32.4, 29.200000000000003, 28.8, 30.5, 28.5, 34.5, 33.1, 29.700000000000003, 29.8]"
ga,6,17,19.697843226782737,33.50000000000001,165.2,1.6785575124970245,5.0,12.795714285714286,22.555,9.759285714285715,True,0.0,hospital_corridor,28,12,"[11, 29, 47, 53, 61, 73, 89, 97, 101, 109]","[2.7369253659685064, 2.3164096928733504, 0.9357309834501738, 0.5, 1.0]","{""time"": 0.0, ""collisions"": 0.05, ""congestion"": 1.0, ""fairness"": 1.0, ""incomplete_base"": 1000.0, ""incomplete_agent"": 10.0}","[37.67478863608107, 11.745194003527338, 12.66150422785937, 21.71311920741451, 10.276901208244492, 20.29638336347197, 18.07747252747253, 25.895065430752457, 21.84514652014652, 16.792857142857144]","[38.300000000000004, 32.4, 32.1, 29.8, 26.8, 31.6, 39.0, 39.300000000000004, 32.5, 33.2]"
ga,6,18,28.447975138399105,30.51,363.1,1.8144037098276755,5.6,11.89642857142857,20.375,8.478571428571428,True,0.0,hospital_corridor,28,12,"[11, 29, 47, 53, 61, 73, 89, 97, 101, 109]","[3.360176180198297, 2.6881048588792402, 0.8120838416873539, 0.5, 1.0]","{""time"": 0.0, ""collisions"": 0.05, ""congestion"": 1.0, ""fairness"": 1.0, ""incomplete_base"": 1000.0, ""incomplete_agent"": 10.0}","[53.97645064648377, 38.97627719962157, 22.196428571428573, 28.09348370927318, 18.565842490842492, 18.85399385560676, 31.532703081232498, 23.86377164502165, 27.401530612244898, 21.019269572235675]","[30.200000000000003, 30.200000000000003, 29.0, 28.5, 31.200000000000003, 27.900000000000002, 34.0, 35.2, 29.400000000000002, 29.5]"
ga,6,19,1026.176722139187,38.38,282.9,1.728421273386133,5.5,12.205714285714286,21.50901515151515,9.303300865800868,False,0.1,hospital_corridor,28,12,"[11, 29, 47, 53, 61, 73, 89, 97, 101, 109]","[3.269813986592331, 2.3718355445575297, 0.9336290095330411, 0.5, 1.0]","{""time"": 0.0, ""collisions"": 0.05, ""congestion"": 1.0, ""fairness"": 1.0, ""incomplete_base"": 1000.0, ""incomplete_agent"": 10.0}","[49.08246753246753, 14.207376283846873, 12.961224489795919, 29.639573070607554, 22.621334276284774, 24.412772397094432, 24.57734115930495, 34.07859911406423, 1033.3335324675325, 16.853000600871262]","[33.0, 30.6, 29.400000000000002, 29.0, 30.3, 29.5, 35.9, 34.4, 100.0, 31.700000000000003]"
ga,6,20,35.86736548033016,29.26,503.1,1.7931988136634913,5.5,11.015,19.934166666666666,8.919166666666667,True,0.0,hospital_corridor,28,12,"[11, 29, 47, 53, 61, 73, 89, 97, 101, 109]","[4.599151652793362, 2.260689071112329, 0.977012195254052, 0.5, 1.0]","{""time"": 0.0, ""collisions"": 0.05, ""congestion"": 1.0, ""fairness"": 1.0, ""incomplete_base"": 1000.0, ""incomplete_agent"": 10.0}","[67.26171679197995, 41.3261583011583, 18.460412474849093, 47.550655430711615, 23.444324853228963, 21.952380952380953, 29.394613962089693, 34.6974068835455, 41.888437821171635, 32.69754733218589]","[28.5, 29.6, 28.400000000000002, 26.700000000000003, 29.200000000000003, 28.0, 30.900000000000002, 30.3, 27.8, 33.2]"
ga,6,21,32.201320583474185,30.160000000000004,421.9,1.8473920120456087,5.3,11.51857142857143,20.777500000000003,9.258928571428573,True,0.0,hospital_corridor,28,12,"[11, 29, 47, 53, 61, 73, 89, 97, 101, 109]","[3.947192357747286, 2.206671550504962, 0.9883912007635762, 0.5, 1.0]","{""time"": 0.0, ""collisions"": 0.05, ""congestion"": 1.0, ""fairness"": 1.0, ""incomplete_base"": 1000.0, ""incomplete_agent"": 10.0}","[75.41707968901846, 33.19271871539314, 14.672594331850389, 30.497681704260653, 18.65555555555556, 22.391503587736466, 35.457215122470714, 33.45189873417722, 36.43452380952381, 21.842434584755402]","[34.300000000000004, 30.1, 28.900000000000002, 28.5, 29.700000000000003, 29.200000000000003, 31.3, 31.6, 28.700000000000003, 29.3]"
ga,6,22,1033.1914873294454,37.26,434.4,1.6061301865883266,5.0,11.484642857142857,20.35,8.865357142857144,False,0.1,hospital_corridor,28,12,"[11, 29, 47, 53, 61, 73, 89, 97, 101, 109]","[4.514623217914832, 2.511907699367267, 0.9970276688057427, 0.5, 1.0]","{""time"": 0.0, ""collisions"": 0.05, ""congestion"": 1.0, ""fairness"": 1.0, ""incomplete_base"": 1000.0, ""incomplete_agent"": 10.0}","[60.07211649365629, 18.800039948865454, 17.316917293233082, 53.55501519756839, 28.995765832106038, 25.251277584204416, 33.041505894962484, 32.130547850208046, 1034.615142857143, 28.13654434250764]","[28.900000000000002, 29.8, 28.5, 32.9, 29.1, 28.700000000000003, 31.1, 30.900000000000002, 100.0, 32.7]"
ga,6,23,35.15612897364536,31.140000000000004,489.7,1.8513670688834545,5.6,12.09607142857143,20.915833333333335,8.819761904761906,True,0.0,hospital_corridor,28,12,"[11, 29, 47, 53, 61, 73, 89, 97, 101, 109]","[3.25899844239663, 2.6426094928265043, 0.8017475598304259, 0.5, 1.0]","{""time"": 0.0, ""collisions"": 0.05, ""congestion"": 1.0, ""fairness"": 1.0, ""incomplete_base"": 1000.0, ""incomplete_agent"": 10.0}","[72.61992753623188, 29.427619047619046, 22.854292305157358, 57.65842234089898, 37.87387544594385, 20.5294107571086, 30.856811777965625, 24.708406593406597, 30.166505246166267, 24.866018685955396]","[34.5, 30.0, 28.900000000000002, 32.1, 30.700000000000003, 27.8, 33.800000000000004, 32.5, 29.5, 31.6]"
ga,7,0,19.697843226782737,33.50000000000001,165.2,1.6785575124970245,5.0,12.795714285714286,22.555,9.759285714285715,True,0.0,hospital_corridor,28,12,"[11, 29, 47, 53, 61, 73, 89, 97, 101, 109]","[2.7369253659685064, 2.3164096928733504, 0.9357309834501738, 0.5, 1.0]","{""time"": 0.0, ""collisions"": 0.05, ""congestion"": 1.0, ""fairness"": 1.0, ""incomplete_base"": 1000.0, ""incomplete_agent"": 10.0}","[37.67478863608107, 11.745194003527338, 12.66150422785937, 21.71311920741451, 10.276901208244492, 20.29638336347197, 18.07747252747253, 25.895065430752457, 21.84514652014652, 16.792857142857144]","[38.300000000000004, 32.4, 32.1, 29.8, 26.8, 31.6, 39.0, 39.300000000000004, 32.5, 33.2]"
ga,7,1,21.095075276627174,30.73,214.0,1.6747181337700296,5.4,11.697142857142858,20.417499999999997,8.720357142857143,True,0.0,hospital_corridor,28,12,"[11, 29, 47, 53, 61, 73, 89, 97, 101, 109]","[4.116409956800176, 2.847206506717352, 0.9849842113017144, 0.5, 1.0]","{""time"": 0.0, ""collisions"": 0.05, ""congestion"": 1.0, ""fairness"": 1.0, ""incomplete_base"": 1000.0, ""incomplete_agent"": 10.0}","[48.23832752613241, 11.921970768505425, 11.886585365853659, 17.854761904761908, 11.187925170068027, 16.858073297578418, 23.172023809523814, 19.92857142857143, 30.039692982456142, 19.862820512820512]","[32.800000000000004, 30.3, 28.700000000000003, 28.0, 29.400000000000002, 29.3, 33.6, 33.6, 30.400000000000002, 31.200000000000003]"
ga,7,2,25.940670465799087,31.7,310.8,1.6988847515133707,5.2,12.233214285714286,20.935000000000002,8.701785714285716,True,0.0,hospital_corridor,28,12,"[11, 29, 47, 53, 61, 73, 89, 97, 101, 109]","[3.740496491644727, 2.644581376258977, 0.9454837919620105, 0.5, 1.0]","{""time"": 0.0, ""collisions"": 0.05, ""congestion"": 1.0, ""fairness"": 1.0, ""incomplete_base"": 1000.0, ""incomplete_agent"": 10.0}","[46.109858212948104, 14.341336633663365, 22.005336617405582, 41.71899126514511, 14.93083822570124, 19.774563354753667, 37.34317154161368, 19.041975974679907, 21.925156641604012, 22.215476190476195]","[35.6, 30.3, 29.0, 33.800000000000004, 29.200000000000003, 28.900000000000002, 33.7, 33.1, 30.400000000000002, 33.0]"
ga,7,3,27.68742916151125,30.640000000000004,337.5,1.9230243996064864,5.5,11.84392857142857,20.733333333333338,8.889404761904764,True,0.0,hospital_corridor,28,12,"[11, 29, 47, 53, 61, 73, 89, 97, 101, 109]","[3.6349119075520795, 2.8452346232848793, 0.8412479791701298, 0.5, 1.0]","{""time"": 0.0, ""collisions"": 0.05, ""congestion"": 1.0, ""fairness"": 1.0, ""incomplete_base"": 1000.0, ""incomplete_agent"": 10.0}","[62.78382173382174, 32.833549783549785, 25.736080902949414, 28.11309523809524, 16.684990813045477, 17.267737238780406, 22.20714285714286, 25.836624649859942, 23.141165413533834, 22.2700829843338]","[35.1, 30.8, 28.900000000000002, 28.0, 31.1, 27.8, 31.5, 34.0, 28.5, 30.700000000000003]"
ga,7,4,30.848445283244857,30.05,394.0,1.7624929022924736,5.2,11.193214285714287,20.57916666666667,9.38595238095238,True,0.0,hospital_corridor,28,12,"[11, 29, 47, 53, 61, 73, 89, 97, 101, 109]","[4.006211889983251, 2.2771917108340816, 0.9468596085737941, 0.5, 1.0]","{""time"": 0.0, ""collisions"": 0.05, ""congestion"": 1.0, ""fairness"": 1.0, ""incomplete_base"": 1000.0, ""incomplete_agent"": 10.0}","[57.75797101449275, 29.390065821550465, 17.916475191475193, 37.59404761904762, 18.82929675181331, 22.728571428571428, 28.04949954504095, 35.924767711962836, 33.148378926038504, 27.145378822455502]","[32.2, 29.3, 28.6, 28.0, 30.200000000000003, 28.5, 31.400000000000002, 32.800000000000004, 28.200000000000003, 31.3]"
ga,7,5,33.322109250341086,30.169999999999998,444.8,1.779014012245846,5.3,11.31857142857143,20.621666666666666,9.303095238095239,True,0.0,hospital_corridor,28,12,"[11, 29, 47, 53, 61, 73, 89, 97, 101, 109]","[4.151598620741181, 2.3878903395013413, 0.9527940888238944, 0.5, 1.0]","{""time"": 0.0, ""collisions"": 0.05, ""congestion"": 1.0, ""fairness"": 1.0, ""incomplete_base"": 1000.0, ""incomplete_agent"": 10.0}","[78.56770050125314, 37.859523809523814, 16.873692973692975, 41.563016398612426, 15.174613899613899, 23.523496240601503, 30.19304915514593, 33.31201024713683, 29.19642857142857, 26.957560706401765]","[30.400000000000002, 33.6, 28.6, 30.200000000000003, 29.6, 28.5, 31.0, 31.6, 28.0, 30.200000000000003]"
ga,7,6,1028.204901367707,37.11,333.0,1.6539622142677242,5.1,11.53489417989418,20.435833333333335,8.900939153439154,False,0.1,hospital_corridor,28,12,"[11, 29, 47, 53, 61, 73, 89, 97, 101, 109]","[3.9284548348010375, 2.4156819343290667, 0.9609387233162716, 0.5, 1.0]","{""time"": 0.0, ""collisions"": 0.05, ""congestion"": 1.0, ""fairness"": 1.0, ""incomplete_base"": 1000.0, ""incomplete_agent"": 10.0}","[54.53441994247363, 33.21801037246582, 15.118027210884353, 22.560714285714287, 11.363095238095239, 1035.8612962962964, 28.313553113553116, 25.847288159976983, 30.576656676656675, 24.655952380952378]","[29.8, 30.3, 29.400000000000002, 28.0, 31.5, 100.0, 31.200000000000003, 33.1, 28.6, 29.200000000000003]"
ga,7,7,1027.6787865638116,37.42,322.1,1.614077569102609,5.1,11.465291005291006,20.425000000000004,8.959708994708995,False,0.1,hospital_corridor,28,12,"[11, 29, 47, 53, 61, 73, 89, 97, 101, 109]","[3.821738144967309, 2.27311681711958, 0.9733834123151458, 0.5, 1.0]","{""time"": 0.0, ""collisions"": 0.05, ""congestion"": 1.0, ""fairness"": 1.0, ""incomplete_base"": 1000.0, ""incomplete_agent"": 10.0}","[60.65085529357374, 16.46979512735327, 14.456038886142693, 26.462695608278647, 15.360347985347989, 1031.9115185185185, 27.913375350140058, 34.25163690476191, 27.600212002609265, 21.711389961389962]","[30.900000000000002, 30.1, 28.900000000000002, 28.3, 31.200000000000003, 100.0, 34.0, 32.0, 29.200000000000003, 29.6]"
ga,7,8,1029.795647475587,38.040000000000006,355.4,1.5579755179149248,5.2,11.51649470899471,20.984166666666663,9.467671957671959,False,0.1,hospital_corridor,28,12,"[11, 29, 47, 53, 61, 73, 89, 97, 101, 109]","[4.078159841588601, 2.5534097741803183, 0.970453567844966, 0.5, 1.0]","{""time"": 0.0, ""collisions"": 0.05, ""congestion"": 1.0, ""fairness"": 1.0, ""incomplete_base"": 1000.0, ""incomplete_agent"": 10.0}","[60.000446428571436, 31.434252561784206, 1021.9204814814815, 23.40280061664954, 10.590164835164837, 22.46001742160279, 28.0555977710233, 49.453142076502736, 30.080753968253973, 20.558817594834544]","[32.0, 31.6, 100.0, 27.8, 32.5, 28.700000000000003, 32.9, 36.6, 28.8, 29.5]"
ga,7,9,36.39277119678877,29.380000000000003,518.9,1.8251521491697247,5.5,11.318214285714287,19.940833333333337,8.622619047619049,True,0.0,hospital_corridor,28,12,"[11, 29, 47, 53, 61, 73, 89, 97, 101, 109]","[3.609508246400373, 3.1294400270121647, 0.7758687169937638, 0.5, 1.0]","{""time"": 0.0, ""collisions"": 0.05, ""congestion"": 1.0, ""fairness"": 1.0, ""incomplete_base"": 1000.0, ""incomplete_agent"": 10.0}","[50.99944275582574, 25.68074374079529, 26.159027777777776, 59.538015312131925, 23.069599303135888, 24.282994438651375, 52.295997662868835, 39.28120188195038, 31.64404761904762, 30.976641475702912]","[28.200000000000003, 29.1, 28.8, 28.3, 28.700000000000003, 27.400000000000002, 32.6, 33.4, 28.0, 29.3]"
ga,7,10,1029.5926058680814,37.92,359.5,1.6286015390770268,5.6,11.86107142857143,20.85007575757576,8.98900432900433,False,0.1,hospital_corridor,28,12,"[11, 29, 47, 53, 61, 73, 89, 97, 101, 109]","[3.868954559235916, 2.5374209828260916, 0.944973870350647, 0.5, 1.0]","{""time"": 0.0, ""collisions"": 0.05, ""congestion"": 1.0, ""fairness"": 1.0, ""incomplete_base"": 1000.0, ""incomplete_agent"": 10.0}","[55.60214285714286, 29.170323895323897, 24.012304333498108, 41.28669950738916, 12.737067840834964, 20.6086268754077, 26.082467532467533, 29.69562789717657, 1036.2320909090909, 20.498707032481867]","[32.5, 33.300000000000004, 28.900000000000002, 29.0, 29.200000000000003, 29.200000000000003, 33.0, 33.9, 100.0, 30.200000000000003]"
ga,7,11,45.51938549468902,30.330000000000002,696.7,1.6974807327842594,5.6,11.253928571428572,20.240833333333335,8.986904761904762,True,0.0,hospital_corridor,28,12,"[11, 29, 47, 53, 61, 73, 89, 97, 101, 109]","[3.5945965686540338, 1.4616494074830655, 0.9823971326131334, 0.5, 1.0]","{""time"": 0.0, ""collisions"": 0.05, ""congestion"": 1.0, ""fairness"": 1.0, ""incomplete_base"": 1000.0, ""incomplete_agent"": 10.0}","[106.97797110297111, 36.03910993927772, 29.883753501400562, 47.569751664106505, 25.213001253132834, 30.599709639953545, 44.35175789942145, 49.795211299954076, 49.392192691029905, 35.371395955642534]","[35.1, 29.8, 28.900000000000002, 27.900000000000002, 30.400000000000002, 28.700000000000003, 32.1, 31.1, 30.1, 29.200000000000003]"
ga,7,12,1027.717751256781,44.15,309.3,1.4794107084403054,5.6,11.29984126984127,20.07318181818182,8.773340548340547,False,0.2,hospital_corridor,28,12,"[11, 29, 47, 53, 61, 73, 89, 97, 101, 109]","[4.271296761263016, 2.515277304261265, 0.9941818573841454, 0.5, 1.0]","{""time"": 0.0, ""collisions"": 0.05, ""congestion"": 1.0, ""fairness"": 1.0, ""incomplete_base"": 1000.0, ""incomplete_agent"": 10.0}","[58.279047619047624, 19.735238095238095, 1021.5114444444445, 26.741696750902527, 12.251262143653449, 21.802864214992926, 33.71607896323086, 25.174369085173502, 1034.9241038961038, 23.04140735502122]","[30.0, 30.0, 100.0, 27.700000000000003, 29.900000000000002, 30.3, 31.6, 31.700000000000003, 100.0, 30.3]"
ga,7,13,30.457692913407506,30.54,394.7,1.7132881515027427,5.3,11.453928571428573,20.463333333333335,9.009404761904763,True,0.0,hospital_corridor,28,12,"[11, 29, 47, 53, 61, 73, 89, 97, 101, 109]","[4.2323085624180665, 2.520394614701411, 0.9387982534123187, 0.5, 1.0]","{""time"": 0.0, ""collisions"": 0.05, ""congestion"": 1.0, ""fairness"": 1.0, ""incomplete_base"": 1000.0, ""incomplete_agent"": 10.0}","[58.49571217867678, 29.286768149882903, 22.06479650683803, 39.15455709165387, 15.977803379416287, 20.228296051516693, 30.017616863259065, 38.167251928704445, 28.472222222222225, 22.711904761904762]","[33.9, 30.5, 28.900000000000002, 27.900000000000002, 31.0, 28.1, 32.7, 35.800000000000004, 27.900000000000002, 28.700000000000003]"
ga,7,14,127.34817687336952,28.640000000000004,2349.6,1.9524625876552402,5.9,10.579285714285714,18.495,7.915714285714287,True,0.0,hospital_corridor,28,12,"[11, 29, 47, 53, 61, 73, 89, 97, 101, 109]","[4.29306892522957, 1.8405639458008671, 0.6463830395385637, 0.5, 1.0]","{""time"": 0.0, ""collisions"": 0.05, ""congestion"": 1.0, ""fairness"": 1.0, ""incomplete_base"": 1000.0, ""incomplete_agent"": 10.0}","[164.70280859916784, 140.77261904761906, 104.48909370199694, 121.54695863746959, 121.31928922860656, 107.47260586891584, 134.07840300107182, 166.46023302938198, 95.99457282913166, 116.64518479033406]","[30.900000000000002, 28.0, 27.900000000000002, 27.400000000000002, 27.1, 27.1, 31.1, 32.9, 27.200000000000003, 26.8]"
ga,7,15,76.90491447557514,29.93,1324.2,1.8396763803370437,5.4,11.326428571428574,20.18166666666667,8.855238095238096,True,0.0,hospital_corridor,28,12,"[11, 29, 47, 53, 61, 73, 89, 97, 101, 109]","[3.252034850065974, 2.3251313527323276, 0.7335472647494173, 0.5, 1.0]","{""time"": 0.0, ""collisions"": 0.05, ""congestion"": 1.0, ""fairness"": 1.0, ""incomplete_base"": 1000.0, ""incomplete_agent"": 10.0}","[110.07629434324068, 137.2118530020704, 46.215117811830616, 99.36413635564926, 53.134911023232824, 53.482860581055526, 65.15656213704995, 94.15551146384479, 64.67714866434379, 45.57474937343359]","[29.8, 34.5, 28.900000000000002, 27.1, 28.900000000000002, 27.700000000000003, 32.800000000000004, 32.4, 28.700000000000003, 28.5]"
ga,7,16,1023.0883934481988,38.15,230.5,1.5612373635426917,5.3,12.012843915343916,21.014999999999997,9.002156084656082,False,0.1,hospital_corridor,28,12,"[11, 29, 47, 53, 61, 73, 89, 97, 101, 109]","[3.797708814851415, 2.705314270021154, 0.9891657230807162, 0.5, 1.0]","{""time"": 0.0, ""collisions"": 0.05, ""congestion"": 1.0, ""fairness"": 1.0, ""incomplete_base"": 1000.0, ""incomplete_agent"": 10.0}","[43.138333333333335, 11.59451754385965, 1020.4343703703704, 15.934979736575482, 16.20447232947233, 16.8279823269514, 37.60403074615673, 19.876581378820184, 25.122602795384367, 24.14606392106392]","[30.0, 30.400000000000002, 100.0, 28.200000000000003, 29.6, 29.1, 38.1, 33.5, 29.3, 33.300000000000004]"
ga,7,17,24.184699941612436,31.290000000000003,269.8,1.754818989231482,5.2,12.021785714285716,20.961666666666666,8.939880952380951,True,0.0,hospital_corridor,28,12,"[11, 29, 47, 53, 61, 73, 89, 97, 101, 109]","[3.569175016086281, 2.623654506681434, 0.9150480442699765, 0.5, 1.0]","{""time"": 0.0, ""collisions"": 0.05, ""congestion"": 1.0, ""fairness"": 1.0, ""incomplete_base"": 1000.0, ""incomplete_agent"": 10.0}","[45.031053268765135, 15.257897218293259, 22.913013698630138, 21.567717336044737, 10.46948051948052, 27.221332743623766, 34.76151196519217, 22.939285714285717, 23.867683695994955, 17.818023255813955]","[29.5, 30.3, 29.200000000000003, 28.1, 30.8, 32.300000000000004, 39.400000000000006, 33.0, 30.200000000000003, 30.1]"
ga,7,18,1026.4895390504387,44.660000000000004,277.7,1.4463644472640342,5.1,11.476825396825397,20.635,9.158174603174604,False,0.2,hospital_corridor,28,12,"[11, 29, 47, 53, 61, 73, 89, 97, 101, 109]","[4.113075638638992, 2.6544675366922936, 0.9876970223683238, 0.5, 1.0]","{""time"": 0.0, ""collisions"": 0.05, ""congestion"": 1.0, ""fairness"": 1.0, ""incomplete_base"": 1000.0, ""incomplete_agent"": 10.0}","[56.29801587301588, 31.435296574770256, 13.462601626016262, 23.087452894826995, 11.05735930735931, 1028.8552222222222, 24.863277221716714, 23.121406180026874, 1032.460857142857, 20.25390146157473]","[31.5, 34.2, 28.700000000000003, 27.8, 30.8, 100.0, 31.400000000000002, 31.900000000000002, 100.0, 30.3]"
ga,7,19,33.43897964756731,29.589999999999996,458.1,1.7380272666149241,5.3,11.208214285714286,20.00416666666667,8.79595238095238,True,0.0,hospital_corridor,28,12,"[11, 29, 47, 53, 61, 73, 89, 97, 101, 109]","[4.113075638638992, 2.045299984061814, 0.9876970223683238, 0.5, 1.0]","{""time"": 0.0, ""collisions"": 0.05, ""congestion"": 1.0, ""fairness"": 1.0, ""incomplete_base"": 1000.0, ""incomplete_agent"": 10.0}","[62.939912280701755, 35.78571428571429, 17.409115884115884, 27.049759326113122, 18.192280188525924, 25.901315789473685, 35.13029953917051, 36.93463203463204, 39.28214285714286, 35.764624290083006]","[28.5, 30.3, 28.6, 27.700000000000003, 29.3, 28.5, 31.0, 30.8, 28.5, 32.7]"
ga,7,20,33.692385618563364,31.630000000000003,439.1,1.706195142372883,5.1,11.369642857142859,21.400833333333335,10.031190476190478,True,0.0,hospital_corridor,28,12,"[11, 29, 47, 53, 61, 73, 89, 97, 101, 109]","[3.9738301784800956, 2.257055517411125, 0.9770134559465965, 0.5, 1.0]","{""time"": 0.0, ""collisions"": 0.05, ""congestion"": 1.0, ""fairness"": 1.0, ""incomplete_base"": 1000.0, ""incomplete_agent"": 10.0}","[85.72574295074295, 39.39491017964072, 13.462454212454212, 39.59932614555256, 15.285476190476192, 21.853357225243037, 28.365256797583083, 38.1032371939312, 33.99321140220794, 21.140883887801696]","[40.7, 33.4, 28.6, 31.8, 30.0, 28.900000000000002, 33.1, 31.700000000000003, 28.900000000000002, 29.200000000000003]"
ga,7,21,1041.259869209123,81.62,188.7,0.7474731144770603,5.0,11.860543299293301,21.937939393939395,10.077396094646096,False,2.1,hospital_corridor,28,12,"[11, 29, 47, 53, 61, 73, 89, 97, 101, 109]","[3.414977931038756, 2.3432455177443163, 1.0714693073815218, 0.5, 1.0]","{""time"": 0.0, ""collisions"": 0.05, ""congestion"": 1.0, ""fairness"": 1.0, ""incomplete_base"": 1000.0, ""incomplete_agent"": 10.0}","[1065.968358974359, 1072.9245757575757, 1030.7570235690237, 1059.804, 1049.0431666666666, 1027.1847407407408, 24.716825550336196, 1040.4172857142858, 24.771843599825253, 17.01087151841869]","[100.0, 100.0, 100.0, 100.0, 100.0, 100.0, 51.7, 100.0, 32.7, 31.8]"
ga,7,22,1030.0967877670291,38.35000000000001,365.1,1.6545258622673185,5.4,11.871904761904762,21.05916666666667,9.187261904761906,False,0.1,hospital_corridor,28,12,"[11, 29, 47, 53, 61, 73, 89, 97, 101, 109]","[3.3115349343668052, 2.2612635519475814, 0.8807754121293814, 0.5, 1.0]","{""time"": 0.0, ""collisions"": 0.05, ""congestion"": 1.0, ""fairness"": 1.0, ""incomplete_base"": 1000.0, ""incomplete_agent"": 10.0}","[56.83784948295673, 17.333809523809524, 20.660567514677105, 41.68736263736263, 23.064894795127355, 1027.311, 27.555012350761633, 32.72237029140014, 33.17333333333334, 20.621677740863788]","[37.300000000000004, 30.0, 29.200000000000003, 28.6, 30.1, 100.0, 34.7, 33.5, 30.0, 30.1]"
ga,7,23,31.71909086060838,30.03,410.9,1.7884956225131379,5.4,11.223571428571429,20.60916666666667,9.385595238095238,True,0.0,hospital_corridor,28,12,"[11, 29, 47, 53, 61, 73, 89, 97, 101, 109]","[4.052014578409707, 2.2657987020994685, 0.962080224390496, 0.5, 1.0]","{""time"": 0.0, ""collisions"": 0.05, ""congestion"": 1.0, ""fairness"": 1.0, ""incomplete_base"": 1000.0, ""incomplete_agent"": 10.0}","[59.71248104337277, 32.868944099378886, 14.568265068265067, 36.73493490921548, 17.897404045230132, 24.948496240601507, 38.57904312668464, 35.511422446792224, 24.50833753996298, 31.86158008658009]","[31.400000000000002, 29.900000000000002, 28.6, 27.8, 29.900000000000002, 28.5, 31.8, 31.1, 28.3, 33.0]"
ga,8,0,19.697843226782737,33.50000000000001,165.2,1.6785575124970245,5.0,12.795714285714286,22.555,9.759285714285715,True,0.0,hospital_corridor,28,12,"[11, 29, 47, 53, 61, 73, 89, 97, 101, 109]","[2.7369253659685064, 2.3164096928733504, 0.9357309834501738, 0.5, 1.0]","{""time"": 0.0, ""collisions"": 0.05, ""congestion"": 1.0, ""fairness"": 1.0, ""incomplete_base"": 1000.0, ""incomplete_agent"": 10.0}","[37.67478863608107, 11.745194003527338, 12.66150422785937, 21.71311920741451, 10.276901208244492, 20.29638336347197, 18.07747252747253, 25.895065430752457, 21.84514652014652, 16.792857142857144]","[38.300000000000004, 32.4, 32.1, 29.8, 26.8, 31.6, 39.0, 39.300000000000004, 32.5, 33.2]"
ga,8,1,21.095075276627174,30.73,214.0,1.6747181337700296,5.4,11.697142857142858,20.417499999999997,8.720357142857143,True,0.0,hospital_corridor,28,12,"[11, 29, 47, 53, 61, 73, 89, 97, 101, 109]","[4.116409956800176, 2.847206506717352, 0.9849842113017144, 0.5, 1.0]","{""time"": 0.0, ""collisions"": 0.05, ""congestion"": 1.0, ""fairness"": 1.0, ""incomplete_base"": 1000.0, ""incomplete_agent"": 10.0}","[48.23832752613241, 11.921970768505425, 11.886585365853659, 17.854761904761908, 11.187925170068027, 16.858073297578418, 23.172023809523814, 19.92857142857143, 30.039692982456142, 19.862820512820512]","[32.800000000000004, 30.3, 28.700000000000003, 28.0, 29.400000000000002, 29.3, 33.6, 33.6, 30.400000000000002, 31.200000000000003]"
ga,8,2,33.50451562750111,30.619999999999997,446.3,1.7507061036915808,5.4,11.385357142857142,20.824166666666667,9.438809523809525,True,0.0,hospital_corridor,28,12,"[11, 29, 47, 53, 61, 73, 89, 97, 101, 109]","[4.03101625034391, 2.275597885942107, 0.9615790785987658, 0.5, 1.0]","{""time"": 0.0, ""collisions"": 0.05, ""congestion"": 1.0, ""fairness"": 1.0, ""incomplete_base"": 1000.0, ""incomplete_agent"": 10.0}","[61.059816849816855, 36.132738095238096, 14.456060606060607, 51.352072310405646, 19.33688111005992, 22.557080200501254, 33.47317434961205, 40.833092224231464, 30.555298457411133, 25.288942071674033]","[32.5, 33.6, 28.6, 32.4, 30.200000000000003, 28.5, 31.3, 31.6, 28.400000000000002, 29.1]"
ga,8,3,31.788031830671656,29.910000000000004,417.1,1.7602937354335535,5.2,11.213928571428571,20.386666666666667,9.172738095238097,True,0.0,hospital_corridor,28,12,"[11, 29, 47, 53, 61, 73, 89, 97, 101, 109]","[4.027210218049047, 2.267392526991443, 0.9473607543655244, 0.5, 1.0]","{""time"": 0.0, ""collisions"": 0.05, ""congestion"": 1.0, ""fairness"": 1.0, ""incomplete_base"": 1000.0, ""incomplete_agent"": 10.0}","[72.88892245720041, 30.87356230031949, 18.516666666666666, 28.0079564919493, 19.94584515925576, 21.899937343358395, 34.474155145929345, 41.06101759175008, 29.964437689969607, 20.24781746031746]","[33.1, 31.3, 28.8, 27.8, 30.200000000000003, 28.5, 31.0, 31.400000000000002, 28.200000000000003, 28.8]"
ga,8,4,25.24053190456376,31.23,280.9,1.78505571408757,5.3,11.972857142857142,21.383333333333333,9.41047619047619,True,0.0,hospital_corridor,28,12,"[11, 29, 47, 53, 61, 73, 89, 97, 101, 109]","[3.938882432714445, 2.804762420267888, 0.9674549775821268, 0.5, 1.0]","{""time"": 0.0, ""collisions"": 0.05, ""congestion"": 1.0, ""fairness"": 1.0, ""incomplete_base"": 1000.0, ""incomplete_agent"": 10.0}","[43.15161290322581, 25.153383458646616, 12.61279761904762, 35.6536866359447, 14.17785388127854, 16.70450186900699, 26.48678861788618, 30.451086956521742, 29.108845199317514, 18.904761904761905]","[31.0, 34.2, 28.8, 31.0, 29.200000000000003, 29.3, 32.800000000000004, 34.5, 30.700000000000003, 30.8]"
ga,8,5,35.36124663464953,29.21,496.9,1.7792228251257227,5.3,11.089642857142858,19.826666666666668,8.73702380952381,True,0.0,hospital_corridor,28,12,"[11, 29, 47, 53, 61, 73, 89, 97, 101, 109]","[3.809105113476626, 2.0857721870788053, 0.8614900239563268, 0.5, 1.0]","{""time"": 0.0, ""collisions"": 0.05, ""congestion"": 1.0, ""fairness"": 1.0, ""incomplete_base"": 1000.0, ""incomplete_agent"": 10.0}","[69.92163182346108, 38.676769626769634, 18.351335656213706, 33.90859883521754, 19.308843537414965, 23.90217391304348, 40.89453695588665, 39.1507326007326, 45.68651935594382, 23.811324041811847]","[28.700000000000003, 29.6, 28.700000000000003, 27.8, 29.400000000000002, 27.6, 32.6, 31.200000000000003, 27.8, 28.700000000000003]"
ga,8,6,24.79770595873704,32.730000000000004,269.9,1.7413964349275202,5.1,11.985357142857143,21.546666666666667,9.561309523809523,True,0.0,hospital_corridor,28,12,"[11, 29, 47, 53, 61, 73, 89, 97, 101, 109]","[2.9718360404328403, 2.374724994214171, 0.8433934188974315, 0.5, 1.0]","{""time"": 0.0, ""collisions"": 0.05, ""congestion"": 1.0, ""fairness"": 1.0, ""incomplete_base"": 1000.0, ""incomplete_agent"": 10.0}","[53.42467532467533, 14.524647122692725, 18.390334947538335, 26.97310996563574, 14.3084031559838, 20.208141858141857, 29.080305743467306, 23.982683982683984, 22.057679738562094, 25.027077747989278]","[33.0, 30.700000000000003, 29.5, 29.1, 34.1, 28.6, 35.9, 38.5, 30.6, 37.300000000000004]"
ga,8,7,21.41457412047586,30.74,214.0,1.7348122157139514,5.4,11.81857142857143,20.79833333333334,8.979761904761906,True,0.0,hospital_corridor,28,12,"[11, 29, 47, 53, 61, 73, 89, 97, 101, 109]","[3.881499282335842, 2.788891205376532, 0.969933524746903, 0.5, 1.0]","{""time"": 0.0, ""collisions"": 0.05, ""congestion"": 1.0, ""fairness"": 1.0, ""incomplete_base"": 1000.0, ""incomplete_agent"": 10.0}","[42.91159147869674, 13.649495427309995, 12.585615079365079, 25.429212454212458, 14.810469667318982, 16.52696267696268, 21.111531627576404, 20.224111584932484, 23.833479603445475, 23.063271604938272]","[32.300000000000004, 30.200000000000003, 28.8, 28.6, 29.200000000000003, 29.6, 33.5, 33.5, 29.3, 32.4]"
ga,8,8,1025.3822541979894,38.45,276.8,1.5736034043385667,5.3,12.084682539682541,21.053333333333335,8.968650793650793,False,0.1,hospital_corridor,28,12,"[11, 29, 47, 53, 61, 73, 89, 97, 101, 109]","[3.328387469992715, 2.3021722223419094, 0.9429199408894163, 0.5, 1.0]","{""time"": 0.0, ""collisions"": 0.05, ""congestion"": 1.0, ""fairness"": 1.0, ""incomplete_base"": 1000.0, ""incomplete_agent"": 10.0}","[56.398638437410895, 13.493720821661999, 13.140816326530611, 20.303373015873017, 14.334253065774806, 1028.7582222222222, 28.085831656606302, 27.686728655959428, 28.82965741155396, 22.791300366300366]","[33.4, 30.6, 29.400000000000002, 28.8, 29.900000000000002, 100.0, 35.5, 33.800000000000004, 31.900000000000002, 31.200000000000003]"
ga,8,9,99.10697686370965,29.78000000000001,1761.0,1.8797149589477258,5.4,11.19607142857143,20.373333333333335,9.177261904761904,True,0.0,hospital_corridor,28,12,"[11, 29, 47, 53, 61, 73, 89, 97, 101, 109]","[3.382368074455887, 2.271292987942566, 0.7132873666894524, 0.5, 1.0]","{""time"": 0.0, ""collisions"": 0.05, ""congestion"": 1.0, ""fairness"": 1.0, ""incomplete_base"": 1000.0, ""incomplete_agent"": 10.0}","[133.22621951219512, 166.12801418439716, 64.30753968253968, 124.02086374695864, 68.33424723424724, 68.83086580086581, 96.3261677282378, 118.47696267696269, 75.82976190476191, 75.5891261659303]","[28.700000000000003, 37.6, 28.8, 27.400000000000002, 29.700000000000003, 27.5, 31.400000000000002, 29.6, 28.0, 29.1]"
ga,8,10,1026.2987048396983,38.94,287.5,1.5701863211798603,5.6,12.27814814814815,21.631666666666668,9.353518518518518,False,0.1,hospital_corridor,28,12,"[11, 29, 47, 53, 61, 73, 89, 97, 101, 109]","[3.2407964675034124, 2.296496763004774, 0.9472637451162671, 0.5, 1.0]","{""time"": 0.0, ""collisions"": 0.05, ""congestion"": 1.0, ""fairness"": 1.0, ""incomplete_base"": 1000.0, ""incomplete_agent"": 10.0}","[53.28543112897333, 12.942570187684197, 13.408313155770784, 42.87731829573936, 10.236996336996338, 1030.3231851851851, 25.173179271708687, 27.05199115044248, 31.44930875576037, 16.238754928723083]","[39.1, 30.700000000000003, 29.5, 30.400000000000002, 26.0, 100.0, 37.4, 33.9, 31.0, 31.400000000000002]"
ga,8,11,1024.0050143979572,39.64,245.4,1.511231329174134,5.2,12.667050264550266,21.890833333333337,9.223783068783069,False,0.1,hospital_corridor,28,12,"[11, 29, 47, 53, 61, 73, 89, 97, 101, 109]","[3.064429418680057, 2.310582429987061, 0.9505474627244027, 0.5, 1.0]","{""time"": 0.0, ""collisions"": 0.05, ""congestion"": 1.0, ""fairness"": 1.0, ""incomplete_base"": 1000.0, ""incomplete_agent"": 10.0}","[51.566722181100424, 10.918454294901242, 12.9607910906298, 24.209674142694624, 13.162208039109181, 1028.582925925926, 24.693099109562525, 33.01428252266054, 25.3189211967973, 15.62306547619048]","[38.6, 31.1, 31.0, 29.3, 26.3, 100.0, 36.9, 37.300000000000004, 33.9, 32.0]"
ga,8,12,25.292388639776746,30.839999999999996,289.8,1.7842934016815044,5.3,11.908571428571431,20.92666666666667,9.018095238095238,True,0.0,hospital_corridor,28,12,"[11, 29, 47, 53, 61, 73, 89, 97, 101, 109]","[3.8141390196002463, 2.708681952300791, 0.9304825067661576, 0.5, 1.0]","{""time"": 0.0, ""collisions"": 0.05, ""congestion"": 1.0, ""fairness"": 1.0, ""incomplete_base"": 1000.0, ""incomplete_agent"": 10.0}","[43.10758636788049, 16.30952380952381, 14.332863733728786, 31.38419989904089, 11.370730706075534, 25.178923541247485, 28.64095744680851, 34.50351605758583, 27.470584835876096, 20.625]","[30.6, 30.3, 28.900000000000002, 28.3, 29.0, 28.400000000000002, 32.9, 38.7, 30.900000000000002, 30.400000000000002]"
ga,8,13,1023.2497326715089,37.940000000000005,241.5,1.5526691794454255,5.1,11.76793650793651,20.390000000000004,8.622063492063493,False,0.1,hospital_corridor,28,12,"[11, 29, 47, 53, 61, 73, 89, 97, 101, 109]","[3.8714459532862113, 2.6028619256467973, 0.9695497488055334, 0.5, 1.0]","{""time"": 0.0, ""collisions"": 0.05, ""congestion"": 1.0, ""fairness"": 1.0, ""incomplete_base"": 1000.0, ""incomplete_agent"": 10.0}","[46.76739631336406, 13.444200848656294, 1020.6451111111111, 13.07347670250896, 9.920542635658915, 18.219269102990033, 25.949434436531213, 36.67395572263994, 22.689985014985016, 25.11395482664365]","[31.0, 30.3, 100.0, 27.900000000000002, 30.1, 30.1, 34.1, 34.2, 28.6, 33.1]"
ga,8,14,27.68742916151125,30.640000000000004,337.5,1.9230243996064864,5.5,11.84392857142857,20.733333333333338,8.889404761904764,True,0.0,hospital_corridor,28,12,"[11, 29, 47, 53, 61, 73, 89, 97, 101, 109]","[3.6349119075520795, 2.8452346232848793, 0.8412479791701298, 0.5, 1.0]","{""time"": 0.0, ""collisions"": 0.05, ""congestion"": 1.0, ""fairness"": 1.0, ""incomplete_base"": 1000.0, ""incomplete_agent"": 10.0}","[62.78382173382174, 32.833549783549785, 25.736080902949414, 28.11309523809524, 16.684990813045477, 17.267737238780406, 22.20714285714286, 25.836624649859942, 23.141165413533834, 22.2700829843338]","[35.1, 30.8, 28.900000000000002, 28.0, 31.1, 27.8, 31.5, 34.0, 28.5, 30.700000000000003]"
ga,8,15,27.68742916151125,30.640000000000004,337.5,1.9230243996064864,5.5,11.84392857142857,20.733333333333338,8.889404761904764,True,0.0,hospital_corridor,28,12,"[11, 29, 47, 53, 61, 73, 89, 97, 101, 109]","[3.6349119075520795, 2.8452346232848793, 0.8412479791701298, 0.5, 1.0]","{""time"": 0.0, ""collisions"": 0.05, ""congestion"": 1.0, ""fairness"": 1.0, ""incomplete_base"": 1000.0, ""incomplete_agent"": 10.0}","[62.78382173382174, 32.833549783549785, 25.736080902949414, 28.11309523809524, 16.684990813045477, 17.267737238780406, 22.20714285714286, 25.836624649859942, 23.141165413533834, 22.2700829843338]","[35.1, 30.8, 28.900000000000002, 28.0, 31.1, 27.8, 31.5, 34.0, 28.5, 30.700000000000003]"
ga,8,16,1034.7584864943121,38.510000000000005,452.7,1.533454026779684,5.3,11.471785714285716,21.061818181818182,9.590032467532467,False,0.1,hospital_corridor,28,12,"[11, 29, 47, 53, 61, 73, 89, 97, 101, 109]","[4.853854146246243, 2.847206506717352, 0.9849842113017144, 0.5, 1.0]","{""time"": 0.0, ""collisions"": 0.05, ""congestion"": 1.0, ""fairness"": 1.0, ""incomplete_base"": 1000.0, ""incomplete_agent"": 10.0}","[77.42333333333333, 28.30537156038886, 19.136713286713288, 49.53985507246377, 21.076915113871635, 17.57345788849348, 27.35104118817945, 47.842949223888446, 1033.7108961038962, 25.62433217189315]","[35.0, 28.900000000000002, 28.6, 32.2, 32.2, 28.1, 31.1, 36.2, 100.0, 32.800000000000004]"
ga,8,17,75.18753834181686,29.170000000000005,1287.4,1.8234907227692303,6.3,10.444285714285714,19.438333333333336,8.994047619047619,True,0.0,hospital_corridor,28,12,"[11, 29, 47, 53, 61, 73, 89, 97, 101, 109]","[4.753796329244269, 2.847206506717352, 0.7371886956395725, 0.5, 1.0]","{""time"": 0.0, ""collisions"": 0.05, ""congestion"": 1.0, ""fairness"": 1.0, ""incomplete_base"": 1000.0, ""incomplete_agent"": 10.0}","[130.63912995104585, 63.48777521761393, 44.70476611139156, 95.95379322831796, 81.57926267281107, 46.867195767195774, 68.0195758166748, 121.02223884318126, 52.450610613249, 47.151035196687374]","[32.1, 27.900000000000002, 28.3, 26.3, 27.900000000000002, 27.0, 29.3, 38.2, 27.1, 27.6]"
ga,8,18,24.947113247962104,31.479999999999997,283.4,1.6700894384382952,5.2,11.874642857142858,20.981666666666666,9.10702380952381,True,0.0,hospital_corridor,28,12,"[11, 29, 47, 53, 61, 73, 89, 97, 101, 109]","[4.061263428771477, 2.6872855357082237, 0.978709051403362, 0.5, 1.0]","{""time"": 0.0, ""collisions"": 0.05, ""congestion"": 1.0, ""fairness"": 1.0, ""incomplete_base"": 1000.0, ""incomplete_agent"": 10.0}","[54.33563152533741, 18.323117386489482, 12.233134920634921, 20.317238267148014, 15.122892962494733, 18.685859465737515, 40.11801327088213, 29.46351351351351, 22.414285714285715, 18.457445453097627]","[37.4, 30.1, 28.8, 27.700000000000003, 33.9, 28.700000000000003, 36.6, 33.300000000000004, 28.400000000000002, 29.900000000000002]"
ga,8,19,33.73426281680555,30.35,454.4,1.8536675787103125,5.5,11.45357142857143,20.61416666666667,9.160595238095238,True,0.0,hospital_corridor,28,12,"[11, 29, 47, 53, 61, 73, 89, 97, 101, 109]","[3.876884672996008, 2.433037788128708, 0.8678384423878764, 0.5, 1.0]","{""time"": 0.0, ""collisions"": 0.05, ""congestion"": 1.0, ""fairness"": 1.0, ""incomplete_base"": 1000.0, ""incomplete_agent"": 10.0}","[63.69619815668203, 46.67994159928122, 18.59424603174603, 39.51860841423948, 15.47873563218391, 19.753105590062113, 31.802116402116404, 40.57986365486366, 38.32953394123607, 22.910278745644604]","[31.0, 31.8, 28.8, 30.900000000000002, 29.0, 27.6, 32.4, 35.1, 28.200000000000003, 28.700000000000003]"
ga,8,20,32.30392477767593,29.410000000000004,440.2,1.7648771586283136,5.4,11.434285714285716,19.963333333333335,8.52904761904762,True,0.0,hospital_corridor,28,12,"[11, 29, 47, 53, 61, 73, 89, 97, 101, 109]","[3.9124358734671536, 2.320113992241824, 0.8823427176777283, 0.5, 1.0]","{""time"": 0.0, ""collisions"": 0.05, ""congestion"": 1.0, ""fairness"": 1.0, ""incomplete_base"": 1000.0, ""incomplete_agent"": 10.0}","[69.12833876221498, 18.980266955266956, 19.753803716608594, 27.124978354978357, 18.574178981937603, 20.78452380952381, 46.53681087576987, 43.9832298136646, 31.66289825282631, 26.510218253968254]","[30.700000000000003, 29.700000000000003, 28.700000000000003, 27.5, 29.0, 28.0, 31.700000000000003, 32.2, 27.8, 28.8]"
ga,8,21,1020.8874819429154,38.080000000000005,186.8,1.5747438476773168,5.4,11.713928571428571,20.68666666666667,8.972738095238096,False,0.1,hospital_corridor,28,12,"[11, 29, 47, 53, 61, 73, 89, 97, 101, 109]","[3.6963062125650215, 2.7821761484541803, 0.935918717438998, 0.5, 1.0]","{""time"": 0.0, ""collisions"": 0.05, ""congestion"": 1.0, ""fairness"": 1.0, ""incomplete_base"": 1000.0, ""incomplete_agent"": 10.0}","[36.62445691267444, 11.794486215538846, 13.011266568483062, 25.067757936507938, 13.47058056099152, 17.96105496861124, 22.75100627643608, 19.026039418788663, 1030.7048571428572, 18.463313428265195]","[33.1, 30.400000000000002, 29.1, 28.8, 29.200000000000003, 31.1, 34.9, 33.1, 100.0, 31.1]"
ga,8,22,135.7589328832325,28.620000000000005,2507.6,2.003932883232485,5.9,10.715,19.090000000000003,8.375,True,0.0,hospital_corridor,28,12,"[11, 29, 47, 53, 61, 73, 89, 97, 101, 109]","[4.23160046911806, 1.978730913686568, 0.692215792436315, 0.5, 1.0]","{""time"": 0.0, ""collisions"": 0.05, ""congestion"": 1.0, ""fairness"": 1.0, ""incomplete_base"": 1000.0, ""incomplete_agent"": 10.0}","[214.905222734255, 143.57738095238096, 101.16665386584741, 119.0123015873016, 130.88925070028012, 106.28483893557423, 143.07380952380956, 167.22885878489328, 100.7405462184874, 130.7104655294954]","[31.0, 28.0, 27.900000000000002, 27.0, 27.200000000000003, 27.200000000000003, 32.0, 31.900000000000002, 27.200000000000003, 26.8]"
ga,8,23,1027.7831522911215,37.8,326.1,1.613054888524152,5.1,11.500357142857144,20.365454545454547,8.865097402597405,False,0.1,hospital_corridor,28,12,"[11, 29, 47, 53, 61, 73, 89, 97, 101, 109]","[4.177878412911685, 2.7090395388316506, 0.939151458403963, 0.5, 1.0]","{""time"": 0.0, ""collisions"": 0.05, ""congestion"": 1.0, ""fairness"": 1.0, ""incomplete_base"": 1000.0, ""incomplete_agent"": 10.0}","[52.496536796536795, 21.352356983061682, 16.208834586466168, 29.872530079647518, 12.200293542074364, 18.925838363514423, 37.7647124887691, 36.73805031446541, 1031.5852597402597, 20.687110016420363]","[30.8, 29.8, 28.5, 28.1, 29.200000000000003, 28.400000000000002, 42.400000000000006, 31.8, 100.0, 29.0]"
ga,9,0,19.697843226782737,33.50000000000001,165.2,1.6785575124970245,5.0,12.795714285714286,22.555,9.759285714285715,True,0.0,hospital_corridor,28,12,"[11, 29, 47, 53, 61, 73, 89, 97, 101, 109]","[2.7369253659685064, 2.3164096928733504, 0.9357309834501738, 0.5, 1.0]","{""time"": 0.0, ""collisions"": 0.05, ""congestion"": 1.0, ""fairness"": 1.0, ""incomplete_base"": 1000.0, ""incomplete_agent"": 10.0}","[37.67478863608107, 11.745194003527338, 12.66150422785937, 21.71311920741451, 10.276901208244492, 20.29638336347197, 18.07747252747253, 25.895065430752457, 21.84514652014652, 16.792857142857144]","[38.300000000000004, 32.4, 32.1, 29.8, 26.8, 31.6, 39.0, 39.300000000000004, 32.5, 33.2]"
ga,9,1,21.095075276627174,30.73,214.0,1.6747181337700296,5.4,11.697142857142858,20.417499999999997,8.720357142857143,True,0.0,hospital_corridor,28,12,"[11, 29, 47, 53, 61, 73, 89, 97, 101, 109]","[4.116409956800176, 2.847206506717352, 0.9849842113017144, 0.5, 1.0]","{""time"": 0.0, ""collisions"": 0.05, ""congestion"": 1.0, ""fairness"": 1.0, ""incomplete_base"": 1000.0, ""incomplete_agent"": 10.0}","[48.23832752613241, 11.921970768505425, 11.886585365853659, 17.854761904761908, 11.187925170068027, 16.858073297578418, 23.172023809523814, 19.92857142857143, 30.039692982456142, 19.862820512820512]","[32.800000000000004, 30.3, 28.700000000000003, 28.0, 29.400000000000002, 29.3, 33.6, 33.6, 30.400000000000002, 31.200000000000003]"
ga,9,2,30.6080906764794,30.880000000000003,393.1,1.803804962193685,5.7,11.808214285714286,20.957500000000003,9.149285714285714,True,0.0,hospital_corridor,28,12,"[11, 29, 47, 53, 61, 73, 89, 97, 101, 109]","[2.904089981521415, 2.272249381155688, 0.8028506780064439, 0.5, 1.0]","{""time"": 0.0, ""collisions"": 0.05, ""congestion"": 1.0, ""fairness"": 1.0, ""incomplete_base"": 1000.0, ""incomplete_agent"": 10.0}","[56.057259570494864, 19.78142076502732, 29.043197278911567, 40.86079638752053, 17.769142226426997, 23.110127431254192, 28.37106227106227, 26.61731197151758, 35.26579943235573, 29.20478943022296]","[30.6, 30.5, 29.400000000000002, 29.0, 30.200000000000003, 28.400000000000002, 33.800000000000004, 32.1, 30.200000000000003, 34.6]"
ga,9,3,61.16486019982643,29.880000000000006,999.3,1.748431628397856,5.1,11.093571428571428,20.544999999999998,9.45142857142857,True,0.0,hospital_corridor,28,12,"[11, 29, 47, 53, 61, 73, 89, 97, 101, 109]","[3.2152034589029785, 1.1585691306921035, 0.8461676721331821, 0.5, 1.0]","{""time"": 0.0, ""collisions"": 0.05, ""congestion"": 1.0, ""fairness"": 1.0, ""incomplete_base"": 1000.0, ""incomplete_agent"": 10.0}","[115.69932567432568, 51.321096345514945, 38.57452135493373, 86.62500000000001, 39.54951899951901, 42.2364768683274, 53.70064935064936, 77.44982389405467, 63.79903474903476, 42.693154761904765]","[28.6, 30.1, 29.1, 28.0, 29.700000000000003, 28.1, 33.0, 33.800000000000004, 29.6, 28.8]"
ga,9,4,26.44443603753251,32.50000000000001,312.1,1.7081265137229806,5.4,12.297857142857143,21.429166666666667,9.131309523809524,True,0.0,hospital_corridor,28,12,"[11, 29, 47, 53, 61, 73, 89, 97, 101, 109]","[3.6407837606548585, 2.57947688579736, 0.9628188376881772, 0.5, 1.0]","{""time"": 0.0, ""collisions"": 0.05, ""congestion"": 1.0, ""fairness"": 1.0, ""incomplete_base"": 1000.0, ""incomplete_agent"": 10.0}","[56.63584905660378, 13.03348656294201, 13.425179386823222, 38.89285714285714, 21.316893613632743, 17.926898637268415, 25.4686974789916, 30.581739782527183, 27.873656149576398, 19.289102564102564]","[37.1, 30.3, 29.200000000000003, 31.5, 29.900000000000002, 31.1, 34.0, 38.1, 32.6, 31.200000000000003]"
ga,9,5,20.111112903032037,33.080000000000005,181.6,1.639922426841561,5.3,12.824642857142857,22.21583333333333,9.391190476190477,True,0.0,hospital_corridor,28,12,"[11, 29, 47, 53, 61, 73, 89, 97, 101, 109]","[2.97764088764949, 2.525824012452522, 0.9428456705088996, 0.5, 1.0]","{""time"": 0.0, ""collisions"": 0.05, ""congestion"": 1.0, ""fairness"": 1.0, ""incomplete_base"": 1000.0, ""incomplete_agent"": 10.0}","[42.090342652574165, 12.060966926963713, 14.301920122887864, 31.578162095783878, 9.727222523990587, 16.145068027210886, 20.423677248677247, 18.00045155993432, 22.841286322835845, 13.942031549461891]","[41.900000000000006, 31.1, 31.0, 34.9, 26.3, 29.400000000000002, 37.800000000000004, 34.800000000000004, 31.3, 32.300000000000004]"
ga,9,6,20.645516239560074,31.940000000000005,191.3,1.682063858607691,5.2,12.270714285714286,21.669166666666666,9.398452380952381,True,0.0,hospital_corridor,28,12,"[11, 29, 47, 53, 61, 73, 89, 97, 101, 109]","[3.140009969081741, 2.66599111131052, 0.9124716083697539, 0.5, 1.0]","{""time"": 0.0, ""collisions"": 0.05, ""congestion"": 1.0, ""fairness"": 1.0, ""incomplete_base"": 1000.0, ""incomplete_agent"": 10.0}","[34.401515151515156, 14.849317512021097, 13.563600288600288, 27.643639921722116, 12.964084070110127, 29.194921552436004, 20.346920723596703, 17.522478162862782, 16.63881488286633, 19.32987012987013]","[30.8, 30.700000000000003, 29.700000000000003, 29.200000000000003, 30.700000000000003, 34.6, 35.800000000000004, 33.800000000000004, 31.1, 33.0]"
ga,9,7,26.31906387586076,30.560000000000002,312.3,1.7241829234798065,5.1,11.379285714285714,20.359166666666667,8.979880952380952,True,0.0,hospital_corridor,28,12,"[11, 29, 47, 53, 61, 73, 89, 97, 101, 109]","[3.770708504065545, 2.452011195702074, 0.8983767881098044, 0.5, 1.0]","{""time"": 0.0, ""collisions"": 0.05, ""congestion"": 1.0, ""fairness"": 1.0, ""incomplete_base"": 1000.0, ""incomplete_agent"": 10.0}","[54.48917628332671, 21.326270373921382, 20.77480158730159, 27.085882550900223, 13.310218919782677, 21.87778622087133, 26.432231040564375, 28.556418219461698, 27.340914786967417, 21.99693877551021]","[35.9, 29.8, 28.8, 28.3, 29.8, 28.200000000000003, 32.4, 34.5, 28.5, 29.400000000000002]"
ga,9,8,22.98555459817136,31.630000000000003,240.4,1.7432926934094524,5.4,12.12857142857143,21.350833333333334,9.222261904761904,True,0.0,hospital_corridor,28,12,"[11, 29, 47, 53, 61, 73, 89, 97, 101, 109]","[2.953644984071693, 2.3183999917562232, 0.8879223080384919, 0.5, 1.0]","{""time"": 0.0, ""collisions"": 0.05, ""congestion"": 1.0, ""fairness"": 1.0, ""incomplete_base"": 1000.0, ""incomplete_agent"": 10.0}","[51.07708522899606, 13.79281045751634, 13.70784543325527, 28.914663182346114, 15.905224446466486, 18.004547228727557, 23.95442546583851, 20.096765697429415, 26.436796536796535, 17.965382304341297]","[31.400000000000002, 30.6, 30.5, 28.700000000000003, 31.400000000000002, 30.5, 36.800000000000004, 33.9, 30.8, 31.700000000000003]"
ga,9,9,21.12657665441874,34.48,191.6,1.6101480829901686,4.9,12.498571428571429,22.435,9.936428571428573,True,0.0,hospital_corridor,28,12,"[11, 29, 47, 53, 61, 73, 89, 97, 101, 109]","[2.733885937456932, 2.372734695331298, 0.8912020943091133, 0.5, 1.0]","{""time"": 0.0, ""collisions"": 0.05, ""congestion"": 1.0, ""fairness"": 1.0, ""incomplete_base"": 1000.0, ""incomplete_agent"": 10.0}","[38.151763110307414, 12.282688808007281, 13.687698412698413, 27.574898682877407, 15.027509857446164, 17.582748184019373, 20.869733137470927, 27.403286816011754, 23.40223167636961, 15.283207858979068]","[39.5, 31.400000000000002, 31.5, 32.9, 31.400000000000002, 29.5, 38.900000000000006, 38.900000000000006, 31.900000000000002, 38.900000000000006]"
ga,9,10,1026.820691074237,37.34,301.9,1.7060373945832432,5.4,11.721785714285714,20.741439393939395,9.01965367965368,False,0.1,hospital_corridor,28,12,"[11, 29, 47, 53, 61, 73, 89, 97, 101, 109]","[3.727943758382583, 2.627327972582015, 0.8920082310222368, 0.5, 1.0]","{""time"": 0.0, ""collisions"": 0.05, ""congestion"": 1.0, ""fairness"": 1.0, ""incomplete_base"": 1000.0, ""incomplete_agent"": 10.0}","[52.86217948717949, 19.354860479223536, 26.42504105090312, 27.74948979591837, 12.498556998557, 16.755167173252282, 24.737108013937284, 31.320586080586082, 1038.624012987013, 17.87990867579909]","[31.200000000000003, 31.400000000000002, 29.0, 29.400000000000002, 29.700000000000003, 28.200000000000003, 32.800000000000004, 32.5, 100.0, 29.200000000000003]"
ga,9,11,31.506247892064724,30.07,405.9,1.7868431301599574,5.2,11.168928571428573,20.593333333333337,9.424404761904764,True,0.0,hospital_corridor,28,12,"[11, 29, 47, 53, 61, 73, 89, 97, 101, 109]","[3.9832563990019723, 2.22040830305677, 0.9545392627690017, 0.5, 1.0]","{""time"": 0.0, ""collisions"": 0.05, ""congestion"": 1.0, ""fairness"": 1.0, ""incomplete_base"": 1000.0, ""incomplete_agent"": 10.0}","[58.209930975647595, 40.589175612441515, 16.075198412698413, 38.97247344981158, 16.930357142857144, 21.801754385964912, 33.419815668202766, 35.701999101527406, 32.023860182370825, 21.337913989125063]","[30.700000000000003, 34.6, 28.8, 27.8, 30.400000000000002, 28.5, 31.0, 31.8, 28.200000000000003, 28.900000000000002]"
ga,9,12,1022.8550591061982,39.25,220.2,1.6073751235141411,5.2,12.736785714285714,21.9744696969697,9.237683982683984,False,0.1,hospital_corridor,28,12,"[11, 29, 47, 53, 61, 73, 89, 97, 101, 109]","[2.9030234808904587, 2.3229933790048602, 0.947375584546991, 0.5, 1.0]","{""time"": 0.0, ""collisions"": 0.05, ""congestion"": 1.0, ""fairness"": 1.0, ""incomplete_base"": 1000.0, ""incomplete_agent"": 10.0}","[41.22943962115233, 11.46741594401339, 13.21254578754579, 36.833836563016376, 10.12564935064935, 20.668040293040292, 22.538095238095238, 19.56504391381913, 1032.727935064935, 20.182589285714286]","[36.2, 31.3, 31.200000000000003, 31.700000000000003, 26.400000000000002, 31.200000000000003, 37.800000000000004, 34.7, 100.0, 32.0]"
ga,9,13,1022.0184864799489,41.73,198.6,1.4392404482029348,5.3,12.516587301587304,22.165833333333335,9.649246031746031,False,0.1,hospital_corridor,28,12,"[11, 29, 47, 53, 61, 73, 89, 97, 101, 109]","[2.805737925510888, 2.368141308082661, 0.9040582790889158, 0.5, 1.0]","{""time"": 0.0, ""collisions"": 0.05, ""congestion"": 1.0, ""fairness"": 1.0, ""incomplete_base"": 1000.0, ""incomplete_agent"": 10.0}","[38.024424654180436, 13.278069374714743, 13.121130952380954, 30.638809523809527, 10.83645254440449, 1025.0555555555557, 26.987656641604012, 18.977229562345173, 26.810777496839446, 16.454758493655344]","[38.900000000000006, 31.3, 32.0, 30.0, 43.7, 100.0, 38.0, 34.6, 33.9, 34.9]"
ga,9,14,138.90621755845555,28.43,2579.8,1.973836606074603,5.9,10.824285714285715,18.766666666666666,7.942380952380954,True,0.0,hospital_corridor,28,12,"[11, 29, 47, 53, 61, 73, 89, 97, 101, 109]","[4.514643048194118, 2.3177936417360714, 0.5, 0.5, 1.0]","{""time"": 0.0, ""collisions"": 0.05, ""congestion"": 1.0, ""fairness"": 1.0, ""incomplete_base"": 1000.0, ""incomplete_agent"": 10.0}","[211.59112021857925, 142.82224782386072, 112.41636582430807, 112.41305288913985, 160.5767746503806, 101.47190300474435, 131.9847595473833, 208.67852865697176, 95.23956582633053, 111.86785714285715]","[30.5, 27.900000000000002, 27.700000000000003, 25.3, 26.900000000000002, 27.1, 30.3, 33.4, 27.200000000000003, 28.0]"
ga,9,15,31.83801869434918,29.890000000000004,423.6,1.7620663133967944,5.2,11.410714285714285,20.30666666666667,8.895952380952384,True,0.0,hospital_corridor,28,12,"[11, 29, 47, 53, 61, 73, 89, 97, 101, 109]","[3.980411596046297, 2.38263667338408, 0.9118658211045312, 0.5, 1.0]","{""time"": 0.0, ""collisions"": 0.05, ""congestion"": 1.0, ""fairness"": 1.0, ""incomplete_base"": 1000.0, ""incomplete_agent"": 10.0}","[73.70876623376623, 50.51495859213251, 26.285017421602788, 19.434265010351968, 16.0251261431725, 19.451722391084097, 27.829464285714288, 37.68017614569339, 24.445238095238096, 23.005452624735902]","[30.8, 32.2, 28.700000000000003, 27.6, 30.200000000000003, 28.200000000000003, 32.0, 31.900000000000002, 28.0, 29.3]"
ga,9,16,1029.3814776135457,37.57000000000001,345.2,1.621173380741491,5.6,11.513862433862434,21.014166666666668,9.50030423280423,False,0.1,hospital_corridor,28,12,"[11, 29, 47, 53, 61, 73, 89, 97, 101, 109]","[4.032505701404667, 2.525078097405367, 0.9692085073383203, 0.5, 1.0]","{""time"": 0.0, ""collisions"": 0.05, ""congestion"": 1.0, ""fairness"": 1.0, ""incomplete_base"": 1000.0, ""incomplete_agent"": 10.0}","[54.891758241758254, 33.33072846693537, 1021.6078518518518, 40.67055137844612, 10.714153439153439, 23.219860627177702, 27.034796784956022, 35.99612276103102, 27.608456486042698, 18.740496098104792]","[31.200000000000003, 31.900000000000002, 100.0, 28.5, 32.4, 28.700000000000003, 31.400000000000002, 32.7, 29.0, 29.900000000000002]"
ga,9,17,1030.7366866237442,38.11,369.9,1.679067576125134,5.3,11.48904761904762,21.05166666666667,9.562619047619048,False,0.1,hospital_corridor,28,12,"[11, 29, 47, 53, 61, 73, 89, 97, 101, 109]","[4.111114473444556, 2.589520936303428, 0.9631364583289185, 0.5, 1.0]","{""time"": 0.0, ""collisions"": 0.05, ""congestion"": 1.0, ""fairness"": 1.0, ""incomplete_base"": 1000.0, ""incomplete_agent"": 10.0}","[65.07611494748957, 32.962807606263986, 1021.3233333333334, 30.33430892212481, 11.267884287265396, 22.19798657718121, 33.33553791887125, 32.95198412698413, 32.03871635610766, 25.878192161820483]","[33.1, 29.8, 100.0, 27.700000000000003, 30.700000000000003, 29.8, 32.4, 31.5, 32.2, 33.9]"
ga,9,18,21.510423668994576,30.380000000000003,221.2,1.7249474785183838,5.3,11.642857142857142,20.368333333333332,8.725476190476192,True,0.0,hospital_corridor,28,12,"[11, 29, 47, 53, 61, 73, 89, 97, 101, 109]","[3.8441923526113118, 2.711348764316995, 0.9407441111019385, 0.5, 1.0]","{""time"": 0.0, ""collisions"": 0.05, ""congestion"": 1.0, ""fairness"": 1.0, ""incomplete_base"": 1000.0, ""incomplete_agent"": 10.0}","[48.597943722943725, 21.987250384024584, 13.633432539682541, 12.811904761904763, 11.077179106936896, 16.54001161440186, 25.058923176521365, 24.397547115522947, 21.24817073170732, 19.75187353629977]","[33.0, 31.0, 28.8, 28.0, 28.900000000000002, 28.700000000000003, 33.1, 33.1, 28.700000000000003, 30.5]"
ga,9,19,1022.4436133165568,38.03,222.9,1.5987720467155344,5.3,11.884325396825398,20.58416666666667,8.69984126984127,False,0.1,hospital_corridor,28,12,"[11, 29, 47, 53, 61, 73, 89, 97, 101, 109]","[3.851445949324776, 2.7862243933603277, 0.9596719204111221, 0.5, 1.0]","{""time"": 0.0, ""collisions"": 0.05, ""congestion"": 1.0, ""fairness"": 1.0, ""incomplete_base"": 1000.0, ""incomplete_agent"": 10.0}","[62.18573662709052, 13.652805280528053, 12.28518062397373, 13.259143870314084, 12.03387372013652, 1025.7022222222222, 24.185281385281385, 22.49909638554217, 20.740435139573073, 17.8923579109063]","[37.300000000000004, 30.3, 29.0, 28.200000000000003, 29.3, 100.0, 33.0, 33.2, 29.0, 31.0]"
ga,9,20,27.059466021534217,31.870000000000005,305.6,1.8208945929627856,5.8,11.721428571428572,21.680000000000003,9.958571428571428,True,0.0,hospital_corridor,28,12,"[11, 29, 47, 53, 61, 73, 89, 97, 101, 109]","[4.01585400978609, 3.0010831701266705, 0.9082517392185295, 0.5, 1.0]","{""time"": 0.0, ""collisions"": 0.05, ""congestion"": 1.0, ""fairness"": 1.0, ""incomplete_base"": 1000.0, ""incomplete_agent"": 10.0}","[48.42464028776979, 28.44060332871013, 27.2011583011583, 31.742753623188406, 12.811654534425237, 15.491251482799527, 25.057047911189017, 27.89474789915967, 32.11437728937729, 21.4164255575648]","[41.7, 30.900000000000002, 29.6, 27.6, 31.400000000000002, 28.1, 32.6, 34.0, 31.200000000000003, 31.6]"
ga,9,21,20.739664037734304,30.7,203.5,1.7550211805914455,5.3,11.982857142857146,20.7925,8.809642857142858,True,0.0,hospital_corridor,28,12,"[11, 29, 47, 53, 61, 73, 89, 97, 101, 109]","[3.6358722013254243, 2.8464542412573977, 0.9179804512533146, 0.5, 1.0]","{""time"": 0.0, ""collisions"": 0.05, ""congestion"": 1.0, ""fairness"": 1.0, ""incomplete_base"": 1000.0, ""incomplete_agent"": 10.0}","[42.335281385281384, 12.99714912280702, 15.722987236131567, 20.894628029147604, 11.731896551724137, 19.470426065162908, 25.41455551058951, 19.953880736584665, 22.957520721599224, 15.91831501831502]","[33.0, 30.400000000000002, 29.1, 28.1, 29.0, 28.5, 35.300000000000004, 33.1, 29.3, 31.200000000000003]"
ga,9,22,1025.6825456193574,38.36,279.3,1.589357788669639,5.0,11.594312169312168,20.722500000000004,9.12818783068783,False,0.1,hospital_corridor,28,12,"[11, 29, 47, 53, 61, 73, 89, 97, 101, 109]","[4.0473688802593175, 2.6822302876668203, 0.9729038425446089, 0.5, 1.0]","{""time"": 0.0, ""collisions"": 0.05, ""congestion"": 1.0, ""fairness"": 1.0, ""incomplete_base"": 1000.0, ""incomplete_agent"": 10.0}","[51.24430542917804, 31.877514026758742, 1020.0109259259259, 16.10986697169971, 9.411990820424556, 19.217943053510066, 28.190900818926295, 29.475106928999146, 25.9921626984127, 25.29473951973952]","[31.400000000000002, 33.1, 100.0, 28.1, 33.2, 29.1, 31.400000000000002, 33.4, 28.8, 35.1]"
ga,9,23,29.891351438921667,29.150000000000006,385.0,1.7436133436835721,5.2,10.948928571428574,19.846666666666664,8.897738095238097,True,0.0,hospital_corridor,28,12,"[11, 29, 47, 53, 61, 73, 89, 97, 101, 109]","[4.314080109902316, 2.2724477750328465, 0.9531659632242774, 0.5, 1.0]","{""time"": 0.0, ""collisions"": 0.05, ""congestion"": 1.0, ""fairness"": 1.0, ""incomplete_base"": 1000.0, ""incomplete_agent"": 10.0}","[54.51170150987224, 31.082676518883417, 24.32080200501253, 30.81197478991597, 17.66039178213091, 20.108333333333334, 33.11244588744589, 31.973732718894013, 28.49053614251456, 26.84091970121382]","[28.700000000000003, 29.0, 28.5, 27.200000000000003, 29.900000000000002, 28.0, 30.8, 31.0, 27.8, 30.6]"
ga,10,0,19.697843226782737,33.50000000000001,165.2,1.6785575124970245,5.0,12.795714285714286,22.555,9.759285714285715,True,0.0,hospital_corridor,28,12,"[11, 29, 47, 53, 61, 73, 89, 97, 101, 109]","[2.7369253659685064, 2.3164096928733504, 0.9357309834501738, 0.5, 1.0]","{""time"": 0.0, ""collisions"": 0.05, ""congestion"": 1.0, ""fairness"": 1.0, ""incomplete_base"": 1000.0, ""incomplete_agent"": 10.0}","[37.67478863608107, 11.745194003527338, 12.66150422785937, 21.71311920741451, 10.276901208244492, 20.29638336347197, 18.07747252747253, 25.895065430752457, 21.84514652014652, 16.792857142857144]","[38.300000000000004, 32.4, 32.1, 29.8, 26.8, 31.6, 39.0, 39.300000000000004, 32.5, 33.2]"
ga,10,1,20.111112903032037,33.080000000000005,181.6,1.639922426841561,5.3,12.824642857142857,22.21583333333333,9.391190476190477,True,0.0,hospital_corridor,28,12,"[11, 29, 47, 53, 61, 73, 89, 97, 101, 109]","[2.97764088764949, 2.525824012452522, 0.9428456705088996, 0.5, 1.0]","{""time"": 0.0, ""collisions"": 0.05, ""congestion"": 1.0, ""fairness"": 1.0, ""incomplete_base"": 1000.0, ""incomplete_agent"": 10.0}","[42.090342652574165, 12.060966926963713, 14.301920122887864, 31.578162095783878, 9.727222523990587, 16.145068027210886, 20.423677248677247, 18.00045155993432, 22.841286322835845, 13.942031549461891]","[41.900000000000006, 31.1, 31.0, 34.9, 26.3, 29.400000000000002, 37.800000000000004, 34.800000000000004, 31.3, 32.300000000000004]"
ga,10,2,25.45295418721409,30.940000000000005,282.1,1.813311330071231,5.4,11.662857142857144,21.197499999999998,9.534642857142856,True,0.0,hospital_corridor,28,12,"[11, 29, 47, 53, 61, 73, 89, 97, 101, 109]","[3.9029823823664467, 2.844909139498492, 0.9142057585079503, 0.5, 1.0]","{""time"": 0.0, ""collisions"": 0.05, ""congestion"": 1.0, ""fairness"": 1.0, ""incomplete_base"": 1000.0, ""incomplete_agent"": 10.0}","[52.00714285714286, 18.990800865800868, 25.2469246031746, 25.190284715284715, 11.048339924204974, 15.424496981891348, 24.713007054673724, 33.34481792717087, 31.819838872104732, 16.743888070692194]","[33.6, 30.8, 28.8, 28.6, 28.900000000000002, 28.400000000000002, 32.4, 35.7, 33.1, 29.1]"
ga,10,3,25.640078001222044,30.03,298.4,1.7718637155077577,5.6,11.519285714285715,20.4675,8.948214285714286,True,0.0,hospital_corridor,28,12,"[11, 29, 47, 53, 61, 73, 89, 97, 101, 109]","[3.7133014150052746, 2.461582914356648, 0.9156405138498955, 0.5, 1.0]","{""time"": 0.0, ""collisions"": 0.05, ""congestion"": 1.0, ""fairness"": 1.0, ""incomplete_base"": 1000.0, ""incomplete_agent"": 10.0}","[46.163600782778865, 15.26050326485109, 25.815986983028505, 35.20012531328321, 14.630989199803635, 26.531589537223343, 26.26350174216028, 24.226849037487337, 22.247243107769425, 20.060391043834755]","[29.200000000000003, 29.900000000000002, 28.900000000000002, 28.5, 29.1, 28.400000000000002, 32.800000000000004, 32.9, 30.400000000000002, 30.200000000000003]"
ga,10,4,30.308590249501492,31.070000000000004,391.6,1.7141854875967273,5.0,11.713928571428573,20.72833333333333,9.014404761904764,True,0.0,hospital_corridor,28,12,"[11, 29, 47, 53, 61, 73, 89, 97, 101, 109]","[3.9718017419055154, 2.4503243395251597, 0.938406473999636, 0.5, 1.0]","{""time"": 0.0, ""collisions"": 0.05, ""congestion"": 1.0, ""fairness"": 1.0, ""incomplete_base"": 1000.0, ""incomplete_agent"": 10.0}","[56.30318110850898, 23.08955736657079, 17.440376984126985, 40.47346002621232, 16.922023809523807, 19.089160401002506, 28.944875776397517, 54.32243157105362, 22.04345449923742, 24.457380952380955]","[30.5, 29.8, 28.8, 32.7, 32.0, 28.5, 32.2, 38.1, 28.1, 30.0]"
ga,10,5,1019.7176099000494,41.8,153.1,1.5602554026948787,4.7,13.867645502645502,23.370000000000005,9.5023544973545,False,0.1,hospital_corridor,28,12,"[11, 29, 47, 53, 61, 73, 89, 97, 101, 109]","[2.881533580863167, 2.7132918600655427, 0.9823087207522523, 0.5, 1.0]","{""time"": 0.0, ""collisions"": 0.05, ""congestion"": 1.0, ""fairness"": 1.0, ""incomplete_base"": 1000.0, ""incomplete_agent"": 10.0}","[26.21625258799172, 23.571375172760398, 15.942099567099568, 10.842039442039443, 7.884337676438653, 1026.5665925925925, 18.183427628477133, 26.607922824302136, 22.42305047359543, 18.93900103519669]","[32.2, 37.9, 33.0, 29.700000000000003, 30.700000000000003, 100.0, 40.400000000000006, 40.6, 36.7, 36.800000000000004]"
ga,10,6,20.739664037734304,30.7,203.5,1.7550211805914455,5.3,11.982857142857146,20.7925,8.809642857142858,True,0.0,hospital_corridor,28,12,"[11, 29, 47, 53, 61, 73, 89, 97, 101, 109]","[3.6358722013254243, 2.8464542412573977, 0.9179804512533146, 0.5, 1.0]","{""time"": 0.0, ""collisions"": 0.05, ""congestion"": 1.0, ""fairness"": 1.0, ""incomplete_base"": 1000.0, ""incomplete_agent"": 10.0}","[42.335281385281384, 12.99714912280702, 15.722987236131567, 20.894628029147604, 11.731896551724137, 19.470426065162908, 25.41455551058951, 19.953880736584665, 22.957520721599224, 15.91831501831502]","[33.0, 30.400000000000002, 29.1, 28.1, 29.0, 28.5, 35.300000000000004, 33.1, 29.3, 31.200000000000003]"
ga,10,7,21.095075276627174,30.73,214.0,1.6747181337700296,5.4,11.697142857142858,20.417499999999997,8.720357142857143,True,0.0,hospital_corridor,28,12,"[11, 29, 47, 53, 61, 73, 89, 97, 101, 109]","[4.116409956800176, 2.847206506717352, 0.9849842113017144, 0.5, 1.0]","{""time"": 0.0, ""collisions"": 0.05, ""congestion"": 1.0, ""fairness"": 1.0, ""incomplete_base"": 1000.0, ""incomplete_agent"": 10.0}","[48.23832752613241, 11.921970768505425, 11.886585365853659, 17.854761904761908, 11.187925170068027, 16.858073297578418, 23.172023809523814, 19.92857142857143, 30.039692982456142, 19.862820512820512]","[32.800000000000004, 30.3, 28.700000000000003, 28.0, 29.400000000000002, 29.3, 33.6, 33.6, 30.400000000000002, 31.200000000000003]"
ga,10,8,1047.8083185281441,80.38,272.5,0.7786476619733257,4.8,11.627223073223073,21.03189393939394,9.404670866170866,False,2.4,hospital_corridor,28,12,"[11, 29, 47, 53, 61, 73, 89, 97, 101, 109]","[3.414774347291532, 2.1328015652795718, 1.058609223103163, 0.5, 1.0]","{""time"": 0.0, ""collisions"": 0.05, ""congestion"": 1.0, ""fairness"": 1.0, ""incomplete_base"": 1000.0, ""incomplete_agent"": 10.0}","[1066.608923076923, 1074.6402727272728, 1033.3394579124579, 1055.8436666666666, 1051.2283333333332, 1057.657, 23.990074668920826, 44.932379689276246, 27.708974642488577, 1042.1341025641025]","[100.0, 100.0, 100.0, 100.0, 100.0, 100.0, 33.800000000000004, 37.7, 32.300000000000004, 100.0]"
ga,10,9,1025.1011647008627,39.87,263.7,1.5381752828731716,5.5,12.514510582010583,21.892500000000005,9.377989417989417,False,0.1,hospital_corridor,28,12,"[11, 29, 47, 53, 61, 73, 89, 97, 101, 109]","[3.1663433712882862, 2.4002175474349925, 0.9398572860364178, 0.5, 1.0]","{""time"": 0.0, ""collisions"": 0.05, ""congestion"": 1.0, ""fairness"": 1.0, ""incomplete_base"": 1000.0, ""incomplete_agent"": 10.0}","[42.2250700280112, 11.585930735930738, 13.373737373737374, 45.20277777777778, 11.896389539422326, 1027.794037037037, 24.543613211301235, 26.65031857813548, 26.791558441558443, 20.948214285714286]","[35.7, 30.8, 29.700000000000003, 37.800000000000004, 30.5, 100.0, 35.9, 35.5, 30.8, 32.0]"
ga,10,10,20.818997731422964,31.390000000000004,194.4,1.8079263028515353,5.7,11.881428571428573,21.1725,9.291071428571428,True,0.0,hospital_corridor,28,12,"[11, 29, 47, 53, 61, 73, 89, 97, 101, 109]","[3.7864135241076693, 3.0639684587619165, 0.9179804512533146, 0.5, 1.0]","{""time"": 0.0, ""collisions"": 0.05, ""congestion"": 1.0, ""fairness"": 1.0, ""incomplete_base"": 1000.0, ""incomplete_agent"": 10.0}","[38.58385093167702, 12.418798449612405, 17.692025440313113, 24.01375313283208, 8.93034960819771, 17.255701754385967, 25.987697307335193, 26.408116883116882, 22.857051282051284, 14.042632524707997]","[32.2, 30.1, 29.200000000000003, 30.400000000000002, 31.6, 28.5, 35.9, 33.0, 31.200000000000003, 31.8]"
ga,10,11,20.739664037734304,30.7,203.5,1.7550211805914455,5.3,11.982857142857146,20.7925,8.809642857142858,True,0.0,hospital_corridor,28,12,"[11, 29, 47, 53, 61, 73, 89, 97, 101, 109]","[3.6358722013254243, 2.8464542412573977, 0.9179804512533146, 0.5, 1.0]","{""time"": 0.0, ""collisions"": 0.05, ""congestion"": 1.0, ""fairness"": 1.0, ""incomplete_base"": 1000.0, ""incomplete_agent"": 10.0}","[42.335281385281384, 12.99714912280702, 15.722987236131567, 20.894628029147604, 11.731896551724137, 19.470426065162908, 25.41455551058951, 19.953880736584665, 22.957520721599224, 15.91831501831502]","[33.0, 30.400000000000002, 29.1, 28.1, 29.0, 28.5, 35.300000000000004, 33.1, 29.3, 31.200000000000003]"
ga,10,12,21.12657665441874,34.48,191.6,1.6101480829901686,4.9,12.498571428571429,22.435,9.936428571428573,True,0.0,hospital_corridor,28,12,"[11, 29, 47, 53, 61, 73, 89, 97, 101, 109]","[2.733885937456932, 2.372734695331298, 0.8912020943091133, 0.5, 1.0]","{""time"": 0.0, ""collisions"": 0.05, ""congestion"": 1.0, ""fairness"": 1.0, ""incomplete_base"": 1000.0, ""incomplete_agent"": 10.0}","[38.151763110307414, 12.282688808007281, 13.687698412698413, 27.574898682877407, 15.027509857446164, 17.582748184019373, 20.869733137470927, 27.403286816011754, 23.40223167636961, 15.283207858979068]","[39.5, 31.400000000000002, 31.5, 32.9, 31.400000000000002, 29.5, 38.900000000000006, 38.900000000000006, 31.900000000000002, 38.900000000000006]"
ga,10,13,21.12657665441874,34.48,191.6,1.6101480829901686,4.9,12.498571428571429,22.435,9.936428571428573,True,0.0,hospital_corridor,28,12,"[11, 29, 47, 53, 61, 73, 89, 97, 101, 109]","[2.733885937456932, 2.372734695331298, 0.8912020943091133, 0.5, 1.0]","{""time"": 0.0, ""collisions"": 0.05, ""congestion"": 1.0, ""fairness"": 1.0, ""incomplete_base"": 1000.0, ""incomplete_agent"": 10.0}","[38.151763110307414, 12.282688808007281, 13.687698412698413, 27.574898682877407, 15.027509857446164, 17.582748184019373, 20.869733137470927, 27.403286816011754, 23.40223167636961, 15.283207858979068]","[39.5, 31.400000000000002, 31.5, 32.9, 31.400000000000002, 29.5, 38.900000000000006, 38.900000000000006, 31.900000000000002, 38.900000000000006]"
ga,10,14,24.084431902652483,31.660000000000004,267.2,1.682884283604863,5.5,11.854285714285714,20.895833333333336,9.04154761904762,True,0.0,hospital_corridor,28,12,"[11, 29, 47, 53, 61, 73, 89, 97, 101, 109]","[3.386719248761163, 2.4463343890011737, 0.9063699502051099, 0.5, 1.0]","{""time"": 0.0, ""collisions"": 0.05, ""congestion"": 1.0, ""fairness"": 1.0, ""incomplete_base"": 1000.0, ""incomplete_agent"": 10.0}","[53.051798378926044, 14.231270627062706, 22.519913050544453, 27.984199134199134, 11.546031746031748, 18.610218253968256, 21.443731778425658, 23.729420227305425, 24.96918604651163, 22.758549783549782]","[37.6, 30.3, 29.3, 30.8, 31.5, 28.8, 34.300000000000004, 33.1, 30.1, 30.8]"
ga,10,15,18.8350584796249,32.58,160.4,1.6900584796248999,5.2,12.492500000000001,21.6175,9.125,True,0.0,hospital_corridor,28,12,"[11, 29, 47, 53, 61, 73, 89, 97, 101, 109]","[3.084409804168696, 2.772854547587522, 0.902812595357318, 0.5, 1.0]","{""time"": 0.0, ""collisions"": 0.05, ""congestion"": 1.0, ""fairness"": 1.0, ""incomplete_base"": 1000.0, ""incomplete_agent"": 10.0}","[32.73401812052255, 13.336904761904764, 12.49404761904762, 23.316428571428574, 8.549771689497717, 16.12942176870748, 23.15226056714821, 20.588960113960113, 21.717933947772657, 16.330837636259325]","[33.9, 31.5, 29.6, 30.0, 36.5, 29.400000000000002, 35.6, 35.1, 31.0, 33.2]"
ga,10,16,19.375118367725722,34.23,161.8,1.596427891535246,5.0,12.834642857142859,22.523333333333333,9.688690476190475,True,0.0,hospital_corridor,28,12,"[11, 29, 47, 53, 61, 73, 89, 97, 101, 109]","[2.7444254299348123, 2.3960456184278067, 0.9315398740604761, 0.5, 1.0]","{""time"": 0.0, ""collisions"": 0.05, ""congestion"": 1.0, ""fairness"": 1.0, ""incomplete_base"": 1000.0, ""incomplete_agent"": 10.0}","[41.363037166085945, 11.480555555555554, 12.766758241758243, 23.021696847753187, 9.149908424908425, 16.57247023809524, 21.644127775798594, 22.25258799171843, 21.65886243386243, 13.841179001721171]","[41.0, 31.5, 32.5, 35.5, 27.3, 32.0, 40.1, 36.800000000000004, 32.4, 33.2]"
ga,10,17,1023.0558539120772,39.220000000000006,227.8,1.5765032627264999,5.4,12.454285714285714,21.543636363636367,9.08935064935065,False,0.1,hospital_corridor,28,12,"[11, 29, 47, 53, 61, 73, 89, 97, 101, 109]","[3.1325099051154353, 2.5863551857560636, 0.9166627177594516, 0.5, 1.0]","{""time"": 0.0, ""collisions"": 0.05, ""congestion"": 1.0, ""fairness"": 1.0, ""incomplete_base"": 1000.0, ""incomplete_agent"": 10.0}","[52.72085848423876, 12.038095238095238, 13.906543624161074, 29.416666666666668, 13.761904761904763, 18.800424005218524, 21.83462165688193, 18.008670459334176, 1029.7045064935064, 20.36624773076386]","[35.5, 30.6, 29.8, 32.2, 30.400000000000002, 29.200000000000003, 36.5, 33.9, 100.0, 34.1]"
ga,10,18,23.491337015612594,31.7,248.7,1.7443132060887792,5.7,12.15964285714286,21.47166666666667,9.312023809523811,True,0.0,hospital_corridor,28,12,"[11, 29, 47, 53, 61, 73, 89, 97, 101, 109]","[2.953644984071693, 2.304446760251619, 0.8879223080384919, 0.5, 1.0]","{""time"": 0.0, ""collisions"": 0.05, ""congestion"": 1.0, ""fairness"": 1.0, ""incomplete_base"": 1000.0, ""incomplete_agent"": 10.0}","[37.853280777193824, 13.38009708737864, 13.467573320719016, 39.65216894977169, 14.759041591320074, 22.970952380952383, 21.29384546271339, 28.719372294372295, 26.08936251920123, 16.72767577250336]","[29.900000000000002, 30.900000000000002, 30.200000000000003, 29.200000000000003, 31.6, 30.0, 37.1, 35.2, 31.0, 31.900000000000002]"
ga,10,19,1115.129159769784,100.0,99.8,0.3907,4.0,13.238575583751288,23.987035353535354,10.748459769784068,False,9.9,hospital_corridor,28,12,"[11, 29, 47, 53, 61, 73, 89, 97, 101, 109]","[2.97764088764949, 2.525824012452522, 1.3967422856852194, 0.5, 1.0]","{""time"": 0.0, ""collisions"": 0.05, ""congestion"": 1.0, ""fairness"": 1.0, ""incomplete_base"": 1000.0, ""incomplete_agent"": 10.0}","[1086.7090830039526, 1163.6463506493506, 1102.8642121212122, 1109.922, 1112.9873636363636, 1115.923318181818, 1106.2265217391305, 1090.1845, 1073.547111111111, 1189.281137254902]","[100.0, 100.0, 100.0, 100.0, 100.0, 100.0, 100.0, 100.0, 100.0, 100.0]"
ga,10,20,21.510423668994576,30.380000000000003,221.2,1.7249474785183838,5.3,11.642857142857142,20.368333333333332,8.725476190476192,True,0.0,hospital_corridor,28,12,"[11, 29, 47, 53, 61, 73, 89, 97, 101, 109]","[3.8441923526113118, 2.711348764316995, 0.9407441111019385, 0.5, 1.0]","{""time"": 0.0, ""collisions"": 0.05, ""congestion"": 1.0, ""fairness"": 1.0, ""incomplete_base"": 1000.0, ""incomplete_agent"": 10.0}","[48.597943722943725, 21.987250384024584, 13.633432539682541, 12.811904761904763, 11.077179106936896, 16.54001161440186, 25.058923176521365, 24.397547115522947, 21.24817073170732, 19.75187353629977]","[33.0, 31.0, 28.8, 28.0, 28.900000000000002, 28.700000000000003, 33.1, 33.1, 28.700000000000003, 30.5]"
ga,10,21,27.059466021534217,31.870000000000005,305.6,1.8208945929627856,5.8,11.721428571428572,21.680000000000003,9.958571428571428,True,0.0,hospital_corridor,28,12,"[11, 29, 47, 53, 61, 73, 89, 97, 101, 109]","[4.01585400978609, 3.0010831701266705, 0.9082517392185295, 0.5, 1.0]","{""time"": 0.0, ""collisions"": 0.05, ""congestion"": 1.0, ""fairness"": 1.0, ""incomplete_base"": 1000.0, ""incomplete_agent"": 10.0}","[48.42464028776979, 28.44060332871013, 27.2011583011583, 31.742753623188406, 12.811654534425237, 15.491251482799527, 25.057047911189017, 27.89474789915967, 32.11437728937729, 21.4164255575648]","[41.7, 30.900000000000002, 29.6, 27.6, 31.400000000000002, 28.1, 32.6, 34.0, 31.200000000000003, 31.6]"
ga,10,22,21.95300994097174,32.510000000000005,213.8,1.704795655257452,5.1,12.254285714285714,21.812500000000004,9.558214285714286,True,0.0,hospital_corridor,28,12,"[11, 29, 47, 53, 61, 73, 89, 97, 101, 109]","[3.3131108644380856, 2.6318700073448857, 0.9408416831086401, 0.5, 1.0]","{""time"": 0.0, ""collisions"": 0.05, ""congestion"": 1.0, ""fairness"": 1.0, ""incomplete_base"": 1000.0, ""incomplete_agent"": 10.0}","[40.44879037405847, 11.566481738326399, 16.410926449787837, 33.332139101697464, 13.912430786267995, 18.12930528375734, 27.612832770903637, 17.277310924369747, 23.04441747572816, 17.795464504820337]","[37.300000000000004, 30.900000000000002, 30.3, 31.700000000000003, 30.1, 29.200000000000003, 38.1, 34.0, 30.900000000000002, 32.6]"
ga,10,23,23.269956322034133,31.889999999999997,254.6,1.7062658458436573,5.4,12.264642857142857,21.098333333333336,8.833690476190476,True,0.0,hospital_corridor,28,12,"[11, 29, 47, 53, 61, 73, 89, 97, 101, 109]","[3.5087223758227166, 2.6053027694246316, 0.9427480985021979, 0.5, 1.0]","{""time"": 0.0, ""collisions"": 0.05, ""congestion"": 1.0, ""fairness"": 1.0, ""incomplete_base"": 1000.0, ""incomplete_agent"": 10.0}","[47.776515151515156, 13.33551912568306, 21.060478628311394, 24.493292682926825, 12.579279279279282, 17.391496598639456, 35.028174603174605, 18.845886165116937, 23.886999057048563, 18.301921928646067]","[38.5, 30.5, 29.3, 28.700000000000003, 29.6, 29.400000000000002, 36.9, 33.800000000000004, 30.3, 31.900000000000002]"
ga,11,0,18.8350584796249,32.58,160.4,1.6900584796248999,5.2,12.492500000000001,21.6175,9.125,True,0.0,hospital_corridor,28,12,"[11, 29, 47, 53, 61, 73, 89, 97, 101, 109]","[3.084409804168696, 2.772854547587522, 0.902812595357318, 0.5, 1.0]","{""time"": 0.0, ""collisions"": 0.05, ""congestion"": 1.0, ""fairness"": 1.0, ""incomplete_base"": 1000.0, ""incomplete_agent"": 10.0}","[32.73401812052255, 13.336904761904764, 12.49404761904762, 23.316428571428574, 8.549771689497717, 16.12942176870748, 23.15226056714821, 20.588960113960113, 21.717933947772657, 16.330837636259325]","[33.9, 31.5, 29.6, 30.0, 36.5, 29.400000000000002, 35.6, 35.1, 31.0, 33.2]"
ga,11,1,19.375118367725722,34.23,161.8,1.596427891535246,5.0,12.834642857142859,22.523333333333333,9.688690476190475,True,0.0,hospital_corridor,28,12,"[11, 29, 47, 53, 61, 73, 89, 97, 101, 109]","[2.7444254299348123, 2.3960456184278067, 0.9315398740604761, 0.5, 1.0]","{""time"": 0.0, ""collisions"": 0.05, ""congestion"": 1.0, ""fairness"": 1.0, ""incomplete_base"": 1000.0, ""incomplete_agent"": 10.0}","[41.363037166085945, 11.480555555555554, 12.766758241758243, 23.021696847753187, 9.149908424908425, 16.57247023809524, 21.644127775798594, 22.25258799171843, 21.65886243386243, 13.841179001721171]","[41.0, 31.5, 32.5, 35.5, 27.3, 32.0, 40.1, 36.800000000000004, 32.4, 33.2]"
ga,11,2,15.569900177031169,34.06,89.6,1.6183525579835512,5.3,12.776785714285715,22.248333333333335,9.471547619047618,True,0.0,hospital_corridor,28,12,"[11, 29, 47, 53, 61, 73, 89, 97, 101, 109]","[2.8858206372056405, 3.0633327538299775, 0.9006796189238413, 0.5, 1.0]","{""time"": 0.0, ""collisions"": 0.05, ""congestion"": 1.0, ""fairness"": 1.0, ""incomplete_base"": 1000.0, ""incomplete_agent"": 10.0}","[26.990842490842493, 10.224953767914933, 14.097710622710624, 15.461350293542074, 14.02666854143232, 14.81825396825397, 16.465298690170158, 14.715476190476192, 14.819875776397515, 14.078571428571427]","[39.0, 30.900000000000002, 31.200000000000003, 29.200000000000003, 38.1, 31.5, 38.900000000000006, 36.0, 32.2, 33.6]"
ga,11,3,1044.3219013252897,88.22999999999999,195.5,0.6417362126245847,4.7,12.380365190365191,22.285530303030306,9.905165112665113,False,2.4,hospital_corridor,28,12,"[11, 29, 47, 53, 61, 73, 89, 97, 101, 109]","[3.4314832154469705, 2.373370400263237, 1.0884127664456826, 0.5, 1.0]","{""time"": 0.0, ""collisions"": 0.05, ""congestion"": 1.0, ""fairness"": 1.0, ""incomplete_base"": 1000.0, ""incomplete_agent"": 10.0}","[1066.4401282051283, 1072.813484848485, 1040.9485594405594, 1052.7986666666666, 1048.9036666666666, 1028.146888888889, 1040.2324285714285, 25.27547619047619, 32.23779069767442, 1035.4219230769231]","[100.0, 100.0, 100.0, 100.0, 100.0, 100.0, 100.0, 35.0, 47.300000000000004, 100.0]"
ga,11,4,1026.335026188379,38.45,291.3,1.545264283617246,5.5,11.631071428571428,20.855833333333337,9.224761904761904,False,0.1,hospital_corridor,28,12,"[11, 29, 47, 53, 61, 73, 89, 97, 101, 109]","[3.8118077819418352, 2.5261141266280593, 0.9416876383251029, 0.5, 1.0]","{""time"": 0.0, ""collisions"": 0.05, ""congestion"": 1.0, ""fairness"": 1.0, ""incomplete_base"": 1000.0, ""incomplete_agent"": 10.0}","[61.82598243180768, 15.527619047619048, 19.62220853858785, 18.085993899339098, 14.912481590574373, 19.003991596638656, 28.73545640808252, 25.990532168980447, 1037.8257142857142, 21.820281916447563]","[41.2, 30.0, 29.0, 28.1, 29.1, 28.900000000000002, 33.7, 31.900000000000002, 100.0, 32.6]"
ga,11,5,19.05790803928994,33.5,150.7,1.6017175630994636,4.9,12.629642857142857,22.550833333333337,9.921190476190477,True,0.0,hospital_corridor,28,12,"[11, 29, 47, 53, 61, 73, 89, 97, 101, 109]","[3.021917093536199, 2.6315798931693486, 0.9687011328067006, 0.5, 1.0]","{""time"": 0.0, ""collisions"": 0.05, ""congestion"": 1.0, ""fairness"": 1.0, ""incomplete_base"": 1000.0, ""incomplete_agent"": 10.0}","[35.63013392857143, 10.905952380952382, 16.236172161172163, 34.144084437898876, 8.49422028353326, 16.483674016230285, 16.789884135472374, 17.116519895629487, 18.426190476190477, 16.352248677248674]","[38.400000000000006, 31.5, 31.200000000000003, 38.800000000000004, 26.200000000000003, 31.1, 37.4, 36.5, 31.5, 32.4]"
ga,11,6,18.82184732208673,34.01,154.4,1.6252997030391103,5.3,12.474285714285717,21.950833333333335,9.476547619047619,True,0.0,hospital_corridor,28,12,"[11, 29, 47, 53, 61, 73, 89, 97, 101, 109]","[3.4064599295330495, 3.0410233172521144, 0.9185215621783746, 0.5, 1.0]","{""time"": 0.0, ""collisions"": 0.05, ""congestion"": 1.0, ""fairness"": 1.0, ""incomplete_base"": 1000.0, ""incomplete_agent"": 10.0}","[33.636637512147715, 11.653086706995502, 14.837074829931973, 28.378993583248906, 9.151993689041882, 15.759013605442178, 19.705927051671736, 22.65821018062397, 17.690357931251974, 14.747178130511465]","[34.300000000000004, 30.700000000000003, 29.400000000000002, 42.300000000000004, 33.2, 29.400000000000002, 37.6, 40.6, 30.200000000000003, 32.4]"
ga,11,7,1117.4285176240999,100.0,79.2,0.3815,3.9,12.858522779940628,22.945540404040408,10.087017624099776,False,10.3,hospital_corridor,28,12,"[11, 29, 47, 53, 61, 73, 89, 97, 101, 109]","[2.966337637760881, 2.504660231406819, 1.4204184503557853, 0.5, 1.0]","{""time"": 0.0, ""collisions"": 0.05, ""congestion"": 1.0, ""fairness"": 1.0, ""incomplete_base"": 1000.0, ""incomplete_agent"": 10.0}","[1121.7012698412698, 1153.110787878788, 1101.301494949495, 1108.199, 1112.6576746411483, 1123.1250238095238, 1105.2988695652175, 1088.0825, 1082.2317777777778, 1178.5767777777778]","[100.0, 100.0, 100.0, 100.0, 100.0, 100.0, 100.0, 100.0, 100.0, 100.0]"
ga,11,8,24.727160944111482,33.3,259.9,1.777875229825769,5.5,12.443214285714287,22.3975,9.954285714285714,True,0.0,hospital_corridor,28,12,"[11, 29, 47, 53, 61, 73, 89, 97, 101, 109]","[3.210651968141841, 2.5566543805960724, 0.9374082363893115, 0.5, 1.0]","{""time"": 0.0, ""collisions"": 0.05, ""congestion"": 1.0, ""fairness"": 1.0, ""incomplete_base"": 1000.0, ""incomplete_agent"": 10.0}","[44.99881861141403, 26.18498964803313, 17.641570141570142, 30.79125223468227, 15.901258162127727, 18.917538046146298, 20.221092132505177, 20.47187892752409, 24.12972350230415, 28.013488034807835]","[39.300000000000004, 34.5, 29.6, 29.3, 29.900000000000002, 29.1, 36.800000000000004, 34.1, 31.0, 39.400000000000006]"
ga,11,9,23.127312923745617,32.84,241.5,1.7127891142218048,5.5,11.90964285714286,21.249166666666667,9.339523809523811,True,0.0,hospital_corridor,28,12,"[11, 29, 47, 53, 61, 73, 89, 97, 101, 109]","[3.402861120833073, 2.5471669002671464, 0.9234178853729026, 0.5, 1.0]","{""time"": 0.0, ""collisions"": 0.05, ""congestion"": 1.0, ""fairness"": 1.0, ""incomplete_base"": 1000.0, ""incomplete_agent"": 10.0}","[43.37109744560076, 13.19094611528822, 14.231553755522828, 26.042457829526796, 10.132589285714285, 18.513744588744586, 28.424542911720565, 35.155005977286315, 24.72749169435216, 17.483699633699636]","[30.200000000000003, 30.400000000000002, 29.1, 31.900000000000002, 32.0, 30.8, 34.9, 47.800000000000004, 30.1, 31.200000000000003]"
ga,11,10,20.312134876923785,32.620000000000005,186.9,1.652611067399978,5.4,12.264642857142857,21.57916666666667,9.31452380952381,True,0.0,hospital_corridor,28,12,"[11, 29, 47, 53, 61, 73, 89, 97, 101, 109]","[3.552876790234531, 2.8282244717900813, 0.9764293623005742, 0.5, 1.0]","{""time"": 0.0, ""collisions"": 0.05, ""congestion"": 1.0, ""fairness"": 1.0, ""incomplete_base"": 1000.0, ""incomplete_agent"": 10.0}","[37.384744268077604, 11.032286334729335, 11.785049370918935, 34.694959473150966, 13.684285714285714, 18.54018883415435, 19.481055900621122, 19.657178078331924, 21.820471521942114, 15.041129273025824]","[32.4, 30.700000000000003, 29.900000000000002, 37.6, 30.0, 34.800000000000004, 34.5, 33.800000000000004, 30.6, 31.900000000000002]"
ga,11,11,25.64824579325864,30.320000000000004,297.0,1.7836029361157801,5.3,11.607857142857142,20.622500000000002,9.014642857142857,True,0.0,hospital_corridor,28,12,"[11, 29, 47, 53, 61, 73, 89, 97, 101, 109]","[3.986866014680125, 2.791836582514793, 0.9113674443584581, 0.5, 1.0]","{""time"": 0.0, ""collisions"": 0.05, ""congestion"": 1.0, ""fairness"": 1.0, ""incomplete_base"": 1000.0, ""incomplete_agent"": 10.0}","[48.73211382113822, 14.292165005537099, 32.53673960913846, 30.902189197826782, 15.586507936507937, 15.829761904761906, 23.236309523809524, 32.183734854888705, 25.713514658532453, 17.46942142044531]","[28.700000000000003, 30.1, 34.6, 29.8, 28.8, 28.0, 32.0, 33.800000000000004, 28.1, 29.3]"
ga,11,12,19.682469741722084,33.99,168.8,1.6518745036268445,5.5,12.84607142857143,22.436666666666667,9.590595238095238,True,0.0,hospital_corridor,28,12,"[11, 29, 47, 53, 61, 73, 89, 97, 101, 109]","[2.7946158604134266, 2.4125921843991653, 0.9359133251808899, 0.5, 1.0]","{""time"": 0.0, ""collisions"": 0.05, ""congestion"": 1.0, ""fairness"": 1.0, ""incomplete_base"": 1000.0, ""incomplete_agent"": 10.0}","[37.077581721524716, 11.29353526220615, 12.722279964617426, 23.800289575289575, 9.102225672877848, 22.601171087327437, 20.16142311886587, 20.440993788819878, 25.839802336028754, 13.78539488966318]","[42.1, 31.6, 32.300000000000004, 29.6, 27.6, 30.700000000000003, 39.300000000000004, 36.800000000000004, 37.1, 32.800000000000004]"
ga,11,13,35.42288641287902,29.390000000000004,493.9,1.7651483176409322,5.2,11.171428571428573,20.134166666666665,8.962738095238095,True,0.0,hospital_corridor,28,12,"[11, 29, 47, 53, 61, 73, 89, 97, 101, 109]","[4.414044522118103, 2.354141847999345, 0.9382241322689199, 0.5, 1.0]","{""time"": 0.0, ""collisions"": 0.05, ""congestion"": 1.0, ""fairness"": 1.0, ""incomplete_base"": 1000.0, ""incomplete_agent"": 10.0}","[55.2454433497537, 44.03244315744316, 18.321087246087245, 46.28465367965369, 18.729156712852365, 26.972619047619048, 35.38750577901064, 36.83506600660066, 47.11236231147264, 25.308526838297155]","[29.0, 33.300000000000004, 28.6, 27.5, 29.900000000000002, 28.0, 30.900000000000002, 30.3, 28.1, 28.3]"
ga,11,14,23.41227408686924,34.290000000000006,240.6,1.6196550392501883,4.8,12.915714285714287,22.678333333333335,9.762619047619047,True,0.0,hospital_corridor,28,12,"[11, 29, 47, 53, 61, 73, 89, 97, 101, 109]","[3.219528785659705, 2.6817990374618956, 0.9508602759779617, 0.5, 1.0]","{""time"": 0.0, ""collisions"": 0.05, ""congestion"": 1.0, ""fairness"": 1.0, ""incomplete_base"": 1000.0, ""incomplete_agent"": 10.0}","[42.16182170542636, 27.44114368290669, 16.76102654176425, 33.76883876357561, 8.95852490421456, 17.882716580608147, 19.68202016182518, 18.561027568922306, 22.703729243858927, 26.201891715590346]","[43.0, 34.6, 30.5, 34.2, 26.1, 33.2, 35.9, 34.2, 34.7, 36.5]"
ga,11,15,22.502926527781515,33.9,222.1,1.638045575400562,5.3,12.396785714285716,22.15666666666667,9.759880952380952,True,0.0,hospital_corridor,28,12,"[11, 29, 47, 53, 61, 73, 89, 97, 101, 109]","[3.4600911035286517, 2.7965252111403873, 0.9373013968164136, 0.5, 1.0]","{""time"": 0.0, ""collisions"": 0.05, ""congestion"": 1.0, ""fairness"": 1.0, ""incomplete_base"": 1000.0, ""incomplete_agent"": 10.0}","[47.18964646464647, 12.194164715066355, 17.34608843537415, 28.213671274961598, 10.760068603712671, 16.183857949959645, 21.14200680272109, 30.780972558514932, 25.97137320044297, 15.247415272415275]","[39.6, 30.5, 29.400000000000002, 37.2, 29.5, 29.5, 34.300000000000004, 41.300000000000004, 34.4, 33.300000000000004]"
ga,11,16,19.814156371032634,30.300000000000004,189.0,1.7847516091278717,5.2,12.013928571428572,20.593333333333334,8.579404761904762,True,0.0,hospital_corridor,28,12,"[11, 29, 47, 53, 61, 73, 89, 97, 101, 109]","[3.7933669281613667, 2.9625335560323087, 0.946061253495528, 0.5, 1.0]","{""time"": 0.0, ""collisions"": 0.05, ""congestion"": 1.0, ""fairness"": 1.0, ""incomplete_base"": 1000.0, ""incomplete_agent"": 10.0}","[29.65050319096711, 12.450471475718999, 12.354720853858785, 30.969079794079796, 15.176374570446736, 15.37964576074332, 24.242814242814244, 17.925444207533758, 22.320384365350236, 17.67212524881335]","[29.1, 30.3, 29.0, 29.6, 29.1, 28.700000000000003, 33.300000000000004, 33.5, 29.3, 31.1]"
ga,11,17,23.913257854478545,31.76,264.8,1.6821864259071133,5.6,11.81642857142857,20.807499999999997,8.991071428571429,True,0.0,hospital_corridor,28,12,"[11, 29, 47, 53, 61, 73, 89, 97, 101, 109]","[4.109456552746478, 2.9486414094469593, 0.956903409059501, 0.5, 1.0]","{""time"": 0.0, ""collisions"": 0.05, ""congestion"": 1.0, ""fairness"": 1.0, ""incomplete_base"": 1000.0, ""incomplete_agent"": 10.0}","[50.76343028229257, 18.063556413556416, 14.08640873015873, 38.495755693581785, 10.981339594661396, 15.429072681704262, 21.215036396724294, 26.600667745851887, 21.32299898682878, 22.174312019425336]","[33.4, 33.300000000000004, 28.8, 34.5, 28.900000000000002, 28.5, 31.400000000000002, 35.300000000000004, 28.200000000000003, 35.300000000000004]"
ga,11,18,19.62181576091279,32.36,176.4,1.6731252847223161,5.3,12.27464285714286,21.403333333333332,9.128690476190474,True,0.0,hospital_corridor,28,12,"[11, 29, 47, 53, 61, 73, 89, 97, 101, 109]","[3.1965287017188313, 2.7311960816622927, 0.9165788785583617, 0.5, 1.0]","{""time"": 0.0, ""collisions"": 0.05, ""congestion"": 1.0, ""fairness"": 1.0, ""incomplete_base"": 1000.0, ""incomplete_agent"": 10.0}","[37.59032738095238, 12.327590352101753, 14.413972431077694, 20.66263066202091, 10.292796092796095, 17.713708759954496, 26.85133775159548, 20.555514855514858, 18.641540346041953, 17.168738977072312]","[32.0, 30.700000000000003, 30.400000000000002, 28.700000000000003, 35.1, 29.3, 38.800000000000004, 35.1, 31.1, 32.4]"
ga,11,19,28.880888740786446,31.51,358.5,1.6973173122150165,5.3,11.831428571428571,21.09,9.258571428571429,True,0.0,hospital_corridor,28,12,"[11, 29, 47, 53, 61, 73, 89, 97, 101, 109]","[3.2009919668879503, 2.001338715246331, 0.9270753999075962, 0.5, 1.0]","{""time"": 0.0, ""collisions"": 0.05, ""congestion"": 1.0, ""fairness"": 1.0, ""incomplete_base"": 1000.0, ""incomplete_agent"": 10.0}","[63.68496522204387, 17.249563884959922, 15.728571428571428, 39.74279661016949, 16.28444574551132, 27.535959744722632, 29.565208667736755, 28.26554993678888, 31.197064262598246, 19.554761904761904]","[35.6, 30.3, 29.400000000000002, 29.5, 30.5, 29.1, 35.6, 33.9, 30.900000000000002, 30.3]"
ga,11,20,1022.1107112917161,40.64999999999999,202.8,1.506108117112913,5.2,12.916230158730158,22.380833333333335,9.464603174603175,False,0.1,hospital_corridor,28,12,"[11, 29, 47, 53, 61, 73, 89, 97, 101, 109]","[2.738882776160967, 2.2566475189470823, 0.9315565970655221, 0.5, 1.0]","{""time"": 0.0, ""collisions"": 0.05, ""congestion"": 1.0, ""fairness"": 1.0, ""incomplete_base"": 1000.0, ""incomplete_agent"": 10.0}","[43.84564336372847, 13.258879284197757, 13.121384479717815, 25.047086466165418, 10.571103896103898, 1029.4325555555556, 23.969173247188323, 20.43432918126379, 26.201322751322753, 15.225634691917115]","[42.300000000000004, 31.400000000000002, 32.4, 30.400000000000002, 26.400000000000002, 100.0, 39.800000000000004, 36.7, 32.4, 34.7]"
ga,11,21,20.113342664134976,32.97,186.3,1.7435807593730694,5.1,13.12107142857143,22.175833333333337,9.054761904761904,True,0.0,hospital_corridor,28,12,"[11, 29, 47, 53, 61, 73, 89, 97, 101, 109]","[2.742468019742352, 2.3633390790365163, 0.9357142604451278, 0.5, 1.0]","{""time"": 0.0, ""collisions"": 0.05, ""congestion"": 1.0, ""fairness"": 1.0, ""incomplete_base"": 1000.0, ""incomplete_agent"": 10.0}","[38.27682724252492, 11.375, 13.181446886446885, 20.207786357786357, 9.446212121212122, 23.145238095238092, 24.142513092193397, 20.829858691444056, 25.18782986878962, 15.340714285714286]","[34.4, 31.5, 32.5, 29.6, 26.400000000000002, 32.0, 39.1, 36.9, 32.300000000000004, 35.0]"
ga,11,22,22.471854262752572,31.4,226.3,1.8266161675144759,5.5,12.37892857142857,21.70916666666667,9.330238095238096,True,0.0,hospital_corridor,28,12,"[11, 29, 47, 53, 61, 73, 89, 97, 101, 109]","[3.3861910789050205, 2.639320304689882, 0.9426336458154772, 0.5, 1.0]","{""time"": 0.0, ""collisions"": 0.05, ""congestion"": 1.0, ""fairness"": 1.0, ""incomplete_base"": 1000.0, ""incomplete_agent"": 10.0}","[33.44822379431006, 13.09199239956569, 17.14984020453819, 43.62740341419587, 9.417532467532467, 19.296493803000654, 28.658241048357326, 18.638335452875516, 25.162702265372168, 16.22777777777778]","[31.3, 30.700000000000003, 29.8, 31.8, 26.400000000000002, 29.200000000000003, 38.7, 33.7, 30.900000000000002, 31.5]"
ga,11,23,22.221300832165927,33.260000000000005,217.6,1.7215389274040216,5.4,12.878571428571428,22.498333333333335,9.619761904761905,True,0.0,hospital_corridor,28,12,"[11, 29, 47, 53, 61, 73, 89, 97, 101, 109]","[2.8594566628862026, 2.3583734297208623, 0.9358454361368944, 0.5, 1.0]","{""time"": 0.0, ""collisions"": 0.05, ""congestion"": 1.0, ""fairness"": 1.0, ""incomplete_base"": 1000.0, ""incomplete_agent"": 10.0}","[33.372451473257925, 12.048260073260074, 18.816838334079712, 39.82046004842615, 9.861704119850186, 20.33645589383294, 20.814455782312926, 19.835089773614367, 30.66559093516925, 16.641701887855735]","[34.1, 31.200000000000003, 31.900000000000002, 35.4, 26.700000000000003, 30.5, 39.2, 36.6, 33.2, 33.800000000000004]"
ga,12,0,15.569900177031169,34.06,89.6,1.6183525579835512,5.3,12.776785714285715,22.248333333333335,9.471547619047618,True,0.0,hospital_corridor,28,12,"[11, 29, 47, 53, 61, 73, 89, 97, 101, 109]","[2.8858206372056405, 3.0633327538299775, 0.9006796189238413, 0.5, 1.0]","{""time"": 0.0, ""collisions"": 0.05, ""congestion"": 1.0, ""fairness"": 1.0, ""incomplete_base"": 1000.0, ""incomplete_agent"": 10.0}","[26.990842490842493, 10.224953767914933, 14.097710622710624, 15.461350293542074, 14.02666854143232, 14.81825396825397, 16.465298690170158, 14.715476190476192, 14.819875776397515, 14.078571428571427]","[39.0, 30.900000000000002, 31.200000000000003, 29.200000000000003, 38.1, 31.5, 38.900000000000006, 36.0, 32.2, 33.6]"
ga,12,1,18.82184732208673,34.01,154.4,1.6252997030391103,5.3,12.474285714285717,21.950833333333335,9.476547619047619,True,0.0,hospital_corridor,28,12,"[11, 29, 47, 53, 61, 73, 89, 97, 101, 109]","[3.4064599295330495, 3.0410233172521144, 0.9185215621783746, 0.5, 1.0]","{""time"": 0.0, ""collisions"": 0.05, ""congestion"": 1.0, ""fairness"": 1.0, ""incomplete_base"": 1000.0, ""incomplete_agent"": 10.0}","[33.636637512147715, 11.653086706995502, 14.837074829931973, 28.378993583248906, 9.151993689041882, 15.759013605442178, 19.705927051671736, 22.65821018062397, 17.690357931251974, 14.747178130511465]","[34.300000000000004, 30.700000000000003, 29.400000000000002, 42.300000000000004, 33.2, 29.400000000000002, 37.6, 40.6, 30.200000000000003, 32.4]"
ga,12,2,1114.812720786568,100.0,69.8,0.41109999999999997,3.9,13.693884985437904,24.605505772005774,10.91162078656787,False,10.0,hospital_corridor,28,12,"[11, 29, 47, 53, 61, 73, 89, 97, 101, 109]","[3.021917093536199, 2.9390460320630365, 1.3144280749777415, 0.5, 1.0]","{""time"": 0.0, ""collisions"": 0.05, ""congestion"": 1.0, ""fairness"": 1.0, ""incomplete_base"": 1000.0, ""incomplete_agent"": 10.0}","[1093.884090909091, 1155.6541212121213, 1100.9414545454545, 1130.0910350877193, 1124.7274210526316, 1097.5655893719806, 1084.4230869565217, 1093.529, 1081.7614444444444, 1185.5499642857144]","[100.0, 100.0, 100.0, 100.0, 100.0, 100.0, 100.0, 100.0, 100.0, 100.0]"
ga,12,3,19.814156371032634,30.300000000000004,189.0,1.7847516091278717,5.2,12.013928571428572,20.593333333333334,8.579404761904762,True,0.0,hospital_corridor,28,12,"[11, 29, 47, 53, 61, 73, 89, 97, 101, 109]","[3.7933669281613667, 2.9625335560323087, 0.946061253495528, 0.5, 1.0]","{""time"": 0.0, ""collisions"": 0.05, ""congestion"": 1.0, ""fairness"": 1.0, ""incomplete_base"": 1000.0, ""incomplete_agent"": 10.0}","[29.65050319096711, 12.450471475718999, 12.354720853858785, 30.969079794079796, 15.176374570446736, 15.37964576074332, 24.242814242814244, 17.925444207533758, 22.320384365350236, 17.67212524881335]","[29.1, 30.3, 29.0, 29.6, 29.1, 28.700000000000003, 33.300000000000004, 33.5, 29.3, 31.1]"
ga,12,4,1120.3919709520012,100.0,35.3,0.3961,3.8,14.10661245348219,24.337483405483404,10.230870952001215,False,10.8,hospital_corridor,28,12,"[11, 29, 47, 53, 61, 73, 89, 97, 101, 109]","[2.776233434670182, 3.031528474058855, 1.3457984986427711, 0.5, 1.0]","{""time"": 0.0, ""collisions"": 0.05, ""congestion"": 1.0, ""fairness"": 1.0, ""incomplete_base"": 1000.0, ""incomplete_agent"": 10.0}","[1148.472611111111, 1154.0574848484848, 1100.4147979797979, 1127.0588362573098, 1118.9571578947368, 1113.5695, 1082.7337777777777, 1092.161, 1081.5842222222223, 1184.9103214285715]","[100.0, 100.0, 100.0, 100.0, 100.0, 100.0, 100.0, 100.0, 100.0, 100.0]"
ga,12,5,1025.3285945935286,38.190000000000005,277.0,1.543215805649769,5.5,11.74,20.67537878787879,8.935378787878788,False,0.1,hospital_corridor,28,12,"[11, 29, 47, 53, 61, 73, 89, 97, 101, 109]","[3.5833748807488672, 2.405540461621066, 0.9260332116031023, 0.5, 1.0]","{""time"": 0.0, ""collisions"": 0.05, ""congestion"": 1.0, ""fairness"": 1.0, ""incomplete_base"": 1000.0, ""incomplete_agent"": 10.0}","[48.07173913043479, 16.194153701084396, 15.660535511132778, 34.07632708821234, 10.75327903091061, 20.5072952710496, 23.902380952380952, 24.445547403251332, 1039.3051688311689, 20.369519015659954]","[32.2, 30.3, 29.3, 30.5, 34.2, 28.900000000000002, 33.6, 33.1, 100.0, 29.8]"
ga,12,6,20.15596479370294,33.67,176.3,1.6448933651315083,5.1,12.206428571428571,21.9025,9.696071428571429,True,0.0,hospital_corridor,28,12,"[11, 29, 47, 53, 61, 73, 89, 97, 101, 109]","[3.326166627828126, 2.86913766585432, 0.9048277811958862, 0.5, 1.0]","{""time"": 0.0, ""collisions"": 0.05, ""congestion"": 1.0, ""fairness"": 1.0, ""incomplete_base"": 1000.0, ""incomplete_agent"": 10.0}","[34.87222222222222, 11.422482435597189, 22.758325207215996, 28.23065476190476, 11.751346604215456, 14.788177339901477, 24.748784548784553, 18.107317073170734, 19.582502246181495, 15.297835497835498]","[38.7, 30.5, 29.3, 35.2, 30.5, 29.0, 42.900000000000006, 36.9, 31.8, 31.900000000000002]"
ga,12,7,1058.0948647226537,87.42999999999999,87.9,0.7264132315521629,4.7,13.367518205868205,24.340969696969697,10.97345149110149,False,4.2,hospital_corridor,28,12,"[11, 29, 47, 53, 61, 73, 89, 97, 101, 109]","[3.1647031058736195, 2.9447401989853166, 1.1257852933850159, 0.5, 1.0]","{""time"": 0.0, ""collisions"": 0.05, ""congestion"": 1.0, ""fairness"": 1.0, ""incomplete_base"": 1000.0, ""incomplete_agent"": 10.0}","[1062.4166666666667, 1092.2036666666668, 1063.9531363636363, 1076.4066363636364, 1068.4855757575758, 1061.7277272727272, 17.61113231552163, 1047.2522962962962, 16.373809523809527, 1074.518]","[100.0, 100.0, 100.0, 100.0, 100.0, 100.0, 39.300000000000004, 100.0, 35.0, 100.0]"
ga,12,8,1026.3364743471689,39.93,288.8,1.5474135006080463,5.6,12.89760582010582,22.24666666666667,9.34906084656085,False,0.1,hospital_corridor,28,12,"[11, 29, 47, 53, 61, 73, 89, 97, 101, 109]","[3.021917093536199, 2.2458916536484783, 0.9687011328067006, 0.5, 1.0]","{""time"": 0.0, ""collisions"": 0.05, ""congestion"": 1.0, ""fairness"": 1.0, ""incomplete_base"": 1000.0, ""incomplete_agent"": 10.0}","[60.948437500000004, 11.007051282051282, 13.01875947831362, 17.256294846705806, 17.907124681933844, 1034.8723703703704, 26.825432900432908, 38.890607815607815, 27.239285714285717, 15.399378881987577]","[38.400000000000006, 31.200000000000003, 31.400000000000002, 29.200000000000003, 26.200000000000003, 100.0, 38.5, 40.7, 31.5, 32.2]"
ga,12,9,19.05790803928994,33.5,150.7,1.6017175630994636,4.9,12.629642857142857,22.550833333333337,9.921190476190477,True,0.0,hospital_corridor,28,12,"[11, 29, 47, 53, 61, 73, 89, 97, 101, 109]","[3.021917093536199, 2.6315798931693486, 0.9687011328067006, 0.5, 1.0]","{""time"": 0.0, ""collisions"": 0.05, ""congestion"": 1.0, ""fairness"": 1.0, ""incomplete_base"": 1000.0, ""incomplete_agent"": 10.0}","[35.63013392857143, 10.905952380952382, 16.236172161172163, 34.144084437898876, 8.49422028353326, 16.483674016230285, 16.789884135472374, 17.116519895629487, 18.426190476190477, 16.352248677248674]","[38.400000000000006, 31.5, 31.200000000000003, 38.800000000000004, 26.200000000000003, 31.1, 37.4, 36.5, 31.5, 32.4]"
ga,12,10,1022.6748252259226,38.94,219.3,1.6201174337148125,5.3,12.756428571428573,21.84613636363637,9.089707792207793,False,0.1,hospital_corridor,28,12,"[11, 29, 47, 53, 61, 73, 89, 97, 101, 109]","[2.9881496885721, 2.366171078165931, 0.9466230057197159, 0.5, 1.0]","{""time"": 0.0, ""collisions"": 0.05, ""congestion"": 1.0, ""fairness"": 1.0, ""incomplete_base"": 1000.0, ""incomplete_agent"": 10.0}","[47.14406729634003, 10.939502164502164, 18.319047619047623, 31.577551020408166, 11.430570530098834, 18.548076316619365, 26.335828877005348, 21.04030706990317, 1025.8772207792208, 15.536080586080589]","[36.300000000000004, 30.8, 30.400000000000002, 29.400000000000002, 26.5, 30.200000000000003, 37.4, 35.9, 100.0, 32.5]"
ga,12,11,19.395101413460548,33.11,165.1,1.658196651555785,5.3,12.401428571428571,21.883333333333336,9.481904761904762,True,0.0,hospital_corridor,28,12,"[11, 29, 47, 53, 61, 73, 89, 97, 101, 109]","[3.236996795333643, 2.867097298735417, 0.9227577460108259, 0.5, 1.0]","{""time"": 0.0, ""collisions"": 0.05, ""congestion"": 1.0, ""fairness"": 1.0, ""incomplete_base"": 1000.0, ""incomplete_agent"": 10.0}","[37.449324238979415, 11.958483587609802, 12.962610976594029, 28.409593837535013, 9.732000710732056, 15.111486266861695, 17.620137207425344, 25.008233850643325, 19.628801843317973, 16.07034161490683]","[37.7, 30.900000000000002, 29.5, 35.7, 33.5, 29.3, 35.4, 35.9, 31.0, 32.2]"
ga,12,12,1020.1773209357573,40.309999999999995,162.4,1.538775962212277,5.1,12.75728835978836,22.27583333333333,9.518544973544975,False,0.1,hospital_corridor,28,12,"[11, 29, 47, 53, 61, 73, 89, 97, 101, 109]","[2.743286296542415, 2.377853266388116, 0.9323147219565692, 0.5, 1.0]","{""time"": 0.0, ""collisions"": 0.05, ""congestion"": 1.0, ""fairness"": 1.0, ""incomplete_base"": 1000.0, ""incomplete_agent"": 10.0}","[35.44846186262116, 12.06001825650388, 12.988819875776397, 26.821042924211937, 9.849450549450552, 1030.9382592592592, 23.392110874200426, 18.460804132973948, 17.91067019400353, 13.90357142857143]","[33.9, 31.3, 32.2, 35.5, 27.3, 100.0, 40.2, 37.1, 32.4, 33.2]"
ga,12,13,36.280229099266,36.59,472.2,1.485348146885053,5.4,12.406785714285714,23.59166666666667,11.18488095238095,True,0.0,hospital_corridor,28,12,"[11, 29, 47, 53, 61, 73, 89, 97, 101, 109]","[2.203768800275795, 2.3815314310762075, 0.7674696820463403, 0.5, 1.0]","{""time"": 0.0, ""collisions"": 0.05, ""congestion"": 1.0, ""fairness"": 1.0, ""incomplete_base"": 1000.0, ""incomplete_agent"": 10.0}","[67.1840579710145, 26.39620109190173, 24.366914947797298, 37.3204014939309, 22.308525456292028, 42.50036873156343, 39.12619338689021, 40.70802938196555, 34.206724581724586, 28.68487394957983]","[32.2, 31.400000000000002, 37.4, 30.6, 34.7, 33.9, 40.900000000000006, 47.0, 37.0, 40.800000000000004]"
ga,12,14,1059.0354705017205,88.96000000000001,61.7,0.6626318681318681,4.3,14.10488863913864,27.392727272727274,13.287838633588635,False,4.2,hospital_corridor,28,12,"[11, 29, 47, 53, 61, 73, 89, 97, 101, 109]","[2.885820637205641, 3.0633327538299775, 1.1193898163868827, 0.5, 1.0]","{""time"": 0.0, ""collisions"": 0.05, ""congestion"": 1.0, ""fairness"": 1.0, ""incomplete_base"": 1000.0, ""incomplete_agent"": 10.0}","[1056.5651666666668, 1127.2347171717172, 1051.6482727272728, 1075.955909090909, 1078.7659523809523, 1057.6037272727272, 1040.2599743589744, 28.974175824175823, 12.980476190476192, 1060.3663333333334]","[100.0, 100.0, 100.0, 100.0, 100.0, 100.0, 100.0, 54.6, 35.0, 100.0]"
ga,12,15,17.088802603982103,41.93,75.7,1.4846359373154376,5.3,14.559999999999999,26.37916666666667,11.819166666666666,True,0.0,hospital_corridor,28,12,"[11, 29, 47, 53, 61, 73, 89, 97, 101, 109]","[2.33701894352773, 3.0633327538299775, 0.9006796189238413, 0.5, 1.0]","{""time"": 0.0, ""collisions"": 0.05, ""congestion"": 1.0, ""fairness"": 1.0, ""incomplete_base"": 1000.0, ""incomplete_agent"": 10.0}","[23.127455668459852, 9.96875725900116, 14.249616292798112, 19.02711213517665, 12.628721682847898, 16.956521739130437, 18.820566502463052, 23.61380317905563, 16.647808441558443, 15.847663139329804]","[47.800000000000004, 32.800000000000004, 36.300000000000004, 46.5, 30.900000000000002, 34.5, 43.5, 71.3, 35.2, 40.5]"
ga,12,16,1122.8449510089745,100.0,36.5,0.3832,3.5,13.657771718298301,24.29452272727273,10.636751008974425,False,11.0,hospital_corridor,28,12,"[11, 29, 47, 53, 61, 73, 89, 97, 101, 109]","[3.2658749589678813, 3.337127273120872, 1.3720788289109183, 0.5, 1.0]","{""time"": 0.0, ""collisions"": 0.05, ""congestion"": 1.0, ""fairness"": 1.0, ""incomplete_base"": 1000.0, ""incomplete_agent"": 10.0}","[1110.4223015873015, 1155.2427272727273, 1161.4310294117647, 1129.7821228070175, 1118.281947368421, 1113.369, 1083.1548260869565, 1089.82, 1080.8352222222222, 1186.1103333333333]","[100.0, 100.0, 100.0, 100.0, 100.0, 100.0, 100.0, 100.0, 100.0, 100.0]"
ga,12,17,1023.8400661682833,39.07,238.1,1.6361905069076919,5.6,12.238624338624337,21.5375,9.298875661375664,False,0.1,hospital_corridor,28,12,"[11, 29, 47, 53, 61, 73, 89, 97, 101, 109]","[3.221395966033888, 2.554128577458505, 0.9129223324639031, 0.5, 1.0]","{""time"": 0.0, ""collisions"": 0.05, ""congestion"": 1.0, ""fairness"": 1.0, ""incomplete_base"": 1000.0, ""incomplete_agent"": 10.0}","[46.17949548091192, 11.620513417093225, 15.665136054421769, 41.29024254561638, 14.599558801156247, 1030.5885185185184, 23.09913236481033, 20.61276670905751, 17.581362217017954, 17.16393557422969]","[35.300000000000004, 30.700000000000003, 29.400000000000002, 32.1, 31.3, 100.0, 35.4, 33.7, 30.5, 32.300000000000004]"
ga,12,18,20.831125735205426,33.52,196.7,1.6343400209197139,5.2,12.975714285714286,22.3375,9.361785714285713,True,0.0,hospital_corridor,28,12,"[11, 29, 47, 53, 61, 73, 89, 97, 101, 109]","[2.7598705083042385, 2.3789008958005256, 0.9357702330726796, 0.5, 1.0]","{""time"": 0.0, ""collisions"": 0.05, ""congestion"": 1.0, ""fairness"": 1.0, ""incomplete_base"": 1000.0, ""incomplete_agent"": 10.0}","[37.039349546789225, 11.44126984126984, 12.963139329805998, 29.039672801635994, 8.998116965417344, 19.36398331036595, 29.152271901126866, 19.624641889276038, 26.0937748783724, 14.595036887994635]","[37.300000000000004, 31.5, 32.4, 32.6, 26.3, 31.1, 39.300000000000004, 36.9, 32.300000000000004, 35.5]"
ga,12,19,20.87541019880873,32.02,195.4,1.667314960713486,4.9,12.278571428571428,21.71666666666667,9.43809523809524,True,0.0,hospital_corridor,28,12,"[11, 29, 47, 53, 61, 73, 89, 97, 101, 109]","[3.0250620815958835, 2.397030367635156, 0.9358573525533382, 0.5, 1.0]","{""time"": 0.0, ""collisions"": 0.05, ""congestion"": 1.0, ""fairness"": 1.0, ""incomplete_base"": 1000.0, ""incomplete_agent"": 10.0}","[36.10489156058463, 13.109519981626093, 13.973115736360771, 25.42437798648871, 9.695752895752896, 21.051190476190477, 20.558178474641892, 28.37200540009819, 24.552867095391214, 15.91220238095238]","[30.3, 31.1, 30.200000000000003, 28.900000000000002, 25.900000000000002, 35.0, 36.9, 38.800000000000004, 31.1, 32.0]"
ga,12,20,19.375118367725722,34.23,161.8,1.596427891535246,5.0,12.834642857142859,22.523333333333333,9.688690476190475,True,0.0,hospital_corridor,28,12,"[11, 29, 47, 53, 61, 73, 89, 97, 101, 109]","[2.7444254299348123, 2.3960456184278067, 0.9315398740604761, 0.5, 1.0]","{""time"": 0.0, ""collisions"": 0.05, ""congestion"": 1.0, ""fairness"": 1.0, ""incomplete_base"": 1000.0, ""incomplete_agent"": 10.0}","[41.363037166085945, 11.480555555555554, 12.766758241758243, 23.021696847753187, 9.149908424908425, 16.57247023809524, 21.644127775798594, 22.25258799171843, 21.65886243386243, 13.841179001721171]","[41.0, 31.5, 32.5, 35.5, 27.3, 32.0, 40.1, 36.800000000000004, 32.4, 33.2]"
ga,12,21,19.868956111348435,33.67,169.4,1.6362180161103397,5.4,12.693928571428572,22.45666666666667,9.762738095238095,True,0.0,hospital_corridor,28,12,"[11, 29, 47, 53, 61, 73, 89, 97, 101, 109]","[2.8097301261556487, 2.3960456184278067, 0.9315398740604761, 0.5, 1.0]","{""time"": 0.0, ""collisions"": 0.05, ""congestion"": 1.0, ""fairness"": 1.0, ""incomplete_base"": 1000.0, ""incomplete_agent"": 10.0}","[39.37824967824968, 11.831465201465203, 12.628069374714743, 31.913467261904763, 10.03129187036031, 18.957955088389873, 18.666709292412616, 17.93616473616474, 23.668984962406014, 13.677203647416412]","[37.0, 32.5, 31.3, 38.400000000000006, 26.3, 29.900000000000002, 39.1, 37.0, 32.300000000000004, 32.9]"
ga,12,22,22.19333683942903,32.38,222.2,1.679884458476651,5.0,12.228214285714285,21.631666666666668,9.40345238095238,True,0.0,hospital_corridor,28,12,"[11, 29, 47, 53, 61, 73, 89, 97, 101, 109]","[3.3419093549219303, 2.5681624779829546, 0.9566718544987768, 0.5, 1.0]","{""time"": 0.0, ""collisions"": 0.05, ""congestion"": 1.0, ""fairness"": 1.0, ""incomplete_base"": 1000.0, ""incomplete_agent"": 10.0}","[47.95923733129616, 11.395985060690943, 11.95365213882163, 30.862267080745344, 12.288902205177374, 18.434200968523, 21.886097659402743, 27.57090163934426, 23.12472527472528, 16.457399035563594]","[37.4, 30.6, 29.5, 32.2, 29.8, 29.5, 35.4, 36.6, 31.200000000000003, 31.6]"
ga,12,23,21.56751830007281,31.57,223.7,1.7314468715013807,5.5,12.24642857142857,20.8975,8.651071428571427,True,0.0,hospital_corridor,28,12,"[11, 29, 47, 53, 61, 73, 89, 97, 101, 109]","[3.74474773145409, 2.937133312060077, 0.9376397909500357, 0.5, 1.0]","{""time"": 0.0, ""collisions"": 0.05, ""congestion"": 1.0, ""fairness"": 1.0, ""incomplete_base"": 1000.0, ""incomplete_agent"": 10.0}","[43.303835978835984, 11.825000000000001, 14.898809523809524, 26.049920074036677, 12.983398342272062, 16.79695996045477, 22.859873949579836, 24.28074191002368, 25.69020862416628, 16.986434637549287]","[37.800000000000004, 30.1, 29.0, 28.3, 29.3, 28.900000000000002, 34.0, 36.2, 30.700000000000003, 31.400000000000002]"
ga,13,0,15.569900177031169,34.06,89.6,1.6183525579835512,5.3,12.776785714285715,22.248333333333335,9.471547619047618,True,0.0,hospital_corridor,28,12,"[11, 29, 47, 53, 61, 73, 89, 97, 101, 109]","[2.8858206372056405, 3.0633327538299775, 0.9006796189238413, 0.5, 1.0]","{""time"": 0.0, ""collisions"": 0.05, ""congestion"": 1.0, ""fairness"": 1.0, ""incomplete_base"": 1000.0, ""incomplete_agent"": 10.0}","[26.990842490842493, 10.224953767914933, 14.097710622710624, 15.461350293542074, 14.02666854143232, 14.81825396825397, 16.465298690170158, 14.715476190476192, 14.819875776397515, 14.078571428571427]","[39.0, 30.900000000000002, 31.200000000000003, 29.200000000000003, 38.1, 31.5, 38.900000000000006, 36.0, 32.2, 33.6]"
ga,13,1,17.088802603982103,41.93,75.7,1.4846359373154376,5.3,14.559999999999999,26.37916666666667,11.819166666666666,True,0.0,hospital_corridor,28,12,"[11, 29, 47, 53, 61, 73, 89, 97, 101, 109]","[2.33701894352773, 3.0633327538299775, 0.9006796189238413, 0.5, 1.0]","{""time"": 0.0, ""collisions"": 0.05, ""congestion"": 1.0, ""fairness"": 1.0, ""incomplete_base"": 1000.0, ""incomplete_agent"": 10.0}","[23.127455668459852, 9.96875725900116, 14.249616292798112, 19.02711213517665, 12.628721682847898, 16.956521739130437, 18.820566502463052, 23.61380317905563, 16.647808441558443, 15.847663139329804]","[47.800000000000004, 32.800000000000004, 36.300000000000004, 46.5, 30.900000000000002, 34.5, 43.5, 71.3, 35.2, 40.5]"
ga,13,2,19.83254334744602,35.46,165.2,1.5964719188745895,5.0,12.723928571428573,22.7,9.97607142857143,True,0.0,hospital_corridor,28,12,"[11, 29, 47, 53, 61, 73, 89, 97, 101, 109]","[2.695747435069933, 2.4602042867070546, 0.9012694101843083, 0.5, 1.0]","{""time"": 0.0, ""collisions"": 0.05, ""congestion"": 1.0, ""fairness"": 1.0, ""incomplete_base"": 1000.0, ""incomplete_agent"": 10.0}","[42.55275842044134, 12.120787545787547, 12.674294532627869, 22.206390104788433, 11.587932238910236, 19.552828854314, 20.830505952380953, 19.182371167645144, 23.21879120879121, 14.39877344877345]","[36.9, 31.200000000000003, 32.4, 35.9, 40.900000000000006, 30.3, 38.400000000000006, 36.5, 32.5, 39.6]"
ga,13,3,15.000389497207777,34.1,87.4,1.6734847353030138,4.8,13.496428571428572,22.453333333333337,8.956904761904763,True,0.0,hospital_corridor,28,12,"[11, 29, 47, 53, 61, 73, 89, 97, 101, 109]","[2.826675530731193, 2.9820293629234484, 0.9351804418122126, 0.5, 1.0]","{""time"": 0.0, ""collisions"": 0.05, ""congestion"": 1.0, ""fairness"": 1.0, ""incomplete_base"": 1000.0, ""incomplete_agent"": 10.0}","[21.473305860805862, 10.615873015873017, 12.243857727139936, 14.875307219662059, 8.687862414338431, 16.465393133997786, 16.24088648514236, 19.02857142857143, 14.691556776556776, 15.681280909990107]","[41.6, 31.5, 32.6, 31.0, 27.1, 30.1, 38.300000000000004, 42.6, 32.5, 33.7]"
ga,13,4,19.15160113108066,33.82,159.8,1.6669582739378033,5.3,12.667857142857144,22.1625,9.494642857142857,True,0.0,hospital_corridor,28,12,"[11, 29, 47, 53, 61, 73, 89, 97, 101, 109]","[3.1910737614200992, 2.894978235674798, 0.9220164596116619, 0.5, 1.0]","{""time"": 0.0, ""collisions"": 0.05, ""congestion"": 1.0, ""fairness"": 1.0, ""incomplete_base"": 1000.0, ""incomplete_agent"": 10.0}","[34.87262153295556, 12.455397595931577, 19.359224408326206, 19.287736464448795, 15.960952380952381, 15.667106979778213, 19.369713478611786, 25.03425380461463, 15.724039938556066, 13.784964726631394]","[47.900000000000006, 30.900000000000002, 33.4, 29.200000000000003, 30.0, 29.200000000000003, 35.4, 38.800000000000004, 31.0, 32.4]"
ga,13,5,19.214084581780874,36.87,146.1,1.6392036293999226,5.2,13.616785714285715,23.886666666666667,10.269880952380953,True,0.0,hospital_corridor,28,12,"[11, 29, 47, 53, 61, 73, 89, 97, 101, 109]","[2.931743671119184, 2.976643020075662, 0.9113997049016105, 0.5, 1.0]","{""time"": 0.0, ""collisions"": 0.05, ""congestion"": 1.0, ""fairness"": 1.0, ""incomplete_base"": 1000.0, ""incomplete_agent"": 10.0}","[34.094600444600445, 10.984562211981569, 14.470530835284933, 24.770308483290492, 15.115866510538641, 15.16031746031746, 15.25339254872934, 29.226261620185923, 19.364285714285714, 13.70071998859424]","[40.7, 31.0, 30.5, 38.900000000000006, 36.6, 31.5, 38.6, 50.2, 37.300000000000004, 33.4]"
ga,13,6,21.206404371351297,31.77,206.1,1.6767615142084389,4.9,12.177857142857144,21.402500000000003,9.22464285714286,True,0.0,hospital_corridor,28,12,"[11, 29, 47, 53, 61, 73, 89, 97, 101, 109]","[3.1218157749313207, 2.4906166414209814, 0.9183338976903906, 0.5, 1.0]","{""time"": 0.0, ""collisions"": 0.05, ""congestion"": 1.0, ""fairness"": 1.0, ""incomplete_base"": 1000.0, ""incomplete_agent"": 10.0}","[39.107194616977225, 12.353896103896105, 21.5734607984608, 25.3061986863711, 14.210877684407098, 17.00714285714286, 23.45168539325843, 18.306490015360986, 24.592386311437757, 16.15471124620061]","[34.5, 30.8, 29.700000000000003, 29.0, 30.6, 29.400000000000002, 35.6, 34.1, 31.1, 32.9]"
ga,13,7,1022.6569802858602,41.06,218.6,1.4798506562305411,4.8,13.193703703703704,22.440833333333334,9.24712962962963,False,0.1,hospital_corridor,28,12,"[11, 29, 47, 53, 61, 73, 89, 97, 101, 109]","[2.8440056210373794, 2.4053014535067416, 0.9261283088339886, 0.5, 1.0]","{""time"": 0.0, ""collisions"": 0.05, ""congestion"": 1.0, ""fairness"": 1.0, ""incomplete_base"": 1000.0, ""incomplete_agent"": 10.0}","[35.994852666915335, 12.251902536715622, 16.38195999402896, 26.223765432098766, 16.018139628732847, 1028.2542962962964, 28.809920634920633, 21.714368157235192, 24.362160658655988, 16.55843685300207]","[38.300000000000004, 32.1, 31.900000000000002, 32.4, 35.4, 100.0, 37.800000000000004, 36.1, 32.1, 34.5]"
ga,13,8,1063.2421680604548,93.99,129.8,0.5903591478696741,4.1,13.215741592465506,24.377550505050507,11.161808912585,False,4.5,hospital_corridor,28,12,"[11, 29, 47, 53, 61, 73, 89, 97, 101, 109]","[3.0172261194154038, 2.577223788849418, 1.11339422855832, 0.5, 1.0]","{""time"": 0.0, ""collisions"": 0.05, ""congestion"": 1.0, ""fairness"": 1.0, ""incomplete_base"": 1000.0, ""incomplete_agent"": 10.0}","[1065.7261666666666, 1092.3071818181818, 1066.201, 1077.1592424242424, 1068.7711212121212, 1057.4626363636364, 1051.3831678321678, 1031.0893333333333, 22.227067669172936, 1100.094763285024]","[100.0, 100.0, 100.0, 100.0, 100.0, 100.0, 100.0, 100.0, 39.900000000000006, 100.0]"
ga,13,9,19.12749667683206,32.63,161.2,1.7584490577844414,5.7,12.629285714285714,21.938333333333333,9.30904761904762,True,0.0,hospital_corridor,28,12,"[11, 29, 47, 53, 61, 73, 89, 97, 101, 109]","[3.1336592400524577, 2.8598451468305033, 0.9207375672205959, 0.5, 1.0]","{""time"": 0.0, ""collisions"": 0.05, ""congestion"": 1.0, ""fairness"": 1.0, ""incomplete_base"": 1000.0, ""incomplete_agent"": 10.0}","[33.93526107493936, 11.832027649769586, 18.526819557254342, 20.75559360730594, 13.689379699248121, 15.835263835263838, 22.462989123225896, 17.622120708748618, 22.792054722441463, 13.823456790123458]","[37.300000000000004, 31.0, 29.900000000000002, 29.200000000000003, 30.400000000000002, 29.6, 35.9, 34.4, 36.2, 32.4]"
ga,13,10,19.25187581496004,33.46,150.8,1.718066291150518,5.4,12.600357142857145,22.594166666666666,9.993809523809523,True,0.0,hospital_corridor,28,12,"[11, 29, 47, 53, 61, 73, 89, 97, 101, 109]","[2.752089005730921, 2.512861543699852, 0.9073989566779452, 0.5, 1.0]","{""time"": 0.0, ""collisions"": 0.05, ""congestion"": 1.0, ""fairness"": 1.0, ""incomplete_base"": 1000.0, ""incomplete_agent"": 10.0}","[32.49193994220379, 13.912837427964819, 12.51984126984127, 26.021428571428572, 10.243498168498167, 21.604413566069514, 19.70136054421769, 22.82661258409181, 19.176374760430487, 14.020451314854299]","[37.9, 31.400000000000002, 31.5, 30.400000000000002, 31.200000000000003, 31.1, 39.2, 36.1, 32.300000000000004, 33.5]"
ga,13,11,16.25689531596435,40.07,74.2,1.7393953159643503,5.2,13.927500000000004,24.735000000000003,10.807500000000001,True,0.0,hospital_corridor,28,12,"[11, 29, 47, 53, 61, 73, 89, 97, 101, 109]","[2.651438078581173, 2.9465168285579324, 0.9248205363063722, 0.5, 1.0]","{""time"": 0.0, ""collisions"": 0.05, ""congestion"": 1.0, ""fairness"": 1.0, ""incomplete_base"": 1000.0, ""incomplete_agent"": 10.0}","[32.74315185357531, 10.224146451033244, 12.560883849088597, 14.780517536355859, 9.130555555555556, 19.382231040564374, 15.731331953071088, 17.05256714060032, 17.415969802555168, 13.547597977243997]","[92.10000000000001, 31.8, 33.7, 33.4, 27.0, 32.4, 41.400000000000006, 42.2, 32.800000000000004, 33.9]"
ga,13,12,20.15596479370294,33.67,176.3,1.6448933651315083,5.1,12.206428571428571,21.9025,9.696071428571429,True,0.0,hospital_corridor,28,12,"[11, 29, 47, 53, 61, 73, 89, 97, 101, 109]","[3.326166627828126, 2.86913766585432, 0.9048277811958862, 0.5, 1.0]","{""time"": 0.0, ""collisions"": 0.05, ""congestion"": 1.0, ""fairness"": 1.0, ""incomplete_base"": 1000.0, ""incomplete_agent"": 10.0}","[34.87222222222222, 11.422482435597189, 22.758325207215996, 28.23065476190476, 11.751346604215456, 14.788177339901477, 24.748784548784553, 18.107317073170734, 19.582502246181495, 15.297835497835498]","[38.7, 30.5, 29.3, 35.2, 30.5, 29.0, 42.900000000000006, 36.9, 31.8, 31.900000000000002]"
ga,13,13,1036.1118990186844,67.96000000000001,185.8,1.0038909619262832,5.0,12.136991943241945,21.955000000000002,9.818008056758057,False,1.6,hospital_corridor,28,12,"[11, 29, 47, 53, 61, 73, 89, 97, 101, 109]","[3.7933669281613667, 2.9625335560323087, 1.0527207818143811, 0.5, 1.0]","{""time"": 0.0, ""collisions"": 0.05, ""congestion"": 1.0, ""fairness"": 1.0, ""incomplete_base"": 1000.0, ""incomplete_agent"": 10.0}","[42.04422845087402, 1071.943696969697, 1020.356, 1057.3828333333333, 1048.9946666666667, 1023.7944074074074, 26.219834543987083, 28.171309523809526, 21.4632705229331, 20.748742768135294]","[39.5, 100.0, 100.0, 100.0, 100.0, 100.0, 35.4, 40.0, 32.6, 32.1]"
ga,13,14,25.20785328281048,32.0,278.7,1.8359485209057151,5.2,11.978928571428572,21.41583333333333,9.436904761904763,True,0.0,hospital_corridor,28,12,"[11, 29, 47, 53, 61, 73, 89, 97, 101, 109]","[3.853595262392307, 2.8865303198435113, 0.9168794339140183, 0.5, 1.0]","{""time"": 0.0, ""collisions"": 0.05, ""congestion"": 1.0, ""fairness"": 1.0, ""incomplete_base"": 1000.0, ""incomplete_agent"": 10.0}","[44.33249746707193, 23.42591575091575, 24.10982863733729, 28.686277521761394, 9.714664951853319, 23.442857142857143, 27.454740772048467, 29.96862389023406, 22.597417202174988, 18.345709491850435]","[37.6, 31.200000000000003, 28.900000000000002, 27.900000000000002, 36.1, 30.400000000000002, 33.800000000000004, 35.4, 28.900000000000002, 29.8]"
ga,13,15,33.492759327236634,30.369999999999997,459.8,1.7022831367604419,5.8,11.577857142857145,20.378333333333337,8.800476190476191,True,0.0,hospital_corridor,28,12,"[11, 29, 47, 53, 61, 73, 89, 97, 101, 109]","[3.3321335239925576, 1.8661348862892309, 0.9064699094602425, 0.5, 1.0]","{""time"": 0.0, ""collisions"": 0.05, ""congestion"": 1.0, ""fairness"": 1.0, ""incomplete_base"": 1000.0, ""incomplete_agent"": 10.0}","[78.53214285714287, 19.676190476190477, 19.38525766470972, 29.294110275689224, 30.50334994462902, 27.161612291975615, 30.737704231252614, 41.92851028628975, 35.61690476190476, 22.091810482582297]","[30.0, 30.0, 29.200000000000003, 28.5, 30.1, 28.900000000000002, 34.1, 33.1, 30.0, 29.8]"
ga,13,16,1030.172105168865,59.970000000000006,162.2,1.1686070003669364,4.7,11.759001831501832,21.652500000000003,9.89349816849817,False,1.1,hospital_corridor,28,12,"[11, 29, 47, 53, 61, 73, 89, 97, 101, 109]","[3.7933669281613667, 2.9625335560323087, 1.025043149855443, 0.5, 1.0]","{""time"": 0.0, ""collisions"": 0.05, ""congestion"": 1.0, ""fairness"": 1.0, ""incomplete_base"": 1000.0, ""incomplete_agent"": 10.0}","[41.114285714285714, 1058.9368333333334, 1020.074, 1035.9727435897437, 1048.0385, 17.70885889472846, 20.70388471177945, 17.891229348882412, 25.786704119850192, 15.494011976047904]","[32.300000000000004, 100.0, 100.0, 100.0, 100.0, 29.900000000000002, 34.2, 34.300000000000004, 35.6, 33.4]"
ga,13,17,17.088802603982103,41.93,75.7,1.4846359373154376,5.3,14.559999999999999,26.37916666666667,11.819166666666666,True,0.0,hospital_corridor,28,12,"[11, 29, 47, 53, 61, 73, 89, 97, 101, 109]","[2.33701894352773, 3.0633327538299775, 0.9006796189238413, 0.5, 1.0]","{""time"": 0.0, ""collisions"": 0.05, ""congestion"": 1.0, ""fairness"": 1.0, ""incomplete_base"": 1000.0, ""incomplete_agent"": 10.0}","[23.127455668459852, 9.96875725900116, 14.249616292798112, 19.02711213517665, 12.628721682847898, 16.956521739130437, 18.820566502463052, 23.61380317905563, 16.647808441558443, 15.847663139329804]","[47.800000000000004, 32.800000000000004, 36.300000000000004, 46.5, 30.900000000000002, 34.5, 43.5, 71.3, 35.2, 40.5]"
ga,13,18,21.4379360929754,32.18,209.7,1.7510313310706356,5.8,12.19892857142857,21.40083333333334,9.201904761904762,True,0.0,hospital_corridor,28,12,"[11, 29, 47, 53, 61, 73, 89, 97, 101, 109]","[2.8905828729766703, 2.4475915834899693, 0.8629667169649875, 0.5, 1.0]","{""time"": 0.0, ""collisions"": 0.05, ""congestion"": 1.0, ""fairness"": 1.0, ""incomplete_base"": 1000.0, ""incomplete_agent"": 10.0}","[45.860858377933305, 14.1995812005584, 14.457034632034635, 18.879931972789116, 14.159733893557423, 15.059637964774954, 23.791478360781312, 26.432156048014775, 26.101098012020344, 15.43785046728972]","[34.7, 30.700000000000003, 30.8, 29.400000000000002, 30.6, 29.200000000000003, 37.300000000000004, 36.1, 30.900000000000002, 32.1]"
ga,13,19,17.832669131835573,32.809999999999995,140.5,1.6179072270736667,5.1,12.45857142857143,21.648333333333333,9.189761904761905,True,0.0,hospital_corridor,28,12,"[11, 29, 47, 53, 61, 73, 89, 97, 101, 109]","[3.1561440485126213, 2.8479537813576044, 0.9235280625125689, 0.5, 1.0]","{""time"": 0.0, ""collisions"": 0.05, ""congestion"": 1.0, ""fairness"": 1.0, ""incomplete_base"": 1000.0, ""incomplete_agent"": 10.0}","[39.94945561139029, 12.514935064935065, 15.29715219421102, 15.005807200929151, 11.978356752537081, 15.987074829931974, 17.043497148162885, 15.167055393586008, 21.02875049741345, 14.3546066252588]","[39.800000000000004, 30.8, 30.6, 28.700000000000003, 30.5, 29.400000000000002, 35.9, 34.300000000000004, 35.9, 32.2]"
ga,13,20,32.07413597619876,33.13,412.6,1.735207404770182,5.6,12.46857142857143,22.177500000000002,9.708928571428574,True,0.0,hospital_corridor,28,12,"[11, 29, 47, 53, 61, 73, 89, 97, 101, 109]","[2.878778855785103, 1.8247155281674972, 0.9310319355639833, 0.5, 1.0]","{""time"": 0.0, ""collisions"": 0.05, ""congestion"": 1.0, ""fairness"": 1.0, ""incomplete_base"": 1000.0, ""incomplete_agent"": 10.0}","[65.6150112707805, 15.478840245775732, 15.799112978524745, 47.44355500821018, 14.475904761904761, 42.07561728395062, 35.75446269416858, 33.519307297990025, 31.567210558344748, 19.01233766233766]","[33.800000000000004, 31.0, 30.6, 29.0, 37.5, 32.4, 37.4, 35.300000000000004, 31.3, 33.0]"
ga,13,21,60.39989343723244,29.640000000000004,993.8,1.94025058008959,6.0,11.687857142857144,20.457500000000003,8.769642857142857,True,0.0,hospital_corridor,28,12,"[11, 29, 47, 53, 61, 73, 89, 97, 101, 109]","[3.1026433694833524, 2.767043056609265, 0.7430184962365237, 0.5, 1.0]","{""time"": 0.0, ""collisions"": 0.05, ""congestion"": 1.0, ""fairness"": 1.0, ""incomplete_base"": 1000.0, ""incomplete_agent"": 10.0}","[69.39035964035965, 56.24976958525346, 66.16104044357469, 101.798033126294, 51.117998385795005, 41.12371531346352, 63.45978057889823, 57.45866013071897, 62.63613801452786, 34.603439153439155]","[28.6, 31.0, 29.200000000000003, 29.900000000000002, 29.5, 27.8, 30.6, 30.6, 29.5, 29.700000000000003]"
ga,13,22,18.217311112619537,37.68000000000001,110.3,1.4705253983338225,4.4,13.478214285714284,24.71,11.231785714285715,True,0.0,hospital_corridor,28,12,"[11, 29, 47, 53, 61, 73, 89, 97, 101, 109]","[2.3726495613828416, 2.7484277519428946, 0.901741971507131, 0.5, 1.0]","{""time"": 0.0, ""collisions"": 0.05, ""congestion"": 1.0, ""fairness"": 1.0, ""incomplete_base"": 1000.0, ""incomplete_agent"": 10.0}","[28.937179487179485, 10.461614401858306, 13.341793605050091, 18.896258503401363, 15.9383306804616, 20.200324675324676, 21.037103174603175, 17.540140092976507, 18.213362487852287, 17.60700401748789]","[45.5, 32.800000000000004, 34.7, 39.2, 35.9, 33.0, 43.2, 37.9, 34.300000000000004, 40.300000000000004]"
ga,13,23,15.695871362417162,37.64,64.6,1.7761094576552565,5.1,14.07607142857143,24.765833333333333,10.689761904761905,True,0.0,hospital_corridor,28,12,"[11, 29, 47, 53, 61, 73, 89, 97, 101, 109]","[2.6740513512534902, 3.782815259130651, 0.9037654286125966, 0.5, 1.0]","{""time"": 0.0, ""collisions"": 0.05, ""congestion"": 1.0, ""fairness"": 1.0, ""incomplete_base"": 1000.0, ""incomplete_agent"": 10.0}","[29.651002506265662, 11.21777605779154, 16.486558925246072, 12.221320346320347, 8.318368640231759, 14.368172983479107, 15.960385878489328, 16.708333333333336, 13.722357723577238, 18.304437229437227]","[58.900000000000006, 32.300000000000004, 35.800000000000004, 33.0, 26.3, 34.300000000000004, 40.6, 38.400000000000006, 32.800000000000004, 44.0]"
ga,14,0,15.000389497207777,34.1,87.4,1.6734847353030138,4.8,13.496428571428572,22.453333333333337,8.956904761904763,True,0.0,hospital_corridor,28,12,"[11, 29, 47, 53, 61, 73, 89, 97, 101, 109]","[2.826675530731193, 2.9820293629234484, 0.9351804418122126, 0.5, 1.0]","{""time"": 0.0, ""collisions"": 0.05, ""congestion"": 1.0, ""fairness"": 1.0, ""incomplete_base"": 1000.0, ""incomplete_agent"": 10.0}","[21.473305860805862, 10.615873015873017, 12.243857727139936, 14.875307219662059, 8.687862414338431, 16.465393133997786, 16.24088648514236, 19.02857142857143, 14.691556776556776, 15.681280909990107]","[41.6, 31.5, 32.6, 31.0, 27.1, 30.1, 38.300000000000004, 42.6, 32.5, 33.7]"
ga,14,1,15.569900177031169,34.06,89.6,1.6183525579835512,5.3,12.776785714285715,22.248333333333335,9.471547619047618,True,0.0,hospital_corridor,28,12,"[11, 29, 47, 53, 61, 73, 89, 97, 101, 109]","[2.8858206372056405, 3.0633327538299775, 0.9006796189238413, 0.5, 1.0]","{""time"": 0.0, ""collisions"": 0.05, ""congestion"": 1.0, ""fairness"": 1.0, ""incomplete_base"": 1000.0, ""incomplete_agent"": 10.0}","[26.990842490842493, 10.224953767914933, 14.097710622710624, 15.461350293542074, 14.02666854143232, 14.81825396825397, 16.465298690170158, 14.715476190476192, 14.819875776397515, 14.078571428571427]","[39.0, 30.900000000000002, 31.200000000000003, 29.200000000000003, 38.1, 31.5, 38.900000000000006, 36.0, 32.2, 33.6]"
ga,14,2,18.50194922768839,34.24,149.9,1.5826635134026723,5.1,12.933214285714289,22.357499999999998,9.424285714285716,True,0.0,hospital_corridor,28,12,"[11, 29, 47, 53, 61, 73, 89, 97, 101, 109]","[3.098624113045191, 2.90408864505708, 0.9224935765849338, 0.5, 1.0]","{""time"": 0.0, ""collisions"": 0.05, ""congestion"": 1.0, ""fairness"": 1.0, ""incomplete_base"": 1000.0, ""incomplete_agent"": 10.0}","[28.800463910492567, 11.154277183185977, 13.966100895803866, 22.688290689410096, 11.040735502121644, 17.756145059179744, 23.595982142857146, 21.291979949874694, 18.00558107487368, 16.719935869084477]","[34.9, 30.700000000000003, 30.3, 33.5, 30.3, 34.6, 44.800000000000004, 39.900000000000006, 31.1, 32.300000000000004]"
ga,14,3,16.937650735425652,34.38,105.1,1.6877697830446998,5.0,13.209285714285716,23.20416666666667,9.994880952380953,True,0.0,hospital_corridor,28,12,"[11, 29, 47, 53, 61, 73, 89, 97, 101, 109]","[2.8092658382056825, 2.833987075211538, 0.9243434193331003, 0.5, 1.0]","{""time"": 0.0, ""collisions"": 0.05, ""congestion"": 1.0, ""fairness"": 1.0, ""incomplete_base"": 1000.0, ""incomplete_agent"": 10.0}","[26.09973187473188, 10.703312629399585, 15.193426501035198, 12.84455782312925, 17.65203081232493, 18.85485347985348, 16.006410256410255, 20.742344686218857, 17.334677183756938, 13.94516210739615]","[33.300000000000004, 32.2, 32.2, 29.400000000000002, 35.7, 31.200000000000003, 39.0, 45.300000000000004, 32.6, 32.9]"
ga,14,4,15.245420710568443,37.38,61.2,1.6219683296160619,5.3,14.010714285714286,24.574166666666667,10.56345238095238,True,0.0,hospital_corridor,28,12,"[11, 29, 47, 53, 61, 73, 89, 97, 101, 109]","[2.393644448646471, 2.9915535501014077, 0.9177628023400435, 0.5, 1.0]","{""time"": 0.0, ""collisions"": 0.05, ""congestion"": 1.0, ""fairness"": 1.0, ""incomplete_base"": 1000.0, ""incomplete_agent"": 10.0}","[15.42223032069971, 14.617923105917829, 14.786974789915968, 13.335083231000137, 9.67531328320802, 14.94318744838976, 15.42770562770563, 22.415813788201852, 16.22528467908903, 15.604690831556503]","[34.300000000000004, 37.9, 35.7, 34.9, 28.5, 34.6, 44.0, 46.900000000000006, 36.800000000000004, 40.2]"
ga,14,5,1020.1437440200574,42.63,61.8,1.5451076564209867,5.0,14.176363636363636,23.685000000000002,9.508636363636366,False,0.6,hospital_corridor,28,12,"[11, 29, 47, 53, 61, 73, 89, 97, 101, 109]","[2.770050025612452, 3.0538085666520183, 0.9969757925260926, 0.5, 1.0]","{""time"": 0.0, ""collisions"": 0.05, ""congestion"": 1.0, ""fairness"": 1.0, ""incomplete_base"": 1000.0, ""incomplete_agent"": 10.0}","[15.368671679197996, 1072.8070303030304, 15.22545155993432, 12.522410192147037, 6.360596416784533, 14.0971752606368, 15.077191166321601, 19.883255269320845, 15.374394319131163, 14.721264034068913]","[38.0, 100.0, 34.800000000000004, 34.2, 30.3, 33.800000000000004, 41.400000000000006, 42.7, 34.2, 36.9]"
ga,14,6,20.95713685408414,36.68,173.9,1.7410654255127107,5.6,13.063928571428573,23.585,10.521071428571428,True,0.0,hospital_corridor,28,12,"[11, 29, 47, 53, 61, 73, 89, 97, 101, 109]","[3.187182915650614, 2.880953090617361, 0.9226840095107767, 0.5, 1.0]","{""time"": 0.0, ""collisions"": 0.05, ""congestion"": 1.0, ""fairness"": 1.0, ""incomplete_base"": 1000.0, ""incomplete_agent"": 10.0}","[46.56634199134199, 12.86390168970814, 15.684169884169886, 27.166047018176354, 13.119611528822055, 14.619978059483179, 21.274807666799312, 24.92352491124985, 18.99197388632873, 14.361011904761906]","[77.0, 31.0, 29.6, 31.700000000000003, 30.400000000000002, 29.3, 35.9, 38.900000000000006, 31.0, 32.0]"
ga,14,7,20.441863118472444,34.3,178.2,1.7284107375200612,5.3,12.655714285714286,22.45916666666667,9.803452380952383,True,0.0,hospital_corridor,28,12,"[11, 29, 47, 53, 61, 73, 89, 97, 101, 109]","[3.160034894282107, 2.8619789264150413, 0.9228605126134541, 0.5, 1.0]","{""time"": 0.0, ""collisions"": 0.05, ""congestion"": 1.0, ""fairness"": 1.0, ""incomplete_base"": 1000.0, ""incomplete_agent"": 10.0}","[34.10305164319249, 16.71582591493571, 16.877286967418545, 32.44088374088374, 11.867642466822796, 16.09065995525727, 18.367424242424242, 16.424540517961574, 20.770149253731347, 20.761166482096712]","[42.6, 33.7, 30.400000000000002, 33.300000000000004, 30.5, 29.8, 36.300000000000004, 34.2, 33.5, 38.7]"
ga,14,8,16.232763248644076,36.33,89.2,1.5671680105488373,5.1,13.233571428571429,23.439166666666665,10.205595238095238,True,0.0,hospital_corridor,28,12,"[11, 29, 47, 53, 61, 73, 89, 97, 101, 109]","[2.5088987973662027, 2.7056812861864494, 0.9082005647201357, 0.5, 1.0]","{""time"": 0.0, ""collisions"": 0.05, ""congestion"": 1.0, ""fairness"": 1.0, ""incomplete_base"": 1000.0, ""incomplete_agent"": 10.0}","[24.49716748768473, 10.948412698412696, 13.073020569174417, 16.507563025210082, 11.27073732718894, 17.047125435540067, 15.141505246166265, 19.80661094224924, 18.514911523521796, 15.520578231292518]","[40.6, 32.4, 33.800000000000004, 30.6, 37.2, 32.800000000000004, 41.300000000000004, 42.300000000000004, 33.1, 39.2]"
ga,14,9,16.22523802207335,34.050000000000004,101.8,1.765476117311443,4.9,13.498571428571429,22.868333333333332,9.369761904761905,True,0.0,hospital_corridor,28,12,"[11, 29, 47, 53, 61, 73, 89, 97, 101, 109]","[2.586160325214308, 2.8482681090645094, 0.9108129518940964, 0.5, 1.0]","{""time"": 0.0, ""collisions"": 0.05, ""congestion"": 1.0, ""fairness"": 1.0, ""incomplete_base"": 1000.0, ""incomplete_agent"": 10.0}","[28.838444278234856, 11.073466188983431, 12.57365846640771, 16.15588972431078, 9.28409090909091, 17.817207792207792, 16.20563909774436, 15.623123486682811, 20.341433678028856, 14.339426599041982]","[38.2, 31.900000000000002, 33.1, 30.400000000000002, 27.5, 33.0, 39.900000000000006, 35.4, 37.300000000000004, 33.800000000000004]"
ga,14,10,15.264378330632233,36.99,54.2,1.695687854441757,5.3,13.64964285714286,24.508333333333333,10.858690476190477,True,0.0,hospital_corridor,28,12,"[11, 29, 47, 53, 61, 73, 89, 97, 101, 109]","[2.8204713999016953, 3.719614898811618, 0.9293749751032562, 0.5, 1.0]","{""time"": 0.0, ""collisions"": 0.05, ""congestion"": 1.0, ""fairness"": 1.0, ""incomplete_base"": 1000.0, ""incomplete_agent"": 10.0}","[24.74049125979506, 10.209959441189724, 11.995983533600356, 15.927107346606121, 7.754829590699156, 15.214213448957857, 17.094590114526824, 20.768859649122806, 14.719807497467073, 14.217941424357354]","[47.400000000000006, 31.700000000000003, 32.1, 40.900000000000006, 29.900000000000002, 31.3, 39.5, 45.6, 37.6, 33.9]"
ga,14,11,1021.617422816915,46.870000000000005,62.8,1.8027138222059509,5.6,14.4680291005291,25.142738095238094,10.674708994708997,False,0.6,hospital_corridor,28,12,"[11, 29, 47, 53, 61, 73, 89, 97, 101, 109]","[2.305341245160011, 3.0452297232424814, 0.909570895321553, 0.5, 1.0]","{""time"": 0.0, ""collisions"": 0.05, ""congestion"": 1.0, ""fairness"": 1.0, ""incomplete_base"": 1000.0, ""incomplete_agent"": 10.0}","[26.54268077601411, 10.683005679335954, 13.585365693238623, 10.955128205128208, 12.473868555686739, 14.197302056917444, 19.886967833491013, 18.80945807770961, 1072.5025661375662, 16.537885154061627]","[56.7, 32.7, 36.2, 31.200000000000003, 36.300000000000004, 33.800000000000004, 45.300000000000004, 48.900000000000006, 100.0, 47.6]"
ga,14,12,19.952890577829994,32.74,187.0,1.7336048635442807,5.1,12.563214285714286,21.432499999999997,8.869285714285713,True,0.0,hospital_corridor,28,12,"[11, 29, 47, 53, 61, 73, 89, 97, 101, 109]","[3.2614478477353153, 2.8677544669561152, 0.907653602521336, 0.5, 1.0]","{""time"": 0.0, ""collisions"": 0.05, ""congestion"": 1.0, ""fairness"": 1.0, ""incomplete_base"": 1000.0, ""incomplete_agent"": 10.0}","[47.07492978424614, 11.538627819548871, 13.03386965707785, 23.959745762711865, 13.026955219173765, 16.525146771037186, 19.339313003138216, 18.34186730872124, 22.521732026143795, 14.166718426501035]","[37.300000000000004, 30.400000000000002, 29.3, 35.4, 30.200000000000003, 29.200000000000003, 34.9, 35.6, 30.6, 34.5]"
ga,14,13,20.838987581436243,35.050000000000004,178.6,1.5614875814362421,5.3,12.537500000000001,22.885,10.3475,True,0.0,hospital_corridor,28,12,"[11, 29, 47, 53, 61, 73, 89, 97, 101, 109]","[3.2208628286054326, 2.849336980255809, 0.9207022411871192, 0.5, 1.0]","{""time"": 0.0, ""collisions"": 0.05, ""congestion"": 1.0, ""fairness"": 1.0, ""incomplete_base"": 1000.0, ""incomplete_agent"": 10.0}","[31.191592261904763, 12.865612802498049, 13.295911495911499, 30.652380952380952, 12.22454954954955, 16.706145431145433, 25.73920265780731, 22.747368421052634, 23.19469696969697, 19.772415272415273]","[38.400000000000006, 30.5, 29.700000000000003, 42.0, 33.300000000000004, 29.6, 43.0, 39.900000000000006, 30.8, 33.300000000000004]"
ga,14,14,14.628848686280506,32.6,70.1,1.7658724958043162,5.3,12.917857142857144,22.27583333333334,9.35797619047619,True,0.0,hospital_corridor,28,12,"[11, 29, 47, 53, 61, 73, 89, 97, 101, 109]","[2.7341857341742046, 3.142687186467113, 0.9046897857668529, 0.5, 1.0]","{""time"": 0.0, ""collisions"": 0.05, ""congestion"": 1.0, ""fairness"": 1.0, ""incomplete_base"": 1000.0, ""incomplete_agent"": 10.0}","[18.17239944521498, 12.24978563772776, 12.600000000000001, 14.327740863787374, 10.09532967032967, 14.257474996268101, 16.055887781469178, 16.87197554697555, 17.085384615384616, 14.572508305647842]","[30.900000000000002, 31.1, 32.1, 30.1, 27.3, 31.900000000000002, 38.7, 37.0, 32.5, 34.4]"
ga,14,15,15.60198924209476,33.35000000000001,93.6,1.7848463849519043,5.1,12.90285714285714,22.040000000000003,9.137142857142857,True,0.0,hospital_corridor,28,12,"[11, 29, 47, 53, 61, 73, 89, 97, 101, 109]","[3.2660322449074117, 3.509265738517858, 0.9039034240416299, 0.5, 1.0]","{""time"": 0.0, ""collisions"": 0.05, ""congestion"": 1.0, ""fairness"": 1.0, ""incomplete_base"": 1000.0, ""incomplete_agent"": 10.0}","[23.76863354037267, 10.328917050691246, 12.500170068027211, 19.43035869700361, 9.444346233476669, 15.75580204778157, 17.767893217893217, 15.10553772070626, 17.046495327102804, 14.871738517892364]","[34.5, 31.0, 29.400000000000002, 38.300000000000004, 29.900000000000002, 29.3, 39.6, 35.6, 32.1, 33.800000000000004]"
ga,14,16,1081.4226234372713,100.0,25.0,0.4971,4.1,16.362638178890354,30.03816161616162,13.675523437271263,False,6.6,hospital_corridor,28,12,"[11, 29, 47, 53, 61, 73, 89, 97, 101, 109]","[2.7107842784514657, 3.2686337284415976, 1.1934774577688794, 0.5, 1.0]","{""time"": 0.0, ""collisions"": 0.05, ""congestion"": 1.0, ""fairness"": 1.0, ""incomplete_base"": 1000.0, ""incomplete_agent"": 10.0}","[1072.5709683794466, 1124.1906666666666, 1073.2606666666666, 1071.5834242424241, 1083.2820909090908, 1075.1823333333334, 1066.5597272727273, 1079.1183333333333, 1033.0738013468012, 1135.4042222222222]","[100.0, 100.0, 100.0, 100.0, 100.0, 100.0, 100.0, 100.0, 100.0, 100.0]"
ga,14,17,1047.5531881309464,93.74,85.2,0.6806711229946524,4.8,13.752028446593664,24.364545454545457,10.61251700795179,False,3.2,hospital_corridor,28,12,"[11, 29, 47, 53, 61, 73, 89, 97, 101, 109]","[3.3627158814870834, 3.645543828618709, 1.047992770007054, 0.5, 1.0]","{""time"": 0.0, ""collisions"": 0.05, ""congestion"": 1.0, ""fairness"": 1.0, ""incomplete_base"": 1000.0, ""incomplete_agent"": 10.0}","[1044.8572051282051, 1072.1296877470356, 1035.5190437710437, 1076.4066363636364, 1077.864523809524, 1027.69, 1055.3206923076923, 1038.9032857142856, 14.129806468041764, 1032.711]","[100.0, 100.0, 100.0, 100.0, 100.0, 100.0, 100.0, 100.0, 37.4, 100.0]"
ga,14,18,19.83254334744602,35.46,165.2,1.5964719188745895,5.0,12.723928571428573,22.7,9.97607142857143,True,0.0,hospital_corridor,28,12,"[11, 29, 47, 53, 61, 73, 89, 97, 101, 109]","[2.695747435069933, 2.4602042867070546, 0.9012694101843083, 0.5, 1.0]","{""time"": 0.0, ""collisions"": 0.05, ""congestion"": 1.0, ""fairness"": 1.0, ""incomplete_base"": 1000.0, ""incomplete_agent"": 10.0}","[42.55275842044134, 12.120787545787547, 12.674294532627869, 22.206390104788433, 11.587932238910236, 19.552828854314, 20.830505952380953, 19.182371167645144, 23.21879120879121, 14.39877344877345]","[36.9, 31.200000000000003, 32.4, 35.9, 40.900000000000006, 30.3, 38.400000000000006, 36.5, 32.5, 39.6]"
ga,14,19,15.569900177031169,34.06,89.6,1.6183525579835512,5.3,12.776785714285715,22.248333333333335,9.471547619047618,True,0.0,hospital_corridor,28,12,"[11, 29, 47, 53, 61, 73, 89, 97, 101, 109]","[2.8858206372056405, 3.0633327538299775, 0.9006796189238413, 0.5, 1.0]","{""time"": 0.0, ""collisions"": 0.05, ""congestion"": 1.0, ""fairness"": 1.0, ""incomplete_base"": 1000.0, ""incomplete_agent"": 10.0}","[26.990842490842493, 10.224953767914933, 14.097710622710624, 15.461350293542074, 14.02666854143232, 14.81825396825397, 16.465298690170158, 14.715476190476192, 14.819875776397515, 14.078571428571427]","[39.0, 30.900000000000002, 31.200000000000003, 29.200000000000003, 38.1, 31.5, 38.900000000000006, 36.0, 32.2, 33.6]"
ga,14,20,17.34575784303012,33.940000000000005,125.6,1.765162604934884,4.9,13.191071428571428,22.491666666666667,9.300595238095239,True,0.0,hospital_corridor,28,12,"[11, 29, 47, 53, 61, 73, 89, 97, 101, 109]","[3.0485344997243127, 2.9792145120357687, 0.9342131595225458, 0.5, 1.0]","{""time"": 0.0, ""collisions"": 0.05, ""congestion"": 1.0, ""fairness"": 1.0, ""incomplete_base"": 1000.0, ""incomplete_agent"": 10.0}","[30.20927010148322, 11.001309141019753, 14.18126648053358, 17.882356532356532, 14.694047619047621, 17.602380952380955, 14.75191226096738, 19.42576953433307, 18.86554907677357, 14.843716731405554]","[36.6, 31.1, 30.700000000000003, 35.1, 33.0, 31.200000000000003, 38.1, 36.2, 34.300000000000004, 33.1]"
ga,14,21,1110.5277635817727,100.0,44.8,0.4025,4.0,12.897506620247436,22.782770202020206,9.885263581772772,False,9.8,hospital_corridor,28,12,"[11, 29, 47, 53, 61, 73, 89, 97, 101, 109]","[2.911800271059338, 2.862659997718183, 1.24264644533639, 0.5, 1.0]","{""time"": 0.0, ""collisions"": 0.05, ""congestion"": 1.0, ""fairness"": 1.0, ""incomplete_base"": 1000.0, ""incomplete_agent"": 10.0}","[1092.2525454545455, 1153.9907575757575, 1080.5565, 1131.0138304093566, 1119.007842105263, 1090.3805, 1083.7624347826088, 1086.2065, 1084.0346666666667, 1184.0720588235295]","[100.0, 100.0, 100.0, 100.0, 100.0, 100.0, 100.0, 100.0, 100.0, 100.0]"
ga,14,22,1017.6160721416552,50.559999999999995,24.2,1.2679311160142166,5.0,15.790192307692308,27.928333333333335,12.138141025641026,False,0.3,hospital_corridor,28,12,"[11, 29, 47, 53, 61, 73, 89, 97, 101, 109]","[1.9460794470375036, 3.5149956629469035, 0.9085827537843569, 0.5, 1.0]","{""time"": 0.0, ""collisions"": 0.05, ""congestion"": 1.0, ""fairness"": 1.0, ""incomplete_base"": 1000.0, ""incomplete_agent"": 10.0}","[11.532660455486546, 10.105998613037448, 14.930837761800564, 7.829296066252589, 12.015661641541037, 15.85389052528228, 19.483297972654405, 22.690563177254205, 13.504438280166438, 1048.2140769230768]","[46.0, 51.5, 45.7, 34.5, 39.800000000000004, 48.5, 50.5, 47.900000000000006, 41.2, 100.0]"
ga,14,23,13.602771501608178,35.029999999999994,42.8,1.654914358751035,4.9,13.22464285714286,23.032500000000002,9.807857142857143,True,0.0,hospital_corridor,28,12,"[11, 29, 47, 53, 61, 73, 89, 97, 101, 109]","[3.0826273878785178, 3.9675418271344345, 0.9159202420488355, 0.5, 1.0]","{""time"": 0.0, ""collisions"": 0.05, ""congestion"": 1.0, ""fairness"": 1.0, ""incomplete_base"": 1000.0, ""incomplete_agent"": 10.0}","[15.488191763191763, 10.137943262411346, 12.581211692597833, 14.265896358543419, 8.494387755102043, 14.420927903871828, 14.904461942257218, 15.94685714285714, 14.762898089171976, 15.024939106077216]","[37.0, 32.9, 30.3, 42.5, 29.400000000000002, 32.1, 38.1, 37.5, 31.400000000000002, 39.1]"
ga,15,0,13.602771501608178,35.029999999999994,42.8,1.654914358751035,4.9,13.22464285714286,23.032500000000002,9.807857142857143,True,0.0,hospital_corridor,28,12,"[11, 29, 47, 53, 61, 73, 89, 97, 101, 109]","[3.0826273878785178, 3.9675418271344345, 0.9159202420488355, 0.5, 1.0]","{""time"": 0.0, ""collisions"": 0.05, ""congestion"": 1.0, ""fairness"": 1.0, ""incomplete_base"": 1000.0, ""incomplete_agent"": 10.0}","[15.488191763191763, 10.137943262411346, 12.581211692597833, 14.265896358543419, 8.494387755102043, 14.420927903871828, 14.904461942257218, 15.94685714285714, 14.762898089171976, 15.024939106077216]","[37.0, 32.9, 30.3, 42.5, 29.400000000000002, 32.1, 38.1, 37.5, 31.400000000000002, 39.1]"
ga,15,1,14.628848686280506,32.6,70.1,1.7658724958043162,5.3,12.917857142857144,22.27583333333334,9.35797619047619,True,0.0,hospital_corridor,28,12,"[11, 29, 47, 53, 61, 73, 89, 97, 101, 109]","[2.7341857341742046, 3.142687186467113, 0.9046897857668529, 0.5, 1.0]","{""time"": 0.0, ""collisions"": 0.05, ""congestion"": 1.0, ""fairness"": 1.0, ""incomplete_base"": 1000.0, ""incomplete_agent"": 10.0}","[18.17239944521498, 12.24978563772776, 12.600000000000001, 14.327740863787374, 10.09532967032967, 14.257474996268101, 16.055887781469178, 16.87197554697555, 17.085384615384616, 14.572508305647842]","[30.900000000000002, 31.1, 32.1, 30.1, 27.3, 31.900000000000002, 38.7, 37.0, 32.5, 34.4]"
ga,15,2,19.71541586831429,33.230000000000004,165.1,1.686725392123813,5.2,12.744642857142859,22.518333333333338,9.773690476190477,True,0.0,hospital_corridor,28,12,"[11, 29, 47, 53, 61, 73, 89, 97, 101, 109]","[2.8539357556942178, 2.659043604410784, 0.911083825308363, 0.5, 1.0]","{""time"": 0.0, ""collisions"": 0.05, ""congestion"": 1.0, ""fairness"": 1.0, ""incomplete_base"": 1000.0, ""incomplete_agent"": 10.0}","[39.533709273182964, 12.206501831501832, 12.793492834026814, 23.117980295566507, 15.198583677844129, 16.85809523809524, 20.61564890204787, 19.571555509811997, 23.44082892416226, 13.817762196903303]","[41.800000000000004, 31.200000000000003, 30.900000000000002, 29.0, 31.1, 30.0, 38.6, 34.7, 32.4, 32.6]"
ga,15,3,18.48657267063951,33.089999999999996,142.8,1.8494298134966527,5.1,12.860357142857143,22.357500000000005,9.497142857142856,True,0.0,hospital_corridor,28,12,"[11, 29, 47, 53, 61, 73, 89, 97, 101, 109]","[2.978874091525178, 2.8400248049176047, 0.9160995370434237, 0.5, 1.0]","{""time"": 0.0, ""collisions"": 0.05, ""congestion"": 1.0, ""fairness"": 1.0, ""incomplete_base"": 1000.0, ""incomplete_agent"": 10.0}","[35.65270379338176, 11.976064962726305, 14.655714285714287, 20.309976822587444, 18.411396208969023, 15.49418576304242, 20.16678981937603, 16.606349206349208, 15.784798534798536, 15.807747309450098]","[35.4, 31.3, 30.0, 33.9, 30.900000000000002, 29.3, 40.6, 36.0, 31.200000000000003, 32.300000000000004]"
ga,15,4,1161.5014723688162,37.230000000000004,2994.2,1.8995459618896977,6.4,11.826785714285714,20.71871212121212,8.891926406926409,False,0.1,hospital_corridor,28,12,"[11, 29, 47, 53, 61, 73, 89, 97, 101, 109]","[3.2208628286054326, 2.849336980255809, 0.5751655418304813, 0.5, 1.0]","{""time"": 0.0, ""collisions"": 0.05, ""congestion"": 1.0, ""fairness"": 1.0, ""incomplete_base"": 1000.0, ""incomplete_agent"": 10.0}","[1195.866025974026, 169.0798850574713, 127.48042464408444, 174.15068243858056, 144.68471177944863, 119.31156523981434, 186.90476190476193, 175.81228222996518, 171.4730787364451, 150.25130568356377]","[100.0, 29.0, 29.1, 31.400000000000002, 28.5, 27.700000000000003, 32.5, 32.800000000000004, 30.3, 31.0]"
ga,15,5,19.83254334744602,35.46,165.2,1.5964719188745895,5.0,12.723928571428573,22.7,9.97607142857143,True,0.0,hospital_corridor,28,12,"[11, 29, 47, 53, 61, 73, 89, 97, 101, 109]","[2.695747435069933, 2.4602042867070546, 0.9012694101843083, 0.5, 1.0]","{""time"": 0.0, ""collisions"": 0.05, ""congestion"": 1.0, ""fairness"": 1.0, ""incomplete_base"": 1000.0, ""incomplete_agent"": 10.0}","[42.55275842044134, 12.120787545787547, 12.674294532627869, 22.206390104788433, 11.587932238910236, 19.552828854314, 20.830505952380953, 19.182371167645144, 23.21879120879121, 14.39877344877345]","[36.9, 31.200000000000003, 32.4, 35.9, 40.900000000000006, 30.3, 38.400000000000006, 36.5, 32.5, 39.6]"
ga,15,6,14.826689985141034,33.89,67.0,1.7929995089505588,5.2,12.904642857142857,22.58833333333333,9.683690476190476,True,0.0,hospital_corridor,28,12,"[11, 29, 47, 53, 61, 73, 89, 97, 101, 109]","[3.1876767059708833, 3.750218340645375, 0.908827359680216, 0.5, 1.0]","{""time"": 0.0, ""collisions"": 0.05, ""congestion"": 1.0, ""fairness"": 1.0, ""incomplete_base"": 1000.0, ""incomplete_agent"": 10.0}","[21.967306771955016, 10.090079365079365, 12.160643330179756, 15.755810234541578, 15.030138186064615, 12.859693877551024, 16.29577922077922, 15.498755411255413, 15.320017495816218, 13.288675958188154]","[39.800000000000004, 31.5, 30.200000000000003, 33.5, 36.7, 29.400000000000002, 38.5, 35.2, 31.3, 32.800000000000004]"
ga,15,7,14.42613858597241,35.28,60.7,1.7343528716866967,5.5,13.040714285714287,22.697499999999998,9.656785714285714,True,0.0,hospital_corridor,28,12,"[11, 29, 47, 53, 61, 73, 89, 97, 101, 109]","[3.160982926815046, 3.7265892250069177, 0.9109963064102495, 0.5, 1.0]","{""time"": 0.0, ""collisions"": 0.05, ""congestion"": 1.0, ""fairness"": 1.0, ""incomplete_base"": 1000.0, ""incomplete_agent"": 10.0}","[23.908027522935782, 10.15716531895777, 11.953886786502682, 15.934332312013277, 8.74043513957307, 15.444026733500417, 14.592385444743936, 16.33464559101302, 14.457051865332122, 12.739429145152036]","[43.6, 31.8, 30.200000000000003, 37.300000000000004, 26.1, 34.2, 37.1, 47.900000000000006, 31.400000000000002, 33.2]"
ga,15,8,13.93104330895088,35.900000000000006,38.8,1.619495689903259,5.1,13.019285714285715,23.390833333333337,10.371547619047622,True,0.0,hospital_corridor,28,12,"[11, 29, 47, 53, 61, 73, 89, 97, 101, 109]","[2.9100250700367836, 3.8705558831787874, 0.9055670299708571, 0.5, 1.0]","{""time"": 0.0, ""collisions"": 0.05, ""congestion"": 1.0, ""fairness"": 1.0, ""incomplete_base"": 1000.0, ""incomplete_agent"": 10.0}","[17.69614512471655, 12.05978293525612, 12.53203737191079, 14.551240778001343, 8.167788724685277, 14.073383573612933, 15.139105339105342, 17.260129136400327, 13.955952380952382, 13.874867724867727]","[44.1, 31.700000000000003, 31.6, 42.6, 26.1, 32.7, 39.6, 41.300000000000004, 31.5, 37.800000000000004]"
ga,15,9,22.944587491005905,33.580000000000005,236.1,1.7719684433868572,5.3,12.928214285714287,22.29583333333333,9.36761904761905,True,0.0,hospital_corridor,28,12,"[11, 29, 47, 53, 61, 73, 89, 97, 101, 109]","[3.0584229550473747, 2.664742486051244, 0.9110328310018196, 0.5, 1.0]","{""time"": 0.0, ""collisions"": 0.05, ""congestion"": 1.0, ""fairness"": 1.0, ""incomplete_base"": 1000.0, ""incomplete_agent"": 10.0}","[58.53339947089948, 12.277011095700416, 22.47757611241218, 32.608503401360544, 12.05172735760971, 15.543721461187214, 20.197909407665506, 22.409553488985622, 15.345823763589035, 18.000649350649354]","[43.2, 30.900000000000002, 30.5, 34.300000000000004, 30.6, 29.200000000000003, 36.9, 36.1, 31.1, 33.0]"
ga,15,10,20.651733479745225,34.67,192.1,1.6013763368880802,5.3,12.739642857142858,22.185000000000002,9.445357142857144,True,0.0,hospital_corridor,28,12,"[11, 29, 47, 53, 61, 73, 89, 97, 101, 109]","[2.7440298249317356, 2.4282938412153534, 0.901290231146435, 0.5, 1.0]","{""time"": 0.0, ""collisions"": 0.05, ""congestion"": 1.0, ""fairness"": 1.0, ""incomplete_base"": 1000.0, ""incomplete_agent"": 10.0}","[42.19824233358265, 12.253008519701812, 13.207255166217433, 32.4765873015873, 10.59755768286696, 20.424136321195142, 19.478479618068306, 19.40536831354526, 22.455562972852693, 14.021136567834684]","[38.2, 31.3, 31.8, 30.6, 38.800000000000004, 30.6, 38.900000000000006, 37.300000000000004, 32.1, 37.1]"
ga,15,11,16.642112369246412,34.68,105.5,1.6750885597226035,4.9,13.367142857142857,23.05916666666667,9.69202380952381,True,0.0,hospital_corridor,28,12,"[11, 29, 47, 53, 61, 73, 89, 97, 101, 109]","[2.727951137488213, 2.9567154902869515, 0.9102023396715027, 0.5, 1.0]","{""time"": 0.0, ""collisions"": 0.05, ""congestion"": 1.0, ""fairness"": 1.0, ""incomplete_base"": 1000.0, ""incomplete_agent"": 10.0}","[28.336450662739324, 10.20277777777778, 14.059213250517598, 20.251901208244494, 9.920787545787547, 13.806490015360986, 15.070279971284997, 18.9817697228145, 18.309103641456584, 17.482349896480333]","[38.800000000000004, 31.5, 32.2, 33.5, 27.3, 31.0, 39.800000000000004, 40.2, 35.7, 36.800000000000004]"
ga,15,12,13.77598103094671,34.24,53.9,1.779314364280043,5.4,13.5975,22.899166666666666,9.301666666666668,True,0.0,hospital_corridor,28,12,"[11, 29, 47, 53, 61, 73, 89, 97, 101, 109]","[2.8304121379587435, 3.4546187565123887, 0.9176173749685881, 0.5, 1.0]","{""time"": 0.0, ""collisions"": 0.05, ""congestion"": 1.0, ""fairness"": 1.0, ""incomplete_base"": 1000.0, ""incomplete_agent"": 10.0}","[19.673629829290206, 9.669909436167103, 12.997975814931651, 9.590496368038743, 8.768223443223444, 15.542958030669896, 18.71923076923077, 14.330086013462978, 15.434947663275837, 13.032352941176471]","[42.400000000000006, 32.6, 31.700000000000003, 29.5, 27.3, 35.4, 39.0, 38.2, 32.300000000000004, 34.0]"
ga,15,13,14.271062697379904,33.28,53.1,1.7264198402370479,4.9,12.722857142857144,22.6125,9.889642857142857,True,0.0,hospital_corridor,28,12,"[11, 29, 47, 53, 61, 73, 89, 97, 101, 109]","[2.8758798991485923, 3.3283288961292063, 0.9124372190585093, 0.5, 1.0]","{""time"": 0.0, ""collisions"": 0.05, ""congestion"": 1.0, ""fairness"": 1.0, ""incomplete_base"": 1000.0, ""incomplete_agent"": 10.0}","[18.55799319727891, 10.37063492063492, 13.573354564755839, 12.997344322344324, 8.205128205128204, 14.277687411598302, 15.399559326493028, 19.843369829683702, 14.477293577981653, 15.008261617900173]","[39.2, 31.5, 31.400000000000002, 31.200000000000003, 26.0, 30.3, 36.2, 41.1, 32.7, 33.2]"
ga,15,14,71.86713520421715,32.03,1204.5,1.8032066327885765,5.5,11.563571428571427,21.4025,9.838928571428571,True,0.0,hospital_corridor,28,12,"[11, 29, 47, 53, 61, 73, 89, 97, 101, 109]","[3.005811302747096, 3.6476475593639743, 0.714887699615091, 0.5, 1.0]","{""time"": 0.0, ""collisions"": 0.05, ""congestion"": 1.0, ""fairness"": 1.0, ""incomplete_base"": 1000.0, ""incomplete_agent"": 10.0}","[105.59684179456907, 88.66242690058479, 69.10138956606534, 102.15906593406594, 42.240786040443574, 48.81785714285714, 90.32208419599723, 62.98897849462365, 61.175465152948604, 47.60645682001615]","[36.300000000000004, 34.2, 29.3, 31.200000000000003, 29.200000000000003, 28.0, 41.400000000000006, 31.0, 30.200000000000003, 29.5]"
ga,15,15,14.865659348648482,33.22,68.9,1.6726831581722916,4.9,12.872857142857143,22.620833333333334,9.74797619047619,True,0.0,hospital_corridor,28,12,"[11, 29, 47, 53, 61, 73, 89, 97, 101, 109]","[3.0114822099230762, 3.301923630693909, 0.9305640226311156, 0.5, 1.0]","{""time"": 0.0, ""collisions"": 0.05, ""congestion"": 1.0, ""fairness"": 1.0, ""incomplete_base"": 1000.0, ""incomplete_agent"": 10.0}","[15.871747042766152, 10.529981801637854, 13.15248917748918, 14.030648926237163, 9.950349916324356, 14.514381914381916, 18.125662708408303, 21.172337310794386, 16.14151501364877, 15.16747967479675]","[31.400000000000002, 31.400000000000002, 30.8, 30.6, 31.3, 29.700000000000003, 39.7, 43.1, 31.400000000000002, 32.800000000000004]"
ga,15,16,1062.8123512731374,93.92999999999999,57.1,0.5965826972010178,4.2,15.315564757397023,27.676333333333332,12.36076857593631,False,4.7,hospital_corridor,28,12,"[11, 29, 47, 53, 61, 73, 89, 97, 101, 109]","[2.6534693197697403, 2.8947996797349944, 1.1316279406451812, 0.5, 1.0]","{""time"": 0.0, ""collisions"": 0.05, ""congestion"": 1.0, ""fairness"": 1.0, ""incomplete_base"": 1000.0, ""incomplete_agent"": 10.0}","[1055.394, 1114.8546666666666, 1073.3056666666666, 1103.8287894736843, 1060.517956521739, 1054.823, 1037.0522307692308, 1054.7301851851853, 14.510350781533987, 1059.1066666666666]","[100.0, 100.0, 100.0, 100.0, 100.0, 100.0, 100.0, 100.0, 39.300000000000004, 100.0]"
ga,15,17,157.77322997467618,30.79,2938.3,1.9981109270571142,5.9,11.820714285714285,20.680833333333332,8.860119047619047,True,0.0,hospital_corridor,28,12,"[11, 29, 47, 53, 61, 73, 89, 97, 101, 109]","[3.3200864975171838, 3.778423433585889, 0.6814326046324379, 0.5, 1.0]","{""time"": 0.0, ""collisions"": 0.05, ""congestion"": 1.0, ""fairness"": 1.0, ""incomplete_base"": 1000.0, ""incomplete_agent"": 10.0}","[226.1995670995671, 178.37757936507938, 135.98794282418848, 134.33662736939436, 163.93973582365808, 121.80144927536233, 145.2039194139194, 190.84536599763874, 131.20153288740246, 149.8385796905513]","[33.0, 28.8, 28.900000000000002, 30.900000000000002, 28.3, 27.6, 32.5, 36.300000000000004, 29.900000000000002, 31.700000000000003]"
ga,15,18,17.015790330726347,34.49,119.1,1.6504331878692047,5.4,13.269642857142859,22.680000000000007,9.410357142857144,True,0.0,hospital_corridor,28,12,"[11, 29, 47, 53, 61, 73, 89, 97, 101, 109]","[2.8767348191634805, 2.892579105146568, 0.9263170612631328, 0.5, 1.0]","{""time"": 0.0, ""collisions"": 0.05, ""congestion"": 1.0, ""fairness"": 1.0, ""incomplete_base"": 1000.0, ""incomplete_agent"": 10.0}","[36.21998599439776, 11.458941633079565, 14.346903230745674, 13.044354442808054, 11.223724212812161, 13.729817092399873, 16.824404761904766, 23.12490842490843, 15.725626566416043, 14.459236947791167]","[42.5, 31.900000000000002, 31.1, 29.1, 30.700000000000003, 30.200000000000003, 38.400000000000006, 45.5, 32.300000000000004, 33.2]"
ga,15,19,22.635280248654,31.320000000000004,242.1,1.7334945343682826,5.3,11.878214285714288,20.675,8.796785714285715,True,0.0,hospital_corridor,28,12,"[11, 29, 47, 53, 61, 73, 89, 97, 101, 109]","[3.1099756058498196, 2.951429184191922, 0.8113876851237305, 0.5, 1.0]","{""time"": 0.0, ""collisions"": 0.05, ""congestion"": 1.0, ""fairness"": 1.0, ""incomplete_base"": 1000.0, ""incomplete_agent"": 10.0}","[42.55977808599168, 17.743183940242766, 17.39760273972603, 23.175, 16.47325288477166, 17.439252414252415, 24.473666092943205, 21.39197994987469, 25.438344407530458, 20.26074197120709]","[30.900000000000002, 30.6, 29.200000000000003, 31.3, 29.3, 28.6, 33.2, 39.900000000000006, 30.1, 30.1]"
ga,15,20,15.296089443110596,34.190000000000005,75.0,1.7306132526344051,4.9,13.150357142857143,22.965833333333336,9.815476190476192,True,0.0,hospital_corridor,28,12,"[11, 29, 47, 53, 61, 73, 89, 97, 101, 109]","[2.8045546409225706, 3.2918183859653594, 0.9129802863485857, 0.5, 1.0]","{""time"": 0.0, ""collisions"": 0.05, ""congestion"": 1.0, ""fairness"": 1.0, ""incomplete_base"": 1000.0, ""incomplete_agent"": 10.0}","[26.313851233924225, 10.43809523809524, 12.329247408742678, 14.29750719079578, 10.041473616473617, 14.522857142857143, 16.626007326007326, 16.44161540214172, 16.238690476190477, 15.711549395877753]","[41.1, 31.8, 31.700000000000003, 29.8, 29.6, 30.0, 39.0, 41.800000000000004, 33.6, 33.5]"
ga,15,21,15.878309837425077,34.620000000000005,89.0,1.8122384088536463,5.5,13.218928571428572,22.835,9.61607142857143,True,0.0,hospital_corridor,28,12,"[11, 29, 47, 53, 61, 73, 89, 97, 101, 109]","[2.8996565505297163, 3.209000902653906, 0.9086859400330877, 0.5, 1.0]","{""time"": 0.0, ""collisions"": 0.05, ""congestion"": 1.0, ""fairness"": 1.0, ""incomplete_base"": 1000.0, ""incomplete_agent"": 10.0}","[22.389531680440772, 10.060832192301843, 14.863671274961597, 15.279858429858432, 12.87414645103324, 17.549804397679754, 15.970843989769822, 15.07815815445349, 20.214466089466093, 14.501785714285715]","[36.300000000000004, 31.3, 31.0, 29.6, 31.8, 35.300000000000004, 39.1, 38.6, 39.6, 33.6]"
ga,15,22,1026.0356681131002,41.190000000000005,267.7,1.5062898062219274,5.1,12.80645502645503,22.950833333333332,10.144378306878307,False,0.1,hospital_corridor,28,12,"[11, 29, 47, 53, 61, 73, 89, 97, 101, 109]","[2.7728399232628678, 2.2450668083500283, 0.9177800312677566, 0.5, 1.0]","{""time"": 0.0, ""collisions"": 0.05, ""congestion"": 1.0, ""fairness"": 1.0, ""incomplete_base"": 1000.0, ""incomplete_agent"": 10.0}","[47.444316929856775, 12.841734910524718, 13.795491864457384, 37.088855116514694, 11.083068783068786, 1034.1725925925925, 25.731043956043962, 32.19125896934116, 27.08337854128994, 18.92493946731235]","[38.900000000000006, 31.400000000000002, 31.900000000000002, 32.9, 27.0, 100.0, 39.0, 43.800000000000004, 31.6, 35.4]"
ga,15,23,16.94838460898743,36.480000000000004,95.2,1.6660036566064744,5.3,13.854285714285714,24.376666666666672,10.522380952380953,True,0.0,hospital_corridor,28,12,"[11, 29, 47, 53, 61, 73, 89, 97, 101, 109]","[2.4412759252852987, 2.7468724479822306, 0.929357746175543, 0.5, 1.0]","{""time"": 0.0, ""collisions"": 0.05, ""congestion"": 1.0, ""fairness"": 1.0, ""incomplete_base"": 1000.0, ""incomplete_agent"": 10.0}","[25.628195488721808, 11.015734989648033, 14.210734463276836, 15.306661092530659, 12.716758241758242, 15.820623145400596, 15.98643637782982, 22.2533578902413, 19.378020919350398, 17.167323481116586]","[39.900000000000006, 32.2, 35.4, 29.900000000000002, 31.200000000000003, 33.7, 42.7, 44.6, 34.6, 40.6]"
ga,16,0,13.602771501608178,35.029999999999994,42.8,1.654914358751035,4.9,13.22464285714286,23.032500000000002,9.807857142857143,True,0.0,hospital_corridor,28,12,"[11, 29, 47, 53, 61, 73, 89, 97, 101, 109]","[3.0826273878785178, 3.9675418271344345, 0.9159202420488355, 0.5, 1.0]","{""time"": 0.0, ""collisions"": 0.05, ""congestion"": 1.0, ""fairness"": 1.0, ""incomplete_base"": 1000.0, ""incomplete_agent"": 10.0}","[15.488191763191763, 10.137943262411346, 12.581211692597833, 14.265896358543419, 8.494387755102043, 14.420927903871828, 14.904461942257218, 15.94685714285714, 14.762898089171976, 15.024939106077216]","[37.0, 32.9, 30.3, 42.5, 29.400000000000002, 32.1, 38.1, 37.5, 31.400000000000002, 39.1]"
ga,16,1,13.77598103094671,34.24,53.9,1.779314364280043,5.4,13.5975,22.899166666666666,9.301666666666668,True,0.0,hospital_corridor,28,12,"[11, 29, 47, 53, 61, 73, 89, 97, 101, 109]","[2.8304121379587435, 3.4546187565123887, 0.9176173749685881, 0.5, 1.0]","{""time"": 0.0, ""collisions"": 0.05, ""congestion"": 1.0, ""fairness"": 1.0, ""incomplete_base"": 1000.0, ""incomplete_agent"": 10.0}","[19.673629829290206, 9.669909436167103, 12.997975814931651, 9.590496368038743, 8.768223443223444, 15.542958030669896, 18.71923076923077, 14.330086013462978, 15.434947663275837, 13.032352941176471]","[42.400000000000006, 32.6, 31.700000000000003, 29.5, 27.3, 35.4, 39.0, 38.2, 32.300000000000004, 34.0]"
ga,16,2,1154.3191799662927,100.0,14.7,0.3594,3.3,13.801941895179123,25.026721861471863,11.224779966292738,False,14.2,hospital_corridor,28,12,"[11, 29, 47, 53, 61, 73, 89, 97, 101, 109]","[3.1836639102680584, 3.728465238935292, 1.4595093326178001, 0.5, 1.0]","{""time"": 0.0, ""collisions"": 0.05, ""congestion"": 1.0, ""fairness"": 1.0, ""incomplete_base"": 1000.0, ""incomplete_agent"": 10.0}","[1130.0393333333334, 1163.9281948051948, 1139.6492222222223, 1209.0165714285715, 1179.2888235294117, 1133.4815, 1123.0604444444446, 1158.3232932330827, 1120.7652380952381, 1185.6391785714286]","[100.0, 100.0, 100.0, 100.0, 100.0, 100.0, 100.0, 100.0, 100.0, 100.0]"
ga,16,3,13.966006996023486,36.52,45.9,1.7121974722139606,5.7,13.917857142857144,23.876666666666672,9.958809523809526,True,0.0,hospital_corridor,28,12,"[11, 29, 47, 53, 61, 73, 89, 97, 101, 109]","[2.6211619759761318, 3.748342326717, 0.9098767479994114, 0.5, 1.0]","{""time"": 0.0, ""collisions"": 0.05, ""congestion"": 1.0, ""fairness"": 1.0, ""incomplete_base"": 1000.0, ""incomplete_agent"": 10.0}","[22.365127758420442, 10.52372475305912, 13.021428571428572, 11.070054945054945, 9.512882415536048, 14.695355292376018, 15.921768707482997, 15.220473742196107, 13.194134727061556, 14.13511904761905]","[49.2, 32.300000000000004, 33.6, 31.200000000000003, 35.800000000000004, 38.6, 39.2, 38.900000000000006, 32.800000000000004, 33.6]"
ga,16,4,16.58066581344788,33.559999999999995,107.0,1.7547134324954956,4.7,13.110714285714284,22.586666666666666,9.475952380952382,True,0.0,hospital_corridor,28,12,"[11, 29, 47, 53, 61, 73, 89, 97, 101, 109]","[3.41309737991309, 3.3467216153088515, 0.9701733408171284, 0.5, 1.0]","{""time"": 0.0, ""collisions"": 0.05, ""congestion"": 1.0, ""fairness"": 1.0, ""incomplete_base"": 1000.0, ""incomplete_agent"": 10.0}","[23.621279761904766, 11.127021129995406, 13.807689832689832, 23.628023006955594, 9.236051212938005, 15.046413406126785, 16.935852713178292, 20.660839598997498, 18.01738517892364, 13.72610229276896]","[32.0, 31.1, 29.6, 44.5, 26.5, 31.400000000000002, 34.4, 39.900000000000006, 33.800000000000004, 32.4]"
ga,16,5,23.625480091169933,34.78,241.1,1.6472658054556473,5.2,13.059285714285716,22.982500000000005,9.923214285714286,True,0.0,hospital_corridor,28,12,"[11, 29, 47, 53, 61, 73, 89, 97, 101, 109]","[2.8989484584032468, 2.5421412812273543, 0.9167451169467221, 0.5, 1.0]","{""time"": 0.0, ""collisions"": 0.05, ""congestion"": 1.0, ""fairness"": 1.0, ""incomplete_base"": 1000.0, ""incomplete_agent"": 10.0}","[46.10413238593868, 12.130860805860808, 19.741504854368934, 35.03919047619048, 13.19491341991342, 21.52321428571429, 25.706858802502232, 26.376585485452765, 22.501453855878633, 13.93608653987911]","[38.2, 31.200000000000003, 30.900000000000002, 37.5, 30.8, 32.0, 37.300000000000004, 43.7, 33.9, 32.300000000000004]"
ga,16,6,14.621453852788884,32.88,59.0,1.8002633765984055,5.3,12.784642857142858,22.655833333333334,9.871190476190478,True,0.0,hospital_corridor,28,12,"[11, 29, 47, 53, 61, 73, 89, 97, 101, 109]","[2.8520416708749874, 3.2954928497769513, 0.9126820733028418, 0.5, 1.0]","{""time"": 0.0, ""collisions"": 0.05, ""congestion"": 1.0, ""fairness"": 1.0, ""incomplete_base"": 1000.0, ""incomplete_agent"": 10.0}","[18.160353130016052, 10.149842271293377, 12.361919689505896, 15.150216450216451, 9.100545256270447, 15.47843300110742, 15.329471544715446, 20.97549261083744, 14.297136829415312, 15.211127744510978]","[35.6, 31.700000000000003, 31.900000000000002, 30.8, 26.200000000000003, 30.1, 36.9, 40.6, 31.6, 33.4]"
ga,16,7,15.84015131120952,36.68,68.0,1.7045560731142797,5.0,13.866071428571427,24.601666666666667,10.73559523809524,True,0.0,hospital_corridor,28,12,"[11, 29, 47, 53, 61, 73, 89, 97, 101, 109]","[2.8283928691961755, 3.3246544323176144, 0.9525302910748, 0.5, 1.0]","{""time"": 0.0, ""collisions"": 0.05, ""congestion"": 1.0, ""fairness"": 1.0, ""incomplete_base"": 1000.0, ""incomplete_agent"": 10.0}","[21.156577885391442, 15.723741819002484, 13.41074745687749, 16.722990449661758, 8.344329334787352, 17.65930735930736, 14.647077922077923, 21.340902629708598, 15.21597283085013, 14.179865424430641]","[41.300000000000004, 42.2, 32.300000000000004, 35.9, 26.200000000000003, 33.0, 39.6, 46.900000000000006, 32.6, 36.800000000000004]"
ga,16,8,15.312803230707349,36.00000000000001,76.6,1.6188746592787762,4.9,13.35107142857143,23.215000000000003,9.863928571428572,True,0.0,hospital_corridor,28,12,"[11, 29, 47, 53, 61, 73, 89, 97, 101, 109]","[2.781157082120788, 3.2929742484219675, 0.9082199922277996, 0.5, 1.0]","{""time"": 0.0, ""collisions"": 0.05, ""congestion"": 1.0, ""fairness"": 1.0, ""incomplete_base"": 1000.0, ""incomplete_agent"": 10.0}","[22.892605474493838, 14.040437788018433, 12.742587601078167, 16.881173725771713, 8.51954887218045, 14.905823680823683, 15.314663256606991, 15.497222222222224, 15.864429455992923, 16.46954022988506]","[42.1, 43.400000000000006, 31.8, 39.800000000000004, 26.6, 29.6, 39.1, 40.5, 32.300000000000004, 34.800000000000004]"
ga,16,9,14.368320396536522,34.650000000000006,54.8,1.683677539393664,4.7,13.087857142857143,23.032500000000002,9.944642857142856,True,0.0,hospital_corridor,28,12,"[11, 29, 47, 53, 61, 73, 89, 97, 101, 109]","[2.7834407900121603, 3.3043316945575345, 0.9140871685076414, 0.5, 1.0]","{""time"": 0.0, ""collisions"": 0.05, ""congestion"": 1.0, ""fairness"": 1.0, ""incomplete_base"": 1000.0, ""incomplete_agent"": 10.0}","[21.22725204731574, 10.220548654244306, 12.099110910186862, 15.799797843665768, 9.061169847000173, 14.15030454042082, 16.412545787545785, 16.15373134328358, 15.22791208791209, 13.330830903790087]","[47.1, 32.2, 31.6, 31.8, 27.700000000000003, 30.1, 39.0, 40.2, 32.5, 34.300000000000004]"
ga,16,10,27.203805593500356,31.74,325.1,1.7646389268336873,5.4,12.072500000000002,21.256666666666668,9.184166666666668,True,0.0,hospital_corridor,28,12,"[11, 29, 47, 53, 61, 73, 89, 97, 101, 109]","[3.0826273878785178, 3.5804212688294923, 0.7884528048905134, 0.5, 1.0]","{""time"": 0.0, ""collisions"": 0.05, ""congestion"": 1.0, ""fairness"": 1.0, ""incomplete_base"": 1000.0, ""incomplete_agent"": 10.0}","[45.73634945991176, 16.751666666666665, 17.07908163265306, 34.446901500326156, 19.60966223698782, 21.78074912891986, 25.664285714285718, 24.86161518661519, 42.83630795326046, 23.271436455376858]","[31.3, 30.0, 29.400000000000002, 29.200000000000003, 30.1, 28.700000000000003, 33.6, 37.0, 37.9, 30.200000000000003]"
ga,16,11,19.71541586831429,33.230000000000004,165.1,1.686725392123813,5.2,12.744642857142859,22.518333333333338,9.773690476190477,True,0.0,hospital_corridor,28,12,"[11, 29, 47, 53, 61, 73, 89, 97, 101, 109]","[2.8539357556942178, 2.659043604410784, 0.911083825308363, 0.5, 1.0]","{""time"": 0.0, ""collisions"": 0.05, ""congestion"": 1.0, ""fairness"": 1.0, ""incomplete_base"": 1000.0, ""incomplete_agent"": 10.0}","[39.533709273182964, 12.206501831501832, 12.793492834026814, 23.117980295566507, 15.198583677844129, 16.85809523809524, 20.61564890204787, 19.571555509811997, 23.44082892416226, 13.817762196903303]","[41.800000000000004, 31.200000000000003, 30.900000000000002, 29.0, 31.1, 30.0, 38.6, 34.7, 32.4, 32.6]"
ga,16,12,1066.5498794255575,93.59,55.9,0.5894395543175487,4.0,15.111280907980909,27.276720779220785,12.165439871239872,False,5.1,hospital_corridor,28,12,"[11, 29, 47, 53, 61, 73, 89, 97, 101, 109]","[2.8605138966238033, 3.155705153397797, 1.132752733870603, 0.5, 1.0]","{""time"": 0.0, ""collisions"": 0.05, ""congestion"": 1.0, ""fairness"": 1.0, ""incomplete_base"": 1000.0, ""incomplete_agent"": 10.0}","[1059.654, 1124.9642828282829, 1056.1216363636363, 1075.3971515151516, 1080.4317142857142, 1053.3542727272727, 1035.709641025641, 1085.0333406593406, 14.12430030508025, 1080.7084545454545]","[100.0, 100.0, 100.0, 100.0, 100.0, 100.0, 100.0, 100.0, 35.9, 100.0]"
ga,16,13,14.27123725092773,32.69,62.9,1.798618203308682,5.2,13.143214285714285,22.47083333333334,9.327619047619049,True,0.0,hospital_corridor,28,12,"[11, 29, 47, 53, 61, 73, 89, 97, 101, 109]","[2.7733283880801176, 3.1959829357232223, 0.9069162361187082, 0.5, 1.0]","{""time"": 0.0, ""collisions"": 0.05, ""congestion"": 1.0, ""fairness"": 1.0, ""incomplete_base"": 1000.0, ""incomplete_agent"": 10.0}","[18.288626023657873, 9.739487870619946, 12.252529761904764, 15.350752264095824, 8.655952380952382, 14.19078073089701, 15.710256410256413, 16.10277777777778, 18.248367241633495, 14.172842047481817]","[31.400000000000002, 31.8, 32.0, 32.6, 27.0, 30.1, 39.0, 36.0, 32.300000000000004, 34.7]"
ga,16,14,163.81765042401227,32.25,3051.1,1.9870551859170162,5.8,12.22607142857143,21.501666666666665,9.275595238095239,True,0.0,hospital_corridor,28,12,"[11, 29, 47, 53, 61, 73, 89, 97, 101, 109]","[2.8996565505297163, 3.209000902653906, 0.6388530522610308, 0.5, 1.0]","{""time"": 0.0, ""collisions"": 0.05, ""congestion"": 1.0, ""fairness"": 1.0, ""incomplete_base"": 1000.0, ""incomplete_agent"": 10.0}","[189.04701159055998, 169.63045602605865, 136.74501614205002, 175.6402148664344, 149.28659905049633, 130.2667690732207, 187.61361089890502, 193.55065098546973, 159.3309837092732, 147.0651918976546]","[34.1, 30.700000000000003, 29.5, 32.800000000000004, 33.1, 27.900000000000002, 37.4, 33.1, 30.400000000000002, 33.5]"
ga,16,15,13.602771501608178,35.029999999999994,42.8,1.654914358751035,4.9,13.22464285714286,23.032500000000002,9.807857142857143,True,0.0,hospital_corridor,28,12,"[11, 29, 47, 53, 61, 73, 89, 97, 101, 109]","[3.0826273878785178, 3.9675418271344345, 0.9159202420488355, 0.5, 1.0]","{""time"": 0.0, ""collisions"": 0.05, ""congestion"": 1.0, ""fairness"": 1.0, ""incomplete_base"": 1000.0, ""incomplete_agent"": 10.0}","[15.488191763191763, 10.137943262411346, 12.581211692597833, 14.265896358543419, 8.494387755102043, 14.420927903871828, 14.904461942257218, 15.94685714285714, 14.762898089171976, 15.024939106077216]","[37.0, 32.9, 30.3, 42.5, 29.400000000000002, 32.1, 38.1, 37.5, 31.400000000000002, 39.1]"
ga,16,16,1028.7331375146953,57.33,23.5,1.4153046975125558,5.2,13.535917182817183,24.67875,11.142832817182818,False,1.5,hospital_corridor,28,12,"[11, 29, 47, 53, 61, 73, 89, 97, 101, 109]","[2.8528206152460758, 3.836067199720232, 0.9883485868249317, 0.5, 1.0]","{""time"": 0.0, ""collisions"": 0.05, ""congestion"": 1.0, ""fairness"": 1.0, ""incomplete_base"": 1000.0, ""incomplete_agent"": 10.0}","[11.712492202121025, 1071.3457878787879, 12.477498927498928, 1029.820564102564, 10.338095238095239, 1082.8365, 16.94376456876457, 17.84634646962233, 16.292123287671235, 17.718202471828427]","[45.800000000000004, 100.0, 33.300000000000004, 100.0, 32.0, 100.0, 42.900000000000006, 43.5, 36.5, 39.300000000000004]"
ga,16,17,16.72372062716572,36.980000000000004,78.9,1.7627682462133394,5.4,13.560714285714287,24.576666666666664,11.015952380952381,True,0.0,hospital_corridor,28,12,"[11, 29, 47, 53, 61, 73, 89, 97, 101, 109]","[2.701867146612965, 3.326307069423915, 0.9123849060855939, 0.5, 1.0]","{""time"": 0.0, ""collisions"": 0.05, ""congestion"": 1.0, ""fairness"": 1.0, ""incomplete_base"": 1000.0, ""incomplete_agent"": 10.0}","[31.334803611023126, 9.648562443845464, 12.546301925025329, 16.255674232309747, 9.462546335899631, 14.970670995670996, 17.274642857142858, 21.70826330532213, 16.428505897771952, 17.60723466764598]","[45.1, 31.8, 32.9, 32.1, 33.4, 31.900000000000002, 40.0, 51.0, 32.7, 38.900000000000006]"
ga,16,18,1181.1636651200965,100.0,4.7,0.381,3.6,13.855057102125599,26.402722222222224,12.547665120096623,False,16.8,hospital_corridor,28,12,"[11, 29, 47, 53, 61, 73, 89, 97, 101, 109]","[3.116917500881791, 4.7803146611470115, 1.6254242169023674, 0.5, 1.0]","{""time"": 0.0, ""collisions"": 0.05, ""congestion"": 1.0, ""fairness"": 1.0, ""incomplete_base"": 1000.0, ""incomplete_agent"": 10.0}","[1150.6065490196079, 1172.4274285714287, 1201.8126923076923, 1170.9054285714285, 1169.9654166666667, 1170.169052631579, 1136.5353976608187, 1187.8542156862745, 1187.7937777777777, 1263.5666923076924]","[100.0, 100.0, 100.0, 100.0, 100.0, 100.0, 100.0, 100.0, 100.0, 100.0]"
ga,16,19,15.898483922984326,36.10000000000001,70.5,1.6905077325081337,5.3,13.310357142857143,23.993333333333332,10.682976190476191,True,0.0,hospital_corridor,28,12,"[11, 29, 47, 53, 61, 73, 89, 97, 101, 109]","[2.875313846011663, 3.408113846025285, 0.9110276163479945, 0.5, 1.0]","{""time"": 0.0, ""collisions"": 0.05, ""congestion"": 1.0, ""fairness"": 1.0, ""incomplete_base"": 1000.0, ""incomplete_agent"": 10.0}","[29.694693464430312, 9.976806369235392, 12.644078641228479, 18.894993692841375, 9.167083107007063, 14.73768115942029, 16.344548872180454, 18.37997835497836, 14.677555168408826, 14.46742040011271]","[49.400000000000006, 31.700000000000003, 30.700000000000003, 45.300000000000004, 26.3, 34.5, 38.0, 38.5, 32.800000000000004, 33.800000000000004]"
ga,16,20,14.57515592681429,35.45,48.1,1.7302749744333366,4.8,13.411785714285717,23.85166666666667,10.439880952380953,True,0.0,hospital_corridor,28,12,"[11, 29, 47, 53, 61, 73, 89, 97, 101, 109]","[2.744631896383563, 3.555830798290034, 0.9052552912169503, 0.5, 1.0]","{""time"": 0.0, ""collisions"": 0.05, ""congestion"": 1.0, ""fairness"": 1.0, ""incomplete_base"": 1000.0, ""incomplete_agent"": 10.0}","[18.696565336317292, 10.993218806509947, 15.187260792167335, 14.551491862567813, 12.410351966873709, 15.526428571428575, 14.951629072681705, 14.813809523809528, 13.983311489733511, 14.637491846053493]","[38.300000000000004, 31.6, 32.1, 31.6, 36.800000000000004, 35.0, 39.900000000000006, 40.0, 32.7, 36.5]"
ga,16,21,15.216320752471002,34.41000000000001,58.7,1.8714398000900492,5.3,13.276785714285714,23.68666666666667,10.409880952380954,True,0.0,hospital_corridor,28,12,"[11, 29, 47, 53, 61, 73, 89, 97, 101, 109]","[2.8995789078274252, 3.8621115272991178, 0.9050015245207599, 0.5, 1.0]","{""time"": 0.0, ""collisions"": 0.05, ""congestion"": 1.0, ""fairness"": 1.0, ""incomplete_base"": 1000.0, ""incomplete_agent"": 10.0}","[25.325503018108655, 15.305357142857144, 12.865476190476192, 15.767255216693421, 8.611193212917353, 15.177088948787063, 15.311413251627728, 15.161665423349497, 15.957941531042799, 12.680313588850176]","[42.6, 36.800000000000004, 31.200000000000003, 35.6, 26.1, 31.8, 37.300000000000004, 38.300000000000004, 31.6, 32.800000000000004]"
ga,16,22,18.76284268650128,34.980000000000004,154.6,1.722485543644137,5.2,12.82214285714286,22.1325,9.310357142857143,True,0.0,hospital_corridor,28,12,"[11, 29, 47, 53, 61, 73, 89, 97, 101, 109]","[3.493716698788613, 3.422880469381312, 0.9101412265677642, 0.5, 1.0]","{""time"": 0.0, ""collisions"": 0.05, ""congestion"": 1.0, ""fairness"": 1.0, ""incomplete_base"": 1000.0, ""incomplete_agent"": 10.0}","[44.06840411840412, 15.82914122914123, 16.14992673992674, 24.61658986175115, 10.380612244897957, 14.367309276651838, 15.171778711484595, 16.403459503459505, 14.94640499764262, 15.694800181653044]","[44.400000000000006, 35.1, 32.5, 43.400000000000006, 29.400000000000002, 28.900000000000002, 34.0, 35.1, 30.3, 36.7]"
ga,16,23,14.33458288687565,33.22,68.2,1.6692257440185077,4.9,13.05214285714286,22.307499999999997,9.255357142857141,True,0.0,hospital_corridor,28,12,"[11, 29, 47, 53, 61, 73, 89, 97, 101, 109]","[2.9338625733262385, 3.4463959420927184, 0.9055448656093382, 0.5, 1.0]","{""time"": 0.0, ""collisions"": 0.05, ""congestion"": 1.0, ""fairness"": 1.0, ""incomplete_base"": 1000.0, ""incomplete_agent"": 10.0}","[23.80061728395062, 10.092670774380037, 12.67515664160401, 12.658666117743927, 8.820238095238093, 14.973809523809525, 15.494444444444445, 14.548844631686457, 15.537076429317807, 14.744304926581584]","[40.5, 31.3, 30.400000000000002, 34.7, 26.0, 29.400000000000002, 36.0, 37.300000000000004, 31.900000000000002, 34.7]"
ga,17,0,13.602771501608178,35.029999999999994,42.8,1.654914358751035,4.9,13.22464285714286,23.032500000000002,9.807857142857143,True,0.0,hospital_corridor,28,12,"[11, 29, 47, 53, 61, 73, 89, 97, 101, 109]","[3.0826273878785178, 3.9675418271344345, 0.9159202420488355, 0.5, 1.0]","{""time"": 0.0, ""collisions"": 0.05, ""congestion"": 1.0, ""fairness"": 1.0, ""incomplete_base"": 1000.0, ""incomplete_agent"": 10.0}","[15.488191763191763, 10.137943262411346, 12.581211692597833, 14.265896358543419, 8.494387755102043, 14.420927903871828, 14.904461942257218, 15.94685714285714, 14.762898089171976, 15.024939106077216]","[37.0, 32.9, 30.3, 42.5, 29.400000000000002, 32.1, 38.1, 37.5, 31.400000000000002, 39.1]"
ga,17,1,13.602771501608178,35.029999999999994,42.8,1.654914358751035,4.9,13.22464285714286,23.032500000000002,9.807857142857143,True,0.0,hospital_corridor,28,12,"[11, 29, 47, 53, 61, 73, 89, 97, 101, 109]","[3.0826273878785178, 3.9675418271344345, 0.9159202420488355, 0.5, 1.0]","{""time"": 0.0, ""collisions"": 0.05, ""congestion"": 1.0, ""fairness"": 1.0, ""incomplete_base"": 1000.0, ""incomplete_agent"": 10.0}","[15.488191763191763, 10.137943262411346, 12.581211692597833, 14.265896358543419, 8.494387755102043, 14.420927903871828, 14.904461942257218, 15.94685714285714, 14.762898089171976, 15.024939106077216]","[37.0, 32.9, 30.3, 42.5, 29.400000000000002, 32.1, 38.1, 37.5, 31.400000000000002, 39.1]"
ga,17,2,14.14120262645401,36.11999999999999,47.5,1.6782264359778167,4.9,13.677857142857144,23.765833333333333,10.087976190476192,True,0.0,hospital_corridor,28,12,"[11, 29, 47, 53, 61, 73, 89, 97, 101, 109]","[2.7541581762135463, 3.426716737418971, 0.9516412671723953, 0.5, 1.0]","{""time"": 0.0, ""collisions"": 0.05, ""congestion"": 1.0, ""fairness"": 1.0, ""incomplete_base"": 1000.0, ""incomplete_agent"": 10.0}","[13.98125, 9.920002145002147, 13.781547619047618, 14.302232142857143, 7.944312169312168, 16.683928571428574, 15.815145985401458, 17.452747252747255, 17.246474996683915, 14.284385382059803]","[44.800000000000004, 33.300000000000004, 33.6, 32.0, 27.0, 33.6, 41.1, 45.5, 35.9, 34.4]"
ga,17,3,15.196426533865788,35.410000000000004,65.6,1.8554741529134056,5.3,13.710714285714285,23.77166666666667,10.060952380952383,True,0.0,hospital_corridor,28,12,"[11, 29, 47, 53, 61, 73, 89, 97, 101, 109]","[2.773914510182177, 3.4334457554285973, 0.9082084817835534, 0.5, 1.0]","{""time"": 0.0, ""collisions"": 0.05, ""congestion"": 1.0, ""fairness"": 1.0, ""incomplete_base"": 1000.0, ""incomplete_agent"": 10.0}","[26.344894829097285, 15.408415199890847, 13.489578754578755, 11.580010082208778, 8.040646258503402, 13.235797342192692, 16.263602654176424, 18.637384643779995, 15.316456582633053, 13.647478991596639]","[48.900000000000006, 34.9, 32.5, 30.700000000000003, 29.400000000000002, 34.4, 36.6, 38.7, 34.0, 34.0]"
ga,17,4,16.50137055708002,38.93,82.0,1.6975610332704938,4.6,14.627857142857144,25.331666666666667,10.703809523809525,True,0.0,hospital_corridor,28,12,"[11, 29, 47, 53, 61, 73, 89, 97, 101, 109]","[2.8283928691961755, 3.3246544323176144, 0.9703012475241087, 0.5, 1.0]","{""time"": 0.0, ""collisions"": 0.05, ""congestion"": 1.0, ""fairness"": 1.0, ""incomplete_base"": 1000.0, ""incomplete_agent"": 10.0}","[26.559715821812595, 16.02654761904762, 21.850727826675694, 14.842293233082707, 6.531616832779623, 17.067085848423876, 14.712025316455698, 18.113389788905256, 13.87367863375717, 15.436624649859944]","[49.6, 40.0, 42.2, 38.0, 30.1, 35.5, 39.5, 38.800000000000004, 38.2, 37.4]"
ga,17,5,13.602771501608178,35.029999999999994,42.8,1.654914358751035,4.9,13.22464285714286,23.032500000000002,9.807857142857143,True,0.0,hospital_corridor,28,12,"[11, 29, 47, 53, 61, 73, 89, 97, 101, 109]","[3.0826273878785178, 3.9675418271344345, 0.9159202420488355, 0.5, 1.0]","{""time"": 0.0, ""collisions"": 0.05, ""congestion"": 1.0, ""fairness"": 1.0, ""incomplete_base"": 1000.0, ""incomplete_agent"": 10.0}","[15.488191763191763, 10.137943262411346, 12.581211692597833, 14.265896358543419, 8.494387755102043, 14.420927903871828, 14.904461942257218, 15.94685714285714, 14.762898089171976, 15.024939106077216]","[37.0, 32.9, 30.3, 42.5, 29.400000000000002, 32.1, 38.1, 37.5, 31.400000000000002, 39.1]"
ga,17,6,19.05813915808046,32.980000000000004,168.3,1.8240915390328414,5.3,13.019285714285715,21.83833333333333,8.81904761904762,True,0.0,hospital_corridor,28,12,"[11, 29, 47, 53, 61, 73, 89, 97, 101, 109]","[3.3722665381002184, 3.2929742484219675, 0.9082199922277996, 0.5, 1.0]","{""time"": 0.0, ""collisions"": 0.05, ""congestion"": 1.0, ""fairness"": 1.0, ""incomplete_base"": 1000.0, ""incomplete_agent"": 10.0}","[42.59920091324201, 15.272932330827068, 17.646884498480247, 20.4352493660186, 11.453651326302332, 14.185714285714287, 18.627473052258154, 19.170626822157438, 17.532604312083137, 13.657054673721342]","[36.5, 34.2, 32.9, 33.800000000000004, 29.8, 30.3, 34.9, 34.300000000000004, 30.700000000000003, 32.4]"
ga,17,7,1040.021318525659,82.83000000000001,13.5,0.7974621103349809,4.2,14.993795099827707,28.542651515151515,13.548856415323806,False,2.5,hospital_corridor,28,12,"[11, 29, 47, 53, 61, 73, 89, 97, 101, 109]","[2.2603568829767013, 3.748342326717, 0.992679910103258, 0.5, 1.0]","{""time"": 0.0, ""collisions"": 0.05, ""congestion"": 1.0, ""fairness"": 1.0, ""incomplete_base"": 1000.0, ""incomplete_agent"": 10.0}","[1032.176358974359, 1073.5369090909091, 14.097807017543857, 1048.2681666666667, 1073.6587075098814, 17.362704827889587, 1038.4698717948718, 1041.0722857142857, 13.223156876963985, 1048.3472167832167]","[100.0, 100.0, 45.6, 100.0, 100.0, 43.300000000000004, 100.0, 100.0, 39.400000000000006, 100.0]"
ga,17,8,175.46608701700595,34.78,3267.4,1.9227536836725996,6.0,12.9375,23.110833333333336,10.173333333333334,True,0.0,hospital_corridor,28,12,"[11, 29, 47, 53, 61, 73, 89, 97, 101, 109]","[2.4888648312660586, 3.5511314035327204, 0.6488272580488513, 0.5, 1.0]","{""time"": 0.0, ""collisions"": 0.05, ""congestion"": 1.0, ""fairness"": 1.0, ""incomplete_base"": 1000.0, ""incomplete_agent"": 10.0}","[216.0607142857143, 174.70070520876973, 140.47750985744617, 183.00925129087784, 160.58690476190478, 140.27800532800535, 182.2649401645475, 228.14040880503146, 162.45254951538135, 166.68988095238097]","[39.2, 34.1, 31.400000000000002, 33.2, 30.0, 28.6, 38.2, 42.400000000000006, 33.9, 36.800000000000004]"
ga,17,9,16.054131763683753,41.720000000000006,46.3,1.9623460493980365,5.1,13.990714285714287,25.767500000000002,11.776785714285715,True,0.0,hospital_corridor,28,12,"[11, 29, 47, 53, 61, 73, 89, 97, 101, 109]","[2.77482570614338, 3.536984387195579, 0.9369626639096131, 0.5, 1.0]","{""time"": 0.0, ""collisions"": 0.05, ""congestion"": 1.0, ""fairness"": 1.0, ""incomplete_base"": 1000.0, ""incomplete_agent"": 10.0}","[15.13917305092384, 20.527721088435374, 12.733068783068784, 18.4872816032888, 7.771888829881398, 26.546240430777218, 16.389010989010988, 14.296498599439774, 15.137487411883184, 13.512946850128156]","[31.700000000000003, 49.0, 32.4, 55.6, 26.900000000000002, 73.4, 39.0, 40.800000000000004, 33.1, 35.300000000000004]"
ga,17,10,13.532589085517184,33.58,47.4,1.6779462283743272,5.2,12.947857142857142,22.4325,9.484642857142857,True,0.0,hospital_corridor,28,12,"[11, 29, 47, 53, 61, 73, 89, 97, 101, 109]","[2.984044080147786, 3.5382488879038068, 0.9128435819332832, 0.5, 1.0]","{""time"": 0.0, ""collisions"": 0.05, ""congestion"": 1.0, ""fairness"": 1.0, ""incomplete_base"": 1000.0, ""incomplete_agent"": 10.0}","[18.36050903119869, 9.528473786991137, 12.07396263971827, 11.03531613314222, 8.75770388615216, 15.95537054049916, 15.217096219931275, 15.049294532627867, 16.079116465863457, 13.26904761904762]","[40.6, 31.700000000000003, 31.1, 29.900000000000002, 26.1, 31.1, 38.800000000000004, 40.5, 33.2, 32.800000000000004]"
ga,17,11,14.38806821498159,35.230000000000004,52.3,1.689258691172067,5.3,13.345357142857143,23.429166666666667,10.083809523809524,True,0.0,hospital_corridor,28,12,"[11, 29, 47, 53, 61, 73, 89, 97, 101, 109]","[3.0324458810569705, 3.8756888813233457, 0.9086215257248904, 0.5, 1.0]","{""time"": 0.0, ""collisions"": 0.05, ""congestion"": 1.0, ""fairness"": 1.0, ""incomplete_base"": 1000.0, ""incomplete_agent"": 10.0}","[17.305059523809526, 13.968376928236085, 13.016190476190475, 19.636046511627907, 10.573587570621468, 12.611323366555927, 14.672484276729561, 16.264529433820773, 13.548764027904154, 12.284320034320034]","[38.400000000000006, 35.5, 30.0, 43.0, 35.4, 30.1, 37.1, 38.1, 31.400000000000002, 33.300000000000004]"
ga,17,12,15.076960332094298,41.36,22.4,1.6330317606657268,5.0,15.13857142857143,27.4625,12.323928571428572,True,0.0,hospital_corridor,28,12,"[11, 29, 47, 53, 61, 73, 89, 97, 101, 109]","[2.263510735501371, 4.336104628485845, 0.9111717525701171, 0.5, 1.0]","{""time"": 0.0, ""collisions"": 0.05, ""congestion"": 1.0, ""fairness"": 1.0, ""incomplete_base"": 1000.0, ""incomplete_agent"": 10.0}","[13.60872460872461, 12.635522273425499, 14.17364771151179, 11.519969278033793, 13.556271777003484, 14.166534391534391, 16.90414738249512, 22.36439393939394, 14.705087789305669, 17.135304169514697]","[42.900000000000006, 37.2, 41.2, 43.400000000000006, 41.0, 37.800000000000004, 46.300000000000004, 46.2, 35.800000000000004, 41.800000000000004]"
ga,17,13,1081.1363095093905,100.0,35.3,0.483,4.0,14.270811702730697,26.159121212121214,11.888309509390519,False,6.7,hospital_corridor,28,12,"[11, 29, 47, 53, 61, 73, 89, 97, 101, 109]","[3.1982204628492505, 3.6727849535786445, 1.1322395057650358, 0.5, 1.0]","{""time"": 0.0, ""collisions"": 0.05, ""congestion"": 1.0, ""fairness"": 1.0, ""incomplete_base"": 1000.0, ""incomplete_agent"": 10.0}","[1073.1326245059288, 1124.6633535353535, 1091.9932727272728, 1094.8627532467533, 1122.2973157894737, 1055.1735454545455, 1086.546, 1038.605, 1029.9216936026935, 1094.167536231884]","[100.0, 100.0, 100.0, 100.0, 100.0, 100.0, 100.0, 100.0, 100.0, 100.0]"
ga,17,14,15.584546970501508,34.84,75.5,1.7681183990729359,5.3,13.218571428571428,23.26,10.041428571428572,True,0.0,hospital_corridor,28,12,"[11, 29, 47, 53, 61, 73, 89, 97, 101, 109]","[2.8138592686404924, 3.3514945005540002, 0.9153529552723113, 0.5, 1.0]","{""time"": 0.0, ""collisions"": 0.05, ""congestion"": 1.0, ""fairness"": 1.0, ""incomplete_base"": 1000.0, ""incomplete_agent"": 10.0}","[26.52179115300943, 10.41120316465144, 13.049193548387098, 12.99787275565964, 11.4, 14.563930936613058, 16.38828320802005, 21.574484719260838, 13.751261829652996, 15.18744838976053]","[39.400000000000006, 31.900000000000002, 31.0, 30.5, 39.0, 30.200000000000003, 39.900000000000006, 40.2, 31.700000000000003, 34.6]"
ga,17,15,1132.7043513401422,100.0,46.9,0.4408,3.8,14.401144186553338,26.31969552669553,11.918551340142187,False,11.8,hospital_corridor,28,12,"[11, 29, 47, 53, 61, 73, 89, 97, 101, 109]","[2.7999936593304113, 3.71170910477808, 1.2786685546382324, 0.5, 1.0]","{""time"": 0.0, ""collisions"": 0.05, ""congestion"": 1.0, ""fairness"": 1.0, ""incomplete_base"": 1000.0, ""incomplete_agent"": 10.0}","[1121.6694736842105, 1155.166606060606, 1113.188634920635, 1125.744192982456, 1128.9693918128655, 1111.7426583850931, 1087.742, 1186.518, 1072.6685555555555, 1223.634]","[100.0, 100.0, 100.0, 100.0, 100.0, 100.0, 100.0, 100.0, 100.0, 100.0]"
ga,17,16,13.309777262420713,35.42,46.5,1.5550153576588075,5.1,13.018571428571429,22.448333333333338,9.429761904761905,True,0.0,hospital_corridor,28,12,"[11, 29, 47, 53, 61, 73, 89, 97, 101, 109]","[2.857005236689565, 3.5071332900702807, 0.9146772903675795, 0.5, 1.0]","{""time"": 0.0, ""collisions"": 0.05, ""congestion"": 1.0, ""fairness"": 1.0, ""incomplete_base"": 1000.0, ""incomplete_agent"": 10.0}","[16.269869215291752, 10.01454161103694, 12.287268729147712, 13.7660469667319, 7.822540841153979, 13.312373737373738, 15.807225300092338, 14.538155515370708, 15.844720767888308, 13.435029940119762]","[42.6, 32.1, 31.400000000000002, 43.800000000000004, 27.400000000000002, 29.700000000000003, 36.1, 39.5, 38.2, 33.4]"
ga,17,17,13.916566551954638,33.43,59.8,1.6743046471927314,5.3,12.92607142857143,22.178333333333335,9.252261904761905,True,0.0,hospital_corridor,28,12,"[11, 29, 47, 53, 61, 73, 89, 97, 101, 109]","[2.907269474595417, 3.4500222419109834, 0.9084849502103469, 0.5, 1.0]","{""time"": 0.0, ""collisions"": 0.05, ""congestion"": 1.0, ""fairness"": 1.0, ""incomplete_base"": 1000.0, ""incomplete_agent"": 10.0}","[20.070344560588467, 9.549110910186862, 12.578982472467816, 11.621105730427765, 8.509214830970556, 14.869513457556936, 15.656029185867899, 15.21791153009427, 15.466996336996338, 15.626456504389466]","[36.9, 31.6, 30.700000000000003, 29.5, 26.200000000000003, 34.5, 37.2, 39.400000000000006, 32.5, 35.800000000000004]"
ga,17,18,13.323801479748429,35.730000000000004,34.1,1.779991955938905,5.6,14.027857142857144,23.866666666666667,9.838809523809523,True,0.0,hospital_corridor,28,12,"[11, 29, 47, 53, 61, 73, 89, 97, 101, 109]","[2.6862657755555666, 3.848778110047715, 0.9156334466806547, 0.5, 1.0]","{""time"": 0.0, ""collisions"": 0.05, ""congestion"": 1.0, ""fairness"": 1.0, ""incomplete_base"": 1000.0, ""incomplete_agent"": 10.0}","[11.9562730249693, 14.084536146064643, 12.257230231542158, 11.182193923145668, 8.936673773987206, 17.225606231938684, 14.160650672482735, 16.098618829682906, 13.376858304297329, 13.95937365937366]","[34.9, 38.6, 32.7, 37.300000000000004, 26.8, 37.9, 39.300000000000004, 43.7, 32.800000000000004, 33.300000000000004]"
ga,17,19,12.795707145633738,33.92,35.3,1.714397621824213,5.4,13.075357142857143,22.39166666666667,9.316309523809526,True,0.0,hospital_corridor,28,12,"[11, 29, 47, 53, 61, 73, 89, 97, 101, 109]","[3.017523588299083, 3.8671060438037195, 0.9101635433675922, 0.5, 1.0]","{""time"": 0.0, ""collisions"": 0.05, ""congestion"": 1.0, ""fairness"": 1.0, ""incomplete_base"": 1000.0, ""incomplete_agent"": 10.0}","[11.736083743842366, 10.64715629198388, 12.066915836101881, 13.04391853126793, 8.243816008893832, 12.670173745173747, 16.258730158730163, 15.291889880952382, 15.147221078633182, 12.851166180758018]","[43.5, 31.900000000000002, 30.1, 33.2, 25.700000000000003, 29.6, 37.800000000000004, 38.400000000000006, 34.7, 34.300000000000004]"
ga,17,20,15.215947472632564,36.290000000000006,51.4,1.8380903297754205,5.2,13.182142857142859,23.990000000000002,10.807857142857143,True,0.0,hospital_corridor,28,12,"[11, 29, 47, 53, 61, 73, 89, 97, 101, 109]","[3.0638884876853987, 3.9019440214687178, 0.9137544561873774, 0.5, 1.0]","{""time"": 0.0, ""collisions"": 0.05, ""congestion"": 1.0, ""fairness"": 1.0, ""incomplete_base"": 1000.0, ""incomplete_agent"": 10.0}","[27.78078715471954, 16.755837173579113, 12.637312030075188, 11.2875, 11.069439856867604, 12.947643097643098, 14.503027746531686, 15.838352638352635, 15.146790235081376, 14.192784793475404]","[56.2, 40.300000000000004, 30.400000000000002, 28.8, 34.6, 29.700000000000003, 38.1, 37.0, 31.6, 36.2]"
ga,17,21,14.884943217545102,38.17,40.3,1.7833955984974819,5.1,14.146785714285716,25.23333333333333,11.08654761904762,True,0.0,hospital_corridor,28,12,"[11, 29, 47, 53, 61, 73, 89, 97, 101, 109]","[2.639900876169251, 3.813940132382717, 0.9120425338608695, 0.5, 1.0]","{""time"": 0.0, ""collisions"": 0.05, ""congestion"": 1.0, ""fairness"": 1.0, ""incomplete_base"": 1000.0, ""incomplete_agent"": 10.0}","[19.382683173019835, 18.556364562118127, 12.562950058072012, 15.605575539568349, 9.036904761904761, 15.215674062540547, 14.299777853725223, 15.514285714285712, 15.210790679908328, 13.464425770308125]","[40.1, 49.1, 32.800000000000004, 41.7, 27.6, 36.7, 41.800000000000004, 40.5, 37.4, 34.0]"
ga,17,22,15.84015131120952,36.68,68.0,1.7045560731142797,5.0,13.866071428571427,24.601666666666667,10.73559523809524,True,0.0,hospital_corridor,28,12,"[11, 29, 47, 53, 61, 73, 89, 97, 101, 109]","[2.8283928691961755, 3.3246544323176144, 0.9525302910748, 0.5, 1.0]","{""time"": 0.0, ""collisions"": 0.05, ""congestion"": 1.0, ""fairness"": 1.0, ""incomplete_base"": 1000.0, ""incomplete_agent"": 10.0}","[21.156577885391442, 15.723741819002484, 13.41074745687749, 16.722990449661758, 8.344329334787352, 17.65930735930736, 14.647077922077923, 21.340902629708598, 15.21597283085013, 14.179865424430641]","[41.300000000000004, 42.2, 32.300000000000004, 35.9, 26.200000000000003, 33.0, 39.6, 46.900000000000006, 32.6, 36.800000000000004]"
ga,17,23,13.602771501608178,35.029999999999994,42.8,1.654914358751035,4.9,13.22464285714286,23.032500000000002,9.807857142857143,True,0.0,hospital_corridor,28,12,"[11, 29, 47, 53, 61, 73, 89, 97, 101, 109]","[3.0826273878785178, 3.9675418271344345, 0.9159202420488355, 0.5, 1.0]","{""time"": 0.0, ""collisions"": 0.05, ""congestion"": 1.0, ""fairness"": 1.0, ""incomplete_base"": 1000.0, ""incomplete_agent"": 10.0}","[15.488191763191763, 10.137943262411346, 12.581211692597833, 14.265896358543419, 8.494387755102043, 14.420927903871828, 14.904461942257218, 15.94685714285714, 14.762898089171976, 15.024939106077216]","[37.0, 32.9, 30.3, 42.5, 29.400000000000002, 32.1, 38.1, 37.5, 31.400000000000002, 39.1]"
ga,18,0,12.795707145633738,33.92,35.3,1.714397621824213,5.4,13.075357142857143,22.39166666666667,9.316309523809526,True,0.0,hospital_corridor,28,12,"[11, 29, 47, 53, 61, 73, 89, 97, 101, 109]","[3.017523588299083, 3.8671060438037195, 0.9101635433675922, 0.5, 1.0]","{""time"": 0.0, ""collisions"": 0.05, ""congestion"": 1.0, ""fairness"": 1.0, ""incomplete_base"": 1000.0, ""incomplete_agent"": 10.0}","[11.736083743842366, 10.64715629198388, 12.066915836101881, 13.04391853126793, 8.243816008893832, 12.670173745173747, 16.258730158730163, 15.291889880952382, 15.147221078633182, 12.851166180758018]","[43.5, 31.900000000000002, 30.1, 33.2, 25.700000000000003, 29.6, 37.800000000000004, 38.400000000000006, 34.7, 34.300000000000004]"
ga,18,1,13.309777262420713,35.42,46.5,1.5550153576588075,5.1,13.018571428571429,22.448333333333338,9.429761904761905,True,0.0,hospital_corridor,28,12,"[11, 29, 47, 53, 61, 73, 89, 97, 101, 109]","[2.857005236689565, 3.5071332900702807, 0.9146772903675795, 0.5, 1.0]","{""time"": 0.0, ""collisions"": 0.05, ""congestion"": 1.0, ""fairness"": 1.0, ""incomplete_base"": 1000.0, ""incomplete_agent"": 10.0}","[16.269869215291752, 10.01454161103694, 12.287268729147712, 13.7660469667319, 7.822540841153979, 13.312373737373738, 15.807225300092338, 14.538155515370708, 15.844720767888308, 13.435029940119762]","[42.6, 32.1, 31.400000000000002, 43.800000000000004, 27.400000000000002, 29.700000000000003, 36.1, 39.5, 38.2, 33.4]"
ga,18,2,1095.871748041394,100.0,22.2,0.5044,4.1,14.192654844608736,25.45000288600289,11.257348041394154,False,8.3,hospital_corridor,28,12,"[11, 29, 47, 53, 61, 73, 89, 97, 101, 109]","[2.612760982776513, 3.5596967064849463, 1.121449554486089, 0.5, 1.0]","{""time"": 0.0, ""collisions"": 0.05, ""congestion"": 1.0, ""fairness"": 1.0, ""incomplete_base"": 1000.0, ""incomplete_agent"": 10.0}","[1074.466814229249, 1135.5785555555556, 1062.509, 1106.705, 1119.7736842105264, 1070.8276666666666, 1074.2594444444444, 1103.6615952380953, 1056.098923076923, 1154.8367969924811]","[100.0, 100.0, 100.0, 100.0, 100.0, 100.0, 100.0, 100.0, 100.0, 100.0]"
ga,18,3,14.290608231364608,34.9,54.5,1.7810844218407975,5.5,13.229642857142858,23.01416666666667,9.78452380952381,True,0.0,hospital_corridor,28,12,"[11, 29, 47, 53, 61, 73, 89, 97, 101, 109]","[2.9481410666082626, 3.6619231783973034, 0.9215997552831732, 0.5, 1.0]","{""time"": 0.0, ""collisions"": 0.05, ""congestion"": 1.0, ""fairness"": 1.0, ""incomplete_base"": 1000.0, ""incomplete_agent"": 10.0}","[21.714571694599627, 9.874977538185085, 11.87157738095238, 15.315060908084167, 8.293563280825639, 12.250394197414066, 16.72700501253133, 14.81210112911144, 19.64975803329462, 12.397073138647723]","[35.800000000000004, 31.8, 32.0, 43.0, 26.3, 30.200000000000003, 38.0, 38.800000000000004, 36.9, 36.2]"
ga,18,4,14.783901393695636,34.980000000000004,54.1,1.6386632984575384,4.9,12.933928571428572,23.374166666666667,10.440238095238097,True,0.0,hospital_corridor,28,12,"[11, 29, 47, 53, 61, 73, 89, 97, 101, 109]","[3.0128899311625146, 3.784889891635377, 0.9142354356881361, 0.5, 1.0]","{""time"": 0.0, ""collisions"": 0.05, ""congestion"": 1.0, ""fairness"": 1.0, ""incomplete_base"": 1000.0, ""incomplete_agent"": 10.0}","[18.554361150400755, 14.48397880891487, 13.230194805194806, 17.15320033250208, 11.184620334620336, 14.097054075867636, 15.47241695086523, 15.708395989974939, 15.223113207547172, 12.731678281068525]","[40.400000000000006, 39.1, 30.8, 40.1, 29.6, 29.5, 37.7, 38.0, 31.8, 32.800000000000004]"
ga,18,5,14.915106135881949,40.95,38.7,1.5390347073105195,5.1,14.361428571428572,25.802500000000002,11.44107142857143,True,0.0,hospital_corridor,28,12,"[11, 29, 47, 53, 61, 73, 89, 97, 101, 109]","[2.5079618888772424, 3.7209008234028644, 0.9145283882939825, 0.5, 1.0]","{""time"": 0.0, ""collisions"": 0.05, ""congestion"": 1.0, ""fairness"": 1.0, ""incomplete_base"": 1000.0, ""incomplete_agent"": 10.0}","[26.1185673535918, 11.002014652014655, 13.167804466919511, 11.521888053467002, 9.411847091777886, 13.918095238095239, 15.56087151841869, 18.73008455718736, 14.421702486304259, 15.298185941043084]","[81.80000000000001, 32.5, 33.9, 34.2, 28.900000000000002, 35.0, 42.400000000000006, 42.800000000000004, 33.9, 44.1]"
ga,18,6,1019.703532997534,41.260000000000005,25.7,1.5935604700614652,5.3,13.176456043956046,23.001428571428573,9.824972527472529,False,0.7,hospital_corridor,28,12,"[11, 29, 47, 53, 61, 73, 89, 97, 101, 109]","[2.7377009559429597, 3.840140462703077, 0.9146652985720616, 0.5, 1.0]","{""time"": 0.0, ""collisions"": 0.05, ""congestion"": 1.0, ""fairness"": 1.0, ""incomplete_base"": 1000.0, ""incomplete_agent"": 10.0}","[1082.3444395604395, 10.5722706155633, 12.13331872626351, 9.552649006622516, 8.514757412398922, 16.440185601799772, 17.732334869431646, 14.787955182072826, 11.869599303135889, 13.087819697611982]","[100.0, 32.800000000000004, 32.6, 30.200000000000003, 26.5, 38.1, 43.400000000000006, 42.5, 32.800000000000004, 33.7]"
ga,18,7,89.62918995021992,29.78,1567.4,1.8610947121246864,5.7,10.971071428571431,20.36916666666667,9.39809523809524,True,0.0,hospital_corridor,28,12,"[11, 29, 47, 53, 61, 73, 89, 97, 101, 109]","[3.501917804503395, 3.399073263580009, 0.7033221315633702, 0.5, 1.0]","{""time"": 0.0, ""collisions"": 0.05, ""congestion"": 1.0, ""fairness"": 1.0, ""incomplete_base"": 1000.0, ""incomplete_agent"": 10.0}","[131.96062271062272, 74.49684873949579, 56.58560606060607, 123.46481092436976, 78.64232348111659, 66.27445887445887, 77.3003814147018, 133.50271129394167, 80.88487012987014, 73.17926587301588]","[31.200000000000003, 28.900000000000002, 28.6, 27.200000000000003, 29.0, 27.5, 30.900000000000002, 38.2, 27.5, 28.8]"
ga,18,8,1020.5527434471479,43.39,46.0,1.5777342896387712,5.1,13.557609890109891,23.232619047619046,9.675009157509157,False,0.7,hospital_corridor,28,12,"[11, 29, 47, 53, 61, 73, 89, 97, 101, 109]","[3.0103417786818807, 3.9793795073797877, 0.9132165624228625, 0.5, 1.0]","{""time"": 0.0, ""collisions"": 0.05, ""congestion"": 1.0, ""fairness"": 1.0, ""incomplete_base"": 1000.0, ""incomplete_agent"": 10.0}","[22.350213219616208, 9.857539682539684, 12.734447821681862, 12.28663003663004, 1077.0144725274724, 12.910794995964487, 15.370112150653714, 15.71840255926159, 13.738069908814591, 13.546751568844595]","[46.900000000000006, 31.5, 32.9, 36.4, 100.0, 29.5, 39.7, 45.400000000000006, 32.9, 38.7]"
ga,18,9,14.487141304107574,35.86,51.1,1.6330936850599564,5.2,13.334285714285716,23.633333333333333,10.299047619047618,True,0.0,hospital_corridor,28,12,"[11, 29, 47, 53, 61, 73, 89, 97, 101, 109]","[3.056329689344423, 3.6178737381945743, 0.9444534634110892, 0.5, 1.0]","{""time"": 0.0, ""collisions"": 0.05, ""congestion"": 1.0, ""fairness"": 1.0, ""incomplete_base"": 1000.0, ""incomplete_agent"": 10.0}","[18.676566416040103, 9.742460317460317, 12.637554112554113, 17.18299319727891, 9.931286894923257, 14.073750589344648, 18.27873284907183, 15.8616211745244, 14.13652037617555, 14.349927113702625]","[41.800000000000004, 32.4, 30.8, 39.2, 36.300000000000004, 30.3, 41.300000000000004, 40.300000000000004, 31.900000000000002, 34.300000000000004]"
ga,18,10,13.880666949107876,34.32000000000001,41.1,1.665190758631685,5.4,12.762857142857143,22.923333333333336,10.160476190476192,True,0.0,hospital_corridor,28,12,"[11, 29, 47, 53, 61, 73, 89, 97, 101, 109]","[3.020425360766426, 3.8702079969266237, 0.9091775823439424, 0.5, 1.0]","{""time"": 0.0, ""collisions"": 0.05, ""congestion"": 1.0, ""fairness"": 1.0, ""incomplete_base"": 1000.0, ""incomplete_agent"": 10.0}","[16.778290870488327, 11.125332139125241, 12.673090673969266, 14.050943396226415, 8.350000000000001, 14.860986804360298, 14.857052716648019, 15.452248677248676, 15.877893309222424, 14.780830903790088]","[47.1, 31.900000000000002, 31.3, 31.8, 25.900000000000002, 33.2, 38.300000000000004, 37.800000000000004, 31.6, 34.300000000000004]"
ga,18,11,1150.0926025360072,37.040000000000006,2766.0,1.8515419299465292,6.0,11.4225,20.36356060606061,8.941060606060606,False,0.1,hospital_corridor,28,12,"[11, 29, 47, 53, 61, 73, 89, 97, 101, 109]","[3.397804603615591, 3.8725869282004415, 0.5855543248927169, 0.5, 1.0]","{""time"": 0.0, ""collisions"": 0.05, ""congestion"": 1.0, ""fairness"": 1.0, ""incomplete_base"": 1000.0, ""incomplete_agent"": 10.0}","[1181.4125584415585, 157.63966033966037, 128.52645180023228, 158.8864508679726, 140.78110489747502, 119.72209956709958, 173.5043168669337, 172.5929684023142, 131.42047911189016, 136.43993506493507]","[100.0, 28.6, 28.700000000000003, 29.900000000000002, 28.1, 27.5, 32.1, 32.1, 32.6, 30.8]"
ga,18,12,12.64340571596162,34.94000000000001,32.2,1.6322152397711456,5.0,13.339642857142858,22.740833333333335,9.401190476190475,True,0.0,hospital_corridor,28,12,"[11, 29, 47, 53, 61, 73, 89, 97, 101, 109]","[2.733545632411585, 3.851743477787148, 0.9123986600119462, 0.5, 1.0]","{""time"": 0.0, ""collisions"": 0.05, ""congestion"": 1.0, ""fairness"": 1.0, ""incomplete_base"": 1000.0, ""incomplete_agent"": 10.0}","[14.661532738095238, 10.444196428571427, 12.455603948896632, 10.659102934102933, 6.704321872015283, 15.310000000000002, 14.840222143447953, 14.620670995670999, 13.781828805141688, 12.95657729367407]","[38.400000000000006, 32.0, 32.800000000000004, 29.700000000000003, 34.9, 35.0, 40.300000000000004, 39.6, 32.6, 34.1]"
ga,18,13,14.145446627743862,38.86,31.5,1.6816371039343376,5.0,14.000357142857144,24.889166666666668,10.888809523809524,True,0.0,hospital_corridor,28,12,"[11, 29, 47, 53, 61, 73, 89, 97, 101, 109]","[2.9702437314430643, 4.324053404757678, 0.9133983300363007, 0.5, 1.0]","{""time"": 0.0, ""collisions"": 0.05, ""congestion"": 1.0, ""fairness"": 1.0, ""incomplete_base"": 1000.0, ""incomplete_agent"": 10.0}","[13.821177944862157, 9.829629629629629, 12.5001968503937, 16.133085541909075, 8.338943623426383, 13.388800705467373, 14.808730158730159, 18.845449308755764, 20.884273182957394, 12.904179331306992]","[39.900000000000006, 32.4, 38.1, 44.2, 26.1, 32.4, 36.0, 49.6, 57.0, 32.9]"
ga,18,14,14.075489648767366,33.88,46.4,1.711918220195938,5.0,13.131428571428575,23.175000000000004,10.043571428571429,True,0.0,hospital_corridor,28,12,"[11, 29, 47, 53, 61, 73, 89, 97, 101, 109]","[3.042328502527216, 3.9291553896207563, 0.9127266630651802, 0.5, 1.0]","{""time"": 0.0, ""collisions"": 0.05, ""congestion"": 1.0, ""fairness"": 1.0, ""incomplete_base"": 1000.0, ""incomplete_agent"": 10.0}","[17.011539368222536, 13.451666666666666, 12.822510822510822, 13.463251563251562, 8.497249589490966, 14.619208494208495, 16.002291105121294, 16.035194751217194, 13.905555555555557, 14.946428571428573]","[40.400000000000006, 35.0, 30.8, 29.700000000000003, 26.1, 29.6, 37.1, 40.1, 31.5, 38.5]"
ga,18,15,15.022879169327062,34.309999999999995,60.9,1.8094267883746837,5.7,12.770714285714286,22.93916666666667,10.16845238095238,True,0.0,hospital_corridor,28,12,"[11, 29, 47, 53, 61, 73, 89, 97, 101, 109]","[3.072744766408272, 3.914075318837024, 0.8815464048265479, 0.5, 1.0]","{""time"": 0.0, ""collisions"": 0.05, ""congestion"": 1.0, ""fairness"": 1.0, ""incomplete_base"": 1000.0, ""incomplete_agent"": 10.0}","[24.202149844136297, 10.448689312858695, 12.073423423423424, 15.309806497849978, 8.202014652014654, 16.597585248610486, 18.539740635708377, 13.324378881987576, 16.890799031477002, 14.640204165204166]","[44.300000000000004, 30.700000000000003, 29.6, 29.900000000000002, 26.0, 31.700000000000003, 40.300000000000004, 34.5, 35.4, 40.7]"
ga,18,16,17.05339654639261,35.60000000000001,96.6,1.7794679749640359,5.3,12.76107142857143,23.205000000000002,10.443928571428573,True,0.0,hospital_corridor,28,12,"[11, 29, 47, 53, 61, 73, 89, 97, 101, 109]","[3.0337226989940507, 3.9469113184875657, 0.8524530463585396, 0.5, 1.0]","{""time"": 0.0, ""collisions"": 0.05, ""congestion"": 1.0, ""fairness"": 1.0, ""incomplete_base"": 1000.0, ""incomplete_agent"": 10.0}","[34.85297619047619, 17.499579831932774, 12.231428571428571, 13.736679536679537, 9.08172757475083, 13.790629420084866, 14.754569674895455, 22.04804901083607, 19.10142089093702, 13.436904761904763]","[48.0, 34.0, 30.0, 29.6, 30.1, 30.3, 35.300000000000004, 47.900000000000006, 37.2, 33.6]"
ga,18,17,26.55645119095641,34.88,309.2,1.6499035719087896,5.6,12.769285714285715,22.215833333333332,9.44654761904762,True,0.0,hospital_corridor,28,12,"[11, 29, 47, 53, 61, 73, 89, 97, 101, 109]","[2.7351704644400336, 3.8694086186945835, 0.7850714809811487, 0.5, 1.0]","{""time"": 0.0, ""collisions"": 0.05, ""congestion"": 1.0, ""fairness"": 1.0, ""incomplete_base"": 1000.0, ""incomplete_agent"": 10.0}","[53.45311355311355, 17.55685011709602, 18.20515873015873, 41.02201483608519, 15.031684981684982, 21.81753246753247, 25.206684981684983, 25.482119142477714, 27.684591194968554, 20.104761904761908]","[39.0, 30.5, 31.5, 39.800000000000004, 27.3, 30.8, 36.4, 50.2, 31.8, 31.5]"
ga,18,18,14.49442828465584,34.25,65.9,1.6877616179891688,5.1,12.985,22.49666666666667,9.51166666666667,True,0.0,hospital_corridor,28,12,"[11, 29, 47, 53, 61, 73, 89, 97, 101, 109]","[2.973301947473053, 3.466713610482052, 0.910947028888373, 0.5, 1.0]","{""time"": 0.0, ""collisions"": 0.05, ""congestion"": 1.0, ""fairness"": 1.0, ""incomplete_base"": 1000.0, ""incomplete_agent"": 10.0}","[19.751392251815986, 10.114933694996989, 12.28603896103896, 13.347472276581868, 12.340380952380954, 13.42886803185438, 17.40808080808081, 15.76047056617923, 14.791850683491063, 15.714794620138132]","[35.4, 31.6, 30.8, 29.200000000000003, 37.5, 29.3, 39.6, 38.1, 31.700000000000003, 39.300000000000004]"
ga,18,19,1032.6087827662636,79.59,16.0,0.7496931240217315,4.5,18.858107327455155,33.917196969696974,15.059089642241819,False,1.6,hospital_corridor,28,12,"[11, 29, 47, 53, 61, 73, 89, 97, 101, 109]","[1.5264440186099564, 3.521557519332738, 0.910381503255257, 0.5, 1.0]","{""time"": 0.0, ""collisions"": 0.05, ""congestion"": 1.0, ""fairness"": 1.0, ""incomplete_base"": 1000.0, ""incomplete_agent"": 10.0}","[6.2743697478991605, 1073.8642121212122, 16.655672268907566, 4.132985873775349, 1075.4015770750989, 17.214954312458215, 1034.413, 34.43657067570112, 16.07204502814259, 1047.6224405594405]","[64.60000000000001, 100.0, 54.400000000000006, 83.60000000000001, 100.0, 64.10000000000001, 100.0, 75.9, 53.300000000000004, 100.0]"
ga,18,20,13.737166313880294,35.12,36.7,1.647404409118392,5.6,13.14357142857143,23.398333333333333,10.254761904761903,True,0.0,hospital_corridor,28,12,"[11, 29, 47, 53, 61, 73, 89, 97, 101, 109]","[2.9029146114614344, 3.852452378274928, 0.9135740421300863, 0.5, 1.0]","{""time"": 0.0, ""collisions"": 0.05, ""congestion"": 1.0, ""fairness"": 1.0, ""incomplete_base"": 1000.0, ""incomplete_agent"": 10.0}","[12.32465404965405, 10.908024691358024, 13.003211606185886, 12.187082066869301, 8.99375561545373, 18.24195352839931, 16.610884353741493, 15.933045977011496, 12.821208112874782, 16.347843137254902]","[35.1, 32.4, 31.1, 32.9, 31.8, 33.2, 39.2, 40.6, 32.4, 42.5]"
ga,18,21,13.301825356199787,36.57000000000001,38.9,1.7163491657235983,4.9,13.680357142857144,23.320833333333333,9.640476190476189,True,0.0,hospital_corridor,28,12,"[11, 29, 47, 53, 61, 73, 89, 97, 101, 109]","[2.9716142135272134, 3.954804380485851, 0.9112667916050854, 0.5, 1.0]","{""time"": 0.0, ""collisions"": 0.05, ""congestion"": 1.0, ""fairness"": 1.0, ""incomplete_base"": 1000.0, ""incomplete_agent"": 10.0}","[12.613341543513958, 10.198591707976565, 11.96911608093717, 15.198677248677248, 12.231204906204905, 14.398408002254156, 15.398584551931007, 15.144093057070156, 13.477347574543836, 12.38888888888889]","[40.6, 31.700000000000003, 31.3, 43.2, 39.6, 33.800000000000004, 38.1, 39.300000000000004, 32.1, 36.0]"
ga,18,22,15.558724534267519,40.17,53.8,1.6520578676008513,5.1,13.85,25.06666666666667,11.216666666666667,True,0.0,hospital_corridor,28,12,"[11, 29, 47, 53, 61, 73, 89, 97, 101, 109]","[3.018156647925457, 3.8874675648774706, 0.9129769324052349, 0.5, 1.0]","{""time"": 0.0, ""collisions"": 0.05, ""congestion"": 1.0, ""fairness"": 1.0, ""incomplete_base"": 1000.0, ""incomplete_agent"": 10.0}","[28.48431855500821, 10.262848158131177, 12.5374883286648, 18.941139150270885, 8.691774891774891, 15.795878062207542, 16.668986254295536, 15.293530020703937, 15.871142857142857, 13.040139064475348]","[81.2, 31.8, 30.6, 50.1, 26.400000000000002, 34.6, 38.800000000000004, 36.800000000000004, 37.5, 33.9]"
ga,18,23,13.963048175351243,34.67,49.4,1.6476910324940977,5.4,12.907142857142858,22.752500000000005,9.845357142857145,True,0.0,hospital_corridor,28,12,"[11, 29, 47, 53, 61, 73, 89, 97, 101, 109]","[3.0485148201008467, 3.6183231501607707, 0.9157868915768838, 0.5, 1.0]","{""time"": 0.0, ""collisions"": 0.05, ""congestion"": 1.0, ""fairness"": 1.0, ""incomplete_base"": 1000.0, ""incomplete_agent"": 10.0}","[23.123859334528788, 9.496428571428574, 12.24940667585362, 12.543797391568093, 8.293498168498168, 14.178400780107268, 14.653287373930807, 15.84399263169471, 14.909765940274417, 14.338044885627967]","[47.800000000000004, 32.0, 31.1, 31.400000000000002, 26.0, 29.3, 37.300000000000004, 43.300000000000004, 35.4, 33.1]"
ga,19,0,12.64340571596162,34.94000000000001,32.2,1.6322152397711456,5.0,13.339642857142858,22.740833333333335,9.401190476190475,True,0.0,hospital_corridor,28,12,"[11, 29, 47, 53, 61, 73, 89, 97, 101, 109]","[2.733545632411585, 3.851743477787148, 0.9123986600119462, 0.5, 1.0]","{""time"": 0.0, ""collisions"": 0.05, ""congestion"": 1.0, ""fairness"": 1.0, ""incomplete_base"": 1000.0, ""incomplete_agent"": 10.0}","[14.661532738095238, 10.444196428571427, 12.455603948896632, 10.659102934102933, 6.704321872015283, 15.310000000000002, 14.840222143447953, 14.620670995670999, 13.781828805141688, 12.95657729367407]","[38.400000000000006, 32.0, 32.800000000000004, 29.700000000000003, 34.9, 35.0, 40.300000000000004, 39.6, 32.6, 34.1]"
ga,19,1,12.795707145633738,33.92,35.3,1.714397621824213,5.4,13.075357142857143,22.39166666666667,9.316309523809526,True,0.0,hospital_corridor,28,12,"[11, 29, 47, 53, 61, 73, 89, 97, 101, 109]","[3.017523588299083, 3.8671060438037195, 0.9101635433675922, 0.5, 1.0]","{""time"": 0.0, ""collisions"": 0.05, ""congestion"": 1.0, ""fairness"": 1.0, ""incomplete_base"": 1000.0, ""incomplete_agent"": 10.0}","[11.736083743842366, 10.64715629198388, 12.066915836101881, 13.04391853126793, 8.243816008893832, 12.670173745173747, 16.258730158730163, 15.291889880952382, 15.147221078633182, 12.851166180758018]","[43.5, 31.900000000000002, 30.1, 33.2, 25.700000000000003, 29.6, 37.800000000000004, 38.400000000000006, 34.7, 34.300000000000004]"
ga,19,2,19.30985190783712,32.46,161.9,1.7785423840275971,5.5,12.492857142857144,21.929166666666667,9.436309523809525,True,0.0,hospital_corridor,28,12,"[11, 29, 47, 53, 61, 73, 89, 97, 101, 109]","[2.988071870522716, 3.946102431397083, 0.8159440967556357, 0.5, 1.0]","{""time"": 0.0, ""collisions"": 0.05, ""congestion"": 1.0, ""fairness"": 1.0, ""incomplete_base"": 1000.0, ""incomplete_agent"": 10.0}","[36.87261904761905, 16.84868401034535, 18.962422360248446, 19.712838468720822, 10.744536497984774, 15.637409200968523, 22.574908424908426, 19.058110119047623, 18.765783410138248, 13.921207538389949]","[37.5, 31.3, 29.900000000000002, 30.6, 31.900000000000002, 29.5, 33.800000000000004, 38.400000000000006, 31.0, 30.700000000000003]"
ga,19,3,1168.3041499125543,38.42,3125.4,1.8829269688312977,6.3,12.35892857142857,21.510151515151513,9.151222943722946,False,0.1,hospital_corridor,28,12,"[11, 29, 47, 53, 61, 73, 89, 97, 101, 109]","[2.8759598648820934, 3.937857338709524, 0.501203692863418, 0.5, 1.0]","{""time"": 0.0, ""collisions"": 0.05, ""congestion"": 1.0, ""fairness"": 1.0, ""incomplete_base"": 1000.0, ""incomplete_agent"": 10.0}","[1218.6068961038961, 183.82066052227344, 135.1566384180791, 168.0562056737589, 155.9656814449918, 133.1142857142857, 189.60653644835952, 188.64226377071205, 167.4229262672811, 142.64940476190478]","[100.0, 31.0, 29.5, 32.9, 29.0, 28.0, 37.300000000000004, 31.900000000000002, 31.0, 33.6]"
ga,19,4,14.637885478012933,35.11,60.9,1.7018140494415046,4.9,13.133928571428573,23.025,9.891071428571427,True,0.0,hospital_corridor,28,12,"[11, 29, 47, 53, 61, 73, 89, 97, 101, 109]","[3.0350336275920062, 3.7079763165032302, 0.9068166616128885, 0.5, 1.0]","{""time"": 0.0, ""collisions"": 0.05, ""congestion"": 1.0, ""fairness"": 1.0, ""incomplete_base"": 1000.0, ""incomplete_agent"": 10.0}","[21.451663798049342, 15.465833333333336, 12.039262371615314, 13.492162698412695, 10.268697478991596, 14.467989417989418, 15.72452633573323, 13.090526053353278, 15.979059093516923, 14.399134199134199]","[41.5, 40.0, 30.6, 28.8, 34.0, 29.700000000000003, 37.7, 38.2, 33.2, 37.4]"
ga,19,5,13.556157008685934,34.309999999999995,46.8,1.7546093896383161,5.0,13.149285714285716,22.610833333333336,9.461547619047618,True,0.0,hospital_corridor,28,12,"[11, 29, 47, 53, 61, 73, 89, 97, 101, 109]","[2.8947163755058307, 3.713232292404075, 0.8894070335812387, 0.5, 1.0]","{""time"": 0.0, ""collisions"": 0.05, ""congestion"": 1.0, ""fairness"": 1.0, ""incomplete_base"": 1000.0, ""incomplete_agent"": 10.0}","[12.588958560523446, 10.67123142250531, 13.081185807656396, 12.319387755102042, 8.492081949058694, 13.425340136054421, 15.902889858233372, 14.189682539682538, 21.979651772603315, 12.911160285439825]","[39.300000000000004, 31.400000000000002, 30.6, 29.400000000000002, 25.8, 29.400000000000002, 39.300000000000004, 37.800000000000004, 45.400000000000006, 34.7]"
ga,19,6,13.804127696730259,37.050000000000004,27.1,1.7579372205397814,4.9,14.004642857142855,24.695833333333333,10.691190476190476,True,0.0,hospital_corridor,28,12,"[11, 29, 47, 53, 61, 73, 89, 97, 101, 109]","[2.6402971076346704, 3.9785589679544557, 0.9145458153678014, 0.5, 1.0]","{""time"": 0.0, ""collisions"": 0.05, ""congestion"": 1.0, ""fairness"": 1.0, ""incomplete_base"": 1000.0, ""incomplete_agent"": 10.0}","[15.89390406890407, 13.738939877627033, 12.412696057651548, 8.735494987468673, 8.634821428571428, 14.480593607305938, 20.01886763344647, 15.221997157071787, 15.147384855581578, 13.75657729367407]","[48.1, 35.800000000000004, 33.7, 30.400000000000002, 28.8, 36.5, 46.300000000000004, 40.2, 36.6, 34.1]"
ga,19,7,13.443101763493024,34.73,39.4,1.726554144445402,5.3,13.159285714285716,22.905833333333337,9.746547619047622,True,0.0,hospital_corridor,28,12,"[11, 29, 47, 53, 61, 73, 89, 97, 101, 109]","[2.7246700179321373, 3.5573885297064685, 0.9146598632937605, 0.5, 1.0]","{""time"": 0.0, ""collisions"": 0.05, ""congestion"": 1.0, ""fairness"": 1.0, ""incomplete_base"": 1000.0, ""incomplete_agent"": 10.0}","[16.341464510332433, 10.792872212176011, 12.41701723634239, 10.683775282688329, 8.849124649859943, 14.720765027322406, 15.852007818052593, 15.43424092409241, 15.07504409171076, 14.264705882352942]","[42.400000000000006, 31.6, 32.6, 29.900000000000002, 27.200000000000003, 36.6, 40.2, 40.400000000000006, 32.4, 34.0]"
ga,19,8,13.880666949107876,34.32000000000001,41.1,1.665190758631685,5.4,12.762857142857143,22.923333333333336,10.160476190476192,True,0.0,hospital_corridor,28,12,"[11, 29, 47, 53, 61, 73, 89, 97, 101, 109]","[3.020425360766426, 3.8702079969266237, 0.9091775823439424, 0.5, 1.0]","{""time"": 0.0, ""collisions"": 0.05, ""congestion"": 1.0, ""fairness"": 1.0, ""incomplete_base"": 1000.0, ""incomplete_agent"": 10.0}","[16.778290870488327, 11.125332139125241, 12.673090673969266, 14.050943396226415, 8.350000000000001, 14.860986804360298, 14.857052716648019, 15.452248677248676, 15.877893309222424, 14.780830903790088]","[47.1, 31.900000000000002, 31.3, 31.8, 25.900000000000002, 33.2, 38.300000000000004, 37.800000000000004, 31.6, 34.300000000000004]"
ga,19,9,13.737166313880294,35.12,36.7,1.647404409118392,5.6,13.14357142857143,23.398333333333333,10.254761904761903,True,0.0,hospital_corridor,28,12,"[11, 29, 47, 53, 61, 73, 89, 97, 101, 109]","[2.9029146114614344, 3.852452378274928, 0.9135740421300863, 0.5, 1.0]","{""time"": 0.0, ""collisions"": 0.05, ""congestion"": 1.0, ""fairness"": 1.0, ""incomplete_base"": 1000.0, ""incomplete_agent"": 10.0}","[12.32465404965405, 10.908024691358024, 13.003211606185886, 12.187082066869301, 8.99375561545373, 18.24195352839931, 16.610884353741493, 15.933045977011496, 12.821208112874782, 16.347843137254902]","[35.1, 32.4, 31.1, 32.9, 31.8, 33.2, 39.2, 40.6, 32.4, 42.5]"
ga,19,10,18.018482474813585,34.56,138.6,1.6928872367183463,5.4,12.75107142857143,22.14666666666667,9.395595238095238,True,0.0,hospital_corridor,28,12,"[11, 29, 47, 53, 61, 73, 89, 97, 101, 109]","[2.8233668324586745, 3.4211121227404937, 0.832670705148587, 0.5, 1.0]","{""time"": 0.0, ""collisions"": 0.05, ""congestion"": 1.0, ""fairness"": 1.0, ""incomplete_base"": 1000.0, ""incomplete_agent"": 10.0}","[44.13566459251578, 10.822044728434506, 13.397642390289452, 13.076666666666668, 9.249451578384162, 15.210714285714287, 17.11232492997199, 18.335636856368566, 23.83090582601756, 15.013772893772895]","[55.1, 31.3, 30.6, 30.0, 26.700000000000003, 31.0, 35.7, 36.9, 35.800000000000004, 32.5]"
ga,19,11,13.67275674826438,32.739999999999995,51.1,1.7860900815977119,5.4,12.805000000000001,22.136666666666667,9.331666666666667,True,0.0,hospital_corridor,28,12,"[11, 29, 47, 53, 61, 73, 89, 97, 101, 109]","[2.8599446985896217, 3.79725584776023, 0.8740005311157348, 0.5, 1.0]","{""time"": 0.0, ""collisions"": 0.05, ""congestion"": 1.0, ""fairness"": 1.0, ""incomplete_base"": 1000.0, ""incomplete_agent"": 10.0}","[15.726829268292684, 10.50257051865332, 12.527179308205367, 12.425733525733525, 9.79000626566416, 13.917213642213644, 17.178315168029066, 14.969651011089368, 14.142765567765569, 15.547303206997086]","[36.9, 31.400000000000002, 30.700000000000003, 29.700000000000003, 30.400000000000002, 29.6, 36.7, 36.5, 31.200000000000003, 34.300000000000004]"
ga,19,12,13.880666949107876,34.32000000000001,41.1,1.665190758631685,5.4,12.762857142857143,22.923333333333336,10.160476190476192,True,0.0,hospital_corridor,28,12,"[11, 29, 47, 53, 61, 73, 89, 97, 101, 109]","[3.020425360766426, 3.8702079969266237, 0.9091775823439424, 0.5, 1.0]","{""time"": 0.0, ""collisions"": 0.05, ""congestion"": 1.0, ""fairness"": 1.0, ""incomplete_base"": 1000.0, ""incomplete_agent"": 10.0}","[16.778290870488327, 11.125332139125241, 12.673090673969266, 14.050943396226415, 8.350000000000001, 14.860986804360298, 14.857052716648019, 15.452248677248676, 15.877893309222424, 14.780830903790088]","[47.1, 31.900000000000002, 31.3, 31.8, 25.900000000000002, 33.2, 38.300000000000004, 37.800000000000004, 31.6, 34.300000000000004]"
ga,19,13,13.880666949107876,34.32000000000001,41.1,1.665190758631685,5.4,12.762857142857143,22.923333333333336,10.160476190476192,True,0.0,hospital_corridor,28,12,"[11, 29, 47, 53, 61, 73, 89, 97, 101, 109]","[3.020425360766426, 3.8702079969266237, 0.9091775823439424, 0.5, 1.0]","{""time"": 0.0, ""collisions"": 0.05, ""congestion"": 1.0, ""fairness"": 1.0, ""incomplete_base"": 1000.0, ""incomplete_agent"": 10.0}","[16.778290870488327, 11.125332139125241, 12.673090673969266, 14.050943396226415, 8.350000000000001, 14.860986804360298, 14.857052716648019, 15.452248677248676, 15.877893309222424, 14.780830903790088]","[47.1, 31.900000000000002, 31.3, 31.8, 25.900000000000002, 33.2, 38.300000000000004, 37.800000000000004, 31.6, 34.300000000000004]"
ga,19,14,35.595690670944094,33.91000000000001,489.2,1.695452575705999,5.6,12.223928571428573,21.66416666666667,9.440238095238096,True,0.0,hospital_corridor,28,12,"[11, 29, 47, 53, 61, 73, 89, 97, 101, 109]","[2.7540548311781023, 3.856678386347018, 0.7585943936299209, 0.5, 1.0]","{""time"": 0.0, ""collisions"": 0.05, ""congestion"": 1.0, ""fairness"": 1.0, ""incomplete_base"": 1000.0, ""incomplete_agent"": 10.0}","[56.26816920943135, 27.818939393939395, 29.974776085982985, 50.896336996337, 23.123971693940735, 28.662246663371235, 36.72276632302406, 42.25807102502018, 33.308660130718955, 26.922969187675072]","[30.900000000000002, 30.8, 31.900000000000002, 31.200000000000003, 32.300000000000004, 28.900000000000002, 38.800000000000004, 53.1, 30.6, 30.6]"
ga,19,15,19.44940055048629,32.68,158.5,1.7869005504862856,5.5,12.312500000000002,22.05,9.7375,True,0.0,hospital_corridor,28,12,"[11, 29, 47, 53, 61, 73, 89, 97, 101, 109]","[2.8840302447233657, 3.8651826106224934, 0.813820729512926, 0.5, 1.0]","{""time"": 0.0, ""collisions"": 0.05, ""congestion"": 1.0, ""fairness"": 1.0, ""incomplete_base"": 1000.0, ""incomplete_agent"": 10.0}","[36.58074037834312, 17.84047619047619, 13.859974572353213, 25.11180344478217, 12.20482929020665, 15.468944636678202, 20.401439486969572, 19.40578034682081, 18.260965312642632, 15.359051845590308]","[36.5, 31.200000000000003, 30.900000000000002, 32.9, 31.8, 28.900000000000002, 34.9, 34.6, 31.3, 33.800000000000004]"
ga,19,16,14.191160668725434,34.39,53.5,1.868184478249243,5.5,13.377857142857144,23.025833333333335,9.647976190476191,True,0.0,hospital_corridor,28,12,"[11, 29, 47, 53, 61, 73, 89, 97, 101, 109]","[2.9698844799996995, 3.7016687426679704, 0.9203967316733234, 0.5, 1.0]","{""time"": 0.0, ""collisions"": 0.05, ""congestion"": 1.0, ""fairness"": 1.0, ""incomplete_base"": 1000.0, ""incomplete_agent"": 10.0}","[20.253174603174607, 9.75357908436687, 12.822393007836046, 16.652655677655677, 8.755322933771211, 12.938919413919415, 15.634135145060597, 15.492559523809526, 16.989401403194506, 12.619465894465893]","[45.0, 31.1, 31.6, 36.4, 26.1, 31.200000000000003, 38.900000000000006, 38.400000000000006, 31.900000000000002, 33.300000000000004]"
ga,19,17,1167.7055586819295,38.57,3107.7,1.8704937468645764,6.0,12.17607142857143,21.626136363636366,9.450064935064935,False,0.1,hospital_corridor,28,12,"[11, 29, 47, 53, 61, 73, 89, 97, 101, 109]","[2.9485003180516274, 4.284307840487011, 0.5, 0.5, 1.0]","{""time"": 0.0, ""collisions"": 0.05, ""congestion"": 1.0, ""fairness"": 1.0, ""incomplete_base"": 1000.0, ""incomplete_agent"": 10.0}","[1195.6132207792207, 164.4949669966997, 132.725, 180.63251533742334, 163.06947190640963, 128.38205325140808, 181.30801736244098, 208.82549461045164, 174.75084485407066, 147.2540017211704]","[100.0, 30.3, 29.6, 32.6, 28.900000000000002, 27.900000000000002, 37.300000000000004, 34.9, 31.0, 33.2]"
ga,19,18,21.266100395150218,36.35,188.4,1.678838490388312,5.0,13.25107142857143,23.418333333333333,10.167261904761904,True,0.0,hospital_corridor,28,12,"[11, 29, 47, 53, 61, 73, 89, 97, 101, 109]","[2.848140354624877, 2.6171793594036776, 0.9146165210876469, 0.5, 1.0]","{""time"": 0.0, ""collisions"": 0.05, ""congestion"": 1.0, ""fairness"": 1.0, ""incomplete_base"": 1000.0, ""incomplete_agent"": 10.0}","[57.986540731995284, 12.038278388278389, 13.26773082223243, 26.48602175969726, 14.224801587301586, 15.521615703137442, 17.948280423280423, 18.332967032967034, 20.56726750261233, 16.2875]","[72.60000000000001, 31.200000000000003, 31.1, 30.200000000000003, 28.8, 29.900000000000002, 37.800000000000004, 36.4, 31.900000000000002, 33.6]"
ga,19,19,1104.7341873189075,100.0,10.9,0.46080000000000004,3.9,13.68668050216038,25.41506782106782,11.728387318907442,False,9.2,hospital_corridor,28,12,"[11, 29, 47, 53, 61, 73, 89, 97, 101, 109]","[2.5168267709419303, 3.6040614025527518, 1.125718872975735, 0.5, 1.0]","{""time"": 0.0, ""collisions"": 0.05, ""congestion"": 1.0, ""fairness"": 1.0, ""incomplete_base"": 1000.0, ""incomplete_agent"": 10.0}","[1096.0387575757575, 1143.5941764705883, 1063.192, 1109.986, 1119.0143157894736, 1133.2049523809524, 1073.4464444444445, 1104.3735238095237, 1050.302153846154, 1154.1895488721805]","[100.0, 100.0, 100.0, 100.0, 100.0, 100.0, 100.0, 100.0, 100.0, 100.0]"
ga,19,20,14.705288118428628,32.79,73.0,1.7256452612857718,5.3,12.820357142857143,22.150000000000002,9.329642857142856,True,0.0,hospital_corridor,28,12,"[11, 29, 47, 53, 61, 73, 89, 97, 101, 109]","[3.0046591414883546, 3.304116588865475, 0.9130176901466809, 0.5, 1.0]","{""time"": 0.0, ""collisions"": 0.05, ""congestion"": 1.0, ""fairness"": 1.0, ""incomplete_base"": 1000.0, ""incomplete_agent"": 10.0}","[22.903641456582633, 10.35432070591815, 12.823067915690867, 15.693398268398273, 10.178707742639041, 13.858865914786968, 14.289823348694316, 14.415844378988712, 17.618342151675485, 14.916869300911856]","[37.4, 31.3, 30.5, 30.8, 26.200000000000003, 30.400000000000002, 37.2, 38.800000000000004, 32.4, 32.9]"
ga,19,21,13.896324459168241,35.32,49.1,1.7634673163110972,5.2,13.507142857142858,23.185,9.677857142857144,True,0.0,hospital_corridor,28,12,"[11, 29, 47, 53, 61, 73, 89, 97, 101, 109]","[2.894674597728426, 3.80904076837927, 0.9143862632860789, 0.5, 1.0]","{""time"": 0.0, ""collisions"": 0.05, ""congestion"": 1.0, ""fairness"": 1.0, ""incomplete_base"": 1000.0, ""incomplete_agent"": 10.0}","[20.702380952380956, 10.415275923453496, 12.701853526220615, 13.650617842073537, 10.428056426332288, 12.02918050941307, 15.42810245310245, 17.379537129537134, 13.190932354250112, 13.037307474918752]","[47.6, 32.1, 31.6, 31.6, 31.900000000000002, 30.1, 39.6, 42.900000000000006, 32.1, 33.7]"
ga,19,22,13.589455971529649,34.55,38.5,1.7030274001010763,5.4,13.041071428571428,23.0025,9.961428571428574,True,0.0,hospital_corridor,28,12,"[11, 29, 47, 53, 61, 73, 89, 97, 101, 109]","[2.935622889974191, 3.785320276888249, 0.9140440254294697, 0.5, 1.0]","{""time"": 0.0, ""collisions"": 0.05, ""congestion"": 1.0, ""fairness"": 1.0, ""incomplete_base"": 1000.0, ""incomplete_agent"": 10.0}","[17.979967159277507, 10.987264150943396, 13.16417748917749, 10.839486091466291, 8.274304440877474, 14.70472852692479, 14.976917484551075, 15.035930735930735, 14.567857142857143, 15.363926493290585]","[43.5, 31.8, 30.8, 30.3, 26.700000000000003, 32.1, 39.300000000000004, 38.5, 32.4, 40.1]"
ga,19,23,13.52655934190745,37.7,28.2,1.7862021990503056,5.5,14.10214285714286,24.432500000000005,10.330357142857144,True,0.0,hospital_corridor,28,12,"[11, 29, 47, 53, 61, 73, 89, 97, 101, 109]","[2.8916260781584384, 4.438403994677163, 0.9140315949744104, 0.5, 1.0]","{""time"": 0.0, ""collisions"": 0.05, ""congestion"": 1.0, ""fairness"": 1.0, ""incomplete_base"": 1000.0, ""incomplete_agent"": 10.0}","[13.202309236947794, 14.732369016208064, 12.37977338845506, 9.90844155844156, 7.781370410759724, 13.145599421877378, 15.35887445887446, 14.936904761904762, 19.359749849306812, 14.460201316298878]","[49.800000000000004, 37.9, 31.1, 30.8, 26.200000000000003, 31.3, 39.6, 38.1, 55.300000000000004, 36.9]"
ga,20,0,12.64340571596162,34.94000000000001,32.2,1.6322152397711456,5.0,13.339642857142858,22.740833333333335,9.401190476190475,True,0.0,hospital_corridor,28,12,"[11, 29, 47, 53, 61, 73, 89, 97, 101, 109]","[2.733545632411585, 3.851743477787148, 0.9123986600119462, 0.5, 1.0]","{""time"": 0.0, ""collisions"": 0.05, ""congestion"": 1.0, ""fairness"": 1.0, ""incomplete_base"": 1000.0, ""incomplete_agent"": 10.0}","[14.661532738095238, 10.444196428571427, 12.455603948896632, 10.659102934102933, 6.704321872015283, 15.310000000000002, 14.840222143447953, 14.620670995670999, 13.781828805141688, 12.95657729367407]","[38.400000000000006, 32.0, 32.800000000000004, 29.700000000000003, 34.9, 35.0, 40.300000000000004, 39.6, 32.6, 34.1]"
ga,20,1,12.795707145633738,33.92,35.3,1.714397621824213,5.4,13.075357142857143,22.39166666666667,9.316309523809526,True,0.0,hospital_corridor,28,12,"[11, 29, 47, 53, 61, 73, 89, 97, 101, 109]","[3.017523588299083, 3.8671060438037195, 0.9101635433675922, 0.5, 1.0]","{""time"": 0.0, ""collisions"": 0.05, ""congestion"": 1.0, ""fairness"": 1.0, ""incomplete_base"": 1000.0, ""incomplete_agent"": 10.0}","[11.736083743842366, 10.64715629198388, 12.066915836101881, 13.04391853126793, 8.243816008893832, 12.670173745173747, 16.258730158730163, 15.291889880952382, 15.147221078633182, 12.851166180758018]","[43.5, 31.900000000000002, 30.1, 33.2, 25.700000000000003, 29.6, 37.800000000000004, 38.400000000000006, 34.7, 34.300000000000004]"
ga,20,2,1016.3048618659894,44.089999999999996,37.7,1.5787687923963278,5.1,15.435952380952383,26.27704545454545,10.841093073593074,False,0.2,hospital_corridor,28,12,"[11, 29, 47, 53, 61, 73, 89, 97, 101, 109]","[2.425665863462939, 3.8006612409393967, 0.8992421817602263, 0.5, 1.0]","{""time"": 0.0, ""collisions"": 0.05, ""congestion"": 1.0, ""fairness"": 1.0, ""incomplete_base"": 1000.0, ""incomplete_agent"": 10.0}","[18.89141761307033, 11.664717656974295, 13.418058918482648, 8.519978783592645, 10.315043290043292, 11.970217628598718, 16.04747023809524, 17.74683698296837, 1037.9607878787879, 16.5140896692806]","[47.800000000000004, 33.9, 35.4, 30.3, 30.8, 34.9, 44.800000000000004, 41.1, 100.0, 41.900000000000006]"
ga,20,3,13.683812104789979,34.730000000000004,36.1,1.6753597238375986,5.3,12.948214285714286,23.151666666666667,10.203452380952381,True,0.0,hospital_corridor,28,12,"[11, 29, 47, 53, 61, 73, 89, 97, 101, 109]","[2.878693226012251, 3.764314529251826, 0.9025635118329586, 0.5, 1.0]","{""time"": 0.0, ""collisions"": 0.05, ""congestion"": 1.0, ""fairness"": 1.0, ""incomplete_base"": 1000.0, ""incomplete_agent"": 10.0}","[16.014880952380953, 12.925595238095237, 12.261468381564846, 9.544480171489818, 11.63383350883351, 13.655908584169456, 16.488795518207287, 15.594973544973545, 14.787124542124545, 13.931060606060608]","[38.400000000000006, 32.0, 31.1, 31.1, 40.7, 29.900000000000002, 40.800000000000004, 37.800000000000004, 32.5, 33.0]"
ga,20,4,14.030688333761432,34.370000000000005,46.3,1.6993788099519098,4.9,12.857857142857142,22.87416666666667,10.016309523809523,True,0.0,hospital_corridor,28,12,"[11, 29, 47, 53, 61, 73, 89, 97, 101, 109]","[2.884051698713341, 3.9803493224117, 0.8765331969855843, 0.5, 1.0]","{""time"": 0.0, ""collisions"": 0.05, ""congestion"": 1.0, ""fairness"": 1.0, ""incomplete_base"": 1000.0, ""incomplete_agent"": 10.0}","[19.071551724137933, 13.875401606425703, 12.239222271980895, 11.127649769585254, 11.643650793650796, 13.602551020408164, 15.382900432900433, 15.195238095238096, 13.788336395651507, 14.380381227635565]","[43.5, 33.2, 31.900000000000002, 31.0, 32.4, 29.400000000000002, 38.5, 38.1, 31.1, 34.6]"
ga,20,5,1041.2641212313167,90.67,23.9,0.8365879312835054,4.4,15.372769730269733,28.60530303030303,13.232533300033301,False,2.6,hospital_corridor,28,12,"[11, 29, 47, 53, 61, 73, 89, 97, 101, 109]","[2.8675190780347197, 4.081068245158374, 1.042761859757936, 0.5, 1.0]","{""time"": 0.0, ""collisions"": 0.05, ""congestion"": 1.0, ""fairness"": 1.0, ""incomplete_base"": 1000.0, ""incomplete_agent"": 10.0}","[1033.9218717948718, 1072.2611818181817, 12.023688458434222, 1050.783, 1089.3384112554113, 17.703074141048827, 1035.2028205128206, 1037.21, 26.822735760971057, 1037.3744285714286]","[100.0, 100.0, 35.4, 100.0, 100.0, 94.80000000000001, 100.0, 100.0, 76.5, 100.0]"
ga,20,6,14.96888911290931,37.21,49.5,1.7153176843378812,5.1,13.573928571428572,24.3525,10.778571428571428,True,0.0,hospital_corridor,28,12,"[11, 29, 47, 53, 61, 73, 89, 97, 101, 109]","[2.9850304070415836, 4.151191145115284, 0.9134560196594768, 0.5, 1.0]","{""time"": 0.0, ""collisions"": 0.05, ""congestion"": 1.0, ""fairness"": 1.0, ""incomplete_base"": 1000.0, ""incomplete_agent"": 10.0}","[22.251190476190477, 10.375708257986739, 12.86505914467698, 18.571320580067884, 8.615230825154491, 16.958811040339704, 14.375635117570601, 15.883188153310105, 15.971739130434784, 13.821008403361345]","[56.0, 31.6, 31.400000000000002, 46.300000000000004, 26.200000000000003, 31.400000000000002, 40.300000000000004, 41.0, 32.2, 35.7]"
ga,20,7,13.569318971102138,35.7,41.1,1.7966999234830907,5.4,13.708214285714286,23.425833333333333,9.717619047619047,True,0.0,hospital_corridor,28,12,"[11, 29, 47, 53, 61, 73, 89, 97, 101, 109]","[3.0261053036763843, 4.154318893365598, 0.9107391186825259, 0.5, 1.0]","{""time"": 0.0, ""collisions"": 0.05, ""congestion"": 1.0, ""fairness"": 1.0, ""incomplete_base"": 1000.0, ""incomplete_agent"": 10.0}","[16.207079924480805, 12.424346917450366, 12.235480783953454, 16.66427855711423, 7.647252747252746, 13.961875276426362, 15.039245585874799, 15.115552995391706, 14.445512820512821, 11.952564102564104]","[45.400000000000006, 31.900000000000002, 31.1, 49.900000000000006, 27.3, 32.300000000000004, 35.6, 37.2, 31.200000000000003, 35.1]"
ga,20,8,15.124848133512884,38.720000000000006,56.0,1.5090148001795485,4.9,13.76,24.575833333333335,10.815833333333336,True,0.0,hospital_corridor,28,12,"[11, 29, 47, 53, 61, 73, 89, 97, 101, 109]","[2.28715258088023, 3.167546853715466, 0.8926859890646435, 0.5, 1.0]","{""time"": 0.0, ""collisions"": 0.05, ""congestion"": 1.0, ""fairness"": 1.0, ""incomplete_base"": 1000.0, ""incomplete_agent"": 10.0}","[19.671066708621776, 11.308126293995858, 13.784788359788362, 10.934201157098354, 11.79153805566548, 14.338362760834674, 15.909438219732337, 18.30059523809524, 17.394444444444446, 17.815920096852302]","[45.400000000000006, 32.2, 37.800000000000004, 32.1, 36.1, 35.6, 45.900000000000006, 44.800000000000004, 36.0, 41.300000000000004]"
ga,20,9,1059.9262590571223,93.99,16.1,0.6976882205513785,4.7,13.98940896140896,25.412979797979798,11.423570836570835,False,4.7,hospital_corridor,28,12,"[11, 29, 47, 53, 61, 73, 89, 97, 101, 109]","[3.3270339472299946, 4.308178605655827, 1.0610102753553363, 0.5, 1.0]","{""time"": 0.0, ""collisions"": 0.05, ""congestion"": 1.0, ""fairness"": 1.0, ""incomplete_base"": 1000.0, ""incomplete_agent"": 10.0}","[1080.4393636363636, 1092.1816233766233, 1030.219643097643, 1073.1101515151515, 1108.03, 14.711215538847117, 1059.2024615384616, 1037.2142857142858, 1051.8078461538462, 1052.346]","[100.0, 100.0, 100.0, 100.0, 100.0, 39.900000000000006, 100.0, 100.0, 100.0, 100.0]"
ga,20,10,14.997933550029355,36.81000000000001,51.7,1.6528145024103054,5.1,13.628214285714288,24.388333333333332,10.76011904761905,True,0.0,hospital_corridor,28,12,"[11, 29, 47, 53, 61, 73, 89, 97, 101, 109]","[2.7329171003420076, 3.5806443491186584, 0.9139954031518516, 0.5, 1.0]","{""time"": 0.0, ""collisions"": 0.05, ""congestion"": 1.0, ""fairness"": 1.0, ""incomplete_base"": 1000.0, ""incomplete_agent"": 10.0}","[23.52550710489207, 10.779247408742677, 12.282546963739627, 11.416481738326398, 12.600404312668463, 13.907626119754834, 16.973897707231046, 16.003041018387556, 17.202857142857145, 15.287725983693726]","[43.900000000000006, 31.700000000000003, 32.7, 30.900000000000002, 42.400000000000006, 30.3, 40.5, 40.400000000000006, 35.0, 40.300000000000004]"
ga,20,11,13.827880394112375,36.87,41.1,1.7381184893504709,5.5,13.44107142857143,23.475833333333334,10.034761904761904,True,0.0,hospital_corridor,28,12,"[11, 29, 47, 53, 61, 73, 89, 97, 101, 109]","[2.725298550001715, 3.828487658374958, 0.9130631201538553, 0.5, 1.0]","{""time"": 0.0, ""collisions"": 0.05, ""congestion"": 1.0, ""fairness"": 1.0, ""incomplete_base"": 1000.0, ""incomplete_agent"": 10.0}","[17.785961365678347, 10.571648351648351, 13.057168186423507, 12.226768598813328, 8.460064935064937, 13.764931153184168, 16.9075263662512, 17.0235817805383, 14.56419413919414, 13.916959064327486]","[42.400000000000006, 32.5, 32.9, 31.3, 27.5, 33.2, 44.7, 57.5, 32.5, 34.2]"
ga,20,12,14.43257195444733,35.440000000000005,38.4,1.742810049685422,5.1,13.04357142857143,23.813333333333336,10.769761904761907,True,0.0,hospital_corridor,28,12,"[11, 29, 47, 53, 61, 73, 89, 97, 101, 109]","[2.786050379153883, 3.8518845521426135, 0.9124797573591201, 0.5, 1.0]","{""time"": 0.0, ""collisions"": 0.05, ""congestion"": 1.0, ""fairness"": 1.0, ""incomplete_base"": 1000.0, ""incomplete_agent"": 10.0}","[18.591101427308324, 16.22217607973422, 12.230952380952381, 11.501684636118597, 7.754242424242426, 16.92115975422427, 15.200506651746865, 16.820032051282055, 14.806172161172162, 14.27769197769198]","[37.7, 43.0, 31.5, 31.8, 27.5, 37.2, 38.300000000000004, 41.6, 32.5, 33.300000000000004]"
ga,20,13,12.77522840150695,34.75000000000001,31.4,1.7212998300783784,5.0,13.23857142857143,22.722500000000004,9.483928571428573,True,0.0,hospital_corridor,28,12,"[11, 29, 47, 53, 61, 73, 89, 97, 101, 109]","[2.8504098647191363, 3.8523113039194623, 0.9134929447829124, 0.5, 1.0]","{""time"": 0.0, ""collisions"": 0.05, ""congestion"": 1.0, ""fairness"": 1.0, ""incomplete_base"": 1000.0, ""incomplete_agent"": 10.0}","[14.674937343358398, 10.539802336028751, 14.145196807046517, 9.225686153423904, 7.7519230769230765, 14.116783762685401, 14.30168120683388, 15.685084766891054, 14.431933842239188, 12.879254719639338]","[38.0, 31.8, 34.6, 34.7, 27.3, 30.5, 39.300000000000004, 38.2, 39.300000000000004, 33.800000000000004]"
ga,20,14,1075.1952422355423,100.0,20.6,0.5021,4.0,15.512595138195138,27.175737373737377,11.663142235542235,False,6.2,hospital_corridor,28,12,"[11, 29, 47, 53, 61, 73, 89, 97, 101, 109]","[2.7246700179321373, 3.5573885297064685, 1.1776111378923513, 0.5, 1.0]","{""time"": 0.0, ""collisions"": 0.05, ""congestion"": 1.0, ""fairness"": 1.0, ""incomplete_base"": 1000.0, ""incomplete_agent"": 10.0}","[1080.1186363636364, 1152.536, 1071.5216666666668, 1066.908090909091, 1079.4638095238095, 1053.6867272727272, 1039.702358974359, 1070.0204529914529, 1039.6249523809524, 1098.3697272727272]","[100.0, 100.0, 100.0, 100.0, 100.0, 100.0, 100.0, 100.0, 100.0, 100.0]"
ga,20,15,13.443101763493024,34.73,39.4,1.726554144445402,5.3,13.159285714285716,22.905833333333337,9.746547619047622,True,0.0,hospital_corridor,28,12,"[11, 29, 47, 53, 61, 73, 89, 97, 101, 109]","[2.7246700179321373, 3.5573885297064685, 0.9146598632937605, 0.5, 1.0]","{""time"": 0.0, ""collisions"": 0.05, ""congestion"": 1.0, ""fairness"": 1.0, ""incomplete_base"": 1000.0, ""incomplete_agent"": 10.0}","[16.341464510332433, 10.792872212176011, 12.41701723634239, 10.683775282688329, 8.849124649859943, 14.720765027322406, 15.852007818052593, 15.43424092409241, 15.07504409171076, 14.264705882352942]","[42.400000000000006, 31.6, 32.6, 29.900000000000002, 27.200000000000003, 36.6, 40.2, 40.400000000000006, 32.4, 34.0]"
ga,20,16,15.786367852454566,43.0,31.9,1.44862975721647,5.1,14.728928571428574,27.47166666666667,12.742738095238096,True,0.0,hospital_corridor,28,12,"[11, 29, 47, 53, 61, 73, 89, 97, 101, 109]","[2.094148227049173, 3.472460405881511, 0.9128225903990728, 0.5, 1.0]","{""time"": 0.0, ""collisions"": 0.05, ""congestion"": 1.0, ""fairness"": 1.0, ""incomplete_base"": 1000.0, ""incomplete_agent"": 10.0}","[16.364401858304298, 17.7214151952916, 13.934475830634524, 8.881373626373628, 11.39308390022676, 16.925184896847025, 19.894360902255634, 21.94490598814633, 14.750255547245079, 16.054220779220778]","[49.2, 53.400000000000006, 39.7, 32.5, 44.1, 36.7, 45.6, 46.6, 38.2, 44.0]"
ga,20,17,13.382374564785025,32.46,45.4,1.863445993356454,5.2,13.131071428571431,22.380000000000003,9.248928571428571,True,0.0,hospital_corridor,28,12,"[11, 29, 47, 53, 61, 73, 89, 97, 101, 109]","[3.008468770260302, 3.7617224531723057, 0.9103586431152003, 0.5, 1.0]","{""time"": 0.0, ""collisions"": 0.05, ""congestion"": 1.0, ""fairness"": 1.0, ""incomplete_base"": 1000.0, ""incomplete_agent"": 10.0}","[16.299785100286535, 13.463300623763882, 12.489775685193692, 13.731186572989852, 8.659813384813384, 13.896290767110703, 14.9375859434683, 14.43913085559427, 12.762196765498652, 13.144679949130989]","[34.9, 31.3, 31.1, 30.5, 25.900000000000002, 31.1, 37.4, 36.9, 31.8, 33.7]"
ga,20,18,14.266585208462484,34.46,50.5,1.766347113224387,5.1,13.531428571428572,23.506666666666668,9.975238095238097,True,0.0,hospital_corridor,28,12,"[11, 29, 47, 53, 61, 73, 89, 97, 101, 109]","[2.8070017825462967, 3.759778148021163, 0.8911466380091019, 0.5, 1.0]","{""time"": 0.0, ""collisions"": 0.05, ""congestion"": 1.0, ""fairness"": 1.0, ""incomplete_base"": 1000.0, ""incomplete_agent"": 10.0}","[19.494275461380727, 11.291124171187462, 12.34857814599194, 12.96739926739927, 10.023809523809526, 13.723005255613952, 16.601919210956154, 15.45002435756912, 12.94537037037037, 17.820346320346317]","[41.800000000000004, 31.6, 31.900000000000002, 35.1, 26.400000000000002, 29.900000000000002, 37.9, 39.1, 32.4, 38.5]"
ga,20,19,14.854582757863215,35.96,48.2,1.8267256150060702,5.1,13.31464285714286,23.932500000000005,10.617857142857144,True,0.0,hospital_corridor,28,12,"[11, 29, 47, 53, 61, 73, 89, 97, 101, 109]","[2.8212602253711188, 3.805197622170059, 0.9106590555840831, 0.5, 1.0]","{""time"": 0.0, ""collisions"": 0.05, ""congestion"": 1.0, ""fairness"": 1.0, ""incomplete_base"": 1000.0, ""incomplete_agent"": 10.0}","[26.50145951035782, 10.667430368373765, 12.693650793650797, 12.127161172161172, 10.252172950964773, 14.51274680603949, 15.598809523809528, 16.450144637294173, 15.373204196933013, 14.36904761904762]","[53.1, 31.8, 31.5, 32.5, 26.900000000000002, 32.800000000000004, 39.2, 42.800000000000004, 35.4, 33.6]"
ga,20,20,13.67275674826438,32.739999999999995,51.1,1.7860900815977119,5.4,12.805000000000001,22.136666666666667,9.331666666666667,True,0.0,hospital_corridor,28,12,"[11, 29, 47, 53, 61, 73, 89, 97, 101, 109]","[2.8599446985896217, 3.79725584776023, 0.8740005311157348, 0.5, 1.0]","{""time"": 0.0, ""collisions"": 0.05, ""congestion"": 1.0, ""fairness"": 1.0, ""incomplete_base"": 1000.0, ""incomplete_agent"": 10.0}","[15.726829268292684, 10.50257051865332, 12.527179308205367, 12.425733525733525, 9.79000626566416, 13.917213642213644, 17.178315168029066, 14.969651011089368, 14.142765567765569, 15.547303206997086]","[36.9, 31.400000000000002, 30.700000000000003, 29.700000000000003, 30.400000000000002, 29.6, 36.7, 36.5, 31.200000000000003, 34.300000000000004]"
ga,20,21,13.67275674826438,32.739999999999995,51.1,1.7860900815977119,5.4,12.805000000000001,22.136666666666667,9.331666666666667,True,0.0,hospital_corridor,28,12,"[11, 29, 47, 53, 61, 73, 89, 97, 101, 109]","[2.8599446985896217, 3.79725584776023, 0.8740005311157348, 0.5, 1.0]","{""time"": 0.0, ""collisions"": 0.05, ""congestion"": 1.0, ""fairness"": 1.0, ""incomplete_base"": 1000.0, ""incomplete_agent"": 10.0}","[15.726829268292684, 10.50257051865332, 12.527179308205367, 12.425733525733525, 9.79000626566416, 13.917213642213644, 17.178315168029066, 14.969651011089368, 14.142765567765569, 15.547303206997086]","[36.9, 31.400000000000002, 30.700000000000003, 29.700000000000003, 30.400000000000002, 29.6, 36.7, 36.5, 31.200000000000003, 34.300000000000004]"
ga,20,22,35.98994206626465,36.89,478.1,1.7555373043598919,5.5,13.606428571428571,23.935833333333335,10.32940476190476,True,0.0,hospital_corridor,28,12,"[11, 29, 47, 53, 61, 73, 89, 97, 101, 109]","[2.3315955035513403, 3.7079763165032302, 0.7685535082916075, 0.5, 1.0]","{""time"": 0.0, ""collisions"": 0.05, ""congestion"": 1.0, ""fairness"": 1.0, ""incomplete_base"": 1000.0, ""incomplete_agent"": 10.0}","[82.08294573643411, 20.52127976190476, 31.766885528584694, 40.802836879432625, 19.266450216450217, 28.36858813700919, 35.970540481638885, 34.318606813002276, 41.59253430185633, 25.20875280633345]","[47.300000000000004, 32.0, 35.9, 32.9, 27.5, 34.2, 43.7, 39.7, 35.4, 40.300000000000004]"
ga,20,23,14.637885478012933,35.11,60.9,1.7018140494415046,4.9,13.133928571428573,23.025,9.891071428571427,True,0.0,hospital_corridor,28,12,"[11, 29, 47, 53, 61, 73, 89, 97, 101, 109]","[3.0350336275920062, 3.7079763165032302, 0.9068166616128885, 0.5, 1.0]","{""time"": 0.0, ""collisions"": 0.05, ""congestion"": 1.0, ""fairness"": 1.0, ""incomplete_base"": 1000.0, ""incomplete_agent"": 10.0}","[21.451663798049342, 15.465833333333336, 12.039262371615314, 13.492162698412695, 10.268697478991596, 14.467989417989418, 15.72452633573323, 13.090526053353278, 15.979059093516923, 14.399134199134199]","[41.5, 40.0, 30.6, 28.8, 34.0, 29.700000000000003, 37.7, 38.2, 33.2, 37.4]"
ga,21,0,12.64340571596162,34.94000000000001,32.2,1.6322152397711456,5.0,13.339642857142858,22.740833333333335,9.401190476190475,True,0.0,hospital_corridor,28,12,"[11, 29, 47, 53, 61, 73, 89, 97, 101, 109]","[2.733545632411585, 3.851743477787148, 0.9123986600119462, 0.5, 1.0]","{""time"": 0.0, ""collisions"": 0.05, ""congestion"": 1.0, ""fairness"": 1.0, ""incomplete_base"": 1000.0, ""incomplete_agent"": 10.0}","[14.661532738095238, 10.444196428571427, 12.455603948896632, 10.659102934102933, 6.704321872015283, 15.310000000000002, 14.840222143447953, 14.620670995670999, 13.781828805141688, 12.95657729367407]","[38.400000000000006, 32.0, 32.800000000000004, 29.700000000000003, 34.9, 35.0, 40.300000000000004, 39.6, 32.6, 34.1]"
ga,21,1,12.77522840150695,34.75000000000001,31.4,1.7212998300783784,5.0,13.23857142857143,22.722500000000004,9.483928571428573,True,0.0,hospital_corridor,28,12,"[11, 29, 47, 53, 61, 73, 89, 97, 101, 109]","[2.8504098647191363, 3.8523113039194623, 0.9134929447829124, 0.5, 1.0]","{""time"": 0.0, ""collisions"": 0.05, ""congestion"": 1.0, ""fairness"": 1.0, ""incomplete_base"": 1000.0, ""incomplete_agent"": 10.0}","[14.674937343358398, 10.539802336028751, 14.145196807046517, 9.225686153423904, 7.7519230769230765, 14.116783762685401, 14.30168120683388, 15.685084766891054, 14.431933842239188, 12.879254719639338]","[38.0, 31.8, 34.6, 34.7, 27.3, 30.5, 39.300000000000004, 38.2, 39.300000000000004, 33.800000000000004]"
ga,21,2,14.344103337903999,36.37,40.1,1.8010080998087603,5.5,13.33107142857143,23.86916666666667,10.538095238095238,True,0.0,hospital_corridor,28,12,"[11, 29, 47, 53, 61, 73, 89, 97, 101, 109]","[2.972160527498265, 4.026231489840712, 0.9070326436583946, 0.5, 1.0]","{""time"": 0.0, ""collisions"": 0.05, ""congestion"": 1.0, ""fairness"": 1.0, ""incomplete_base"": 1000.0, ""incomplete_agent"": 10.0}","[22.798929370405883, 10.48794916739702, 14.692746133823302, 11.071158340636867, 9.540754257907542, 16.717402354200107, 14.731316226222393, 15.042187500000002, 14.428053830227746, 13.930536198219126]","[59.6, 32.6, 31.1, 32.6, 27.400000000000002, 35.6, 37.300000000000004, 38.400000000000006, 32.2, 36.9]"
ga,21,3,19.274010700837575,33.489999999999995,149.1,1.7219868913137677,5.2,12.28464285714286,22.381666666666668,10.097023809523808,True,0.0,hospital_corridor,28,12,"[11, 29, 47, 53, 61, 73, 89, 97, 101, 109]","[2.93263800219037, 3.8924019327767123, 0.8159584648332481, 0.5, 1.0]","{""time"": 0.0, ""collisions"": 0.05, ""congestion"": 1.0, ""fairness"": 1.0, ""incomplete_base"": 1000.0, ""incomplete_agent"": 10.0}","[31.96381873191266, 16.20295885344429, 15.391162093976664, 20.847429414243575, 10.726999101527404, 16.83004439063761, 19.034220080994274, 20.972081413210446, 23.054761904761904, 17.716631023666952]","[36.2, 30.900000000000002, 30.200000000000003, 33.9, 31.8, 29.5, 34.1, 43.400000000000006, 31.5, 33.4]"
ga,21,4,13.193941069730418,35.870000000000005,26.0,1.7817982125875598,5.6,13.970357142857145,24.082500000000003,10.112142857142858,True,0.0,hospital_corridor,28,12,"[11, 29, 47, 53, 61, 73, 89, 97, 101, 109]","[2.8070017825462967, 5.0, 0.8911466380091019, 0.5, 1.0]","{""time"": 0.0, ""collisions"": 0.05, ""congestion"": 1.0, ""fairness"": 1.0, ""incomplete_base"": 1000.0, ""incomplete_agent"": 10.0}","[21.78891453919971, 9.19997854997855, 12.348838296647966, 10.843298059964726, 8.259767118526243, 11.925757575757578, 14.605663682366679, 15.069101300997856, 14.095723596701253, 13.80236797716362]","[52.6, 33.300000000000004, 33.1, 32.4, 27.400000000000002, 33.0, 36.7, 37.7, 35.800000000000004, 36.7]"
ga,21,5,14.266585208462484,34.46,50.5,1.766347113224387,5.1,13.531428571428572,23.506666666666668,9.975238095238097,True,0.0,hospital_corridor,28,12,"[11, 29, 47, 53, 61, 73, 89, 97, 101, 109]","[2.8070017825462967, 3.759778148021163, 0.8911466380091019, 0.5, 1.0]","{""time"": 0.0, ""collisions"": 0.05, ""congestion"": 1.0, ""fairness"": 1.0, ""incomplete_base"": 1000.0, ""incomplete_agent"": 10.0}","[19.494275461380727, 11.291124171187462, 12.34857814599194, 12.96739926739927, 10.023809523809526, 13.723005255613952, 16.601919210956154, 15.45002435756912, 12.94537037037037, 17.820346320346317]","[41.800000000000004, 31.6, 31.900000000000002, 35.1, 26.400000000000002, 29.900000000000002, 37.9, 39.1, 32.4, 38.5]"
ga,21,6,13.464842919583813,33.03,40.0,1.7142476814885748,5.2,12.723571428571429,22.47416666666667,9.750595238095238,True,0.0,hospital_corridor,28,12,"[11, 29, 47, 53, 61, 73, 89, 97, 101, 109]","[3.007819320308278, 3.865498199296587, 0.9113694879463716, 0.5, 1.0]","{""time"": 0.0, ""collisions"": 0.05, ""congestion"": 1.0, ""fairness"": 1.0, ""incomplete_base"": 1000.0, ""incomplete_agent"": 10.0}","[13.942142857142859, 10.548135669362086, 11.939041311888992, 17.3915854978355, 8.499017743979723, 13.6327694235589, 16.30271288139921, 15.059186401833461, 14.524603174603177, 12.809234234234236]","[35.0, 31.8, 30.200000000000003, 35.2, 26.3, 32.300000000000004, 37.300000000000004, 37.4, 31.5, 33.300000000000004]"
ga,21,7,12.61550389741612,37.29,20.6,1.6688372307494526,5.1,14.105,24.02166666666667,9.916666666666668,True,0.0,hospital_corridor,28,12,"[11, 29, 47, 53, 61, 73, 89, 97, 101, 109]","[2.74324990040239, 4.449777388625987, 0.9111927154331668, 0.5, 1.0]","{""time"": 0.0, ""collisions"": 0.05, ""congestion"": 1.0, ""fairness"": 1.0, ""incomplete_base"": 1000.0, ""incomplete_agent"": 10.0}","[13.873954638288726, 9.24530362603757, 12.291227106227105, 11.831950844854072, 8.707946536015129, 13.409772129710781, 14.86609657947686, 15.621378838741762, 12.636403080594423, 13.671005594214764]","[44.300000000000004, 32.7, 32.5, 43.400000000000006, 27.700000000000003, 32.6, 42.6, 38.300000000000004, 43.900000000000006, 34.9]"
ga,21,8,13.49148776660594,33.470000000000006,45.3,1.7777972904154662,5.2,13.142142857142858,22.590833333333336,9.448690476190475,True,0.0,hospital_corridor,28,12,"[11, 29, 47, 53, 61, 73, 89, 97, 101, 109]","[2.8306265011012695, 3.8095324450171466, 0.8963240127161906, 0.5, 1.0]","{""time"": 0.0, ""collisions"": 0.05, ""congestion"": 1.0, ""fairness"": 1.0, ""incomplete_base"": 1000.0, ""incomplete_agent"": 10.0}","[16.37717792543374, 11.225872004852897, 13.173188405797102, 11.622341813437703, 8.179220779220778, 13.136927223719677, 15.672882136279927, 15.619019933554814, 13.89696172947707, 16.011285714285712]","[38.7, 31.400000000000002, 32.2, 29.200000000000003, 26.400000000000002, 31.8, 36.2, 38.7, 32.6, 37.5]"
ga,21,9,14.624798514624182,37.35,50.8,1.7144413717670388,5.2,14.07214285714286,24.442500000000003,10.370357142857143,True,0.0,hospital_corridor,28,12,"[11, 29, 47, 53, 61, 73, 89, 97, 101, 109]","[2.6498597427474664, 3.839466880530231, 0.8900751784114904, 0.5, 1.0]","{""time"": 0.0, ""collisions"": 0.05, ""congestion"": 1.0, ""fairness"": 1.0, ""incomplete_base"": 1000.0, ""incomplete_agent"": 10.0}","[17.991152597402596, 11.005846895720314, 13.51157059314954, 13.96431026018655, 12.61794871794872, 14.027107037505267, 15.800324675324678, 14.281743002544532, 19.075362318840583, 13.972619047619048]","[35.2, 31.6, 34.2, 48.5, 32.5, 33.9, 39.6, 39.300000000000004, 43.7, 35.0]"
ga,21,10,14.148090885433389,35.31,47.7,1.6276146949571981,4.9,13.130357142857145,23.265833333333337,10.13547619047619,True,0.0,hospital_corridor,28,12,"[11, 29, 47, 53, 61, 73, 89, 97, 101, 109]","[2.7900126206002684, 3.6481653533996528, 0.8995857710324823, 0.5, 1.0]","{""time"": 0.0, ""collisions"": 0.05, ""congestion"": 1.0, ""fairness"": 1.0, ""incomplete_base"": 1000.0, ""incomplete_agent"": 10.0}","[17.801265720735245, 11.300872004852899, 12.776618015627303, 13.383549783549785, 9.014069264069263, 14.127700348432056, 15.577998456240351, 16.451929392446633, 15.962576687116567, 15.084329181263787]","[44.300000000000004, 31.400000000000002, 32.300000000000004, 33.0, 26.400000000000002, 32.800000000000004, 40.1, 43.5, 32.6, 36.7]"
ga,21,11,14.694406696854863,38.1,52.1,1.668454315902481,5.2,14.153214285714284,24.574166666666667,10.42095238095238,True,0.0,hospital_corridor,28,12,"[11, 29, 47, 53, 61, 73, 89, 97, 101, 109]","[2.4239850180793243, 3.2836960295676394, 0.8956637298651198, 0.5, 1.0]","{""time"": 0.0, ""collisions"": 0.05, ""congestion"": 1.0, ""fairness"": 1.0, ""incomplete_base"": 1000.0, ""incomplete_agent"": 10.0}","[14.521258503401361, 10.307310838445806, 13.129837599779798, 17.10036715620828, 10.635714285714288, 15.938381771046528, 15.678143299082976, 18.89503348214286, 15.661794019933556, 15.076226012793178]","[39.2, 32.6, 34.6, 42.800000000000004, 28.0, 34.9, 43.1, 51.2, 34.4, 40.2]"
ga,21,12,13.916152070660416,34.54,47.3,1.6813901658985124,5.6,12.89857142857143,22.768333333333334,9.869761904761905,True,0.0,hospital_corridor,28,12,"[11, 29, 47, 53, 61, 73, 89, 97, 101, 109]","[2.9295415142804195, 3.726827350420578, 0.8971165419089786, 0.5, 1.0]","{""time"": 0.0, ""collisions"": 0.05, ""congestion"": 1.0, ""fairness"": 1.0, ""incomplete_base"": 1000.0, ""incomplete_agent"": 10.0}","[18.14341085271318, 10.07857142857143, 12.541666666666664, 15.447350922350921, 8.48913519430761, 16.102396657871594, 15.667293233082708, 14.851344852155329, 14.975606469002697, 12.864744429882045]","[43.0, 31.5, 31.0, 33.300000000000004, 26.1, 37.9, 38.0, 40.1, 31.8, 32.7]"
ga,21,13,15.360743280746508,44.56,28.7,1.3290766140798413,5.1,15.040000000000001,27.636666666666667,12.596666666666668,True,0.0,hospital_corridor,28,12,"[11, 29, 47, 53, 61, 73, 89, 97, 101, 109]","[2.005955769065821, 3.778404813842882, 0.8837006508196448, 0.5, 1.0]","{""time"": 0.0, ""collisions"": 0.05, ""congestion"": 1.0, ""fairness"": 1.0, ""incomplete_base"": 1000.0, ""incomplete_agent"": 10.0}","[12.629001721170393, 9.451294383089893, 14.79700328407225, 14.571613011401743, 11.399120968680872, 15.126885644768858, 18.899050481916213, 22.77059800664452, 15.414073550212164, 18.548791755508173]","[41.5, 40.1, 43.5, 49.7, 40.900000000000006, 41.1, 49.900000000000006, 51.6, 40.400000000000006, 46.900000000000006]"
ga,21,14,14.82002014123149,34.11,61.5,1.756329665041013,5.3,13.044642857142856,23.033333333333335,9.988690476190477,True,0.0,hospital_corridor,28,12,"[11, 29, 47, 53, 61, 73, 89, 97, 101, 109]","[2.904930264000841, 3.778166813255822, 0.9054260684626458, 0.5, 1.0]","{""time"": 0.0, ""collisions"": 0.05, ""congestion"": 1.0, ""fairness"": 1.0, ""incomplete_base"": 1000.0, ""incomplete_agent"": 10.0}","[30.7373999157185, 10.47204446447349, 12.821280237334552, 11.867623956799218, 9.992509558567953, 13.183575464083939, 15.92216704863764, 14.676742758959255, 14.532499363381717, 13.994358644358645]","[45.2, 31.700000000000003, 31.3, 29.1, 27.400000000000002, 29.5, 37.4, 38.800000000000004, 37.4, 33.300000000000004]"
ga,21,15,14.856399822508742,37.400000000000006,34.6,1.6644950606039792,4.8,13.483928571428573,24.945833333333333,11.461904761904762,True,0.0,hospital_corridor,28,12,"[11, 29, 47, 53, 61, 73, 89, 97, 101, 109]","[2.991286550310493, 4.286752507326255, 0.9073009867379049, 0.5, 1.0]","{""time"": 0.0, ""collisions"": 0.05, ""congestion"": 1.0, ""fairness"": 1.0, ""incomplete_base"": 1000.0, ""incomplete_agent"": 10.0}","[20.598545572074986, 10.493491321762349, 11.67554322699954, 17.47857920946156, 11.518223443223444, 15.10280112044818, 17.315691788526433, 17.78781512605042, 12.474714586149918, 14.118592830390583]","[44.2, 32.1, 30.900000000000002, 45.900000000000006, 39.0, 34.0, 38.1, 42.5, 31.700000000000003, 35.6]"
ga,21,16,13.96421033141095,34.559999999999995,52.9,1.6646865218871412,5.0,13.144642857142856,22.799166666666668,9.654523809523809,True,0.0,hospital_corridor,28,12,"[11, 29, 47, 53, 61, 73, 89, 97, 101, 109]","[2.8070017825462967, 3.759778148021163, 0.8805852538351412, 0.5, 1.0]","{""time"": 0.0, ""collisions"": 0.05, ""congestion"": 1.0, ""fairness"": 1.0, ""incomplete_base"": 1000.0, ""incomplete_agent"": 10.0}","[19.08529411764706, 10.971801308382776, 12.431461491348953, 14.7773127085229, 8.46103235187205, 13.218692841374963, 15.551448362720404, 14.71748120300752, 16.38148893360161, 14.046089995631283]","[47.6, 31.3, 31.1, 31.400000000000002, 26.200000000000003, 30.200000000000003, 39.7, 39.900000000000006, 35.5, 32.7]"
ga,21,17,15.987269509955311,34.14999999999999,84.7,1.7829837956695969,5.6,12.663214285714286,22.6325,9.969285714285714,True,0.0,hospital_corridor,28,12,"[11, 29, 47, 53, 61, 73, 89, 97, 101, 109]","[3.399783754706514, 3.759778148021163, 0.891146638009102, 0.5, 1.0]","{""time"": 0.0, ""collisions"": 0.05, ""congestion"": 1.0, ""fairness"": 1.0, ""incomplete_base"": 1000.0, ""incomplete_agent"": 10.0}","[21.11364344102764, 18.10607248834252, 12.25765306122449, 22.323132704858594, 11.512593984962407, 14.261111111111111, 15.271950470732705, 14.638289036544853, 14.085119047619049, 16.303129753129756]","[36.7, 33.7, 29.400000000000002, 39.400000000000006, 30.400000000000002, 31.5, 34.9, 34.4, 30.400000000000002, 40.7]"
ga,21,18,13.743084419324067,35.09,39.9,1.6283225145621611,4.8,13.25357142857143,23.37333333333334,10.119761904761905,True,0.0,hospital_corridor,28,12,"[11, 29, 47, 53, 61, 73, 89, 97, 101, 109]","[2.806788274612169, 3.851943808114596, 0.9129640848670905, 0.5, 1.0]","{""time"": 0.0, ""collisions"": 0.05, ""congestion"": 1.0, ""fairness"": 1.0, ""incomplete_base"": 1000.0, ""incomplete_agent"": 10.0}","[21.950053304904053, 10.861411149825786, 11.990773809523809, 10.967063492063492, 7.741358341897909, 13.600788546930028, 15.48568287473301, 16.35824152283021, 15.200015223480698, 13.275455927051672]","[46.900000000000006, 32.800000000000004, 32.0, 31.5, 27.8, 31.1, 37.9, 38.900000000000006, 39.1, 32.9]"
ga,21,19,13.604219594387722,35.82000000000001,32.9,1.6702910229591488,5.0,13.218571428571428,23.5075,10.288928571428572,True,0.0,hospital_corridor,28,12,"[11, 29, 47, 53, 61, 73, 89, 97, 101, 109]","[2.82967196926085, 3.8161494734395847, 0.9130086172749421, 0.5, 1.0]","{""time"": 0.0, ""collisions"": 0.05, ""congestion"": 1.0, ""fairness"": 1.0, ""incomplete_base"": 1000.0, ""incomplete_agent"": 10.0}","[16.986904761904764, 10.73776721214802, 16.858009224632262, 9.616019818331957, 8.520754716981132, 13.063331756543677, 15.009158889686526, 15.911033681765387, 13.592192072359673, 15.74702380952381]","[46.2, 32.300000000000004, 38.2, 34.6, 26.5, 30.200000000000003, 39.800000000000004, 41.0, 35.800000000000004, 33.6]"
ga,21,20,12.451078464085459,34.3,24.8,1.6586975117045053,5.6,13.141785714285714,22.694166666666668,9.552380952380952,True,0.0,hospital_corridor,28,12,"[11, 29, 47, 53, 61, 73, 89, 97, 101, 109]","[2.7332960976752196, 3.834052550174368, 0.9130452600783056, 0.5, 1.0]","{""time"": 0.0, ""collisions"": 0.05, ""congestion"": 1.0, ""fairness"": 1.0, ""incomplete_base"": 1000.0, ""incomplete_agent"": 10.0}","[10.754187192118227, 10.304920389208315, 13.660493827160494, 10.161673773987207, 7.987643378519291, 14.502694610778443, 14.915977443609025, 17.132419712070874, 12.249934268185802, 12.840840045216899]","[34.800000000000004, 32.300000000000004, 32.4, 33.5, 27.400000000000002, 33.4, 39.900000000000006, 43.0, 32.6, 33.7]"
ga,21,21,13.55855850577929,36.11000000000001,30.3,1.7053442200650029,5.4,13.361785714285716,23.700000000000003,10.338214285714287,True,0.0,hospital_corridor,28,12,"[11, 29, 47, 53, 61, 73, 89, 97, 101, 109]","[2.7255480847380804, 3.8461785859877375, 0.912416520087496, 0.5, 1.0]","{""time"": 0.0, ""collisions"": 0.05, ""congestion"": 1.0, ""fairness"": 1.0, ""incomplete_base"": 1000.0, ""incomplete_agent"": 10.0}","[20.290836101882615, 10.504017857142859, 12.691754850088184, 12.769372294372296, 9.054993860008189, 15.718012116089042, 14.616326530612245, 14.47676970543719, 12.734930313588851, 12.72857142857143]","[43.0, 32.0, 32.4, 38.5, 34.9, 33.800000000000004, 39.2, 40.900000000000006, 32.800000000000004, 33.6]"
ga,21,22,58.36695263906249,30.919999999999995,941.9,1.8693335914434432,5.5,11.838214285714287,21.240833333333335,9.40261904761905,True,0.0,hospital_corridor,28,12,"[11, 29, 47, 53, 61, 73, 89, 97, 101, 109]","[2.855759466606915, 3.704394078464046, 0.7267913844392057, 0.5, 1.0]","{""time"": 0.0, ""collisions"": 0.05, ""congestion"": 1.0, ""fairness"": 1.0, ""incomplete_base"": 1000.0, ""incomplete_agent"": 10.0}","[92.60857070925049, 42.771074646074645, 66.94001210653752, 75.92985129205266, 41.295952380952386, 40.142899209153626, 52.21183101559208, 75.69510281385281, 56.42695330559409, 39.64727891156463]","[33.1, 29.6, 29.5, 29.3, 30.0, 28.3, 33.9, 35.2, 30.900000000000002, 29.400000000000002]"
ga,21,23,1021.1918781374175,41.85000000000001,37.0,1.7350352802746485,5.3,12.773157142857144,23.380000000000003,10.606842857142857,False,0.7,hospital_corridor,28,12,"[11, 29, 47, 53, 61, 73, 89, 97, 101, 109]","[2.873343624124473, 3.7863058464141566, 0.9061549297399399, 0.5, 1.0]","{""time"": 0.0, ""collisions"": 0.05, ""congestion"": 1.0, ""fairness"": 1.0, ""incomplete_base"": 1000.0, ""incomplete_agent"": 10.0}","[1083.414, 18.631169729302506, 13.054029304029303, 14.887901021435765, 8.851502077341005, 14.08609391124871, 15.671929824561406, 15.045974472263136, 13.375545171339565, 14.900635862653669]","[100.0, 48.2, 32.5, 33.1, 29.8, 32.300000000000004, 38.0, 38.800000000000004, 32.1, 33.7]"
ga,22,0,12.451078464085459,34.3,24.8,1.6586975117045053,5.6,13.141785714285714,22.694166666666668,9.552380952380952,True,0.0,hospital_corridor,28,12,"[11, 29, 47, 53, 61, 73, 89, 97, 101, 109]","[2.7332960976752196, 3.834052550174368, 0.9130452600783056, 0.5, 1.0]","{""time"": 0.0, ""collisions"": 0.05, ""congestion"": 1.0, ""fairness"": 1.0, ""incomplete_base"": 1000.0, ""incomplete_agent"": 10.0}","[10.754187192118227, 10.304920389208315, 13.660493827160494, 10.161673773987207, 7.987643378519291, 14.502694610778443, 14.915977443609025, 17.132419712070874, 12.249934268185802, 12.840840045216899]","[34.800000000000004, 32.300000000000004, 32.4, 33.5, 27.400000000000002, 33.4, 39.900000000000006, 43.0, 32.6, 33.7]"
ga,22,1,12.61550389741612,37.29,20.6,1.6688372307494526,5.1,14.105,24.02166666666667,9.916666666666668,True,0.0,hospital_corridor,28,12,"[11, 29, 47, 53, 61, 73, 89, 97, 101, 109]","[2.74324990040239, 4.449777388625987, 0.9111927154331668, 0.5, 1.0]","{""time"": 0.0, ""collisions"": 0.05, ""congestion"": 1.0, ""fairness"": 1.0, ""incomplete_base"": 1000.0, ""incomplete_agent"": 10.0}","[13.873954638288726, 9.24530362603757, 12.291227106227105, 11.831950844854072, 8.707946536015129, 13.409772129710781, 14.86609657947686, 15.621378838741762, 12.636403080594423, 13.671005594214764]","[44.300000000000004, 32.7, 32.5, 43.400000000000006, 27.700000000000003, 32.6, 42.6, 38.300000000000004, 43.900000000000006, 34.9]"
ga,22,2,1172.1624134179515,39.71,3185.7,1.8734090889472401,6.0,12.581071428571429,22.58507575757576,10.00400432900433,False,0.1,hospital_corridor,28,12,"[11, 29, 47, 53, 61, 73, 89, 97, 101, 109]","[2.740351215467132, 4.00330168828281, 0.5, 0.5, 1.0]","{""time"": 0.0, ""collisions"": 0.05, ""congestion"": 1.0, ""fairness"": 1.0, ""incomplete_base"": 1000.0, ""incomplete_agent"": 10.0}","[1209.2246623376623, 164.20278505897775, 138.10588867654084, 186.1154048370137, 164.2872448979592, 138.39019234028132, 197.59022356953392, 194.08393306944944, 172.39903748733536, 157.22476190476192]","[100.0, 32.7, 29.900000000000002, 31.700000000000003, 29.400000000000002, 28.1, 37.7, 39.7, 32.9, 35.0]"
ga,22,3,1125.0107593581674,100.0,6.2,0.5177,3.8,14.02587318151517,25.208932539682543,11.183059358167371,False,11.3,hospital_corridor,28,12,"[11, 29, 47, 53, 61, 73, 89, 97, 101, 109]","[2.736444317346843, 4.298219178130325, 1.177559342146047, 0.5, 1.0]","{""time"": 0.0, ""collisions"": 0.05, ""congestion"": 1.0, ""fairness"": 1.0, ""incomplete_base"": 1000.0, ""incomplete_agent"": 10.0}","[1097.2627142857143, 1151.2815947712418, 1081.8262777777777, 1128.2159941520467, 1149.8637777777778, 1093.6206038647342, 1074.4597777777778, 1225.76675, 1090.4297142857142, 1157.3803888888888]","[100.0, 100.0, 100.0, 100.0, 100.0, 100.0, 100.0, 100.0, 100.0, 100.0]"
ga,22,4,20.056788166260635,31.28,179.9,1.7979786424511104,5.4,11.737857142857143,21.001666666666665,9.263809523809524,True,0.0,hospital_corridor,28,12,"[11, 29, 47, 53, 61, 73, 89, 97, 101, 109]","[4.318051183155305, 3.8220119470215392, 0.8936801045319506, 0.5, 1.0]","{""time"": 0.0, ""collisions"": 0.05, ""congestion"": 1.0, ""fairness"": 1.0, ""incomplete_base"": 1000.0, ""incomplete_agent"": 10.0}","[36.00912698412698, 24.014047619047616, 14.168948412698413, 26.15025863380496, 12.824633699633699, 14.545660522273426, 20.490008764241896, 20.59549689440994, 16.127018633540374, 15.642681498829042]","[36.0, 35.0, 28.8, 31.3, 28.6, 27.900000000000002, 32.6, 34.5, 27.6, 30.5]"
ga,22,5,14.199716932603605,37.190000000000005,33.0,1.6528121706988443,5.2,13.69142857142857,24.58833333333333,10.89690476190476,True,0.0,hospital_corridor,28,12,"[11, 29, 47, 53, 61, 73, 89, 97, 101, 109]","[2.808586228743892, 4.694756823549131, 0.8937905461933419, 0.5, 1.0]","{""time"": 0.0, ""collisions"": 0.05, ""congestion"": 1.0, ""fairness"": 1.0, ""incomplete_base"": 1000.0, ""incomplete_agent"": 10.0}","[17.38008421709295, 15.442707272932925, 11.978292806484296, 14.390259740259742, 10.934280389472082, 14.28664100370687, 14.746179815209668, 14.447535211267606, 14.33331501831502, 14.057873851294904]","[45.800000000000004, 42.1, 32.9, 44.0, 31.3, 33.4, 40.2, 35.5, 32.5, 34.2]"
ga,22,6,13.637432545980468,34.97,45.9,1.6831468316947533,5.4,13.473214285714286,23.132500000000004,9.659285714285716,True,0.0,hospital_corridor,28,12,"[11, 29, 47, 53, 61, 73, 89, 97, 101, 109]","[2.78838576769251, 3.8634645379112076, 0.9002081901862502, 0.5, 1.0]","{""time"": 0.0, ""collisions"": 0.05, ""congestion"": 1.0, ""fairness"": 1.0, ""incomplete_base"": 1000.0, ""incomplete_agent"": 10.0}","[18.84700037495313, 10.976339285714285, 12.480294386125058, 10.013945578231294, 9.20030303030303, 13.581410256410258, 15.40509775698693, 15.962084456424082, 15.093003663003664, 14.814846671652957]","[50.800000000000004, 32.0, 31.3, 29.400000000000002, 27.5, 31.200000000000003, 39.7, 37.1, 32.5, 38.2]"
ga,22,7,13.113446871419907,36.800000000000004,23.5,1.621184966657999,5.0,13.41857142857143,23.735833333333336,10.317261904761907,True,0.0,hospital_corridor,28,12,"[11, 29, 47, 53, 61, 73, 89, 97, 101, 109]","[2.761865915256177, 4.346090998735942, 0.9021311632560185, 0.5, 1.0]","{""time"": 0.0, ""collisions"": 0.05, ""congestion"": 1.0, ""fairness"": 1.0, ""incomplete_base"": 1000.0, ""incomplete_agent"": 10.0}","[11.556905314329908, 10.50074404761905, 12.38036980749747, 12.740320910973086, 8.42210947109471, 14.379426559356137, 15.94846702021876, 17.428298453139217, 14.946539600296077, 12.831287529674626]","[43.1, 32.0, 32.9, 34.5, 27.1, 35.5, 43.1, 47.1, 38.6, 34.1]"
ga,22,8,14.230706962823714,36.790000000000006,32.7,1.7093974390141895,5.4,13.322857142857142,24.20916666666667,10.886309523809524,True,0.0,hospital_corridor,28,12,"[11, 29, 47, 53, 61, 73, 89, 97, 101, 109]","[2.7335379869371152, 3.8463002760925247, 0.9124046446622099, 0.5, 1.0]","{""time"": 0.0, ""collisions"": 0.05, ""congestion"": 1.0, ""fairness"": 1.0, ""incomplete_base"": 1000.0, ""incomplete_agent"": 10.0}","[15.917039282556521, 17.017105263157898, 12.74017223910841, 18.317371181734032, 8.796428571428573, 14.29973707274321, 14.916326530612247, 14.804000483442106, 12.752950628104003, 12.745938375350143]","[37.7, 45.6, 32.9, 46.300000000000004, 27.6, 32.6, 39.2, 39.400000000000006, 32.6, 34.0]"
ga,22,9,14.164917838587154,33.14,54.5,1.693013076682392,5.0,12.931428571428572,22.67833333333333,9.746904761904762,True,0.0,hospital_corridor,28,12,"[11, 29, 47, 53, 61, 73, 89, 97, 101, 109]","[2.7255557302125504, 3.2075085231420584, 0.9124105354372323, 0.5, 1.0]","{""time"": 0.0, ""collisions"": 0.05, ""congestion"": 1.0, ""fairness"": 1.0, ""incomplete_base"": 1000.0, ""incomplete_agent"": 10.0}","[16.958928571428572, 10.206311769991014, 12.418322981366462, 16.032450076804917, 9.255075187969926, 15.316151046405825, 16.719814260782847, 14.934899749373434, 15.016578483245151, 14.7906462585034]","[33.6, 31.8, 32.2, 31.0, 26.6, 31.400000000000002, 38.2, 39.900000000000006, 32.4, 34.300000000000004]"
ga,22,10,1184.3485989023095,42.14,3417.7,1.8249841836948093,6.4,13.264642857142857,23.90325757575758,10.63861471861472,False,0.1,hospital_corridor,28,12,"[11, 29, 47, 53, 61, 73, 89, 97, 101, 109]","[2.3502982642956924, 3.6455046910084854, 0.5002755521457682, 0.5, 1.0]","{""time"": 0.0, ""collisions"": 0.05, ""congestion"": 1.0, ""fairness"": 1.0, ""incomplete_base"": 1000.0, ""incomplete_agent"": 10.0}","[1206.8031948051948, 202.3514565043895, 141.69118440577364, 175.4605090311987, 174.44994145199064, 174.33488135868683, 204.1342105263158, 218.17141687141685, 174.15091036414566, 171.9382837039829]","[100.0, 35.800000000000004, 35.300000000000004, 34.800000000000004, 30.5, 29.3, 38.0, 40.7, 39.1, 37.9]"
ga,22,11,14.234210378613984,34.4,41.4,1.7359960928996983,5.3,12.944285714285716,23.372500000000002,10.428214285714287,True,0.0,hospital_corridor,28,12,"[11, 29, 47, 53, 61, 73, 89, 97, 101, 109]","[2.7367108379027147, 3.8396235939487044, 0.8974951026206663, 0.5, 1.0]","{""time"": 0.0, ""collisions"": 0.05, ""congestion"": 1.0, ""fairness"": 1.0, ""incomplete_base"": 1000.0, ""incomplete_agent"": 10.0}","[23.012173579109064, 10.702395879982088, 13.046443178498393, 12.575803212851408, 9.256709956709956, 16.197109826589596, 15.568115942028987, 15.235870413739265, 14.023282470883093, 12.724199325748]","[43.400000000000006, 31.900000000000002, 32.6, 33.2, 26.400000000000002, 34.6, 39.1, 36.6, 32.300000000000004, 33.9]"
ga,22,12,13.17055820628044,37.11,23.2,1.5736534443756776,5.0,13.708928571428572,24.145833333333336,10.436904761904762,True,0.0,hospital_corridor,28,12,"[11, 29, 47, 53, 61, 73, 89, 97, 101, 109]","[2.6797828182724373, 4.690723286080902, 0.9000830670804274, 0.5, 1.0]","{""time"": 0.0, ""collisions"": 0.05, ""congestion"": 1.0, ""fairness"": 1.0, ""incomplete_base"": 1000.0, ""incomplete_agent"": 10.0}","[18.87355589068641, 9.27558428279287, 12.532142857142858, 9.759717607973421, 9.84452965235174, 12.930564784053157, 15.22919254658385, 15.553107391448458, 12.639895470383276, 15.067291579388353]","[52.1, 32.6, 33.6, 34.4, 32.6, 34.4, 41.400000000000006, 43.1, 32.800000000000004, 34.1]"
ga,22,13,13.61926586587815,37.230000000000004,31.6,1.707003961116246,5.4,14.03857142857143,24.370833333333334,10.332261904761904,True,0.0,hospital_corridor,28,12,"[11, 29, 47, 53, 61, 73, 89, 97, 101, 109]","[2.416033447958273, 3.85634924111029, 0.9011848267642297, 0.5, 1.0]","{""time"": 0.0, ""collisions"": 0.05, ""congestion"": 1.0, ""fairness"": 1.0, ""incomplete_base"": 1000.0, ""incomplete_agent"": 10.0}","[14.566430928807165, 10.174097252193931, 13.687524596615507, 11.564835164835166, 9.947859262399321, 13.31599025974026, 15.469376026272576, 17.425451559934316, 14.116439581612992, 15.924654026370273]","[40.400000000000006, 33.1, 36.300000000000004, 31.200000000000003, 33.7, 35.2, 43.5, 40.6, 34.6, 43.7]"
ga,22,14,12.818304780348068,36.9,20.5,1.874376208919496,5.6,14.128571428571428,24.047500000000003,9.918928571428571,True,0.0,hospital_corridor,28,12,"[11, 29, 47, 53, 61, 73, 89, 97, 101, 109]","[2.7335721379774296, 4.416470177915443, 0.9122476463463671, 0.5, 1.0]","{""time"": 0.0, ""collisions"": 0.05, ""congestion"": 1.0, ""fairness"": 1.0, ""incomplete_base"": 1000.0, ""incomplete_agent"": 10.0}","[10.5731684981685, 9.254338299737073, 12.09565637065637, 11.314603960396042, 8.410346964064436, 13.526439645625695, 18.283619047619045, 15.359463532248341, 12.188568166992827, 17.176843317972352]","[39.0, 32.6, 33.300000000000004, 30.3, 26.900000000000002, 34.4, 50.0, 39.5, 36.5, 46.5]"
ga,22,15,14.860431359494525,40.9,39.7,1.5757885023516667,5.3,14.802857142857144,26.1025,11.299642857142858,True,0.0,hospital_corridor,28,12,"[11, 29, 47, 53, 61, 73, 89, 97, 101, 109]","[2.387927807806576, 3.885050688497692, 0.911343729098746, 0.5, 1.0]","{""time"": 0.0, ""collisions"": 0.05, ""congestion"": 1.0, ""fairness"": 1.0, ""incomplete_base"": 1000.0, ""incomplete_agent"": 10.0}","[20.707980599647264, 15.1088298955946, 13.198844631686457, 10.139321250888417, 11.0086604870956, 12.753814785582742, 16.71295681063123, 16.935119047619047, 16.047242572242574, 15.991543513957307]","[56.7, 37.4, 37.300000000000004, 40.2, 39.300000000000004, 36.2, 43.0, 43.2, 35.1, 40.6]"
ga,22,16,50.44795885076081,32.040000000000006,779.3,1.817720755522717,5.5,12.196428571428573,21.861666666666668,9.665238095238097,True,0.0,hospital_corridor,28,12,"[11, 29, 47, 53, 61, 73, 89, 97, 101, 109]","[2.82967196926085, 3.8161494734395847, 0.7416367201209513, 0.5, 1.0]","{""time"": 0.0, ""collisions"": 0.05, ""congestion"": 1.0, ""fairness"": 1.0, ""incomplete_base"": 1000.0, ""incomplete_agent"": 10.0}","[108.34080459770117, 33.30703815728246, 52.127529286474974, 56.79515982863734, 41.51091508892714, 39.84953542392567, 45.103647416413374, 42.91954887218045, 51.19681889149103, 33.32859094457456]","[34.800000000000004, 30.700000000000003, 31.3, 28.900000000000002, 33.2, 28.700000000000003, 37.6, 34.2, 30.5, 30.5]"
ga,22,17,13.464842919583813,33.03,40.0,1.7142476814885748,5.2,12.723571428571429,22.47416666666667,9.750595238095238,True,0.0,hospital_corridor,28,12,"[11, 29, 47, 53, 61, 73, 89, 97, 101, 109]","[3.007819320308278, 3.865498199296587, 0.9113694879463716, 0.5, 1.0]","{""time"": 0.0, ""collisions"": 0.05, ""congestion"": 1.0, ""fairness"": 1.0, ""incomplete_base"": 1000.0, ""incomplete_agent"": 10.0}","[13.942142857142859, 10.548135669362086, 11.939041311888992, 17.3915854978355, 8.499017743979723, 13.6327694235589, 16.30271288139921, 15.059186401833461, 14.524603174603177, 12.809234234234236]","[35.0, 31.8, 30.200000000000003, 35.2, 26.3, 32.300000000000004, 37.300000000000004, 37.4, 31.5, 33.300000000000004]"
ga,22,18,13.36051042466309,35.43000000000001,36.4,1.6708675675202318,5.2,13.465357142857144,23.335,9.869642857142859,True,0.0,hospital_corridor,28,12,"[11, 29, 47, 53, 61, 73, 89, 97, 101, 109]","[2.733542865127958, 3.850888569256708, 0.9127714614169062, 0.5, 1.0]","{""time"": 0.0, ""collisions"": 0.05, ""congestion"": 1.0, ""fairness"": 1.0, ""incomplete_base"": 1000.0, ""incomplete_agent"": 10.0}","[17.75285160575858, 13.669545957918054, 12.488829787234042, 10.876702085792997, 8.580213764337852, 13.966968574173187, 14.606972789115645, 14.803679653679652, 13.870183486238535, 12.98915654238235]","[43.0, 34.4, 32.9, 36.300000000000004, 27.400000000000002, 34.7, 39.2, 39.6, 32.7, 34.1]"
ga,22,19,14.466597547622165,34.1,59.0,1.81921659524121,5.7,12.909285714285716,22.606666666666673,9.697380952380954,True,0.0,hospital_corridor,28,12,"[11, 29, 47, 53, 61, 73, 89, 97, 101, 109]","[3.285554762709069, 3.8349074587048086, 0.9126724586733457, 0.5, 1.0]","{""time"": 0.0, ""collisions"": 0.05, ""congestion"": 1.0, ""fairness"": 1.0, ""incomplete_base"": 1000.0, ""incomplete_agent"": 10.0}","[20.15781195689955, 15.248684210526314, 12.22027417027417, 14.196861471861473, 10.100007883948283, 13.093993330231115, 15.233514492753624, 17.794362455726095, 13.722072281681402, 12.898393222319603]","[41.1, 39.900000000000006, 29.700000000000003, 33.0, 30.200000000000003, 30.700000000000003, 36.800000000000004, 36.300000000000004, 30.700000000000003, 32.6]"
ga,22,20,1177.0526836062627,39.88000000000001,3284.1,1.8728675889466806,6.0,12.695714285714285,22.670530303030304,9.97481601731602,False,0.1,hospital_corridor,28,12,"[11, 29, 47, 53, 61, 73, 89, 97, 101, 109]","[2.731682995264495, 4.035862996239038, 0.5, 0.5, 1.0]","{""time"": 0.0, ""collisions"": 0.05, ""congestion"": 1.0, ""fairness"": 1.0, ""incomplete_base"": 1000.0, ""incomplete_agent"": 10.0}","[1205.2434935064935, 199.60992063492066, 139.13723522853957, 175.17672173103773, 156.53826530612247, 156.90275377054738, 220.05679271708686, 193.07043378995434, 169.1654761904762, 155.62574318744842]","[100.0, 36.0, 29.900000000000002, 30.700000000000003, 29.400000000000002, 28.1, 40.800000000000004, 36.5, 32.800000000000004, 34.6]"
ga,22,21,1142.3775425460885,100.0,15.6,0.39170000000000005,3.3,14.26017260542661,25.466015151515148,11.205842546088542,False,13.0,hospital_corridor,28,12,"[11, 29, 47, 53, 61, 73, 89, 97, 101, 109]","[2.7274107218851706, 3.849542144347708, 1.3186413094785465, 0.5, 1.0]","{""time"": 0.0, ""collisions"": 0.05, ""congestion"": 1.0, ""fairness"": 1.0, ""incomplete_base"": 1000.0, ""incomplete_agent"": 10.0}","[1117.6434736842104, 1162.4373896103896, 1120.0265396825396, 1125.5909298245615, 1128.8199415204679, 1141.9997142857144, 1085.6909130434783, 1200.5423333333333, 1129.066857142857, 1211.9573333333333]","[100.0, 100.0, 100.0, 100.0, 100.0, 100.0, 100.0, 100.0, 100.0, 100.0]"
ga,22,22,12.61550389741612,37.29,20.6,1.6688372307494526,5.1,14.105,24.02166666666667,9.916666666666668,True,0.0,hospital_corridor,28,12,"[11, 29, 47, 53, 61, 73, 89, 97, 101, 109]","[2.74324990040239, 4.449777388625987, 0.9111927154331668, 0.5, 1.0]","{""time"": 0.0, ""collisions"": 0.05, ""congestion"": 1.0, ""fairness"": 1.0, ""incomplete_base"": 1000.0, ""incomplete_agent"": 10.0}","[13.873954638288726, 9.24530362603757, 12.291227106227105, 11.831950844854072, 8.707946536015129, 13.409772129710781, 14.86609657947686, 15.621378838741762, 12.636403080594423, 13.671005594214764]","[44.300000000000004, 32.7, 32.5, 43.400000000000006, 27.700000000000003, 32.6, 42.6, 38.300000000000004, 43.900000000000006, 34.9]"
ga,22,23,12.61550389741612,37.29,20.6,1.6688372307494526,5.1,14.105,24.02166666666667,9.916666666666668,True,0.0,hospital_corridor,28,12,"[11, 29, 47, 53, 61, 73, 89, 97, 101, 109]","[2.74324990040239, 4.449777388625987, 0.9111927154331668, 0.5, 1.0]","{""time"": 0.0, ""collisions"": 0.05, ""congestion"": 1.0, ""fairness"": 1.0, ""incomplete_base"": 1000.0, ""incomplete_agent"": 10.0}","[13.873954638288726, 9.24530362603757, 12.291227106227105, 11.831950844854072, 8.707946536015129, 13.409772129710781, 14.86609657947686, 15.621378838741762, 12.636403080594423, 13.671005594214764]","[44.300000000000004, 32.7, 32.5, 43.400000000000006, 27.700000000000003, 32.6, 42.6, 38.300000000000004, 43.900000000000006, 34.9]"
ga,23,0,12.451078464085459,34.3,24.8,1.6586975117045053,5.6,13.141785714285714,22.694166666666668,9.552380952380952,True,0.0,hospital_corridor,28,12,"[11, 29, 47, 53, 61, 73, 89, 97, 101, 109]","[2.7332960976752196, 3.834052550174368, 0.9130452600783056, 0.5, 1.0]","{""time"": 0.0, ""collisions"": 0.05, ""congestion"": 1.0, ""fairness"": 1.0, ""incomplete_base"": 1000.0, ""incomplete_agent"": 10.0}","[10.754187192118227, 10.304920389208315, 13.660493827160494, 10.161673773987207, 7.987643378519291, 14.502694610778443, 14.915977443609025, 17.132419712070874, 12.249934268185802, 12.840840045216899]","[34.800000000000004, 32.300000000000004, 32.4, 33.5, 27.400000000000002, 33.4, 39.900000000000006, 43.0, 32.6, 33.7]"
ga,23,1,12.61550389741612,37.29,20.6,1.6688372307494526,5.1,14.105,24.02166666666667,9.916666666666668,True,0.0,hospital_corridor,28,12,"[11, 29, 47, 53, 61, 73, 89, 97, 101, 109]","[2.74324990040239, 4.449777388625987, 0.9111927154331668, 0.5, 1.0]","{""time"": 0.0, ""collisions"": 0.05, ""congestion"": 1.0, ""fairness"": 1.0, ""incomplete_base"": 1000.0, ""incomplete_agent"": 10.0}","[13.873954638288726, 9.24530362603757, 12.291227106227105, 11.831950844854072, 8.707946536015129, 13.409772129710781, 14.86609657947686, 15.621378838741762, 12.636403080594423, 13.671005594214764]","[44.300000000000004, 32.7, 32.5, 43.400000000000006, 27.700000000000003, 32.6, 42.6, 38.300000000000004, 43.900000000000006, 34.9]"
ga,23,2,165.0652839931217,32.88,3065.1,1.9438554216931383,6.0,12.42607142857143,22.2925,9.866428571428573,True,0.0,hospital_corridor,28,12,"[11, 29, 47, 53, 61, 73, 89, 97, 101, 109]","[2.7350030926445474, 4.163593355612119, 0.6847241487418596, 0.5, 1.0]","{""time"": 0.0, ""collisions"": 0.05, ""congestion"": 1.0, ""fairness"": 1.0, ""incomplete_base"": 1000.0, ""incomplete_agent"": 10.0}","[187.03498542274053, 169.8229357798165, 133.19018952062433, 160.02402667907555, 157.40748299319728, 147.00845619386547, 203.83267195767198, 192.12064393939397, 157.64567363530782, 142.56577380952382]","[34.300000000000004, 32.7, 29.900000000000002, 30.700000000000003, 29.400000000000002, 28.1, 40.5, 35.2, 32.800000000000004, 35.2]"
ga,23,3,13.288661523946368,37.03000000000001,29.4,1.5991377144225585,5.0,13.687142857142856,23.90666666666667,10.21952380952381,True,0.0,hospital_corridor,28,12,"[11, 29, 47, 53, 61, 73, 89, 97, 101, 109]","[2.7417896728858007, 4.1370726022705755, 0.9113064718564492, 0.5, 1.0]","{""time"": 0.0, ""collisions"": 0.05, ""congestion"": 1.0, ""fairness"": 1.0, ""incomplete_base"": 1000.0, ""incomplete_agent"": 10.0}","[19.610517997348836, 10.48840579710145, 12.199709639953543, 8.025683060109289, 8.562625197680548, 13.067479674796749, 14.632985987412422, 18.523007357449416, 13.387496208674552, 14.388704318936878]","[46.7, 32.2, 32.800000000000004, 30.5, 27.1, 32.800000000000004, 40.1, 46.6, 47.1, 34.4]"
ga,23,4,13.720329844007985,36.84,27.1,1.7053298440079838,5.1,13.7,24.36,10.66,True,0.0,hospital_corridor,28,12,"[11, 29, 47, 53, 61, 73, 89, 97, 101, 109]","[2.7535570474655193, 4.144933642172652, 0.9111927154331668, 0.5, 1.0]","{""time"": 0.0, ""collisions"": 0.05, ""congestion"": 1.0, ""fairness"": 1.0, ""incomplete_base"": 1000.0, ""incomplete_agent"": 10.0}","[17.9436873747495, 13.912805662805663, 12.73262127280819, 9.418920972644376, 7.990384615384615, 17.650236277717198, 15.414839424141753, 16.490701684573555, 12.397875457875458, 13.251225697379544]","[49.900000000000006, 37.0, 32.1, 37.6, 27.3, 39.300000000000004, 43.0, 35.9, 32.5, 33.800000000000004]"
ga,23,5,13.36051042466309,35.43000000000001,36.4,1.6708675675202318,5.2,13.465357142857144,23.335,9.869642857142859,True,0.0,hospital_corridor,28,12,"[11, 29, 47, 53, 61, 73, 89, 97, 101, 109]","[2.733542865127958, 3.850888569256708, 0.9127714614169062, 0.5, 1.0]","{""time"": 0.0, ""collisions"": 0.05, ""congestion"": 1.0, ""fairness"": 1.0, ""incomplete_base"": 1000.0, ""incomplete_agent"": 10.0}","[17.75285160575858, 13.669545957918054, 12.488829787234042, 10.876702085792997, 8.580213764337852, 13.966968574173187, 14.606972789115645, 14.803679653679652, 13.870183486238535, 12.98915654238235]","[43.0, 34.4, 32.9, 36.300000000000004, 27.400000000000002, 34.7, 39.2, 39.6, 32.7, 34.1]"
ga,23,6,1121.3536627308365,100.0,17.0,0.42379999999999995,4.2,14.238207976234293,25.318070707070707,11.079862730836416,False,10.9,hospital_corridor,28,12,"[11, 29, 47, 53, 61, 73, 89, 97, 101, 109]","[3.007819320308278, 3.8157304432516144, 1.29283163936867, 0.5, 1.0]","{""time"": 0.0, ""collisions"": 0.05, ""congestion"": 1.0, ""fairness"": 1.0, ""incomplete_base"": 1000.0, ""incomplete_agent"": 10.0}","[1119.2803684210526, 1163.9891038961039, 1099.9237272727273, 1134.511485380117, 1119.0538421052631, 1121.8688181818181, 1086.0793333333334, 1075.1926153846155, 1080.7143333333333, 1212.923]","[100.0, 100.0, 100.0, 100.0, 100.0, 100.0, 100.0, 100.0, 100.0, 100.0]"
ga,23,7,14.164917838587154,33.14,54.5,1.693013076682392,5.0,12.931428571428572,22.67833333333333,9.746904761904762,True,0.0,hospital_corridor,28,12,"[11, 29, 47, 53, 61, 73, 89, 97, 101, 109]","[2.7255557302125504, 3.2075085231420584, 0.9124105354372323, 0.5, 1.0]","{""time"": 0.0, ""collisions"": 0.05, ""congestion"": 1.0, ""fairness"": 1.0, ""incomplete_base"": 1000.0, ""incomplete_agent"": 10.0}","[16.958928571428572, 10.206311769991014, 12.418322981366462, 16.032450076804917, 9.255075187969926, 15.316151046405825, 16.719814260782847, 14.934899749373434, 15.016578483245151, 14.7906462585034]","[33.6, 31.8, 32.2, 31.0, 26.6, 31.400000000000002, 38.2, 39.900000000000006, 32.4, 34.300000000000004]"
ga,23,8,1132.7141903356878,100.0,12.9,0.3837,3.6,14.47748621553885,25.16297655122655,10.685490335687705,False,12.1,hospital_corridor,28,12,"[11, 29, 47, 53, 61, 73, 89, 97, 101, 109]","[2.811950897791543, 3.356973800068321, 1.3693266590155497, 0.5, 1.0]","{""time"": 0.0, ""collisions"": 0.05, ""congestion"": 1.0, ""fairness"": 1.0, ""incomplete_base"": 1000.0, ""incomplete_agent"": 10.0}","[1119.3078947368422, 1161.5963766233767, 1118.6951111111111, 1128.0630935672514, 1119.7047368421054, 1120.3635, 1131.7621428571429, 1102.493380952381, 1091.6186666666667, 1233.537]","[100.0, 100.0, 100.0, 100.0, 100.0, 100.0, 100.0, 100.0, 100.0, 100.0]"
ga,23,9,1021.8695399715142,38.19,84.9,1.7702328286570306,5.1,12.58944285714286,21.44375,8.854307142857143,False,0.7,hospital_corridor,28,12,"[11, 29, 47, 53, 61, 73, 89, 97, 101, 109]","[3.7773208669070426, 4.353267497366502, 0.9112418862612089, 0.5, 1.0]","{""time"": 0.0, ""collisions"": 0.05, ""congestion"": 1.0, ""fairness"": 1.0, ""incomplete_base"": 1000.0, ""incomplete_agent"": 10.0}","[1098.2095, 14.051984126984129, 14.114137785291632, 12.949603174603174, 10.319451170298628, 12.852705627705626, 14.178270042194095, 14.240324214792302, 14.919696969696972, 12.859726603575183]","[100.0, 31.5, 33.800000000000004, 31.5, 29.5, 28.6, 31.6, 32.9, 30.8, 31.700000000000003]"
ga,23,10,12.784886068818043,38.56,24.0,1.5796479735799474,5.3,14.068928571428572,24.074166666666667,10.005238095238095,True,0.0,hospital_corridor,28,12,"[11, 29, 47, 53, 61, 73, 89, 97, 101, 109]","[2.7029938045617294, 4.556755644606509, 0.9047629626036191, 0.5, 1.0]","{""time"": 0.0, ""collisions"": 0.05, ""congestion"": 1.0, ""fairness"": 1.0, ""incomplete_base"": 1000.0, ""incomplete_agent"": 10.0}","[15.443154761904761, 12.45696169772257, 12.485815528557467, 8.607692307692307, 5.46349838740277, 12.866364382743694, 14.710067948293005, 18.729423328964614, 12.576325919589392, 14.50955642530985]","[44.800000000000004, 36.800000000000004, 34.1, 31.200000000000003, 50.2, 31.900000000000002, 43.1, 43.6, 33.4, 36.5]"
ga,23,11,14.709775036627693,37.06000000000001,48.7,1.815251227103883,5.1,14.102142857142855,24.561666666666667,10.45952380952381,True,0.0,hospital_corridor,28,12,"[11, 29, 47, 53, 61, 73, 89, 97, 101, 109]","[2.7100851113859274, 3.8949915053041333, 0.908365364555114, 0.5, 1.0]","{""time"": 0.0, ""collisions"": 0.05, ""congestion"": 1.0, ""fairness"": 1.0, ""incomplete_base"": 1000.0, ""incomplete_agent"": 10.0}","[29.081528662420382, 12.539492753623186, 13.097036474164135, 11.346747093486227, 9.490136054421768, 13.407894914339673, 15.610781671159028, 15.01070496083551, 14.200818452380954, 13.312609329446065]","[62.800000000000004, 32.2, 32.9, 29.900000000000002, 29.400000000000002, 35.300000000000004, 37.1, 38.300000000000004, 38.400000000000006, 34.300000000000004]"
ga,23,12,12.831538221725303,35.06,33.3,1.638442983630064,5.1,13.436071428571429,22.964166666666667,9.528095238095238,True,0.0,hospital_corridor,28,12,"[11, 29, 47, 53, 61, 73, 89, 97, 101, 109]","[2.74937644038942, 4.435930875005202, 0.8795354540402852, 0.5, 1.0]","{""time"": 0.0, ""collisions"": 0.05, ""congestion"": 1.0, ""fairness"": 1.0, ""incomplete_base"": 1000.0, ""incomplete_agent"": 10.0}","[11.641450216450217, 11.220441347270617, 12.25014880952381, 11.798809523809524, 11.798168498168499, 14.424883855981419, 13.345550351288058, 14.538736263736263, 14.437074303405574, 12.860119047619047]","[46.2, 32.800000000000004, 32.0, 31.5, 36.4, 32.800000000000004, 36.6, 36.4, 32.300000000000004, 33.6]"
ga,23,13,1022.1240655126937,43.510000000000005,29.5,1.6434366307061494,5.1,14.003121118012421,24.00875,10.005628881987578,False,0.9,hospital_corridor,28,12,"[11, 29, 47, 53, 61, 73, 89, 97, 101, 109]","[2.755739375269147, 4.359937512356727, 0.9092264515152958, 0.5, 1.0]","{""time"": 0.0, ""collisions"": 0.05, ""congestion"": 1.0, ""fairness"": 1.0, ""incomplete_base"": 1000.0, ""incomplete_agent"": 10.0}","[1101.9807173913043, 16.19358304297329, 13.737953254696375, 8.945465937571202, 7.459962406015037, 13.852235772357727, 15.278819801301818, 15.236666666666666, 14.83914441147379, 13.716106442577033]","[100.0, 41.0, 32.7, 41.800000000000004, 39.900000000000006, 32.800000000000004, 41.7, 37.5, 33.7, 34.0]"
ga,23,14,15.37824970211166,38.94,45.0,1.684559225921182,4.9,13.672142857142859,25.115833333333335,11.443690476190477,True,0.0,hospital_corridor,28,12,"[11, 29, 47, 53, 61, 73, 89, 97, 101, 109]","[2.74324990040239, 4.449777388625987, 0.8727040009995304, 0.5, 1.0]","{""time"": 0.0, ""collisions"": 0.05, ""congestion"": 1.0, ""fairness"": 1.0, ""incomplete_base"": 1000.0, ""incomplete_agent"": 10.0}","[27.991382373845063, 15.271597833446176, 12.178414195867028, 11.230136572395455, 12.833597883597884, 14.295238095238094, 16.12040816326531, 16.163025210084037, 14.217527862208716, 13.481168831168832]","[60.300000000000004, 42.2, 31.8, 39.400000000000006, 37.800000000000004, 29.8, 39.2, 40.800000000000004, 32.9, 35.2]"
ga,23,15,13.481489953206902,38.23,25.7,1.7795851913021372,5.5,13.931428571428572,24.348333333333336,10.416904761904764,True,0.0,hospital_corridor,28,12,"[11, 29, 47, 53, 61, 73, 89, 97, 101, 109]","[2.625727253842601, 4.346090998735942, 0.9021311632560185, 0.5, 1.0]","{""time"": 0.0, ""collisions"": 0.05, ""congestion"": 1.0, ""fairness"": 1.0, ""incomplete_base"": 1000.0, ""incomplete_agent"": 10.0}","[15.049761904761905, 9.232655677655679, 12.787917555081735, 9.420420350550645, 9.330341055341059, 14.476190476190478, 17.58418774208248, 16.47116204690832, 16.38185513673319, 14.08040758676352]","[52.5, 32.5, 33.5, 30.700000000000003, 37.0, 33.6, 41.800000000000004, 40.2, 45.1, 35.4]"
ga,23,16,15.564358063111,38.309999999999995,42.0,1.6029294916824277,4.9,13.556071428571428,25.417500000000004,11.861428571428572,True,0.0,hospital_corridor,28,12,"[11, 29, 47, 53, 61, 73, 89, 97, 101, 109]","[2.563113538969569, 3.8535616749070485, 0.9036955086666614, 0.5, 1.0]","{""time"": 0.0, ""collisions"": 0.05, ""congestion"": 1.0, ""fairness"": 1.0, ""incomplete_base"": 1000.0, ""incomplete_agent"": 10.0}","[21.238652030968293, 9.840476190476192, 14.207968901846456, 16.573962804005724, 9.66985815602837, 14.728341687552213, 15.312237643872713, 20.946691059497297, 15.847058823529412, 17.278333333333332]","[44.900000000000006, 32.1, 34.300000000000004, 46.6, 28.200000000000003, 34.2, 42.2, 44.900000000000006, 35.7, 40.0]"
ga,23,17,13.605690275787602,36.25,30.5,1.7805712281685504,5.2,14.003214285714284,24.303333333333335,10.30011904761905,True,0.0,hospital_corridor,28,12,"[11, 29, 47, 53, 61, 73, 89, 97, 101, 109]","[2.5864627741166615, 3.8536761354599496, 0.9102607795144746, 0.5, 1.0]","{""time"": 0.0, ""collisions"": 0.05, ""congestion"": 1.0, ""fairness"": 1.0, ""incomplete_base"": 1000.0, ""incomplete_agent"": 10.0}","[14.140888849305309, 12.946568627450983, 12.469226717235566, 10.791306844281122, 8.765756302521009, 14.708150183150186, 15.798182957393488, 16.508623693379793, 15.22364960909737, 14.704548974061169]","[40.1, 35.7, 33.9, 31.1, 34.0, 36.4, 39.900000000000006, 41.0, 33.5, 36.9]"
ga,23,18,14.053173987466586,36.50000000000001,30.9,1.7442454160380116,5.3,13.90107142857143,24.665,10.763928571428574,True,0.0,hospital_corridor,28,12,"[11, 29, 47, 53, 61, 73, 89, 97, 101, 109]","[2.7508329007961647, 4.438247546946464, 0.9099891639375189, 0.5, 1.0]","{""time"": 0.0, ""collisions"": 0.05, ""congestion"": 1.0, ""fairness"": 1.0, ""incomplete_base"": 1000.0, ""incomplete_agent"": 10.0}","[23.956306306306306, 9.501518130187856, 11.911337166445525, 15.50680027406646, 7.34017316017316, 14.008543417366948, 15.008523809523808, 15.594639835629685, 11.440199764116173, 16.26369801084991]","[48.1, 32.7, 32.300000000000004, 41.7, 27.5, 34.0, 37.5, 39.400000000000006, 32.300000000000004, 39.5]"
ga,23,19,15.3175883842076,36.41,56.8,1.8018740984933135,5.3,13.744285714285715,24.42,10.675714285714287,True,0.0,hospital_corridor,28,12,"[11, 29, 47, 53, 61, 73, 89, 97, 101, 109]","[2.7542829148624017, 4.357620840415465, 0.8731562304908561, 0.5, 1.0]","{""time"": 0.0, ""collisions"": 0.05, ""congestion"": 1.0, ""fairness"": 1.0, ""incomplete_base"": 1000.0, ""incomplete_agent"": 10.0}","[35.191339830441336, 11.767236342389715, 12.32372475305912, 12.929647160068846, 10.446592775041049, 12.973687138406767, 14.358882783882784, 14.576790281329924, 15.634502923976608, 12.973479853479851]","[60.1, 32.6, 32.300000000000004, 33.2, 29.0, 32.1, 39.0, 39.1, 34.2, 32.5]"
ga,23,20,13.072190395044949,34.61,25.7,1.7868332521878056,5.1,13.817142857142859,23.817500000000003,10.000357142857144,True,0.0,hospital_corridor,28,12,"[11, 29, 47, 53, 61, 73, 89, 97, 101, 109]","[2.5939033317407607, 4.2440322661993335, 0.9012832702589954, 0.5, 1.0]","{""time"": 0.0, ""collisions"": 0.05, ""congestion"": 1.0, ""fairness"": 1.0, ""incomplete_base"": 1000.0, ""incomplete_agent"": 10.0}","[14.351984126984132, 10.402344095532952, 12.382973011162925, 8.518264621284757, 9.070423186942625, 14.224182444061963, 18.90023228803717, 15.292344173441736, 13.72137049941928, 13.857785503581965]","[36.0, 32.300000000000004, 33.7, 29.8, 28.3, 33.2, 49.2, 36.9, 32.800000000000004, 33.9]"
ga,23,21,1040.5823058150277,74.73999999999998,18.1,1.021780423752314,4.5,13.979217032967034,26.634742424242425,12.655525391275392,False,2.6,hospital_corridor,28,12,"[11, 29, 47, 53, 61, 73, 89, 97, 101, 109]","[2.565380016619902, 4.062094363536943, 1.010902302332558, 0.5, 1.0]","{""time"": 0.0, ""collisions"": 0.05, ""congestion"": 1.0, ""fairness"": 1.0, ""incomplete_base"": 1000.0, ""incomplete_agent"": 10.0}","[1032.9542307692307, 1093.1826666666666, 14.802515607785532, 1048.9075, 1091.3178051948053, 14.447108843537418, 1035.8017179487179, 1046.7424285714285, 13.29589407191448, 14.371190476190478]","[100.0, 100.0, 38.900000000000006, 100.0, 100.0, 39.2, 100.0, 100.0, 34.300000000000004, 35.0]"
ga,23,22,1107.9470238329898,100.0,6.3,0.4527,4.0,16.97077356960753,29.150097402597407,12.179323832989873,False,9.5,hospital_corridor,28,12,"[11, 29, 47, 53, 61, 73, 89, 97, 101, 109]","[1.9925066672909482, 3.834052550174368, 1.0923289401050889, 0.5, 1.0]","{""time"": 0.0, ""collisions"": 0.05, ""congestion"": 1.0, ""fairness"": 1.0, ""incomplete_base"": 1000.0, ""incomplete_agent"": 10.0}","[1146.584568627451, 1171.6585, 1034.0150841750842, 1067.806351778656, 1157.6489824561404, 1096.839909090909, 1089.2231666666667, 1093.6436593406593, 1052.3613846153846, 1169.6886315789475]","[100.0, 100.0, 100.0, 100.0, 100.0, 100.0, 100.0, 100.0, 100.0, 100.0]"
ga,23,23,12.451078464085459,34.3,24.8,1.6586975117045053,5.6,13.141785714285714,22.694166666666668,9.552380952380952,True,0.0,hospital_corridor,28,12,"[11, 29, 47, 53, 61, 73, 89, 97, 101, 109]","[2.7332960976752196, 3.834052550174368, 0.9130452600783056, 0.5, 1.0]","{""time"": 0.0, ""collisions"": 0.05, ""congestion"": 1.0, ""fairness"": 1.0, ""incomplete_base"": 1000.0, ""incomplete_agent"": 10.0}","[10.754187192118227, 10.304920389208315, 13.660493827160494, 10.161673773987207, 7.987643378519291, 14.502694610778443, 14.915977443609025, 17.132419712070874, 12.249934268185802, 12.840840045216899]","[34.800000000000004, 32.300000000000004, 32.4, 33.5, 27.400000000000002, 33.4, 39.900000000000006, 43.0, 32.6, 33.7]"
ga,24,0,12.451078464085459,34.3,24.8,1.6586975117045053,5.6,13.141785714285714,22.694166666666668,9.552380952380952,True,0.0,hospital_corridor,28,12,"[11, 29, 47, 53, 61, 73, 89, 97, 101, 109]","[2.7332960976752196, 3.834052550174368, 0.9130452600783056, 0.5, 1.0]","{""time"": 0.0, ""collisions"": 0.05, ""congestion"": 1.0, ""fairness"": 1.0, ""incomplete_base"": 1000.0, ""incomplete_agent"": 10.0}","[10.754187192118227, 10.304920389208315, 13.660493827160494, 10.161673773987207, 7.987643378519291, 14.502694610778443, 14.915977443609025, 17.132419712070874, 12.249934268185802, 12.840840045216899]","[34.800000000000004, 32.300000000000004, 32.4, 33.5, 27.400000000000002, 33.4, 39.900000000000006, 43.0, 32.6, 33.7]"
ga,24,1,12.451078464085459,34.3,24.8,1.6586975117045053,5.6,13.141785714285714,22.694166666666668,9.552380952380952,True,0.0,hospital_corridor,28,12,"[11, 29, 47, 53, 61, 73, 89, 97, 101, 109]","[2.7332960976752196, 3.834052550174368, 0.9130452600783056, 0.5, 1.0]","{""time"": 0.0, ""collisions"": 0.05, ""congestion"": 1.0, ""fairness"": 1.0, ""incomplete_base"": 1000.0, ""incomplete_agent"": 10.0}","[10.754187192118227, 10.304920389208315, 13.660493827160494, 10.161673773987207, 7.987643378519291, 14.502694610778443, 14.915977443609025, 17.132419712070874, 12.249934268185802, 12.840840045216899]","[34.800000000000004, 32.300000000000004, 32.4, 33.5, 27.400000000000002, 33.4, 39.900000000000006, 43.0, 32.6, 33.7]"
ga,24,2,20.978129306821494,33.11,197.3,1.791581687773872,5.7,12.911785714285717,22.233333333333338,9.321547619047617,True,0.0,hospital_corridor,28,12,"[11, 29, 47, 53, 61, 73, 89, 97, 101, 109]","[2.74937644038942, 4.435930875005202, 0.7991106748255693, 0.5, 1.0]","{""time"": 0.0, ""collisions"": 0.05, ""congestion"": 1.0, ""fairness"": 1.0, ""incomplete_base"": 1000.0, ""incomplete_agent"": 10.0}","[31.681266202756177, 20.617063492063494, 14.812532329225622, 25.266907775768534, 13.520054945054945, 16.517687074829933, 21.84001064112796, 20.413690476190478, 25.259383753501403, 19.85269637769638]","[34.9, 31.5, 31.3, 39.5, 26.0, 29.400000000000002, 35.800000000000004, 33.6, 34.0, 35.1]"
ga,24,3,166.1359494283615,32.870000000000005,3090.9,1.9399970474090835,5.9,12.428214285714287,22.079166666666666,9.650952380952381,True,0.0,hospital_corridor,28,12,"[11, 29, 47, 53, 61, 73, 89, 97, 101, 109]","[2.74937644038942, 4.435930875005202, 0.6030089099193943, 0.5, 1.0]","{""time"": 0.0, ""collisions"": 0.05, ""congestion"": 1.0, ""fairness"": 1.0, ""incomplete_base"": 1000.0, ""incomplete_agent"": 10.0}","[196.68425655976677, 182.5057823129252, 139.58785634655203, 150.33046241004445, 168.7731147407769, 144.8172852058973, 171.29131507525292, 196.86256913530286, 160.99613821138212, 149.5107142857143]","[34.300000000000004, 34.300000000000004, 29.900000000000002, 31.1, 29.3, 28.1, 38.6, 35.300000000000004, 32.800000000000004, 35.0]"
ga,24,4,12.6686673994831,40.65,20.1,1.6037864471021457,5.3,14.641785714285714,24.701666666666668,10.059880952380954,True,0.0,hospital_corridor,28,12,"[11, 29, 47, 53, 61, 73, 89, 97, 101, 109]","[2.741559930071045, 4.710359149590664, 0.9123798773334215, 0.5, 1.0]","{""time"": 0.0, ""collisions"": 0.05, ""congestion"": 1.0, ""fairness"": 1.0, ""incomplete_base"": 1000.0, ""incomplete_agent"": 10.0}","[16.09215570045446, 9.233452021291903, 11.986012803913106, 9.158415435139574, 7.817702169625246, 12.366338137628937, 14.438482834994467, 17.59004227859368, 11.788556067588324, 16.215516545601293]","[48.2, 33.1, 33.1, 43.5, 33.800000000000004, 33.7, 38.7, 42.800000000000004, 46.5, 53.1]"
ga,24,5,34.91147427692938,32.72,476.4,1.707545705500813,5.5,12.301071428571431,21.685,9.383928571428571,True,0.0,hospital_corridor,28,12,"[11, 29, 47, 53, 61, 73, 89, 97, 101, 109]","[2.735232835459303, 4.024976381798706, 0.7627477145661486, 0.5, 1.0]","{""time"": 0.0, ""collisions"": 0.05, ""congestion"": 1.0, ""fairness"": 1.0, ""incomplete_base"": 1000.0, ""incomplete_agent"": 10.0}","[95.02943008499243, 25.926914098972922, 31.848468304519262, 33.23509852216749, 20.102821869488537, 27.93454011741683, 29.81413980634036, 33.26063801565195, 27.247619047619047, 24.71507290212502]","[40.900000000000006, 30.6, 31.400000000000002, 29.0, 32.4, 29.200000000000003, 35.9, 35.9, 31.200000000000003, 30.700000000000003]"
ga,24,6,13.79671715161127,35.980000000000004,28.1,1.7448123897065089,5.0,13.351428571428574,23.99833333333333,10.64690476190476,True,0.0,hospital_corridor,28,12,"[11, 29, 47, 53, 61, 73, 89, 97, 101, 109]","[2.7271635396810874, 3.9404394763081245, 0.9121862749536672, 0.5, 1.0]","{""time"": 0.0, ""collisions"": 0.05, ""congestion"": 1.0, ""fairness"": 1.0, ""incomplete_base"": 1000.0, ""incomplete_agent"": 10.0}","[15.95438596491228, 14.862366737739872, 13.633658008658006, 10.332649043869518, 8.280363830925632, 17.20795238095238, 14.96622132960764, 15.1538432695913, 14.957200929152151, 12.618530020703934]","[38.0, 40.2, 33.0, 38.1, 26.700000000000003, 37.5, 40.900000000000006, 38.1, 32.800000000000004, 34.5]"
ga,24,7,14.325757055883365,37.59000000000001,39.6,1.670876103502413,5.5,13.689285714285717,24.36416666666667,10.674880952380953,True,0.0,hospital_corridor,28,12,"[11, 29, 47, 53, 61, 73, 89, 97, 101, 109]","[2.9256864297171497, 4.137645340065577, 0.9021422553836337, 0.5, 1.0]","{""time"": 0.0, ""collisions"": 0.05, ""congestion"": 1.0, ""fairness"": 1.0, ""incomplete_base"": 1000.0, ""incomplete_agent"": 10.0}","[11.392727743271223, 10.153125, 12.4826423313805, 15.774779959377115, 9.264523809523808, 18.990146909827764, 18.91471575414307, 14.829523809523808, 18.744539492443682, 12.710845749342683]","[36.800000000000004, 32.0, 31.700000000000003, 42.2, 30.0, 37.6, 45.400000000000006, 37.5, 50.1, 32.6]"
ga,24,8,12.451078464085459,34.3,24.8,1.6586975117045053,5.6,13.141785714285714,22.694166666666668,9.552380952380952,True,0.0,hospital_corridor,28,12,"[11, 29, 47, 53, 61, 73, 89, 97, 101, 109]","[2.7332960976752196, 3.834052550174368, 0.9130452600783056, 0.5, 1.0]","{""time"": 0.0, ""collisions"": 0.05, ""congestion"": 1.0, ""fairness"": 1.0, ""incomplete_base"": 1000.0, ""incomplete_agent"": 10.0}","[10.754187192118227, 10.304920389208315, 13.660493827160494, 10.161673773987207, 7.987643378519291, 14.502694610778443, 14.915977443609025, 17.132419712070874, 12.249934268185802, 12.840840045216899]","[34.800000000000004, 32.300000000000004, 32.4, 33.5, 27.400000000000002, 33.4, 39.900000000000006, 43.0, 32.6, 33.7]"
ga,24,9,13.31409175816492,31.810000000000002,47.7,1.882186996260156,5.2,12.768928571428571,21.815833333333334,9.046904761904765,True,0.0,hospital_corridor,28,12,"[11, 29, 47, 53, 61, 73, 89, 97, 101, 109]","[3.177088119227146, 3.834052550174368, 0.9130452600783057, 0.5, 1.0]","{""time"": 0.0, ""collisions"": 0.05, ""congestion"": 1.0, ""fairness"": 1.0, ""incomplete_base"": 1000.0, ""incomplete_agent"": 10.0}","[14.988956433637288, 9.867948717948718, 11.724761904761905, 14.983793022159361, 9.010299003322258, 13.644429546562653, 15.660238095238096, 16.510688405797104, 13.70241935483871, 13.047383097383097]","[32.9, 31.200000000000003, 30.0, 30.3, 25.8, 29.3, 37.5, 36.800000000000004, 31.0, 33.300000000000004]"
ga,24,10,14.391503109208529,37.22,38.0,1.6881697758751968,5.4,13.977500000000001,24.780833333333334,10.803333333333333,True,0.0,hospital_corridor,28,12,"[11, 29, 47, 53, 61, 73, 89, 97, 101, 109]","[2.611700087494018, 3.84683741155927, 0.9079339604142931, 0.5, 1.0]","{""time"": 0.0, ""collisions"": 0.05, ""congestion"": 1.0, ""fairness"": 1.0, ""incomplete_base"": 1000.0, ""incomplete_agent"": 10.0}","[20.52691300552808, 9.848026598026598, 13.464285714285715, 14.252067669172929, 8.975030084235861, 17.432340095801635, 15.504941599281226, 15.410759493670888, 14.308004052684904, 14.192662779397475]","[49.1, 33.300000000000004, 33.6, 45.6, 27.700000000000003, 33.800000000000004, 42.400000000000006, 39.5, 32.9, 34.300000000000004]"
ga,24,11,1020.2999490602057,42.730000000000004,27.6,1.6921514411580276,5.4,13.601785714285715,23.829583333333332,10.227797619047617,False,0.7,hospital_corridor,28,12,"[11, 29, 47, 53, 61, 73, 89, 97, 101, 109]","[2.68470954915077, 4.22266920452147, 0.908806808330674, 0.5, 1.0]","{""time"": 0.0, ""collisions"": 0.05, ""congestion"": 1.0, ""fairness"": 1.0, ""incomplete_base"": 1000.0, ""incomplete_agent"": 10.0}","[15.427170868347341, 9.392605380520788, 12.874796224796224, 11.74559560666372, 8.887451209992191, 1084.7915, 13.906668978270918, 16.263227513227513, 13.16974448315912, 16.540730337078653]","[35.7, 33.1, 33.300000000000004, 32.300000000000004, 36.6, 100.0, 41.2, 37.800000000000004, 32.800000000000004, 44.5]"
ga,24,12,13.61952664586286,36.790000000000006,24.0,1.728336169672384,5.0,13.842142857142857,24.533333333333335,10.691190476190476,True,0.0,hospital_corridor,28,12,"[11, 29, 47, 53, 61, 73, 89, 97, 101, 109]","[2.6919706763373097, 4.366151283069704, 0.9096276743020129, 0.5, 1.0]","{""time"": 0.0, ""collisions"": 0.05, ""congestion"": 1.0, ""fairness"": 1.0, ""incomplete_base"": 1000.0, ""incomplete_agent"": 10.0}","[20.345285060851097, 11.737820512820512, 13.246297866327541, 7.748163063444962, 10.225500232666358, 14.119257703081235, 14.868922305764412, 15.65838119167265, 13.787775842044136, 14.457862679955703]","[58.300000000000004, 32.5, 33.7, 33.7, 30.700000000000003, 34.0, 38.0, 39.800000000000004, 32.800000000000004, 34.4]"
ga,24,13,13.077269883029382,36.42,21.2,1.7602460735055723,5.1,13.962142857142856,24.21916666666667,10.25702380952381,True,0.0,hospital_corridor,28,12,"[11, 29, 47, 53, 61, 73, 89, 97, 101, 109]","[2.6770064779076814, 4.429717104292225, 0.9036962043871726, 0.5, 1.0]","{""time"": 0.0, ""collisions"": 0.05, ""congestion"": 1.0, ""fairness"": 1.0, ""incomplete_base"": 1000.0, ""incomplete_agent"": 10.0}","[13.672613938279175, 9.431793359545651, 12.308811681772406, 12.186722578213343, 8.290526492287057, 13.41295518207283, 15.64272486772487, 18.454515599343186, 13.302511321531494, 14.06952380952381]","[46.6, 32.7, 33.1, 37.9, 28.400000000000002, 37.4, 37.800000000000004, 40.6, 34.7, 35.0]"
ga,24,14,13.657266707913376,38.51000000000001,23.4,1.6681000412467077,5.2,13.925,24.74416666666667,10.819166666666668,True,0.0,hospital_corridor,28,12,"[11, 29, 47, 53, 61, 73, 89, 97, 101, 109]","[2.7431668057272804, 4.428361196661365, 0.9100172433422673, 0.5, 1.0]","{""time"": 0.0, ""collisions"": 0.05, ""congestion"": 1.0, ""fairness"": 1.0, ""incomplete_base"": 1000.0, ""incomplete_agent"": 10.0}","[13.224885844748862, 9.448040293040293, 12.371376971841368, 15.311213517665129, 7.207409761057449, 13.373802642444263, 16.754731050087422, 16.55495169082126, 17.619856497903903, 14.70639880952381]","[43.800000000000004, 32.5, 32.300000000000004, 43.400000000000006, 28.1, 34.6, 46.300000000000004, 41.400000000000006, 44.300000000000004, 38.400000000000006]"
ga,24,15,14.845889515781852,39.19,35.4,1.6258895157818525,5.5,13.685000000000002,25.135,11.450000000000001,True,0.0,hospital_corridor,28,12,"[11, 29, 47, 53, 61, 73, 89, 97, 101, 109]","[2.714108922304219, 3.962446998119512, 0.9077909793396575, 0.5, 1.0]","{""time"": 0.0, ""collisions"": 0.05, ""congestion"": 1.0, ""fairness"": 1.0, ""incomplete_base"": 1000.0, ""incomplete_agent"": 10.0}","[17.517314614830816, 12.948137802607079, 12.152280550774528, 17.04093984962406, 8.248076923076923, 12.88431157978512, 24.47760063603649, 15.044881588999235, 13.66467032967033, 14.480681282413958]","[46.300000000000004, 35.800000000000004, 33.2, 47.5, 26.0, 35.9, 56.900000000000006, 37.4, 32.5, 40.400000000000006]"
ga,24,16,14.444025781480628,37.029999999999994,43.2,1.7143829243377717,5.5,13.522857142857143,24.0925,10.569642857142856,True,0.0,hospital_corridor,28,12,"[11, 29, 47, 53, 61, 73, 89, 97, 101, 109]","[2.747275344481634, 4.48931699646602, 0.8798072394508092, 0.5, 1.0]","{""time"": 0.0, ""collisions"": 0.05, ""congestion"": 1.0, ""fairness"": 1.0, ""incomplete_base"": 1000.0, ""incomplete_agent"": 10.0}","[26.5829494338452, 12.046929824561403, 12.302916846496908, 10.0994167465644, 11.662376905436394, 13.692314055531579, 15.896805304400239, 14.909074941451994, 13.513938647559339, 13.733535108958838]","[61.400000000000006, 34.2, 33.1, 29.8, 35.300000000000004, 33.1, 39.5, 36.6, 31.900000000000002, 35.4]"
ga,24,17,13.844189323843352,34.040000000000006,49.8,1.811094085748114,5.6,13.33857142857143,22.881666666666668,9.543095238095239,True,0.0,hospital_corridor,28,12,"[11, 29, 47, 53, 61, 73, 89, 97, 101, 109]","[3.400822408136608, 4.5033695231456905, 0.9044911771930951, 0.5, 1.0]","{""time"": 0.0, ""collisions"": 0.05, ""congestion"": 1.0, ""fairness"": 1.0, ""incomplete_base"": 1000.0, ""incomplete_agent"": 10.0}","[27.689568899153194, 10.484615384615385, 12.608333333333333, 12.36725181598063, 8.409451108687751, 12.876120448179272, 13.669557823129255, 13.450155539602779, 13.328246753246754, 13.558592132505176]","[43.300000000000004, 31.200000000000003, 29.400000000000002, 35.4, 26.200000000000003, 30.6, 39.2, 39.800000000000004, 30.8, 34.5]"
ga,24,18,13.6928229858336,36.51,32.5,1.70520393821455,4.9,13.718214285714287,24.080833333333334,10.362619047619049,True,0.0,hospital_corridor,28,12,"[11, 29, 47, 53, 61, 73, 89, 97, 101, 109]","[2.743760031596021, 4.392554483235336, 0.8902853553073116, 0.5, 1.0]","{""time"": 0.0, ""collisions"": 0.05, ""congestion"": 1.0, ""fairness"": 1.0, ""incomplete_base"": 1000.0, ""incomplete_agent"": 10.0}","[16.388401435962408, 9.632252747252748, 12.328059071729959, 19.90952380952381, 8.397089947089945, 14.355973960581212, 15.688616071428571, 13.965350877192984, 13.185802469135805, 13.07715946843854]","[45.1, 32.5, 31.6, 52.6, 27.0, 33.1, 38.400000000000006, 38.0, 32.4, 34.4]"
ga,24,19,14.473163052951534,40.43,23.9,1.5378059100943908,5.0,13.98964285714286,25.73,11.740357142857144,True,0.0,hospital_corridor,28,12,"[11, 29, 47, 53, 61, 73, 89, 97, 101, 109]","[2.472052354612945, 4.173655691665042, 0.9005565705894227, 0.5, 1.0]","{""time"": 0.0, ""collisions"": 0.05, ""congestion"": 1.0, ""fairness"": 1.0, ""incomplete_base"": 1000.0, ""incomplete_agent"": 10.0}","[17.147734254992322, 16.62401872883045, 12.700775815944356, 13.190448504983388, 11.433794758213363, 13.284964726631394, 15.02606516290727, 16.980235915876648, 14.386382734912148, 13.95720992622401]","[46.5, 47.800000000000004, 35.6, 38.7, 38.7, 40.5, 39.900000000000006, 43.7, 37.4, 35.5]"
ga,24,20,13.904265830061924,36.839999999999996,35.0,1.733789639585731,5.3,13.667857142857144,24.08833333333333,10.420476190476192,True,0.0,hospital_corridor,28,12,"[11, 29, 47, 53, 61, 73, 89, 97, 101, 109]","[2.735607265789619, 3.9477172149956568, 0.9052639314155432, 0.5, 1.0]","{""time"": 0.0, ""collisions"": 0.05, ""congestion"": 1.0, ""fairness"": 1.0, ""incomplete_base"": 1000.0, ""incomplete_agent"": 10.0}","[17.397956848643346, 10.558282674772038, 12.671781305114639, 13.43379120879121, 8.610449735449734, 16.520636919755308, 15.098500881834214, 15.315043290043294, 16.212770562770565, 13.223444873444873]","[43.7, 32.9, 32.4, 36.4, 27.0, 39.7, 40.5, 38.5, 44.0, 33.300000000000004]"
ga,24,21,1021.7001623111184,41.25,35.4,1.7661742158803346,5.3,13.812916666666666,22.976904761904766,9.163988095238095,False,0.9,hospital_corridor,28,12,"[11, 29, 47, 53, 61, 73, 89, 97, 101, 109]","[2.7470652722750204, 4.322266210183913, 0.8873167827030477, 0.5, 1.0]","{""time"": 0.0, ""collisions"": 0.05, ""congestion"": 1.0, ""fairness"": 1.0, ""incomplete_base"": 1000.0, ""incomplete_agent"": 10.0}","[1102.0735476190475, 9.76706349206349, 16.089021164021162, 10.752469135802468, 8.260088633993742, 13.232900432900433, 15.285698066692614, 14.143364558938329, 14.21188480978984, 13.185585197934596]","[100.0, 31.5, 37.800000000000004, 40.5, 27.400000000000002, 33.0, 36.7, 36.6, 35.800000000000004, 33.2]"
ga,24,22,46.85930052135678,31.57,702.0,1.6903719499282044,5.3,11.618571428571428,21.6875,10.06892857142857,True,0.0,hospital_corridor,28,12,"[11, 29, 47, 53, 61, 73, 89, 97, 101, 109]","[2.7334813004910963, 3.8419974274672803, 0.7351820522296177, 0.5, 1.0]","{""time"": 0.0, ""collisions"": 0.05, ""congestion"": 1.0, ""fairness"": 1.0, ""incomplete_base"": 1000.0, ""incomplete_agent"": 10.0}","[57.571652039655454, 50.185547467394606, 31.891283157558323, 55.943421908012354, 31.519047619047623, 42.478325123152715, 53.63892760356175, 56.7065668202765, 44.04245397839647, 44.61577949651198]","[29.3, 31.400000000000002, 29.8, 29.3, 30.1, 29.0, 36.9, 37.2, 31.3, 31.400000000000002]"
ga,24,23,13.38850822039619,36.900000000000006,36.2,1.6601748870628559,5.2,13.715,23.633333333333336,9.918333333333333,True,0.0,hospital_corridor,28,12,"[11, 29, 47, 53, 61, 73, 89, 97, 101, 109]","[2.7333576623120814, 3.842943691963796, 0.9129728830991765, 0.5, 1.0]","{""time"": 0.0, ""collisions"": 0.05, ""congestion"": 1.0, ""fairness"": 1.0, ""incomplete_base"": 1000.0, ""incomplete_agent"": 10.0}","[15.317950016886186, 15.98562271062271, 12.21710758377425, 10.977490462060196, 8.158592132505177, 13.506060606060606, 14.79196211331248, 14.374395509499136, 15.732669172932333, 12.823231896308823]","[42.300000000000004, 39.0, 32.4, 33.7, 27.6, 33.0, 41.1, 38.6, 47.5, 33.800000000000004]"
