method,generation,individual_id,fitness,total_time,near_collisions,mean_congestion,peak_congestion,mean_high_time,mean_low_time,fairness_gap_time,all_evacuated,remaining_agents,layout,num_high,num_low,seed_list,params,fitness_weights,per_seed_fitnesses,per_seed_total_times
ga,0,0,1206.408439090859,70.78,2267.1,1.005613080757952,4.8,15.55843888888889,26.09409090909091,10.53565202020202,False,1.6,hospital_corridor,28,12,"[11, 29, 47, 53, 61, 73, 89, 97, 101, 109]","[2.0, 0.5, 2.0, 0.5, 1.0]","{""time"": 1.0, ""collisions"": 0.05, ""congestion"": 1.0, ""fairness"": 0.5, ""incomplete_base"": 1000.0, ""incomplete_agent"": 10.0}","[238.13822751322752, 1217.3620833333334, 1471.2665000000002, 115.3075737657026, 141.23514492753625, 1198.9456666666667, 140.6965136054422, 1235.0605555555555, 1176.124668831169, 129.94745670995673]","[43.2, 100.0, 100.0, 32.6, 36.800000000000004, 100.0, 49.0, 100.0, 100.0, 46.2]"
ga,0,1,161.873567301946,28.740000000000002,2538.4,2.0259482543269174,6.0,10.733928571428573,19.109166666666667,8.375238095238094,True,0.0,hospital_corridor,28,12,"[11, 29, 47, 53, 61, 73, 89, 97, 101, 109]","[4.2670725391884385, 3.5463567673223793, 0.5435633775441666, 0.5, 1.0]","{""time"": 1.0, ""collisions"": 0.05, ""congestion"": 1.0, ""fairness"": 0.5, ""incomplete_base"": 1000.0, ""incomplete_agent"": 10.0}","[254.0373271889401, 163.19404761904764, 124.17775857654891, 139.6106277056277, 148.2874934106484, 131.19285714285715, 172.49709915611814, 212.8388667098259, 122.11281512605044, 150.78678038379533]","[31.0, 28.0, 27.900000000000002, 27.5, 27.1, 27.200000000000003, 31.6, 33.1, 27.200000000000003, 26.8]"
ga,0,2,1181.6800969587175,100.0,62.3,0.40069999999999995,4.1,12.892314668423364,23.221108585858595,10.328793917435222,False,7.3,hospital_corridor,28,12,"[11, 29, 47, 53, 61, 73, 89, 97, 101, 109]","[4.996182265488238, 3.9185400104340022, 1.775283443634367, 0.5, 1.0]","{""time"": 1.0, ""collisions"": 0.05, ""congestion"": 1.0, ""fairness"": 0.5, ""incomplete_base"": 1000.0, ""incomplete_agent"": 10.0}","[1174.988, 1227.3381111111112, 1177.5411111111111, 1170.497996047431, 1183.7910909090908, 1158.4927727272727, 1167.3936666666666, 1181.54425, 1165.7226666666666, 1209.4913043478261]","[100.0, 100.0, 100.0, 100.0, 100.0, 100.0, 100.0, 100.0, 100.0, 100.0]"
ga,0,3,1416.6738047619046,100.0,20.0,0.1709,1.7,22.484833333333334,51.49064285714286,29.005809523809525,False,30.1,hospital_corridor,28,12,"[11, 29, 47, 53, 61, 73, 89, 97, 101, 109]","[0.4836436965475905, 1.7054298579632348, 2.5148508456092156, 0.5, 1.0]","{""time"": 1.0, ""collisions"": 0.05, ""congestion"": 1.0, ""fairness"": 0.5, ""incomplete_base"": 1000.0, ""incomplete_agent"": 10.0}","[1413.8801904761906, 1402.0114285714285, 1434.7845, 1388.138, 1432.078, 1429.4161428571429, 1387.7322857142858, 1416.4118333333333, 1422.7333333333333, 1439.5523333333333]","[100.0, 100.0, 100.0, 100.0, 100.0, 100.0, 100.0, 100.0, 100.0, 100.0]"
ga,0,4,1242.586262105911,100.0,6.4,0.3271,3.2,13.738608327860652,25.616932539682544,11.87832421182189,False,13.6,hospital_corridor,28,12,"[11, 29, 47, 53, 61, 73, 89, 97, 101, 109]","[3.4138971831347744, 4.032910843487287, 2.936932299349427, 0.5, 1.0]","{""time"": 1.0, ""collisions"": 0.05, ""congestion"": 1.0, ""fairness"": 0.5, ""incomplete_base"": 1000.0, ""incomplete_agent"": 10.0}","[1245.982, 1246.732954248366, 1276.16075, 1234.6172941176471, 1244.4188045112783, 1196.3942626262626, 1226.37825, 1261.2455, 1246.8364722222223, 1247.0963333333334]","[100.0, 100.0, 100.0, 100.0, 100.0, 100.0, 100.0, 100.0, 100.0, 100.0]"
ga,0,5,1100.6512100262325,53.989999999999995,609.3,1.1729308054533143,5.0,12.221699134199135,22.268257575757577,10.046558441558442,False,1.0,hospital_corridor,28,12,"[11, 29, 47, 53, 61, 73, 89, 97, 101, 109]","[2.9149610112697584, 1.239330339312601, 1.2389044327085734, 0.5, 1.0]","{""time"": 1.0, ""collisions"": 0.05, ""congestion"": 1.0, ""fairness"": 0.5, ""incomplete_base"": 1000.0, ""incomplete_agent"": 10.0}","[121.51546643247464, 1181.925909090909, 1136.0955016835017, 57.53305609915199, 55.9974368318756, 66.79561994609165, 78.58092105263157, 71.81849999999999, 1173.7776195286197, 62.4720695970696]","[36.6, 100.0, 100.0, 29.200000000000003, 34.300000000000004, 31.8, 38.0, 37.5, 100.0, 32.5]"
ga,0,6,1128.2612091661326,87.76,151.1,0.6376543875777565,4.0,13.185087412587412,23.80219696969697,10.61710955710956,False,2.7,hospital_corridor,28,12,"[11, 29, 47, 53, 61, 73, 89, 97, 101, 109]","[4.249659238483234, 2.6030481126670924, 2.1351886210306423, 0.5, 1.0]","{""time"": 1.0, ""collisions"": 0.05, ""congestion"": 1.0, ""fairness"": 0.5, ""incomplete_base"": 1000.0, ""incomplete_agent"": 10.0}","[1143.5424871794871, 1170.1127575757575, 1138.0900489510489, 1146.0718333333334, 1167.5786515151515, 1142.2718333333332, 57.51611046057767, 1131.2153333333333, 52.8719334151999, 1133.3411025641026]","[100.0, 100.0, 100.0, 100.0, 100.0, 100.0, 42.7, 100.0, 34.9, 100.0]"
ga,0,7,1299.989554371364,100.0,4.3,0.3734,3.0,17.178691257272142,31.981000000000005,14.802308742727863,False,19.2,hospital_corridor,28,12,"[11, 29, 47, 53, 61, 73, 89, 97, 101, 109]","[1.9082323322730466, 4.091224580865629, 1.6450724942504817, 0.5, 1.0]","{""time"": 1.0, ""collisions"": 0.05, ""congestion"": 1.0, ""fairness"": 0.5, ""incomplete_base"": 1000.0, ""incomplete_agent"": 10.0}","[1294.1463846153847, 1288.0138333333334, 1347.4626666666668, 1294.6956538461538, 1287.3375714285714, 1276.6288749999999, 1259.1608529411765, 1286.9573725490195, 1323.9278333333334, 1341.5645]","[100.0, 100.0, 100.0, 100.0, 100.0, 100.0, 100.0, 100.0, 100.0, 100.0]"
ga,0,8,1299.3029858667476,100.0,4.3,0.40040000000000003,2.7,20.155248901425374,31.530420634920638,11.375171733495263,False,19.3,hospital_corridor,28,12,"[11, 29, 47, 53, 61, 73, 89, 97, 101, 109]","[2.141811451897227, 4.879793001734997, 1.7240814628528023, 0.5, 1.0]","{""time"": 1.0, ""collisions"": 0.05, ""congestion"": 1.0, ""fairness"": 0.5, ""incomplete_base"": 1000.0, ""incomplete_agent"": 10.0}","[1334.1632424242425, 1267.374857142857, 1333.9992424242425, 1307.2281538461539, 1316.0907727272727, 1271.5309215686275, 1248.402065359477, 1259.6660317460316, 1313.9805714285715, 1340.594]","[100.0, 100.0, 100.0, 100.0, 100.0, 100.0, 100.0, 100.0, 100.0, 100.0]"
ga,0,9,1311.51542987013,100.0,4.3,0.3353,2.9,15.675073593073595,27.605333333333334,11.930259740259741,False,20.5,hospital_corridor,28,12,"[11, 29, 47, 53, 61, 73, 89, 97, 101, 109]","[2.090534738335224, 4.110054388976939, 1.7974123062003358, 0.5, 1.0]","{""time"": 1.0, ""collisions"": 0.05, ""congestion"": 1.0, ""fairness"": 0.5, ""incomplete_base"": 1000.0, ""incomplete_agent"": 10.0}","[1268.9693333333332, 1297.1401428571428, 1335.5287272727273, 1323.865857142857, 1285.886761904762, 1306.347, 1317.1875714285713, 1300.2683333333334, 1314.4540714285715, 1365.5065]","[100.0, 100.0, 100.0, 100.0, 100.0, 100.0, 100.0, 100.0, 100.0, 100.0]"
ga,0,10,90.95593779223472,28.43,1123.9,1.9649854112823353,5.8,10.506428571428573,19.238333333333337,8.731904761904762,True,0.0,hospital_corridor,28,12,"[11, 29, 47, 53, 61, 73, 89, 97, 101, 109]","[4.755585248450862, 4.651443089686973, 0.7186956964798095, 0.5, 1.0]","{""time"": 1.0, ""collisions"": 0.05, ""congestion"": 1.0, ""fairness"": 0.5, ""incomplete_base"": 1000.0, ""incomplete_agent"": 10.0}","[137.2588744588745, 97.32199011680144, 66.78492757242758, 120.73137915543576, 90.71519480519481, 67.9378306878307, 87.39617827696449, 96.3268472906404, 74.9441816025303, 70.14197395564725]","[30.8, 31.8, 28.6, 26.5, 27.5, 27.0, 28.3, 29.0, 27.1, 27.700000000000003]"
ga,0,11,1236.5037853557594,100.0,11.2,0.3746,3.4,13.741490399592331,24.879861111111115,11.13837071151878,False,13.0,hospital_corridor,28,12,"[11, 29, 47, 53, 61, 73, 89, 97, 101, 109]","[3.923114314377654, 4.536376227076454, 1.578805309053594, 0.5, 1.0]","{""time"": 1.0, ""collisions"": 0.05, ""congestion"": 1.0, ""fairness"": 0.5, ""incomplete_base"": 1000.0, ""incomplete_agent"": 10.0}","[1228.6139649122806, 1246.650625, 1245.963522875817, 1245.453625, 1214.1607777777779, 1226.174, 1229.05, 1217.6426785714286, 1186.7351594202898, 1324.5935]","[100.0, 100.0, 100.0, 100.0, 100.0, 100.0, 100.0, 100.0, 100.0, 100.0]"
ga,0,12,1214.686120831187,100.0,20.0,0.37320000000000003,3.6,13.466100256817935,24.09194191919192,10.625841662373986,False,10.8,hospital_corridor,28,12,"[11, 29, 47, 53, 61, 73, 89, 97, 101, 109]","[3.760376688253301, 3.430569172587796, 2.334743374010566, 0.5, 1.0]","{""time"": 1.0, ""collisions"": 0.05, ""congestion"": 1.0, ""fairness"": 0.5, ""incomplete_base"": 1000.0, ""incomplete_agent"": 10.0}","[1207.9850765550239, 1247.557125, 1235.6475263157895, 1203.2485, 1204.273568181818, 1196.9215454545454, 1207.141634920635, 1219.4697391304348, 1176.9088260869564, 1247.7076666666667]","[100.0, 100.0, 100.0, 100.0, 100.0, 100.0, 100.0, 100.0, 100.0, 100.0]"
ga,0,13,1271.0837155701754,100.0,5.6,0.3083,3.0,16.048192669172938,29.039023809523815,12.990831140350878,False,16.4,hospital_corridor,28,12,"[11, 29, 47, 53, 61, 73, 89, 97, 101, 109]","[1.792551719458883, 2.757856818657316, 2.3589559243532054, 0.5, 1.0]","{""time"": 1.0, ""collisions"": 0.05, ""congestion"": 1.0, ""fairness"": 0.5, ""incomplete_base"": 1000.0, ""incomplete_agent"": 10.0}","[1298.099, 1247.2605, 1296.203857142857, 1255.106, 1293.722088235294, 1255.276661764706, 1238.615697368421, 1261.9885, 1275.6927678571428, 1288.8720833333334]","[100.0, 100.0, 100.0, 100.0, 100.0, 100.0, 100.0, 100.0, 100.0, 100.0]"
ga,0,14,193.48231762765687,35.760000000000005,3017.1,1.8260081038473426,5.7,13.755714285714287,23.838333333333335,10.082619047619048,True,0.0,hospital_corridor,28,12,"[11, 29, 47, 53, 61, 73, 89, 97, 101, 109]","[2.2101672111325334, 0.37672285614534695, 0.7212455121045129, 0.5, 1.0]","{""time"": 1.0, ""collisions"": 0.05, ""congestion"": 1.0, ""fairness"": 0.5, ""incomplete_base"": 1000.0, ""incomplete_agent"": 10.0}","[252.04352699296987, 183.40261056945036, 158.24488993710693, 178.07626274151835, 188.62248452012386, 189.93459383753498, 192.29844021550224, 244.40003894081, 196.81716867469882, 150.9831598468533]","[35.9, 33.7, 31.8, 31.3, 32.300000000000004, 35.7, 41.1, 42.800000000000004, 33.2, 39.800000000000004]"
ga,0,15,44.70217347333151,37.080000000000005,16.7,1.7412806161886483,4.9,13.925714285714287,24.017500000000005,10.091785714285715,True,0.0,hospital_corridor,28,12,"[11, 29, 47, 53, 61, 73, 89, 97, 101, 109]","[3.39082916500055, 4.994022995018925, 0.9747392768902838, 0.5, 1.0]","{""time"": 1.0, ""collisions"": 0.05, ""congestion"": 1.0, ""fairness"": 0.5, ""incomplete_base"": 1000.0, ""incomplete_agent"": 10.0}","[62.64598800149982, 54.403201970443355, 36.22572751322752, 38.09404761904762, 34.77357859531773, 41.06288515406162, 47.536483071489464, 44.27512939958593, 48.47681673165545, 39.52787667698659]","[50.800000000000004, 46.400000000000006, 29.700000000000003, 31.5, 29.900000000000002, 34.0, 39.1, 36.800000000000004, 40.300000000000004, 32.300000000000004]"
ga,0,16,1090.984111698907,51.6,511.2,1.2068835335539154,4.8,10.826907305657306,20.061363636363637,9.234456330706331,False,0.8,hospital_corridor,28,12,"[11, 29, 47, 53, 61, 73, 89, 97, 101, 109]","[4.377755551217259, 1.4020085450538358, 2.4168522802502164, 0.5, 1.0]","{""time"": 1.0, ""collisions"": 0.05, ""congestion"": 1.0, ""fairness"": 0.5, ""incomplete_base"": 1000.0, ""incomplete_agent"": 10.0}","[80.84902597402596, 1164.4109166666667, 1146.4830774410775, 62.36958354516184, 50.610675883256526, 1146.529858974359, 68.7898177412558, 70.9048383573613, 64.00650553150554, 54.88681687440077]","[30.8, 100.0, 100.0, 28.1, 31.0, 100.0, 33.9, 32.7, 29.700000000000003, 29.8]"
ga,0,17,1131.892844118478,87.64,232.8,0.6352443016281063,4.5,12.37184582084582,22.327045454545456,9.955199633699634,False,2.7,hospital_corridor,28,12,"[11, 29, 47, 53, 61, 73, 89, 97, 101, 109]","[4.169871407973243, 2.5564239022841644, 1.4175311074031338, 0.5, 1.0]","{""time"": 1.0, ""collisions"": 0.05, ""congestion"": 1.0, ""fairness"": 0.5, ""incomplete_base"": 1000.0, ""incomplete_agent"": 10.0}","[1158.7771538461539, 1196.94, 1139.457804195804, 1153.9395, 1168.7817727272727, 1126.3478333333333, 59.50480015913821, 56.17392857142857, 1123.5915714285713, 1135.414076923077]","[100.0, 100.0, 100.0, 100.0, 100.0, 100.0, 38.900000000000006, 37.5, 100.0, 100.0]"
ga,0,18,1208.8054459078362,100.0,11.2,0.3568,3.4,13.259934374803942,23.037226190476197,9.777291815672251,False,10.3,hospital_corridor,28,12,"[11, 29, 47, 53, 61, 73, 89, 97, 101, 109]","[4.322209139555422, 4.059037749052704, 2.3403245163148103, 0.5, 1.0]","{""time"": 1.0, ""collisions"": 0.05, ""congestion"": 1.0, ""fairness"": 0.5, ""incomplete_base"": 1000.0, ""incomplete_agent"": 10.0}","[1204.136, 1227.1104444444445, 1215.2897380952381, 1203.107, 1203.9287954545455, 1197.0980303030303, 1187.6922727272727, 1227.7370476190476, 1175.8941304347827, 1246.061]","[100.0, 100.0, 100.0, 100.0, 100.0, 100.0, 100.0, 100.0, 100.0, 100.0]"
ga,0,19,1294.6232037475597,100.0,4.4,0.2986,2.6,17.113052966641202,33.322260461760465,16.209207495119262,False,18.6,hospital_corridor,28,12,"[11, 29, 47, 53, 61, 73, 89, 97, 101, 109]","[1.8012459185243326, 3.909628137266099, 2.975381686600037, 0.5, 1.0]","{""time"": 1.0, ""collisions"": 0.05, ""congestion"": 1.0, ""fairness"": 0.5, ""incomplete_base"": 1000.0, ""incomplete_agent"": 10.0}","[1329.8015194805196, 1248.638484848485, 1327.24725, 1257.1516666666666, 1288.5625, 1266.0882222222222, 1287.7326785714286, 1292.9008823529412, 1306.5663333333332, 1341.5425]","[100.0, 100.0, 100.0, 100.0, 100.0, 100.0, 100.0, 100.0, 100.0, 100.0]"
ga,0,20,1460.5823063492064,100.0,20.2,0.1981,1.7,45.300000000000004,61.19571428571428,24.748412698412697,False,34.7,hospital_corridor,28,12,"[11, 29, 47, 53, 61, 73, 89, 97, 101, 109]","[0.22390335958721305, 1.6001996343221263, 0.9846346151112552, 0.5, 1.0]","{""time"": 1.0, ""collisions"": 0.05, ""congestion"": 1.0, ""fairness"": 0.5, ""incomplete_base"": 1000.0, ""incomplete_agent"": 10.0}","[1464.54, 1491.879, 1445.104, 1427.6655714285714, 1476.4546666666668, 1500.8890000000001, 1488.149, 1459.446, 1491.175, 1511.024]","[100.0, 100.0, 100.0, 100.0, 100.0, 100.0, 100.0, 100.0, 100.0, 100.0]"
ga,0,21,1120.3772174292355,80.58,177.0,0.7382805078235932,4.4,12.282656460206463,22.700530303030305,10.417873842823843,False,2.5,hospital_corridor,28,12,"[11, 29, 47, 53, 61, 73, 89, 97, 101, 109]","[3.990713466136409, 2.209605358640524, 2.0527323668388164, 0.5, 1.0]","{""time"": 1.0, ""collisions"": 0.05, ""congestion"": 1.0, ""fairness"": 0.5, ""incomplete_base"": 1000.0, ""incomplete_agent"": 10.0}","[59.48366793462947, 1170.5999848484848, 1140.4733566433567, 1148.4409166666667, 1169.6705909090908, 1144.5803333333333, 59.585481997677114, 1133.9863333333333, 42.952726574500765, 1133.998782051282]","[33.800000000000004, 100.0, 100.0, 100.0, 100.0, 100.0, 41.0, 100.0, 31.0, 100.0]"
ga,0,22,1237.5844142035123,100.0,133.6,0.35109999999999997,3.6,14.254028158631874,25.360656565656562,11.106628407024694,False,12.5,hospital_corridor,28,12,"[11, 29, 47, 53, 61, 73, 89, 97, 101, 109]","[1.9905175532739083, 1.6850720009065236, 1.414030791572113, 0.5, 1.0]","{""time"": 1.0, ""collisions"": 0.05, ""congestion"": 1.0, ""fairness"": 0.5, ""incomplete_base"": 1000.0, ""incomplete_agent"": 10.0}","[1239.2238771929824, 1289.2814285714285, 1244.6526666666666, 1276.7034285714285, 1231.7650802139037, 1234.826298245614, 1231.7282222222223, 1185.39975, 1191.3159166666667, 1250.9474736842105]","[100.0, 100.0, 100.0, 100.0, 100.0, 100.0, 100.0, 100.0, 100.0, 100.0]"
ga,0,23,144.73718513279138,28.78,2200.1,1.9077208470770946,5.8,10.81357142857143,18.902499999999996,8.088928571428571,True,0.0,hospital_corridor,28,12,"[11, 29, 47, 53, 61, 73, 89, 97, 101, 109]","[4.028124720075131, 0.15085263573181634, 2.5616126324870803, 0.5, 1.0]","{""time"": 1.0, ""collisions"": 0.05, ""congestion"": 1.0, ""fairness"": 0.5, ""incomplete_base"": 1000.0, ""incomplete_agent"": 10.0}","[160.45591046277664, 143.71736353077821, 117.31883533133534, 137.40161466885607, 138.59127697841726, 107.9493614718615, 154.98948412698414, 222.99718091048737, 117.99180369989723, 145.95902014652015]","[28.400000000000002, 28.700000000000003, 28.6, 26.1, 27.8, 27.5, 31.5, 34.1, 27.8, 27.3]"
ga,1,0,44.70217347333151,37.080000000000005,16.7,1.7412806161886483,4.9,13.925714285714287,24.017500000000005,10.091785714285715,True,0.0,hospital_corridor,28,12,"[11, 29, 47, 53, 61, 73, 89, 97, 101, 109]","[3.39082916500055, 4.994022995018925, 0.9747392768902838, 0.5, 1.0]","{""time"": 1.0, ""collisions"": 0.05, ""congestion"": 1.0, ""fairness"": 0.5, ""incomplete_base"": 1000.0, ""incomplete_agent"": 10.0}","[62.64598800149982, 54.403201970443355, 36.22572751322752, 38.09404761904762, 34.77357859531773, 41.06288515406162, 47.536483071489464, 44.27512939958593, 48.47681673165545, 39.52787667698659]","[50.800000000000004, 46.400000000000006, 29.700000000000003, 31.5, 29.900000000000002, 34.0, 39.1, 36.800000000000004, 40.300000000000004, 32.300000000000004]"
ga,1,1,90.95593779223472,28.43,1123.9,1.9649854112823353,5.8,10.506428571428573,19.238333333333337,8.731904761904762,True,0.0,hospital_corridor,28,12,"[11, 29, 47, 53, 61, 73, 89, 97, 101, 109]","[4.755585248450862, 4.651443089686973, 0.7186956964798095, 0.5, 1.0]","{""time"": 1.0, ""collisions"": 0.05, ""congestion"": 1.0, ""fairness"": 0.5, ""incomplete_base"": 1000.0, ""incomplete_agent"": 10.0}","[137.2588744588745, 97.32199011680144, 66.78492757242758, 120.73137915543576, 90.71519480519481, 67.9378306878307, 87.39617827696449, 96.3268472906404, 74.9441816025303, 70.14197395564725]","[30.8, 31.8, 28.6, 26.5, 27.5, 27.0, 28.3, 29.0, 27.1, 27.700000000000003]"
ga,1,2,1118.133290970247,80.95,314.2,0.7659466479025062,4.6,12.1177355977356,21.53242424242424,9.414688644688644,False,1.6,hospital_corridor,28,12,"[11, 29, 47, 53, 61, 73, 89, 97, 101, 109]","[4.07826201004795, 2.139921701268832, 1.4384429166481052, 0.5, 1.0]","{""time"": 1.0, ""collisions"": 0.05, ""congestion"": 1.0, ""fairness"": 0.5, ""incomplete_base"": 1000.0, ""incomplete_agent"": 10.0}","[97.82904340210199, 1172.6115454545454, 1133.7605050505051, 1132.1882692307693, 1130.0396666666666, 1125.9342222222222, 60.64317765567766, 56.938507326007326, 1133.3558701298703, 1138.0321025641026]","[36.7, 100.0, 100.0, 100.0, 100.0, 100.0, 36.4, 36.4, 100.0, 100.0]"
ga,1,3,97.00494583948249,29.240000000000002,1238.5,1.673100601387241,5.0,10.737142857142857,19.070833333333336,8.333690476190478,True,0.0,hospital_corridor,28,12,"[11, 29, 47, 53, 61, 73, 89, 97, 101, 109]","[4.119734118000425, 0.6324248417422467, 2.764219759050279, 0.5, 1.0]","{""time"": 1.0, ""collisions"": 0.05, ""congestion"": 1.0, ""fairness"": 0.5, ""incomplete_base"": 1000.0, ""incomplete_agent"": 10.0}","[120.16697414064964, 86.70550082101808, 87.607683982684, 103.42369390202123, 85.8170731707317, 91.54237588652482, 93.98723721930243, 124.24446466484684, 85.93819444444443, 90.61626016260163]","[30.200000000000003, 29.0, 29.700000000000003, 27.8, 28.700000000000003, 28.200000000000003, 29.900000000000002, 31.400000000000002, 28.8, 28.700000000000003]"
ga,1,4,222.73635182526482,34.17,3636.0,1.9041494443124354,5.8,12.756428571428575,22.480833333333337,9.724404761904761,True,0.0,hospital_corridor,28,12,"[11, 29, 47, 53, 61, 73, 89, 97, 101, 109]","[3.042249589604298, 2.128500791928253, 0.6330815313261768, 0.5, 1.0]","{""time"": 1.0, ""collisions"": 0.05, ""congestion"": 1.0, ""fairness"": 0.5, ""incomplete_base"": 1000.0, ""incomplete_agent"": 10.0}","[214.4315863623556, 231.65312000639184, 153.28802616609784, 201.38540372670806, 181.23220092915213, 151.09486125385408, 184.75209627329193, 536.3691666666667, 202.03204591282767, 171.12501095530237]","[33.800000000000004, 29.8, 29.3, 32.2, 28.700000000000003, 27.8, 36.800000000000004, 60.0, 30.700000000000003, 32.6]"
ga,1,5,1255.0204202865118,100.0,5.2,0.3578,3.3,13.777910220627325,26.583150793650795,12.805240573023468,False,14.8,hospital_corridor,28,12,"[11, 29, 47, 53, 61, 73, 89, 97, 101, 109]","[3.6711564180284055, 4.704414480914337, 2.0059106503163613, 0.5, 1.0]","{""time"": 1.0, ""collisions"": 0.05, ""congestion"": 1.0, ""fairness"": 0.5, ""incomplete_base"": 1000.0, ""incomplete_agent"": 10.0}","[1258.454507936508, 1247.011375, 1305.351, 1254.9923333333334, 1256.6884210526316, 1201.357292929293, 1313.9991666666667, 1258.9594736842105, 1204.478090909091, 1248.9125413533834]","[100.0, 100.0, 100.0, 100.0, 100.0, 100.0, 100.0, 100.0, 100.0, 100.0]"
ga,1,6,1248.1657123072835,100.0,4.3,0.3181,3.0,14.520997607655502,25.78622222222223,11.26522461456672,False,14.2,hospital_corridor,28,12,"[11, 29, 47, 53, 61, 73, 89, 97, 101, 109]","[3.533463375979763, 4.560574485454074, 2.1103293070283344, 0.5, 1.0]","{""time"": 1.0, ""collisions"": 0.05, ""congestion"": 1.0, ""fairness"": 0.5, ""incomplete_base"": 1000.0, ""incomplete_agent"": 10.0}","[1245.647, 1247.128, 1276.4171666666666, 1255.1003333333333, 1245.1733157894737, 1196.4702020202021, 1253.9635, 1260.592, 1224.8085, 1276.3571052631578]","[100.0, 100.0, 100.0, 100.0, 100.0, 100.0, 100.0, 100.0, 100.0, 100.0]"
ga,1,7,1187.5992180519615,100.0,43.9,0.4455,4.1,12.984954949467909,22.902391053391053,9.917436103923148,False,8.0,hospital_corridor,28,12,"[11, 29, 47, 53, 61, 73, 89, 97, 101, 109]","[3.6177424772740876, 3.864017682152647, 1.1991533438725157, 0.5, 1.0]","{""time"": 1.0, ""collisions"": 0.05, ""congestion"": 1.0, ""fairness"": 0.5, ""incomplete_base"": 1000.0, ""incomplete_agent"": 10.0}","[1171.016067193676, 1227.1749037433156, 1186.0175507246377, 1186.9810952380953, 1214.707894736842, 1167.46425, 1167.3661666666667, 1179.5886483516483, 1167.7337777777777, 1207.9418260869566]","[100.0, 100.0, 100.0, 100.0, 100.0, 100.0, 100.0, 100.0, 100.0, 100.0]"
ga,1,8,45.63037383290917,30.860000000000003,173.8,1.7982904995758358,5.5,11.83,20.394166666666667,8.564166666666667,True,0.0,hospital_corridor,28,12,"[11, 29, 47, 53, 61, 73, 89, 97, 101, 109]","[4.161145155368766, 3.9205479409862862, 0.8483648933744482, 0.5, 1.0]","{""time"": 1.0, ""collisions"": 0.05, ""congestion"": 1.0, ""fairness"": 0.5, ""incomplete_base"": 1000.0, ""incomplete_agent"": 10.0}","[61.92647928994084, 44.06230158730159, 38.995598533531066, 61.201654560129136, 39.764592933947775, 37.31938405797102, 41.26328236980411, 44.23320393374742, 46.354390354868066, 41.182850707850704]","[33.800000000000004, 28.8, 28.900000000000002, 35.4, 31.0, 27.6, 29.900000000000002, 32.2, 31.400000000000002, 29.6]"
ga,1,9,177.96898537099352,30.300000000000004,2828.9,1.9626163233744496,5.9,11.473928571428573,19.996666666666666,8.522738095238095,True,0.0,hospital_corridor,28,12,"[11, 29, 47, 53, 61, 73, 89, 97, 101, 109]","[3.496756548820223, 4.311098239620595, 0.6699377610600021, 0.5, 1.0]","{""time"": 1.0, ""collisions"": 0.05, ""congestion"": 1.0, ""fairness"": 0.5, ""incomplete_base"": 1000.0, ""incomplete_agent"": 10.0}","[194.0959065934066, 190.43183483183486, 152.9860275689223, 152.7859271523179, 166.01607142857145, 138.80136363636362, 211.1134199134199, 247.7015227021041, 153.6194517256444, 172.13832815734992]","[32.5, 28.6, 28.5, 30.200000000000003, 28.0, 27.5, 33.0, 34.4, 32.7, 27.6]"
ga,1,10,1100.9343588219972,52.510000000000005,690.8,1.2164124628007342,4.5,11.678501221001222,21.01439393939394,9.335892718392719,False,0.8,hospital_corridor,28,12,"[11, 29, 47, 53, 61, 73, 89, 97, 101, 109]","[3.5026419860329234, 1.1332588475952188, 1.9790530763848762, 0.5, 1.0]","{""time"": 1.0, ""collisions"": 0.05, ""congestion"": 1.0, ""fairness"": 0.5, ""incomplete_base"": 1000.0, ""incomplete_agent"": 10.0}","[110.29432957393485, 1168.479, 1155.5867474747474, 66.85399209153626, 55.970238095238095, 1151.4650256410257, 73.258475925189, 95.93105983080912, 70.58629032258065, 60.91842926490985]","[32.300000000000004, 100.0, 100.0, 28.3, 31.8, 100.0, 35.9, 34.9, 31.0, 30.900000000000002]"
ga,1,11,1139.9501583179394,88.4,304.9,0.6136723640784145,4.3,13.291876577126576,24.67484848484849,11.38297190772191,False,3.0,hospital_corridor,28,12,"[11, 29, 47, 53, 61, 73, 89, 97, 101, 109]","[2.865631118458244, 1.4874532954824708, 1.8518299954374533, 0.5, 1.0]","{""time"": 1.0, ""collisions"": 0.05, ""congestion"": 1.0, ""fairness"": 0.5, ""incomplete_base"": 1000.0, ""incomplete_agent"": 10.0}","[1169.9339487179486, 1195.7855, 1144.8013356643357, 1154.9263333333333, 1152.8378333333333, 1151.2046666666668, 66.0984990237553, 66.62741509321934, 1134.1578013468013, 1163.12825]","[100.0, 100.0, 100.0, 100.0, 100.0, 100.0, 43.900000000000006, 40.1, 100.0, 100.0]"
ga,1,12,1204.2991375023528,100.0,59.6,0.3672,3.5,13.840624995294561,23.7445,9.90387500470544,False,9.6,hospital_corridor,28,12,"[11, 29, 47, 53, 61, 73, 89, 97, 101, 109]","[3.483852560837043, 2.784959193654652, 1.9910292859875698, 0.5, 1.0]","{""time"": 1.0, ""collisions"": 0.05, ""congestion"": 1.0, ""fairness"": 0.5, ""incomplete_base"": 1000.0, ""incomplete_agent"": 10.0}","[1195.2744545454545, 1226.6546666666666, 1216.7935, 1183.888909090909, 1207.3528253968254, 1178.924, 1198.4408913043478, 1220.353072463768, 1165.4128888888888, 1249.8961666666667]","[100.0, 100.0, 100.0, 100.0, 100.0, 100.0, 100.0, 100.0, 100.0, 100.0]"
ga,1,13,1103.5872579942672,67.00999999999999,352.8,0.9494255591098023,4.3,12.474410887260888,22.450075757575757,9.975664870314873,False,1.3,hospital_corridor,28,12,"[11, 29, 47, 53, 61, 73, 89, 97, 101, 109]","[3.5240001031020896, 1.6335808167793506, 1.7842541576467972, 0.5, 1.0]","{""time"": 1.0, ""collisions"": 0.05, ""congestion"": 1.0, ""fairness"": 0.5, ""incomplete_base"": 1000.0, ""incomplete_agent"": 10.0}","[75.68693977591036, 1155.78625, 1149.7761958041958, 47.72940476190476, 52.27738095238096, 1145.849, 64.65467644236537, 1143.7177037037036, 1144.6761986531988, 55.718829849012785]","[34.0, 100.0, 100.0, 30.0, 33.6, 100.0, 39.7, 100.0, 100.0, 32.800000000000004]"
ga,1,14,1197.1229176618672,100.0,35.2,0.3807,3.6,12.847072252023342,22.811507575757577,9.964435323734236,False,9.0,hospital_corridor,28,12,"[11, 29, 47, 53, 61, 73, 89, 97, 101, 109]","[4.554648492332872, 3.6565315917663095, 2.3582360400834816, 0.5, 1.0]","{""time"": 1.0, ""collisions"": 0.05, ""congestion"": 1.0, ""fairness"": 0.5, ""incomplete_base"": 1000.0, ""incomplete_agent"": 10.0}","[1168.361484848485, 1247.929625, 1195.4720404040404, 1183.8615974025975, 1185.7624782608696, 1178.972, 1217.9174444444445, 1199.166445652174, 1167.0523333333333, 1226.7337272727273]","[100.0, 100.0, 100.0, 100.0, 100.0, 100.0, 100.0, 100.0, 100.0, 100.0]"
ga,1,15,140.370514172609,27.98,2126.0,1.9315260773709064,5.9,10.270357142857142,18.588333333333335,8.317976190476191,True,0.0,hospital_corridor,28,12,"[11, 29, 47, 53, 61, 73, 89, 97, 101, 109]","[4.469658493230497, 0.1, 1.991569884724072, 0.5, 1.0]","{""time"": 1.0, ""collisions"": 0.05, ""congestion"": 1.0, ""fairness"": 0.5, ""incomplete_base"": 1000.0, ""incomplete_agent"": 10.0}","[176.01073037323036, 145.36105623100306, 115.19461955600747, 118.23910875160877, 144.75198412698413, 117.86992296918767, 145.89125081539464, 184.02938596491228, 118.33660497045534, 138.02047796730633]","[29.6, 28.200000000000003, 28.1, 25.900000000000002, 27.0, 27.200000000000003, 29.200000000000003, 30.400000000000002, 27.400000000000002, 26.8]"
ga,1,16,1094.0117761400666,59.69999999999999,346.7,1.0697574050979464,4.6,11.690886772486774,21.504924242424245,9.814037469937471,False,1.1,hospital_corridor,28,12,"[11, 29, 47, 53, 61, 73, 89, 97, 101, 109]","[4.192691834480098, 1.8338893214320824, 2.098772053611807, 0.5, 1.0]","{""time"": 1.0, ""collisions"": 0.05, ""congestion"": 1.0, ""fairness"": 0.5, ""incomplete_base"": 1000.0, ""incomplete_agent"": 10.0}","[82.3076032622994, 1156.4616666666666, 1147.6364545454546, 48.300205254515596, 49.921154688869414, 1145.7456666666667, 63.565350877192984, 1142.6501851851851, 54.20404135338346, 49.32543290043291]","[36.2, 100.0, 100.0, 29.0, 32.6, 100.0, 38.0, 100.0, 30.400000000000002, 30.8]"
ga,1,17,1183.556790826423,100.0,36.1,0.39990000000000003,3.6,12.584693094629156,23.288474747474748,10.703781652845594,False,7.6,hospital_corridor,28,12,"[11, 29, 47, 53, 61, 73, 89, 97, 101, 109]","[4.653727865902172, 3.619697480561789, 2.3986785808703046, 0.5, 1.0]","{""time"": 1.0, ""collisions"": 0.05, ""congestion"": 1.0, ""fairness"": 0.5, ""incomplete_base"": 1000.0, ""incomplete_agent"": 10.0}","[1169.7890079051383, 1228.4925187165775, 1195.2425217391306, 1166.8566666666666, 1164.9649166666666, 1159.6250833333334, 1198.586888888889, 1198.3830543478261, 1165.8240833333334, 1187.8031666666666]","[100.0, 100.0, 100.0, 100.0, 100.0, 100.0, 100.0, 100.0, 100.0, 100.0]"
ga,1,18,1249.5407210372746,100.0,119.9,0.32880000000000004,3.4,14.008630147673108,26.44247222222222,12.433842074549116,False,13.7,hospital_corridor,28,12,"[11, 29, 47, 53, 61, 73, 89, 97, 101, 109]","[1.8640218983661911, 1.4445062666313793, 1.9858483620779241, 0.5, 1.0]","{""time"": 1.0, ""collisions"": 0.05, ""congestion"": 1.0, ""fairness"": 0.5, ""incomplete_base"": 1000.0, ""incomplete_agent"": 10.0}","[1242.111111111111, 1253.501, 1281.4360535714286, 1257.7416666666668, 1248.7905789473684, 1241.787857142857, 1232.66775, 1239.222142857143, 1228.086058479532, 1270.0629915966388]","[100.0, 100.0, 100.0, 100.0, 100.0, 100.0, 100.0, 100.0, 100.0, 100.0]"
ga,1,19,1248.9700729670656,100.0,5.3,0.33199999999999996,3.2,13.894155653170362,26.640301587301586,12.746145934131231,False,14.2,hospital_corridor,28,12,"[11, 29, 47, 53, 61, 73, 89, 97, 101, 109]","[2.959747707229078, 3.6062940421203953, 2.6057400285346572, 0.5, 1.0]","{""time"": 1.0, ""collisions"": 0.05, ""congestion"": 1.0, ""fairness"": 0.5, ""incomplete_base"": 1000.0, ""incomplete_agent"": 10.0}","[1245.80725, 1246.0203137254903, 1277.013253968254, 1255.1173333333334, 1245.9435833333334, 1196.1529595959596, 1227.45925, 1261.2255, 1266.298, 1268.6632857142856]","[100.0, 100.0, 100.0, 100.0, 100.0, 100.0, 100.0, 100.0, 100.0, 100.0]"
ga,1,20,41.44067635769194,31.7,66.6,1.8286525481681317,5.3,12.216785714285715,21.380833333333335,9.16404761904762,True,0.0,hospital_corridor,28,12,"[11, 29, 47, 53, 61, 73, 89, 97, 101, 109]","[3.8819925486371254, 4.467219154268791, 0.8851284207554031, 0.5, 1.0]","{""time"": 1.0, ""collisions"": 0.05, ""congestion"": 1.0, ""fairness"": 0.5, ""incomplete_base"": 1000.0, ""incomplete_agent"": 10.0}","[49.62868541033435, 40.827329192546586, 38.47836229086229, 41.63267133956386, 35.50699300699301, 36.882269503546105, 42.07227501092181, 46.1340522358528, 41.988921203660624, 41.25520438263801]","[32.9, 32.2, 29.6, 32.1, 28.6, 28.200000000000003, 32.7, 36.1, 30.700000000000003, 33.9]"
ga,1,21,1108.6552979335968,74.73,141.8,0.8625558146045696,4.9,12.122015762015764,22.0675,9.945484237984239,False,2.1,hospital_corridor,28,12,"[11, 29, 47, 53, 61, 73, 89, 97, 101, 109]","[3.4838811870060558, 2.7228247371012086, 1.0724717084329798, 0.5, 1.0]","{""time"": 1.0, ""collisions"": 0.05, ""congestion"": 1.0, ""fairness"": 0.5, ""incomplete_base"": 1000.0, ""incomplete_agent"": 10.0}","[1152.0591538461538, 1166.7076666666667, 40.927782473936325, 1146.9111666666668, 1165.5599242424241, 1118.6102222222223, 65.20349462365591, 54.53215811965813, 46.88255150022392, 1129.158858974359]","[100.0, 100.0, 33.800000000000004, 100.0, 100.0, 100.0, 46.5, 35.1, 31.900000000000002, 100.0]"
ga,1,22,1177.6534127728055,100.0,85.5,0.4183,4.0,12.10898405034863,22.029209595959596,9.92022554561097,False,6.8,hospital_corridor,28,12,"[11, 29, 47, 53, 61, 73, 89, 97, 101, 109]","[4.524341311843652, 3.5003127245680377, 1.4028586908009222, 0.5, 1.0]","{""time"": 1.0, ""collisions"": 0.05, ""congestion"": 1.0, ""fairness"": 0.5, ""incomplete_base"": 1000.0, ""incomplete_agent"": 10.0}","[1143.237141025641, 1246.8351699346406, 1156.438, 1165.1756640316205, 1184.235181818182, 1139.821944055944, 1181.2508055555556, 1171.3819038461538, 1156.1912222222222, 1231.9670952380952]","[100.0, 100.0, 100.0, 100.0, 100.0, 100.0, 100.0, 100.0, 100.0, 100.0]"
ga,1,23,1190.9915532568245,100.0,73.6,0.4144,3.8,13.317024294431732,23.111330808080808,9.794306513649076,False,8.2,hospital_corridor,28,12,"[11, 29, 47, 53, 61, 73, 89, 97, 101, 109]","[4.221957402743619, 3.388872969451967, 1.570111312961648, 0.5, 1.0]","{""time"": 1.0, ""collisions"": 0.05, ""congestion"": 1.0, ""fairness"": 0.5, ""incomplete_base"": 1000.0, ""incomplete_agent"": 10.0}","[1174.6809683794465, 1226.0961695906433, 1177.9053888888889, 1173.8994308300396, 1204.0527777777777, 1176.9511304347825, 1178.4780277777777, 1181.99625, 1165.4325555555556, 1250.4228333333333]","[100.0, 100.0, 100.0, 100.0, 100.0, 100.0, 100.0, 100.0, 100.0, 100.0]"
ga,2,0,41.44067635769194,31.7,66.6,1.8286525481681317,5.3,12.216785714285715,21.380833333333335,9.16404761904762,True,0.0,hospital_corridor,28,12,"[11, 29, 47, 53, 61, 73, 89, 97, 101, 109]","[3.8819925486371254, 4.467219154268791, 0.8851284207554031, 0.5, 1.0]","{""time"": 1.0, ""collisions"": 0.05, ""congestion"": 1.0, ""fairness"": 0.5, ""incomplete_base"": 1000.0, ""incomplete_agent"": 10.0}","[49.62868541033435, 40.827329192546586, 38.47836229086229, 41.63267133956386, 35.50699300699301, 36.882269503546105, 42.07227501092181, 46.1340522358528, 41.988921203660624, 41.25520438263801]","[32.9, 32.2, 29.6, 32.1, 28.6, 28.200000000000003, 32.7, 36.1, 30.700000000000003, 33.9]"
ga,2,1,44.70217347333151,37.080000000000005,16.7,1.7412806161886483,4.9,13.925714285714287,24.017500000000005,10.091785714285715,True,0.0,hospital_corridor,28,12,"[11, 29, 47, 53, 61, 73, 89, 97, 101, 109]","[3.39082916500055, 4.994022995018925, 0.9747392768902838, 0.5, 1.0]","{""time"": 1.0, ""collisions"": 0.05, ""congestion"": 1.0, ""fairness"": 0.5, ""incomplete_base"": 1000.0, ""incomplete_agent"": 10.0}","[62.64598800149982, 54.403201970443355, 36.22572751322752, 38.09404761904762, 34.77357859531773, 41.06288515406162, 47.536483071489464, 44.27512939958593, 48.47681673165545, 39.52787667698659]","[50.800000000000004, 46.400000000000006, 29.700000000000003, 31.5, 29.900000000000002, 34.0, 39.1, 36.800000000000004, 40.300000000000004, 32.300000000000004]"
ga,2,2,1097.5387693640748,36.85,1015.1,1.5033229355034308,5.1,10.640773809523811,19.50166666666667,8.860892857142856,False,0.4,hospital_corridor,28,12,"[11, 29, 47, 53, 61, 73, 89, 97, 101, 109]","[3.893369158398859, 0.7681852206582418, 2.0980414096393214, 0.5, 1.0]","{""time"": 1.0, ""collisions"": 0.05, ""congestion"": 1.0, ""fairness"": 0.5, ""incomplete_base"": 1000.0, ""incomplete_agent"": 10.0}","[114.42193223443223, 1184.23325, 75.22124060150377, 94.07610976594027, 74.9545542635659, 75.79949874686716, 92.7904761904762, 108.96627985579092, 81.20501700680272, 73.71933497536945]","[29.900000000000002, 100.0, 30.400000000000002, 29.5, 30.1, 28.5, 30.0, 31.700000000000003, 29.400000000000002, 29.0]"
ga,2,3,1101.8013937364374,67.53,342.9,0.9322584670771553,4.5,12.74082037037037,23.129090909090912,10.388270538720537,False,1.1,hospital_corridor,28,12,"[11, 29, 47, 53, 61, 73, 89, 97, 101, 109]","[3.0919960780598097, 1.351692916566476, 2.6544736570615717, 0.5, 1.0]","{""time"": 1.0, ""collisions"": 0.05, ""congestion"": 1.0, ""fairness"": 0.5, ""incomplete_base"": 1000.0, ""incomplete_agent"": 10.0}","[73.8937447786132, 1158.0060833333334, 1140.1754377104378, 48.1926403342794, 47.454796918767514, 1155.8778333333335, 71.04282786885246, 1139.1549074074073, 1127.236948051948, 56.978717627401835]","[34.2, 100.0, 100.0, 30.200000000000003, 34.0, 100.0, 42.7, 100.0, 100.0, 34.2]"
ga,2,4,1065.252352530309,49.800000000000004,41.5,1.430653396109912,5.0,14.349935064935067,26.243333333333332,11.893398268398268,False,0.6,hospital_corridor,28,12,"[11, 29, 47, 53, 61, 73, 89, 97, 101, 109]","[2.95380586729613, 3.9750690938005664, 0.9900997876148563, 0.5, 1.0]","{""time"": 1.0, ""collisions"": 0.05, ""congestion"": 1.0, ""fairness"": 0.5, ""incomplete_base"": 1000.0, ""incomplete_agent"": 10.0}","[62.119925135002454, 1166.6318484848484, 40.73887693631669, 47.74853456611071, 71.29691607412195, 44.735139397639394, 48.99223119223119, 64.48214285714286, 57.73326780253387, 48.04464285714286]","[48.5, 100.0, 33.2, 39.400000000000006, 66.3, 35.1, 40.7, 52.5, 43.6, 38.7]"
ga,2,5,1142.3287803207463,94.13,61.6,0.6316029055690072,4.8,13.886008806008807,24.860363636363637,10.974354830354832,False,3.9,hospital_corridor,28,12,"[11, 29, 47, 53, 61, 73, 89, 97, 101, 109]","[3.419469696771157, 3.7417786383195675, 1.0571111977084073, 0.5, 1.0]","{""time"": 1.0, ""collisions"": 0.05, ""congestion"": 1.0, ""fairness"": 0.5, ""incomplete_base"": 1000.0, ""incomplete_agent"": 10.0}","[1132.117, 1187.7161515151515, 1129.4485959595959, 1195.8011212121212, 1176.4848095238094, 1143.518958041958, 1148.4153076923076, 51.612933817594836, 1127.9896397306397, 1130.1832857142858]","[100.0, 100.0, 100.0, 100.0, 100.0, 100.0, 100.0, 41.300000000000004, 100.0, 100.0]"
ga,2,6,1113.9060487268703,79.63000000000001,171.3,0.78489208998868,4.4,12.50670187775188,22.359015151515152,9.852313273763274,False,2.0,hospital_corridor,28,12,"[11, 29, 47, 53, 61, 73, 89, 97, 101, 109]","[4.121020897798904, 2.223663241880525, 2.5173182526750737, 0.5, 1.0]","{""time"": 1.0, ""collisions"": 0.05, ""congestion"": 1.0, ""fairness"": 0.5, ""incomplete_base"": 1000.0, ""incomplete_agent"": 10.0}","[59.58844816687737, 1171.468712121212, 1144.276104895105, 41.37135040885042, 1149.7109166666667, 1143.4028333333333, 1136.5185128205128, 1126.8039259259258, 1119.458012987013, 46.461669943206644]","[33.9, 100.0, 100.0, 29.700000000000003, 100.0, 100.0, 100.0, 100.0, 100.0, 32.7]"
ga,2,7,1077.385971303144,36.07000000000001,624.8,1.5971022555250052,5.2,10.713928571428571,19.671666666666667,8.957738095238096,False,0.4,hospital_corridor,28,12,"[11, 29, 47, 53, 61, 73, 89, 97, 101, 109]","[4.159858375570287, 1.5397669138230752, 1.095266399749653, 0.5, 1.0]","{""time"": 1.0, ""collisions"": 0.05, ""congestion"": 1.0, ""fairness"": 0.5, ""incomplete_base"": 1000.0, ""incomplete_agent"": 10.0}","[95.05344611528822, 1166.063, 58.62922932330827, 72.29450787750045, 52.550305662805656, 55.81365248226951, 69.41349206349207, 74.65686090225563, 72.80525828706041, 56.57996031746032]","[28.5, 100.0, 28.5, 26.900000000000002, 29.6, 28.200000000000003, 31.5, 30.400000000000002, 28.3, 28.8]"
ga,2,8,1145.3362817914558,94.03,127.5,0.5241101736972704,4.1,12.5778385826649,23.392181818181818,10.814343235516919,False,3.9,hospital_corridor,28,12,"[11, 29, 47, 53, 61, 73, 89, 97, 101, 109]","[4.453447742146251, 2.8474323174509393, 1.8003561116344422, 0.5, 1.0]","{""time"": 1.0, ""collisions"": 0.05, ""congestion"": 1.0, ""fairness"": 0.5, ""incomplete_base"": 1000.0, ""incomplete_agent"": 10.0}","[1140.0871538461538, 1216.7526459330143, 1161.049, 1151.4261666666666, 1167.8132727272728, 1139.8196666666668, 53.11619697506795, 1141.7654074074073, 1148.426923076923, 1133.1063846153845]","[100.0, 100.0, 100.0, 100.0, 100.0, 100.0, 40.300000000000004, 100.0, 100.0, 100.0]"
ga,2,9,1096.320969704781,59.46,359.6,1.1632909779522072,5.0,11.554794061494063,20.990151515151517,9.435357453657456,False,1.3,hospital_corridor,28,12,"[11, 29, 47, 53, 61, 73, 89, 97, 101, 109]","[3.898203299721372, 2.253571752648891, 1.0763421938450328, 0.5, 1.0]","{""time"": 1.0, ""collisions"": 0.05, ""congestion"": 1.0, ""fairness"": 0.5, ""incomplete_base"": 1000.0, ""incomplete_agent"": 10.0}","[80.84887566137567, 1177.4775303030303, 1125.0282777777777, 78.62981727574751, 1127.791269230769, 1153.403090909091, 53.054138851802406, 55.12551759834369, 52.07287472035795, 59.778304719513926]","[32.4, 100.0, 100.0, 34.4, 100.0, 100.0, 32.1, 32.2, 29.8, 33.7]"
ga,2,10,1187.9812419878458,100.0,43.1,0.4633,4.0,12.983137669330267,23.709021645021647,10.725883975691378,False,8.0,hospital_corridor,28,12,"[11, 29, 47, 53, 61, 73, 89, 97, 101, 109]","[3.6367702468031347, 3.855564788331506, 1.1974901489336753, 0.5, 1.0]","{""time"": 1.0, ""collisions"": 0.05, ""congestion"": 1.0, ""fairness"": 0.5, ""incomplete_base"": 1000.0, ""incomplete_agent"": 10.0}","[1171.7083280632412, 1226.6872887700536, 1186.9149420289855, 1186.9823636363635, 1214.4896315789474, 1169.6103333333333, 1167.578, 1180.8085604395606, 1147.4171538461537, 1227.6158181818182]","[100.0, 100.0, 100.0, 100.0, 100.0, 100.0, 100.0, 100.0, 100.0, 100.0]"
ga,2,11,44.094419418102476,31.359999999999996,124.8,1.827574180007241,5.0,12.242142857142857,21.575833333333332,9.333690476190478,True,0.0,hospital_corridor,28,12,"[11, 29, 47, 53, 61, 73, 89, 97, 101, 109]","[3.7291034888400465, 3.3344791030384933, 0.9490619096432493, 0.5, 1.0]","{""time"": 1.0, ""collisions"": 0.05, ""congestion"": 1.0, ""fairness"": 0.5, ""incomplete_base"": 1000.0, ""incomplete_agent"": 10.0}","[50.82462671509281, 48.99390184645287, 37.172492784992784, 45.499815270935954, 37.449659863945584, 40.75249292786422, 55.28607660455487, 45.06790156361052, 39.673809523809524, 40.22341707976567]","[29.5, 34.300000000000004, 29.700000000000003, 29.0, 29.400000000000002, 30.3, 36.800000000000004, 33.5, 29.400000000000002, 31.700000000000003]"
ga,2,12,52.12478835894175,30.85,298.0,2.021574073227465,5.8,12.088571428571429,20.794999999999998,8.706428571428573,True,0.0,hospital_corridor,28,12,"[11, 29, 47, 53, 61, 73, 89, 97, 101, 109]","[4.0887345841322125, 3.3883221360677744, 0.8582997900228071, 0.5, 1.0]","{""time"": 1.0, ""collisions"": 0.05, ""congestion"": 1.0, ""fairness"": 0.5, ""incomplete_base"": 1000.0, ""incomplete_agent"": 10.0}","[88.2042902066487, 54.08680975647589, 41.66319444444444, 70.58705536431441, 39.87518472906404, 37.93013151108819, 49.11305838124724, 52.05988238668962, 48.15196687370601, 39.57630993573901]","[37.1, 30.700000000000003, 28.8, 33.2, 29.0, 27.700000000000003, 32.300000000000004, 33.2, 27.6, 28.900000000000002]"
ga,2,13,43.247762553482794,34.220000000000006,47.1,1.9022863630066038,5.5,13.368214285714284,22.90916666666667,9.540952380952382,True,0.0,hospital_corridor,28,12,"[11, 29, 47, 53, 61, 73, 89, 97, 101, 109]","[3.9298471560595196, 4.412862902860498, 0.980943194490093, 0.5, 1.0]","{""time"": 1.0, ""collisions"": 0.05, ""congestion"": 1.0, ""fairness"": 0.5, ""incomplete_base"": 1000.0, ""incomplete_agent"": 10.0}","[65.89270247469067, 41.62012858555886, 36.35189986953686, 40.45554806828392, 45.51666666666667, 38.95606312292359, 42.40595238095238, 43.930952380952384, 38.2287991371045, 39.11891284815813]","[50.800000000000004, 33.7, 29.200000000000003, 31.8, 35.0, 30.1, 33.6, 36.4, 29.8, 31.8]"
ga,2,14,1211.8562155532304,100.0,42.3,0.3787,3.8,13.555635560205639,24.280666666666665,10.72503110646103,False,10.4,hospital_corridor,28,12,"[11, 29, 47, 53, 61, 73, 89, 97, 101, 109]","[3.3834385598023133, 3.0205807628112873, 1.6654352119552644, 0.5, 1.0]","{""time"": 1.0, ""collisions"": 0.05, ""congestion"": 1.0, ""fairness"": 0.5, ""incomplete_base"": 1000.0, ""incomplete_agent"": 10.0}","[1209.5824761904762, 1225.7668888888888, 1195.3196868686869, 1204.7325, 1205.1617460317461, 1197.9106060606061, 1192.4538260869565, 1201.9657391304347, 1169.0213333333334, 1316.6473529411765]","[100.0, 100.0, 100.0, 100.0, 100.0, 100.0, 100.0, 100.0, 100.0, 100.0]"
ga,2,15,1150.9954035603287,94.84,30.6,0.6092363636363636,4.5,14.68848378843379,26.72081818181818,12.032334393384394,False,4.8,hospital_corridor,28,12,"[11, 29, 47, 53, 61, 73, 89, 97, 101, 109]","[2.873021723656481, 3.4608955276901088, 1.0988290367223073, 0.5, 1.0]","{""time"": 1.0, ""collisions"": 0.05, ""congestion"": 1.0, ""fairness"": 0.5, ""incomplete_base"": 1000.0, ""incomplete_agent"": 10.0}","[1180.128181818182, 1217.7406262626262, 1136.2515804195805, 1168.9968484848484, 1175.7776904761904, 1147.95, 1129.044423076923, 1129.0489285714286, 55.435173160173164, 1169.5805833333334]","[100.0, 100.0, 100.0, 100.0, 100.0, 100.0, 100.0, 100.0, 48.400000000000006, 100.0]"
ga,2,16,1167.1249554288706,100.0,117.3,0.43709999999999993,4.0,12.66661742508699,22.312328282828283,9.645710857741294,False,5.6,hospital_corridor,28,12,"[11, 29, 47, 53, 61, 73, 89, 97, 101, 109]","[3.9444439158247055, 2.750988272826197, 1.5289604791756293, 0.5, 1.0]","{""time"": 1.0, ""collisions"": 0.05, ""congestion"": 1.0, ""fairness"": 0.5, ""incomplete_base"": 1000.0, ""incomplete_agent"": 10.0}","[1163.4752727272728, 1227.8345555555557, 1158.09, 1168.1492213438735, 1184.7063636363637, 1140.3011666666666, 1152.9533076923076, 1160.512, 1142.5335555555555, 1172.6941111111112]","[100.0, 100.0, 100.0, 100.0, 100.0, 100.0, 100.0, 100.0, 100.0, 100.0]"
ga,2,17,1142.9917784511786,100.0,143.7,0.4726,4.5,12.499749158249157,23.16810606060606,10.668356902356903,False,3.0,hospital_corridor,28,12,"[11, 29, 47, 53, 61, 73, 89, 97, 101, 109]","[4.233284053179556, 2.490250307236639, 2.287777443133695, 0.5, 1.0]","{""time"": 1.0, ""collisions"": 0.05, ""congestion"": 1.0, ""fairness"": 0.5, ""incomplete_base"": 1000.0, ""incomplete_agent"": 10.0}","[1142.5051153846155, 1170.642606060606, 1138.8855944055945, 1147.3775, 1168.403, 1143.7046666666668, 1135.7608333333333, 1129.2791481481481, 1119.7075, 1133.6518205128204]","[100.0, 100.0, 100.0, 100.0, 100.0, 100.0, 100.0, 100.0, 100.0, 100.0]"
ga,2,18,1105.9298165665712,66.88000000000001,361.8,0.9906569761614605,5.1,11.361680819180819,21.3,9.938319180819182,False,1.5,hospital_corridor,28,12,"[11, 29, 47, 53, 61, 73, 89, 97, 101, 109]","[4.322896181314446, 2.35090310345767, 1.1734969982670513, 0.5, 1.0]","{""time"": 1.0, ""collisions"": 0.05, ""congestion"": 1.0, ""fairness"": 0.5, ""incomplete_base"": 1000.0, ""incomplete_agent"": 10.0}","[90.83318823374226, 1173.5522424242424, 1138.355923076923, 1130.6273846153847, 1132.0401666666667, 44.864105758582504, 59.213483436853004, 91.14152362495386, 54.98784013605442, 1143.6823076923076]","[36.1, 100.0, 100.0, 100.0, 100.0, 30.1, 34.5, 38.7, 29.400000000000002, 100.0]"
ga,2,19,1089.4220850842958,52.17999999999999,447.0,1.21607764081334,4.7,11.4278335978836,20.779848484848483,9.352014886964888,False,0.9,hospital_corridor,28,12,"[11, 29, 47, 53, 61, 73, 89, 97, 101, 109]","[4.211804236354524, 1.6696448375286164, 1.7167437698106431, 0.5, 1.0]","{""time"": 1.0, ""collisions"": 0.05, ""congestion"": 1.0, ""fairness"": 0.5, ""incomplete_base"": 1000.0, ""incomplete_agent"": 10.0}","[90.4305402930403, 1159.6690833333332, 1140.2842053872055, 51.695238095238096, 47.652197802197804, 1150.5275, 70.98557692307692, 73.77440476190476, 59.969882550335576, 49.23222169662567]","[31.200000000000003, 100.0, 100.0, 28.0, 31.200000000000003, 100.0, 36.4, 35.0, 29.8, 30.200000000000003]"
ga,2,20,44.87020415328029,35.71000000000001,47.8,1.5645493913755213,4.8,13.040357142857143,23.451666666666668,10.411309523809525,True,0.0,hospital_corridor,28,12,"[11, 29, 47, 53, 61, 73, 89, 97, 101, 109]","[4.043315682447317, 4.576743815603581, 0.9584150905431303, 0.5, 1.0]","{""time"": 1.0, ""collisions"": 0.05, ""congestion"": 1.0, ""fairness"": 0.5, ""incomplete_base"": 1000.0, ""incomplete_agent"": 10.0}","[53.14772727272727, 50.613690476190484, 40.17746388028896, 50.04572725129656, 38.42396875947831, 37.14418886198547, 44.66425070028012, 47.13043817003241, 47.24978070175438, 40.10480545876888]","[39.6, 39.2, 32.300000000000004, 40.400000000000006, 31.400000000000002, 29.5, 35.7, 38.2, 38.0, 32.800000000000004]"
ga,2,21,42.72040526120666,33.21,54.7,1.890345737397137,5.2,12.720714285714285,22.490833333333335,9.770119047619048,True,0.0,hospital_corridor,28,12,"[11, 29, 47, 53, 61, 73, 89, 97, 101, 109]","[3.4551661986473547, 4.72837741903594, 0.8717690119229006, 0.5, 1.0]","{""time"": 1.0, ""collisions"": 0.05, ""congestion"": 1.0, ""fairness"": 0.5, ""incomplete_base"": 1000.0, ""incomplete_agent"": 10.0}","[45.715181252681255, 48.12714285714286, 37.92032748252885, 46.93337410306588, 33.616854636591476, 37.79451743908266, 44.90280112044818, 44.9206816383063, 46.866638981173864, 40.406533101045305]","[33.300000000000004, 37.5, 29.3, 36.5, 26.6, 29.900000000000002, 35.7, 36.1, 34.4, 32.800000000000004]"
ga,2,22,49.19409547057572,28.589999999999996,285.6,1.9427264229566716,6.0,11.056428571428572,19.819166666666668,8.762738095238095,True,0.0,hospital_corridor,28,12,"[11, 29, 47, 53, 61, 73, 89, 97, 101, 109]","[4.300408112871095, 4.210780667747532, 0.7987908856081332, 0.5, 1.0]","{""time"": 1.0, ""collisions"": 0.05, ""congestion"": 1.0, ""fairness"": 0.5, ""incomplete_base"": 1000.0, ""incomplete_agent"": 10.0}","[57.02231416957027, 48.83389639639639, 47.56649245063879, 61.62992840492841, 44.47106374807987, 39.39537427517132, 50.49009268136785, 48.88419223394055, 48.497893772893775, 45.14970657276996]","[28.700000000000003, 29.6, 28.700000000000003, 28.6, 27.900000000000002, 27.1, 29.8, 29.8, 27.3, 28.400000000000002]"
ga,2,23,69.23407017491482,28.339999999999996,688.9,2.0825225558671967,6.2,11.00107142857143,19.734166666666667,8.733095238095236,True,0.0,hospital_corridor,28,12,"[11, 29, 47, 53, 61, 73, 89, 97, 101, 109]","[4.616322290948533, 3.930895498519665, 0.7682697042461245, 0.5, 1.0]","{""time"": 1.0, ""collisions"": 0.05, ""congestion"": 1.0, ""fairness"": 0.5, ""incomplete_base"": 1000.0, ""incomplete_agent"": 10.0}","[84.75406746031747, 81.2375, 48.54593253968254, 94.15503597122303, 68.247057462561, 47.82608724301529, 65.47311967833491, 68.32837301587303, 76.1276950448076, 57.64583333333333]","[28.8, 28.5, 28.8, 27.8, 28.3, 27.1, 30.200000000000003, 28.8, 27.1, 28.0]"
ga,3,0,41.44067635769194,31.7,66.6,1.8286525481681317,5.3,12.216785714285715,21.380833333333335,9.16404761904762,True,0.0,hospital_corridor,28,12,"[11, 29, 47, 53, 61, 73, 89, 97, 101, 109]","[3.8819925486371254, 4.467219154268791, 0.8851284207554031, 0.5, 1.0]","{""time"": 1.0, ""collisions"": 0.05, ""congestion"": 1.0, ""fairness"": 0.5, ""incomplete_base"": 1000.0, ""incomplete_agent"": 10.0}","[49.62868541033435, 40.827329192546586, 38.47836229086229, 41.63267133956386, 35.50699300699301, 36.882269503546105, 42.07227501092181, 46.1340522358528, 41.988921203660624, 41.25520438263801]","[32.9, 32.2, 29.6, 32.1, 28.6, 28.200000000000003, 32.7, 36.1, 30.700000000000003, 33.9]"
ga,3,1,42.72040526120666,33.21,54.7,1.890345737397137,5.2,12.720714285714285,22.490833333333335,9.770119047619048,True,0.0,hospital_corridor,28,12,"[11, 29, 47, 53, 61, 73, 89, 97, 101, 109]","[3.4551661986473547, 4.72837741903594, 0.8717690119229006, 0.5, 1.0]","{""time"": 1.0, ""collisions"": 0.05, ""congestion"": 1.0, ""fairness"": 0.5, ""incomplete_base"": 1000.0, ""incomplete_agent"": 10.0}","[45.715181252681255, 48.12714285714286, 37.92032748252885, 46.93337410306588, 33.616854636591476, 37.79451743908266, 44.90280112044818, 44.9206816383063, 46.866638981173864, 40.406533101045305]","[33.300000000000004, 37.5, 29.3, 36.5, 26.6, 29.900000000000002, 35.7, 36.1, 34.4, 32.800000000000004]"
ga,3,2,46.64073106988863,35.910000000000004,77.9,1.6234096413171923,5.0,12.727857142857143,23.152500000000003,10.424642857142858,True,0.0,hospital_corridor,28,12,"[11, 29, 47, 53, 61, 73, 89, 97, 101, 109]","[3.2208043299378994, 3.3344791030384933, 0.9490619096432493, 0.5, 1.0]","{""time"": 1.0, ""collisions"": 0.05, ""congestion"": 1.0, ""fairness"": 0.5, ""incomplete_base"": 1000.0, ""incomplete_agent"": 10.0}","[62.345026881720436, 37.86916628387689, 38.80016286644951, 49.87189257592801, 51.425570087189804, 41.06977407576449, 46.64954212454212, 44.35753968253968, 43.503303286170706, 50.51533283470457]","[43.400000000000006, 31.1, 30.700000000000003, 38.1, 42.6, 31.3, 36.4, 36.0, 31.3, 38.2]"
ga,3,3,42.72040526120666,33.21,54.7,1.890345737397137,5.2,12.720714285714285,22.490833333333335,9.770119047619048,True,0.0,hospital_corridor,28,12,"[11, 29, 47, 53, 61, 73, 89, 97, 101, 109]","[3.4551661986473547, 4.72837741903594, 0.8717690119229006, 0.5, 1.0]","{""time"": 1.0, ""collisions"": 0.05, ""congestion"": 1.0, ""fairness"": 0.5, ""incomplete_base"": 1000.0, ""incomplete_agent"": 10.0}","[45.715181252681255, 48.12714285714286, 37.92032748252885, 46.93337410306588, 33.616854636591476, 37.79451743908266, 44.90280112044818, 44.9206816383063, 46.866638981173864, 40.406533101045305]","[33.300000000000004, 37.5, 29.3, 36.5, 26.6, 29.900000000000002, 35.7, 36.1, 34.4, 32.800000000000004]"
ga,3,4,40.79376941418693,31.340000000000003,64.1,1.8284717951393155,5.4,12.131071428571431,20.971666666666668,8.840595238095238,True,0.0,hospital_corridor,28,12,"[11, 29, 47, 53, 61, 73, 89, 97, 101, 109]","[3.52040873043652, 4.438280923952889, 0.859257351757086, 0.5, 1.0]","{""time"": 1.0, ""collisions"": 0.05, ""congestion"": 1.0, ""fairness"": 0.5, ""incomplete_base"": 1000.0, ""incomplete_agent"": 10.0}","[51.39931727734322, 38.28214285714286, 36.99078301423662, 44.71127773067685, 36.58516085363912, 36.96273228803717, 43.76923974200632, 41.132421005785496, 39.08047138047138, 39.02414799253035]","[34.7, 30.200000000000003, 29.1, 33.7, 29.900000000000002, 28.700000000000003, 34.7, 32.1, 29.700000000000003, 30.6]"
ga,3,5,1058.0393099440591,43.14,32.9,1.8833300905791894,4.8,12.801373626373627,23.543333333333333,10.741959706959708,False,0.6,hospital_corridor,28,12,"[11, 29, 47, 53, 61, 73, 89, 97, 101, 109]","[3.8646046242703544, 4.702959397943549, 0.9472717715879261, 0.5, 1.0]","{""time"": 1.0, ""collisions"": 0.05, ""congestion"": 1.0, ""fairness"": 0.5, ""incomplete_base"": 1000.0, ""incomplete_agent"": 10.0}","[54.18760351966874, 1169.7278461538463, 41.28732861565679, 48.889836860670194, 40.02047690333619, 37.052147766323024, 56.43392857142858, 53.71570512820513, 39.961108653987914, 39.11711726746774]","[41.400000000000006, 100.0, 32.300000000000004, 40.5, 33.4, 29.1, 44.800000000000004, 45.5, 32.300000000000004, 32.1]"
ga,3,6,43.408587727302056,33.32,72.0,1.85882582254015,5.6,12.712142857142858,21.971666666666668,9.25952380952381,True,0.0,hospital_corridor,28,12,"[11, 29, 47, 53, 61, 73, 89, 97, 101, 109]","[3.8941964894703256, 4.447120852002589, 0.897451462529104, 0.5, 1.0]","{""time"": 1.0, ""collisions"": 0.05, ""congestion"": 1.0, ""fairness"": 0.5, ""incomplete_base"": 1000.0, ""incomplete_agent"": 10.0}","[59.462528121484816, 47.22793378565146, 36.48723842478168, 45.720686963309916, 37.041662671780124, 39.019988877904105, 42.70368404118405, 45.52582417582417, 41.24620081151431, 39.65012939958592]","[38.1, 37.9, 28.900000000000002, 36.6, 29.8, 28.900000000000002, 33.300000000000004, 36.4, 31.1, 32.2]"
ga,3,7,1206.1723310847683,100.0,17.0,0.4210999999999999,3.7,13.896033862209492,23.698496031746032,9.80246216953654,False,10.0,hospital_corridor,28,12,"[11, 29, 47, 53, 61, 73, 89, 97, 101, 109]","[3.9176432152263194, 4.432961205126699, 1.305348123207951, 0.5, 1.0]","{""time"": 1.0, ""collisions"": 0.05, ""congestion"": 1.0, ""fairness"": 0.5, ""incomplete_base"": 1000.0, ""incomplete_agent"": 10.0}","[1186.1992727272727, 1247.3916666666667, 1195.7202727272727, 1225.4561403508771, 1216.0606315789473, 1185.614, 1214.287188405797, 1187.2641666666666, 1155.3912649572649, 1248.3387067669173]","[100.0, 100.0, 100.0, 100.0, 100.0, 100.0, 100.0, 100.0, 100.0, 100.0]"
ga,3,8,48.33154727868424,30.98,222.9,1.7349401358270975,5.6,11.914285714285716,20.857500000000005,8.943214285714287,True,0.0,hospital_corridor,28,12,"[11, 29, 47, 53, 61, 73, 89, 97, 101, 109]","[3.8961014335246134, 2.9853035030071746, 0.9357689049648645, 0.5, 1.0]","{""time"": 1.0, ""collisions"": 0.05, ""congestion"": 1.0, ""fairness"": 0.5, ""incomplete_base"": 1000.0, ""incomplete_agent"": 10.0}","[77.2473544973545, 40.71962892180284, 41.904881364310434, 50.390849944629025, 37.665065681444986, 40.190568410462774, 57.486122956645346, 49.86653757888698, 44.337445887445895, 43.507017543859654]","[37.800000000000004, 29.900000000000002, 28.900000000000002, 30.1, 29.0, 28.400000000000002, 33.5, 33.2, 28.6, 30.400000000000002]"
ga,3,9,1086.5685880990675,61.230000000000004,95.4,1.2886644393938438,5.2,12.578152680652682,23.137999999999998,10.559847319347321,False,1.4,hospital_corridor,28,12,"[11, 29, 47, 53, 61, 73, 89, 97, 101, 109]","[3.884094414833884, 3.735487403910507, 1.0257017096355714, 0.5, 1.0]","{""time"": 1.0, ""collisions"": 0.05, ""congestion"": 1.0, ""fairness"": 0.5, ""incomplete_base"": 1000.0, ""incomplete_agent"": 10.0}","[58.93777518545107, 1150.6225, 37.806523073146785, 1126.9426153846155, 1166.1561212121212, 43.72337848932677, 1131.9774285714286, 52.923704481792726, 46.396007889959506, 50.199826702833036]","[39.800000000000004, 100.0, 29.1, 100.0, 100.0, 29.0, 100.0, 40.800000000000004, 34.1, 39.5]"
ga,3,10,1069.5303100715973,46.73,72.8,2.000021335333701,5.0,12.590672527472526,20.911250000000003,8.320577472527473,False,1.3,hospital_corridor,28,12,"[11, 29, 47, 53, 61, 73, 89, 97, 101, 109]","[3.781404454853381, 4.428022744581214, 0.8979348271290863, 0.5, 1.0]","{""time"": 1.0, ""collisions"": 0.05, ""congestion"": 1.0, ""fairness"": 0.5, ""incomplete_base"": 1000.0, ""incomplete_agent"": 10.0}","[1189.507, 1169.2836730769232, 36.84878899835796, 43.26489310009719, 36.099600456621005, 38.397587719298244, 42.16607142857143, 48.35088171632289, 42.148406757912745, 49.23619746186984]","[100.0, 100.0, 29.0, 34.300000000000004, 29.200000000000003, 30.400000000000002, 32.7, 37.4, 33.4, 40.900000000000006]"
ga,3,11,42.534180126932704,34.74,25.9,1.7048944126469852,5.1,13.37892857142857,22.967499999999998,9.58857142857143,True,0.0,hospital_corridor,28,12,"[11, 29, 47, 53, 61, 73, 89, 97, 101, 109]","[3.6036088998534934, 4.713217577315224, 0.9547773792839073, 0.5, 1.0]","{""time"": 1.0, ""collisions"": 0.05, ""congestion"": 1.0, ""fairness"": 0.5, ""incomplete_base"": 1000.0, ""incomplete_agent"": 10.0}","[53.11406773977197, 37.928232087227414, 39.60912076429318, 35.0775459688826, 31.333509357050218, 48.33531222515391, 44.4066943900848, 56.5262339055794, 38.21763245033113, 40.79345238095239]","[42.6, 32.1, 31.900000000000002, 30.3, 25.700000000000003, 37.9, 36.5, 46.6, 30.200000000000003, 33.6]"
ga,3,12,42.06129251111958,33.220000000000006,44.2,1.8176615587386227,5.2,12.63857142857143,22.265833333333333,9.627261904761905,True,0.0,hospital_corridor,28,12,"[11, 29, 47, 53, 61, 73, 89, 97, 101, 109]","[3.4292008995122636, 4.751065237170211, 0.8752245918674548, 0.5, 1.0]","{""time"": 1.0, ""collisions"": 0.05, ""congestion"": 1.0, ""fairness"": 0.5, ""incomplete_base"": 1000.0, ""incomplete_agent"": 10.0}","[44.667655677655674, 37.58618931285869, 57.73702380952381, 40.503613133151354, 35.680645743145746, 37.39540816326531, 41.481655844155846, 46.46927422443508, 38.273335351089585, 40.818123851914656]","[32.5, 30.700000000000003, 45.0, 31.400000000000002, 29.700000000000003, 29.400000000000002, 33.0, 37.300000000000004, 29.5, 33.7]"
ga,3,13,45.87431948054162,37.910000000000004,22.8,1.77312900435114,4.9,14.379285714285714,24.481666666666666,10.102380952380955,True,0.0,hospital_corridor,28,12,"[11, 29, 47, 53, 61, 73, 89, 97, 101, 109]","[3.5709743756825922, 5.0, 0.9712836969457296, 0.5, 1.0]","{""time"": 1.0, ""collisions"": 0.05, ""congestion"": 1.0, ""fairness"": 0.5, ""incomplete_base"": 1000.0, ""incomplete_agent"": 10.0}","[55.18022833279099, 49.27599509269357, 40.896948734448735, 40.418111518111516, 40.57941297208539, 38.33960039429785, 42.97233944009881, 57.13520408163265, 54.001785714285724, 39.94356852497097]","[43.900000000000006, 39.300000000000004, 33.300000000000004, 35.1, 34.800000000000004, 31.400000000000002, 34.7, 49.0, 44.800000000000004, 32.800000000000004]"
ga,3,14,45.1979991135516,35.09,64.9,1.8087133992658895,4.9,13.31642857142857,23.425,10.108571428571429,True,0.0,hospital_corridor,28,12,"[11, 29, 47, 53, 61, 73, 89, 97, 101, 109]","[4.017000121788214, 4.412862902860498, 0.980943194490093, 0.5, 1.0]","{""time"": 1.0, ""collisions"": 0.05, ""congestion"": 1.0, ""fairness"": 0.5, ""incomplete_base"": 1000.0, ""incomplete_agent"": 10.0}","[56.84399668180231, 52.22931024168462, 39.12417582417583, 40.40643008795875, 41.01626033646991, 38.86844082293112, 45.758262711864404, 47.82390552995392, 45.39258293204923, 44.51662596662597]","[40.900000000000006, 39.800000000000004, 31.200000000000003, 31.400000000000002, 33.4, 30.900000000000002, 35.4, 37.2, 35.6, 35.1]"
ga,3,15,1066.3008834241364,49.650000000000006,18.8,1.5902103472132474,5.1,13.427582417582418,23.668928571428573,10.241346153846154,False,0.9,hospital_corridor,28,12,"[11, 29, 47, 53, 61, 73, 89, 97, 101, 109]","[3.39082916500055, 4.885120230853164, 0.9747392768902838, 0.5, 1.0]","{""time"": 1.0, ""collisions"": 0.05, ""congestion"": 1.0, ""fairness"": 0.5, ""incomplete_base"": 1000.0, ""incomplete_agent"": 10.0}","[58.28010042283298, 1127.4830384615384, 42.87653037538135, 1174.8718351648351, 34.08645470383276, 35.83357963875205, 48.91717372134039, 56.164692982456145, 44.15435734182252, 40.34107142857143]","[47.300000000000004, 100.0, 35.9, 100.0, 28.700000000000003, 29.0, 40.5, 45.6, 35.9, 33.6]"
ga,3,16,49.4540793781064,34.7,160.7,1.6708650923921113,4.8,12.891071428571431,22.987500000000004,10.096428571428572,True,0.0,hospital_corridor,28,12,"[11, 29, 47, 53, 61, 73, 89, 97, 101, 109]","[3.764537678306692, 3.4367711028544647, 0.9797699639457083, 0.5, 1.0]","{""time"": 1.0, ""collisions"": 0.05, ""congestion"": 1.0, ""fairness"": 0.5, ""incomplete_base"": 1000.0, ""incomplete_agent"": 10.0}","[67.09248568992815, 50.395313623939, 49.32721428571429, 51.53214285714286, 37.25873015873017, 41.757627118644066, 52.30462259371834, 55.04384422110553, 47.93165836101883, 41.897154871122765]","[39.1, 33.1, 37.5, 33.6, 29.700000000000003, 29.5, 37.6, 39.800000000000004, 34.4, 32.7]"
ga,3,17,43.62463233626884,33.78,67.9,1.7792751934116928,5.5,12.806785714285715,22.1475,9.340714285714286,True,0.0,hospital_corridor,28,12,"[11, 29, 47, 53, 61, 73, 89, 97, 101, 109]","[3.894412966592874, 4.3105709030445265, 0.9502351401876341, 0.5, 1.0]","{""time"": 1.0, ""collisions"": 0.05, ""congestion"": 1.0, ""fairness"": 0.5, ""incomplete_base"": 1000.0, ""incomplete_agent"": 10.0}","[64.02464396973744, 47.91259157509157, 35.819519704433496, 38.85071310702498, 36.58569600195027, 37.727622265122264, 39.941420230512584, 52.214192878986466, 43.95, 39.21992362982929]","[42.800000000000004, 36.4, 29.0, 30.3, 29.3, 29.6, 31.400000000000002, 43.6, 33.6, 31.8]"
ga,3,18,45.45126562632232,35.37,72.7,1.6585275310842242,4.9,13.375357142857144,22.950833333333335,9.575476190476191,True,0.0,hospital_corridor,28,12,"[11, 29, 47, 53, 61, 73, 89, 97, 101, 109]","[3.74417943691559, 4.182299643761753, 0.9703064457883813, 0.5, 1.0]","{""time"": 1.0, ""collisions"": 0.05, ""congestion"": 1.0, ""fairness"": 0.5, ""incomplete_base"": 1000.0, ""incomplete_agent"": 10.0}","[70.86017080745343, 42.997051986475064, 36.24855442176871, 54.34345238095238, 31.46066017316018, 41.39389424481449, 45.4597249253925, 45.197695852534565, 46.640649001536104, 39.9108024691358]","[46.0, 33.800000000000004, 29.400000000000002, 42.0, 26.400000000000002, 32.6, 36.7, 37.2, 37.2, 32.4]"
ga,3,19,1201.5692725471897,100.0,83.8,0.3992,4.1,12.439009667525458,22.39915476190476,9.960145094379303,False,9.2,hospital_corridor,28,12,"[11, 29, 47, 53, 61, 73, 89, 97, 101, 109]","[3.9147712079839763, 3.5650423621372385, 1.2635995147203645, 0.5, 1.0]","{""time"": 1.0, ""collisions"": 0.05, ""congestion"": 1.0, ""fairness"": 0.5, ""incomplete_base"": 1000.0, ""incomplete_agent"": 10.0}","[1156.0325, 1246.66775, 1155.925, 1245.440969924812, 1215.173157894737, 1219.627116883117, 1179.4166388888889, 1178.7089807692307, 1169.7064444444445, 1248.9941666666666]","[100.0, 100.0, 100.0, 100.0, 100.0, 100.0, 100.0, 100.0, 100.0, 100.0]"
ga,3,20,1194.2547527314728,100.0,99.1,0.41469999999999996,4.4,12.466975345135413,22.23708080808081,9.770105462945395,False,8.4,hospital_corridor,28,12,"[11, 29, 47, 53, 61, 73, 89, 97, 101, 109]","[3.733916056581631, 3.12165523541259, 1.2971534454463758, 0.5, 1.0]","{""time"": 1.0, ""collisions"": 0.05, ""congestion"": 1.0, ""fairness"": 0.5, ""incomplete_base"": 1000.0, ""incomplete_agent"": 10.0}","[1163.7163333333333, 1246.544484848485, 1160.445, 1184.769173160173, 1217.155947368421, 1170.3548333333333, 1181.3093478260869, 1168.7459615384614, 1179.6409722222222, 1269.8654736842104]","[100.0, 100.0, 100.0, 100.0, 100.0, 100.0, 100.0, 100.0, 100.0, 100.0]"
ga,3,21,1102.181237770833,44.13,942.8,1.4133773210975618,5.1,10.980112433862434,19.975833333333334,8.9957208994709,False,0.5,hospital_corridor,28,12,"[11, 29, 47, 53, 61, 73, 89, 97, 101, 109]","[3.839359455117637, 0.981009088284145, 1.5044572204759545, 0.5, 1.0]","{""time"": 1.0, ""collisions"": 0.05, ""congestion"": 1.0, ""fairness"": 0.5, ""incomplete_base"": 1000.0, ""incomplete_agent"": 10.0}","[118.90130952380953, 1182.5580833333333, 75.21935509303059, 85.93086165693045, 64.75936869861953, 1152.107425925926, 79.41485849056605, 107.72025711242964, 87.82687566988211, 67.37398220380302]","[30.0, 100.0, 30.200000000000003, 26.900000000000002, 30.700000000000003, 100.0, 31.8, 31.3, 31.1, 29.3]"
ga,3,22,49.90186357041185,41.37000000000001,33.4,1.543827856126118,5.2,14.093928571428572,24.73,10.63607142857143,True,0.0,hospital_corridor,28,12,"[11, 29, 47, 53, 61, 73, 89, 97, 101, 109]","[2.5830838794634703, 4.72837741903594, 0.8717690119229005, 0.5, 1.0]","{""time"": 1.0, ""collisions"": 0.05, ""congestion"": 1.0, ""fairness"": 0.5, ""incomplete_base"": 1000.0, ""incomplete_agent"": 10.0}","[63.00543229315775, 38.73483508082132, 41.84617740159648, 40.56163717780691, 52.073765623386016, 41.020366300366305, 51.038005739288565, 70.99860012408872, 51.95041208791209, 47.789403875694205]","[49.900000000000006, 32.7, 34.6, 32.7, 46.1, 32.5, 41.900000000000006, 61.400000000000006, 41.6, 40.300000000000004]"
ga,3,23,42.72040526120666,33.21,54.7,1.890345737397137,5.2,12.720714285714285,22.490833333333335,9.770119047619048,True,0.0,hospital_corridor,28,12,"[11, 29, 47, 53, 61, 73, 89, 97, 101, 109]","[3.4551661986473547, 4.72837741903594, 0.8717690119229006, 0.5, 1.0]","{""time"": 1.0, ""collisions"": 0.05, ""congestion"": 1.0, ""fairness"": 0.5, ""incomplete_base"": 1000.0, ""incomplete_agent"": 10.0}","[45.715181252681255, 48.12714285714286, 37.92032748252885, 46.93337410306588, 33.616854636591476, 37.79451743908266, 44.90280112044818, 44.9206816383063, 46.866638981173864, 40.406533101045305]","[33.300000000000004, 37.5, 29.3, 36.5, 26.6, 29.900000000000002, 35.7, 36.1, 34.4, 32.800000000000004]"
ga,4,0,40.79376941418693,31.340000000000003,64.1,1.8284717951393155,5.4,12.131071428571431,20.971666666666668,8.840595238095238,True,0.0,hospital_corridor,28,12,"[11, 29, 47, 53, 61, 73, 89, 97, 101, 109]","[3.52040873043652, 4.438280923952889, 0.859257351757086, 0.5, 1.0]","{""time"": 1.0, ""collisions"": 0.05, ""congestion"": 1.0, ""fairness"": 0.5, ""incomplete_base"": 1000.0, ""incomplete_agent"": 10.0}","[51.39931727734322, 38.28214285714286, 36.99078301423662, 44.71127773067685, 36.58516085363912, 36.96273228803717, 43.76923974200632, 41.132421005785496, 39.08047138047138, 39.02414799253035]","[34.7, 30.200000000000003, 29.1, 33.7, 29.900000000000002, 28.700000000000003, 34.7, 32.1, 29.700000000000003, 30.6]"
ga,4,1,41.44067635769194,31.7,66.6,1.8286525481681317,5.3,12.216785714285715,21.380833333333335,9.16404761904762,True,0.0,hospital_corridor,28,12,"[11, 29, 47, 53, 61, 73, 89, 97, 101, 109]","[3.8819925486371254, 4.467219154268791, 0.8851284207554031, 0.5, 1.0]","{""time"": 1.0, ""collisions"": 0.05, ""congestion"": 1.0, ""fairness"": 0.5, ""incomplete_base"": 1000.0, ""incomplete_agent"": 10.0}","[49.62868541033435, 40.827329192546586, 38.47836229086229, 41.63267133956386, 35.50699300699301, 36.882269503546105, 42.07227501092181, 46.1340522358528, 41.988921203660624, 41.25520438263801]","[32.9, 32.2, 29.6, 32.1, 28.6, 28.200000000000003, 32.7, 36.1, 30.700000000000003, 33.9]"
ga,4,2,45.45126562632232,35.37,72.7,1.6585275310842242,4.9,13.375357142857144,22.950833333333335,9.575476190476191,True,0.0,hospital_corridor,28,12,"[11, 29, 47, 53, 61, 73, 89, 97, 101, 109]","[3.74417943691559, 4.182299643761753, 0.9703064457883813, 0.5, 1.0]","{""time"": 1.0, ""collisions"": 0.05, ""congestion"": 1.0, ""fairness"": 0.5, ""incomplete_base"": 1000.0, ""incomplete_agent"": 10.0}","[70.86017080745343, 42.997051986475064, 36.24855442176871, 54.34345238095238, 31.46066017316018, 41.39389424481449, 45.4597249253925, 45.197695852534565, 46.640649001536104, 39.9108024691358]","[46.0, 33.800000000000004, 29.400000000000002, 42.0, 26.400000000000002, 32.6, 36.7, 37.2, 37.2, 32.4]"
ga,4,3,1054.3563156245227,38.459999999999994,56.1,1.7660894340466462,5.5,12.166214285714286,20.816666666666666,8.65045238095238,False,0.7,hospital_corridor,28,12,"[11, 29, 47, 53, 61, 73, 89, 97, 101, 109]","[3.667424697999104, 4.72837741903594, 0.8717690119229005, 0.5, 1.0]","{""time"": 1.0, ""collisions"": 0.05, ""congestion"": 1.0, ""fairness"": 0.5, ""incomplete_base"": 1000.0, ""incomplete_agent"": 10.0}","[1183.3705, 40.800641309155246, 37.83677589592538, 38.724131274131274, 37.45778018278018, 37.05103555120679, 47.293506493506484, 42.826597476597485, 38.30542305157357, 39.89676501035197]","[100.0, 32.300000000000004, 29.1, 29.6, 29.700000000000003, 29.200000000000003, 38.5, 35.1, 28.900000000000002, 32.2]"
ga,4,4,42.49920124934259,33.940000000000005,43.9,1.687058392199728,5.2,12.873214285714287,22.227500000000003,9.354285714285714,True,0.0,hospital_corridor,28,12,"[11, 29, 47, 53, 61, 73, 89, 97, 101, 109]","[3.2408304109045387, 4.058405851581441, 0.9121772341265795, 0.5, 1.0]","{""time"": 1.0, ""collisions"": 0.05, ""congestion"": 1.0, ""fairness"": 0.5, ""incomplete_base"": 1000.0, ""incomplete_agent"": 10.0}","[58.62923898531376, 36.949750384024576, 37.57446741854636, 41.528081675708265, 31.26809845559846, 36.97610544217687, 44.96304945054945, 52.74850912327549, 38.52584485407066, 45.82886670416198]","[42.800000000000004, 31.0, 30.400000000000002, 31.6, 25.900000000000002, 29.400000000000002, 36.4, 42.800000000000004, 31.0, 38.1]"
ga,4,5,41.47677852260528,32.41,53.4,1.8970761416529065,5.4,12.823928571428572,21.82333333333333,8.999404761904762,True,0.0,hospital_corridor,28,12,"[11, 29, 47, 53, 61, 73, 89, 97, 101, 109]","[3.4091748185456243, 4.027138488627263, 0.9121092673841247, 0.5, 1.0]","{""time"": 1.0, ""collisions"": 0.05, ""congestion"": 1.0, ""fairness"": 0.5, ""incomplete_base"": 1000.0, ""incomplete_agent"": 10.0}","[54.16195054945055, 37.247415464557164, 38.45498961329498, 44.946110325318244, 31.084842192691035, 37.79125302663438, 45.29226190476191, 43.491640786749485, 40.40320512820513, 41.89411623439001]","[41.6, 30.700000000000003, 29.8, 30.3, 25.8, 29.5, 36.0, 34.5, 31.200000000000003, 34.7]"
ga,4,6,44.821190909738256,36.03,34.3,1.8978575764049186,5.2,13.682500000000001,24.03916666666667,10.35666666666667,True,0.0,hospital_corridor,28,12,"[11, 29, 47, 53, 61, 73, 89, 97, 101, 109]","[3.5029602037418632, 4.587629046366659, 0.9450427955978404, 0.5, 1.0]","{""time"": 1.0, ""collisions"": 0.05, ""congestion"": 1.0, ""fairness"": 0.5, ""incomplete_base"": 1000.0, ""incomplete_agent"": 10.0}","[52.32865353037767, 44.20157910271546, 39.26215184186883, 51.540869134940046, 31.134343853820596, 54.18958333333334, 52.064171793119165, 44.45209336543606, 39.85795718939042, 39.180505952380955]","[40.6, 36.300000000000004, 31.8, 40.900000000000006, 25.8, 44.800000000000004, 41.800000000000004, 35.6, 30.700000000000003, 32.0]"
ga,4,7,43.25363552966536,34.13,52.2,1.7650045772844067,5.3,12.54607142857143,22.043333333333337,9.497261904761906,True,0.0,hospital_corridor,28,12,"[11, 29, 47, 53, 61, 73, 89, 97, 101, 109]","[3.943240817558614, 4.5027181786630734, 0.9111249907597074, 0.5, 1.0]","{""time"": 1.0, ""collisions"": 0.05, ""congestion"": 1.0, ""fairness"": 0.5, ""incomplete_base"": 1000.0, ""incomplete_agent"": 10.0}","[61.672554488172715, 54.49544194390086, 36.03369538537064, 39.55914786967419, 34.995876288659794, 37.499425287356324, 44.433181943297555, 41.7564369995786, 42.5070281124498, 39.583566978193154]","[46.1, 43.800000000000004, 29.1, 30.400000000000002, 29.1, 29.0, 34.6, 33.9, 33.2, 32.1]"
ga,4,8,46.0022720824268,36.690000000000005,45.7,1.777688749093454,5.1,13.127500000000003,23.626666666666665,10.499166666666667,True,0.0,hospital_corridor,28,12,"[11, 29, 47, 53, 61, 73, 89, 97, 101, 109]","[3.5916801992979197, 4.305087025589282, 0.9427161190540361, 0.5, 1.0]","{""time"": 1.0, ""collisions"": 0.05, ""congestion"": 1.0, ""fairness"": 0.5, ""incomplete_base"": 1000.0, ""incomplete_agent"": 10.0}","[45.25161725067385, 40.52145445134576, 36.75246598639456, 53.58660022148394, 58.182227891156465, 42.71190476190476, 53.685906298003076, 46.74680693983019, 38.59918032786885, 43.98455669560642]","[31.8, 32.2, 29.400000000000002, 43.0, 49.0, 32.7, 43.400000000000006, 38.7, 30.5, 36.2]"
ga,4,9,44.34922491919275,31.74,119.7,1.8732725382403619,5.6,12.05642857142857,21.558333333333337,9.501904761904761,True,0.0,hospital_corridor,28,12,"[11, 29, 47, 53, 61, 73, 89, 97, 101, 109]","[4.259952111292095, 4.239656187403174, 0.8993593386572458, 0.5, 1.0]","{""time"": 1.0, ""collisions"": 0.05, ""congestion"": 1.0, ""fairness"": 0.5, ""incomplete_base"": 1000.0, ""incomplete_agent"": 10.0}","[61.272564789991065, 50.12415795586528, 37.127678571428575, 44.981849315068494, 36.531721835075494, 37.029252312435766, 47.217769500438216, 45.933268789443495, 38.15786058105553, 45.11612554112554]","[37.300000000000004, 36.9, 28.8, 29.200000000000003, 28.700000000000003, 27.8, 32.6, 33.2, 27.700000000000003, 35.2]"
ga,4,10,43.58212418858474,34.660000000000004,47.1,1.7414099028704548,5.3,12.74607142857143,22.3975,9.651428571428573,True,0.0,hospital_corridor,28,12,"[11, 29, 47, 53, 61, 73, 89, 97, 101, 109]","[3.4801679515072474, 4.661623090400842, 0.8776059065114625, 0.5, 1.0]","{""time"": 1.0, ""collisions"": 0.05, ""congestion"": 1.0, ""fairness"": 0.5, ""incomplete_base"": 1000.0, ""incomplete_agent"": 10.0}","[55.63598484848485, 48.38569558713538, 37.34083170810987, 52.40168143899896, 31.187226512226516, 37.91198041089346, 47.22494239631337, 44.1051282051282, 41.7680981595092, 39.85967261904762]","[44.0, 38.2, 29.3, 41.1, 25.900000000000002, 29.900000000000002, 37.2, 36.4, 32.6, 32.0]"
ga,4,11,164.07785810437184,28.669999999999998,2583.4,2.005239056752806,6.1,10.841428571428573,19.306666666666665,8.465238095238096,True,0.0,hospital_corridor,28,12,"[11, 29, 47, 53, 61, 73, 89, 97, 101, 109]","[3.856990795777233, 4.533973482903889, 0.6202440416224011, 0.5, 1.0]","{""time"": 1.0, ""collisions"": 0.05, ""congestion"": 1.0, ""fairness"": 0.5, ""incomplete_base"": 1000.0, ""incomplete_agent"": 10.0}","[208.71888185654007, 165.4187552582871, 134.20239361702127, 149.1224582898853, 169.65714285714287, 129.1885989010989, 192.81606005459508, 209.87681498829042, 125.8076923076923, 155.96978291316526]","[31.6, 28.3, 28.200000000000003, 27.400000000000002, 27.5, 27.3, 31.400000000000002, 30.5, 27.3, 27.200000000000003]"
ga,4,12,42.70482168891098,34.33,40.5,1.7585716889109833,5.4,13.097500000000002,22.28,9.1825,True,0.0,hospital_corridor,28,12,"[11, 29, 47, 53, 61, 73, 89, 97, 101, 109]","[3.6167209930155186, 4.355173404183164, 0.9309090923701386, 0.5, 1.0]","{""time"": 1.0, ""collisions"": 0.05, ""congestion"": 1.0, ""fairness"": 0.5, ""incomplete_base"": 1000.0, ""incomplete_agent"": 10.0}","[46.90190476190476, 41.38392857142858, 40.48126643295355, 46.80260800196368, 37.46260018859029, 39.93806165099269, 44.41438660209847, 43.680952380952384, 45.93905591727308, 40.04345238095238]","[35.0, 33.6, 32.6, 38.800000000000004, 30.3, 31.900000000000002, 35.4, 36.0, 37.300000000000004, 32.4]"
ga,4,13,44.422716544118714,35.410000000000004,44.1,1.8078355917377589,5.3,13.026071428571427,23.02583333333333,9.999761904761908,True,0.0,hospital_corridor,28,12,"[11, 29, 47, 53, 61, 73, 89, 97, 101, 109]","[3.7921684321568905, 4.930607593746878, 0.8986547051753286, 0.5, 1.0]","{""time"": 1.0, ""collisions"": 0.05, ""congestion"": 1.0, ""fairness"": 0.5, ""incomplete_base"": 1000.0, ""incomplete_agent"": 10.0}","[49.31555932428838, 47.54625850340136, 36.56118065783015, 69.64166666666667, 30.837745098039214, 36.613494838494844, 43.23432598558712, 48.11356783919599, 41.21984370435291, 41.14352282333052]","[35.800000000000004, 39.2, 29.1, 56.0, 25.5, 28.6, 33.7, 39.800000000000004, 32.6, 33.800000000000004]"
ga,4,14,41.48247411229646,31.729999999999997,67.9,1.8830098265821764,5.7,12.40857142857143,21.3575,8.94892857142857,True,0.0,hospital_corridor,28,12,"[11, 29, 47, 53, 61, 73, 89, 97, 101, 109]","[3.859619214304119, 4.4390084564912184, 0.8832740287849291, 0.5, 1.0]","{""time"": 1.0, ""collisions"": 0.05, ""congestion"": 1.0, ""fairness"": 0.5, ""incomplete_base"": 1000.0, ""incomplete_agent"": 10.0}","[56.08589630066904, 43.74520774315393, 37.38178408349642, 38.124374699374705, 35.742407084785135, 36.45029656739021, 43.08734896943852, 45.05051452784504, 38.93578019443071, 40.221130952380946]","[36.300000000000004, 35.300000000000004, 29.200000000000003, 29.700000000000003, 28.700000000000003, 28.3, 33.5, 35.4, 28.900000000000002, 32.0]"
ga,4,15,41.59560484431727,31.85,65.3,1.8292357966982231,5.9,12.133928571428573,21.43666666666667,9.302738095238096,True,0.0,hospital_corridor,28,12,"[11, 29, 47, 53, 61, 73, 89, 97, 101, 109]","[3.542782064769526, 4.466491621730461, 0.8611117437275599, 0.5, 1.0]","{""time"": 1.0, ""collisions"": 0.05, ""congestion"": 1.0, ""fairness"": 0.5, ""incomplete_base"": 1000.0, ""incomplete_agent"": 10.0}","[46.07656525573192, 47.88677536231884, 37.52151360544218, 45.26884920634921, 37.40281986531986, 37.93470853858785, 41.074101527403414, 44.66187888198759, 39.07453217072783, 39.054304029304035]","[32.4, 36.800000000000004, 29.400000000000002, 31.5, 29.700000000000003, 29.0, 31.8, 36.800000000000004, 29.900000000000002, 31.200000000000003]"
ga,4,16,50.240545260168474,33.63,193.9,2.077330974454183,5.8,12.251071428571429,21.927500000000002,9.676428571428572,True,0.0,hospital_corridor,28,12,"[11, 29, 47, 53, 61, 73, 89, 97, 101, 109]","[3.6266978068712463, 3.188516176864537, 0.8804123748788115, 0.5, 1.0]","{""time"": 1.0, ""collisions"": 0.05, ""congestion"": 1.0, ""fairness"": 0.5, ""incomplete_base"": 1000.0, ""incomplete_agent"": 10.0}","[64.45320910973086, 65.57736928104576, 43.18040623465882, 52.72773306505701, 38.914136904761904, 38.73361195542047, 62.24483315065157, 50.77328175602735, 44.1273204196933, 41.673550724637686]","[32.2, 45.900000000000006, 29.1, 28.400000000000002, 32.0, 28.200000000000003, 39.1, 39.7, 29.5, 32.2]"
ga,4,17,47.08801627350155,38.85000000000001,17.1,1.5770043687396447,4.8,13.667142857142858,25.27916666666667,11.61202380952381,True,0.0,hospital_corridor,28,12,"[11, 29, 47, 53, 61, 73, 89, 97, 101, 109]","[2.902882774537371, 4.525164745178578, 0.9271255420089536, 0.5, 1.0]","{""time"": 1.0, ""collisions"": 0.05, ""congestion"": 1.0, ""fairness"": 0.5, ""incomplete_base"": 1000.0, ""incomplete_agent"": 10.0}","[47.814628427128426, 50.52629601485985, 39.56177536231885, 51.0664015025964, 37.80946538124452, 39.29727863989046, 50.7768837535014, 52.98514467988153, 49.717619047619046, 51.32466992597504]","[39.6, 42.300000000000004, 32.2, 43.1, 32.6, 31.3, 42.5, 41.800000000000004, 40.0, 43.1]"
ga,4,18,46.7456725479785,34.339999999999996,111.1,1.7861487384546926,5.5,12.279285714285715,22.40833333333333,10.12904761904762,True,0.0,hospital_corridor,28,12,"[11, 29, 47, 53, 61, 73, 89, 97, 101, 109]","[3.883923416318307, 3.7962237382593944, 0.9321395914813155, 0.5, 1.0]","{""time"": 1.0, ""collisions"": 0.05, ""congestion"": 1.0, ""fairness"": 0.5, ""incomplete_base"": 1000.0, ""incomplete_agent"": 10.0}","[62.03783068783069, 46.87857142857143, 35.65022577996716, 60.58180894308943, 35.37371983039791, 39.661085572843, 54.91212315861597, 51.990789150711834, 38.981887755102036, 41.38868317265556]","[37.800000000000004, 33.6, 29.0, 41.0, 29.200000000000003, 30.3, 41.7, 38.800000000000004, 29.400000000000002, 32.6]"
ga,4,19,172.29854466754446,29.400000000000006,2735.5,1.956104191353976,5.7,11.099285714285717,19.434166666666666,8.334880952380953,True,0.0,hospital_corridor,28,12,"[11, 29, 47, 53, 61, 73, 89, 97, 101, 109]","[3.8941705658434316, 3.656298919016571, 0.67699428187535, 0.5, 1.0]","{""time"": 1.0, ""collisions"": 0.05, ""congestion"": 1.0, ""fairness"": 0.5, ""incomplete_base"": 1000.0, ""incomplete_agent"": 10.0}","[223.17750904159132, 184.09314842958463, 138.1097504660227, 152.39171011470282, 176.92048701298702, 124.77710622710622, 181.8279077117573, 262.04550561797754, 122.52339743589745, 157.11892461781764]","[31.6, 28.200000000000003, 28.1, 27.400000000000002, 27.5, 27.3, 33.9, 35.6, 27.3, 27.1]"
ga,4,20,44.195978689922164,34.86,53.3,1.68764535658883,5.2,12.9375,22.90416666666667,9.966666666666667,True,0.0,hospital_corridor,28,12,"[11, 29, 47, 53, 61, 73, 89, 97, 101, 109]","[3.7484083667226495, 4.26219378653157, 0.9558040188854251, 0.5, 1.0]","{""time"": 1.0, ""collisions"": 0.05, ""congestion"": 1.0, ""fairness"": 0.5, ""incomplete_base"": 1000.0, ""incomplete_agent"": 10.0}","[47.6281746031746, 55.289285714285725, 37.86811224489796, 42.626968864468864, 42.980555555555554, 39.66108058608059, 42.820728599357636, 46.78391265597148, 45.72765003261579, 40.57331804281346]","[36.0, 43.400000000000006, 29.400000000000002, 36.4, 31.5, 31.200000000000003, 34.1, 37.4, 36.5, 32.7]"
ga,4,21,41.76481548277753,32.11,62.2,1.8429702446822898,5.7,12.42464285714286,21.828333333333337,9.403690476190476,True,0.0,hospital_corridor,28,12,"[11, 29, 47, 53, 61, 73, 89, 97, 101, 109]","[3.581112047617193, 4.611974766594665, 0.8674266818557657, 0.5, 1.0]","{""time"": 1.0, ""collisions"": 0.05, ""congestion"": 1.0, ""fairness"": 0.5, ""incomplete_base"": 1000.0, ""incomplete_agent"": 10.0}","[50.03492063492063, 39.37902797041147, 36.788616838487975, 51.92742673992674, 36.90434605348989, 37.402968036529685, 41.58876420658898, 43.68095238095238, 40.228815116650686, 39.71231684981685]","[36.0, 30.900000000000002, 29.1, 39.0, 29.200000000000003, 29.200000000000003, 33.1, 33.6, 29.8, 31.200000000000003]"
ga,4,22,46.887809199868634,39.35000000000001,11.7,1.6327496760590985,5.3,14.42321428571429,25.063333333333333,10.640119047619049,True,0.0,hospital_corridor,28,12,"[11, 29, 47, 53, 61, 73, 89, 97, 101, 109]","[2.885191528819483, 4.877685478949181, 0.9402426847098431, 0.5, 1.0]","{""time"": 1.0, ""collisions"": 0.05, ""congestion"": 1.0, ""fairness"": 0.5, ""incomplete_base"": 1000.0, ""incomplete_agent"": 10.0}","[61.69660297956612, 52.14578418523373, 42.26714285714286, 39.786926147704584, 34.403016960208745, 41.84484936831876, 49.00876757650951, 45.88909523809524, 56.26897546897546, 45.56693121693122]","[52.900000000000006, 43.6, 35.0, 33.4, 29.200000000000003, 34.300000000000004, 40.300000000000004, 37.5, 49.5, 37.800000000000004]"
ga,4,23,43.183439842555366,33.88,52.6,1.8334398425553655,5.4,12.71,22.389999999999997,9.679999999999998,True,0.0,hospital_corridor,28,12,"[11, 29, 47, 53, 61, 73, 89, 97, 101, 109]","[3.8624262875780406, 4.569435373053409, 0.9284924747649905, 0.5, 1.0]","{""time"": 1.0, ""collisions"": 0.05, ""congestion"": 1.0, ""fairness"": 0.5, ""incomplete_base"": 1000.0, ""incomplete_agent"": 10.0}","[49.57389729350186, 45.923752074556376, 35.91296477495108, 45.741687192118235, 49.86194434295457, 36.997352216748766, 45.36454623400607, 44.02938835358191, 38.125676777560344, 40.303189165574494]","[37.300000000000004, 37.300000000000004, 29.200000000000003, 34.800000000000004, 39.1, 29.0, 36.1, 34.1, 29.200000000000003, 32.7]"
ga,5,0,40.79376941418693,31.340000000000003,64.1,1.8284717951393155,5.4,12.131071428571431,20.971666666666668,8.840595238095238,True,0.0,hospital_corridor,28,12,"[11, 29, 47, 53, 61, 73, 89, 97, 101, 109]","[3.52040873043652, 4.438280923952889, 0.859257351757086, 0.5, 1.0]","{""time"": 1.0, ""collisions"": 0.05, ""congestion"": 1.0, ""fairness"": 0.5, ""incomplete_base"": 1000.0, ""incomplete_agent"": 10.0}","[51.39931727734322, 38.28214285714286, 36.99078301423662, 44.71127773067685, 36.58516085363912, 36.96273228803717, 43.76923974200632, 41.132421005785496, 39.08047138047138, 39.02414799253035]","[34.7, 30.200000000000003, 29.1, 33.7, 29.900000000000002, 28.700000000000003, 34.7, 32.1, 29.700000000000003, 30.6]"
ga,5,1,41.44067635769194,31.7,66.6,1.8286525481681317,5.3,12.216785714285715,21.380833333333335,9.16404761904762,True,0.0,hospital_corridor,28,12,"[11, 29, 47, 53, 61, 73, 89, 97, 101, 109]","[3.8819925486371254, 4.467219154268791, 0.8851284207554031, 0.5, 1.0]","{""time"": 1.0, ""collisions"": 0.05, ""congestion"": 1.0, ""fairness"": 0.5, ""incomplete_base"": 1000.0, ""incomplete_agent"": 10.0}","[49.62868541033435, 40.827329192546586, 38.47836229086229, 41.63267133956386, 35.50699300699301, 36.882269503546105, 42.07227501092181, 46.1340522358528, 41.988921203660624, 41.25520438263801]","[32.9, 32.2, 29.6, 32.1, 28.6, 28.200000000000003, 32.7, 36.1, 30.700000000000003, 33.9]"
ga,5,2,42.55131707273264,32.519999999999996,67.7,1.8419123108278797,5.1,12.167857142857143,21.776666666666667,9.608809523809523,True,0.0,hospital_corridor,28,12,"[11, 29, 47, 53, 61, 73, 89, 97, 101, 109]","[3.7001791678261284, 4.438666018322634, 0.8704255778620245, 0.5, 1.0]","{""time"": 1.0, ""collisions"": 0.05, ""congestion"": 1.0, ""fairness"": 0.5, ""incomplete_base"": 1000.0, ""incomplete_agent"": 10.0}","[53.92862554112554, 48.474265450861196, 37.26756360078278, 47.85627705627706, 36.024052562201355, 37.27772108843537, 42.028153495440726, 43.448841698841704, 40.0740296803653, 39.13364055299539]","[38.5, 37.6, 29.200000000000003, 35.2, 28.900000000000002, 29.400000000000002, 32.9, 33.300000000000004, 29.200000000000003, 31.0]"
ga,5,3,44.99736610306651,33.31000000000001,101.7,1.7941518173522168,5.4,12.708571428571428,22.325000000000003,9.616428571428573,True,0.0,hospital_corridor,28,12,"[11, 29, 47, 53, 61, 73, 89, 97, 101, 109]","[3.67984877691451, 4.2834459251069354, 0.8721058026799906, 0.5, 1.0]","{""time"": 1.0, ""collisions"": 0.05, ""congestion"": 1.0, ""fairness"": 0.5, ""incomplete_base"": 1000.0, ""incomplete_agent"": 10.0}","[55.775045787545785, 51.608333333333334, 42.29036796536796, 41.26777210884354, 36.21335616438356, 36.24072948328268, 43.677696078431374, 60.171815684315696, 41.268771971876, 41.45977245328511]","[39.0, 36.0, 33.0, 29.400000000000002, 29.200000000000003, 28.200000000000003, 34.0, 42.900000000000006, 29.8, 31.6]"
ga,5,4,41.44067635769194,31.7,66.6,1.8286525481681317,5.3,12.216785714285715,21.380833333333335,9.16404761904762,True,0.0,hospital_corridor,28,12,"[11, 29, 47, 53, 61, 73, 89, 97, 101, 109]","[3.8819925486371254, 4.467219154268791, 0.8851284207554031, 0.5, 1.0]","{""time"": 1.0, ""collisions"": 0.05, ""congestion"": 1.0, ""fairness"": 0.5, ""incomplete_base"": 1000.0, ""incomplete_agent"": 10.0}","[49.62868541033435, 40.827329192546586, 38.47836229086229, 41.63267133956386, 35.50699300699301, 36.882269503546105, 42.07227501092181, 46.1340522358528, 41.988921203660624, 41.25520438263801]","[32.9, 32.2, 29.6, 32.1, 28.6, 28.200000000000003, 32.7, 36.1, 30.700000000000003, 33.9]"
ga,5,5,41.44067635769194,31.7,66.6,1.8286525481681317,5.3,12.216785714285715,21.380833333333335,9.16404761904762,True,0.0,hospital_corridor,28,12,"[11, 29, 47, 53, 61, 73, 89, 97, 101, 109]","[3.8819925486371254, 4.467219154268791, 0.8851284207554031, 0.5, 1.0]","{""time"": 1.0, ""collisions"": 0.05, ""congestion"": 1.0, ""fairness"": 0.5, ""incomplete_base"": 1000.0, ""incomplete_agent"": 10.0}","[49.62868541033435, 40.827329192546586, 38.47836229086229, 41.63267133956386, 35.50699300699301, 36.882269503546105, 42.07227501092181, 46.1340522358528, 41.988921203660624, 41.25520438263801]","[32.9, 32.2, 29.6, 32.1, 28.6, 28.200000000000003, 32.7, 36.1, 30.700000000000003, 33.9]"
ga,5,6,41.59560484431727,31.85,65.3,1.8292357966982231,5.9,12.133928571428573,21.43666666666667,9.302738095238096,True,0.0,hospital_corridor,28,12,"[11, 29, 47, 53, 61, 73, 89, 97, 101, 109]","[3.542782064769526, 4.466491621730461, 0.8611117437275599, 0.5, 1.0]","{""time"": 1.0, ""collisions"": 0.05, ""congestion"": 1.0, ""fairness"": 0.5, ""incomplete_base"": 1000.0, ""incomplete_agent"": 10.0}","[46.07656525573192, 47.88677536231884, 37.52151360544218, 45.26884920634921, 37.40281986531986, 37.93470853858785, 41.074101527403414, 44.66187888198759, 39.07453217072783, 39.054304029304035]","[32.4, 36.800000000000004, 29.400000000000002, 31.5, 29.700000000000003, 29.0, 31.8, 36.800000000000004, 29.900000000000002, 31.200000000000003]"
ga,5,7,41.59560484431727,31.85,65.3,1.8292357966982231,5.9,12.133928571428573,21.43666666666667,9.302738095238096,True,0.0,hospital_corridor,28,12,"[11, 29, 47, 53, 61, 73, 89, 97, 101, 109]","[3.542782064769526, 4.466491621730461, 0.8611117437275599, 0.5, 1.0]","{""time"": 1.0, ""collisions"": 0.05, ""congestion"": 1.0, ""fairness"": 0.5, ""incomplete_base"": 1000.0, ""incomplete_agent"": 10.0}","[46.07656525573192, 47.88677536231884, 37.52151360544218, 45.26884920634921, 37.40281986531986, 37.93470853858785, 41.074101527403414, 44.66187888198759, 39.07453217072783, 39.054304029304035]","[32.4, 36.800000000000004, 29.400000000000002, 31.5, 29.700000000000003, 29.0, 31.8, 36.800000000000004, 29.900000000000002, 31.200000000000003]"
ga,5,8,40.92031760757443,31.71,56.7,1.830079512336336,5.4,12.492857142857144,21.583333333333332,9.090476190476192,True,0.0,hospital_corridor,28,12,"[11, 29, 47, 53, 61, 73, 89, 97, 101, 109]","[3.6449740382014237, 4.183717984333628, 0.9009495685393542, 0.5, 1.0]","{""time"": 1.0, ""collisions"": 0.05, ""congestion"": 1.0, ""fairness"": 0.5, ""incomplete_base"": 1000.0, ""incomplete_agent"": 10.0}","[47.52260324483776, 42.6796197583511, 36.166283431180695, 42.337468671679204, 35.96190476190476, 38.804490806223484, 45.09093614718615, 41.68180573114202, 39.29211563464977, 39.6659478885894]","[33.9, 33.5, 29.200000000000003, 30.400000000000002, 29.6, 30.3, 35.2, 33.9, 29.3, 31.8]"
ga,5,9,43.46530639208885,32.63,87.5,1.8769135349459862,5.5,12.410714285714286,21.577500000000004,9.166785714285716,True,0.0,hospital_corridor,28,12,"[11, 29, 47, 53, 61, 73, 89, 97, 101, 109]","[3.85580848399521, 4.114344054650988, 0.9105870042444711, 0.5, 1.0]","{""time"": 1.0, ""collisions"": 0.05, ""congestion"": 1.0, ""fairness"": 0.5, ""incomplete_base"": 1000.0, ""incomplete_agent"": 10.0}","[66.98240464490465, 51.89962631454567, 37.50638490690394, 36.60600268276325, 36.66369661266569, 38.3259473507713, 45.25158730158731, 42.446761046761054, 38.74455841159993, 40.226094648385676]","[40.7, 40.300000000000004, 28.900000000000002, 28.400000000000002, 29.1, 28.400000000000002, 36.0, 33.300000000000004, 28.900000000000002, 32.300000000000004]"
ga,5,10,43.69880586672753,34.21,62.2,1.7210082476799111,5.1,12.88857142857143,22.204166666666666,9.315595238095238,True,0.0,hospital_corridor,28,12,"[11, 29, 47, 53, 61, 73, 89, 97, 101, 109]","[3.7502994218192462, 4.4440853323615075, 0.9002453803086403, 0.5, 1.0]","{""time"": 1.0, ""collisions"": 0.05, ""congestion"": 1.0, ""fairness"": 0.5, ""incomplete_base"": 1000.0, ""incomplete_agent"": 10.0}","[63.54430728667306, 44.34534632034632, 36.51303632374451, 52.294850831899026, 35.289699354317996, 37.84570707070707, 41.44757495590829, 48.956142611683845, 37.15297619047619, 39.598417721519]","[44.7, 35.2, 29.3, 41.5, 29.5, 29.700000000000003, 32.4, 38.800000000000004, 29.400000000000002, 31.6]"
ga,5,11,40.402790597048934,32.59,29.1,1.8438025018108317,5.0,12.855357142857144,21.883333333333336,9.027976190476192,True,0.0,hospital_corridor,28,12,"[11, 29, 47, 53, 61, 73, 89, 97, 101, 109]","[3.612279996226736, 4.548152411743283, 0.9280714440741291, 0.5, 1.0]","{""time"": 1.0, ""collisions"": 0.05, ""congestion"": 1.0, ""fairness"": 0.5, ""incomplete_base"": 1000.0, ""incomplete_agent"": 10.0}","[40.81613924050633, 47.43148301956442, 35.99898075668624, 36.916365979381446, 30.735193452380955, 36.97323059360731, 45.5236298292902, 48.58481116584565, 41.51614468864469, 39.53192724458205]","[31.6, 38.7, 29.200000000000003, 29.1, 25.6, 29.200000000000003, 37.1, 40.6, 32.5, 32.300000000000004]"
ga,5,12,52.792988160089585,31.900000000000006,287.5,1.767631017232438,5.3,11.996785714285714,21.497500000000002,9.500714285714286,True,0.0,hospital_corridor,28,12,"[11, 29, 47, 53, 61, 73, 89, 97, 101, 109]","[4.657725734119042, 3.540251040583824, 0.9158120644394983, 0.5, 1.0]","{""time"": 1.0, ""collisions"": 0.05, ""congestion"": 1.0, ""fairness"": 0.5, ""incomplete_base"": 1000.0, ""incomplete_agent"": 10.0}","[79.74718468468467, 57.764447884416924, 40.9866341991342, 74.77131484107291, 50.56683646812958, 37.532401656314704, 47.96238479262672, 47.85037477954145, 49.349517149517155, 41.3987851454575]","[37.0, 32.300000000000004, 28.6, 40.300000000000004, 31.900000000000002, 27.6, 31.0, 32.4, 28.6, 29.3]"
ga,5,13,43.37020425840129,33.6,62.5,1.768180448877472,5.1,12.449285714285717,22.203333333333333,9.75404761904762,True,0.0,hospital_corridor,28,12,"[11, 29, 47, 53, 61, 73, 89, 97, 101, 109]","[4.075076776637048, 4.456410442117257, 0.9393512931031727, 0.5, 1.0]","{""time"": 1.0, ""collisions"": 0.05, ""congestion"": 1.0, ""fairness"": 0.5, ""incomplete_base"": 1000.0, ""incomplete_agent"": 10.0}","[55.14235347985348, 48.56499744669986, 37.08552955665025, 44.898496619191484, 36.592814187530685, 36.3475147275405, 42.56051704705551, 50.81028849496003, 41.234920634920634, 40.464610389610385]","[39.0, 37.300000000000004, 29.0, 33.1, 29.1, 29.1, 33.800000000000004, 41.1, 31.5, 33.0]"
ga,5,14,45.20418086063999,35.290000000000006,63.1,1.8484665749256972,5.1,12.97107142857143,22.7925,9.821428571428573,True,0.0,hospital_corridor,28,12,"[11, 29, 47, 53, 61, 73, 89, 97, 101, 109]","[3.686739414568463, 4.365171403723617, 0.898325791400497, 0.5, 1.0]","{""time"": 1.0, ""collisions"": 0.05, ""congestion"": 1.0, ""fairness"": 0.5, ""incomplete_base"": 1000.0, ""incomplete_agent"": 10.0}","[48.96214285714286, 40.68829365079365, 37.00431699983748, 50.019200770493875, 35.749366162847394, 36.375624375624376, 70.01846882399369, 53.78544745484401, 39.872727272727275, 39.56622023809524]","[35.0, 32.4, 29.3, 37.7, 29.3, 28.6, 54.300000000000004, 43.5, 30.8, 32.0]"
ga,5,15,41.678747657563285,32.49999999999999,56.4,1.8421405147061527,5.1,12.711785714285716,21.745,9.033214285714285,True,0.0,hospital_corridor,28,12,"[11, 29, 47, 53, 61, 73, 89, 97, 101, 109]","[3.7896007927511746, 4.429010456950765, 0.9158573297545707, 0.5, 1.0]","{""time"": 1.0, ""collisions"": 0.05, ""congestion"": 1.0, ""fairness"": 0.5, ""incomplete_base"": 1000.0, ""incomplete_agent"": 10.0}","[52.423760866744516, 43.02997932706017, 35.957560137457044, 41.53760131712259, 36.17763372472277, 36.52909959758552, 45.79094492020241, 47.51483226535997, 37.71675170068028, 40.1093127186977]","[36.7, 33.4, 29.1, 32.9, 29.200000000000003, 28.400000000000002, 36.7, 37.9, 29.400000000000002, 31.3]"
ga,5,16,1115.1567787306867,81.65,39.7,0.8022072928653182,4.9,13.562160154660157,25.001303030303028,11.439142875642876,False,2.5,hospital_corridor,28,12,"[11, 29, 47, 53, 61, 73, 89, 97, 101, 109]","[3.4151504787306872, 4.0486933063773884, 1.0475986179773298, 0.5, 1.0]","{""time"": 1.0, ""collisions"": 0.05, ""congestion"": 1.0, ""fairness"": 0.5, ""incomplete_base"": 1000.0, ""incomplete_agent"": 10.0}","[52.7578167115903, 1150.2224166666667, 39.335253396029266, 1145.1854166666667, 1184.1126103896104, 1120.0077962962964, 1149.4353076923078, 1130.6212857142857, 52.1416694877003, 1127.7482142857143]","[42.400000000000006, 100.0, 31.900000000000002, 100.0, 100.0, 100.0, 100.0, 100.0, 42.2, 100.0]"
ga,5,17,40.82499626894265,33.02,27.8,1.7346986498950248,4.9,12.793571428571429,22.15416666666667,9.360595238095238,True,0.0,hospital_corridor,28,12,"[11, 29, 47, 53, 61, 73, 89, 97, 101, 109]","[3.6107453328304557, 4.6935392566102285, 0.9241611051311651, 0.5, 1.0]","{""time"": 1.0, ""collisions"": 0.05, ""congestion"": 1.0, ""fairness"": 0.5, ""incomplete_base"": 1000.0, ""incomplete_agent"": 10.0}","[59.48724898101203, 39.93285787999411, 36.91547619047619, 39.409098112929385, 30.674159663865545, 38.24621964679912, 41.49509202453988, 43.09209956709957, 39.380265567765576, 39.61744505494506]","[47.900000000000006, 32.300000000000004, 29.400000000000002, 32.300000000000004, 25.5, 30.200000000000003, 32.6, 36.300000000000004, 31.200000000000003, 32.5]"
ga,5,18,41.72229627545917,30.810000000000002,90.4,1.9508677040305948,5.7,12.192142857142859,21.075,8.882857142857144,True,0.0,hospital_corridor,28,12,"[11, 29, 47, 53, 61, 73, 89, 97, 101, 109]","[3.9263532796063463, 4.466491621730461, 0.8611117437275599, 0.5, 1.0]","{""time"": 1.0, ""collisions"": 0.05, ""congestion"": 1.0, ""fairness"": 0.5, ""incomplete_base"": 1000.0, ""incomplete_agent"": 10.0}","[47.5864010989011, 45.151058201058206, 38.472938144329895, 46.51786303630363, 36.91451048951049, 36.517857142857146, 40.97768151815181, 41.929934488588344, 45.171079638752055, 37.98363899613899]","[31.200000000000003, 32.4, 29.1, 30.3, 28.6, 28.0, 30.3, 33.800000000000004, 34.800000000000004, 29.6]"
ga,5,19,41.91924821639365,31.400000000000006,82.4,1.9199625021079298,5.7,12.543928571428573,21.502500000000005,8.958571428571428,True,0.0,hospital_corridor,28,12,"[11, 29, 47, 53, 61, 73, 89, 97, 101, 109]","[3.542782064769526, 4.195402919424479, 0.8611117437275599, 0.5, 1.0]","{""time"": 1.0, ""collisions"": 0.05, ""congestion"": 1.0, ""fairness"": 0.5, ""incomplete_base"": 1000.0, ""incomplete_agent"": 10.0}","[47.39172077922078, 47.81927022841657, 38.200935374149665, 40.35248316498317, 32.6811755952381, 37.69027777777778, 44.738843741089255, 47.79601449275363, 42.00214562569214, 40.519615384615385]","[30.8, 36.9, 29.400000000000002, 29.700000000000003, 25.6, 28.8, 33.4, 36.800000000000004, 30.1, 32.5]"
ga,5,20,1186.3429483872128,37.08,2842.7,1.8324830192475214,5.9,11.447857142857144,20.03878787878788,8.590930735930737,False,0.1,hospital_corridor,28,12,"[11, 29, 47, 53, 61, 73, 89, 97, 101, 109]","[3.5325818625387377, 4.447256494371244, 0.5, 0.5, 1.0]","{""time"": 1.0, ""collisions"": 0.05, ""congestion"": 1.0, ""fairness"": 0.5, ""incomplete_base"": 1000.0, ""incomplete_agent"": 10.0}","[1319.210487012987, 176.1952067669173, 141.41406641604007, 160.3406699889258, 176.38616820829054, 136.24429527285366, 199.18410878112712, 204.42853498542277, 155.65079608530527, 194.37515035425935]","[100.0, 28.5, 28.5, 30.1, 27.8, 27.400000000000002, 32.7, 34.300000000000004, 32.6, 28.900000000000002]"
ga,5,21,45.118149046392176,31.65,141.4,1.8956490463921796,5.6,12.3675,21.372500000000002,9.004999999999999,True,0.0,hospital_corridor,28,12,"[11, 29, 47, 53, 61, 73, 89, 97, 101, 109]","[3.8698194165349076, 4.045762887064043, 0.8614732569121404, 0.5, 1.0]","{""time"": 1.0, ""collisions"": 0.05, ""congestion"": 1.0, ""fairness"": 0.5, ""incomplete_base"": 1000.0, ""incomplete_agent"": 10.0}","[49.81367302621374, 59.9671850998464, 42.69496124031008, 44.3689757110898, 36.0415554457077, 36.320154889912956, 51.96895604395604, 48.0891953199618, 43.3665780141844, 38.55025567273889]","[30.700000000000003, 37.2, 30.1, 29.8, 28.900000000000002, 27.900000000000002, 39.0, 34.9, 28.200000000000003, 29.8]"
ga,5,22,1185.8272396878965,37.2,2829.5,1.8292256186325306,5.8,11.373214285714287,20.019242424242425,8.646028138528138,False,0.1,hospital_corridor,28,12,"[11, 29, 47, 53, 61, 73, 89, 97, 101, 109]","[3.5336155811817225, 4.448641407635063, 0.5635811859415788, 0.5, 1.0]","{""time"": 1.0, ""collisions"": 0.05, ""congestion"": 1.0, ""fairness"": 0.5, ""incomplete_base"": 1000.0, ""incomplete_agent"": 10.0}","[1319.9714740259742, 168.38314536340852, 141.362343358396, 159.2876937984496, 163.48700325453927, 137.136100973236, 189.67376583660987, 225.40047619047618, 158.2770267309378, 195.2933673469388]","[100.0, 28.5, 28.5, 30.1, 27.8, 27.400000000000002, 32.7, 35.0, 32.6, 29.400000000000002]"
ga,5,23,45.46651750107401,34.92,77.9,1.799017501074007,5.4,12.605,22.310000000000002,9.705000000000002,True,0.0,hospital_corridor,28,12,"[11, 29, 47, 53, 61, 73, 89, 97, 101, 109]","[3.529575214024324, 4.4561311380482875, 0.8593319268616744, 0.5, 1.0]","{""time"": 1.0, ""collisions"": 0.05, ""congestion"": 1.0, ""fairness"": 0.5, ""incomplete_base"": 1000.0, ""incomplete_agent"": 10.0}","[68.24982303732304, 50.6655612244898, 37.23275637900211, 41.15318627450981, 37.10790149393091, 37.3504105090312, 43.57516515276631, 52.9475622229799, 45.826261097659405, 40.55654761904762]","[44.400000000000006, 39.2, 29.3, 32.300000000000004, 30.6, 29.0, 34.6, 41.900000000000006, 35.4, 32.5]"
ga,6,0,40.402790597048934,32.59,29.1,1.8438025018108317,5.0,12.855357142857144,21.883333333333336,9.027976190476192,True,0.0,hospital_corridor,28,12,"[11, 29, 47, 53, 61, 73, 89, 97, 101, 109]","[3.612279996226736, 4.548152411743283, 0.9280714440741291, 0.5, 1.0]","{""time"": 1.0, ""collisions"": 0.05, ""congestion"": 1.0, ""fairness"": 0.5, ""incomplete_base"": 1000.0, ""incomplete_agent"": 10.0}","[40.81613924050633, 47.43148301956442, 35.99898075668624, 36.916365979381446, 30.735193452380955, 36.97323059360731, 45.5236298292902, 48.58481116584565, 41.51614468864469, 39.53192724458205]","[31.6, 38.7, 29.200000000000003, 29.1, 25.6, 29.200000000000003, 37.1, 40.6, 32.5, 32.300000000000004]"
ga,6,1,40.79376941418693,31.340000000000003,64.1,1.8284717951393155,5.4,12.131071428571431,20.971666666666668,8.840595238095238,True,0.0,hospital_corridor,28,12,"[11, 29, 47, 53, 61, 73, 89, 97, 101, 109]","[3.52040873043652, 4.438280923952889, 0.859257351757086, 0.5, 1.0]","{""time"": 1.0, ""collisions"": 0.05, ""congestion"": 1.0, ""fairness"": 0.5, ""incomplete_base"": 1000.0, ""incomplete_agent"": 10.0}","[51.39931727734322, 38.28214285714286, 36.99078301423662, 44.71127773067685, 36.58516085363912, 36.96273228803717, 43.76923974200632, 41.132421005785496, 39.08047138047138, 39.02414799253035]","[34.7, 30.200000000000003, 29.1, 33.7, 29.900000000000002, 28.700000000000003, 34.7, 32.1, 29.700000000000003, 30.6]"
ga,6,2,42.61313134681214,33.88000000000001,42.7,1.7936670610978411,5.2,12.92607142857143,22.535000000000004,9.60892857142857,True,0.0,hospital_corridor,28,12,"[11, 29, 47, 53, 61, 73, 89, 97, 101, 109]","[3.6873103796402718, 4.6935392566102285, 0.9241611051311651, 0.5, 1.0]","{""time"": 1.0, ""collisions"": 0.05, ""congestion"": 1.0, ""fairness"": 0.5, ""incomplete_base"": 1000.0, ""incomplete_agent"": 10.0}","[58.262531328320804, 43.11661208896166, 37.93914092664093, 50.330104487838305, 35.75684225195095, 38.84667500758266, 42.52492774566474, 41.43123177842566, 38.487223008015086, 39.4360248447205]","[39.900000000000006, 34.9, 29.6, 41.7, 29.900000000000002, 31.400000000000002, 34.6, 34.300000000000004, 30.3, 32.2]"
ga,6,3,43.24517587921989,32.46000000000001,87.5,2.0054734982675084,5.5,13.148928571428574,21.958333333333336,8.809404761904762,True,0.0,hospital_corridor,28,12,"[11, 29, 47, 53, 61, 73, 89, 97, 101, 109]","[3.5427820647695265, 4.875397266182568, 0.8611117437275599, 0.5, 1.0]","{""time"": 1.0, ""collisions"": 0.05, ""congestion"": 1.0, ""fairness"": 0.5, ""incomplete_base"": 1000.0, ""incomplete_agent"": 10.0}","[64.1272106897679, 50.09591362938137, 37.75170068027211, 41.999885762385766, 31.339099702380956, 36.519268467104155, 40.91132071951038, 50.18457130982068, 39.77025806967082, 39.75252976190475]","[43.7, 34.1, 29.400000000000002, 29.700000000000003, 25.6, 28.3, 31.900000000000002, 40.1, 29.8, 32.0]"
ga,6,4,42.28178748865349,33.400000000000006,48.2,1.7970851077011045,5.4,12.776428571428571,22.125833333333336,9.349404761904761,True,0.0,hospital_corridor,28,12,"[11, 29, 47, 53, 61, 73, 89, 97, 101, 109]","[3.690755791101233, 4.893934496156393, 0.8870414096096261, 0.5, 1.0]","{""time"": 1.0, ""collisions"": 0.05, ""congestion"": 1.0, ""fairness"": 0.5, ""incomplete_base"": 1000.0, ""incomplete_agent"": 10.0}","[61.85215139867606, 39.77579365079365, 36.27976804123712, 43.607514245014244, 31.025223214285713, 36.63650724995881, 51.43455831608006, 44.42120334620335, 37.965305527805526, 39.819849896480335]","[44.6, 31.5, 29.1, 35.1, 25.6, 28.900000000000002, 41.400000000000006, 37.0, 28.6, 32.2]"
ga,6,5,41.46374972591565,32.400000000000006,48.7,1.7986306782965873,5.1,12.416428571428572,22.07666666666667,9.660238095238094,True,0.0,hospital_corridor,28,12,"[11, 29, 47, 53, 61, 73, 89, 97, 101, 109]","[3.8035167537626275, 4.413753766170328, 0.9261584552199061, 0.5, 1.0]","{""time"": 1.0, ""collisions"": 0.05, ""congestion"": 1.0, ""fairness"": 0.5, ""incomplete_base"": 1000.0, ""incomplete_agent"": 10.0}","[50.86600435949027, 43.81716584328256, 36.41968581246932, 36.995314083080046, 35.61252405002405, 39.83022875816994, 49.022032874063335, 43.54860826852231, 39.30429125138428, 39.22164195867026]","[35.5, 34.7, 29.1, 28.200000000000003, 29.700000000000003, 30.6, 39.400000000000006, 34.9, 30.1, 31.8]"
ga,6,6,42.17947983459568,33.38,45.4,1.763527453643291,5.2,12.446428571428573,21.978333333333335,9.531904761904762,True,0.0,hospital_corridor,28,12,"[11, 29, 47, 53, 61, 73, 89, 97, 101, 109]","[3.6820472814537872, 5.0, 0.8763799392765521, 0.5, 1.0]","{""time"": 1.0, ""collisions"": 0.05, ""congestion"": 1.0, ""fairness"": 0.5, ""incomplete_base"": 1000.0, ""incomplete_agent"": 10.0}","[44.63321354857733, 48.84221894943545, 38.62244897959184, 42.085838220918866, 35.3482993197279, 36.601673326673335, 43.63788337368846, 45.01711553473848, 45.618829644533875, 41.38727744807122]","[32.300000000000004, 38.800000000000004, 29.400000000000002, 34.1, 29.400000000000002, 28.6, 35.4, 36.6, 35.5, 33.7]"
ga,6,7,43.84061095911589,34.03,63.9,1.8167419114968386,5.8,12.713928571428571,22.311666666666664,9.597738095238096,True,0.0,hospital_corridor,28,12,"[11, 29, 47, 53, 61, 73, 89, 97, 101, 109]","[3.9358115599527874, 4.464346372091722, 0.9240830975541805, 0.5, 1.0]","{""time"": 1.0, ""collisions"": 0.05, ""congestion"": 1.0, ""fairness"": 0.5, ""incomplete_base"": 1000.0, ""incomplete_agent"": 10.0}","[58.6588764337852, 52.27948772587795, 38.39513305322129, 40.57540726817042, 36.67041748206132, 42.45728862973761, 42.48203781512605, 48.789530106753034, 38.87344181699984, 39.22448925942617]","[41.1, 41.900000000000006, 30.6, 28.5, 29.200000000000003, 34.300000000000004, 34.0, 39.7, 29.3, 31.700000000000003]"
ga,6,8,45.27016244481739,34.45,82.2,1.7497457781507202,5.4,12.445,22.36583333333333,9.920833333333333,True,0.0,hospital_corridor,28,12,"[11, 29, 47, 53, 61, 73, 89, 97, 101, 109]","[3.5317017831393644, 4.440798366719056, 0.8593483699886475, 0.5, 1.0]","{""time"": 1.0, ""collisions"": 0.05, ""congestion"": 1.0, ""fairness"": 0.5, ""incomplete_base"": 1000.0, ""incomplete_agent"": 10.0}","[65.27718480985071, 46.54358600583092, 37.104207717569786, 60.58941185745823, 36.641071428571436, 38.10470779220779, 44.35786503362152, 44.77999084249085, 39.28106335754641, 40.022535603026256]","[43.7, 34.300000000000004, 29.0, 45.300000000000004, 29.8, 29.700000000000003, 34.7, 36.4, 29.5, 32.1]"
ga,6,9,44.9426775658573,34.22,79.1,1.785118042047775,5.3,12.720714285714287,22.685833333333335,9.96511904761905,True,0.0,hospital_corridor,28,12,"[11, 29, 47, 53, 61, 73, 89, 97, 101, 109]","[3.531489012066682, 4.514800749490291, 0.8610207254959984, 0.5, 1.0]","{""time"": 1.0, ""collisions"": 0.05, ""congestion"": 1.0, ""fairness"": 0.5, ""incomplete_base"": 1000.0, ""incomplete_agent"": 10.0}","[58.74741579558653, 56.069101731601734, 38.05198683568991, 55.2985371267151, 38.21289682539683, 36.960839598997495, 45.02079228243022, 40.740267949284984, 40.80639034878166, 39.518547164088574]","[41.0, 44.0, 29.3, 41.300000000000004, 29.700000000000003, 28.5, 34.800000000000004, 32.300000000000004, 29.900000000000002, 31.400000000000002]"
ga,6,10,45.249299929773436,34.68,77.2,1.805490405963906,5.7,12.795714285714286,22.603333333333335,9.80761904761905,True,0.0,hospital_corridor,28,12,"[11, 29, 47, 53, 61, 73, 89, 97, 101, 109]","[3.5177022164313496, 4.449928453731352, 0.8714109211377641, 0.5, 1.0]","{""time"": 1.0, ""collisions"": 0.05, ""congestion"": 1.0, ""fairness"": 0.5, ""incomplete_base"": 1000.0, ""incomplete_agent"": 10.0}","[67.85192422881103, 46.86088025022341, 36.362793542074364, 59.9280328798186, 36.83773204196933, 36.76240079365079, 41.20151515151515, 45.617261904761904, 40.907305194805204, 40.16315331010453]","[47.7, 37.300000000000004, 29.200000000000003, 44.1, 29.5, 28.8, 33.0, 33.6, 30.8, 32.800000000000004]"
ga,6,11,42.465006262303284,31.95,82.6,1.8979229289699542,5.6,12.465,21.439166666666672,8.974166666666665,True,0.0,hospital_corridor,28,12,"[11, 29, 47, 53, 61, 73, 89, 97, 101, 109]","[3.807765567127748, 4.455571624490328, 0.8729748513747251, 0.5, 1.0]","{""time"": 1.0, ""collisions"": 0.05, ""congestion"": 1.0, ""fairness"": 0.5, ""incomplete_base"": 1000.0, ""incomplete_agent"": 10.0}","[51.35224428139836, 41.466744548286606, 36.877463054187196, 51.711322714681444, 37.16631240731587, 36.776594239094244, 43.6045486851457, 43.750586661177444, 42.01746031746031, 39.926785714285714]","[33.1, 32.1, 29.0, 36.1, 28.900000000000002, 28.6, 33.5, 34.7, 31.5, 32.0]"
ga,6,12,43.79136993668737,32.540000000000006,90.4,1.8538104128778374,5.4,12.395714285714288,22.150833333333335,9.755119047619047,True,0.0,hospital_corridor,28,12,"[11, 29, 47, 53, 61, 73, 89, 97, 101, 109]","[3.646199460355342, 4.446398649489413, 0.8603400106250098, 0.5, 1.0]","{""time"": 1.0, ""collisions"": 0.05, ""congestion"": 1.0, ""fairness"": 0.5, ""incomplete_base"": 1000.0, ""incomplete_agent"": 10.0}","[51.65731936307646, 44.773785508439694, 38.50787309769269, 45.65585954565312, 37.35612244897959, 36.567363221884506, 50.93729070181689, 49.93285330261136, 42.838510564997705, 39.686721611721616]","[31.700000000000003, 34.7, 29.1, 32.7, 29.400000000000002, 28.200000000000003, 40.1, 37.2, 31.1, 31.200000000000003]"
ga,6,13,41.53623118153991,31.610000000000003,72.3,1.8449811815399073,5.6,12.419999999999998,21.3525,8.932500000000001,True,0.0,hospital_corridor,28,12,"[11, 29, 47, 53, 61, 73, 89, 97, 101, 109]","[3.5216215493578025, 4.458373896193938, 0.8600290848596361, 0.5, 1.0]","{""time"": 1.0, ""collisions"": 0.05, ""congestion"": 1.0, ""fairness"": 0.5, ""incomplete_base"": 1000.0, ""incomplete_agent"": 10.0}","[62.75167456417457, 43.056092436974794, 38.17882653061225, 37.62352448021462, 31.612479474548444, 37.82559523809525, 43.76233579638752, 40.71014669025505, 40.26762866762867, 39.57400793650794]","[40.7, 34.0, 29.400000000000002, 28.400000000000002, 26.1, 29.200000000000003, 34.800000000000004, 32.300000000000004, 29.700000000000003, 31.5]"
ga,6,14,41.82490109085482,33.190000000000005,38.0,1.8446629956167204,5.5,12.702857142857143,22.48333333333333,9.780476190476193,True,0.0,hospital_corridor,28,12,"[11, 29, 47, 53, 61, 73, 89, 97, 101, 109]","[3.5628903926962296, 4.544854037027466, 0.9128660754539302, 0.5, 1.0]","{""time"": 1.0, ""collisions"": 0.05, ""congestion"": 1.0, ""fairness"": 0.5, ""incomplete_base"": 1000.0, ""incomplete_agent"": 10.0}","[58.37582648167181, 36.98198051948052, 37.1609693877551, 38.72966537966538, 34.86198979591837, 42.527067669172936, 44.376147724283086, 41.88220977740209, 38.51536885245902, 44.837785320739876]","[41.7, 30.8, 29.400000000000002, 29.6, 29.400000000000002, 34.2, 36.2, 33.800000000000004, 30.5, 36.300000000000004]"
ga,6,15,40.821064499869024,31.85,53.0,1.8483264046309344,5.7,12.480357142857144,21.425833333333337,8.945476190476192,True,0.0,hospital_corridor,28,12,"[11, 29, 47, 53, 61, 73, 89, 97, 101, 109]","[3.5921716683000326, 4.469789996446278, 0.8763171123477589, 0.5, 1.0]","{""time"": 1.0, ""collisions"": 0.05, ""congestion"": 1.0, ""fairness"": 0.5, ""incomplete_base"": 1000.0, ""incomplete_agent"": 10.0}","[53.30075757575758, 40.254257658477414, 36.46223613156603, 40.43123933612534, 31.197061011904765, 36.82886904761905, 42.50853538663172, 44.80213117944726, 41.91151223647354, 40.514045434687645]","[38.5, 31.400000000000002, 29.1, 30.700000000000003, 25.6, 28.8, 32.7, 36.7, 32.300000000000004, 32.7]"
ga,6,16,47.24421085393777,35.830000000000005,89.6,1.788198949175862,5.8,12.882142857142856,23.174166666666668,10.292023809523808,True,0.0,hospital_corridor,28,12,"[11, 29, 47, 53, 61, 73, 89, 97, 101, 109]","[3.7571000197676865, 4.273292229160252, 0.8971855169094465, 0.5, 1.0]","{""time"": 1.0, ""collisions"": 0.05, ""congestion"": 1.0, ""fairness"": 0.5, ""incomplete_base"": 1000.0, ""incomplete_agent"": 10.0}","[75.2743258749283, 39.070238095238096, 39.52124103065884, 40.324128101945, 36.047374429223744, 37.77444471077021, 69.59964161057094, 55.909478021978025, 39.87877634660422, 39.04246031746032]","[49.800000000000004, 31.0, 29.200000000000003, 28.400000000000002, 29.200000000000003, 29.8, 57.300000000000004, 41.6, 30.5, 31.5]"
ga,6,17,42.16209204737893,30.959999999999997,97.8,2.0059015711884514,5.6,12.469285714285714,21.081666666666667,8.612380952380954,True,0.0,hospital_corridor,28,12,"[11, 29, 47, 53, 61, 73, 89, 97, 101, 109]","[3.8142272980400835, 4.376917376903837, 0.8648757953574676, 0.5, 1.0]","{""time"": 1.0, ""collisions"": 0.05, ""congestion"": 1.0, ""fairness"": 0.5, ""incomplete_base"": 1000.0, ""incomplete_agent"": 10.0}","[54.98478937728938, 42.24913003663004, 41.24519230769231, 42.682817869415814, 36.837001565332024, 36.34642857142857, 41.89023044997816, 43.52388547407094, 43.288381834215166, 38.573062987736904]","[32.5, 31.200000000000003, 31.200000000000003, 29.1, 28.900000000000002, 28.0, 32.7, 33.7, 32.4, 29.900000000000002]"
ga,6,18,45.1217413008644,36.480000000000004,36.8,1.7418603484834427,5.2,13.18357142857143,23.303333333333335,10.119761904761903,True,0.0,hospital_corridor,28,12,"[11, 29, 47, 53, 61, 73, 89, 97, 101, 109]","[3.612279996226736, 4.6497332054993, 0.9280714440741291, 0.5, 1.0]","{""time"": 1.0, ""collisions"": 0.05, ""congestion"": 1.0, ""fairness"": 0.5, ""incomplete_base"": 1000.0, ""incomplete_agent"": 10.0}","[62.92338709677419, 58.976488095238096, 36.03484181343771, 49.5795059215396, 35.57119047619048, 42.395321151716495, 42.5654761904762, 44.827318295739346, 38.99827361812893, 39.34561034940292]","[49.6, 48.0, 29.200000000000003, 38.6, 30.0, 34.4, 33.6, 38.0, 31.1, 32.300000000000004]"
ga,6,19,40.402790597048934,32.59,29.1,1.8438025018108317,5.0,12.855357142857144,21.883333333333336,9.027976190476192,True,0.0,hospital_corridor,28,12,"[11, 29, 47, 53, 61, 73, 89, 97, 101, 109]","[3.612279996226736, 4.548152411743283, 0.9280714440741291, 0.5, 1.0]","{""time"": 1.0, ""collisions"": 0.05, ""congestion"": 1.0, ""fairness"": 0.5, ""incomplete_base"": 1000.0, ""incomplete_agent"": 10.0}","[40.81613924050633, 47.43148301956442, 35.99898075668624, 36.916365979381446, 30.735193452380955, 36.97323059360731, 45.5236298292902, 48.58481116584565, 41.51614468864469, 39.53192724458205]","[31.6, 38.7, 29.200000000000003, 29.1, 25.6, 29.200000000000003, 37.1, 40.6, 32.5, 32.300000000000004]"
ga,6,20,43.547026853495595,33.66,68.5,1.777086377305125,5.4,12.904285714285715,22.274166666666666,9.369880952380953,True,0.0,hospital_corridor,28,12,"[11, 29, 47, 53, 61, 73, 89, 97, 101, 109]","[3.7866381692921505, 4.348394146046832, 0.907915900212296, 0.5, 1.0]","{""time"": 1.0, ""collisions"": 0.05, ""congestion"": 1.0, ""fairness"": 0.5, ""incomplete_base"": 1000.0, ""incomplete_agent"": 10.0}","[58.24656084656085, 44.56550715661987, 37.13383072407046, 37.34207470974256, 36.24944553163732, 37.9412962037962, 47.33212365591398, 50.35799740688355, 44.47978248936463, 41.82164981036662]","[40.5, 34.6, 29.200000000000003, 28.3, 29.200000000000003, 28.6, 37.2, 40.400000000000006, 34.7, 33.9]"
ga,6,21,46.780276203038085,32.459999999999994,157.4,1.8617047744666624,5.1,12.655357142857145,21.8325,9.177142857142856,True,0.0,hospital_corridor,28,12,"[11, 29, 47, 53, 61, 73, 89, 97, 101, 109]","[4.48379196257728, 4.2643342952375605, 0.9088909980816289, 0.5, 1.0]","{""time"": 1.0, ""collisions"": 0.05, ""congestion"": 1.0, ""fairness"": 0.5, ""incomplete_base"": 1000.0, ""incomplete_agent"": 10.0}","[64.13875140607425, 40.93772862086011, 38.40461822660099, 44.66672803141876, 51.16109022556391, 36.57783059266872, 52.325898628149325, 58.62916666666667, 42.356632653061226, 38.60431697931698]","[38.1, 28.900000000000002, 29.0, 29.1, 38.0, 27.8, 36.1, 38.5, 29.400000000000002, 29.700000000000003]"
ga,6,22,58.94458836373046,29.080000000000002,470.4,2.010183601825693,5.9,11.432857142857141,20.101666666666667,8.668809523809525,True,0.0,hospital_corridor,28,12,"[11, 29, 47, 53, 61, 73, 89, 97, 101, 109]","[3.726433857796227, 4.532585210151556, 0.7661113407166107, 0.5, 1.0]","{""time"": 1.0, ""collisions"": 0.05, ""congestion"": 1.0, ""fairness"": 0.5, ""incomplete_base"": 1000.0, ""incomplete_agent"": 10.0}","[85.76494596131968, 61.42582417582418, 50.45439528752678, 70.8398569830617, 47.23230221222347, 46.40942028985508, 59.87018535262206, 61.25604928017719, 55.37150455927053, 50.82139953542393]","[29.3, 31.200000000000003, 28.900000000000002, 29.8, 25.400000000000002, 27.6, 31.6, 30.1, 28.200000000000003, 28.700000000000003]"
ga,6,23,45.32025277117144,35.33,60.3,1.8590027711714392,5.4,12.867500000000001,23.1,10.2325,True,0.0,hospital_corridor,28,12,"[11, 29, 47, 53, 61, 73, 89, 97, 101, 109]","[3.7038925587075324, 4.482786355860519, 0.9015507431929, 0.5, 1.0]","{""time"": 1.0, ""collisions"": 0.05, ""congestion"": 1.0, ""fairness"": 0.5, ""incomplete_base"": 1000.0, ""incomplete_agent"": 10.0}","[60.97273809523809, 48.728355539106836, 44.610888380421805, 51.57718351468352, 35.8764157014157, 36.38712406015038, 42.33252294893861, 50.535785714285716, 42.37719181130396, 39.80432194616977]","[45.0, 38.6, 35.9, 40.7, 29.6, 28.5, 33.2, 37.5, 32.1, 32.2]"
ga,7,0,40.402790597048934,32.59,29.1,1.8438025018108317,5.0,12.855357142857144,21.883333333333336,9.027976190476192,True,0.0,hospital_corridor,28,12,"[11, 29, 47, 53, 61, 73, 89, 97, 101, 109]","[3.612279996226736, 4.548152411743283, 0.9280714440741291, 0.5, 1.0]","{""time"": 1.0, ""collisions"": 0.05, ""congestion"": 1.0, ""fairness"": 0.5, ""incomplete_base"": 1000.0, ""incomplete_agent"": 10.0}","[40.81613924050633, 47.43148301956442, 35.99898075668624, 36.916365979381446, 30.735193452380955, 36.97323059360731, 45.5236298292902, 48.58481116584565, 41.51614468864469, 39.53192724458205]","[31.6, 38.7, 29.200000000000003, 29.1, 25.6, 29.200000000000003, 37.1, 40.6, 32.5, 32.300000000000004]"
ga,7,1,40.402790597048934,32.59,29.1,1.8438025018108317,5.0,12.855357142857144,21.883333333333336,9.027976190476192,True,0.0,hospital_corridor,28,12,"[11, 29, 47, 53, 61, 73, 89, 97, 101, 109]","[3.612279996226736, 4.548152411743283, 0.9280714440741291, 0.5, 1.0]","{""time"": 1.0, ""collisions"": 0.05, ""congestion"": 1.0, ""fairness"": 0.5, ""incomplete_base"": 1000.0, ""incomplete_agent"": 10.0}","[40.81613924050633, 47.43148301956442, 35.99898075668624, 36.916365979381446, 30.735193452380955, 36.97323059360731, 45.5236298292902, 48.58481116584565, 41.51614468864469, 39.53192724458205]","[31.6, 38.7, 29.200000000000003, 29.1, 25.6, 29.200000000000003, 37.1, 40.6, 32.5, 32.300000000000004]"
ga,7,2,43.512436351875856,33.07000000000001,71.1,1.8780911137806153,5.4,12.459642857142857,22.47833333333333,10.018690476190477,True,0.0,hospital_corridor,28,12,"[11, 29, 47, 53, 61, 73, 89, 97, 101, 109]","[4.134180419310227, 4.490693328387154, 0.9268376750253925, 0.5, 1.0]","{""time"": 1.0, ""collisions"": 0.05, ""congestion"": 1.0, ""fairness"": 0.5, ""incomplete_base"": 1000.0, ""incomplete_agent"": 10.0}","[56.29419047619047, 51.94397980711272, 37.37400793650794, 41.69166666666667, 36.66905737704918, 41.37403100775194, 50.02536818851252, 42.623299818461106, 38.09501724718156, 39.03374499332443]","[37.5, 39.5, 28.8, 31.0, 30.5, 30.1, 38.800000000000004, 34.1, 28.3, 32.1]"
ga,7,3,42.23614194963006,33.54,43.4,1.856320521058631,5.1,13.222857142857142,22.562500000000004,9.339642857142858,True,0.0,hospital_corridor,28,12,"[11, 29, 47, 53, 61, 73, 89, 97, 101, 109]","[3.6658630213599612, 4.471212849526457, 0.9273922242686428, 0.5, 1.0]","{""time"": 1.0, ""collisions"": 0.05, ""congestion"": 1.0, ""fairness"": 0.5, ""incomplete_base"": 1000.0, ""incomplete_agent"": 10.0}","[50.44378078817734, 49.435738222903105, 41.69495880463622, 38.14187768752987, 32.671284893267654, 41.0550576979258, 45.09657861759663, 45.121768004722554, 38.695238095238096, 40.00513668430335]","[40.6, 37.300000000000004, 34.1, 29.900000000000002, 26.1, 32.6, 36.1, 36.300000000000004, 30.0, 32.4]"
ga,7,4,42.28670693215576,33.28000000000001,47.8,1.8727188369176582,5.6,12.702857142857145,22.190833333333337,9.487976190476191,True,0.0,hospital_corridor,28,12,"[11, 29, 47, 53, 61, 73, 89, 97, 101, 109]","[3.5734254997775676, 4.496456034769, 0.8933655956709039, 0.5, 1.0]","{""time"": 1.0, ""collisions"": 0.05, ""congestion"": 1.0, ""fairness"": 0.5, ""incomplete_base"": 1000.0, ""incomplete_agent"": 10.0}","[47.325248977707425, 36.90551948051948, 37.28268765133172, 45.688863060016914, 36.05108447488585, 36.74221835075494, 43.606352167732766, 56.37950899243818, 43.02947802197802, 39.856108144192255]","[36.1, 30.8, 29.5, 33.800000000000004, 29.200000000000003, 28.700000000000003, 33.5, 46.6, 32.5, 32.1]"
ga,7,5,40.359994571363,32.019999999999996,40.2,1.8513040951725384,5.8,12.479285714285716,21.436666666666664,8.957380952380952,True,0.0,hospital_corridor,28,12,"[11, 29, 47, 53, 61, 73, 89, 97, 101, 109]","[3.5816365612186947, 4.518187998704745, 0.8958175921307852, 0.5, 1.0]","{""time"": 1.0, ""collisions"": 0.05, ""congestion"": 1.0, ""fairness"": 0.5, ""incomplete_base"": 1000.0, ""incomplete_agent"": 10.0}","[53.13176991926992, 36.413013538748835, 36.815816326530616, 37.58696243203164, 32.37801771871539, 36.43167828106853, 44.11011904761905, 42.11472036028488, 45.36949109672199, 39.24835699263933]","[40.7, 30.6, 29.400000000000002, 28.900000000000002, 25.8, 28.700000000000003, 35.0, 34.1, 35.300000000000004, 31.700000000000003]"
ga,7,6,41.256006269063505,32.4,44.7,1.8229705547777904,5.2,12.426428571428573,22.0225,9.59607142857143,True,0.0,hospital_corridor,28,12,"[11, 29, 47, 53, 61, 73, 89, 97, 101, 109]","[3.8218781609550234, 4.434308534211209, 0.9141855083396258, 0.5, 1.0]","{""time"": 1.0, ""collisions"": 0.05, ""congestion"": 1.0, ""fairness"": 0.5, ""incomplete_base"": 1000.0, ""incomplete_agent"": 10.0}","[42.83873777988017, 50.704331594098605, 35.69995894909688, 40.455525606469, 34.89362420225822, 36.14162504162504, 43.12987677527151, 50.2091921119593, 37.653817733990145, 40.83337289598619]","[30.200000000000003, 39.7, 29.0, 31.8, 29.1, 28.6, 34.2, 39.300000000000004, 29.0, 33.1]"
ga,7,7,43.58568859209122,33.63,63.7,1.7464624016150285,5.5,12.323214285714286,22.37166666666667,10.04845238095238,True,0.0,hospital_corridor,28,12,"[11, 29, 47, 53, 61, 73, 89, 97, 101, 109]","[3.9005715682899145, 4.378431983927345, 0.9178134894268506, 0.5, 1.0]","{""time"": 1.0, ""collisions"": 0.05, ""congestion"": 1.0, ""fairness"": 0.5, ""incomplete_base"": 1000.0, ""incomplete_agent"": 10.0}","[59.646869488536154, 49.14386766334441, 39.07014563106796, 46.87802917903066, 34.85946244477173, 36.33823775989269, 41.4506968641115, 45.45878220140516, 43.07852077001013, 39.932273918741814]","[40.5, 38.7, 30.900000000000002, 33.7, 29.1, 28.400000000000002, 32.800000000000004, 36.6, 32.9, 32.7]"
ga,7,8,43.00999349493399,32.47,78.8,1.7951125425530357,5.3,12.241071428571429,21.850833333333334,9.609761904761907,True,0.0,hospital_corridor,28,12,"[11, 29, 47, 53, 61, 73, 89, 97, 101, 109]","[3.566183894362035, 4.348779690681135, 0.8634733322319174, 0.5, 1.0]","{""time"": 1.0, ""collisions"": 0.05, ""congestion"": 1.0, ""fairness"": 0.5, ""incomplete_base"": 1000.0, ""incomplete_agent"": 10.0}","[59.569076893052305, 49.53322510822511, 36.092123287671235, 41.18811315496099, 35.84244350282486, 38.86190476190477, 43.63108304297329, 45.142803030303035, 40.94383957466482, 39.295322592759504]","[36.6, 38.5, 29.200000000000003, 29.900000000000002, 29.5, 30.400000000000002, 32.800000000000004, 35.2, 30.900000000000002, 31.700000000000003]"
ga,7,9,41.82605964113741,32.51,55.0,1.9118929744707462,5.3,12.655000000000001,21.96333333333333,9.308333333333334,True,0.0,hospital_corridor,28,12,"[11, 29, 47, 53, 61, 73, 89, 97, 101, 109]","[3.740863005366635, 4.4378953793185865, 0.9036999197374646, 0.5, 1.0]","{""time"": 1.0, ""collisions"": 0.05, ""congestion"": 1.0, ""fairness"": 0.5, ""incomplete_base"": 1000.0, ""incomplete_agent"": 10.0}","[51.90686813186813, 39.89920634920635, 36.73952949780595, 47.64528026469444, 34.65187074829932, 36.404351106639844, 48.95848861283645, 44.51450126011407, 38.18663700774428, 39.35386343216532]","[36.4, 31.5, 29.3, 36.7, 29.400000000000002, 28.400000000000002, 36.800000000000004, 35.9, 28.900000000000002, 31.8]"
ga,7,10,43.4865662037956,32.69,85.7,1.9062685847479859,5.5,12.658571428571431,21.869166666666665,9.21059523809524,True,0.0,hospital_corridor,28,12,"[11, 29, 47, 53, 61, 73, 89, 97, 101, 109]","[3.736520399501887, 4.455851659517322, 0.8643376860113462, 0.5, 1.0]","{""time"": 1.0, ""collisions"": 0.05, ""congestion"": 1.0, ""fairness"": 0.5, ""incomplete_base"": 1000.0, ""incomplete_agent"": 10.0}","[56.67352400309718, 50.93410699292312, 38.779495073891624, 44.88833189902468, 36.032936507936505, 36.24898957803762, 42.461927223719684, 48.784457671957675, 39.743478260869566, 40.31841482649843]","[36.9, 39.7, 29.0, 33.2, 28.8, 28.1, 31.8, 37.800000000000004, 29.900000000000002, 31.700000000000003]"
ga,7,11,1180.4728388388971,36.620000000000005,2734.7,1.8399167609751312,5.7,11.251428571428573,19.80727272727273,8.555844155844158,False,0.1,hospital_corridor,28,12,"[11, 29, 47, 53, 61, 73, 89, 97, 101, 109]","[3.5928667169836634, 4.458093861166944, 0.5672411573229807, 0.5, 1.0]","{""time"": 1.0, ""collisions"": 0.05, ""congestion"": 1.0, ""fairness"": 0.5, ""incomplete_base"": 1000.0, ""incomplete_agent"": 10.0}","[1278.568077922078, 175.35100250626564, 145.331220657277, 158.21791288421724, 175.83310985043835, 137.30082985749044, 181.33474426807763, 224.80058949624865, 150.94262422360248, 177.0482767232767]","[100.0, 28.5, 28.400000000000002, 29.900000000000002, 27.700000000000003, 27.400000000000002, 32.4, 31.1, 32.2, 28.6]"
ga,7,12,43.06660698518066,31.930000000000007,95.2,1.7723212708949425,5.2,11.923928571428572,21.1325,9.208571428571428,True,0.0,hospital_corridor,28,12,"[11, 29, 47, 53, 61, 73, 89, 97, 101, 109]","[4.028170522671535, 4.438280923952889, 0.859257351757086, 0.5, 1.0]","{""time"": 1.0, ""collisions"": 0.05, ""congestion"": 1.0, ""fairness"": 0.5, ""incomplete_base"": 1000.0, ""incomplete_agent"": 10.0}","[65.81518345042936, 46.30103519668737, 37.3251256384907, 45.28726872914771, 36.185452961672475, 36.11013824884793, 39.462249373433586, 46.935139514258424, 39.05050102774923, 38.193975711089806]","[42.7, 36.800000000000004, 28.900000000000002, 31.400000000000002, 28.700000000000003, 27.900000000000002, 30.400000000000002, 34.9, 27.8, 29.8]"
ga,7,13,42.16209204737893,30.959999999999997,97.8,2.0059015711884514,5.6,12.469285714285714,21.081666666666667,8.612380952380954,True,0.0,hospital_corridor,28,12,"[11, 29, 47, 53, 61, 73, 89, 97, 101, 109]","[3.8142272980400835, 4.376917376903837, 0.8648757953574676, 0.5, 1.0]","{""time"": 1.0, ""collisions"": 0.05, ""congestion"": 1.0, ""fairness"": 0.5, ""incomplete_base"": 1000.0, ""incomplete_agent"": 10.0}","[54.98478937728938, 42.24913003663004, 41.24519230769231, 42.682817869415814, 36.837001565332024, 36.34642857142857, 41.89023044997816, 43.52388547407094, 43.288381834215166, 38.573062987736904]","[32.5, 31.200000000000003, 31.200000000000003, 29.1, 28.900000000000002, 28.0, 32.7, 33.7, 32.4, 29.900000000000002]"
ga,7,14,42.64607058192358,32.029999999999994,86.0,1.9179753438283562,5.4,12.602142857142857,21.398333333333333,8.796190476190475,True,0.0,hospital_corridor,28,12,"[11, 29, 47, 53, 61, 73, 89, 97, 101, 109]","[4.047113839496575, 4.469789996446278, 0.8763171123477589, 0.5, 1.0]","{""time"": 1.0, ""collisions"": 0.05, ""congestion"": 1.0, ""fairness"": 0.5, ""incomplete_base"": 1000.0, ""incomplete_agent"": 10.0}","[55.83701737451737, 43.72903981264637, 39.140239726027396, 41.84932306255836, 38.52477015558699, 36.564982269503545, 46.67974559686889, 42.137651900522826, 38.17799295774648, 43.81994296325773]","[37.0, 30.5, 29.200000000000003, 30.6, 30.3, 28.200000000000003, 36.5, 33.7, 28.400000000000002, 35.9]"
ga,7,15,44.31751457975354,32.75000000000001,98.2,1.9054312464202006,5.5,12.709999999999999,22.214166666666664,9.504166666666668,True,0.0,hospital_corridor,28,12,"[11, 29, 47, 53, 61, 73, 89, 97, 101, 109]","[3.5921716683000326, 4.055159889416936, 0.8763171123477589, 0.5, 1.0]","{""time"": 1.0, ""collisions"": 0.05, ""congestion"": 1.0, ""fairness"": 0.5, ""incomplete_base"": 1000.0, ""incomplete_agent"": 10.0}","[62.99485607675906, 43.745248820248825, 38.32151389566066, 43.83135382059801, 35.94991789819376, 37.83551587301587, 44.75906219630709, 53.78806274370791, 41.290240863787375, 40.65937360925679]","[40.2, 33.300000000000004, 29.3, 30.1, 29.0, 28.8, 34.300000000000004, 40.300000000000004, 30.1, 32.1]"
ga,7,16,42.755661479164054,32.85,68.6,1.903994812497388,5.7,13.2025,22.34583333333334,9.143333333333333,True,0.0,hospital_corridor,28,12,"[11, 29, 47, 53, 61, 73, 89, 97, 101, 109]","[3.5928550022669037, 4.491756137053439, 0.9100523807642835, 0.5, 1.0]","{""time"": 1.0, ""collisions"": 0.05, ""congestion"": 1.0, ""fairness"": 0.5, ""incomplete_base"": 1000.0, ""incomplete_agent"": 10.0}","[69.12726084890718, 37.522456709956714, 36.84132653061224, 39.77495090819833, 35.100337506136476, 38.59012605042017, 44.92002801120448, 44.35965427266797, 41.942808322066995, 39.37766563146998]","[45.1, 30.8, 29.400000000000002, 29.1, 29.1, 30.6, 34.0, 36.5, 31.700000000000003, 32.2]"
ga,7,17,41.051384288821986,32.21,46.2,1.8681104792981749,5.8,12.541785714285716,21.86833333333334,9.32654761904762,True,0.0,hospital_corridor,28,12,"[11, 29, 47, 53, 61, 73, 89, 97, 101, 109]","[3.6115966622598648, 4.526186271136122, 0.8943361756576045, 0.5, 1.0]","{""time"": 1.0, ""collisions"": 0.05, ""congestion"": 1.0, ""fairness"": 0.5, ""incomplete_base"": 1000.0, ""incomplete_agent"": 10.0}","[47.51957034938622, 37.00795985060691, 37.65064602632862, 40.781103614084074, 36.87006802721089, 36.31618757259001, 44.40627580511974, 52.00075630252101, 37.96510800196367, 39.99616733840872]","[35.300000000000004, 30.6, 29.3, 30.700000000000003, 29.400000000000002, 28.700000000000003, 34.6, 42.5, 29.1, 31.900000000000002]"
ga,7,18,47.095968649833175,35.14,103.7,1.7959091260236435,5.7,12.945714285714285,22.895833333333336,9.950119047619049,True,0.0,hospital_corridor,28,12,"[11, 29, 47, 53, 61, 73, 89, 97, 101, 109]","[3.659812807148132, 4.389433674288312, 0.8620565251780434, 0.5, 1.0]","{""time"": 1.0, ""collisions"": 0.05, ""congestion"": 1.0, ""fairness"": 0.5, ""incomplete_base"": 1000.0, ""incomplete_agent"": 10.0}","[80.7720864661654, 42.860119047619044, 40.2156146179402, 46.90335276967931, 35.521811806914556, 36.95910039273441, 60.208549783549785, 48.66698152812763, 39.53335187015983, 39.31871821544153]","[49.400000000000006, 33.6, 30.1, 34.300000000000004, 29.200000000000003, 29.1, 46.2, 39.7, 28.900000000000002, 30.900000000000002]"
ga,7,19,46.73015133637742,35.220000000000006,95.0,1.6781275268536,5.4,12.596785714285716,22.760833333333334,10.16404761904762,True,0.0,hospital_corridor,28,12,"[11, 29, 47, 53, 61, 73, 89, 97, 101, 109]","[3.6760360402497545, 4.445857598809463, 0.8628483550390604, 0.5, 1.0]","{""time"": 1.0, ""collisions"": 0.05, ""congestion"": 1.0, ""fairness"": 0.5, ""incomplete_base"": 1000.0, ""incomplete_agent"": 10.0}","[54.24476190476191, 57.546130952380956, 36.82709253804615, 56.72865707434053, 35.928242320819116, 36.656631455399065, 62.823887163561075, 48.165456833139764, 38.1517131242741, 40.22893999705146]","[35.0, 44.800000000000004, 29.1, 41.7, 29.3, 28.400000000000002, 46.0, 36.9, 28.700000000000003, 32.300000000000004]"
ga,7,20,43.79118127463147,35.230000000000004,29.3,1.9555860365362232,5.2,13.362142857142857,23.643333333333338,10.281190476190478,True,0.0,hospital_corridor,28,12,"[11, 29, 47, 53, 61, 73, 89, 97, 101, 109]","[3.568770153106151, 4.87158411061124, 0.9117209428375924, 0.5, 1.0]","{""time"": 1.0, ""collisions"": 0.05, ""congestion"": 1.0, ""fairness"": 0.5, ""incomplete_base"": 1000.0, ""incomplete_agent"": 10.0}","[51.84285714285714, 42.12911399072903, 40.533177655677655, 40.049843358396, 37.01501937984496, 38.207499999999996, 42.52415966386555, 44.51597304210941, 58.34532241014799, 42.74884610268689]","[42.0, 33.9, 32.5, 30.400000000000002, 30.1, 30.0, 34.0, 36.300000000000004, 47.300000000000004, 35.800000000000004]"
ga,7,21,1218.470693815103,100.0,11.0,0.4227,3.9,13.754923985955566,22.75091161616162,8.995987630206054,False,11.3,hospital_corridor,28,12,"[11, 29, 47, 53, 61, 73, 89, 97, 101, 109]","[3.661322291303647, 4.697352412181557, 1.3021726834072238, 0.5, 1.0]","{""time"": 1.0, ""collisions"": 0.05, ""congestion"": 1.0, ""fairness"": 0.5, ""incomplete_base"": 1000.0, ""incomplete_agent"": 10.0}","[1187.1745064935064, 1267.0555714285715, 1205.0071587301588, 1223.2021988304093, 1224.3328187134503, 1224.888181818182, 1176.08375, 1206.993, 1191.9263076923078, 1278.0434444444445]","[100.0, 100.0, 100.0, 100.0, 100.0, 100.0, 100.0, 100.0, 100.0, 100.0]"
ga,7,22,42.61313134681214,33.88000000000001,42.7,1.7936670610978411,5.2,12.92607142857143,22.535000000000004,9.60892857142857,True,0.0,hospital_corridor,28,12,"[11, 29, 47, 53, 61, 73, 89, 97, 101, 109]","[3.6873103796402718, 4.6935392566102285, 0.9241611051311651, 0.5, 1.0]","{""time"": 1.0, ""collisions"": 0.05, ""congestion"": 1.0, ""fairness"": 0.5, ""incomplete_base"": 1000.0, ""incomplete_agent"": 10.0}","[58.262531328320804, 43.11661208896166, 37.93914092664093, 50.330104487838305, 35.75684225195095, 38.84667500758266, 42.52492774566474, 41.43123177842566, 38.487223008015086, 39.4360248447205]","[39.900000000000006, 34.9, 29.6, 41.7, 29.900000000000002, 31.400000000000002, 34.6, 34.300000000000004, 30.3, 32.2]"
ga,7,23,41.46374972591565,32.400000000000006,48.7,1.7986306782965873,5.1,12.416428571428572,22.07666666666667,9.660238095238094,True,0.0,hospital_corridor,28,12,"[11, 29, 47, 53, 61, 73, 89, 97, 101, 109]","[3.8035167537626275, 4.413753766170328, 0.9261584552199061, 0.5, 1.0]","{""time"": 1.0, ""collisions"": 0.05, ""congestion"": 1.0, ""fairness"": 0.5, ""incomplete_base"": 1000.0, ""incomplete_agent"": 10.0}","[50.86600435949027, 43.81716584328256, 36.41968581246932, 36.995314083080046, 35.61252405002405, 39.83022875816994, 49.022032874063335, 43.54860826852231, 39.30429125138428, 39.22164195867026]","[35.5, 34.7, 29.1, 28.200000000000003, 29.700000000000003, 30.6, 39.400000000000006, 34.9, 30.1, 31.8]"
ga,8,0,40.359994571363,32.019999999999996,40.2,1.8513040951725384,5.8,12.479285714285716,21.436666666666664,8.957380952380952,True,0.0,hospital_corridor,28,12,"[11, 29, 47, 53, 61, 73, 89, 97, 101, 109]","[3.5816365612186947, 4.518187998704745, 0.8958175921307852, 0.5, 1.0]","{""time"": 1.0, ""collisions"": 0.05, ""congestion"": 1.0, ""fairness"": 0.5, ""incomplete_base"": 1000.0, ""incomplete_agent"": 10.0}","[53.13176991926992, 36.413013538748835, 36.815816326530616, 37.58696243203164, 32.37801771871539, 36.43167828106853, 44.11011904761905, 42.11472036028488, 45.36949109672199, 39.24835699263933]","[40.7, 30.6, 29.400000000000002, 28.900000000000002, 25.8, 28.700000000000003, 35.0, 34.1, 35.300000000000004, 31.700000000000003]"
ga,8,1,40.402790597048934,32.59,29.1,1.8438025018108317,5.0,12.855357142857144,21.883333333333336,9.027976190476192,True,0.0,hospital_corridor,28,12,"[11, 29, 47, 53, 61, 73, 89, 97, 101, 109]","[3.612279996226736, 4.548152411743283, 0.9280714440741291, 0.5, 1.0]","{""time"": 1.0, ""collisions"": 0.05, ""congestion"": 1.0, ""fairness"": 0.5, ""incomplete_base"": 1000.0, ""incomplete_agent"": 10.0}","[40.81613924050633, 47.43148301956442, 35.99898075668624, 36.916365979381446, 30.735193452380955, 36.97323059360731, 45.5236298292902, 48.58481116584565, 41.51614468864469, 39.53192724458205]","[31.6, 38.7, 29.200000000000003, 29.1, 25.6, 29.200000000000003, 37.1, 40.6, 32.5, 32.300000000000004]"
ga,8,2,40.359994571363,32.019999999999996,40.2,1.8513040951725384,5.8,12.479285714285716,21.436666666666664,8.957380952380952,True,0.0,hospital_corridor,28,12,"[11, 29, 47, 53, 61, 73, 89, 97, 101, 109]","[3.5816365612186947, 4.518187998704745, 0.8958175921307852, 0.5, 1.0]","{""time"": 1.0, ""collisions"": 0.05, ""congestion"": 1.0, ""fairness"": 0.5, ""incomplete_base"": 1000.0, ""incomplete_agent"": 10.0}","[53.13176991926992, 36.413013538748835, 36.815816326530616, 37.58696243203164, 32.37801771871539, 36.43167828106853, 44.11011904761905, 42.11472036028488, 45.36949109672199, 39.24835699263933]","[40.7, 30.6, 29.400000000000002, 28.900000000000002, 25.8, 28.700000000000003, 35.0, 34.1, 35.300000000000004, 31.700000000000003]"
ga,8,3,40.402790597048934,32.59,29.1,1.8438025018108317,5.0,12.855357142857144,21.883333333333336,9.027976190476192,True,0.0,hospital_corridor,28,12,"[11, 29, 47, 53, 61, 73, 89, 97, 101, 109]","[3.612279996226736, 4.548152411743283, 0.9280714440741291, 0.5, 1.0]","{""time"": 1.0, ""collisions"": 0.05, ""congestion"": 1.0, ""fairness"": 0.5, ""incomplete_base"": 1000.0, ""incomplete_agent"": 10.0}","[40.81613924050633, 47.43148301956442, 35.99898075668624, 36.916365979381446, 30.735193452380955, 36.97323059360731, 45.5236298292902, 48.58481116584565, 41.51614468864469, 39.53192724458205]","[31.6, 38.7, 29.200000000000003, 29.1, 25.6, 29.200000000000003, 37.1, 40.6, 32.5, 32.300000000000004]"
ga,8,4,40.359994571363,32.019999999999996,40.2,1.8513040951725384,5.8,12.479285714285716,21.436666666666664,8.957380952380952,True,0.0,hospital_corridor,28,12,"[11, 29, 47, 53, 61, 73, 89, 97, 101, 109]","[3.5816365612186947, 4.518187998704745, 0.8958175921307852, 0.5, 1.0]","{""time"": 1.0, ""collisions"": 0.05, ""congestion"": 1.0, ""fairness"": 0.5, ""incomplete_base"": 1000.0, ""incomplete_agent"": 10.0}","[53.13176991926992, 36.413013538748835, 36.815816326530616, 37.58696243203164, 32.37801771871539, 36.43167828106853, 44.11011904761905, 42.11472036028488, 45.36949109672199, 39.24835699263933]","[40.7, 30.6, 29.400000000000002, 28.900000000000002, 25.8, 28.700000000000003, 35.0, 34.1, 35.300000000000004, 31.700000000000003]"
ga,8,5,45.64243327874293,32.81,122.3,1.8677904216000667,5.6,12.293214285714289,21.9925,9.699285714285713,True,0.0,hospital_corridor,28,12,"[11, 29, 47, 53, 61, 73, 89, 97, 101, 109]","[3.8142272980400835, 4.171724740333754, 0.8648757953574676, 0.5, 1.0]","{""time"": 1.0, ""collisions"": 0.05, ""congestion"": 1.0, ""fairness"": 0.5, ""incomplete_base"": 1000.0, ""incomplete_agent"": 10.0}","[67.24218426501035, 47.416865079365074, 38.139986953685586, 52.12294497049541, 36.44499128919861, 36.60844983901034, 51.02742413027387, 48.19296218487395, 39.0089942382647, 40.21952983725136]","[39.1, 36.0, 29.200000000000003, 34.7, 28.700000000000003, 28.1, 38.6, 34.0, 28.1, 31.6]"
ga,8,6,40.75807266817225,31.890000000000004,50.4,1.8182512396008144,5.2,12.650357142857143,21.71,9.059642857142858,True,0.0,hospital_corridor,28,12,"[11, 29, 47, 53, 61, 73, 89, 97, 101, 109]","[3.8044816523207756, 4.430311180957013, 0.9176842934392786, 0.5, 1.0]","{""time"": 1.0, ""collisions"": 0.05, ""congestion"": 1.0, ""fairness"": 0.5, ""incomplete_base"": 1000.0, ""incomplete_agent"": 10.0}","[48.55245659037096, 42.11566849816849, 37.025170068027215, 39.571055088702145, 35.22627551020408, 36.23947015425889, 45.692872318899234, 45.062190742218675, 38.3418474727775, 39.75372023809524]","[36.2, 32.5, 29.400000000000002, 30.6, 29.400000000000002, 28.400000000000002, 35.300000000000004, 35.800000000000004, 29.3, 32.0]"
ga,8,7,45.17416145071502,32.720000000000006,118.0,1.8115424030959641,5.0,12.328928571428571,21.814166666666665,9.485238095238097,True,0.0,hospital_corridor,28,12,"[11, 29, 47, 53, 61, 73, 89, 97, 101, 109]","[4.419935471741356, 4.417751119424524, 0.9226596701202533, 0.5, 1.0]","{""time"": 1.0, ""collisions"": 0.05, ""congestion"": 1.0, ""fairness"": 0.5, ""incomplete_base"": 1000.0, ""incomplete_agent"": 10.0}","[78.68883693432227, 49.91085164835165, 36.282235541275334, 40.86762883235486, 34.970221327967806, 36.47857142857143, 52.76439816480749, 40.895558608058614, 40.75513367463026, 40.12817834681042]","[44.300000000000004, 36.4, 28.900000000000002, 29.200000000000003, 28.400000000000002, 28.0, 39.7, 31.200000000000003, 29.3, 31.8]"
ga,8,8,48.52327766394817,32.33,189.0,1.980122902043408,5.6,12.367857142857144,21.894166666666667,9.526309523809527,True,0.0,hospital_corridor,28,12,"[11, 29, 47, 53, 61, 73, 89, 97, 101, 109]","[3.6162555990884635, 4.425483511298238, 0.8205890792162295, 0.5, 1.0]","{""time"": 1.0, ""collisions"": 0.05, ""congestion"": 1.0, ""fairness"": 0.5, ""incomplete_base"": 1000.0, ""incomplete_agent"": 10.0}","[68.3654569892473, 46.23941511387164, 45.03569921639542, 62.07057593307593, 39.71843607305936, 36.84365942028985, 53.195378151260506, 49.80446762974853, 44.42490920096852, 39.53477891156463]","[37.2, 32.2, 31.6, 37.0, 29.200000000000003, 27.6, 34.0, 35.6, 29.5, 29.400000000000002]"
ga,8,9,41.29781640107659,32.769999999999996,40.4,1.771387829648019,5.2,12.374642857142858,21.8475,9.472857142857142,True,0.0,hospital_corridor,28,12,"[11, 29, 47, 53, 61, 73, 89, 97, 101, 109]","[3.798857816934029, 4.514456526008211, 0.9197585691789781, 0.5, 1.0]","{""time"": 1.0, ""collisions"": 0.05, ""congestion"": 1.0, ""fairness"": 0.5, ""incomplete_base"": 1000.0, ""incomplete_agent"": 10.0}","[52.9123851824994, 43.041030728530735, 35.96713875205255, 41.84625126646402, 35.79380630630631, 41.38603896103896, 40.63084215167548, 43.89405600268277, 38.35006704046806, 39.156547619047615]","[39.400000000000006, 35.1, 29.0, 32.9, 29.6, 33.0, 32.4, 35.5, 29.3, 31.5]"
ga,8,10,43.57776987398404,35.35,29.8,1.705210350174509,5.1,12.825714285714287,22.890833333333337,10.06511904761905,True,0.0,hospital_corridor,28,12,"[11, 29, 47, 53, 61, 73, 89, 97, 101, 109]","[3.612279996226736, 4.706266984266474, 0.9280714440741291, 0.5, 1.0]","{""time"": 1.0, ""collisions"": 0.05, ""congestion"": 1.0, ""fairness"": 0.5, ""incomplete_base"": 1000.0, ""incomplete_agent"": 10.0}","[69.07850529100529, 43.323914565826335, 36.4032227032227, 36.959523809523816, 30.989543114543117, 37.11638834714773, 41.75564686051411, 45.03822786408993, 45.711424731182795, 49.40130145278451]","[54.0, 35.7, 29.700000000000003, 28.8, 25.900000000000002, 29.3, 33.9, 37.7, 37.2, 41.300000000000004]"
ga,8,11,41.45521254608444,32.0,58.3,1.8491411175130135,5.3,12.312857142857144,21.695000000000004,9.38214285714286,True,0.0,hospital_corridor,28,12,"[11, 29, 47, 53, 61, 73, 89, 97, 101, 109]","[4.103748628926493, 4.548152411743283, 0.9280714440741291, 0.5, 1.0]","{""time"": 1.0, ""collisions"": 0.05, ""congestion"": 1.0, ""fairness"": 0.5, ""incomplete_base"": 1000.0, ""incomplete_agent"": 10.0}","[56.03928571428572, 43.3884019865615, 36.860218253968256, 35.94282920749527, 36.13401067323481, 41.07842028660995, 45.24935897435897, 42.41888694127958, 37.943353174603175, 39.497360248447215]","[40.0, 32.6, 28.8, 27.700000000000003, 29.0, 31.900000000000002, 36.4, 32.6, 28.8, 32.2]"
ga,8,12,44.22092009583189,35.36,37.7,1.7044915244033205,5.4,13.234642857142855,23.777500000000003,10.542857142857141,True,0.0,hospital_corridor,28,12,"[11, 29, 47, 53, 61, 73, 89, 97, 101, 109]","[3.244428685676974, 4.735073571130219, 0.8875506397018907, 0.5, 1.0]","{""time"": 1.0, ""collisions"": 0.05, ""congestion"": 1.0, ""fairness"": 0.5, ""incomplete_base"": 1000.0, ""incomplete_agent"": 10.0}","[59.21781746031746, 45.02567795510575, 36.68103364212579, 59.651382163034704, 32.433188484519285, 37.41928893178893, 44.91775653923541, 46.09724702380954, 39.055120203421176, 41.71068855496089]","[45.0, 36.7, 29.3, 47.2, 26.3, 29.6, 35.5, 38.400000000000006, 30.900000000000002, 34.7]"
ga,8,13,42.32661540036805,31.85,78.1,1.8889963527489981,5.5,12.233928571428573,21.59916666666667,9.365238095238096,True,0.0,hospital_corridor,28,12,"[11, 29, 47, 53, 61, 73, 89, 97, 101, 109]","[3.753272022437508, 4.478411218530348, 0.873142747786362, 0.5, 1.0]","{""time"": 1.0, ""collisions"": 0.05, ""congestion"": 1.0, ""fairness"": 0.5, ""incomplete_base"": 1000.0, ""incomplete_agent"": 10.0}","[65.60450310559007, 41.556851570415404, 39.45342415316642, 39.74118404118404, 35.95246305418719, 37.23031678773204, 40.05017281105991, 45.69728260869565, 37.72157077848205, 40.25838509316771]","[41.400000000000006, 32.9, 29.1, 29.6, 29.0, 29.5, 31.0, 34.5, 29.3, 32.2]"
ga,8,14,42.06321586022499,32.970000000000006,53.6,1.8136920507011787,5.4,12.794285714285715,21.993333333333332,9.199047619047619,True,0.0,hospital_corridor,28,12,"[11, 29, 47, 53, 61, 73, 89, 97, 101, 109]","[3.586395951939699, 4.462317124687027, 0.8903494661474074, 0.5, 1.0]","{""time"": 1.0, ""collisions"": 0.05, ""congestion"": 1.0, ""fairness"": 0.5, ""incomplete_base"": 1000.0, ""incomplete_agent"": 10.0}","[57.37842398427261, 37.459504608294935, 37.03276255707763, 46.12160148975792, 35.546262886597944, 36.047067363530786, 42.846428571428575, 45.2055900621118, 43.554093631317556, 39.440423447860155]","[43.6, 31.0, 29.200000000000003, 35.800000000000004, 29.1, 28.700000000000003, 33.6, 34.5, 32.6, 31.6]"
ga,8,15,43.778034577722494,33.16,80.9,1.8635107681986889,5.4,12.651785714285715,22.070833333333333,9.41904761904762,True,0.0,hospital_corridor,28,12,"[11, 29, 47, 53, 61, 73, 89, 97, 101, 109]","[3.591384604682201, 4.41264883713023, 0.8674600417421144, 0.5, 1.0]","{""time"": 1.0, ""collisions"": 0.05, ""congestion"": 1.0, ""fairness"": 0.5, ""incomplete_base"": 1000.0, ""incomplete_agent"": 10.0}","[58.224572322226486, 46.30575722092115, 36.6990675280351, 48.18778957528957, 36.5555387409201, 36.98778605081609, 42.74496904024768, 52.28766233766234, 39.96030701754386, 39.826895943562604]","[37.300000000000004, 36.6, 29.3, 37.0, 29.5, 28.3, 32.300000000000004, 38.5, 30.400000000000002, 32.4]"
ga,8,16,1055.647885898656,39.72,54.1,1.7093620891322359,5.4,12.638785714285714,21.665833333333335,9.027047619047618,False,0.7,hospital_corridor,28,12,"[11, 29, 47, 53, 61, 73, 89, 97, 101, 109]","[3.746807410069122, 4.459145443898778, 0.9233651168395887, 0.5, 1.0]","{""time"": 1.0, ""collisions"": 0.05, ""congestion"": 1.0, ""fairness"": 0.5, ""incomplete_base"": 1000.0, ""incomplete_agent"": 10.0}","[56.34003164556962, 41.045374617737004, 35.88305609915199, 36.113433075933074, 34.78742937853107, 39.5542242703533, 41.00048701298701, 1179.886, 49.42291666666667, 42.445906219630714]","[39.5, 32.7, 29.200000000000003, 29.6, 29.5, 31.0, 33.0, 100.0, 38.400000000000006, 34.300000000000004]"
ga,8,17,41.23256328486796,32.410000000000004,52.2,1.7407775705822406,5.4,12.613928571428572,21.557499999999997,8.94357142857143,True,0.0,hospital_corridor,28,12,"[11, 29, 47, 53, 61, 73, 89, 97, 101, 109]","[3.7409337722458624, 4.446375939838888, 0.9182126157686799, 0.5, 1.0]","{""time"": 1.0, ""collisions"": 0.05, ""congestion"": 1.0, ""fairness"": 0.5, ""incomplete_base"": 1000.0, ""incomplete_agent"": 10.0}","[56.668116005616014, 42.33426717992586, 35.7690065681445, 40.29816484101627, 36.10242921492922, 37.01736144969934, 41.86220514521599, 44.12408675799087, 39.12208688111006, 39.027908805031444]","[40.7, 33.4, 29.0, 31.3, 29.6, 29.3, 32.300000000000004, 36.5, 30.200000000000003, 31.8]"
ga,8,18,41.90466324686255,32.730000000000004,53.1,1.7949608659101652,5.4,12.478928571428572,21.928333333333335,9.449404761904765,True,0.0,hospital_corridor,28,12,"[11, 29, 47, 53, 61, 73, 89, 97, 101, 109]","[3.8035167537626275, 4.413753766170328, 0.9122218182575266, 0.5, 1.0]","{""time"": 1.0, ""collisions"": 0.05, ""congestion"": 1.0, ""fairness"": 0.5, ""incomplete_base"": 1000.0, ""incomplete_agent"": 10.0}","[49.06511175898931, 42.394439692044486, 37.71659302896417, 40.19447040498443, 36.97243824150821, 39.3036866359447, 42.50100195503421, 41.973116560056866, 49.66068980291346, 39.26508438818566]","[34.300000000000004, 33.4, 29.1, 32.1, 29.3, 31.0, 34.1, 33.5, 38.900000000000006, 31.6]"
ga,8,19,42.50648236799849,32.83,61.2,1.9811252251413443,5.9,12.746785714285714,22.0175,9.270714285714286,True,0.0,hospital_corridor,28,12,"[11, 29, 47, 53, 61, 73, 89, 97, 101, 109]","[3.6520978829327326, 4.4378953793185865, 0.9036999197374646, 0.5, 1.0]","{""time"": 1.0, ""collisions"": 0.05, ""congestion"": 1.0, ""fairness"": 0.5, ""incomplete_base"": 1000.0, ""incomplete_agent"": 10.0}","[66.58781929990539, 41.520501107419705, 36.76749670456418, 40.34506658595641, 35.758202179176756, 36.38581349206349, 43.53013565891473, 41.80442022730543, 42.76698014629049, 39.59838827838828]","[45.300000000000004, 34.4, 28.900000000000002, 29.5, 29.5, 28.8, 34.4, 33.1, 31.900000000000002, 32.5]"
ga,8,20,1221.487302617953,100.0,10.8,0.4403,3.9,14.855062224411295,25.86906746031746,11.014005235906165,False,11.5,hospital_corridor,28,12,"[11, 29, 47, 53, 61, 73, 89, 97, 101, 109]","[3.659970127793449, 4.4582435748257945, 1.4242253722543943, 0.5, 1.0]","{""time"": 1.0, ""collisions"": 0.05, ""congestion"": 1.0, ""fairness"": 0.5, ""incomplete_base"": 1000.0, ""incomplete_agent"": 10.0}","[1205.2775, 1256.6663333333333, 1214.6927222222223, 1263.722806722689, 1221.1604210526316, 1207.5137727272727, 1177.1450555555555, 1216.1751666666667, 1184.9515, 1267.5677478991597]","[100.0, 100.0, 100.0, 100.0, 100.0, 100.0, 100.0, 100.0, 100.0, 100.0]"
ga,8,21,1175.4374887341714,36.01,2646.9,1.832964924647546,6.0,11.051785714285716,19.550833333333337,8.49904761904762,False,0.1,hospital_corridor,28,12,"[11, 29, 47, 53, 61, 73, 89, 97, 101, 109]","[3.7306781862677254, 4.4726026187646575, 0.5, 0.5, 1.0]","{""time"": 1.0, ""collisions"": 0.05, ""congestion"": 1.0, ""fairness"": 0.5, ""incomplete_base"": 1000.0, ""incomplete_agent"": 10.0}","[1274.2885714285715, 179.676802481556, 133.49471857647654, 155.46444417357387, 159.99091298389862, 132.36318647897116, 204.62918304936653, 228.29043599755016, 124.39832290580466, 161.77830926594464]","[100.0, 28.400000000000002, 28.3, 29.3, 27.8, 27.400000000000002, 32.7, 31.1, 27.400000000000002, 27.700000000000003]"
ga,8,22,45.549250147156755,34.809999999999995,82.1,1.8182977662043818,5.2,13.27892857142857,22.910833333333336,9.631904761904764,True,0.0,hospital_corridor,28,12,"[11, 29, 47, 53, 61, 73, 89, 97, 101, 109]","[3.7596021598502105, 4.460269028434942, 0.9265411310146119, 0.5, 1.0]","{""time"": 1.0, ""collisions"": 0.05, ""congestion"": 1.0, ""fairness"": 0.5, ""incomplete_base"": 1000.0, ""incomplete_agent"": 10.0}","[68.96175450762829, 61.26369047619048, 48.02004219409283, 38.9598234260147, 37.68873029144768, 36.868433971526755, 43.257407789705475, 43.57836617405583, 37.421135996771596, 39.473116644133995]","[41.2, 48.0, 39.5, 29.8, 29.900000000000002, 29.1, 34.6, 34.800000000000004, 29.5, 31.700000000000003]"
ga,8,23,1223.4534315512863,100.0,8.7,0.3856,3.5,13.469535310125929,22.735198412698416,9.265663102572487,False,11.8,hospital_corridor,28,12,"[11, 29, 47, 53, 61, 73, 89, 97, 101, 109]","[3.656194590139153, 4.917641302325577, 1.2249949335784176, 0.5, 1.0]","{""time"": 1.0, ""collisions"": 0.05, ""congestion"": 1.0, ""fairness"": 0.5, ""incomplete_base"": 1000.0, ""incomplete_agent"": 10.0}","[1196.2055238095238, 1276.3552857142856, 1185.4312415458937, 1222.8773391812865, 1244.1873233082706, 1273.5683333333334, 1177.0928241758243, 1207.4335, 1164.9695555555556, 1286.413388888889]","[100.0, 100.0, 100.0, 100.0, 100.0, 100.0, 100.0, 100.0, 100.0, 100.0]"
ga,9,0,40.359994571363,32.019999999999996,40.2,1.8513040951725384,5.8,12.479285714285716,21.436666666666664,8.957380952380952,True,0.0,hospital_corridor,28,12,"[11, 29, 47, 53, 61, 73, 89, 97, 101, 109]","[3.5816365612186947, 4.518187998704745, 0.8958175921307852, 0.5, 1.0]","{""time"": 1.0, ""collisions"": 0.05, ""congestion"": 1.0, ""fairness"": 0.5, ""incomplete_base"": 1000.0, ""incomplete_agent"": 10.0}","[53.13176991926992, 36.413013538748835, 36.815816326530616, 37.58696243203164, 32.37801771871539, 36.43167828106853, 44.11011904761905, 42.11472036028488, 45.36949109672199, 39.24835699263933]","[40.7, 30.6, 29.400000000000002, 28.900000000000002, 25.8, 28.700000000000003, 35.0, 34.1, 35.300000000000004, 31.700000000000003]"
ga,9,1,40.359994571363,32.019999999999996,40.2,1.8513040951725384,5.8,12.479285714285716,21.436666666666664,8.957380952380952,True,0.0,hospital_corridor,28,12,"[11, 29, 47, 53, 61, 73, 89, 97, 101, 109]","[3.5816365612186947, 4.518187998704745, 0.8958175921307852, 0.5, 1.0]","{""time"": 1.0, ""collisions"": 0.05, ""congestion"": 1.0, ""fairness"": 0.5, ""incomplete_base"": 1000.0, ""incomplete_agent"": 10.0}","[53.13176991926992, 36.413013538748835, 36.815816326530616, 37.58696243203164, 32.37801771871539, 36.43167828106853, 44.11011904761905, 42.11472036028488, 45.36949109672199, 39.24835699263933]","[40.7, 30.6, 29.400000000000002, 28.900000000000002, 25.8, 28.700000000000003, 35.0, 34.1, 35.300000000000004, 31.700000000000003]"
ga,9,2,43.79367587742383,34.62,48.8,1.7863544488524046,5.2,12.840357142857144,22.735,9.894642857142859,True,0.0,hospital_corridor,28,12,"[11, 29, 47, 53, 61, 73, 89, 97, 101, 109]","[3.7300008325294223, 4.753861383620937, 0.9083464214577768, 0.5, 1.0]","{""time"": 1.0, ""collisions"": 0.05, ""congestion"": 1.0, ""fairness"": 0.5, ""incomplete_base"": 1000.0, ""incomplete_agent"": 10.0}","[62.194932574799836, 40.33737218813906, 36.99166666666667, 50.66128725804536, 35.70209846650525, 36.66844002306805, 47.10874542124542, 43.37101391118245, 45.751907392791374, 39.14929487179487]","[45.2, 32.6, 29.200000000000003, 40.1, 29.5, 28.900000000000002, 36.4, 35.6, 36.2, 32.5]"
ga,9,3,41.158745562923784,32.17,49.0,1.9841622295904429,5.5,12.810000000000002,21.91916666666667,9.109166666666669,True,0.0,hospital_corridor,28,12,"[11, 29, 47, 53, 61, 73, 89, 97, 101, 109]","[3.656117381010048, 4.455733023751924, 0.905155464112287, 0.5, 1.0]","{""time"": 1.0, ""collisions"": 0.05, ""congestion"": 1.0, ""fairness"": 0.5, ""incomplete_base"": 1000.0, ""incomplete_agent"": 10.0}","[46.02202380952381, 43.43445862494853, 36.23142404020432, 41.53256688963211, 35.881658595641646, 36.87288886142693, 44.048598531631676, 42.376927105152916, 45.68190476190476, 39.50500440917107]","[33.6, 34.7, 28.900000000000002, 29.900000000000002, 29.5, 28.900000000000002, 34.7, 34.1, 35.0, 32.4]"
ga,9,4,42.0841871674312,32.86000000000001,54.0,1.77305621505024,5.3,12.458571428571428,21.960833333333333,9.502261904761905,True,0.0,hospital_corridor,28,12,"[11, 29, 47, 53, 61, 73, 89, 97, 101, 109]","[3.9910463069146647, 4.517275819480046, 0.9143936795574411, 0.5, 1.0]","{""time"": 1.0, ""collisions"": 0.05, ""congestion"": 1.0, ""fairness"": 0.5, ""incomplete_base"": 1000.0, ""incomplete_agent"": 10.0}","[52.650865243004425, 45.1122191011236, 37.62227011494253, 39.681066536203524, 34.55285303776683, 40.03813569116968, 47.488119047619044, 46.3684897781102, 38.370039682539684, 38.95781344183243]","[38.800000000000004, 35.6, 29.0, 29.200000000000003, 29.0, 30.900000000000002, 37.5, 38.2, 28.8, 31.6]"
ga,9,5,41.579469848328785,32.86,48.1,1.869767467376405,5.6,12.953928571428571,21.843333333333334,8.88940476190476,True,0.0,hospital_corridor,28,12,"[11, 29, 47, 53, 61, 73, 89, 97, 101, 109]","[3.6271217438648646, 4.51536870523291, 0.9011824817523222, 0.5, 1.0]","{""time"": 1.0, ""collisions"": 0.05, ""congestion"": 1.0, ""fairness"": 0.5, ""incomplete_base"": 1000.0, ""incomplete_agent"": 10.0}","[53.14640804597701, 36.92107843137255, 36.67039302022179, 38.8575, 38.501368859846785, 36.914880952380955, 47.42819396051104, 47.30054457953395, 40.21651292967518, 39.83781770376862]","[40.6, 30.6, 29.200000000000003, 30.0, 31.700000000000003, 29.200000000000003, 36.9, 37.6, 30.200000000000003, 32.6]"
ga,9,6,41.82263622240723,32.93,53.3,1.8251362224072334,5.4,12.950000000000003,21.755000000000003,8.805000000000001,True,0.0,hospital_corridor,28,12,"[11, 29, 47, 53, 61, 73, 89, 97, 101, 109]","[3.6110968444403695, 4.503568269662943, 0.9065208594397294, 0.5, 1.0]","{""time"": 1.0, ""collisions"": 0.05, ""congestion"": 1.0, ""fairness"": 0.5, ""incomplete_base"": 1000.0, ""incomplete_agent"": 10.0}","[60.44702380952381, 37.42163991003568, 36.29821428571428, 46.03545011664608, 35.74002627806976, 36.71877038486628, 42.21752209865982, 41.819993806771265, 41.463131868131875, 40.06458966565349]","[42.0, 30.700000000000003, 29.400000000000002, 34.7, 29.900000000000002, 29.200000000000003, 33.4, 34.6, 32.5, 32.9]"
ga,9,7,40.979371882982655,33.00000000000001,32.0,1.8492528353636017,5.2,12.771428571428572,21.831666666666667,9.060238095238095,True,0.0,hospital_corridor,28,12,"[11, 29, 47, 53, 61, 73, 89, 97, 101, 109]","[3.7114734890241876, 4.922574124631871, 0.9075093484597356, 0.5, 1.0]","{""time"": 1.0, ""collisions"": 0.05, ""congestion"": 1.0, ""fairness"": 0.5, ""incomplete_base"": 1000.0, ""incomplete_agent"": 10.0}","[51.669279907084785, 37.860668498168494, 37.15743543179984, 36.04596678529063, 36.05357142857143, 36.58375850340136, 49.32805777133189, 41.91178468505558, 43.53485372154727, 39.648342097575224]","[41.0, 31.200000000000003, 29.5, 28.1, 30.0, 29.400000000000002, 39.400000000000006, 34.7, 34.1, 32.6]"
ga,9,8,41.794760762322376,32.459999999999994,61.1,1.7585107623223788,5.4,12.55,21.592499999999998,9.0425,True,0.0,hospital_corridor,28,12,"[11, 29, 47, 53, 61, 73, 89, 97, 101, 109]","[4.060517122584001, 4.536035656068266, 0.9240905496146281, 0.5, 1.0]","{""time"": 1.0, ""collisions"": 0.05, ""congestion"": 1.0, ""fairness"": 0.5, ""incomplete_base"": 1000.0, ""incomplete_agent"": 10.0}","[54.13609022556392, 46.61813846576095, 37.8252052545156, 40.33003663003663, 34.80161389297987, 36.0314761063436, 46.93424454232096, 43.257554401582595, 36.250362950058076, 41.76288515406163]","[39.900000000000006, 34.7, 29.0, 29.900000000000002, 29.1, 28.3, 37.300000000000004, 33.7, 28.700000000000003, 34.0]"
ga,9,9,1179.9387288284797,36.57,2721.5,1.825027529778513,5.6,11.132142857142858,20.069545454545455,8.937402597402599,False,0.1,hospital_corridor,28,12,"[11, 29, 47, 53, 61, 73, 89, 97, 101, 109]","[3.6248680675611866, 4.530304754379761, 0.5, 0.5, 1.0]","{""time"": 1.0, ""collisions"": 0.05, ""congestion"": 1.0, ""fairness"": 0.5, ""incomplete_base"": 1000.0, ""incomplete_agent"": 10.0}","[1278.5182272727272, 179.64058517773307, 141.28206740442656, 155.89289321789323, 164.97745831184463, 136.4605100799444, 190.75262345679016, 236.38289512123868, 146.33452187063753, 169.1455063715627]","[100.0, 28.400000000000002, 28.400000000000002, 29.700000000000003, 27.700000000000003, 27.400000000000002, 32.4, 32.6, 30.700000000000003, 28.400000000000002]"
ga,9,10,1057.651379955655,41.269999999999996,53.3,1.7648394794647337,5.2,12.561085714285715,22.464166666666667,9.903080952380952,False,0.7,hospital_corridor,28,12,"[11, 29, 47, 53, 61, 73, 89, 97, 101, 109]","[3.785588276070566, 4.5061588371290044, 0.9185250232315854, 0.5, 1.0]","{""time"": 1.0, ""collisions"": 0.05, ""congestion"": 1.0, ""fairness"": 0.5, ""incomplete_base"": 1000.0, ""incomplete_agent"": 10.0}","[1184.3775, 45.469395777178796, 47.90585480093677, 46.611260600130464, 35.190143260694114, 37.621857923497274, 45.172294372294374, 44.753769841269836, 38.83328710124826, 50.578435879302226]","[100.0, 37.1, 36.6, 36.5, 29.5, 30.5, 35.2, 36.0, 30.900000000000002, 40.400000000000006]"
ga,9,11,42.422399943913454,32.45,72.7,1.8635308962944066,5.5,12.833928571428572,21.781666666666666,8.947738095238096,True,0.0,hospital_corridor,28,12,"[11, 29, 47, 53, 61, 73, 89, 97, 101, 109]","[3.754203313109325, 4.454673628718094, 0.9194461617160726, 0.5, 1.0]","{""time"": 1.0, ""collisions"": 0.05, ""congestion"": 1.0, ""fairness"": 0.5, ""incomplete_base"": 1000.0, ""incomplete_agent"": 10.0}","[72.19303860112174, 37.81174242424243, 35.523846342660775, 43.683165536244175, 35.31846246973366, 36.411434837092735, 40.87831262939959, 43.675595238095234, 37.64030612244898, 41.08809523809524]","[43.300000000000004, 30.8, 29.1, 33.7, 29.5, 28.5, 32.2, 34.4, 29.400000000000002, 33.6]"
ga,9,12,43.45210588581944,33.040000000000006,77.8,1.680022552486103,5.3,11.9975,21.68166666666667,9.684166666666666,True,0.0,hospital_corridor,28,12,"[11, 29, 47, 53, 61, 73, 89, 97, 101, 109]","[4.127775093168317, 4.462317124687027, 0.8903494661474074, 0.5, 1.0]","{""time"": 1.0, ""collisions"": 0.05, ""congestion"": 1.0, ""fairness"": 0.5, ""incomplete_base"": 1000.0, ""incomplete_agent"": 10.0}","[53.018610301263365, 47.02205678670361, 35.846825396825395, 47.95885854341737, 35.29771580010096, 36.29650455927052, 49.7461078213669, 52.625684079601996, 36.90534875922201, 39.80334681042228]","[34.300000000000004, 36.1, 28.8, 35.7, 28.3, 28.200000000000003, 38.6, 40.2, 28.400000000000002, 31.8]"
ga,9,13,42.06321586022499,32.970000000000006,53.6,1.8136920507011787,5.4,12.794285714285715,21.993333333333332,9.199047619047619,True,0.0,hospital_corridor,28,12,"[11, 29, 47, 53, 61, 73, 89, 97, 101, 109]","[3.586395951939699, 4.462317124687027, 0.8903494661474074, 0.5, 1.0]","{""time"": 1.0, ""collisions"": 0.05, ""congestion"": 1.0, ""fairness"": 0.5, ""incomplete_base"": 1000.0, ""incomplete_agent"": 10.0}","[57.37842398427261, 37.459504608294935, 37.03276255707763, 46.12160148975792, 35.546262886597944, 36.047067363530786, 42.846428571428575, 45.2055900621118, 43.554093631317556, 39.440423447860155]","[43.6, 31.0, 29.200000000000003, 35.800000000000004, 29.1, 28.700000000000003, 33.6, 34.5, 32.6, 31.6]"
ga,9,14,41.23256328486796,32.410000000000004,52.2,1.7407775705822406,5.4,12.613928571428572,21.557499999999997,8.94357142857143,True,0.0,hospital_corridor,28,12,"[11, 29, 47, 53, 61, 73, 89, 97, 101, 109]","[3.7409337722458624, 4.446375939838888, 0.9182126157686799, 0.5, 1.0]","{""time"": 1.0, ""collisions"": 0.05, ""congestion"": 1.0, ""fairness"": 0.5, ""incomplete_base"": 1000.0, ""incomplete_agent"": 10.0}","[56.668116005616014, 42.33426717992586, 35.7690065681445, 40.29816484101627, 36.10242921492922, 37.01736144969934, 41.86220514521599, 44.12408675799087, 39.12208688111006, 39.027908805031444]","[40.7, 33.4, 29.0, 31.3, 29.6, 29.3, 32.300000000000004, 36.5, 30.200000000000003, 31.8]"
ga,9,15,41.23256328486796,32.410000000000004,52.2,1.7407775705822406,5.4,12.613928571428572,21.557499999999997,8.94357142857143,True,0.0,hospital_corridor,28,12,"[11, 29, 47, 53, 61, 73, 89, 97, 101, 109]","[3.7409337722458624, 4.446375939838888, 0.9182126157686799, 0.5, 1.0]","{""time"": 1.0, ""collisions"": 0.05, ""congestion"": 1.0, ""fairness"": 0.5, ""incomplete_base"": 1000.0, ""incomplete_agent"": 10.0}","[56.668116005616014, 42.33426717992586, 35.7690065681445, 40.29816484101627, 36.10242921492922, 37.01736144969934, 41.86220514521599, 44.12408675799087, 39.12208688111006, 39.027908805031444]","[40.7, 33.4, 29.0, 31.3, 29.6, 29.3, 32.300000000000004, 36.5, 30.200000000000003, 31.8]"
ga,9,16,42.32661540036805,31.85,78.1,1.8889963527489981,5.5,12.233928571428573,21.59916666666667,9.365238095238096,True,0.0,hospital_corridor,28,12,"[11, 29, 47, 53, 61, 73, 89, 97, 101, 109]","[3.753272022437508, 4.478411218530348, 0.873142747786362, 0.5, 1.0]","{""time"": 1.0, ""collisions"": 0.05, ""congestion"": 1.0, ""fairness"": 0.5, ""incomplete_base"": 1000.0, ""incomplete_agent"": 10.0}","[65.60450310559007, 41.556851570415404, 39.45342415316642, 39.74118404118404, 35.95246305418719, 37.23031678773204, 40.05017281105991, 45.69728260869565, 37.72157077848205, 40.25838509316771]","[41.400000000000006, 32.9, 29.1, 29.6, 29.0, 29.5, 31.0, 34.5, 29.3, 32.2]"
ga,9,17,40.75807266817225,31.890000000000004,50.4,1.8182512396008144,5.2,12.650357142857143,21.71,9.059642857142858,True,0.0,hospital_corridor,28,12,"[11, 29, 47, 53, 61, 73, 89, 97, 101, 109]","[3.8044816523207756, 4.430311180957013, 0.9176842934392786, 0.5, 1.0]","{""time"": 1.0, ""collisions"": 0.05, ""congestion"": 1.0, ""fairness"": 0.5, ""incomplete_base"": 1000.0, ""incomplete_agent"": 10.0}","[48.55245659037096, 42.11566849816849, 37.025170068027215, 39.571055088702145, 35.22627551020408, 36.23947015425889, 45.692872318899234, 45.062190742218675, 38.3418474727775, 39.75372023809524]","[36.2, 32.5, 29.400000000000002, 30.6, 29.400000000000002, 28.400000000000002, 35.300000000000004, 35.800000000000004, 29.3, 32.0]"
ga,9,18,1144.9595345308073,93.12,19.6,0.6191,4.3,13.074305180809532,23.555174242424243,10.480869061614714,False,4.5,hospital_corridor,28,12,"[11, 29, 47, 53, 61, 73, 89, 97, 101, 109]","[3.714226992060313, 4.435168919780416, 1.0724530473804765, 0.5, 1.0]","{""time"": 1.0, ""collisions"": 0.05, ""congestion"": 1.0, ""fairness"": 0.5, ""incomplete_base"": 1000.0, ""incomplete_agent"": 10.0}","[1167.9202411067195, 1149.5358333333334, 37.9452380952381, 1163.4832424242425, 1222.96675, 1125.766357142857, 1146.8266153846155, 1179.7645, 1127.4843535353534, 1127.9022142857143]","[100.0, 100.0, 31.200000000000003, 100.0, 100.0, 100.0, 100.0, 100.0, 100.0, 100.0]"
ga,9,19,43.23850744831302,33.74,57.5,1.762971734027305,5.3,12.558928571428572,22.279999999999998,9.72107142857143,True,0.0,hospital_corridor,28,12,"[11, 29, 47, 53, 61, 73, 89, 97, 101, 109]","[3.7423525431931957, 4.433037640495183, 0.9094533017546145, 0.5, 1.0]","{""time"": 1.0, ""collisions"": 0.05, ""congestion"": 1.0, ""fairness"": 0.5, ""incomplete_base"": 1000.0, ""incomplete_agent"": 10.0}","[60.96170212765958, 42.27779456193353, 36.098385518591, 47.630516089269506, 35.6484693877551, 36.53402777777778, 41.39413580246914, 46.27443318176077, 45.97528265496143, 39.59032738095239]","[42.300000000000004, 33.1, 29.200000000000003, 36.7, 29.400000000000002, 28.8, 32.4, 37.7, 35.800000000000004, 32.0]"
ga,9,20,41.15294116709875,32.84,35.5,1.8640125956701845,5.6,12.737142857142858,22.085,9.347857142857142,True,0.0,hospital_corridor,28,12,"[11, 29, 47, 53, 61, 73, 89, 97, 101, 109]","[3.606972887177102, 4.502002403220667, 0.9017003003836528, 0.5, 1.0]","{""time"": 1.0, ""collisions"": 0.05, ""congestion"": 1.0, ""fairness"": 0.5, ""incomplete_base"": 1000.0, ""incomplete_agent"": 10.0}","[46.40289397526966, 37.17056382813712, 37.038405088062625, 41.873051948051945, 36.36890637610977, 37.52911840411841, 45.65548996458088, 43.782467532467535, 43.3449431256182, 42.36357142857143]","[36.2, 30.700000000000003, 29.200000000000003, 33.0, 29.5, 29.6, 36.300000000000004, 35.2, 33.7, 35.0]"
ga,9,21,41.563498414394594,32.56,46.8,1.932248414394587,5.4,12.722500000000002,22.185000000000002,9.462500000000002,True,0.0,hospital_corridor,28,12,"[11, 29, 47, 53, 61, 73, 89, 97, 101, 109]","[3.7155974462874553, 4.462561535322966, 0.9123299075158122, 0.5, 1.0]","{""time"": 1.0, ""collisions"": 0.05, ""congestion"": 1.0, ""fairness"": 0.5, ""incomplete_base"": 1000.0, ""incomplete_agent"": 10.0}","[45.13250915750917, 41.5363612836439, 37.07482993197279, 41.02889610389611, 36.106269299528684, 36.58680555555556, 47.44074527071103, 51.3918284789644, 38.89234496124031, 40.44439410092396]","[33.800000000000004, 32.2, 29.400000000000002, 30.8, 29.3, 28.8, 36.5, 41.2, 30.1, 33.5]"
ga,9,22,44.95782249094254,35.2,67.3,1.6852629671330113,5.2,13.490714285714287,22.905833333333334,9.415119047619047,True,0.0,hospital_corridor,28,12,"[11, 29, 47, 53, 61, 73, 89, 97, 101, 109]","[3.7480390424086627, 4.036280949902279, 0.9746183579960997, 0.5, 1.0]","{""time"": 1.0, ""collisions"": 0.05, ""congestion"": 1.0, ""fairness"": 0.5, ""incomplete_base"": 1000.0, ""incomplete_agent"": 10.0}","[53.55264341957256, 52.595540833040836, 37.21841976516634, 42.87405482365857, 38.80298208392268, 40.87374595469256, 45.95490837696335, 45.64815822450864, 51.44280595530596, 40.61496547259387]","[38.1, 40.7, 29.200000000000003, 34.7, 30.3, 30.900000000000002, 38.2, 36.1, 40.7, 33.1]"
ga,9,23,1070.8491672976184,54.910000000000004,30.5,1.3745427554937677,4.6,13.199084249084251,23.278333333333336,10.079249084249085,False,0.8,hospital_corridor,28,12,"[11, 29, 47, 53, 61, 73, 89, 97, 101, 109]","[3.7524968896874107, 4.458471008377045, 1.0147370950473813, 0.5, 1.0]","{""time"": 1.0, ""collisions"": 0.05, ""congestion"": 1.0, ""fairness"": 0.5, ""incomplete_base"": 1000.0, ""incomplete_agent"": 10.0}","[46.947880952380956, 1146.6676666666667, 36.228254509995125, 1125.4576025641027, 1126.0748333333333, 42.06185410334347, 44.17003968253968, 56.825216808577736, 43.967039951573845, 40.09128440366973]","[37.5, 100.0, 29.3, 100.0, 100.0, 32.9, 36.0, 45.300000000000004, 35.4, 32.7]"
ga,10,0,40.359994571363,32.019999999999996,40.2,1.8513040951725384,5.8,12.479285714285716,21.436666666666664,8.957380952380952,True,0.0,hospital_corridor,28,12,"[11, 29, 47, 53, 61, 73, 89, 97, 101, 109]","[3.5816365612186947, 4.518187998704745, 0.8958175921307852, 0.5, 1.0]","{""time"": 1.0, ""collisions"": 0.05, ""congestion"": 1.0, ""fairness"": 0.5, ""incomplete_base"": 1000.0, ""incomplete_agent"": 10.0}","[53.13176991926992, 36.413013538748835, 36.815816326530616, 37.58696243203164, 32.37801771871539, 36.43167828106853, 44.11011904761905, 42.11472036028488, 45.36949109672199, 39.24835699263933]","[40.7, 30.6, 29.400000000000002, 28.900000000000002, 25.8, 28.700000000000003, 35.0, 34.1, 35.300000000000004, 31.700000000000003]"
ga,10,1,40.359994571363,32.019999999999996,40.2,1.8513040951725384,5.8,12.479285714285716,21.436666666666664,8.957380952380952,True,0.0,hospital_corridor,28,12,"[11, 29, 47, 53, 61, 73, 89, 97, 101, 109]","[3.5816365612186947, 4.518187998704745, 0.8958175921307852, 0.5, 1.0]","{""time"": 1.0, ""collisions"": 0.05, ""congestion"": 1.0, ""fairness"": 0.5, ""incomplete_base"": 1000.0, ""incomplete_agent"": 10.0}","[53.13176991926992, 36.413013538748835, 36.815816326530616, 37.58696243203164, 32.37801771871539, 36.43167828106853, 44.11011904761905, 42.11472036028488, 45.36949109672199, 39.24835699263933]","[40.7, 30.6, 29.400000000000002, 28.900000000000002, 25.8, 28.700000000000003, 35.0, 34.1, 35.300000000000004, 31.700000000000003]"
ga,10,2,44.999703357795234,35.32000000000001,55.1,1.7067271673190298,5.5,12.450714285714287,22.886666666666667,10.435952380952381,True,0.0,hospital_corridor,28,12,"[11, 29, 47, 53, 61, 73, 89, 97, 101, 109]","[3.6692077449187375, 4.491682818708034, 0.8878635799727295, 0.5, 1.0]","{""time"": 1.0, ""collisions"": 0.05, ""congestion"": 1.0, ""fairness"": 0.5, ""incomplete_base"": 1000.0, ""incomplete_agent"": 10.0}","[54.43729474548441, 63.99551820728291, 37.0250675012273, 46.404648689446965, 36.01486464448793, 36.33263888888889, 47.55282738095239, 48.14899267399267, 40.18562588401698, 39.899554962171784]","[40.6, 51.0, 29.1, 34.7, 29.200000000000003, 28.8, 38.400000000000006, 39.0, 30.3, 32.1]"
ga,10,3,44.837698642864865,33.870000000000005,91.5,1.7981748333410466,5.7,13.036785714285713,22.225833333333334,9.18904761904762,True,0.0,hospital_corridor,28,12,"[11, 29, 47, 53, 61, 73, 89, 97, 101, 109]","[3.6910371646958717, 4.6099036084100895, 0.8869794681972853, 0.5, 1.0]","{""time"": 1.0, ""collisions"": 0.05, ""congestion"": 1.0, ""fairness"": 0.5, ""incomplete_base"": 1000.0, ""incomplete_agent"": 10.0}","[72.35139539422327, 44.22398947951274, 42.107148219648224, 50.04991956241956, 36.08820569464899, 35.987097585513084, 43.071161321671525, 43.58630446512883, 39.796883753501405, 41.11488095238096]","[42.7, 34.4, 33.300000000000004, 37.0, 29.1, 28.400000000000002, 34.300000000000004, 35.300000000000004, 30.6, 33.6]"
ga,10,4,43.15990516218022,32.13000000000001,84.4,1.862107543132593,5.5,12.108571428571429,22.004166666666666,9.89559523809524,True,0.0,hospital_corridor,28,12,"[11, 29, 47, 53, 61, 73, 89, 97, 101, 109]","[4.235170547329317, 4.448456264128446, 0.9110186353679295, 0.5, 1.0]","{""time"": 1.0, ""collisions"": 0.05, ""congestion"": 1.0, ""fairness"": 0.5, ""incomplete_base"": 1000.0, ""incomplete_agent"": 10.0}","[57.837666666666664, 46.46814532729518, 36.87817255768287, 46.01850766622439, 35.859899749373426, 36.362932130147435, 40.6610410830999, 45.88174373795761, 45.38463651732883, 40.24630618602582]","[37.5, 34.7, 29.1, 32.300000000000004, 28.5, 28.1, 30.6, 34.6, 33.800000000000004, 32.1]"
ga,10,5,43.30499934628938,32.87,75.8,1.7663088700989036,5.1,11.996785714285716,21.754166666666666,9.757380952380952,True,0.0,hospital_corridor,28,12,"[11, 29, 47, 53, 61, 73, 89, 97, 101, 109]","[4.342882110492878, 4.483857320049233, 0.9083659584550019, 0.5, 1.0]","{""time"": 1.0, ""collisions"": 0.05, ""congestion"": 1.0, ""fairness"": 0.5, ""incomplete_base"": 1000.0, ""incomplete_agent"": 10.0}","[56.18457792207792, 41.475556835637484, 36.81051587301587, 52.61064542783694, 35.354418175720994, 36.031547619047615, 49.520988747979615, 44.15999225133841, 41.150779432294094, 39.750971177944876]","[38.5, 31.0, 28.8, 38.900000000000006, 28.400000000000002, 28.0, 38.300000000000004, 33.800000000000004, 30.700000000000003, 32.300000000000004]"
ga,10,6,43.01378527856633,34.519999999999996,36.1,1.8911067071377659,5.6,12.644642857142859,22.240000000000002,9.595357142857145,True,0.0,hospital_corridor,28,12,"[11, 29, 47, 53, 61, 73, 89, 97, 101, 109]","[3.62510976620601, 4.728778692120008, 0.9059426252181756, 0.5, 1.0]","{""time"": 1.0, ""collisions"": 0.05, ""congestion"": 1.0, ""fairness"": 0.5, ""incomplete_base"": 1000.0, ""incomplete_agent"": 10.0}","[65.01246579091406, 45.32220319634703, 37.22324496809033, 36.673392243495336, 35.60920421860019, 36.35610902255639, 40.62989130434782, 53.14357252075143, 39.72653721682848, 40.441232303732306]","[52.2, 36.5, 29.1, 29.1, 29.8, 28.5, 32.2, 43.6, 30.900000000000002, 33.300000000000004]"
ga,10,7,42.1307953097317,33.12,47.1,1.8695453097317085,5.6,12.400000000000002,21.972500000000004,9.5725,True,0.0,hospital_corridor,28,12,"[11, 29, 47, 53, 61, 73, 89, 97, 101, 109]","[3.6727596747578763, 4.65611255719889, 0.8919161893889674, 0.5, 1.0]","{""time"": 1.0, ""collisions"": 0.05, ""congestion"": 1.0, ""fairness"": 0.5, ""incomplete_base"": 1000.0, ""incomplete_agent"": 10.0}","[50.63544372294372, 39.50160256410257, 42.21994047619047, 41.64386404094348, 35.90543840403055, 37.23988095238095, 45.39983766233767, 42.23571428571428, 39.09634353741497, 47.429887451258416]","[38.5, 31.200000000000003, 32.0, 32.1, 29.3, 29.6, 35.2, 33.6, 29.400000000000002, 40.300000000000004]"
ga,10,8,41.23223628192831,32.63,45.3,1.7880100914521182,5.1,12.635714285714286,21.734166666666667,9.09845238095238,True,0.0,hospital_corridor,28,12,"[11, 29, 47, 53, 61, 73, 89, 97, 101, 109]","[4.019147984308796, 4.9033845471543405, 0.9167505483890678, 0.5, 1.0]","{""time"": 1.0, ""collisions"": 0.05, ""congestion"": 1.0, ""fairness"": 0.5, ""incomplete_base"": 1000.0, ""incomplete_agent"": 10.0}","[53.58335203191225, 42.5952380952381, 36.06190476190476, 37.05918190805734, 35.19756196999348, 40.294737427681355, 41.9333386958387, 48.548104056437396, 37.888690476190476, 39.16025339602926]","[38.2, 33.6, 29.400000000000002, 28.900000000000002, 29.200000000000003, 32.1, 33.300000000000004, 40.5, 29.200000000000003, 31.900000000000002]"
ga,10,9,41.597609723438026,33.35000000000001,34.0,1.794812104390393,5.2,12.678571428571429,22.184166666666666,9.505595238095239,True,0.0,hospital_corridor,28,12,"[11, 29, 47, 53, 61, 73, 89, 97, 101, 109]","[3.7391774895665177, 4.960491259685366, 0.9092838233022532, 0.5, 1.0]","{""time"": 1.0, ""collisions"": 0.05, ""congestion"": 1.0, ""fairness"": 0.5, ""incomplete_base"": 1000.0, ""incomplete_agent"": 10.0}","[51.4998746867168, 40.51229086229086, 37.44613603120429, 48.60952533187188, 34.94070141570142, 36.619146825396825, 44.05974246841595, 43.675709393346374, 39.4258116883117, 39.187158531124055]","[39.900000000000006, 33.300000000000004, 29.3, 39.1, 29.6, 28.8, 34.300000000000004, 36.5, 30.8, 31.900000000000002]"
ga,10,10,40.96701778214721,32.39,41.2,1.947851115480542,5.8,12.7025,21.840833333333336,9.138333333333334,True,0.0,hospital_corridor,28,12,"[11, 29, 47, 53, 61, 73, 89, 97, 101, 109]","[3.6327058305301647, 4.474331812702901, 0.9032685897142209, 0.5, 1.0]","{""time"": 1.0, ""collisions"": 0.05, ""congestion"": 1.0, ""fairness"": 0.5, ""incomplete_base"": 1000.0, ""incomplete_agent"": 10.0}","[42.88726043048799, 38.49901116798512, 41.21575007303535, 45.07178571428572, 36.49608555286522, 37.12977005870842, 42.01313879210221, 43.15632964453387, 43.30114770459081, 39.89989868287741]","[32.300000000000004, 30.700000000000003, 32.6, 35.0, 29.5, 29.200000000000003, 32.800000000000004, 35.5, 33.4, 32.9]"
ga,10,11,43.542893657678235,34.33,47.3,1.7199769910115736,4.9,12.607500000000002,22.863333333333333,10.255833333333335,True,0.0,hospital_corridor,28,12,"[11, 29, 47, 53, 61, 73, 89, 97, 101, 109]","[3.7787487089677128, 4.4579817714747785, 0.9161160041087105, 0.5, 1.0]","{""time"": 1.0, ""collisions"": 0.05, ""congestion"": 1.0, ""fairness"": 0.5, ""incomplete_base"": 1000.0, ""incomplete_agent"": 10.0}","[51.47017378973751, 49.94732517692215, 36.058977495107634, 47.95746336996338, 34.81744271087275, 36.49366772306192, 45.03900032615786, 46.388069908814586, 44.53562348668281, 42.72119258946183]","[36.1, 39.7, 29.200000000000003, 36.4, 29.3, 29.3, 36.5, 37.6, 35.4, 33.800000000000004]"
ga,10,12,1214.7117359527772,100.0,19.2,0.4248,3.6,13.147967921285428,23.801839826839828,10.6538719055544,False,10.8,hospital_corridor,28,12,"[11, 29, 47, 53, 61, 73, 89, 97, 101, 109]","[3.868933765705383, 4.430311180957013, 1.2959878703879686, 0.5, 1.0]","{""time"": 1.0, ""collisions"": 0.05, ""congestion"": 1.0, ""fairness"": 0.5, ""incomplete_base"": 1000.0, ""incomplete_agent"": 10.0}","[1189.5262251082252, 1247.6148787878788, 1195.8642828282827, 1223.6915321637427, 1214.7579473684211, 1264.972, 1179.0776956521738, 1187.9595, 1175.9075833333334, 1267.7457142857143]","[100.0, 100.0, 100.0, 100.0, 100.0, 100.0, 100.0, 100.0, 100.0, 100.0]"
ga,10,13,44.89907219822791,36.05,42.8,1.7495483887041086,5.2,13.066785714285714,22.985833333333336,9.919047619047621,True,0.0,hospital_corridor,28,12,"[11, 29, 47, 53, 61, 73, 89, 97, 101, 109]","[3.8044816523207756, 4.742983015741879, 0.9176842934392786, 0.5, 1.0]","{""time"": 1.0, ""collisions"": 0.05, ""congestion"": 1.0, ""fairness"": 0.5, ""incomplete_base"": 1000.0, ""incomplete_agent"": 10.0}","[69.85860429180813, 41.44586977648203, 36.04328231292517, 40.19294327055581, 41.859530671058046, 41.39317061143985, 43.22792531542531, 52.08578497907477, 43.38700248756219, 39.49660826594789]","[54.7, 34.300000000000004, 29.400000000000002, 31.1, 34.7, 33.800000000000004, 35.1, 42.1, 33.5, 31.8]"
ga,10,14,42.576446306604915,33.480000000000004,49.6,1.8276963066049094,5.7,12.515,22.092500000000005,9.5775,True,0.0,hospital_corridor,28,12,"[11, 29, 47, 53, 61, 73, 89, 97, 101, 109]","[3.637801146987619, 4.518187998704745, 0.8958175921307852, 0.5, 1.0]","{""time"": 1.0, ""collisions"": 0.05, ""congestion"": 1.0, ""fairness"": 0.5, ""incomplete_base"": 1000.0, ""incomplete_agent"": 10.0}","[43.72698412698413, 49.8573223259153, 36.92705479452055, 46.197576906868946, 35.21756259204713, 38.05999034749034, 42.2068849795111, 49.42139785889786, 43.30535714285715, 40.844331990956626]","[31.5, 39.800000000000004, 29.200000000000003, 33.9, 29.1, 29.6, 33.7, 40.7, 33.6, 33.7]"
ga,10,15,40.75807266817225,31.890000000000004,50.4,1.8182512396008144,5.2,12.650357142857143,21.71,9.059642857142858,True,0.0,hospital_corridor,28,12,"[11, 29, 47, 53, 61, 73, 89, 97, 101, 109]","[3.8044816523207756, 4.430311180957013, 0.9176842934392786, 0.5, 1.0]","{""time"": 1.0, ""collisions"": 0.05, ""congestion"": 1.0, ""fairness"": 0.5, ""incomplete_base"": 1000.0, ""incomplete_agent"": 10.0}","[48.55245659037096, 42.11566849816849, 37.025170068027215, 39.571055088702145, 35.22627551020408, 36.23947015425889, 45.692872318899234, 45.062190742218675, 38.3418474727775, 39.75372023809524]","[36.2, 32.5, 29.400000000000002, 30.6, 29.400000000000002, 28.400000000000002, 35.300000000000004, 35.800000000000004, 29.3, 32.0]"
ga,10,16,43.27734906898735,32.49,86.2,1.894194307082581,5.5,12.550357142857145,21.71666666666666,9.166309523809524,True,0.0,hospital_corridor,28,12,"[11, 29, 47, 53, 61, 73, 89, 97, 101, 109]","[4.342799860516931, 4.742832913477975, 0.9106266547678106, 0.5, 1.0]","{""time"": 1.0, ""collisions"": 0.05, ""congestion"": 1.0, ""fairness"": 0.5, ""incomplete_base"": 1000.0, ""incomplete_agent"": 10.0}","[67.13676454415484, 47.62457983193277, 37.38807893020222, 46.52497294372294, 35.83048780487805, 37.0399623158616, 40.691220722816816, 42.71111407249467, 39.60309523809524, 38.223214285714285]","[43.300000000000004, 35.7, 29.200000000000003, 35.2, 28.700000000000003, 27.8, 30.700000000000003, 33.5, 30.0, 30.8]"
ga,10,17,44.05925555668445,34.82,53.4,1.8490769852558753,5.7,13.157142857142855,22.597500000000004,9.440357142857144,True,0.0,hospital_corridor,28,12,"[11, 29, 47, 53, 61, 73, 89, 97, 101, 109]","[3.591813376415817, 4.466227728810468, 0.8975208448787868, 0.5, 1.0]","{""time"": 1.0, ""collisions"": 0.05, ""congestion"": 1.0, ""fairness"": 0.5, ""incomplete_base"": 1000.0, ""incomplete_agent"": 10.0}","[72.24940476190477, 43.52891252006421, 37.34323760432008, 43.349773493468184, 38.81797469771608, 38.20795739348371, 44.960189669087974, 43.807350112747045, 39.140199335548175, 39.187555978504264]","[54.0, 35.6, 29.1, 33.9, 31.900000000000002, 30.400000000000002, 35.4, 35.9, 30.1, 31.900000000000002]"
ga,10,18,40.94597654807171,32.61,40.7,1.8344884528336163,5.3,12.720357142857143,21.653333333333336,8.932976190476191,True,0.0,hospital_corridor,28,12,"[11, 29, 47, 53, 61, 73, 89, 97, 101, 109]","[3.5852200808567503, 4.850958303731552, 0.8794226960328007, 0.5, 1.0]","{""time"": 1.0, ""collisions"": 0.05, ""congestion"": 1.0, ""fairness"": 0.5, ""incomplete_base"": 1000.0, ""incomplete_agent"": 10.0}","[48.75948581560284, 39.205025617842075, 36.19035388127854, 40.07717991169978, 36.73355263157895, 36.632602158510466, 43.62295127353267, 50.103264349749686, 38.222835497835504, 39.91251434308664]","[37.6, 31.6, 29.200000000000003, 30.200000000000003, 30.400000000000002, 28.900000000000002, 34.4, 40.900000000000006, 29.700000000000003, 33.2]"
ga,10,19,40.78275205275669,32.05,48.3,1.825728243232886,5.5,12.674285714285716,21.65833333333334,8.98404761904762,True,0.0,hospital_corridor,28,12,"[11, 29, 47, 53, 61, 73, 89, 97, 101, 109]","[3.635360623148343, 4.5020775618067095, 0.8949025335058836, 0.5, 1.0]","{""time"": 1.0, ""collisions"": 0.05, ""congestion"": 1.0, ""fairness"": 0.5, ""incomplete_base"": 1000.0, ""incomplete_agent"": 10.0}","[47.39414160401003, 39.54638278388279, 39.07633928571429, 39.260494987468675, 35.36065905743742, 37.27865186615186, 42.02043590850238, 45.63441701218746, 41.30302183173589, 40.95297619047619]","[34.2, 31.200000000000003, 32.0, 28.5, 29.1, 29.6, 33.1, 37.9, 31.3, 33.6]"
ga,10,20,43.801781031725646,33.620000000000005,71.2,1.8516024602970667,5.6,12.662142857142857,22.202500000000004,9.540357142857143,True,0.0,hospital_corridor,28,12,"[11, 29, 47, 53, 61, 73, 89, 97, 101, 109]","[3.767980326138955, 4.43081969274262, 0.8893336369355644, 0.5, 1.0]","{""time"": 1.0, ""collisions"": 0.05, ""congestion"": 1.0, ""fairness"": 0.5, ""incomplete_base"": 1000.0, ""incomplete_agent"": 10.0}","[62.64714985994397, 42.84160231660232, 36.43410795825179, 58.30878378378379, 35.90456349206349, 36.258807858807856, 41.78793290043291, 42.97943722943723, 39.880673674151936, 40.9747512437811]","[42.5, 33.300000000000004, 29.200000000000003, 44.400000000000006, 28.8, 28.6, 33.0, 33.0, 29.900000000000002, 33.5]"
ga,10,21,41.282426958278485,32.02,56.7,1.8075460058975277,5.3,12.483571428571427,21.723333333333336,9.239761904761902,True,0.0,hospital_corridor,28,12,"[11, 29, 47, 53, 61, 73, 89, 97, 101, 109]","[3.7897733486193284, 4.47790270674474, 0.9014934042900762, 0.5, 1.0]","{""time"": 1.0, ""collisions"": 0.05, ""congestion"": 1.0, ""fairness"": 0.5, ""incomplete_base"": 1000.0, ""incomplete_agent"": 10.0}","[50.90212011771001, 45.617994382739695, 36.94280635462376, 43.383630952380955, 37.07492183742184, 36.5531103286385, 41.479464285714286, 43.899466338259444, 37.782289127255, 39.18846585804133]","[35.6, 37.300000000000004, 29.3, 32.0, 29.700000000000003, 28.400000000000002, 32.0, 34.800000000000004, 29.3, 31.8]"
ga,10,22,42.93468979625619,33.34,62.5,1.80707074863714,5.5,12.593928571428574,21.91916666666667,9.325238095238095,True,0.0,hospital_corridor,28,12,"[11, 29, 47, 53, 61, 73, 89, 97, 101, 109]","[3.636246243090831, 4.53912616859091, 0.8771437548195241, 0.5, 1.0]","{""time"": 1.0, ""collisions"": 0.05, ""congestion"": 1.0, ""fairness"": 0.5, ""incomplete_base"": 1000.0, ""incomplete_agent"": 10.0}","[65.14414160401003, 43.769047619047626, 37.82874149659864, 45.82035714285714, 31.045833333333334, 36.66875, 43.88470695970697, 43.63905831995721, 42.23931704260652, 39.30694444444445]","[45.6, 34.5, 29.400000000000002, 35.0, 25.6, 28.8, 35.1, 35.6, 32.300000000000004, 31.5]"
ga,10,23,43.99313172187056,34.190000000000005,62.4,1.8760483885372274,5.6,12.950000000000003,22.56416666666667,9.614166666666666,True,0.0,hospital_corridor,28,12,"[11, 29, 47, 53, 61, 73, 89, 97, 101, 109]","[3.7239986665237788, 4.4825095892592905, 0.8976992933504907, 0.5, 1.0]","{""time"": 1.0, ""collisions"": 0.05, ""congestion"": 1.0, ""fairness"": 0.5, ""incomplete_base"": 1000.0, ""incomplete_agent"": 10.0}","[70.26622084056295, 40.11380070546737, 39.27993471582181, 38.50980919765167, 39.54356232939036, 36.34739974937344, 41.19772727272727, 45.13215261514442, 37.91812101129111, 51.622588781275226]","[49.400000000000006, 32.4, 31.0, 29.200000000000003, 31.400000000000002, 28.5, 33.0, 36.6, 29.1, 41.300000000000004]"
ga,11,0,40.359994571363,32.019999999999996,40.2,1.8513040951725384,5.8,12.479285714285716,21.436666666666664,8.957380952380952,True,0.0,hospital_corridor,28,12,"[11, 29, 47, 53, 61, 73, 89, 97, 101, 109]","[3.5816365612186947, 4.518187998704745, 0.8958175921307852, 0.5, 1.0]","{""time"": 1.0, ""collisions"": 0.05, ""congestion"": 1.0, ""fairness"": 0.5, ""incomplete_base"": 1000.0, ""incomplete_agent"": 10.0}","[53.13176991926992, 36.413013538748835, 36.815816326530616, 37.58696243203164, 32.37801771871539, 36.43167828106853, 44.11011904761905, 42.11472036028488, 45.36949109672199, 39.24835699263933]","[40.7, 30.6, 29.400000000000002, 28.900000000000002, 25.8, 28.700000000000003, 35.0, 34.1, 35.300000000000004, 31.700000000000003]"
ga,11,1,40.359994571363,32.019999999999996,40.2,1.8513040951725384,5.8,12.479285714285716,21.436666666666664,8.957380952380952,True,0.0,hospital_corridor,28,12,"[11, 29, 47, 53, 61, 73, 89, 97, 101, 109]","[3.5816365612186947, 4.518187998704745, 0.8958175921307852, 0.5, 1.0]","{""time"": 1.0, ""collisions"": 0.05, ""congestion"": 1.0, ""fairness"": 0.5, ""incomplete_base"": 1000.0, ""incomplete_agent"": 10.0}","[53.13176991926992, 36.413013538748835, 36.815816326530616, 37.58696243203164, 32.37801771871539, 36.43167828106853, 44.11011904761905, 42.11472036028488, 45.36949109672199, 39.24835699263933]","[40.7, 30.6, 29.400000000000002, 28.900000000000002, 25.8, 28.700000000000003, 35.0, 34.1, 35.300000000000004, 31.700000000000003]"
ga,11,2,45.51887148929109,32.28999999999999,136.3,1.855895298814908,5.3,12.523214285714287,21.63916666666667,9.115952380952383,True,0.0,hospital_corridor,28,12,"[11, 29, 47, 53, 61, 73, 89, 97, 101, 109]","[4.036663230417326, 3.9867235090132187, 0.9151717383678504, 0.5, 1.0]","{""time"": 1.0, ""collisions"": 0.05, ""congestion"": 1.0, ""fairness"": 0.5, ""incomplete_base"": 1000.0, ""incomplete_agent"": 10.0}","[67.96932730923695, 50.54655095683133, 37.77224958949097, 42.30895854744776, 38.00198896631824, 37.33392018779343, 46.94637320044297, 53.164447643037064, 40.81547619047619, 40.329422301836104]","[41.5, 32.1, 29.0, 27.8, 28.700000000000003, 28.400000000000002, 34.4, 39.7, 29.400000000000002, 31.900000000000002]"
ga,11,3,43.181195027050336,33.300000000000004,63.7,1.8189926460979442,5.4,12.396428571428574,22.15083333333333,9.754404761904762,True,0.0,hospital_corridor,28,12,"[11, 29, 47, 53, 61, 73, 89, 97, 101, 109]","[4.084885339067318, 4.730455565153309, 0.9115709205086707, 0.5, 1.0]","{""time"": 1.0, ""collisions"": 0.05, ""congestion"": 1.0, ""fairness"": 0.5, ""incomplete_base"": 1000.0, ""incomplete_agent"": 10.0}","[62.2549823633157, 53.202145103324355, 35.68121921182266, 37.04362244897959, 36.092733990147785, 42.29568452380953, 41.58053830227743, 43.138311688311695, 41.30277777777778, 39.21993486073674]","[40.5, 42.400000000000006, 29.0, 29.400000000000002, 29.0, 32.0, 32.2, 35.2, 31.5, 31.8]"
ga,11,4,42.14070020010302,33.339999999999996,44.6,1.8532002001030274,5.5,12.602500000000001,22.0375,9.435,True,0.0,hospital_corridor,28,12,"[11, 29, 47, 53, 61, 73, 89, 97, 101, 109]","[3.6787710910297218, 4.639302783958701, 0.8960451019296873, 0.5, 1.0]","{""time"": 1.0, ""collisions"": 0.05, ""congestion"": 1.0, ""fairness"": 0.5, ""incomplete_base"": 1000.0, ""incomplete_agent"": 10.0}","[48.884105876393114, 39.96570983533601, 40.81703296703297, 45.12900524616626, 37.107082324455206, 40.00566770186335, 40.18048982750996, 43.083291562238934, 45.91199761241544, 40.32261904761905]","[37.6, 32.1, 31.200000000000003, 35.4, 29.5, 32.2, 32.300000000000004, 34.2, 35.9, 33.0]"
ga,11,5,43.359645933405055,33.190000000000005,68.3,1.8453602191193368,5.4,12.593928571428572,22.4125,9.818571428571428,True,0.0,hospital_corridor,28,12,"[11, 29, 47, 53, 61, 73, 89, 97, 101, 109]","[3.908990167127363, 4.5071376138689985, 0.915607979965264, 0.5, 1.0]","{""time"": 1.0, ""collisions"": 0.05, ""congestion"": 1.0, ""fairness"": 0.5, ""incomplete_base"": 1000.0, ""incomplete_agent"": 10.0}","[59.64923469387755, 47.71947831978319, 36.13294059891999, 41.738244047619055, 36.96879774093938, 36.914457223567396, 43.799922360248445, 42.66701535643844, 48.397638833926926, 39.608730158730154]","[39.2, 36.9, 29.1, 32.0, 29.3, 29.5, 34.5, 33.800000000000004, 36.1, 31.5]"
ga,11,6,45.97908756885689,36.260000000000005,59.6,1.890278045047363,5.2,13.575714285714287,23.273333333333333,9.697619047619048,True,0.0,hospital_corridor,28,12,"[11, 29, 47, 53, 61, 73, 89, 97, 101, 109]","[3.7640793434540933, 4.773257791998386, 0.9060734579697393, 0.5, 1.0]","{""time"": 1.0, ""collisions"": 0.05, ""congestion"": 1.0, ""fairness"": 0.5, ""incomplete_base"": 1000.0, ""incomplete_agent"": 10.0}","[76.85015836609874, 39.91488463806576, 50.47256690997567, 48.346689584924874, 35.37351994851995, 36.55567010309279, 43.341246498599446, 43.639355742296914, 44.928135479543926, 40.368648417450814]","[54.5, 32.300000000000004, 41.1, 37.4, 29.6, 29.1, 34.0, 35.7, 35.5, 33.4]"
ga,11,7,41.90122632355971,33.07000000000001,44.3,1.8411667997501797,5.4,12.660714285714285,22.210833333333337,9.550119047619049,True,0.0,hospital_corridor,28,12,"[11, 29, 47, 53, 61, 73, 89, 97, 101, 109]","[3.7648714947317528, 4.665136174431719, 0.9047037696225901, 0.5, 1.0]","{""time"": 1.0, ""collisions"": 0.05, ""congestion"": 1.0, ""fairness"": 0.5, ""incomplete_base"": 1000.0, ""incomplete_agent"": 10.0}","[56.321622401847584, 43.64450871898055, 36.62963875205255, 40.80833333333333, 38.213215792646174, 36.57755994005994, 42.012285499785506, 46.879333868378815, 38.40741943241944, 39.518345496093175]","[43.300000000000004, 35.5, 29.0, 31.8, 31.6, 28.6, 33.300000000000004, 35.6, 29.700000000000003, 32.300000000000004]"
ga,11,8,45.58157481525329,35.39,62.9,1.757586720015191,5.4,12.822857142857146,23.40083333333333,10.57797619047619,True,0.0,hospital_corridor,28,12,"[11, 29, 47, 53, 61, 73, 89, 97, 101, 109]","[3.7582304658984347, 4.697014620418318, 0.8899171184447024, 0.5, 1.0]","{""time"": 1.0, ""collisions"": 0.05, ""congestion"": 1.0, ""fairness"": 0.5, ""incomplete_base"": 1000.0, ""incomplete_agent"": 10.0}","[74.00585948252133, 48.86316137566138, 42.54144144144145, 41.597403251330746, 35.70492145311733, 36.55634920634921, 43.28455513784462, 44.02104261012762, 49.74235347985348, 39.49866071428571]","[51.900000000000006, 37.800000000000004, 33.300000000000004, 33.1, 29.1, 28.8, 34.2, 34.7, 39.0, 32.0]"
ga,11,9,41.51060509139121,32.61,49.1,1.872331281867401,5.7,12.694285714285716,21.840833333333336,9.14654761904762,True,0.0,hospital_corridor,28,12,"[11, 29, 47, 53, 61, 73, 89, 97, 101, 109]","[3.6348596264465303, 4.428765222150692, 0.9053591437090376, 0.5, 1.0]","{""time"": 1.0, ""collisions"": 0.05, ""congestion"": 1.0, ""fairness"": 0.5, ""incomplete_base"": 1000.0, ""incomplete_agent"": 10.0}","[48.64256585612969, 44.93289897039897, 36.40549934991061, 37.49272463402322, 36.30093307593308, 38.93905677655678, 46.93526383526384, 44.11700006982265, 41.74449753145406, 39.595610814419224]","[37.6, 37.0, 29.3, 28.3, 29.6, 31.200000000000003, 37.0, 34.1, 29.900000000000002, 32.1]"
ga,11,10,44.24941049262857,34.84,55.0,1.7391723973904676,5.3,12.752857142857142,22.593333333333334,9.840476190476192,True,0.0,hospital_corridor,28,12,"[11, 29, 47, 53, 61, 73, 89, 97, 101, 109]","[3.697854635491961, 4.694097295063306, 0.8952031683099443, 0.5, 1.0]","{""time"": 1.0, ""collisions"": 0.05, ""congestion"": 1.0, ""fairness"": 0.5, ""incomplete_base"": 1000.0, ""incomplete_agent"": 10.0}","[60.2451626425218, 42.762959956709956, 38.97290974529347, 60.780848861283644, 35.8033276450512, 36.0871256099613, 42.78516268677559, 43.18679952644041, 41.99241071428572, 39.87739753796256]","[42.6, 35.2, 30.1, 48.300000000000004, 29.3, 28.3, 34.1, 36.2, 32.0, 32.300000000000004]"
ga,11,11,43.362957304593564,34.580000000000005,44.8,1.7865882569745124,5.3,12.853928571428572,22.366666666666667,9.512738095238095,True,0.0,hospital_corridor,28,12,"[11, 29, 47, 53, 61, 73, 89, 97, 101, 109]","[3.676683477222899, 4.768471526428769, 0.9089831884981925, 0.5, 1.0]","{""time"": 1.0, ""collisions"": 0.05, ""congestion"": 1.0, ""fairness"": 0.5, ""incomplete_base"": 1000.0, ""incomplete_agent"": 10.0}","[61.574019987604586, 44.55952709813207, 37.00741525423729, 38.38636489479513, 35.6338899723712, 37.30009754738016, 52.720810871518424, 41.780547337278115, 42.33619190191047, 42.33070818070818]","[46.1, 36.2, 29.5, 30.1, 29.3, 29.900000000000002, 42.400000000000006, 33.800000000000004, 33.4, 35.1]"
ga,11,12,42.21061826702888,33.790000000000006,42.3,1.8081777908383903,5.2,13.516785714285714,22.511666666666667,8.994880952380953,True,0.0,hospital_corridor,28,12,"[11, 29, 47, 53, 61, 73, 89, 97, 101, 109]","[3.471585507454598, 5.0, 0.900612185560457, 0.5, 1.0]","{""time"": 1.0, ""collisions"": 0.05, ""congestion"": 1.0, ""fairness"": 0.5, ""incomplete_base"": 1000.0, ""incomplete_agent"": 10.0}","[57.14019301895516, 44.472775175644024, 36.56386054421769, 48.20479797979798, 30.621428571428574, 36.913413242009135, 43.81420431420432, 43.12653420523139, 40.79384057971015, 40.455135039090266]","[41.2, 36.6, 29.400000000000002, 39.6, 25.6, 29.200000000000003, 35.1, 35.5, 32.2, 33.5]"
ga,11,13,1143.2379251232694,93.71000000000001,74.5,0.5967525606469003,4.5,13.033851844451846,23.446196969696967,10.412345125245126,False,4.0,hospital_corridor,28,12,"[11, 29, 47, 53, 61, 73, 89, 97, 101, 109]","[3.736823720779891, 3.462256424065046, 1.1127173733853983, 0.5, 1.0]","{""time"": 1.0, ""collisions"": 0.05, ""congestion"": 1.0, ""fairness"": 0.5, ""incomplete_base"": 1000.0, ""incomplete_agent"": 10.0}","[1155.917, 1186.0226666666667, 1135.4621666666667, 1168.3065, 1164.359606060606, 1148.4718181818182, 1130.8701428571428, 1144.525925925926, 48.4585017969452, 1149.984923076923]","[100.0, 100.0, 100.0, 100.0, 100.0, 100.0, 100.0, 100.0, 37.1, 100.0]"
ga,11,14,41.379507209039105,33.22,35.5,1.8471262566581548,5.8,12.85107142857143,21.925833333333337,9.074761904761905,True,0.0,hospital_corridor,28,12,"[11, 29, 47, 53, 61, 73, 89, 97, 101, 109]","[3.606668226239032, 4.54439522465172, 0.9021612556379717, 0.5, 1.0]","{""time"": 1.0, ""collisions"": 0.05, ""congestion"": 1.0, ""fairness"": 0.5, ""incomplete_base"": 1000.0, ""incomplete_agent"": 10.0}","[49.420668795973675, 36.85443722943723, 37.86957671957672, 41.604920155373335, 36.74357142857143, 37.08312146892656, 47.44541636451535, 43.37623626373626, 43.791876750700276, 39.605246913580245]","[36.9, 30.8, 29.700000000000003, 33.1, 30.0, 29.5, 39.400000000000006, 36.4, 34.0, 32.4]"
ga,11,15,44.492193683272696,34.53,59.8,2.0462413023203103,5.6,13.448928571428572,23.300833333333333,9.851904761904763,True,0.0,hospital_corridor,28,12,"[11, 29, 47, 53, 61, 73, 89, 97, 101, 109]","[3.600078101185673, 4.702571466173032, 0.899598961710989, 0.5, 1.0]","{""time"": 1.0, ""collisions"": 0.05, ""congestion"": 1.0, ""fairness"": 0.5, ""incomplete_base"": 1000.0, ""incomplete_agent"": 10.0}","[67.23442975942976, 43.128713574982235, 37.88605442176871, 47.70927672955975, 33.33167817312799, 36.09757326007326, 41.41142857142858, 52.67201680672269, 45.27668128654971, 40.17408424908425]","[48.1, 33.5, 29.400000000000002, 37.1, 26.900000000000002, 28.6, 32.5, 42.5, 34.2, 32.5]"
ga,11,16,43.29334846466589,32.120000000000005,86.7,1.844241321808735,5.7,12.029285714285715,22.017500000000002,9.988214285714287,True,0.0,hospital_corridor,28,12,"[11, 29, 47, 53, 61, 73, 89, 97, 101, 109]","[4.376127439212575, 4.641827880423444, 0.8998922844954536, 0.5, 1.0]","{""time"": 1.0, ""collisions"": 0.05, ""congestion"": 1.0, ""fairness"": 0.5, ""incomplete_base"": 1000.0, ""incomplete_agent"": 10.0}","[62.6988312478276, 47.87534911325235, 36.249900793650795, 42.99971042471043, 35.181678024566715, 36.12254624871531, 42.26350732600733, 46.91907208088715, 42.98970069100196, 39.63318869603916]","[41.1, 34.1, 28.8, 29.6, 28.3, 27.8, 31.200000000000003, 36.5, 31.700000000000003, 32.1]"
ga,11,17,43.33109928159254,32.53,85.4,1.8468730911163522,5.1,12.535714285714286,21.904166666666665,9.368452380952382,True,0.0,hospital_corridor,28,12,"[11, 29, 47, 53, 61, 73, 89, 97, 101, 109]","[4.291438349114335, 4.603082594861241, 0.9056369037782406, 0.5, 1.0]","{""time"": 1.0, ""collisions"": 0.05, ""congestion"": 1.0, ""fairness"": 0.5, ""incomplete_base"": 1000.0, ""incomplete_agent"": 10.0}","[57.853125000000006, 47.878296703296705, 37.39494047619048, 51.65474611595302, 35.18919172932331, 36.236443932411674, 42.33705761760898, 47.94790026246719, 37.367748335893495, 39.45154264278059]","[38.400000000000006, 33.800000000000004, 28.8, 37.7, 28.5, 27.900000000000002, 33.1, 38.1, 27.900000000000002, 31.1]"
ga,11,18,43.672686951758806,32.870000000000005,82.5,1.863579808901661,5.8,12.599285714285715,22.2275,9.628214285714286,True,0.0,hospital_corridor,28,12,"[11, 29, 47, 53, 61, 73, 89, 97, 101, 109]","[3.6260690713769335, 4.425654645496334, 0.8652730825587409, 0.5, 1.0]","{""time"": 1.0, ""collisions"": 0.05, ""congestion"": 1.0, ""fairness"": 0.5, ""incomplete_base"": 1000.0, ""incomplete_agent"": 10.0}","[49.24499115435649, 45.73704973393369, 40.78300219405168, 48.529421119592875, 36.99373465881198, 36.74109675785208, 50.38484042553192, 48.811516706129964, 38.61695508100148, 40.884261686325914]","[32.300000000000004, 34.9, 29.3, 39.300000000000004, 29.1, 28.200000000000003, 37.6, 36.2, 29.1, 32.7]"
ga,11,19,1055.7587015443482,40.19,55.4,2.048261983908753,5.3,12.21412087912088,21.715000000000003,9.500879120879121,False,0.6,hospital_corridor,28,12,"[11, 29, 47, 53, 61, 73, 89, 97, 101, 109]","[3.7636326618005924, 4.72384722606201, 0.8896669453066872, 0.5, 1.0]","{""time"": 1.0, ""collisions"": 0.05, ""congestion"": 1.0, ""fairness"": 0.5, ""incomplete_base"": 1000.0, ""incomplete_agent"": 10.0}","[61.84761904761905, 1170.6945384615385, 37.10193912616593, 37.58831168831169, 36.77363801452785, 36.3453007518797, 42.11883116883117, 50.95119047619048, 43.982555879494655, 40.18309082892416]","[46.2, 100.0, 29.1, 28.6, 29.5, 28.5, 33.0, 40.300000000000004, 34.300000000000004, 32.4]"
ga,11,20,41.16420014768314,32.31,50.8,1.8894977667307586,5.6,12.808928571428572,21.658333333333335,8.849404761904763,True,0.0,hospital_corridor,28,12,"[11, 29, 47, 53, 61, 73, 89, 97, 101, 109]","[3.598806683846882, 4.518187998704745, 0.8958175921307852, 0.5, 1.0]","{""time"": 1.0, ""collisions"": 0.05, ""congestion"": 1.0, ""fairness"": 0.5, ""incomplete_base"": 1000.0, ""incomplete_agent"": 10.0}","[41.73710184742794, 37.05503246753246, 40.94337214509628, 41.86392466822795, 35.17412876915472, 45.859408389394545, 43.73003246753247, 46.107671957671954, 39.595321151716504, 39.576007613076584]","[29.900000000000002, 30.8, 31.900000000000002, 30.5, 28.900000000000002, 36.1, 35.2, 37.800000000000004, 30.1, 31.900000000000002]"
ga,11,21,42.681162340405606,33.97,41.4,1.833126626119895,5.6,12.711428571428574,22.3275,9.616071428571427,True,0.0,hospital_corridor,28,12,"[11, 29, 47, 53, 61, 73, 89, 97, 101, 109]","[3.6206310243594317, 4.518187998704745, 0.8958175921307852, 0.5, 1.0]","{""time"": 1.0, ""collisions"": 0.05, ""congestion"": 1.0, ""fairness"": 0.5, ""incomplete_base"": 1000.0, ""incomplete_agent"": 10.0}","[50.050818256062314, 39.183745421245426, 36.43269732550554, 53.454618226600985, 34.9037616593029, 36.94550040355125, 41.889057750759875, 54.90271164021164, 38.752575436115045, 40.29613728470111]","[37.9, 31.200000000000003, 29.200000000000003, 43.5, 29.1, 29.5, 32.9, 43.2, 30.3, 32.9]"
ga,11,22,43.1174421379594,34.050000000000004,51.6,1.7993468998641595,5.5,12.84714285714286,22.223333333333336,9.376190476190477,True,0.0,hospital_corridor,28,12,"[11, 29, 47, 53, 61, 73, 89, 97, 101, 109]","[3.766384515899908, 4.489436487021908, 0.9173823477075348, 0.5, 1.0]","{""time"": 1.0, ""collisions"": 0.05, ""congestion"": 1.0, ""fairness"": 0.5, ""incomplete_base"": 1000.0, ""incomplete_agent"": 10.0}","[58.18397160068847, 47.728953972334445, 35.948091556210116, 37.07163721158567, 36.044578507078505, 36.862698412698414, 42.16028516057586, 56.31284239359461, 38.84231494578029, 42.019047619047626]","[41.5, 38.900000000000006, 29.1, 29.1, 29.6, 28.8, 34.4, 45.2, 30.3, 33.6]"
ga,11,23,41.47852220834678,32.22,56.3,1.8479269702515477,5.8,12.479642857142856,21.670833333333334,9.191190476190476,True,0.0,hospital_corridor,28,12,"[11, 29, 47, 53, 61, 73, 89, 97, 101, 109]","[3.675898283408486, 4.45906269263985, 0.896119537862529, 0.5, 1.0]","{""time"": 1.0, ""collisions"": 0.05, ""congestion"": 1.0, ""fairness"": 0.5, ""incomplete_base"": 1000.0, ""incomplete_agent"": 10.0}","[53.52042124542125, 45.20715894465894, 37.29506802721089, 37.60314685314685, 36.1820197044335, 37.39571226795803, 43.21377401837928, 41.951767945984365, 42.71049831436999, 39.70565476190476]","[35.1, 37.0, 29.400000000000002, 28.6, 29.0, 29.5, 34.2, 33.5, 33.9, 32.0]"
ga,12,0,40.359994571363,32.019999999999996,40.2,1.8513040951725384,5.8,12.479285714285716,21.436666666666664,8.957380952380952,True,0.0,hospital_corridor,28,12,"[11, 29, 47, 53, 61, 73, 89, 97, 101, 109]","[3.5816365612186947, 4.518187998704745, 0.8958175921307852, 0.5, 1.0]","{""time"": 1.0, ""collisions"": 0.05, ""congestion"": 1.0, ""fairness"": 0.5, ""incomplete_base"": 1000.0, ""incomplete_agent"": 10.0}","[53.13176991926992, 36.413013538748835, 36.815816326530616, 37.58696243203164, 32.37801771871539, 36.43167828106853, 44.11011904761905, 42.11472036028488, 45.36949109672199, 39.24835699263933]","[40.7, 30.6, 29.400000000000002, 28.900000000000002, 25.8, 28.700000000000003, 35.0, 34.1, 35.300000000000004, 31.700000000000003]"
ga,12,1,40.359994571363,32.019999999999996,40.2,1.8513040951725384,5.8,12.479285714285716,21.436666666666664,8.957380952380952,True,0.0,hospital_corridor,28,12,"[11, 29, 47, 53, 61, 73, 89, 97, 101, 109]","[3.5816365612186947, 4.518187998704745, 0.8958175921307852, 0.5, 1.0]","{""time"": 1.0, ""collisions"": 0.05, ""congestion"": 1.0, ""fairness"": 0.5, ""incomplete_base"": 1000.0, ""incomplete_agent"": 10.0}","[53.13176991926992, 36.413013538748835, 36.815816326530616, 37.58696243203164, 32.37801771871539, 36.43167828106853, 44.11011904761905, 42.11472036028488, 45.36949109672199, 39.24835699263933]","[40.7, 30.6, 29.400000000000002, 28.900000000000002, 25.8, 28.700000000000003, 35.0, 34.1, 35.300000000000004, 31.700000000000003]"
ga,12,2,43.28813279620263,32.8,75.4,1.8353947009645317,5.3,12.230357142857144,21.995833333333334,9.76547619047619,True,0.0,hospital_corridor,28,12,"[11, 29, 47, 53, 61, 73, 89, 97, 101, 109]","[4.16840560210967, 4.578671708803075, 0.9002199487806745, 0.5, 1.0]","{""time"": 1.0, ""collisions"": 0.05, ""congestion"": 1.0, ""fairness"": 0.5, ""incomplete_base"": 1000.0, ""incomplete_agent"": 10.0}","[50.276040775591675, 54.58929750117869, 35.892162698412704, 51.53020353302612, 35.416917293233084, 38.10476190476191, 40.39541349455143, 44.03813559322033, 43.210641025641024, 39.42775414240932]","[33.4, 40.400000000000006, 28.8, 37.2, 28.5, 28.0, 31.900000000000002, 35.4, 32.5, 31.900000000000002]"
ga,12,3,43.38373031204037,33.61000000000001,57.1,1.8967660263260864,5.8,12.608571428571429,22.6525,10.043928571428571,True,0.0,hospital_corridor,28,12,"[11, 29, 47, 53, 61, 73, 89, 97, 101, 109]","[3.7046693082233597, 4.542598884762911, 0.9012345471283513, 0.5, 1.0]","{""time"": 1.0, ""collisions"": 0.05, ""congestion"": 1.0, ""fairness"": 0.5, ""incomplete_base"": 1000.0, ""incomplete_agent"": 10.0}","[50.88022449927047, 55.41076652369956, 37.50391507118311, 48.54776541764247, 37.309585174275895, 36.764786967418544, 45.311904761904756, 41.76396299483649, 38.809357696567005, 41.53503401360545]","[35.9, 43.300000000000004, 29.1, 36.6, 29.1, 28.5, 36.0, 33.2, 30.1, 34.300000000000004]"
ga,12,4,41.172558988130966,32.540000000000006,39.8,1.7765470833690522,5.2,12.204642857142858,21.936666666666667,9.73202380952381,True,0.0,hospital_corridor,28,12,"[11, 29, 47, 53, 61, 73, 89, 97, 101, 109]","[3.765630799243977, 4.63788916651025, 0.895868379589103, 0.5, 1.0]","{""time"": 1.0, ""collisions"": 0.05, ""congestion"": 1.0, ""fairness"": 0.5, ""incomplete_base"": 1000.0, ""incomplete_agent"": 10.0}","[42.31223778900628, 49.96403318903319, 36.81013535551207, 39.82098456646503, 34.546414053426254, 36.21758886653253, 48.08958721869949, 44.710433386837884, 37.420366961217475, 41.83380849457939]","[31.1, 39.6, 29.200000000000003, 30.700000000000003, 28.700000000000003, 28.400000000000002, 38.300000000000004, 35.6, 29.1, 34.7]"
ga,12,5,43.47675775589841,32.75,78.5,1.890745851136511,5.5,12.079642857142858,21.90166666666667,9.82202380952381,True,0.0,hospital_corridor,28,12,"[11, 29, 47, 53, 61, 73, 89, 97, 101, 109]","[4.327872563700312, 4.5166834949433765, 0.9111344288833197, 0.5, 1.0]","{""time"": 1.0, ""collisions"": 0.05, ""congestion"": 1.0, ""fairness"": 0.5, ""incomplete_base"": 1000.0, ""incomplete_agent"": 10.0}","[60.74924055829229, 52.138424065278286, 36.135728703246, 41.796961765162095, 36.22027555777556, 36.75130486358244, 47.622538424591745, 46.306770417664275, 35.999942396313365, 41.04639080707811]","[40.6, 39.1, 28.900000000000002, 30.700000000000003, 28.6, 28.1, 34.7, 35.800000000000004, 27.900000000000002, 33.1]"
ga,12,6,42.109365824703055,33.54,39.7,1.7750801104173384,5.2,12.81642857142857,22.435000000000002,9.618571428571428,True,0.0,hospital_corridor,28,12,"[11, 29, 47, 53, 61, 73, 89, 97, 101, 109]","[3.523853549836681, 4.762316959012544, 0.8968601459911267, 0.5, 1.0]","{""time"": 1.0, ""collisions"": 0.05, ""congestion"": 1.0, ""fairness"": 0.5, ""incomplete_base"": 1000.0, ""incomplete_agent"": 10.0}","[65.08127924580238, 39.18822362278245, 37.2968525766471, 44.710228034875925, 34.32172619047619, 37.236528928977734, 42.43625541125541, 42.02075958702065, 38.66753848003848, 40.13426616915422]","[51.900000000000006, 30.6, 29.200000000000003, 35.5, 28.8, 29.3, 33.0, 33.9, 29.700000000000003, 33.5]"
ga,12,7,41.901707075521934,33.19,38.2,1.8080165993314654,5.6,12.806785714285715,22.794166666666666,9.987380952380951,True,0.0,hospital_corridor,28,12,"[11, 29, 47, 53, 61, 73, 89, 97, 101, 109]","[3.5293685188366117, 4.779368486389077, 0.8995696317001154, 0.5, 1.0]","{""time"": 1.0, ""collisions"": 0.05, ""congestion"": 1.0, ""fairness"": 0.5, ""incomplete_base"": 1000.0, ""incomplete_agent"": 10.0}","[46.914733386390765, 44.45239800791376, 45.92637801696021, 40.220777105630525, 30.675, 37.24530244530244, 50.35845771144278, 43.19406138177814, 39.342817723115736, 40.68714497668504]","[35.9, 34.9, 36.5, 30.700000000000003, 25.6, 29.6, 40.2, 34.6, 30.200000000000003, 33.7]"
ga,12,8,43.7926123723882,34.08,59.2,1.828445705721538,5.3,12.6925,22.54083333333333,9.848333333333333,True,0.0,hospital_corridor,28,12,"[11, 29, 47, 53, 61, 73, 89, 97, 101, 109]","[3.6642421859080767, 4.370612622140848, 0.9009173776431278, 0.5, 1.0]","{""time"": 1.0, ""collisions"": 0.05, ""congestion"": 1.0, ""fairness"": 0.5, ""incomplete_base"": 1000.0, ""incomplete_agent"": 10.0}","[54.46040476190477, 42.38392857142857, 36.46617503656753, 56.24160509031199, 36.36311541565779, 36.89265873015873, 48.864965986394566, 42.83576604554865, 43.97314241486069, 39.44436167104879]","[37.5, 33.6, 29.3, 43.5, 29.5, 28.8, 39.2, 34.5, 32.300000000000004, 32.6]"
ga,12,9,42.409021032537474,33.34,47.9,1.8193186515850854,5.7,12.503928571428572,22.213333333333335,9.70940476190476,True,0.0,hospital_corridor,28,12,"[11, 29, 47, 53, 61, 73, 89, 97, 101, 109]","[3.8263845424379808, 4.515346454257169, 0.9105081944529214, 0.5, 1.0]","{""time"": 1.0, ""collisions"": 0.05, ""congestion"": 1.0, ""fairness"": 0.5, ""incomplete_base"": 1000.0, ""incomplete_agent"": 10.0}","[57.91604467629749, 51.28789584071842, 36.362115199615204, 41.32261904761905, 35.120996412263544, 35.98511273767458, 43.252614731693285, 43.07778182701652, 40.83047235023042, 38.93455750224618]","[44.5, 40.300000000000004, 29.700000000000003, 31.200000000000003, 29.200000000000003, 28.3, 33.1, 34.300000000000004, 31.0, 31.8]"
ga,12,10,43.45912313956217,33.34,69.0,1.8091826633716945,4.8,12.594285714285714,22.314166666666672,9.719880952380953,True,0.0,hospital_corridor,28,12,"[11, 29, 47, 53, 61, 73, 89, 97, 101, 109]","[3.7291758232746255, 4.20970543840327, 0.9089488466897095, 0.5, 1.0]","{""time"": 1.0, ""collisions"": 0.05, ""congestion"": 1.0, ""fairness"": 0.5, ""incomplete_base"": 1000.0, ""incomplete_agent"": 10.0}","[62.0989771151179, 46.21764705882354, 35.915044031311155, 42.856575433911885, 35.21942548350398, 36.17949966699967, 41.979870129870136, 52.162360561353005, 42.26379399585922, 39.69803791887125]","[41.2, 35.7, 29.200000000000003, 32.1, 29.3, 28.6, 33.0, 39.7, 32.2, 32.4]"
ga,12,11,40.94874524455305,30.630000000000003,80.4,1.8870785778863766,5.6,12.062500000000002,20.885833333333334,8.823333333333334,True,0.0,hospital_corridor,28,12,"[11, 29, 47, 53, 61, 73, 89, 97, 101, 109]","[4.398096810814045, 4.480371401251519, 0.913792644726863, 0.5, 1.0]","{""time"": 1.0, ""collisions"": 0.05, ""congestion"": 1.0, ""fairness"": 0.5, ""incomplete_base"": 1000.0, ""incomplete_agent"": 10.0}","[54.42948717948718, 43.12367123617123, 37.220734126984134, 38.30713865051321, 34.37484225138819, 37.3263044579534, 49.3039432391868, 40.23455394816155, 36.77571174377224, 38.391065611912516]","[37.7, 29.700000000000003, 28.8, 28.3, 28.3, 28.200000000000003, 34.9, 31.6, 28.1, 30.700000000000003]"
ga,12,12,44.06752455804429,34.67,51.5,1.8889531294728588,5.9,13.197857142857142,23.065000000000005,9.867142857142857,True,0.0,hospital_corridor,28,12,"[11, 29, 47, 53, 61, 73, 89, 97, 101, 109]","[3.597769284777265, 4.641662056809986, 0.8966201734559436, 0.5, 1.0]","{""time"": 1.0, ""collisions"": 0.05, ""congestion"": 1.0, ""fairness"": 0.5, ""incomplete_base"": 1000.0, ""incomplete_agent"": 10.0}","[59.47085622710623, 42.70045045045046, 37.49685519258898, 59.17627865961199, 35.77952140452141, 36.179094076655055, 42.46930428134557, 41.921273291925466, 46.18484698588577, 39.296765010351976]","[41.6, 33.300000000000004, 29.3, 48.6, 29.700000000000003, 28.700000000000003, 32.7, 34.5, 36.1, 32.2]"
ga,12,13,44.62076957250902,36.31,27.5,1.819400524889971,5.2,13.518928571428571,23.75166666666667,10.232738095238096,True,0.0,hospital_corridor,28,12,"[11, 29, 47, 53, 61, 73, 89, 97, 101, 109]","[3.7487387711731825, 4.541662116326478, 0.9733030494225462, 0.5, 1.0]","{""time"": 1.0, ""collisions"": 0.05, ""congestion"": 1.0, ""fairness"": 0.5, ""incomplete_base"": 1000.0, ""incomplete_agent"": 10.0}","[43.015289518174136, 46.58704354798915, 49.24509983700082, 41.90797619047619, 34.80640637610976, 42.745683199095666, 50.54049823633157, 48.89843966712899, 45.69495798319328, 42.76630116959065]","[33.800000000000004, 38.6, 40.900000000000006, 35.0, 29.5, 33.7, 40.5, 41.2, 35.7, 34.2]"
ga,12,14,44.21780244451298,33.89,74.9,1.8653619683225025,5.5,12.876785714285713,22.31166666666667,9.434880952380952,True,0.0,hospital_corridor,28,12,"[11, 29, 47, 53, 61, 73, 89, 97, 101, 109]","[3.9627229908059833, 4.6502586039485765, 0.9085317028063684, 0.5, 1.0]","{""time"": 1.0, ""collisions"": 0.05, ""congestion"": 1.0, ""fairness"": 0.5, ""incomplete_base"": 1000.0, ""incomplete_agent"": 10.0}","[68.5542225950783, 44.90167421435433, 37.445806923451975, 41.043605990783405, 35.14213875205254, 38.10726022803488, 40.37083333333333, 52.87908163265307, 43.417571851225695, 40.31582892416226]","[44.7, 34.7, 29.3, 31.0, 29.0, 28.400000000000002, 31.5, 44.1, 33.800000000000004, 32.4]"
ga,12,15,61.992617865533795,29.21,526.5,1.9730940560099852,5.7,11.396785714285716,20.365833333333335,8.969047619047618,True,0.0,hospital_corridor,28,12,"[11, 29, 47, 53, 61, 73, 89, 97, 101, 109]","[4.290908351768986, 5.0, 0.7719736612899956, 0.5, 1.0]","{""time"": 1.0, ""collisions"": 0.05, ""congestion"": 1.0, ""fairness"": 0.5, ""incomplete_base"": 1000.0, ""incomplete_agent"": 10.0}","[72.91959255533199, 68.99416746564397, 54.44398238747555, 90.97261904761906, 60.706593406593406, 45.47044817927171, 60.491935107376285, 64.29669811320754, 50.77394688644689, 50.85619550637156]","[28.400000000000002, 29.8, 29.200000000000003, 30.8, 28.6, 27.200000000000003, 30.6, 31.8, 27.3, 28.400000000000002]"
ga,12,16,42.96872923720116,33.230000000000004,67.3,1.6996816181535366,5.3,12.69357142857143,22.04166666666667,9.348095238095238,True,0.0,hospital_corridor,28,12,"[11, 29, 47, 53, 61, 73, 89, 97, 101, 109]","[3.1191228345572766, 4.806064262198692, 0.8451578781094333, 0.5, 1.0]","{""time"": 1.0, ""collisions"": 0.05, ""congestion"": 1.0, ""fairness"": 0.5, ""incomplete_base"": 1000.0, ""incomplete_agent"": 10.0}","[60.43064784053157, 39.98373626373627, 38.61561601150528, 41.453060158232574, 34.71642036124795, 38.15372635355513, 46.64462608987257, 45.50201618251758, 42.76526915113872, 41.42217395967396]","[43.0, 32.5, 29.8, 31.900000000000002, 29.0, 29.200000000000003, 35.5, 35.9, 32.2, 33.300000000000004]"
ga,12,17,42.006748811182256,32.58,52.9,1.8550226207060638,5.6,12.270714285714288,22.124166666666667,9.85345238095238,True,0.0,hospital_corridor,28,12,"[11, 29, 47, 53, 61, 73, 89, 97, 101, 109]","[3.9972212168083137, 4.835763618224751, 0.9001780893333962, 0.5, 1.0]","{""time"": 1.0, ""collisions"": 0.05, ""congestion"": 1.0, ""fairness"": 0.5, ""incomplete_base"": 1000.0, ""incomplete_agent"": 10.0}","[53.14858923884515, 43.87682132682133, 36.00045662100457, 49.463095238095235, 35.64529637029637, 36.220288753799394, 41.7242627785059, 42.95146103896104, 41.20623706004141, 39.830979685452164]","[38.1, 35.1, 29.200000000000003, 36.0, 28.6, 28.200000000000003, 32.7, 33.0, 32.2, 32.7]"
ga,12,18,42.49196853723602,33.44,50.7,1.8223852039026933,5.5,12.852500000000001,22.241666666666667,9.389166666666668,True,0.0,hospital_corridor,28,12,"[11, 29, 47, 53, 61, 73, 89, 97, 101, 109]","[3.9753558253001673, 5.0, 0.9009758717378125, 0.5, 1.0]","{""time"": 1.0, ""collisions"": 0.05, ""congestion"": 1.0, ""fairness"": 0.5, ""incomplete_base"": 1000.0, ""incomplete_agent"": 10.0}","[54.94166666666667, 39.0642627468994, 36.24256360078278, 41.617412038999575, 34.78125, 38.3318748029013, 41.081547619047626, 47.621722200944724, 50.14957482993198, 41.087810866186246]","[40.0, 31.1, 29.200000000000003, 33.7, 28.8, 30.200000000000003, 31.200000000000003, 37.300000000000004, 39.2, 33.7]"
ga,12,19,41.18689582318971,32.06,53.0,1.8002886803325613,5.4,12.294285714285715,21.6475,9.353214285714285,True,0.0,hospital_corridor,28,12,"[11, 29, 47, 53, 61, 73, 89, 97, 101, 109]","[3.9712609217576795, 4.540463688869923, 0.8970029760309444, 0.5, 1.0]","{""time"": 1.0, ""collisions"": 0.05, ""congestion"": 1.0, ""fairness"": 0.5, ""incomplete_base"": 1000.0, ""incomplete_agent"": 10.0}","[46.001246223564955, 42.90238095238096, 35.6071181413742, 41.40560776942356, 34.21626016260163, 37.145063025210085, 42.78307522123893, 47.713575469352236, 43.94399585921325, 40.15063540753725]","[33.1, 33.6, 28.900000000000002, 30.400000000000002, 28.700000000000003, 28.900000000000002, 33.9, 38.300000000000004, 32.2, 32.6]"
ga,12,20,42.39388214699386,33.57000000000001,41.1,1.88037024223195,5.0,12.892142857142858,22.66916666666667,9.777023809523811,True,0.0,hospital_corridor,28,12,"[11, 29, 47, 53, 61, 73, 89, 97, 101, 109]","[3.56219942336035, 4.790381543967824, 0.8970028867771078, 0.5, 1.0]","{""time"": 1.0, ""collisions"": 0.05, ""congestion"": 1.0, ""fairness"": 0.5, ""incomplete_base"": 1000.0, ""incomplete_agent"": 10.0}","[59.71957922367166, 49.579530170846965, 41.89969968349878, 42.638405797101456, 31.37074175824176, 36.59285714285714, 41.37563323201621, 43.396796895553805, 38.437803532008836, 38.92777403414196]","[44.900000000000006, 39.300000000000004, 33.1, 32.2, 26.0, 29.1, 32.9, 36.2, 30.200000000000003, 31.8]"
ga,12,21,44.42486205212161,36.43,25.8,1.7212310997406663,5.1,13.818571428571428,23.785833333333336,9.967261904761905,True,0.0,hospital_corridor,28,12,"[11, 29, 47, 53, 61, 73, 89, 97, 101, 109]","[3.4910226453129423, 4.727806454736921, 0.9569363539886263, 0.5, 1.0]","{""time"": 1.0, ""collisions"": 0.05, ""congestion"": 1.0, ""fairness"": 0.5, ""incomplete_base"": 1000.0, ""incomplete_agent"": 10.0}","[49.01464285714286, 38.26653726708075, 52.69517195767197, 47.46941486106011, 33.68359322602281, 41.56762820512821, 44.89459109730849, 48.183543417366955, 48.60410806809771, 39.86938956433637]","[40.0, 32.2, 43.2, 38.900000000000006, 28.400000000000002, 32.5, 36.800000000000004, 40.800000000000004, 38.6, 32.9]"
ga,12,22,1184.608528832604,36.82,2811.8,1.865217144292331,5.9,11.329285714285714,19.995909090909088,8.666623376623377,False,0.1,hospital_corridor,28,12,"[11, 29, 47, 53, 61, 73, 89, 97, 101, 109]","[3.5924153610512866, 4.518187998704745, 0.5, 0.5, 1.0]","{""time"": 1.0, ""collisions"": 0.05, ""congestion"": 1.0, ""fairness"": 0.5, ""incomplete_base"": 1000.0, ""incomplete_agent"": 10.0}","[1280.9000454545453, 186.47349624060152, 144.86588698859825, 158.52236223921005, 199.6449608904934, 142.95511817865832, 178.8707010582011, 235.11048454469505, 157.7484989648033, 160.9937337662338]","[100.0, 28.5, 28.400000000000002, 29.900000000000002, 27.700000000000003, 27.400000000000002, 32.4, 34.2, 32.2, 27.5]"
ga,12,23,1116.9279457642938,81.10999999999999,22.7,0.924911631759555,4.6,13.779022644022643,25.295090909090913,11.516068265068267,False,2.8,hospital_corridor,28,12,"[11, 29, 47, 53, 61, 73, 89, 97, 101, 109]","[3.5880278840142896, 4.518187998704745, 1.0632881647841566, 0.5, 1.0]","{""time"": 1.0, ""collisions"": 0.05, ""congestion"": 1.0, ""fairness"": 0.5, ""incomplete_base"": 1000.0, ""incomplete_agent"": 10.0}","[1130.8101538461538, 1147.5346666666667, 38.404153354632584, 1166.636621212121, 1185.4057878787878, 50.96071428571429, 1147.2432307692306, 1127.7437857142857, 45.972486772486775, 1128.567857142857]","[100.0, 100.0, 31.3, 100.0, 100.0, 42.0, 100.0, 100.0, 37.800000000000004, 100.0]"
ga,13,0,40.359994571363,32.019999999999996,40.2,1.8513040951725384,5.8,12.479285714285716,21.436666666666664,8.957380952380952,True,0.0,hospital_corridor,28,12,"[11, 29, 47, 53, 61, 73, 89, 97, 101, 109]","[3.5816365612186947, 4.518187998704745, 0.8958175921307852, 0.5, 1.0]","{""time"": 1.0, ""collisions"": 0.05, ""congestion"": 1.0, ""fairness"": 0.5, ""incomplete_base"": 1000.0, ""incomplete_agent"": 10.0}","[53.13176991926992, 36.413013538748835, 36.815816326530616, 37.58696243203164, 32.37801771871539, 36.43167828106853, 44.11011904761905, 42.11472036028488, 45.36949109672199, 39.24835699263933]","[40.7, 30.6, 29.400000000000002, 28.900000000000002, 25.8, 28.700000000000003, 35.0, 34.1, 35.300000000000004, 31.700000000000003]"
ga,13,1,40.359994571363,32.019999999999996,40.2,1.8513040951725384,5.8,12.479285714285716,21.436666666666664,8.957380952380952,True,0.0,hospital_corridor,28,12,"[11, 29, 47, 53, 61, 73, 89, 97, 101, 109]","[3.5816365612186947, 4.518187998704745, 0.8958175921307852, 0.5, 1.0]","{""time"": 1.0, ""collisions"": 0.05, ""congestion"": 1.0, ""fairness"": 0.5, ""incomplete_base"": 1000.0, ""incomplete_agent"": 10.0}","[53.13176991926992, 36.413013538748835, 36.815816326530616, 37.58696243203164, 32.37801771871539, 36.43167828106853, 44.11011904761905, 42.11472036028488, 45.36949109672199, 39.24835699263933]","[40.7, 30.6, 29.400000000000002, 28.900000000000002, 25.8, 28.700000000000003, 35.0, 34.1, 35.300000000000004, 31.700000000000003]"
ga,13,2,1055.5551843634296,39.35,71.8,2.025987934858173,5.0,12.250357142857144,21.42875,9.178392857142857,False,0.6,hospital_corridor,28,12,"[11, 29, 47, 53, 61, 73, 89, 97, 101, 109]","[3.933620788284105, 4.505722828192921, 0.8963318074021642, 0.5, 1.0]","{""time"": 1.0, ""collisions"": 0.05, ""congestion"": 1.0, ""fairness"": 0.5, ""incomplete_base"": 1000.0, ""incomplete_agent"": 10.0}","[60.8467132505176, 1174.10125, 35.823214285714286, 47.61513878278585, 35.745279146141215, 37.187844611528824, 43.303419158361024, 42.11461038961039, 38.9883671115505, 39.82600689808634]","[41.400000000000006, 100.0, 28.8, 37.4, 29.0, 28.5, 34.4, 33.0, 28.900000000000002, 32.1]"
ga,13,3,49.40457588621591,31.890000000000004,222.7,1.8508854100254246,5.7,11.751785714285713,20.809166666666663,9.057380952380953,True,0.0,hospital_corridor,28,12,"[11, 29, 47, 53, 61, 73, 89, 97, 101, 109]","[4.046112583748634, 4.492836571763343, 0.8121993089414958, 0.5, 1.0]","{""time"": 1.0, ""collisions"": 0.05, ""congestion"": 1.0, ""fairness"": 0.5, ""incomplete_base"": 1000.0, ""incomplete_agent"": 10.0}","[69.1930900621118, 50.502472527472534, 37.998562366122925, 57.41494807121662, 40.614317042606515, 39.422419186652775, 55.41996521128559, 51.37075057295646, 50.8885989010989, 41.22063492063492]","[34.5, 31.200000000000003, 28.900000000000002, 33.7, 28.5, 27.400000000000002, 37.300000000000004, 37.4, 31.200000000000003, 28.8]"
ga,13,4,43.34001661701066,33.95,51.3,1.8518618551059038,5.3,12.215357142857144,22.161666666666665,9.946309523809525,True,0.0,hospital_corridor,28,12,"[11, 29, 47, 53, 61, 73, 89, 97, 101, 109]","[4.3178147712500445, 4.961136746933576, 0.8970827857934742, 0.5, 1.0]","{""time"": 1.0, ""collisions"": 0.05, ""congestion"": 1.0, ""fairness"": 0.5, ""incomplete_base"": 1000.0, ""incomplete_agent"": 10.0}","[51.29620927318297, 57.07708333333334, 35.48769841269841, 44.56023302938197, 33.57535125357563, 36.33644018583043, 49.98074878776576, 45.008048289738426, 39.88369047619047, 40.19466312840926]","[39.900000000000006, 44.800000000000004, 28.8, 32.9, 28.3, 28.700000000000003, 38.300000000000004, 35.5, 30.0, 32.300000000000004]"
ga,13,5,46.01159828082787,34.45,89.5,1.9605268522564345,5.5,12.827857142857145,23.080000000000005,10.252142857142859,True,0.0,hospital_corridor,28,12,"[11, 29, 47, 53, 61, 73, 89, 97, 101, 109]","[4.05154296132168, 4.489640870315614, 0.9137128349643331, 0.5, 1.0]","{""time"": 1.0, ""collisions"": 0.05, ""congestion"": 1.0, ""fairness"": 0.5, ""incomplete_base"": 1000.0, ""incomplete_agent"": 10.0}","[66.41843096951011, 55.027723970944315, 36.42126436781609, 43.58271584334668, 35.2, 41.43305322128852, 49.78718791864573, 50.745304232804244, 41.945960217942975, 39.55434206598]","[41.7, 41.300000000000004, 29.0, 32.1, 29.1, 30.6, 39.1, 37.800000000000004, 31.900000000000002, 31.900000000000002]"
ga,13,6,48.28205455606588,39.74000000000001,28.7,1.6521736036849173,5.1,14.546071428571429,25.455833333333338,10.909761904761904,True,0.0,hospital_corridor,28,12,"[11, 29, 47, 53, 61, 73, 89, 97, 101, 109]","[2.6847737449335796, 4.458704252764979, 0.9019741123442262, 0.5, 1.0]","{""time"": 1.0, ""collisions"": 0.05, ""congestion"": 1.0, ""fairness"": 0.5, ""incomplete_base"": 1000.0, ""incomplete_agent"": 10.0}","[78.1116616364856, 38.48001780151313, 41.21347467990218, 49.95661592505855, 35.71928294573644, 47.09469047619048, 46.95917186926185, 47.578912237718306, 53.29548872180451, 44.4112292669877]","[63.900000000000006, 32.1, 33.1, 42.7, 30.1, 37.5, 38.900000000000006, 37.9, 45.6, 35.6]"
ga,13,7,1105.9103678090078,72.28,40.9,0.9948027490677906,4.3,13.701900183150183,24.883030303030306,11.18113011988012,False,2.5,hospital_corridor,28,12,"[11, 29, 47, 53, 61, 73, 89, 97, 101, 109]","[3.6912093374068955, 4.453570485702347, 1.0436093258357189, 0.5, 1.0]","{""time"": 1.0, ""collisions"": 0.05, ""congestion"": 1.0, ""fairness"": 0.5, ""incomplete_base"": 1000.0, ""incomplete_agent"": 10.0}","[56.24212749615976, 1147.9946666666667, 37.465507518797, 1143.8664166666667, 1184.6341515151514, 54.33073076485965, 1168.6941538461538, 87.03194199490497, 42.02598162071846, 1136.818]","[43.400000000000006, 100.0, 30.400000000000002, 100.0, 100.0, 41.900000000000006, 100.0, 72.9, 34.2, 100.0]"
ga,13,8,1231.2043487678548,100.0,6.4,0.42700000000000005,3.6,14.9041675436557,25.818865079365082,10.914697535709381,False,12.5,hospital_corridor,28,12,"[11, 29, 47, 53, 61, 73, 89, 97, 101, 109]","[2.83303946186208, 4.63788916651025, 1.2251444214373945, 0.5, 1.0]","{""time"": 1.0, ""collisions"": 0.05, ""congestion"": 1.0, ""fairness"": 0.5, ""incomplete_base"": 1000.0, ""incomplete_agent"": 10.0}","[1232.3019736842105, 1266.3922499999999, 1195.9279393939394, 1225.0716549707602, 1215.3795263157895, 1167.122, 1197.132391304348, 1309.3883529411764, 1223.6574347826088, 1279.6699642857143]","[100.0, 100.0, 100.0, 100.0, 100.0, 100.0, 100.0, 100.0, 100.0, 100.0]"
ga,13,9,41.172558988130966,32.540000000000006,39.8,1.7765470833690522,5.2,12.204642857142858,21.936666666666667,9.73202380952381,True,0.0,hospital_corridor,28,12,"[11, 29, 47, 53, 61, 73, 89, 97, 101, 109]","[3.765630799243977, 4.63788916651025, 0.895868379589103, 0.5, 1.0]","{""time"": 1.0, ""collisions"": 0.05, ""congestion"": 1.0, ""fairness"": 0.5, ""incomplete_base"": 1000.0, ""incomplete_agent"": 10.0}","[42.31223778900628, 49.96403318903319, 36.81013535551207, 39.82098456646503, 34.546414053426254, 36.21758886653253, 48.08958721869949, 44.710433386837884, 37.420366961217475, 41.83380849457939]","[31.1, 39.6, 29.200000000000003, 30.700000000000003, 28.700000000000003, 28.400000000000002, 38.300000000000004, 35.6, 29.1, 34.7]"
ga,13,10,42.004819362215805,31.910000000000004,70.1,1.8163669812634105,5.6,12.201428571428574,21.74833333333333,9.546904761904765,True,0.0,hospital_corridor,28,12,"[11, 29, 47, 53, 61, 73, 89, 97, 101, 109]","[3.9819088184269886, 4.607925819713612, 0.8972961396904776, 0.5, 1.0]","{""time"": 1.0, ""collisions"": 0.05, ""congestion"": 1.0, ""fairness"": 0.5, ""incomplete_base"": 1000.0, ""incomplete_agent"": 10.0}","[48.83168273444347, 48.86485602094241, 36.54183143845774, 45.358387445887445, 37.58527568922306, 37.649035303776685, 40.71852469959947, 44.848241098241104, 39.15596509066261, 40.494394100923955]","[32.6, 38.2, 28.900000000000002, 33.0, 30.400000000000002, 29.0, 32.1, 33.300000000000004, 28.1, 33.5]"
ga,13,11,43.586991297940976,33.7,65.4,1.8234198693695471,5.7,12.657857142857143,22.245,9.587142857142856,True,0.0,hospital_corridor,28,12,"[11, 29, 47, 53, 61, 73, 89, 97, 101, 109]","[3.952127582926658, 4.608635055599713, 0.8987921886792999, 0.5, 1.0]","{""time"": 1.0, ""collisions"": 0.05, ""congestion"": 1.0, ""fairness"": 0.5, ""incomplete_base"": 1000.0, ""incomplete_agent"": 10.0}","[56.85504201680673, 41.15258189262966, 40.92278138528138, 55.908381290905, 35.75853174603174, 37.50686562296151, 41.35507246376812, 48.943421052631585, 37.56290650406504, 39.904329004329]","[40.800000000000004, 31.400000000000002, 30.8, 42.2, 28.8, 29.200000000000003, 32.2, 39.900000000000006, 28.700000000000003, 33.0]"
ga,13,12,43.51063448970754,32.410000000000004,85.7,1.9908725849456288,5.8,12.374642857142856,22.024166666666666,9.64952380952381,True,0.0,hospital_corridor,28,12,"[11, 29, 47, 53, 61, 73, 89, 97, 101, 109]","[4.300340199969342, 4.578271532759846, 0.9087893353059767, 0.5, 1.0]","{""time"": 1.0, ""collisions"": 0.05, ""congestion"": 1.0, ""fairness"": 0.5, ""incomplete_base"": 1000.0, ""incomplete_agent"": 10.0}","[49.32595506048078, 46.79955858747994, 36.81388888888889, 45.49821428571429, 36.35094367015099, 38.53632011523471, 52.742156419529834, 49.171452899961075, 38.54469351570416, 41.32316145393069]","[31.1, 35.6, 28.8, 33.6, 28.700000000000003, 28.1, 39.5, 36.7, 28.200000000000003, 33.800000000000004]"
ga,13,13,47.1801950850455,36.63999999999999,74.5,1.7992427040931271,5.5,13.026428571428571,23.058333333333337,10.03190476190476,True,0.0,hospital_corridor,28,12,"[11, 29, 47, 53, 61, 73, 89, 97, 101, 109]","[4.094977827653017, 4.737863486716424, 0.9051813987542823, 0.5, 1.0]","{""time"": 1.0, ""collisions"": 0.05, ""congestion"": 1.0, ""fairness"": 0.5, ""incomplete_base"": 1000.0, ""incomplete_agent"": 10.0}","[83.3127086401571, 47.16242740998839, 36.095258620689656, 48.24452874414015, 36.27699373867195, 36.55062877263582, 41.10156109613658, 46.70884813384813, 56.49525633010316, 39.8537393640842]","[58.2, 36.9, 29.0, 38.6, 28.900000000000002, 28.400000000000002, 31.8, 37.0, 45.7, 31.900000000000002]"
ga,13,14,44.20743844687277,31.920000000000005,116.4,1.8613074944918142,5.4,12.291071428571431,21.503333333333337,9.212261904761906,True,0.0,hospital_corridor,28,12,"[11, 29, 47, 53, 61, 73, 89, 97, 101, 109]","[4.188829728263593, 4.255674734660022, 0.9129055201379035, 0.5, 1.0]","{""time"": 1.0, ""collisions"": 0.05, ""congestion"": 1.0, ""fairness"": 0.5, ""incomplete_base"": 1000.0, ""incomplete_agent"": 10.0}","[61.02362637362637, 51.74533594259622, 35.64614228044159, 49.81620249017038, 35.10958646616541, 36.54965805471125, 43.67726864330638, 48.033860265417644, 40.23662862052037, 40.23607533177205]","[36.4, 36.5, 28.900000000000002, 32.7, 28.5, 28.200000000000003, 31.8, 36.6, 29.1, 30.5]"
ga,13,15,42.251999404029185,32.839999999999996,58.1,1.9444398802196587,5.4,12.790714285714285,21.915833333333335,9.125119047619048,True,0.0,hospital_corridor,28,12,"[11, 29, 47, 53, 61, 73, 89, 97, 101, 109]","[3.7909036437691466, 4.509014812967752, 0.8967047167197446, 0.5, 1.0]","{""time"": 1.0, ""collisions"": 0.05, ""congestion"": 1.0, ""fairness"": 0.5, ""incomplete_base"": 1000.0, ""incomplete_agent"": 10.0}","[48.17189994494908, 46.95267857142858, 38.92750836120402, 45.01336248785229, 41.31861919927207, 36.973940185830436, 42.362040517961574, 44.953283841626536, 37.38823941341242, 40.458421516754846]","[34.6, 38.400000000000006, 29.900000000000002, 34.300000000000004, 31.400000000000002, 28.700000000000003, 34.2, 35.6, 28.900000000000002, 32.4]"
ga,13,16,43.540857068406275,33.290000000000006,79.4,1.7856189731681753,5.1,12.947857142857142,21.938333333333336,8.99047619047619,True,0.0,hospital_corridor,28,12,"[11, 29, 47, 53, 61, 73, 89, 97, 101, 109]","[3.747134388188295, 4.351738595686099, 0.8958431058832339, 0.5, 1.0]","{""time"": 1.0, ""collisions"": 0.05, ""congestion"": 1.0, ""fairness"": 0.5, ""incomplete_base"": 1000.0, ""incomplete_agent"": 10.0}","[56.28786674816626, 40.567510660980815, 39.995000000000005, 45.79496658312448, 35.028078817733984, 36.264764402264404, 43.710760073260076, 56.36135531135532, 42.765222772277234, 38.63304531490015]","[40.900000000000006, 33.5, 30.0, 34.2, 29.0, 28.6, 33.800000000000004, 41.6, 30.3, 31.0]"
ga,13,17,1175.80433903241,100.0,11.3,0.4897,4.4,13.43448167543957,24.93375974025974,11.499278064820171,False,6.9,hospital_corridor,28,12,"[11, 29, 47, 53, 61, 73, 89, 97, 101, 109]","[3.364630448300235, 4.561236457803641, 1.1044803087216128, 0.5, 1.0]","{""time"": 1.0, ""collisions"": 0.05, ""congestion"": 1.0, ""fairness"": 0.5, ""incomplete_base"": 1000.0, ""incomplete_agent"": 10.0}","[1166.4224393939394, 1205.9571428571428, 1155.758, 1185.6857272727273, 1243.908992481203, 1156.47294017094, 1167.755, 1153.3824444444444, 1174.6680000000001, 1148.0327037037036]","[100.0, 100.0, 100.0, 100.0, 100.0, 100.0, 100.0, 100.0, 100.0, 100.0]"
ga,13,18,43.05063786570872,32.0,95.1,1.8599831038039585,5.4,12.570357142857144,21.44166666666667,8.871309523809524,True,0.0,hospital_corridor,28,12,"[11, 29, 47, 53, 61, 73, 89, 97, 101, 109]","[4.245503687032435, 4.509787986549509, 0.9015439357264678, 0.5, 1.0]","{""time"": 1.0, ""collisions"": 0.05, ""congestion"": 1.0, ""fairness"": 0.5, ""incomplete_base"": 1000.0, ""incomplete_agent"": 10.0}","[70.67571982281284, 37.45879652202178, 36.890025127698145, 40.57907998150717, 37.13308358308359, 36.67913466461854, 43.01459435626103, 43.94690476190476, 41.58867438867439, 42.54036544850498]","[43.0, 29.3, 28.900000000000002, 30.900000000000002, 28.6, 27.900000000000002, 32.4, 35.0, 29.6, 34.4]"
ga,13,19,42.282347708354806,31.98,74.8,1.8538358035928983,5.2,12.129642857142859,21.546666666666667,9.41702380952381,True,0.0,hospital_corridor,28,12,"[11, 29, 47, 53, 61, 73, 89, 97, 101, 109]","[4.318721154136432, 4.488771413406755, 0.9080663011311804, 0.5, 1.0]","{""time"": 1.0, ""collisions"": 0.05, ""congestion"": 1.0, ""fairness"": 0.5, ""incomplete_base"": 1000.0, ""incomplete_agent"": 10.0}","[49.50472778283288, 44.82497467071935, 41.43840650939275, 41.628187403993856, 35.21728271728272, 35.799584816132864, 45.53845238095238, 45.65738636363637, 40.067331581462014, 43.14714285714285]","[31.400000000000002, 32.9, 32.7, 31.0, 28.6, 28.1, 35.0, 35.2, 29.900000000000002, 35.0]"
ga,13,20,1135.1847602543207,91.78999999999999,31.2,0.6852832452187985,4.5,13.954599012099013,24.25355303030303,10.298954018204018,False,3.6,hospital_corridor,28,12,"[11, 29, 47, 53, 61, 73, 89, 97, 101, 109]","[4.001249919872311, 4.612607356125704, 1.083886195398511, 0.5, 1.0]","{""time"": 1.0, ""collisions"": 0.05, ""congestion"": 1.0, ""fairness"": 0.5, ""incomplete_base"": 1000.0, ""incomplete_agent"": 10.0}","[1129.5968717948717, 1169.3628484848484, 1127.127282051282, 1165.596893939394, 1203.075761904762, 92.3617367281841, 1167.538326923077, 1128.2734285714287, 1126.3007373737373, 42.613714771622945]","[100.0, 100.0, 100.0, 100.0, 100.0, 83.60000000000001, 100.0, 100.0, 100.0, 34.300000000000004]"
ga,13,21,42.25705857397927,34.19,29.8,1.7232490501697473,5.2,12.978214285714284,22.685833333333335,9.707619047619048,True,0.0,hospital_corridor,28,12,"[11, 29, 47, 53, 61, 73, 89, 97, 101, 109]","[3.35531968937058, 4.892711880153991, 0.8974441168705997, 0.5, 1.0]","{""time"": 1.0, ""collisions"": 0.05, ""congestion"": 1.0, ""fairness"": 0.5, ""incomplete_base"": 1000.0, ""incomplete_agent"": 10.0}","[61.215159734779995, 45.531838905775075, 36.51727199354318, 36.32315456282848, 30.79268207282913, 37.786856499356496, 45.37519841269841, 43.5982471717969, 44.95674824247248, 40.47342814371257]","[47.400000000000006, 37.6, 29.5, 29.900000000000002, 25.5, 29.6, 36.9, 36.2, 35.9, 33.4]"
ga,13,22,1087.6808998030044,63.220000000000006,19.3,1.2032147796944501,4.8,13.391448135198136,23.97681818181818,10.585370046620048,False,1.7,hospital_corridor,28,12,"[11, 29, 47, 53, 61, 73, 89, 97, 101, 109]","[3.4677180583318665, 4.763785215029719, 1.0100886730831506, 0.5, 1.0]","{""time"": 1.0, ""collisions"": 0.05, ""congestion"": 1.0, ""fairness"": 0.5, ""incomplete_base"": 1000.0, ""incomplete_agent"": 10.0}","[60.55761234071093, 1166.7462272727273, 37.93563748079877, 1145.1467499999999, 1154.1000909090908, 42.28661321671527, 1127.2369487179487, 55.57541407867495, 47.40160256410257, 39.822101449275365]","[49.7, 100.0, 31.0, 100.0, 100.0, 34.300000000000004, 100.0, 46.0, 39.0, 32.2]"
ga,13,23,47.04299327708911,35.66,86.7,1.8163861342319667,5.2,12.684285714285712,23.1475,10.463214285714287,True,0.0,hospital_corridor,28,12,"[11, 29, 47, 53, 61, 73, 89, 97, 101, 109]","[4.159794080879548, 4.5523498044465525, 0.9074990260621336, 0.5, 1.0]","{""time"": 1.0, ""collisions"": 0.05, ""congestion"": 1.0, ""fairness"": 0.5, ""incomplete_base"": 1000.0, ""incomplete_agent"": 10.0}","[74.90400055370986, 55.46303258145364, 35.796569710358376, 41.94815343070136, 36.833536585365856, 36.18869047619047, 48.70729752530934, 45.6588978714695, 55.673342905001206, 39.25641113133151]","[51.6, 43.7, 29.1, 31.3, 28.700000000000003, 28.0, 38.1, 34.9, 39.800000000000004, 31.400000000000002]"
ga,14,0,40.359994571363,32.019999999999996,40.2,1.8513040951725384,5.8,12.479285714285716,21.436666666666664,8.957380952380952,True,0.0,hospital_corridor,28,12,"[11, 29, 47, 53, 61, 73, 89, 97, 101, 109]","[3.5816365612186947, 4.518187998704745, 0.8958175921307852, 0.5, 1.0]","{""time"": 1.0, ""collisions"": 0.05, ""congestion"": 1.0, ""fairness"": 0.5, ""incomplete_base"": 1000.0, ""incomplete_agent"": 10.0}","[53.13176991926992, 36.413013538748835, 36.815816326530616, 37.58696243203164, 32.37801771871539, 36.43167828106853, 44.11011904761905, 42.11472036028488, 45.36949109672199, 39.24835699263933]","[40.7, 30.6, 29.400000000000002, 28.900000000000002, 25.8, 28.700000000000003, 35.0, 34.1, 35.300000000000004, 31.700000000000003]"
ga,14,1,40.359994571363,32.019999999999996,40.2,1.8513040951725384,5.8,12.479285714285716,21.436666666666664,8.957380952380952,True,0.0,hospital_corridor,28,12,"[11, 29, 47, 53, 61, 73, 89, 97, 101, 109]","[3.5816365612186947, 4.518187998704745, 0.8958175921307852, 0.5, 1.0]","{""time"": 1.0, ""collisions"": 0.05, ""congestion"": 1.0, ""fairness"": 0.5, ""incomplete_base"": 1000.0, ""incomplete_agent"": 10.0}","[53.13176991926992, 36.413013538748835, 36.815816326530616, 37.58696243203164, 32.37801771871539, 36.43167828106853, 44.11011904761905, 42.11472036028488, 45.36949109672199, 39.24835699263933]","[40.7, 30.6, 29.400000000000002, 28.900000000000002, 25.8, 28.700000000000003, 35.0, 34.1, 35.300000000000004, 31.700000000000003]"
ga,14,2,40.359994571363,32.019999999999996,40.2,1.8513040951725384,5.8,12.479285714285716,21.436666666666664,8.957380952380952,True,0.0,hospital_corridor,28,12,"[11, 29, 47, 53, 61, 73, 89, 97, 101, 109]","[3.5816365612186947, 4.518187998704745, 0.8958175921307852, 0.5, 1.0]","{""time"": 1.0, ""collisions"": 0.05, ""congestion"": 1.0, ""fairness"": 0.5, ""incomplete_base"": 1000.0, ""incomplete_agent"": 10.0}","[53.13176991926992, 36.413013538748835, 36.815816326530616, 37.58696243203164, 32.37801771871539, 36.43167828106853, 44.11011904761905, 42.11472036028488, 45.36949109672199, 39.24835699263933]","[40.7, 30.6, 29.400000000000002, 28.900000000000002, 25.8, 28.700000000000003, 35.0, 34.1, 35.300000000000004, 31.700000000000003]"
ga,14,3,43.540857068406275,33.290000000000006,79.4,1.7856189731681753,5.1,12.947857142857142,21.938333333333336,8.99047619047619,True,0.0,hospital_corridor,28,12,"[11, 29, 47, 53, 61, 73, 89, 97, 101, 109]","[3.747134388188295, 4.351738595686099, 0.8958431058832339, 0.5, 1.0]","{""time"": 1.0, ""collisions"": 0.05, ""congestion"": 1.0, ""fairness"": 0.5, ""incomplete_base"": 1000.0, ""incomplete_agent"": 10.0}","[56.28786674816626, 40.567510660980815, 39.995000000000005, 45.79496658312448, 35.028078817733984, 36.264764402264404, 43.710760073260076, 56.36135531135532, 42.765222772277234, 38.63304531490015]","[40.900000000000006, 33.5, 30.0, 34.2, 29.0, 28.6, 33.800000000000004, 41.6, 30.3, 31.0]"
ga,14,4,1200.4796204917889,100.0,10.3,0.45319999999999994,3.9,13.94790685192001,24.97074783549784,11.022840983577826,False,9.4,hospital_corridor,28,12,"[11, 29, 47, 53, 61, 73, 89, 97, 101, 109]","[3.893799899885117, 5.0, 1.1996269979192968, 0.5, 1.0]","{""time"": 1.0, ""collisions"": 0.05, ""congestion"": 1.0, ""fairness"": 0.5, ""incomplete_base"": 1000.0, ""incomplete_agent"": 10.0}","[1194.251857142857, 1266.37225, 1187.0287272727273, 1186.6972034632036, 1233.6751184210527, 1220.8573376623376, 1148.0796923076923, 1186.5791025641026, 1145.0374615384615, 1236.2174545454545]","[100.0, 100.0, 100.0, 100.0, 100.0, 100.0, 100.0, 100.0, 100.0, 100.0]"
ga,14,5,43.95703581458939,35.040000000000006,45.7,1.7150120050655726,4.8,13.351785714285715,23.185833333333335,9.83404761904762,True,0.0,hospital_corridor,28,12,"[11, 29, 47, 53, 61, 73, 89, 97, 101, 109]","[3.8054516876429654, 4.551955293471862, 0.9515865748618959, 0.5, 1.0]","{""time"": 1.0, ""collisions"": 0.05, ""congestion"": 1.0, ""fairness"": 0.5, ""incomplete_base"": 1000.0, ""incomplete_agent"": 10.0}","[60.41419706180344, 43.38283527696793, 36.15403868031854, 39.593329995549624, 34.89668657565415, 48.03121976063152, 56.398621983039796, 43.66448412698413, 37.89407166907167, 39.14087301587302]","[47.0, 34.300000000000004, 29.3, 32.1, 29.3, 37.4, 43.800000000000004, 36.0, 29.700000000000003, 31.5]"
ga,14,6,41.40528762633566,32.39,50.9,1.8497519120499402,5.4,12.426428571428572,21.6675,9.241071428571427,True,0.0,hospital_corridor,28,12,"[11, 29, 47, 53, 61, 73, 89, 97, 101, 109]","[4.033489975418619, 4.6973016427339775, 0.903292842064205, 0.5, 1.0]","{""time"": 1.0, ""collisions"": 0.05, ""congestion"": 1.0, ""fairness"": 0.5, ""incomplete_base"": 1000.0, ""incomplete_agent"": 10.0}","[46.12587699656665, 49.30123579888809, 35.88662752772342, 51.25497668139422, 35.31631240731587, 36.5097027972028, 41.022158924919665, 42.17916666666667, 36.97497322458395, 39.48184523809523]","[31.900000000000002, 39.400000000000006, 29.200000000000003, 38.800000000000004, 28.900000000000002, 28.6, 32.6, 33.6, 28.900000000000002, 32.0]"
ga,14,7,43.4063056583466,33.34,63.0,1.8849961345370718,5.5,12.363214285714287,22.425833333333337,10.062619047619048,True,0.0,hospital_corridor,28,12,"[11, 29, 47, 53, 61, 73, 89, 97, 101, 109]","[4.043396670661386, 4.648487663696059, 0.8991846963805549, 0.5, 1.0]","{""time"": 1.0, ""collisions"": 0.05, ""congestion"": 1.0, ""fairness"": 0.5, ""incomplete_base"": 1000.0, ""incomplete_agent"": 10.0}","[57.3499255952381, 50.77184434075138, 35.90722936233317, 47.96035981808454, 35.58250915750916, 40.13116509926856, 40.91728778467909, 44.13522167487685, 41.1070550351288, 40.20045871559633]","[38.400000000000006, 39.800000000000004, 28.900000000000002, 35.6, 28.6, 31.900000000000002, 32.2, 34.800000000000004, 30.5, 32.7]"
ga,14,8,44.07000419663104,34.67,54.1,1.8352422918691391,5.4,12.977142857142857,22.696666666666665,9.71952380952381,True,0.0,hospital_corridor,28,12,"[11, 29, 47, 53, 61, 73, 89, 97, 101, 109]","[3.585834082212877, 4.525773753064052, 0.8966176469515469, 0.5, 1.0]","{""time"": 1.0, ""collisions"": 0.05, ""congestion"": 1.0, ""fairness"": 0.5, ""incomplete_base"": 1000.0, ""incomplete_agent"": 10.0}","[70.75616246498599, 41.98419913419914, 43.58454415954416, 40.15995670995672, 35.78673469387755, 36.201721865216676, 44.31780303030304, 47.66702380952382, 40.061553473848555, 40.18034262485482]","[51.0, 33.0, 35.1, 30.8, 29.400000000000002, 28.900000000000002, 35.2, 40.0, 30.5, 32.800000000000004]"
ga,14,9,41.687871980463214,32.029999999999994,63.9,1.952217218558463,5.4,12.540357142857143,21.561666666666667,9.021309523809524,True,0.0,hospital_corridor,28,12,"[11, 29, 47, 53, 61, 73, 89, 97, 101, 109]","[3.9479300619324755, 4.601049301240407, 0.8979921338585382, 0.5, 1.0]","{""time"": 1.0, ""collisions"": 0.05, ""congestion"": 1.0, ""fairness"": 0.5, ""incomplete_base"": 1000.0, ""incomplete_agent"": 10.0}","[53.714245166731544, 45.0391683433937, 35.41453201970443, 42.45094295143801, 35.16755952380952, 36.298590225563906, 46.1435261707989, 44.61836161150677, 38.262539133300386, 39.7692546583851]","[36.7, 35.5, 29.0, 30.3, 28.8, 28.5, 36.300000000000004, 34.1, 28.900000000000002, 32.2]"
ga,14,10,41.98699622946819,31.840000000000003,70.2,1.9039605151824734,5.4,12.408928571428572,21.875000000000004,9.466071428571428,True,0.0,hospital_corridor,28,12,"[11, 29, 47, 53, 61, 73, 89, 97, 101, 109]","[4.140771394915649, 4.631730340905138, 0.9003233316068733, 0.5, 1.0]","{""time"": 1.0, ""collisions"": 0.05, ""congestion"": 1.0, ""fairness"": 0.5, ""incomplete_base"": 1000.0, ""incomplete_agent"": 10.0}","[56.32188264058681, 44.040048194504394, 37.02181855500821, 38.834163313212606, 34.394611528822054, 42.91540788446526, 40.874188311688314, 40.94241622574956, 45.89996820686732, 38.62545743377737]","[40.900000000000006, 33.1, 29.0, 28.400000000000002, 28.5, 30.5, 30.8, 32.4, 33.7, 31.1]"
ga,14,11,56.09250332059462,31.550000000000004,358.2,1.91881284440414,5.8,11.821785714285715,21.249166666666667,9.427380952380954,True,0.0,hospital_corridor,28,12,"[11, 29, 47, 53, 61, 73, 89, 97, 101, 109]","[3.94358055846476, 4.494930239011867, 0.7951727141908203, 0.5, 1.0]","{""time"": 1.0, ""collisions"": 0.05, ""congestion"": 1.0, ""fairness"": 0.5, ""incomplete_base"": 1000.0, ""incomplete_agent"": 10.0}","[99.36670274170275, 57.45484579737935, 62.42573304241311, 48.60784050179211, 41.12691753171857, 43.05686478971151, 48.659551495016615, 67.80691081517352, 45.02084189791024, 47.398824593128396]","[39.6, 29.8, 31.1, 27.900000000000002, 28.900000000000002, 27.400000000000002, 30.1, 41.300000000000004, 27.8, 31.6]"
ga,14,12,44.11041779541954,35.77,31.6,1.7597630335147794,5.2,13.492857142857144,23.494166666666665,10.001309523809523,True,0.0,hospital_corridor,28,12,"[11, 29, 47, 53, 61, 73, 89, 97, 101, 109]","[3.0989586519090397, 4.766591153273275, 0.8966717799115286, 0.5, 1.0]","{""time"": 1.0, ""collisions"": 0.05, ""congestion"": 1.0, ""fairness"": 0.5, ""incomplete_base"": 1000.0, ""incomplete_agent"": 10.0}","[68.82985764235765, 38.30900645304851, 38.25438596491228, 40.40182338758288, 36.65281007751938, 39.75079365079365, 47.57721339205924, 46.055898268398266, 41.35915088927137, 43.9132382282522]","[57.2, 32.1, 30.400000000000002, 31.6, 30.1, 31.5, 37.300000000000004, 38.5, 33.2, 35.800000000000004]"
ga,14,13,48.216236752705356,33.02000000000001,168.0,1.7861772288958264,5.2,12.043214285714289,22.06333333333334,10.020119047619048,True,0.0,hospital_corridor,28,12,"[11, 29, 47, 53, 61, 73, 89, 97, 101, 109]","[3.7252949701632465, 3.455670805318222, 0.8966407165481741, 0.5, 1.0]","{""time"": 1.0, ""collisions"": 0.05, ""congestion"": 1.0, ""fairness"": 0.5, ""incomplete_base"": 1000.0, ""incomplete_agent"": 10.0}","[69.4127214839424, 58.44346976016684, 39.07561154598827, 49.52586598184424, 37.84288975864318, 37.26759118541034, 47.76488095238096, 55.63073593073594, 43.97589977851606, 43.22270114942529]","[34.4, 41.1, 29.200000000000003, 29.900000000000002, 29.200000000000003, 28.200000000000003, 34.800000000000004, 38.5, 30.1, 34.800000000000004]"
ga,14,14,41.361635023662046,32.61,46.9,1.8705635950906125,5.8,12.897857142857145,21.97,9.07214285714286,True,0.0,hospital_corridor,28,12,"[11, 29, 47, 53, 61, 73, 89, 97, 101, 109]","[3.7838860692938487, 5.0, 0.8960259360071442, 0.5, 1.0]","{""time"": 1.0, ""collisions"": 0.05, ""congestion"": 1.0, ""fairness"": 0.5, ""incomplete_base"": 1000.0, ""incomplete_agent"": 10.0}","[47.21590971648776, 45.97513376136971, 37.411863711001644, 37.75281954887218, 35.878867076631984, 36.40582750582751, 52.80815434565435, 43.4008532892926, 36.76724137931035, 39.99967990217235]","[34.6, 35.6, 29.0, 28.5, 30.200000000000003, 28.6, 42.900000000000006, 34.6, 29.0, 33.1]"
ga,14,15,1220.5634236536664,100.0,11.2,0.4041,3.4,14.550888046202463,25.749535353535357,11.198647307332893,False,11.4,hospital_corridor,28,12,"[11, 29, 47, 53, 61, 73, 89, 97, 101, 109]","[3.7726483737192753, 4.624462008154934, 1.394856524534595, 0.5, 1.0]","{""time"": 1.0, ""collisions"": 0.05, ""congestion"": 1.0, ""fairness"": 0.5, ""incomplete_base"": 1000.0, ""incomplete_agent"": 10.0}","[1206.266, 1257.123883116883, 1215.1203333333333, 1224.5706257309942, 1216.9656842105264, 1197.3548260869566, 1188.513342995169, 1225.020652173913, 1165.2382222222222, 1309.4606666666666]","[100.0, 100.0, 100.0, 100.0, 100.0, 100.0, 100.0, 100.0, 100.0, 100.0]"
ga,14,16,43.34001661701066,33.95,51.3,1.8518618551059038,5.3,12.215357142857144,22.161666666666665,9.946309523809525,True,0.0,hospital_corridor,28,12,"[11, 29, 47, 53, 61, 73, 89, 97, 101, 109]","[4.3178147712500445, 4.961136746933576, 0.8970827857934742, 0.5, 1.0]","{""time"": 1.0, ""collisions"": 0.05, ""congestion"": 1.0, ""fairness"": 0.5, ""incomplete_base"": 1000.0, ""incomplete_agent"": 10.0}","[51.29620927318297, 57.07708333333334, 35.48769841269841, 44.56023302938197, 33.57535125357563, 36.33644018583043, 49.98074878776576, 45.008048289738426, 39.88369047619047, 40.19466312840926]","[39.900000000000006, 44.800000000000004, 28.8, 32.9, 28.3, 28.700000000000003, 38.300000000000004, 35.5, 30.0, 32.300000000000004]"
ga,14,17,43.540857068406275,33.290000000000006,79.4,1.7856189731681753,5.1,12.947857142857142,21.938333333333336,8.99047619047619,True,0.0,hospital_corridor,28,12,"[11, 29, 47, 53, 61, 73, 89, 97, 101, 109]","[3.747134388188295, 4.351738595686099, 0.8958431058832339, 0.5, 1.0]","{""time"": 1.0, ""collisions"": 0.05, ""congestion"": 1.0, ""fairness"": 0.5, ""incomplete_base"": 1000.0, ""incomplete_agent"": 10.0}","[56.28786674816626, 40.567510660980815, 39.995000000000005, 45.79496658312448, 35.028078817733984, 36.264764402264404, 43.710760073260076, 56.36135531135532, 42.765222772277234, 38.63304531490015]","[40.900000000000006, 33.5, 30.0, 34.2, 29.0, 28.6, 33.800000000000004, 41.6, 30.3, 31.0]"
ga,14,18,1108.9892406534989,74.07,31.7,0.9497931704263347,4.7,13.021392912642913,23.79028787878788,10.768894966144968,False,2.7,hospital_corridor,28,12,"[11, 29, 47, 53, 61, 73, 89, 97, 101, 109]","[3.739777294605207, 4.523130193034007, 1.048561255621009, 0.5, 1.0]","{""time"": 1.0, ""collisions"": 0.05, ""congestion"": 1.0, ""fairness"": 0.5, ""incomplete_base"": 1000.0, ""incomplete_agent"": 10.0}","[1137.5891111111112, 1149.2134166666667, 38.670142331380504, 1165.6676212121213, 1184.3540346320347, 43.078933517027, 1147.661076923077, 1130.3968571428572, 52.34761904761905, 40.91359395109396]","[100.0, 100.0, 31.700000000000003, 100.0, 100.0, 33.7, 100.0, 100.0, 42.0, 33.300000000000004]"
ga,14,19,41.593777365098724,34.099999999999994,25.6,1.7332416508130144,5.1,13.31642857142857,22.2775,8.961071428571428,True,0.0,hospital_corridor,28,12,"[11, 29, 47, 53, 61, 73, 89, 97, 101, 109]","[3.3667636597687944, 4.602983625384351, 0.9211217784493743, 0.5, 1.0]","{""time"": 1.0, ""collisions"": 0.05, ""congestion"": 1.0, ""fairness"": 0.5, ""incomplete_base"": 1000.0, ""incomplete_agent"": 10.0}","[54.13936161713008, 37.113736263736264, 37.435476190476194, 37.42611057845957, 36.38468969555035, 38.90353375527426, 45.57345427560945, 43.617779503105595, 44.2515642303433, 41.09206754130224]","[44.7, 31.200000000000003, 30.0, 29.8, 30.5, 31.6, 37.7, 36.800000000000004, 34.4, 34.300000000000004]"
ga,14,20,43.34944773998747,34.269999999999996,50.1,1.9148048828446107,5.6,13.293214285714285,22.6125,9.319285714285714,True,0.0,hospital_corridor,28,12,"[11, 29, 47, 53, 61, 73, 89, 97, 101, 109]","[3.5641892357426355, 4.561280020732742, 0.9039730559527528, 0.5, 1.0]","{""time"": 1.0, ""collisions"": 0.05, ""congestion"": 1.0, ""fairness"": 0.5, ""incomplete_base"": 1000.0, ""incomplete_agent"": 10.0}","[63.146113445378155, 37.07654838462716, 37.370752072159924, 37.863115763546794, 35.661321548821554, 36.37000580720093, 45.30861056751468, 55.038144386194844, 45.88654761904762, 39.77331780538302]","[47.6, 31.1, 29.3, 29.0, 29.700000000000003, 28.700000000000003, 36.5, 43.6, 35.0, 32.2]"
ga,14,21,42.74341883556244,34.17,42.3,1.851514073657666,5.2,13.800357142857143,23.014166666666668,9.213809523809525,True,0.0,hospital_corridor,28,12,"[11, 29, 47, 53, 61, 73, 89, 97, 101, 109]","[3.835140667237456, 4.475695764792083, 0.9905619239714292, 0.5, 1.0]","{""time"": 1.0, ""collisions"": 0.05, ""congestion"": 1.0, ""fairness"": 0.5, ""incomplete_base"": 1000.0, ""incomplete_agent"": 10.0}","[54.15175070028012, 47.08653846153847, 37.599134568503175, 37.79890971239981, 38.194762996941904, 40.758250405425336, 40.52294973544973, 48.3255121125757, 43.530608651911464, 39.4657710105986]","[40.800000000000004, 36.4, 29.3, 30.3, 32.7, 32.300000000000004, 32.4, 40.1, 35.5, 31.900000000000002]"
ga,14,22,42.65788141724966,32.77,68.7,1.9527623696306093,5.9,12.946428571428573,21.946666666666665,9.000238095238094,True,0.0,hospital_corridor,28,12,"[11, 29, 47, 53, 61, 73, 89, 97, 101, 109]","[3.8956090950465825, 4.574211185352818, 0.9055140809626825, 0.5, 1.0]","{""time"": 1.0, ""collisions"": 0.05, ""congestion"": 1.0, ""fairness"": 0.5, ""incomplete_base"": 1000.0, ""incomplete_agent"": 10.0}","[61.20540027605245, 38.7991341991342, 37.34130789302023, 47.88966450216451, 36.27721088435374, 37.84953007518797, 39.78122977346278, 45.789621059691484, 42.832867494824015, 38.81284801460521]","[41.400000000000006, 30.8, 29.200000000000003, 38.5, 29.400000000000002, 28.5, 30.900000000000002, 35.5, 32.2, 31.3]"
ga,14,23,44.44500090302898,33.39999999999999,85.1,1.81041756969566,5.6,12.3675,22.326666666666668,9.959166666666667,True,0.0,hospital_corridor,28,12,"[11, 29, 47, 53, 61, 73, 89, 97, 101, 109]","[4.195634748691906, 4.513075160374781, 0.8999799710630388, 0.5, 1.0]","{""time"": 1.0, ""collisions"": 0.05, ""congestion"": 1.0, ""fairness"": 0.5, ""incomplete_base"": 1000.0, ""incomplete_agent"": 10.0}","[58.41873920552678, 48.64931318681319, 36.849870242214536, 51.16751523063534, 50.74506284747402, 38.805952380952384, 42.59591097308489, 40.59313529149978, 37.0653801843318, 39.55912948775725]","[38.6, 36.4, 28.900000000000002, 38.300000000000004, 39.400000000000006, 28.5, 32.2, 32.1, 27.900000000000002, 31.700000000000003]"
ga,15,0,40.359994571363,32.019999999999996,40.2,1.8513040951725384,5.8,12.479285714285716,21.436666666666664,8.957380952380952,True,0.0,hospital_corridor,28,12,"[11, 29, 47, 53, 61, 73, 89, 97, 101, 109]","[3.5816365612186947, 4.518187998704745, 0.8958175921307852, 0.5, 1.0]","{""time"": 1.0, ""collisions"": 0.05, ""congestion"": 1.0, ""fairness"": 0.5, ""incomplete_base"": 1000.0, ""incomplete_agent"": 10.0}","[53.13176991926992, 36.413013538748835, 36.815816326530616, 37.58696243203164, 32.37801771871539, 36.43167828106853, 44.11011904761905, 42.11472036028488, 45.36949109672199, 39.24835699263933]","[40.7, 30.6, 29.400000000000002, 28.900000000000002, 25.8, 28.700000000000003, 35.0, 34.1, 35.300000000000004, 31.700000000000003]"
ga,15,1,40.359994571363,32.019999999999996,40.2,1.8513040951725384,5.8,12.479285714285716,21.436666666666664,8.957380952380952,True,0.0,hospital_corridor,28,12,"[11, 29, 47, 53, 61, 73, 89, 97, 101, 109]","[3.5816365612186947, 4.518187998704745, 0.8958175921307852, 0.5, 1.0]","{""time"": 1.0, ""collisions"": 0.05, ""congestion"": 1.0, ""fairness"": 0.5, ""incomplete_base"": 1000.0, ""incomplete_agent"": 10.0}","[53.13176991926992, 36.413013538748835, 36.815816326530616, 37.58696243203164, 32.37801771871539, 36.43167828106853, 44.11011904761905, 42.11472036028488, 45.36949109672199, 39.24835699263933]","[40.7, 30.6, 29.400000000000002, 28.900000000000002, 25.8, 28.700000000000003, 35.0, 34.1, 35.300000000000004, 31.700000000000003]"
ga,15,2,43.77006861770613,34.22,57.4,1.8106043319918494,5.5,12.72357142857143,22.4625,9.738928571428573,True,0.0,hospital_corridor,28,12,"[11, 29, 47, 53, 61, 73, 89, 97, 101, 109]","[3.792965386447067, 4.518187998704745, 0.8958175921307852, 0.5, 1.0]","{""time"": 1.0, ""collisions"": 0.05, ""congestion"": 1.0, ""fairness"": 0.5, ""incomplete_base"": 1000.0, ""incomplete_agent"": 10.0}","[44.227456079519186, 47.25815305234366, 37.873106784519834, 53.82165231340763, 35.49672619047619, 36.41127819548873, 47.24496225319396, 52.944099378882, 42.74550865800866, 39.67774327122154]","[30.900000000000002, 38.300000000000004, 29.900000000000002, 42.300000000000004, 28.8, 28.5, 36.9, 41.400000000000006, 33.0, 32.2]"
ga,15,3,40.359994571363,32.019999999999996,40.2,1.8513040951725384,5.8,12.479285714285716,21.436666666666664,8.957380952380952,True,0.0,hospital_corridor,28,12,"[11, 29, 47, 53, 61, 73, 89, 97, 101, 109]","[3.5816365612186947, 4.518187998704745, 0.8958175921307852, 0.5, 1.0]","{""time"": 1.0, ""collisions"": 0.05, ""congestion"": 1.0, ""fairness"": 0.5, ""incomplete_base"": 1000.0, ""incomplete_agent"": 10.0}","[53.13176991926992, 36.413013538748835, 36.815816326530616, 37.58696243203164, 32.37801771871539, 36.43167828106853, 44.11011904761905, 42.11472036028488, 45.36949109672199, 39.24835699263933]","[40.7, 30.6, 29.400000000000002, 28.900000000000002, 25.8, 28.700000000000003, 35.0, 34.1, 35.300000000000004, 31.700000000000003]"
ga,15,4,42.56954560321054,31.359999999999996,92.2,1.865557507972449,5.9,11.865357142857144,21.333333333333336,9.46797619047619,True,0.0,hospital_corridor,28,12,"[11, 29, 47, 53, 61, 73, 89, 97, 101, 109]","[4.646690513021902, 4.6973016427339775, 0.903292842064205, 0.5, 1.0]","{""time"": 1.0, ""collisions"": 0.05, ""congestion"": 1.0, ""fairness"": 0.5, ""incomplete_base"": 1000.0, ""incomplete_agent"": 10.0}","[56.93830437580437, 46.09839544513458, 36.34761904761905, 41.284515425888664, 37.21670452633351, 35.88278985507247, 45.8639034352744, 44.76565093927479, 42.05876692530047, 39.23880605640315]","[37.0, 34.5, 28.8, 28.400000000000002, 28.3, 27.6, 34.1, 32.7, 31.3, 30.900000000000002]"
ga,15,5,41.40528762633566,32.39,50.9,1.8497519120499402,5.4,12.426428571428572,21.6675,9.241071428571427,True,0.0,hospital_corridor,28,12,"[11, 29, 47, 53, 61, 73, 89, 97, 101, 109]","[4.033489975418619, 4.6973016427339775, 0.903292842064205, 0.5, 1.0]","{""time"": 1.0, ""collisions"": 0.05, ""congestion"": 1.0, ""fairness"": 0.5, ""incomplete_base"": 1000.0, ""incomplete_agent"": 10.0}","[46.12587699656665, 49.30123579888809, 35.88662752772342, 51.25497668139422, 35.31631240731587, 36.5097027972028, 41.022158924919665, 42.17916666666667, 36.97497322458395, 39.48184523809523]","[31.900000000000002, 39.400000000000006, 29.200000000000003, 38.800000000000004, 28.900000000000002, 28.6, 32.6, 33.6, 28.900000000000002, 32.0]"
ga,15,6,1055.2915714937633,43.099999999999994,50.6,1.5964722874140105,4.8,13.520357142857145,23.650555555555556,10.130198412698412,False,0.3,hospital_corridor,28,12,"[11, 29, 47, 53, 61, 73, 89, 97, 101, 109]","[3.9521155428319306, 4.394169667725817, 0.9828420964426149, 0.5, 1.0]","{""time"": 1.0, ""collisions"": 0.05, ""congestion"": 1.0, ""fairness"": 0.5, ""incomplete_base"": 1000.0, ""incomplete_agent"": 10.0}","[53.244995319995326, 39.629390563564876, 39.55281644606725, 1137.4015158730158, 45.99809907834102, 43.694144518272424, 47.17467824967825, 52.35127333996244, 44.41233388704319, 49.45646766169155]","[40.7, 32.7, 31.3, 100.0, 37.2, 34.4, 37.0, 43.1, 34.4, 40.2]"
ga,15,7,43.93692081959248,35.230000000000004,35.8,1.8122184386400968,5.6,12.96642857142857,23.175833333333333,10.20940476190476,True,0.0,hospital_corridor,28,12,"[11, 29, 47, 53, 61, 73, 89, 97, 101, 109]","[3.419192798382833, 4.593551775058238, 0.9105535629254621, 0.5, 1.0]","{""time"": 1.0, ""collisions"": 0.05, ""congestion"": 1.0, ""fairness"": 0.5, ""incomplete_base"": 1000.0, ""incomplete_agent"": 10.0}","[57.96370867124143, 48.095269423558904, 37.4752421307506, 38.40784847051404, 35.75096063177746, 39.799906113865106, 51.68910436410437, 43.557615786040444, 40.642389042995845, 45.987163561076606]","[45.800000000000004, 39.900000000000006, 29.5, 30.200000000000003, 30.3, 31.700000000000003, 40.7, 36.5, 30.900000000000002, 36.800000000000004]"
ga,15,8,43.4529986494592,33.830000000000005,56.2,1.816570078030613,5.7,12.694642857142858,22.6875,9.992857142857144,True,0.0,hospital_corridor,28,12,"[11, 29, 47, 53, 61, 73, 89, 97, 101, 109]","[3.5918638427831495, 4.409518812153187, 0.8958329129565585, 0.5, 1.0]","{""time"": 1.0, ""collisions"": 0.05, ""congestion"": 1.0, ""fairness"": 0.5, ""incomplete_base"": 1000.0, ""incomplete_agent"": 10.0}","[62.88156538734897, 45.878900289397535, 37.70521696733301, 44.70844090648308, 36.027750965250966, 36.823377364644486, 44.157090643274856, 46.74959785522788, 39.60564784053156, 39.99239827509952]","[46.900000000000006, 36.2, 29.3, 33.2, 29.6, 29.200000000000003, 34.2, 37.300000000000004, 30.1, 32.300000000000004]"
ga,15,9,42.30473053198536,31.47,90.2,1.7591352938901235,5.6,12.007142857142856,21.138333333333335,9.131190476190477,True,0.0,hospital_corridor,28,12,"[11, 29, 47, 53, 61, 73, 89, 97, 101, 109]","[3.73690710662384, 3.9258987134987215, 0.8958277850574605, 0.5, 1.0]","{""time"": 1.0, ""collisions"": 0.05, ""congestion"": 1.0, ""fairness"": 0.5, ""incomplete_base"": 1000.0, ""incomplete_agent"": 10.0}","[54.23865395851592, 48.68294094173983, 37.540763546798026, 39.07885338345865, 36.39923907707413, 36.963715805471125, 43.01145833333334, 47.49543856402666, 40.04451743908266, 39.5917242703533]","[32.6, 35.800000000000004, 29.0, 28.5, 29.1, 28.200000000000003, 32.0, 38.6, 29.900000000000002, 31.0]"
ga,15,10,46.255864728676634,32.42,142.2,1.9597933001052052,5.6,12.587857142857143,22.119999999999997,9.532142857142858,True,0.0,hospital_corridor,28,12,"[11, 29, 47, 53, 61, 73, 89, 97, 101, 109]","[3.8484761821911575, 3.8788906839137214, 0.902293967014911, 0.5, 1.0]","{""time"": 1.0, ""collisions"": 0.05, ""congestion"": 1.0, ""fairness"": 0.5, ""incomplete_base"": 1000.0, ""incomplete_agent"": 10.0}","[62.054805543918455, 49.00033769954974, 38.86425275992751, 47.33043677337156, 38.01371100164204, 38.424498746867165, 53.03612750885479, 52.77339743589744, 40.858601087493824, 42.202478729243865]","[34.1, 34.9, 28.900000000000002, 29.900000000000002, 29.0, 28.5, 36.300000000000004, 39.0, 28.900000000000002, 34.7]"
ga,15,11,1056.732292087367,40.339999999999996,56.8,1.7552362265611143,5.9,12.440054945054946,22.034166666666664,9.594111721611721,False,0.7,hospital_corridor,28,12,"[11, 29, 47, 53, 61, 73, 89, 97, 101, 109]","[3.779031017934272, 4.616089664772363, 0.8968419809325279, 0.5, 1.0]","{""time"": 1.0, ""collisions"": 0.05, ""congestion"": 1.0, ""fairness"": 0.5, ""incomplete_base"": 1000.0, ""incomplete_agent"": 10.0}","[55.96232849071833, 48.37136764154481, 37.59259621656882, 1178.756153846154, 36.264427829955515, 41.62793819655522, 47.32630568356375, 43.273440065681456, 38.2091894977169, 39.939173405211136]","[41.300000000000004, 38.1, 29.200000000000003, 100.0, 28.900000000000002, 32.9, 37.2, 34.800000000000004, 29.200000000000003, 31.8]"
ga,15,12,43.13861259072511,33.86,59.6,1.7039102097727212,5.5,12.706428571428573,21.895833333333332,9.189404761904763,True,0.0,hospital_corridor,28,12,"[11, 29, 47, 53, 61, 73, 89, 97, 101, 109]","[3.585834082212877, 4.132845450430574, 0.8966176469515469, 0.5, 1.0]","{""time"": 1.0, ""collisions"": 0.05, ""congestion"": 1.0, ""fairness"": 0.5, ""incomplete_base"": 1000.0, ""incomplete_agent"": 10.0}","[52.890388007054675, 43.96811175337187, 38.343792517006804, 48.28348332701781, 36.96898326898327, 40.60502848378615, 42.37037135749823, 45.24033149171271, 43.45550911854103, 39.26012658227848]","[40.5, 34.6, 29.400000000000002, 37.7, 29.6, 32.6, 33.5, 36.2, 32.9, 31.6]"
ga,15,13,41.361635023662046,32.61,46.9,1.8705635950906125,5.8,12.897857142857145,21.97,9.07214285714286,True,0.0,hospital_corridor,28,12,"[11, 29, 47, 53, 61, 73, 89, 97, 101, 109]","[3.7838860692938487, 5.0, 0.8960259360071442, 0.5, 1.0]","{""time"": 1.0, ""collisions"": 0.05, ""congestion"": 1.0, ""fairness"": 0.5, ""incomplete_base"": 1000.0, ""incomplete_agent"": 10.0}","[47.21590971648776, 45.97513376136971, 37.411863711001644, 37.75281954887218, 35.878867076631984, 36.40582750582751, 52.80815434565435, 43.4008532892926, 36.76724137931035, 39.99967990217235]","[34.6, 35.6, 29.0, 28.5, 30.200000000000003, 28.6, 42.900000000000006, 34.6, 29.0, 33.1]"
ga,15,14,1236.0269922850541,100.0,9.5,0.3996,3.1,14.434035415461736,24.738819985569986,10.304784570108255,False,13.0,hospital_corridor,28,12,"[11, 29, 47, 53, 61, 73, 89, 97, 101, 109]","[3.354212884570988, 4.184956872245977, 1.437096697504081, 0.5, 1.0]","{""time"": 1.0, ""collisions"": 0.05, ""congestion"": 1.0, ""fairness"": 0.5, ""incomplete_base"": 1000.0, ""incomplete_agent"": 10.0}","[1244.4991954887219, 1258.4355324675325, 1214.2966111111111, 1224.044269005848, 1219.0253684210527, 1284.2828245614035, 1226.1625, 1177.05, 1185.1630833333334, 1327.3105384615385]","[100.0, 100.0, 100.0, 100.0, 100.0, 100.0, 100.0, 100.0, 100.0, 100.0]"
ga,15,15,1056.526049040918,39.68,66.8,1.9479835647276147,5.9,12.668035714285715,21.784166666666668,9.116130952380953,False,0.7,hospital_corridor,28,12,"[11, 29, 47, 53, 61, 73, 89, 97, 101, 109]","[3.6303373415497266, 4.36723526777401, 0.8977209445249806, 0.5, 1.0]","{""time"": 1.0, ""collisions"": 0.05, ""congestion"": 1.0, ""fairness"": 0.5, ""incomplete_base"": 1000.0, ""incomplete_agent"": 10.0}","[1186.6164166666667, 46.203547619047626, 45.25456349206349, 39.80340687469527, 35.97146074646075, 36.28127177700349, 42.60443319118692, 49.4827380952381, 43.50576923076924, 39.536882716049384]","[100.0, 37.5, 32.4, 29.3, 29.6, 28.700000000000003, 33.5, 39.6, 33.800000000000004, 32.4]"
ga,15,16,43.127155848862174,31.850000000000005,91.3,1.9335248964812137,5.3,12.136071428571428,21.693333333333335,9.557261904761905,True,0.0,hospital_corridor,28,12,"[11, 29, 47, 53, 61, 73, 89, 97, 101, 109]","[3.9096965345242625, 4.44379547629071, 0.8658167509770264, 0.5, 1.0]","{""time"": 1.0, ""collisions"": 0.05, ""congestion"": 1.0, ""fairness"": 0.5, ""incomplete_base"": 1000.0, ""incomplete_agent"": 10.0}","[46.500838926174495, 43.67112923203964, 39.6116789819376, 46.86472491909385, 34.65069097569098, 35.94215309779826, 51.031978426729815, 54.465419365837036, 40.192897497982244, 38.340047065337764]","[29.8, 34.6, 29.0, 30.900000000000002, 28.6, 27.900000000000002, 36.2, 41.900000000000006, 29.5, 30.1]"
ga,15,17,43.40338163170857,34.220000000000006,47.0,1.7895721078990392,5.6,13.153214285714288,23.240833333333335,10.087619047619047,True,0.0,hospital_corridor,28,12,"[11, 29, 47, 53, 61, 73, 89, 97, 101, 109]","[3.000885047217682, 4.1878088534297735, 0.8832425481802448, 0.5, 1.0]","{""time"": 1.0, ""collisions"": 0.05, ""congestion"": 1.0, ""fairness"": 0.5, ""incomplete_base"": 1000.0, ""incomplete_agent"": 10.0}","[52.872877445551865, 41.027021291900446, 38.61901629072682, 47.571199633699635, 34.122368421052634, 38.03271404521405, 45.13178408349641, 47.6156462585034, 41.47612474437628, 47.5650641025641]","[38.7, 33.1, 30.400000000000002, 36.4, 26.6, 29.700000000000003, 36.5, 39.2, 32.6, 39.0]"
ga,15,18,43.42215898395332,35.13000000000001,35.1,1.6850756506199698,5.0,13.415000000000003,23.119166666666665,9.704166666666667,True,0.0,hospital_corridor,28,12,"[11, 29, 47, 53, 61, 73, 89, 97, 101, 109]","[3.429030487271593, 4.5230419349452955, 0.9171665814589025, 0.5, 1.0]","{""time"": 1.0, ""collisions"": 0.05, ""congestion"": 1.0, ""fairness"": 0.5, ""incomplete_base"": 1000.0, ""incomplete_agent"": 10.0}","[57.198214285714286, 37.240879416282645, 37.019077681577684, 48.81463306020663, 36.01804029304029, 38.46585497835498, 45.01436198434806, 46.94277210884354, 46.6769991015274, 40.83075692963752]","[44.1, 31.0, 29.700000000000003, 40.1, 29.900000000000002, 30.8, 35.9, 39.2, 37.1, 33.5]"
ga,15,19,155.6800892562295,29.950000000000006,2387.3,1.9072916371818487,6.1,10.891071428571427,19.806666666666665,8.91559523809524,True,0.0,hospital_corridor,28,12,"[11, 29, 47, 53, 61, 73, 89, 97, 101, 109]","[3.5193697337158962, 4.5981296891438, 0.6969363013818195, 0.5, 1.0]","{""time"": 1.0, ""collisions"": 0.05, ""congestion"": 1.0, ""fairness"": 0.5, ""incomplete_base"": 1000.0, ""incomplete_agent"": 10.0}","[171.50617216117217, 166.87236842105264, 126.50795739348372, 157.6161778618732, 144.92559523809524, 131.750812478276, 170.36594072347043, 183.28426079734217, 150.4619337979094, 153.50967368961975]","[32.5, 28.5, 28.5, 30.200000000000003, 28.0, 27.400000000000002, 33.7, 30.1, 32.800000000000004, 27.8]"
ga,15,20,164.70129596493132,29.28,2583.3,1.9859388220741567,6.1,11.029285714285715,19.57,8.540714285714287,True,0.0,hospital_corridor,28,12,"[11, 29, 47, 53, 61, 73, 89, 97, 101, 109]","[3.762930170721939, 4.946181009256196, 0.6906253119810093, 0.5, 1.0]","{""time"": 1.0, ""collisions"": 0.05, ""congestion"": 1.0, ""fairness"": 0.5, ""incomplete_base"": 1000.0, ""incomplete_agent"": 10.0}","[278.91265527950304, 176.43720763923946, 131.6021159347131, 138.75784161490685, 159.15326086956523, 117.16314102564104, 175.67181259600613, 189.03726901208245, 122.38333333333334, 157.89432234432235]","[34.5, 28.3, 28.3, 27.6, 27.6, 27.3, 31.0, 33.5, 27.400000000000002, 27.3]"
ga,15,21,69.12824743254464,29.43,664.2,1.9898545754017742,5.6,11.523214285714285,20.520000000000003,8.996785714285716,True,0.0,hospital_corridor,28,12,"[11, 29, 47, 53, 61, 73, 89, 97, 101, 109]","[3.768090286760205, 4.405557586429903, 0.7579290336420988, 0.5, 1.0]","{""time"": 1.0, ""collisions"": 0.05, ""congestion"": 1.0, ""fairness"": 0.5, ""incomplete_base"": 1000.0, ""incomplete_agent"": 10.0}","[108.51190476190477, 60.29405989199804, 64.04287345075016, 89.9552693208431, 53.964410408432144, 52.30204451345756, 61.023588490770905, 68.32283834586465, 77.84176065162907, 55.023724489795924]","[33.6, 29.1, 29.200000000000003, 30.5, 25.3, 27.6, 30.700000000000003, 30.400000000000002, 28.5, 29.400000000000002]"
ga,15,22,40.359994571363,32.019999999999996,40.2,1.8513040951725384,5.8,12.479285714285716,21.436666666666664,8.957380952380952,True,0.0,hospital_corridor,28,12,"[11, 29, 47, 53, 61, 73, 89, 97, 101, 109]","[3.5816365612186947, 4.518187998704745, 0.8958175921307852, 0.5, 1.0]","{""time"": 1.0, ""collisions"": 0.05, ""congestion"": 1.0, ""fairness"": 0.5, ""incomplete_base"": 1000.0, ""incomplete_agent"": 10.0}","[53.13176991926992, 36.413013538748835, 36.815816326530616, 37.58696243203164, 32.37801771871539, 36.43167828106853, 44.11011904761905, 42.11472036028488, 45.36949109672199, 39.24835699263933]","[40.7, 30.6, 29.400000000000002, 28.900000000000002, 25.8, 28.700000000000003, 35.0, 34.1, 35.300000000000004, 31.700000000000003]"
ga,15,23,1213.4247520107572,100.0,7.4,0.41719999999999996,3.4,14.367099080938805,25.642203102453102,11.275104021514299,False,10.7,hospital_corridor,28,12,"[11, 29, 47, 53, 61, 73, 89, 97, 101, 109]","[3.5816365612186947, 4.518187998704745, 1.3726193311632624, 0.5, 1.0]","{""time"": 1.0, ""collisions"": 0.05, ""congestion"": 1.0, ""fairness"": 0.5, ""incomplete_base"": 1000.0, ""incomplete_agent"": 10.0}","[1205.4475, 1256.407948051948, 1215.0945, 1223.8256608187135, 1216.8526842105264, 1207.1267727272727, 1187.466536231884, 1188.9370833333332, 1165.0826666666667, 1268.006168067227]","[100.0, 100.0, 100.0, 100.0, 100.0, 100.0, 100.0, 100.0, 100.0, 100.0]"
ga,16,0,40.359994571363,32.019999999999996,40.2,1.8513040951725384,5.8,12.479285714285716,21.436666666666664,8.957380952380952,True,0.0,hospital_corridor,28,12,"[11, 29, 47, 53, 61, 73, 89, 97, 101, 109]","[3.5816365612186947, 4.518187998704745, 0.8958175921307852, 0.5, 1.0]","{""time"": 1.0, ""collisions"": 0.05, ""congestion"": 1.0, ""fairness"": 0.5, ""incomplete_base"": 1000.0, ""incomplete_agent"": 10.0}","[53.13176991926992, 36.413013538748835, 36.815816326530616, 37.58696243203164, 32.37801771871539, 36.43167828106853, 44.11011904761905, 42.11472036028488, 45.36949109672199, 39.24835699263933]","[40.7, 30.6, 29.400000000000002, 28.900000000000002, 25.8, 28.700000000000003, 35.0, 34.1, 35.300000000000004, 31.700000000000003]"
ga,16,1,40.359994571363,32.019999999999996,40.2,1.8513040951725384,5.8,12.479285714285716,21.436666666666664,8.957380952380952,True,0.0,hospital_corridor,28,12,"[11, 29, 47, 53, 61, 73, 89, 97, 101, 109]","[3.5816365612186947, 4.518187998704745, 0.8958175921307852, 0.5, 1.0]","{""time"": 1.0, ""collisions"": 0.05, ""congestion"": 1.0, ""fairness"": 0.5, ""incomplete_base"": 1000.0, ""incomplete_agent"": 10.0}","[53.13176991926992, 36.413013538748835, 36.815816326530616, 37.58696243203164, 32.37801771871539, 36.43167828106853, 44.11011904761905, 42.11472036028488, 45.36949109672199, 39.24835699263933]","[40.7, 30.6, 29.400000000000002, 28.900000000000002, 25.8, 28.700000000000003, 35.0, 34.1, 35.300000000000004, 31.700000000000003]"
ga,16,2,41.411890461653435,32.75,43.4,1.791592842605817,5.1,12.84107142857143,22.241666666666667,9.400595238095239,True,0.0,hospital_corridor,28,12,"[11, 29, 47, 53, 61, 73, 89, 97, 101, 109]","[3.4597953176531178, 4.54185083872816, 0.8970367200714846, 0.5, 1.0]","{""time"": 1.0, ""collisions"": 0.05, ""congestion"": 1.0, ""fairness"": 0.5, ""incomplete_base"": 1000.0, ""incomplete_agent"": 10.0}","[44.07513326226013, 38.11396103896104, 37.49676870748299, 47.27916666666667, 35.478135985937996, 39.29505172676099, 42.96986740804107, 47.57046703296703, 42.45315040650407, 39.38720238095239]","[33.5, 30.8, 29.400000000000002, 35.5, 29.8, 31.3, 33.4, 39.0, 32.800000000000004, 32.0]"
ga,16,3,41.63494218886319,32.32000000000001,54.0,1.8435731412441356,5.8,12.638928571428574,22.181666666666665,9.542738095238096,True,0.0,hospital_corridor,28,12,"[11, 29, 47, 53, 61, 73, 89, 97, 101, 109]","[3.4758626356354565, 4.222873754670406, 0.9093344349847626, 0.5, 1.0]","{""time"": 1.0, ""collisions"": 0.05, ""congestion"": 1.0, ""fairness"": 0.5, ""incomplete_base"": 1000.0, ""incomplete_agent"": 10.0}","[54.73028273809524, 43.6058023067584, 38.929102962255136, 43.508441558441554, 31.3718438538206, 37.479166666666664, 44.71488095238095, 42.44979114452799, 39.52103960396039, 40.0390701017249]","[38.400000000000006, 35.300000000000004, 29.900000000000002, 33.0, 25.8, 29.0, 35.0, 34.2, 30.3, 32.300000000000004]"
ga,16,4,40.359994571363,32.019999999999996,40.2,1.8513040951725384,5.8,12.479285714285716,21.436666666666664,8.957380952380952,True,0.0,hospital_corridor,28,12,"[11, 29, 47, 53, 61, 73, 89, 97, 101, 109]","[3.5816365612186947, 4.518187998704745, 0.8958175921307852, 0.5, 1.0]","{""time"": 1.0, ""collisions"": 0.05, ""congestion"": 1.0, ""fairness"": 0.5, ""incomplete_base"": 1000.0, ""incomplete_agent"": 10.0}","[53.13176991926992, 36.413013538748835, 36.815816326530616, 37.58696243203164, 32.37801771871539, 36.43167828106853, 44.11011904761905, 42.11472036028488, 45.36949109672199, 39.24835699263933]","[40.7, 30.6, 29.400000000000002, 28.900000000000002, 25.8, 28.700000000000003, 35.0, 34.1, 35.300000000000004, 31.700000000000003]"
ga,16,5,40.359994571363,32.019999999999996,40.2,1.8513040951725384,5.8,12.479285714285716,21.436666666666664,8.957380952380952,True,0.0,hospital_corridor,28,12,"[11, 29, 47, 53, 61, 73, 89, 97, 101, 109]","[3.5816365612186947, 4.518187998704745, 0.8958175921307852, 0.5, 1.0]","{""time"": 1.0, ""collisions"": 0.05, ""congestion"": 1.0, ""fairness"": 0.5, ""incomplete_base"": 1000.0, ""incomplete_agent"": 10.0}","[53.13176991926992, 36.413013538748835, 36.815816326530616, 37.58696243203164, 32.37801771871539, 36.43167828106853, 44.11011904761905, 42.11472036028488, 45.36949109672199, 39.24835699263933]","[40.7, 30.6, 29.400000000000002, 28.900000000000002, 25.8, 28.700000000000003, 35.0, 34.1, 35.300000000000004, 31.700000000000003]"
ga,16,6,41.18609366378481,31.720000000000006,62.6,1.810736520927652,5.7,12.301785714285716,21.3525,9.050714285714287,True,0.0,hospital_corridor,28,12,"[11, 29, 47, 53, 61, 73, 89, 97, 101, 109]","[4.008065603147596, 4.62985756724948, 0.8996975679280235, 0.5, 1.0]","{""time"": 1.0, ""collisions"": 0.05, ""congestion"": 1.0, ""fairness"": 0.5, ""incomplete_base"": 1000.0, ""incomplete_agent"": 10.0}","[57.05101974898487, 48.404588994981026, 36.53148994892075, 37.547581053698075, 35.74906492008569, 37.55085034013605, 42.207582815734995, 40.69398086337338, 36.88630952380953, 39.2384684281236]","[38.7, 38.900000000000006, 28.900000000000002, 28.200000000000003, 28.900000000000002, 29.400000000000002, 32.2, 32.1, 28.0, 31.900000000000002]"
ga,16,7,45.90707521218481,36.489999999999995,49.1,1.737789497899098,5.1,13.09142857142857,23.540000000000003,10.44857142857143,True,0.0,hospital_corridor,28,12,"[11, 29, 47, 53, 61, 73, 89, 97, 101, 109]","[3.6070609334897177, 4.819563421374414, 0.8994128662669667, 0.5, 1.0]","{""time"": 1.0, ""collisions"": 0.05, ""congestion"": 1.0, ""fairness"": 0.5, ""incomplete_base"": 1000.0, ""incomplete_agent"": 10.0}","[59.25131282305071, 47.94535623409669, 37.248261010888996, 42.0739417989418, 40.07612922982698, 36.270932196407976, 55.44771557271558, 50.87153743920371, 39.20347744360903, 50.68208837310669]","[43.300000000000004, 39.300000000000004, 29.3, 32.4, 31.1, 28.900000000000002, 44.400000000000006, 42.1, 30.400000000000002, 43.7]"
ga,16,8,41.361635023662046,32.61,46.9,1.8705635950906125,5.8,12.897857142857145,21.97,9.07214285714286,True,0.0,hospital_corridor,28,12,"[11, 29, 47, 53, 61, 73, 89, 97, 101, 109]","[3.7838860692938487, 5.0, 0.8960259360071442, 0.5, 1.0]","{""time"": 1.0, ""collisions"": 0.05, ""congestion"": 1.0, ""fairness"": 0.5, ""incomplete_base"": 1000.0, ""incomplete_agent"": 10.0}","[47.21590971648776, 45.97513376136971, 37.411863711001644, 37.75281954887218, 35.878867076631984, 36.40582750582751, 52.80815434565435, 43.4008532892926, 36.76724137931035, 39.99967990217235]","[34.6, 35.6, 29.0, 28.5, 30.200000000000003, 28.6, 42.900000000000006, 34.6, 29.0, 33.1]"
ga,16,9,41.94874277724755,33.39,34.5,1.7498737296285047,5.6,12.416428571428572,22.58416666666667,10.167738095238096,True,0.0,hospital_corridor,28,12,"[11, 29, 47, 53, 61, 73, 89, 97, 101, 109]","[3.609777307581634, 4.6973016427339775, 0.903292842064205, 0.5, 1.0]","{""time"": 1.0, ""collisions"": 0.05, ""congestion"": 1.0, ""fairness"": 0.5, ""incomplete_base"": 1000.0, ""incomplete_agent"": 10.0}","[52.60780166435507, 40.14773372651813, 36.7208822570124, 52.989814814814814, 36.41291827541828, 38.65115207373272, 41.61152891670264, 41.83086809945217, 39.391774891774894, 39.12295305269444]","[41.2, 32.7, 29.200000000000003, 40.5, 29.6, 31.0, 33.1, 33.9, 30.8, 31.900000000000002]"
ga,16,10,45.87707065165234,32.559999999999995,135.2,1.850642080223772,5.5,12.412142857142857,21.825,9.412857142857144,True,0.0,hospital_corridor,28,12,"[11, 29, 47, 53, 61, 73, 89, 97, 101, 109]","[3.980377342628089, 3.90866769771446, 0.9000493207043228, 0.5, 1.0]","{""time"": 1.0, ""collisions"": 0.05, ""congestion"": 1.0, ""fairness"": 0.5, ""incomplete_base"": 1000.0, ""incomplete_agent"": 10.0}","[59.32469733656175, 37.45131362889983, 38.072064860426934, 59.30257733528194, 37.54226190476191, 50.233333333333334, 41.67182721712538, 53.42730952380952, 41.11607958251794, 40.6292417938049]","[35.4, 29.0, 29.0, 39.1, 28.8, 34.0, 32.7, 37.5, 29.200000000000003, 30.900000000000002]"
ga,16,11,41.002483664149494,32.16,49.5,1.8499241403399747,5.4,12.580714285714288,21.615833333333335,9.035119047619048,True,0.0,hospital_corridor,28,12,"[11, 29, 47, 53, 61, 73, 89, 97, 101, 109]","[3.634749194009225, 4.434758019905759, 0.8990611134906676, 0.5, 1.0]","{""time"": 1.0, ""collisions"": 0.05, ""congestion"": 1.0, ""fairness"": 0.5, ""incomplete_base"": 1000.0, ""incomplete_agent"": 10.0}","[48.97996894409938, 36.415639589169004, 38.92566354410617, 41.60326781719399, 35.05995949926362, 37.544007263922516, 46.17823506133755, 45.39515565228862, 39.655246767581204, 40.267692502532924]","[36.800000000000004, 30.6, 30.5, 29.8, 29.1, 29.5, 36.1, 36.1, 30.200000000000003, 32.9]"
ga,16,12,40.545462282042145,31.610000000000003,50.0,1.9214741868040455,5.7,12.547857142857143,21.575833333333335,9.02797619047619,True,0.0,hospital_corridor,28,12,"[11, 29, 47, 53, 61, 73, 89, 97, 101, 109]","[3.364861533170188, 4.2830706666451, 0.8884576986390186, 0.5, 1.0]","{""time"": 1.0, ""collisions"": 0.05, ""congestion"": 1.0, ""fairness"": 0.5, ""incomplete_base"": 1000.0, ""incomplete_agent"": 10.0}","[50.60826950082983, 37.98988095238096, 37.25723224443361, 42.31069921639542, 30.60546218487395, 37.34367760617761, 45.46454987320372, 43.214530812324924, 40.54535183500152, 40.114968594799876]","[37.300000000000004, 31.0, 29.3, 31.6, 25.5, 29.6, 33.800000000000004, 34.0, 31.400000000000002, 32.6]"
ga,16,13,40.399129710118345,31.960000000000008,39.5,1.7723439958326217,5.3,12.566428571428572,21.95,9.383571428571429,True,0.0,hospital_corridor,28,12,"[11, 29, 47, 53, 61, 73, 89, 97, 101, 109]","[3.217660075266189, 4.422926185489418, 0.8906024416720115, 0.5, 1.0]","{""time"": 1.0, ""collisions"": 0.05, ""congestion"": 1.0, ""fairness"": 0.5, ""incomplete_base"": 1000.0, ""incomplete_agent"": 10.0}","[46.37433166248957, 38.28552955665025, 42.01154540763674, 36.68428613494868, 35.52878787878788, 37.40873015873016, 42.99301242236025, 45.04042686135228, 39.77869981325863, 39.88594720496895]","[34.2, 31.900000000000002, 32.300000000000004, 28.3, 29.700000000000003, 29.700000000000003, 34.5, 36.2, 30.6, 32.2]"
ga,16,14,1059.324214935347,44.32,23.5,1.6619034274106248,5.1,13.391488095238097,23.726111111111113,10.334623015873017,False,0.7,hospital_corridor,28,12,"[11, 29, 47, 53, 61, 73, 89, 97, 101, 109]","[3.595723011614733, 4.825369921019181, 0.9598190267228827, 0.5, 1.0]","{""time"": 1.0, ""collisions"": 0.05, ""congestion"": 1.0, ""fairness"": 0.5, ""incomplete_base"": 1000.0, ""incomplete_agent"": 10.0}","[52.955735930735926, 37.256202608431906, 44.57059396144517, 53.40224867724868, 41.10647536471236, 42.219887955182074, 53.65980777632154, 1176.2373055555556, 50.38225200838282, 41.451639515455305]","[44.0, 31.400000000000002, 37.300000000000004, 43.2, 34.6, 34.0, 43.6, 100.0, 40.900000000000006, 34.2]"
ga,16,15,43.32453639996377,33.78,52.2,1.962869733297104,5.3,13.069999999999999,23.013333333333335,9.943333333333333,True,0.0,hospital_corridor,28,12,"[11, 29, 47, 53, 61, 73, 89, 97, 101, 109]","[3.6294602427636438, 4.692818077685564, 0.8959785590002798, 0.5, 1.0]","{""time"": 1.0, ""collisions"": 0.05, ""congestion"": 1.0, ""fairness"": 0.5, ""incomplete_base"": 1000.0, ""incomplete_agent"": 10.0}","[49.017726679712986, 57.25165495259889, 36.3890306122449, 42.73729417000445, 36.27708741030659, 37.34527491408935, 49.07631289019464, 43.856690885523264, 40.17262693156733, 41.12166455339532]","[36.5, 43.7, 29.400000000000002, 32.1, 29.200000000000003, 29.1, 38.900000000000006, 34.9, 30.200000000000003, 33.800000000000004]"
ga,16,16,40.359994571363,32.019999999999996,40.2,1.8513040951725384,5.8,12.479285714285716,21.436666666666664,8.957380952380952,True,0.0,hospital_corridor,28,12,"[11, 29, 47, 53, 61, 73, 89, 97, 101, 109]","[3.5816365612186947, 4.518187998704745, 0.8958175921307852, 0.5, 1.0]","{""time"": 1.0, ""collisions"": 0.05, ""congestion"": 1.0, ""fairness"": 0.5, ""incomplete_base"": 1000.0, ""incomplete_agent"": 10.0}","[53.13176991926992, 36.413013538748835, 36.815816326530616, 37.58696243203164, 32.37801771871539, 36.43167828106853, 44.11011904761905, 42.11472036028488, 45.36949109672199, 39.24835699263933]","[40.7, 30.6, 29.400000000000002, 28.900000000000002, 25.8, 28.700000000000003, 35.0, 34.1, 35.300000000000004, 31.700000000000003]"
ga,16,17,43.13861259072511,33.86,59.6,1.7039102097727212,5.5,12.706428571428573,21.895833333333332,9.189404761904763,True,0.0,hospital_corridor,28,12,"[11, 29, 47, 53, 61, 73, 89, 97, 101, 109]","[3.585834082212877, 4.132845450430574, 0.8966176469515469, 0.5, 1.0]","{""time"": 1.0, ""collisions"": 0.05, ""congestion"": 1.0, ""fairness"": 0.5, ""incomplete_base"": 1000.0, ""incomplete_agent"": 10.0}","[52.890388007054675, 43.96811175337187, 38.343792517006804, 48.28348332701781, 36.96898326898327, 40.60502848378615, 42.37037135749823, 45.24033149171271, 43.45550911854103, 39.26012658227848]","[40.5, 34.6, 29.400000000000002, 37.7, 29.6, 32.6, 33.5, 36.2, 32.9, 31.6]"
ga,16,18,41.38801722585109,32.95,41.4,1.8011719877558403,5.6,12.627142857142859,21.760833333333334,9.133690476190477,True,0.0,hospital_corridor,28,12,"[11, 29, 47, 53, 61, 73, 89, 97, 101, 109]","[3.6817529987960316, 4.6083926135815325, 0.9015183054305103, 0.5, 1.0]","{""time"": 1.0, ""collisions"": 0.05, ""congestion"": 1.0, ""fairness"": 0.5, ""incomplete_base"": 1000.0, ""incomplete_agent"": 10.0}","[48.79473270440252, 37.298330999066295, 36.85595851742759, 49.54843652865846, 36.84057271557271, 36.41109532048114, 43.3870670995671, 45.17709627329192, 37.54366438356165, 42.02321771648141]","[37.1, 30.6, 29.1, 38.300000000000004, 29.6, 28.900000000000002, 35.2, 36.800000000000004, 29.200000000000003, 34.7]"
ga,16,19,1055.3051724431004,39.64,59.4,2.0752640181919273,5.5,12.693516483516484,21.93333333333333,9.239816849816851,False,0.6,hospital_corridor,28,12,"[11, 29, 47, 53, 61, 73, 89, 97, 101, 109]","[3.805107522827722, 4.60709702785719, 0.8975921287644799, 0.5, 1.0]","{""time"": 1.0, ""collisions"": 0.05, ""congestion"": 1.0, ""fairness"": 0.5, ""incomplete_base"": 1000.0, ""incomplete_agent"": 10.0}","[59.63186274509803, 45.18670915958452, 39.46788847117794, 1169.717846153846, 36.255396276157526, 36.42174185463659, 43.897209070948264, 45.102134646962234, 37.59037187039764, 39.780564182194624]","[42.5, 35.300000000000004, 30.400000000000002, 100.0, 28.900000000000002, 28.5, 34.7, 34.800000000000004, 29.1, 32.2]"
ga,16,20,41.99716515736964,33.23,45.4,1.8321056335601196,5.7,12.528214285714288,21.858333333333334,9.330119047619048,True,0.0,hospital_corridor,28,12,"[11, 29, 47, 53, 61, 73, 89, 97, 101, 109]","[3.7033953432247406, 4.656533308883114, 0.8959050069725791, 0.5, 1.0]","{""time"": 1.0, ""collisions"": 0.05, ""congestion"": 1.0, ""fairness"": 0.5, ""incomplete_base"": 1000.0, ""incomplete_agent"": 10.0}","[52.71670292482476, 44.97830234833659, 36.70125548512921, 42.345758258258265, 36.249234693877554, 38.294905869324474, 42.115792137969564, 42.44394528585073, 45.02895280866838, 39.09680176145694]","[39.400000000000006, 36.5, 29.3, 33.300000000000004, 29.400000000000002, 30.1, 34.1, 34.9, 33.4, 31.900000000000002]"
ga,16,21,42.750297701448325,33.27,53.9,1.885357225257843,5.4,12.719285714285714,22.51916666666667,9.799880952380954,True,0.0,hospital_corridor,28,12,"[11, 29, 47, 53, 61, 73, 89, 97, 101, 109]","[3.7821043010112367, 4.861654689821631, 0.8959385211653503, 0.5, 1.0]","{""time"": 1.0, ""collisions"": 0.05, ""congestion"": 1.0, ""fairness"": 0.5, ""incomplete_base"": 1000.0, ""incomplete_agent"": 10.0}","[56.43193005181348, 45.729494789605596, 36.82937051532942, 37.852358605558265, 33.724818840579715, 36.50768002322881, 48.01738095238096, 45.39572072072072, 47.70330796252927, 39.310914552736975]","[38.6, 36.1, 29.200000000000003, 29.3, 27.6, 28.700000000000003, 37.5, 37.0, 36.6, 32.1]"
ga,16,22,40.25494256399107,32.42,32.3,1.8084544687529729,5.2,12.772857142857145,21.59583333333333,8.822976190476192,True,0.0,hospital_corridor,28,12,"[11, 29, 47, 53, 61, 73, 89, 97, 101, 109]","[3.512527037952683, 4.553513460524062, 0.9061923851819789, 0.5, 1.0]","{""time"": 1.0, ""collisions"": 0.05, ""congestion"": 1.0, ""fairness"": 0.5, ""incomplete_base"": 1000.0, ""incomplete_agent"": 10.0}","[44.4718815844922, 36.80339861751152, 37.43651394901395, 41.74306418219462, 37.17666666666667, 37.62748881431767, 43.790238095238095, 44.31395180023229, 39.64134615384616, 39.54487577639752]","[33.9, 31.0, 29.700000000000003, 34.5, 30.0, 29.8, 35.0, 36.9, 31.200000000000003, 32.2]"
ga,16,23,43.727241492523305,34.650000000000006,44.5,1.7208724449042532,5.0,12.796428571428573,23.05916666666667,10.262738095238095,True,0.0,hospital_corridor,28,12,"[11, 29, 47, 53, 61, 73, 89, 97, 101, 109]","[3.4883023216488445, 4.5582263132389205, 0.9001787698742684, 0.5, 1.0]","{""time"": 1.0, ""collisions"": 0.05, ""congestion"": 1.0, ""fairness"": 0.5, ""incomplete_base"": 1000.0, ""incomplete_agent"": 10.0}","[56.052055595537965, 41.19667314055532, 37.76010296010296, 50.92527584204413, 35.33477032227032, 38.111672719935434, 51.60510492332527, 43.51453235990529, 42.56488095238095, 40.20734610917538]","[39.7, 33.1, 29.6, 41.0, 29.700000000000003, 29.5, 41.300000000000004, 36.2, 33.6, 32.800000000000004]"
ga,17,0,40.25494256399107,32.42,32.3,1.8084544687529729,5.2,12.772857142857145,21.59583333333333,8.822976190476192,True,0.0,hospital_corridor,28,12,"[11, 29, 47, 53, 61, 73, 89, 97, 101, 109]","[3.512527037952683, 4.553513460524062, 0.9061923851819789, 0.5, 1.0]","{""time"": 1.0, ""collisions"": 0.05, ""congestion"": 1.0, ""fairness"": 0.5, ""incomplete_base"": 1000.0, ""incomplete_agent"": 10.0}","[44.4718815844922, 36.80339861751152, 37.43651394901395, 41.74306418219462, 37.17666666666667, 37.62748881431767, 43.790238095238095, 44.31395180023229, 39.64134615384616, 39.54487577639752]","[33.9, 31.0, 29.700000000000003, 34.5, 30.0, 29.8, 35.0, 36.9, 31.200000000000003, 32.2]"
ga,17,1,40.359994571363,32.019999999999996,40.2,1.8513040951725384,5.8,12.479285714285716,21.436666666666664,8.957380952380952,True,0.0,hospital_corridor,28,12,"[11, 29, 47, 53, 61, 73, 89, 97, 101, 109]","[3.5816365612186947, 4.518187998704745, 0.8958175921307852, 0.5, 1.0]","{""time"": 1.0, ""collisions"": 0.05, ""congestion"": 1.0, ""fairness"": 0.5, ""incomplete_base"": 1000.0, ""incomplete_agent"": 10.0}","[53.13176991926992, 36.413013538748835, 36.815816326530616, 37.58696243203164, 32.37801771871539, 36.43167828106853, 44.11011904761905, 42.11472036028488, 45.36949109672199, 39.24835699263933]","[40.7, 30.6, 29.400000000000002, 28.900000000000002, 25.8, 28.700000000000003, 35.0, 34.1, 35.300000000000004, 31.700000000000003]"
ga,17,2,43.368723982398734,33.5,67.2,1.7462835062082576,5.6,12.396785714285715,21.921666666666667,9.524880952380952,True,0.0,hospital_corridor,28,12,"[11, 29, 47, 53, 61, 73, 89, 97, 101, 109]","[3.946265716293809, 4.519780337153357, 0.8983882367586019, 0.5, 1.0]","{""time"": 1.0, ""collisions"": 0.05, ""congestion"": 1.0, ""fairness"": 0.5, ""incomplete_base"": 1000.0, ""incomplete_agent"": 10.0}","[60.43805398396983, 44.402694774184745, 35.8936224489796, 41.39683288409704, 34.93244047619047, 37.489392983341745, 47.90652315720809, 50.46050903119869, 37.82508325008325, 42.94208683473389]","[40.400000000000006, 34.9, 29.400000000000002, 31.8, 28.8, 28.3, 36.5, 40.6, 28.6, 35.7]"
ga,17,3,44.968553280413474,35.27,60.1,1.7915294708896543,5.8,12.886785714285717,22.69083333333333,9.80404761904762,True,0.0,hospital_corridor,28,12,"[11, 29, 47, 53, 61, 73, 89, 97, 101, 109]","[3.6434364480724817, 4.628265228800868, 0.8971269233002068, 0.5, 1.0]","{""time"": 1.0, ""collisions"": 0.05, ""congestion"": 1.0, ""fairness"": 0.5, ""incomplete_base"": 1000.0, ""incomplete_agent"": 10.0}","[59.235552073023214, 43.73095238095238, 36.84432593856655, 55.939910226385635, 35.74940476190476, 37.375595238095244, 44.34676821737341, 52.356599378881995, 43.40752688172043, 40.69889770723104]","[43.300000000000004, 36.0, 29.3, 42.7, 29.400000000000002, 29.400000000000002, 34.7, 41.400000000000006, 34.1, 32.4]"
ga,17,4,1057.326267689599,41.08,54.2,1.8263317921630822,5.5,13.038461538461542,22.458333333333336,9.419871794871796,False,0.7,hospital_corridor,28,12,"[11, 29, 47, 53, 61, 73, 89, 97, 101, 109]","[3.560738247305253, 4.522830815943764, 0.9026498887900809, 0.5, 1.0]","{""time"": 1.0, ""collisions"": 0.05, ""congestion"": 1.0, ""fairness"": 0.5, ""incomplete_base"": 1000.0, ""incomplete_agent"": 10.0}","[1183.5066923076922, 45.43841313091995, 46.71181693989072, 46.59156480774128, 35.489780064568194, 36.68348010437052, 44.03345238095238, 50.57083333333334, 44.57602813852814, 39.66061568799299]","[100.0, 36.7, 36.6, 37.4, 29.5, 29.200000000000003, 35.0, 40.800000000000004, 33.0, 32.6]"
ga,17,5,41.36525249698081,32.69,40.5,1.8594191636474828,5.3,12.642500000000002,22.22416666666667,9.581666666666667,True,0.0,hospital_corridor,28,12,"[11, 29, 47, 53, 61, 73, 89, 97, 101, 109]","[3.533425351866125, 4.548870643285043, 0.8993600885226831, 0.5, 1.0]","{""time"": 1.0, ""collisions"": 0.05, ""congestion"": 1.0, ""fairness"": 0.5, ""incomplete_base"": 1000.0, ""incomplete_agent"": 10.0}","[51.13778571428571, 41.70682013769363, 36.469802405498285, 44.741829004329006, 35.06977172312224, 36.69677665183721, 43.51884920634921, 42.97964285714286, 41.09107142857143, 40.240175840978594]","[37.5, 33.2, 29.1, 35.2, 29.1, 28.900000000000002, 34.2, 35.0, 32.0, 32.7]"
ga,17,6,1055.0230025491487,39.32,46.8,1.7193120729583355,5.6,12.660000000000002,21.94738095238095,9.287380952380953,False,0.7,hospital_corridor,28,12,"[11, 29, 47, 53, 61, 73, 89, 97, 101, 109]","[3.5816365612186947, 4.682105506569076, 0.8958175921307852, 0.5, 1.0]","{""time"": 1.0, ""collisions"": 0.05, ""congestion"": 1.0, ""fairness"": 0.5, ""incomplete_base"": 1000.0, ""incomplete_agent"": 10.0}","[49.17370600414079, 47.13724221972254, 37.40636274987811, 38.48560354374308, 35.7670068027211, 35.9015873015873, 1179.6155714285715, 47.8742831880763, 39.09716042154567, 39.77150183150184]","[36.800000000000004, 38.1, 29.3, 30.1, 29.400000000000002, 28.8, 100.0, 37.7, 30.5, 32.5]"
ga,17,7,42.86608772166355,34.64,32.9,1.6954329597587807,5.0,12.915357142857143,22.686666666666667,9.771309523809522,True,0.0,hospital_corridor,28,12,"[11, 29, 47, 53, 61, 73, 89, 97, 101, 109]","[3.1091198704769893, 4.518187998704745, 0.8958175921307852, 0.5, 1.0]","{""time"": 1.0, ""collisions"": 0.05, ""congestion"": 1.0, ""fairness"": 0.5, ""incomplete_base"": 1000.0, ""incomplete_agent"": 10.0}","[70.1131303127837, 38.18749999999999, 37.86942355889724, 37.400595238095235, 31.296503831417624, 38.58881558993025, 47.49890350877193, 44.95054495912807, 41.79168168844825, 40.96377852916314]","[57.7, 31.8, 30.400000000000002, 28.8, 26.1, 31.400000000000002, 38.0, 36.7, 31.700000000000003, 33.800000000000004]"
ga,17,8,40.5666682968003,32.22,42.2,1.8008349634669663,5.3,12.7375,21.609166666666667,8.871666666666666,True,0.0,hospital_corridor,28,12,"[11, 29, 47, 53, 61, 73, 89, 97, 101, 109]","[3.3977454357285284, 4.451082885015586, 0.8947312841242623, 0.5, 1.0]","{""time"": 1.0, ""collisions"": 0.05, ""congestion"": 1.0, ""fairness"": 0.5, ""incomplete_base"": 1000.0, ""incomplete_agent"": 10.0}","[46.21054319931566, 37.59024725274726, 36.911904761904765, 37.26392251815981, 35.474642857142854, 41.96317412507172, 44.32943391642371, 44.1844070325678, 40.68126444752659, 41.057142857142864]","[33.4, 31.200000000000003, 29.400000000000002, 29.5, 30.0, 33.2, 34.300000000000004, 36.7, 30.900000000000002, 33.6]"
ga,17,9,43.22676931216495,34.13,48.5,1.7817097883554243,5.6,12.318214285714287,22.098333333333336,9.78011904761905,True,0.0,hospital_corridor,28,12,"[11, 29, 47, 53, 61, 73, 89, 97, 101, 109]","[3.548752658660354, 4.35017578033426, 0.8895440066455415, 0.5, 1.0]","{""time"": 1.0, ""collisions"": 0.05, ""congestion"": 1.0, ""fairness"": 0.5, ""incomplete_base"": 1000.0, ""incomplete_agent"": 10.0}","[57.610714285714295, 47.49374204227145, 36.50770741286205, 43.80634236453202, 35.20347054075868, 37.79696788111218, 41.93484848484849, 39.87990506329113, 47.89683288409704, 44.13716216216216]","[42.0, 37.4, 29.1, 34.800000000000004, 29.5, 29.8, 33.0, 31.6, 37.1, 37.0]"
ga,17,10,43.69032255826798,33.99,60.4,1.7181797011251192,5.5,12.490714285714287,22.415,9.924285714285714,True,0.0,hospital_corridor,28,12,"[11, 29, 47, 53, 61, 73, 89, 97, 101, 109]","[3.5399799821276154, 4.112538824581902, 0.904569917259589, 0.5, 1.0]","{""time"": 1.0, ""collisions"": 0.05, ""congestion"": 1.0, ""fairness"": 0.5, ""incomplete_base"": 1000.0, ""incomplete_agent"": 10.0}","[50.449726775956286, 47.43174603174604, 36.09171711057304, 50.35168420081211, 37.02321619966315, 36.84995644599303, 40.996126373626375, 49.094867475292006, 46.29636887706371, 42.31781609195403]","[36.6, 36.0, 29.5, 38.7, 31.1, 28.700000000000003, 32.5, 37.1, 34.9, 34.800000000000004]"
ga,17,11,95.44370220466496,30.559999999999995,1166.8,1.855726014188764,5.4,11.228214285714287,20.604166666666668,9.37595238095238,True,0.0,hospital_corridor,28,12,"[11, 29, 47, 53, 61, 73, 89, 97, 101, 109]","[3.582324363406702, 4.588322205866104, 0.7116651126235463, 0.5, 1.0]","{""time"": 1.0, ""collisions"": 0.05, ""congestion"": 1.0, ""fairness"": 0.5, ""incomplete_base"": 1000.0, ""incomplete_agent"": 10.0}","[147.4569348823867, 145.98746446339732, 63.27932525951557, 134.2541353383459, 72.38077078288944, 71.2402950310559, 76.85508241758242, 97.85243219804478, 73.33500167672705, 71.79557999670456]","[33.2, 33.5, 28.900000000000002, 34.2, 29.5, 27.6, 31.200000000000003, 30.200000000000003, 28.400000000000002, 28.900000000000002]"
ga,17,12,1258.0807571840269,100.0,6.8,0.3833000000000001,3.5,13.356724881585563,26.071639249639254,12.714914368053687,False,15.1,hospital_corridor,28,12,"[11, 29, 47, 53, 61, 73, 89, 97, 101, 109]","[3.3072200762026975, 4.518187998704745, 1.5151815386677496, 0.5, 1.0]","{""time"": 1.0, ""collisions"": 0.05, ""congestion"": 1.0, ""fairness"": 0.5, ""incomplete_base"": 1000.0, ""incomplete_agent"": 10.0}","[1226.6065555555556, 1258.0605454545455, 1295.2226666666666, 1267.1712222222222, 1238.6267647058824, 1267.697052631579, 1216.621894736842, 1249.2532105263158, 1233.8884285714284, 1327.6592307692308]","[100.0, 100.0, 100.0, 100.0, 100.0, 100.0, 100.0, 100.0, 100.0, 100.0]"
ga,17,13,40.359994571363,32.019999999999996,40.2,1.8513040951725384,5.8,12.479285714285716,21.436666666666664,8.957380952380952,True,0.0,hospital_corridor,28,12,"[11, 29, 47, 53, 61, 73, 89, 97, 101, 109]","[3.5816365612186947, 4.518187998704745, 0.8958175921307852, 0.5, 1.0]","{""time"": 1.0, ""collisions"": 0.05, ""congestion"": 1.0, ""fairness"": 0.5, ""incomplete_base"": 1000.0, ""incomplete_agent"": 10.0}","[53.13176991926992, 36.413013538748835, 36.815816326530616, 37.58696243203164, 32.37801771871539, 36.43167828106853, 44.11011904761905, 42.11472036028488, 45.36949109672199, 39.24835699263933]","[40.7, 30.6, 29.400000000000002, 28.900000000000002, 25.8, 28.700000000000003, 35.0, 34.1, 35.300000000000004, 31.700000000000003]"
ga,17,14,44.050582017263764,34.37,51.5,1.9181415410732892,6.3,12.816785714285714,23.191666666666666,10.374880952380952,True,0.0,hospital_corridor,28,12,"[11, 29, 47, 53, 61, 73, 89, 97, 101, 109]","[3.5348824899364426, 4.539012925349176, 0.8967335386969852, 0.5, 1.0]","{""time"": 1.0, ""collisions"": 0.05, ""congestion"": 1.0, ""fairness"": 0.5, ""incomplete_base"": 1000.0, ""incomplete_agent"": 10.0}","[73.28910213618158, 41.42137362637362, 39.00764157014157, 38.33612836438924, 35.682622298065986, 39.85223214285714, 44.72963668176205, 48.80957819676095, 38.90485880398671, 40.47264635211883]","[53.5, 32.5, 29.6, 29.900000000000002, 29.3, 32.0, 34.7, 39.400000000000006, 30.1, 32.7]"
ga,17,15,43.62180267790588,34.74,42.2,1.7187669636201686,5.4,12.768928571428571,22.875000000000004,10.106071428571429,True,0.0,hospital_corridor,28,12,"[11, 29, 47, 53, 61, 73, 89, 97, 101, 109]","[3.50654938893537, 4.521025912083728, 0.8961207735052845, 0.5, 1.0]","{""time"": 1.0, ""collisions"": 0.05, ""congestion"": 1.0, ""fairness"": 0.5, ""incomplete_base"": 1000.0, ""incomplete_agent"": 10.0}","[44.857770173937844, 36.74151063337957, 42.4031162464986, 56.16948968074815, 35.57057102502018, 36.57013888888889, 49.3483630952381, 52.89517940979209, 40.51382610006028, 41.14806152549515]","[33.4, 30.900000000000002, 34.0, 44.300000000000004, 29.5, 28.8, 38.400000000000006, 42.6, 31.6, 33.9]"
ga,17,16,43.773991228815596,34.09,58.3,1.7516102764346424,5.5,12.51857142857143,22.553333333333335,10.034761904761904,True,0.0,hospital_corridor,28,12,"[11, 29, 47, 53, 61, 73, 89, 97, 101, 109]","[3.740926990996593, 4.584470516674438, 0.8963003782998124, 0.5, 1.0]","{""time"": 1.0, ""collisions"": 0.05, ""congestion"": 1.0, ""fairness"": 0.5, ""incomplete_base"": 1000.0, ""incomplete_agent"": 10.0}","[72.10217181467182, 42.551610965487114, 37.37639432485323, 41.26781135531135, 35.55293087823365, 37.44040255277369, 45.581148595172145, 46.20211213517666, 38.24397398134512, 41.421355685131196]","[51.800000000000004, 32.7, 29.200000000000003, 32.5, 28.900000000000002, 29.1, 36.1, 37.2, 29.1, 34.300000000000004]"
ga,17,17,44.41556523270365,35.68,44.3,1.750981899370315,5.5,13.407499999999999,22.946666666666665,9.53916666666667,True,0.0,hospital_corridor,28,12,"[11, 29, 47, 53, 61, 73, 89, 97, 101, 109]","[3.5805047769079237, 4.957380322053722, 0.8967622777788165, 0.5, 1.0]","{""time"": 1.0, ""collisions"": 0.05, ""congestion"": 1.0, ""fairness"": 0.5, ""incomplete_base"": 1000.0, ""incomplete_agent"": 10.0}","[60.00743917654399, 52.153913373860185, 36.394727891156464, 47.75830528546498, 35.36111783696529, 36.39841201186357, 53.172383720930235, 42.926837474120084, 38.25018796992481, 41.73232758620691]","[45.800000000000004, 42.300000000000004, 29.400000000000002, 38.2, 29.5, 28.900000000000002, 43.0, 34.5, 30.400000000000002, 34.800000000000004]"
ga,17,18,176.44183946961317,30.0,2804.0,1.980410898184561,5.9,11.33714285714286,19.860000000000003,8.522857142857143,True,0.0,hospital_corridor,28,12,"[11, 29, 47, 53, 61, 73, 89, 97, 101, 109]","[3.5816365612186947, 4.518187998704745, 0.6566772776636416, 0.5, 1.0]","{""time"": 1.0, ""collisions"": 0.05, ""congestion"": 1.0, ""fairness"": 0.5, ""incomplete_base"": 1000.0, ""incomplete_agent"": 10.0}","[233.35015576323988, 180.8922305764411, 144.31073105298458, 162.0538541168976, 171.69307417913012, 138.099356969065, 186.01458241191216, 228.12220343758807, 152.79872134038803, 167.0834848484849]","[32.1, 28.5, 28.400000000000002, 29.900000000000002, 27.700000000000003, 27.400000000000002, 32.300000000000004, 33.800000000000004, 32.4, 27.5]"
ga,17,19,40.359994571363,32.019999999999996,40.2,1.8513040951725384,5.8,12.479285714285716,21.436666666666664,8.957380952380952,True,0.0,hospital_corridor,28,12,"[11, 29, 47, 53, 61, 73, 89, 97, 101, 109]","[3.5816365612186947, 4.518187998704745, 0.8958175921307852, 0.5, 1.0]","{""time"": 1.0, ""collisions"": 0.05, ""congestion"": 1.0, ""fairness"": 0.5, ""incomplete_base"": 1000.0, ""incomplete_agent"": 10.0}","[53.13176991926992, 36.413013538748835, 36.815816326530616, 37.58696243203164, 32.37801771871539, 36.43167828106853, 44.11011904761905, 42.11472036028488, 45.36949109672199, 39.24835699263933]","[40.7, 30.6, 29.400000000000002, 28.900000000000002, 25.8, 28.700000000000003, 35.0, 34.1, 35.300000000000004, 31.700000000000003]"
ga,17,20,40.359994571363,32.019999999999996,40.2,1.8513040951725384,5.8,12.479285714285716,21.436666666666664,8.957380952380952,True,0.0,hospital_corridor,28,12,"[11, 29, 47, 53, 61, 73, 89, 97, 101, 109]","[3.5816365612186947, 4.518187998704745, 0.8958175921307852, 0.5, 1.0]","{""time"": 1.0, ""collisions"": 0.05, ""congestion"": 1.0, ""fairness"": 0.5, ""incomplete_base"": 1000.0, ""incomplete_agent"": 10.0}","[53.13176991926992, 36.413013538748835, 36.815816326530616, 37.58696243203164, 32.37801771871539, 36.43167828106853, 44.11011904761905, 42.11472036028488, 45.36949109672199, 39.24835699263933]","[40.7, 30.6, 29.400000000000002, 28.900000000000002, 25.8, 28.700000000000003, 35.0, 34.1, 35.300000000000004, 31.700000000000003]"
ga,17,21,40.359994571363,32.019999999999996,40.2,1.8513040951725384,5.8,12.479285714285716,21.436666666666664,8.957380952380952,True,0.0,hospital_corridor,28,12,"[11, 29, 47, 53, 61, 73, 89, 97, 101, 109]","[3.5816365612186947, 4.518187998704745, 0.8958175921307852, 0.5, 1.0]","{""time"": 1.0, ""collisions"": 0.05, ""congestion"": 1.0, ""fairness"": 0.5, ""incomplete_base"": 1000.0, ""incomplete_agent"": 10.0}","[53.13176991926992, 36.413013538748835, 36.815816326530616, 37.58696243203164, 32.37801771871539, 36.43167828106853, 44.11011904761905, 42.11472036028488, 45.36949109672199, 39.24835699263933]","[40.7, 30.6, 29.400000000000002, 28.900000000000002, 25.8, 28.700000000000003, 35.0, 34.1, 35.300000000000004, 31.700000000000003]"
ga,17,22,43.372791798140845,33.81,61.6,1.7113632267122703,5.3,12.724642857142857,22.267500000000002,9.542857142857143,True,0.0,hospital_corridor,28,12,"[11, 29, 47, 53, 61, 73, 89, 97, 101, 109]","[3.3726870754333325, 4.112772265482674, 0.8906075710421538, 0.5, 1.0]","{""time"": 1.0, ""collisions"": 0.05, ""congestion"": 1.0, ""fairness"": 0.5, ""incomplete_base"": 1000.0, ""incomplete_agent"": 10.0}","[56.09047619047619, 37.5525974025974, 37.75747716894977, 58.561740934906084, 36.543608181527645, 37.332717779944744, 44.07910661297161, 41.439412136536035, 44.667857142857144, 39.70292443064182]","[42.0, 30.8, 29.200000000000003, 43.6, 29.8, 29.3, 33.7, 33.9, 33.6, 32.2]"
ga,17,23,40.84855779081609,32.57,37.3,1.7966530289113247,5.3,12.567857142857143,21.80166666666667,9.233809523809523,True,0.0,hospital_corridor,28,12,"[11, 29, 47, 53, 61, 73, 89, 97, 101, 109]","[3.621634700500499, 4.983782356580369, 0.8938286865971445, 0.5, 1.0]","{""time"": 1.0, ""collisions"": 0.05, ""congestion"": 1.0, ""fairness"": 0.5, ""incomplete_base"": 1000.0, ""incomplete_agent"": 10.0}","[49.37745116813482, 47.87575187969925, 36.509268707482995, 39.97880493033226, 31.232881773399015, 36.52307834898665, 41.671349684452096, 44.11082844096542, 40.84140866873065, 40.36475430597771]","[37.300000000000004, 38.0, 29.400000000000002, 31.1, 26.1, 28.900000000000002, 33.2, 36.5, 32.300000000000004, 32.9]"
ga,18,0,40.25494256399107,32.42,32.3,1.8084544687529729,5.2,12.772857142857145,21.59583333333333,8.822976190476192,True,0.0,hospital_corridor,28,12,"[11, 29, 47, 53, 61, 73, 89, 97, 101, 109]","[3.512527037952683, 4.553513460524062, 0.9061923851819789, 0.5, 1.0]","{""time"": 1.0, ""collisions"": 0.05, ""congestion"": 1.0, ""fairness"": 0.5, ""incomplete_base"": 1000.0, ""incomplete_agent"": 10.0}","[44.4718815844922, 36.80339861751152, 37.43651394901395, 41.74306418219462, 37.17666666666667, 37.62748881431767, 43.790238095238095, 44.31395180023229, 39.64134615384616, 39.54487577639752]","[33.9, 31.0, 29.700000000000003, 34.5, 30.0, 29.8, 35.0, 36.9, 31.200000000000003, 32.2]"
ga,18,1,40.359994571363,32.019999999999996,40.2,1.8513040951725384,5.8,12.479285714285716,21.436666666666664,8.957380952380952,True,0.0,hospital_corridor,28,12,"[11, 29, 47, 53, 61, 73, 89, 97, 101, 109]","[3.5816365612186947, 4.518187998704745, 0.8958175921307852, 0.5, 1.0]","{""time"": 1.0, ""collisions"": 0.05, ""congestion"": 1.0, ""fairness"": 0.5, ""incomplete_base"": 1000.0, ""incomplete_agent"": 10.0}","[53.13176991926992, 36.413013538748835, 36.815816326530616, 37.58696243203164, 32.37801771871539, 36.43167828106853, 44.11011904761905, 42.11472036028488, 45.36949109672199, 39.24835699263933]","[40.7, 30.6, 29.400000000000002, 28.900000000000002, 25.8, 28.700000000000003, 35.0, 34.1, 35.300000000000004, 31.700000000000003]"
ga,18,2,41.441178209611245,32.36,55.0,1.9214758286588627,5.7,13.143928571428571,21.963333333333335,8.819404761904764,True,0.0,hospital_corridor,28,12,"[11, 29, 47, 53, 61, 73, 89, 97, 101, 109]","[3.535799948982126, 4.535527605458782, 0.8991150101962676, 0.5, 1.0]","{""time"": 1.0, ""collisions"": 0.05, ""congestion"": 1.0, ""fairness"": 0.5, ""incomplete_base"": 1000.0, ""incomplete_agent"": 10.0}","[53.16243112947659, 37.172023809523814, 38.33880952380953, 40.000360419397126, 37.02116650414432, 36.627284148953706, 47.49148550724638, 42.52315793181178, 41.51912525879918, 40.55593786295006]","[36.300000000000004, 30.8, 30.0, 32.7, 29.3, 28.900000000000002, 36.800000000000004, 33.800000000000004, 32.2, 32.800000000000004]"
ga,18,3,42.57212767342475,32.209999999999994,75.8,1.8463538639009507,5.3,12.284285714285714,21.735833333333336,9.45154761904762,True,0.0,hospital_corridor,28,12,"[11, 29, 47, 53, 61, 73, 89, 97, 101, 109]","[4.135202725566407, 4.536173853770025, 0.9028949671164964, 0.5, 1.0]","{""time"": 1.0, ""collisions"": 0.05, ""congestion"": 1.0, ""fairness"": 0.5, ""incomplete_base"": 1000.0, ""incomplete_agent"": 10.0}","[50.01484953218825, 41.45806986729118, 36.86100263634866, 41.8588133640553, 35.48773346794548, 37.492090395480226, 47.92055785123968, 50.015740740740746, 45.75143577603952, 38.86098310291859]","[34.1, 30.5, 28.900000000000002, 31.0, 28.3, 29.5, 36.300000000000004, 37.800000000000004, 34.7, 31.0]"
ga,18,4,40.359994571363,32.019999999999996,40.2,1.8513040951725384,5.8,12.479285714285716,21.436666666666664,8.957380952380952,True,0.0,hospital_corridor,28,12,"[11, 29, 47, 53, 61, 73, 89, 97, 101, 109]","[3.5816365612186947, 4.518187998704745, 0.8958175921307852, 0.5, 1.0]","{""time"": 1.0, ""collisions"": 0.05, ""congestion"": 1.0, ""fairness"": 0.5, ""incomplete_base"": 1000.0, ""incomplete_agent"": 10.0}","[53.13176991926992, 36.413013538748835, 36.815816326530616, 37.58696243203164, 32.37801771871539, 36.43167828106853, 44.11011904761905, 42.11472036028488, 45.36949109672199, 39.24835699263933]","[40.7, 30.6, 29.400000000000002, 28.900000000000002, 25.8, 28.700000000000003, 35.0, 34.1, 35.300000000000004, 31.700000000000003]"
ga,18,5,46.45957471640457,31.29,173.0,1.9311818592617094,5.8,11.935714285714287,21.1125,9.176785714285716,True,0.0,hospital_corridor,28,12,"[11, 29, 47, 53, 61, 73, 89, 97, 101, 109]","[4.556814367318179, 4.03869000935169, 0.8958175921307852, 0.5, 1.0]","{""time"": 1.0, ""collisions"": 0.05, ""congestion"": 1.0, ""fairness"": 0.5, ""incomplete_base"": 1000.0, ""incomplete_agent"": 10.0}","[65.54186507936508, 61.92072829131653, 39.1747668997669, 50.79612286002015, 37.66314553990611, 36.63274244004171, 48.37901138716356, 42.2475529100529, 44.001446704509625, 38.238365051903116]","[36.0, 35.7, 28.6, 33.1, 28.400000000000002, 27.400000000000002, 32.2, 32.4, 30.200000000000003, 28.900000000000002]"
ga,18,6,42.2470455402066,33.809999999999995,36.7,1.8123431592542218,5.3,12.956428571428571,22.535833333333336,9.579404761904762,True,0.0,hospital_corridor,28,12,"[11, 29, 47, 53, 61, 73, 89, 97, 101, 109]","[3.4278468215853155, 4.526368350083375, 0.8955186554814094, 0.5, 1.0]","{""time"": 1.0, ""collisions"": 0.05, ""congestion"": 1.0, ""fairness"": 0.5, ""incomplete_base"": 1000.0, ""incomplete_agent"": 10.0}","[49.631111736033, 51.6452380952381, 37.57057823129252, 37.91519080234834, 35.488662790697674, 38.87141145595619, 43.87717331118494, 44.93490476190476, 41.5486129314111, 40.98757128599943]","[38.1, 42.0, 29.400000000000002, 29.200000000000003, 30.1, 31.3, 34.4, 37.5, 32.7, 33.4]"
ga,18,7,51.24102789923373,32.53,244.0,1.915492184948005,5.7,12.413928571428572,21.605,9.19107142857143,True,0.0,hospital_corridor,28,12,"[11, 29, 47, 53, 61, 73, 89, 97, 101, 109]","[3.710825605139806, 4.509185051606648, 0.808818444867485, 0.5, 1.0]","{""time"": 1.0, ""collisions"": 0.05, ""congestion"": 1.0, ""fairness"": 0.5, ""incomplete_base"": 1000.0, ""incomplete_agent"": 10.0}","[62.648207540806695, 49.2524680603949, 43.721839080459766, 67.2747767857143, 42.691259398496236, 39.40304495444388, 54.40876887340302, 55.293730360164375, 49.735385878489325, 47.98079805996473]","[35.300000000000004, 32.800000000000004, 29.0, 38.400000000000006, 28.5, 27.700000000000003, 32.800000000000004, 39.400000000000006, 29.0, 32.4]"
ga,18,8,45.07238965384235,35.84000000000001,39.1,1.8863777490804359,5.6,12.729642857142858,23.511666666666667,10.78202380952381,True,0.0,hospital_corridor,28,12,"[11, 29, 47, 53, 61, 73, 89, 97, 101, 109]","[3.3943514977692404, 4.53289713643835, 0.8990644869848613, 0.5, 1.0]","{""time"": 1.0, ""collisions"": 0.05, ""congestion"": 1.0, ""fairness"": 0.5, ""incomplete_base"": 1000.0, ""incomplete_agent"": 10.0}","[53.93150073872032, 37.47552059408973, 36.85323129251701, 62.7751586506346, 36.54599567099567, 37.318388462767665, 60.75112044817927, 46.47997835497836, 38.950011671335204, 39.64299065420561]","[41.900000000000006, 31.1, 29.400000000000002, 49.900000000000006, 30.8, 29.8, 47.6, 35.2, 30.6, 32.1]"
ga,18,9,43.742515821255914,35.17,36.7,1.6940634403035293,5.0,13.221428571428572,23.308333333333334,10.086904761904764,True,0.0,hospital_corridor,28,12,"[11, 29, 47, 53, 61, 73, 89, 97, 101, 109]","[3.1510196395421115, 4.643789192381901, 0.9018591823213798, 0.5, 1.0]","{""time"": 1.0, ""collisions"": 0.05, ""congestion"": 1.0, ""fairness"": 0.5, ""incomplete_base"": 1000.0, ""incomplete_agent"": 10.0}","[64.79491826581379, 38.42044513457557, 37.07127630121817, 54.95818452380953, 32.28548858204992, 37.16434963247044, 46.376973684210526, 46.01190476190476, 40.21238733663813, 40.129229989868286]","[46.900000000000006, 32.2, 30.1, 44.800000000000004, 26.900000000000002, 29.8, 38.0, 38.400000000000006, 31.700000000000003, 32.9]"
ga,18,10,40.25494256399107,32.42,32.3,1.8084544687529729,5.2,12.772857142857145,21.59583333333333,8.822976190476192,True,0.0,hospital_corridor,28,12,"[11, 29, 47, 53, 61, 73, 89, 97, 101, 109]","[3.512527037952683, 4.553513460524062, 0.9061923851819789, 0.5, 1.0]","{""time"": 1.0, ""collisions"": 0.05, ""congestion"": 1.0, ""fairness"": 0.5, ""incomplete_base"": 1000.0, ""incomplete_agent"": 10.0}","[44.4718815844922, 36.80339861751152, 37.43651394901395, 41.74306418219462, 37.17666666666667, 37.62748881431767, 43.790238095238095, 44.31395180023229, 39.64134615384616, 39.54487577639752]","[33.9, 31.0, 29.700000000000003, 34.5, 30.0, 29.8, 35.0, 36.9, 31.200000000000003, 32.2]"
ga,18,11,43.10857928316954,34.989999999999995,24.9,1.913579283169549,5.3,13.1875,23.107499999999998,9.920000000000002,True,0.0,hospital_corridor,28,12,"[11, 29, 47, 53, 61, 73, 89, 97, 101, 109]","[3.512527037952683, 5.0, 0.9061923851819789, 0.5, 1.0]","{""time"": 1.0, ""collisions"": 0.05, ""congestion"": 1.0, ""fairness"": 0.5, ""incomplete_base"": 1000.0, ""incomplete_agent"": 10.0}","[57.24896214896216, 50.531020897567664, 36.267612524461846, 36.686945117029865, 31.054724702380955, 36.52188787279618, 50.601286061870006, 49.46513912794033, 42.95533033033034, 39.75288404835619]","[46.800000000000004, 41.7, 29.200000000000003, 29.5, 25.6, 28.900000000000002, 41.1, 41.5, 33.300000000000004, 32.300000000000004]"
ga,18,12,43.067037609789494,34.660000000000004,35.4,1.8557876097894859,5.5,13.370000000000001,22.932499999999997,9.5625,True,0.0,hospital_corridor,28,12,"[11, 29, 47, 53, 61, 73, 89, 97, 101, 109]","[3.3460919778456493, 5.0, 0.891207417110315, 0.5, 1.0]","{""time"": 1.0, ""collisions"": 0.05, ""congestion"": 1.0, ""fairness"": 0.5, ""incomplete_base"": 1000.0, ""incomplete_agent"": 10.0}","[49.45667989417989, 37.53651960784314, 37.03457973793544, 57.81334154351397, 31.35641096905689, 40.64396973742768, 44.06867946600605, 49.52001106065899, 42.56325493612079, 40.67692914515204]","[40.5, 30.6, 29.8, 46.400000000000006, 25.700000000000003, 32.1, 34.6, 40.900000000000006, 32.800000000000004, 33.2]"
ga,18,13,42.45931090578321,34.019999999999996,39.4,1.667108524830836,5.2,12.943928571428572,22.548333333333336,9.60440476190476,True,0.0,hospital_corridor,28,12,"[11, 29, 47, 53, 61, 73, 89, 97, 101, 109]","[3.135714968064672, 4.217015424404868, 0.8952177460626239, 0.5, 1.0]","{""time"": 1.0, ""collisions"": 0.05, ""congestion"": 1.0, ""fairness"": 0.5, ""incomplete_base"": 1000.0, ""incomplete_agent"": 10.0}","[49.73131327334083, 38.25886737872719, 36.81626382876384, 38.65944719471947, 44.30833333333333, 38.53517665130568, 45.69531615925059, 46.37943722943723, 42.49146825396825, 43.71748575498576]","[38.1, 32.1, 29.700000000000003, 30.3, 36.4, 31.0, 36.6, 38.5, 32.4, 35.1]"
ga,18,14,44.72713874166115,34.58,67.3,1.7624363607087652,5.3,12.563928571428571,22.60333333333333,10.03940476190476,True,0.0,hospital_corridor,28,12,"[11, 29, 47, 53, 61, 73, 89, 97, 101, 109]","[3.889482593541335, 4.529935732381395, 0.8987238002377075, 0.5, 1.0]","{""time"": 1.0, ""collisions"": 0.05, ""congestion"": 1.0, ""fairness"": 0.5, ""incomplete_base"": 1000.0, ""incomplete_agent"": 10.0}","[47.921568627450974, 43.04848043446986, 72.5675535314797, 43.51880300065232, 35.30539819376026, 38.007679180887365, 45.8826032622994, 43.609717607973415, 38.24202871870398, 39.167554858934174]","[34.0, 33.1, 59.6, 29.200000000000003, 29.0, 29.3, 36.2, 34.4, 29.1, 31.900000000000002]"
ga,18,15,40.81162558875894,32.410000000000004,37.2,1.7614470173303665,5.4,12.45464285714286,22.015,9.560357142857145,True,0.0,hospital_corridor,28,12,"[11, 29, 47, 53, 61, 73, 89, 97, 101, 109]","[3.5693101607051574, 4.543358065296024, 0.9058568217028733, 0.5, 1.0]","{""time"": 1.0, ""collisions"": 0.05, ""congestion"": 1.0, ""fairness"": 0.5, ""incomplete_base"": 1000.0, ""incomplete_agent"": 10.0}","[49.40117641544808, 45.165759172521476, 37.35874103065885, 39.2964325529543, 35.261912915851276, 37.390973915163336, 41.62341806091806, 44.22067250298448, 38.438213107024986, 39.95895621406458]","[38.1, 36.6, 29.200000000000003, 29.900000000000002, 29.200000000000003, 29.3, 33.300000000000004, 35.9, 30.3, 32.300000000000004]"
ga,18,16,41.551095383596305,31.070000000000004,84.0,1.8485953835963074,5.7,12.209999999999999,21.074999999999996,8.865000000000002,True,0.0,hospital_corridor,28,12,"[11, 29, 47, 53, 61, 73, 89, 97, 101, 109]","[3.4714781578102203, 3.6603362191898565, 0.889963921861312, 0.5, 1.0]","{""time"": 1.0, ""collisions"": 0.05, ""congestion"": 1.0, ""fairness"": 0.5, ""incomplete_base"": 1000.0, ""incomplete_agent"": 10.0}","[51.40965719063546, 37.885810291858675, 36.038266470971955, 43.58555266477452, 37.57308223630749, 38.07425958188154, 44.347812846068656, 45.292226890756304, 40.951415168716494, 40.35287049399199]","[29.900000000000002, 31.0, 29.200000000000003, 30.200000000000003, 29.3, 28.700000000000003, 34.4, 35.7, 30.200000000000003, 32.1]"
ga,18,17,44.27190652583977,35.5,39.0,1.8695255734588163,5.0,12.96607142857143,22.87083333333333,9.904761904761903,True,0.0,hospital_corridor,28,12,"[11, 29, 47, 53, 61, 73, 89, 97, 101, 109]","[3.155947911272763, 4.26726303485699, 0.8901876558263832, 0.5, 1.0]","{""time"": 1.0, ""collisions"": 0.05, ""congestion"": 1.0, ""fairness"": 0.5, ""incomplete_base"": 1000.0, ""incomplete_agent"": 10.0}","[65.8748949579832, 47.12834176977878, 36.70322270322271, 56.052491381167854, 30.884963868816012, 37.78916029622552, 43.25656826314341, 44.89467673248161, 40.07078924162257, 40.06395604395604]","[51.0, 38.1, 29.700000000000003, 44.2, 25.700000000000003, 29.900000000000002, 34.6, 36.9, 32.4, 32.5]"
ga,18,18,42.71524091205326,33.95,45.8,1.8358956739580232,5.5,12.927142857142858,22.205833333333338,9.278690476190476,True,0.0,hospital_corridor,28,12,"[11, 29, 47, 53, 61, 73, 89, 97, 101, 109]","[3.545731971231831, 4.522291519198946, 0.8966738727703649, 0.5, 1.0]","{""time"": 1.0, ""collisions"": 0.05, ""congestion"": 1.0, ""fairness"": 0.5, ""incomplete_base"": 1000.0, ""incomplete_agent"": 10.0}","[54.26008478931141, 39.176244588744595, 38.30255791505792, 43.45268883415435, 35.6479066794503, 37.783498896247245, 45.075, 43.781349206349205, 50.18580714894654, 39.48727106227106]","[41.7, 30.8, 29.6, 34.800000000000004, 29.8, 30.200000000000003, 35.0, 36.0, 39.1, 32.5]"
ga,18,19,1225.1207507438469,100.0,8.9,0.4197,4.0,14.056450099607995,24.568551587301588,10.512101487693593,False,11.9,hospital_corridor,28,12,"[11, 29, 47, 53, 61, 73, 89, 97, 101, 109]","[3.5707870799233064, 5.0, 1.2929230978602066, 0.5, 1.0]","{""time"": 1.0, ""collisions"": 0.05, ""congestion"": 1.0, ""fairness"": 0.5, ""incomplete_base"": 1000.0, ""incomplete_agent"": 10.0}","[1196.4063333333334, 1286.2570357142856, 1205.754746031746, 1253.8081746031746, 1244.5094210526315, 1185.5510833333333, 1181.14975, 1187.4608205128204, 1165.088, 1345.222142857143]","[100.0, 100.0, 100.0, 100.0, 100.0, 100.0, 100.0, 100.0, 100.0, 100.0]"
ga,18,20,47.68385243152698,38.339999999999996,48.3,1.705102431526982,4.9,13.670000000000002,24.1175,10.447500000000002,True,0.0,hospital_corridor,28,12,"[11, 29, 47, 53, 61, 73, 89, 97, 101, 109]","[3.5416246962130113, 4.733973291993767, 0.8962735846225598, 0.5, 1.0]","{""time"": 1.0, ""collisions"": 0.05, ""congestion"": 1.0, ""fairness"": 0.5, ""incomplete_base"": 1000.0, ""incomplete_agent"": 10.0}","[90.24110417894806, 42.939299204100905, 42.704606227106225, 54.13979885057471, 42.465015139003576, 36.850137996375025, 45.0905631353665, 43.30658243798912, 38.40551378446115, 40.69590336134454]","[72.7, 35.300000000000004, 32.5, 43.5, 34.6, 28.900000000000002, 35.6, 35.9, 30.400000000000002, 34.0]"
ga,18,21,42.123283281617226,33.93,31.2,1.7859618530457984,5.3,12.565357142857144,22.26,9.694642857142856,True,0.0,hospital_corridor,28,12,"[11, 29, 47, 53, 61, 73, 89, 97, 101, 109]","[3.5808235416481526, 4.741595028764701, 0.8963062852870418, 0.5, 1.0]","{""time"": 1.0, ""collisions"": 0.05, ""congestion"": 1.0, ""fairness"": 0.5, ""incomplete_base"": 1000.0, ""incomplete_agent"": 10.0}","[51.17836338418863, 44.104831932773116, 44.1099025974026, 38.36198979591837, 35.280901937045996, 39.3847963951936, 43.30097216537044, 42.789234839234844, 41.79125163826999, 40.930588130774694]","[41.2, 35.7, 35.2, 29.400000000000002, 29.5, 32.1, 34.9, 35.1, 32.7, 33.5]"
ga,18,22,1056.1320002639204,40.080000000000005,51.2,1.8150705020157427,5.4,12.791557142857142,22.14541666666667,9.353859523809522,False,0.7,hospital_corridor,28,12,"[11, 29, 47, 53, 61, 73, 89, 97, 101, 109]","[3.467610157010739, 4.547763490465109, 0.8966808983137531, 0.5, 1.0]","{""time"": 1.0, ""collisions"": 0.05, ""congestion"": 1.0, ""fairness"": 0.5, ""incomplete_base"": 1000.0, ""incomplete_agent"": 10.0}","[1184.66175, 40.40961246200608, 43.778286384976525, 48.49334832904886, 35.59200623202302, 38.88667434715821, 43.90597903340441, 44.278367395116696, 40.95352549379881, 40.36045296167247]","[100.0, 32.9, 35.5, 38.900000000000006, 29.8, 31.0, 33.5, 35.300000000000004, 31.1, 32.800000000000004]"
ga,18,23,43.76606750988325,35.410000000000004,29.7,1.7944008432165774,5.1,13.425,23.578333333333337,10.153333333333334,True,0.0,hospital_corridor,28,12,"[11, 29, 47, 53, 61, 73, 89, 97, 101, 109]","[3.1540367514189334, 4.523937968763698, 0.9053290789990109, 0.5, 1.0]","{""time"": 1.0, ""collisions"": 0.05, ""congestion"": 1.0, ""fairness"": 0.5, ""incomplete_base"": 1000.0, ""incomplete_agent"": 10.0}","[59.0359564164649, 43.81932782862448, 37.37435682326622, 45.43471377912867, 32.046915584415586, 37.74659977703457, 45.79913594470046, 45.272590011614405, 51.092713464696224, 40.03836546888695]","[47.2, 35.9, 29.8, 37.6, 26.400000000000002, 29.900000000000002, 37.2, 36.9, 40.6, 32.6]"
ga,19,0,40.25494256399107,32.42,32.3,1.8084544687529729,5.2,12.772857142857145,21.59583333333333,8.822976190476192,True,0.0,hospital_corridor,28,12,"[11, 29, 47, 53, 61, 73, 89, 97, 101, 109]","[3.512527037952683, 4.553513460524062, 0.9061923851819789, 0.5, 1.0]","{""time"": 1.0, ""collisions"": 0.05, ""congestion"": 1.0, ""fairness"": 0.5, ""incomplete_base"": 1000.0, ""incomplete_agent"": 10.0}","[44.4718815844922, 36.80339861751152, 37.43651394901395, 41.74306418219462, 37.17666666666667, 37.62748881431767, 43.790238095238095, 44.31395180023229, 39.64134615384616, 39.54487577639752]","[33.9, 31.0, 29.700000000000003, 34.5, 30.0, 29.8, 35.0, 36.9, 31.200000000000003, 32.2]"
ga,19,1,40.25494256399107,32.42,32.3,1.8084544687529729,5.2,12.772857142857145,21.59583333333333,8.822976190476192,True,0.0,hospital_corridor,28,12,"[11, 29, 47, 53, 61, 73, 89, 97, 101, 109]","[3.512527037952683, 4.553513460524062, 0.9061923851819789, 0.5, 1.0]","{""time"": 1.0, ""collisions"": 0.05, ""congestion"": 1.0, ""fairness"": 0.5, ""incomplete_base"": 1000.0, ""incomplete_agent"": 10.0}","[44.4718815844922, 36.80339861751152, 37.43651394901395, 41.74306418219462, 37.17666666666667, 37.62748881431767, 43.790238095238095, 44.31395180023229, 39.64134615384616, 39.54487577639752]","[33.9, 31.0, 29.700000000000003, 34.5, 30.0, 29.8, 35.0, 36.9, 31.200000000000003, 32.2]"
ga,19,2,42.13907362924904,33.61,39.2,1.6571688673442775,4.8,12.472857142857144,22.296666666666667,9.823809523809526,True,0.0,hospital_corridor,28,12,"[11, 29, 47, 53, 61, 73, 89, 97, 101, 109]","[3.167552664237066, 4.287003555272165, 0.8972290779528139, 0.5, 1.0]","{""time"": 1.0, ""collisions"": 0.05, ""congestion"": 1.0, ""fairness"": 0.5, ""incomplete_base"": 1000.0, ""incomplete_agent"": 10.0}","[42.99199819168174, 51.44702380952381, 37.29433831672203, 41.684700722394226, 30.87553088803089, 37.27598870056497, 46.99746052467985, 44.82212732919255, 43.22482788296042, 44.77673992673992]","[31.6, 42.0, 30.1, 32.300000000000004, 25.900000000000002, 29.5, 38.300000000000004, 36.800000000000004, 33.2, 36.4]"
ga,19,3,45.379221077140656,35.89,51.4,1.738030600950184,5.1,13.036785714285717,23.399166666666666,10.362380952380953,True,0.0,hospital_corridor,28,12,"[11, 29, 47, 53, 61, 73, 89, 97, 101, 109]","[3.5651035365237402, 4.826625457322745, 0.9004476964993511, 0.5, 1.0]","{""time"": 1.0, ""collisions"": 0.05, ""congestion"": 1.0, ""fairness"": 0.5, ""incomplete_base"": 1000.0, ""incomplete_agent"": 10.0}","[69.37984693877551, 44.907387955182074, 37.97534013605442, 48.87061688311689, 36.63193658651579, 37.52250707213579, 44.146846713892174, 48.19992953100636, 46.9155204643841, 39.24227849034351]","[49.0, 35.7, 29.400000000000002, 39.6, 30.3, 30.3, 36.300000000000004, 39.7, 36.300000000000004, 32.300000000000004]"
ga,19,4,43.45167439445253,34.06000000000001,49.5,1.8959005849287087,5.1,13.086785714285714,23.128333333333334,10.04154761904762,True,0.0,hospital_corridor,28,12,"[11, 29, 47, 53, 61, 73, 89, 97, 101, 109]","[3.5067959401453646, 4.549396251563034, 0.8983602625167999, 0.5, 1.0]","{""time"": 1.0, ""collisions"": 0.05, ""congestion"": 1.0, ""fairness"": 0.5, ""incomplete_base"": 1000.0, ""incomplete_agent"": 10.0}","[60.970906613185235, 42.98449248120302, 37.95527210884354, 42.873442249240114, 43.33988095238096, 36.5640873015873, 47.6795174018616, 42.84789886039886, 39.06411480433758, 40.237131171487]","[46.300000000000004, 34.2, 29.400000000000002, 32.9, 35.7, 28.8, 35.300000000000004, 35.1, 30.3, 32.6]"
ga,19,5,40.30225471125108,32.02,35.1,1.9505880445844106,5.9,12.625,21.778333333333336,9.153333333333332,True,0.0,hospital_corridor,28,12,"[11, 29, 47, 53, 61, 73, 89, 97, 101, 109]","[3.5734213229978664, 4.727726382660449, 0.8970610329665095, 0.5, 1.0]","{""time"": 1.0, ""collisions"": 0.05, ""congestion"": 1.0, ""fairness"": 0.5, ""incomplete_base"": 1000.0, ""incomplete_agent"": 10.0}","[50.92756568144499, 40.57276785714286, 36.7727413568167, 41.098636712749624, 36.06805422838032, 36.36843384412589, 41.34890843044167, 40.74568452380952, 38.67131070249882, 40.448443775100415]","[40.6, 32.0, 29.200000000000003, 31.0, 29.900000000000002, 28.900000000000002, 33.1, 32.0, 30.3, 33.2]"
ga,19,6,48.19850606994836,34.980000000000004,138.8,1.7141013080435976,5.2,13.340357142857144,22.469166666666666,9.128809523809526,True,0.0,hospital_corridor,28,12,"[11, 29, 47, 53, 61, 73, 89, 97, 101, 109]","[2.835143336141678, 4.553513460524062, 0.819088303147473, 0.5, 1.0]","{""time"": 1.0, ""collisions"": 0.05, ""congestion"": 1.0, ""fairness"": 0.5, ""incomplete_base"": 1000.0, ""incomplete_agent"": 10.0}","[76.65685109930186, 39.31152912621359, 41.54642476799026, 47.17313186813187, 40.897193372898116, 43.05813306631063, 58.636392580287925, 48.72627015373078, 44.850960061443935, 41.1281746031746]","[45.7, 30.900000000000002, 31.3, 32.5, 33.7, 32.1, 43.0, 38.1, 31.0, 31.5]"
ga,19,7,1053.82835603178,39.95,27.0,2.0177630830620163,5.4,12.711730769230769,21.732916666666668,9.021185897435897,False,0.6,hospital_corridor,28,12,"[11, 29, 47, 53, 61, 73, 89, 97, 101, 109]","[3.271302110184152, 4.464242187745561, 0.9061923851819789, 0.5, 1.0]","{""time"": 1.0, ""collisions"": 0.05, ""congestion"": 1.0, ""fairness"": 0.5, ""incomplete_base"": 1000.0, ""incomplete_agent"": 10.0}","[47.57291666666667, 1168.7675961538462, 36.869855868768916, 37.69051522248243, 31.759925249169438, 38.33119047619047, 43.90815527065527, 47.44169799498747, 44.390987592219986, 41.550719822812844]","[38.400000000000006, 100.0, 29.900000000000002, 30.5, 25.8, 30.0, 35.1, 39.900000000000006, 35.5, 34.4]"
ga,19,8,43.14008551059189,32.9,73.7,1.8089545582109363,5.6,12.48607142857143,21.97833333333334,9.492261904761907,True,0.0,hospital_corridor,28,12,"[11, 29, 47, 53, 61, 73, 89, 97, 101, 109]","[3.547858233143188, 3.9992863393461042, 0.8925076773358891, 0.5, 1.0]","{""time"": 1.0, ""collisions"": 0.05, ""congestion"": 1.0, ""fairness"": 0.5, ""incomplete_base"": 1000.0, ""incomplete_agent"": 10.0}","[49.90050240279598, 49.98916040100251, 39.950935374149665, 40.19276113671275, 37.07253401360545, 37.78511904761905, 50.06424523209788, 44.99571234998064, 41.93106879975965, 39.51881634819533]","[32.7, 38.0, 29.400000000000002, 31.0, 29.400000000000002, 28.8, 39.7, 36.9, 31.700000000000003, 31.400000000000002]"
ga,19,9,1127.0831956997151,87.14999999999999,32.9,0.7236447922892866,5.0,13.777723942723943,24.906825757575756,11.129101814851815,False,3.2,hospital_corridor,28,12,"[11, 29, 47, 53, 61, 73, 89, 97, 101, 109]","[3.5052564858857274, 4.179237878548498, 1.0610053041124856, 0.5, 1.0]","{""time"": 1.0, ""collisions"": 0.05, ""congestion"": 1.0, ""fairness"": 0.5, ""incomplete_base"": 1000.0, ""incomplete_agent"": 10.0}","[1149.6120833333334, 1150.2934166666666, 63.6371265377856, 1165.0374242424243, 1184.214878787879, 65.0674211620132, 1146.7833846153846, 1147.2793928571427, 70.51540022309409, 1128.3914285714286]","[100.0, 100.0, 56.900000000000006, 100.0, 100.0, 52.7, 100.0, 100.0, 61.900000000000006, 100.0]"
ga,19,10,49.810401635875415,38.410000000000004,85.3,1.659627826351605,5.5,12.886785714285717,23.83833333333333,10.95154761904762,True,0.0,hospital_corridor,28,12,"[11, 29, 47, 53, 61, 73, 89, 97, 101, 109]","[3.527969597030384, 4.205184717440845, 0.8910561062211099, 0.5, 1.0]","{""time"": 1.0, ""collisions"": 0.05, ""congestion"": 1.0, ""fairness"": 0.5, ""incomplete_base"": 1000.0, ""incomplete_agent"": 10.0}","[76.48173234811166, 83.28193760262727, 37.81517449445532, 59.25521978021978, 36.32024624918461, 36.6578373015873, 44.85247252747253, 42.804434942991286, 40.0405462184874, 40.594414893617014]","[46.400000000000006, 69.60000000000001, 29.200000000000003, 45.5, 29.200000000000003, 28.8, 36.4, 35.5, 30.6, 32.9]"
ga,19,11,44.74367376011726,33.730000000000004,89.9,1.721471379164885,5.0,12.661428571428573,22.255833333333335,9.594404761904762,True,0.0,hospital_corridor,28,12,"[11, 29, 47, 53, 61, 73, 89, 97, 101, 109]","[3.4892405320116673, 3.977443020947957, 0.8955816884105671, 0.5, 1.0]","{""time"": 1.0, ""collisions"": 0.05, ""congestion"": 1.0, ""fairness"": 0.5, ""incomplete_base"": 1000.0, ""incomplete_agent"": 10.0}","[65.89639943389943, 38.155613912231566, 36.372324475865426, 45.41582230336224, 35.58807506053269, 38.18010204081633, 51.46202292331325, 51.403333333333336, 43.24079820452772, 41.722245913290685]","[42.900000000000006, 30.6, 29.3, 31.3, 29.5, 29.400000000000002, 40.300000000000004, 40.0, 30.5, 33.5]"
ga,19,12,44.88745285129343,35.12,64.9,1.8637028512934357,5.3,13.594999999999999,22.9125,9.317499999999999,True,0.0,hospital_corridor,28,12,"[11, 29, 47, 53, 61, 73, 89, 97, 101, 109]","[3.5132636309866623, 4.52569579944776, 0.8955619381568802, 0.5, 1.0]","{""time"": 1.0, ""collisions"": 0.05, ""congestion"": 1.0, ""fairness"": 0.5, ""incomplete_base"": 1000.0, ""incomplete_agent"": 10.0}","[60.61684662236988, 37.779816017316016, 38.97083333333333, 46.58913730371505, 44.59082830315224, 36.426785714285714, 43.43293172690763, 57.69220162748644, 42.56287680209699, 40.212271062271064]","[43.0, 30.8, 30.0, 37.300000000000004, 35.5, 28.8, 33.2, 47.400000000000006, 32.7, 32.5]"
ga,19,13,1054.636834932928,39.63,38.3,1.6507909768839444,5.2,12.474697802197804,21.356785714285717,8.882087912087915,False,0.7,hospital_corridor,28,12,"[11, 29, 47, 53, 61, 73, 89, 97, 101, 109]","[3.496219751817348, 4.51886054934036, 0.8957743094553143, 0.5, 1.0]","{""time"": 1.0, ""collisions"": 0.05, ""congestion"": 1.0, ""fairness"": 0.5, ""incomplete_base"": 1000.0, ""incomplete_agent"": 10.0}","[1177.8825824175824, 36.95981182795699, 38.1724506974507, 41.67437981180496, 36.35940396292745, 37.31656746031746, 46.25337407690349, 50.871843391294476, 40.48028933092225, 40.397646352118834]","[100.0, 31.0, 29.700000000000003, 33.4, 29.8, 28.8, 37.4, 41.900000000000006, 31.6, 32.7]"
ga,19,14,41.93509800981636,33.25000000000001,40.3,1.8083122955306312,5.4,12.553928571428571,22.2775,9.723571428571429,True,0.0,hospital_corridor,28,12,"[11, 29, 47, 53, 61, 73, 89, 97, 101, 109]","[3.5799449750829955, 4.539648211651743, 0.9036904824714758, 0.5, 1.0]","{""time"": 1.0, ""collisions"": 0.05, ""congestion"": 1.0, ""fairness"": 0.5, ""incomplete_base"": 1000.0, ""incomplete_agent"": 10.0}","[51.89861111111111, 45.937996851633216, 37.54190313111547, 48.62428322114186, 35.72192832764505, 36.8812875832927, 41.51612554112555, 41.941769293924466, 39.57756954266855, 39.70950549450549]","[39.6, 36.300000000000004, 29.200000000000003, 38.2, 29.3, 29.3, 33.0, 34.800000000000004, 30.3, 32.5]"
ga,19,15,44.313833737975884,34.980000000000004,51.5,1.785678976071108,5.6,12.817857142857145,22.76416666666667,9.946309523809525,True,0.0,hospital_corridor,28,12,"[11, 29, 47, 53, 61, 73, 89, 97, 101, 109]","[3.673479110947485, 4.69016293362869, 0.8957195199551098, 0.5, 1.0]","{""time"": 1.0, ""collisions"": 0.05, ""congestion"": 1.0, ""fairness"": 0.5, ""incomplete_base"": 1000.0, ""incomplete_agent"": 10.0}","[55.652579365079376, 41.57464463397299, 37.0085730537949, 54.76828293361141, 38.56464170877354, 36.1390664160401, 44.10345238095238, 40.59463739624291, 50.680422131631815, 44.052037359659316]","[41.400000000000006, 33.5, 29.3, 41.1, 31.1, 28.5, 35.0, 32.7, 40.300000000000004, 36.9]"
ga,19,16,44.691385994114924,35.36,57.0,1.8166836131625477,5.2,13.46142857142857,22.79083333333333,9.32940476190476,True,0.0,hospital_corridor,28,12,"[11, 29, 47, 53, 61, 73, 89, 97, 101, 109]","[3.463784430169029, 4.393787492039703, 0.900945800751008, 0.5, 1.0]","{""time"": 1.0, ""collisions"": 0.05, ""congestion"": 1.0, ""fairness"": 0.5, ""incomplete_base"": 1000.0, ""incomplete_agent"": 10.0}","[55.42488553113553, 39.048593073593075, 41.61138716356108, 51.372830018083185, 36.1047065337763, 39.159674063800274, 57.20246507596615, 44.304461826052744, 41.974577214063196, 40.71027944111776]","[41.6, 30.8, 32.2, 39.5, 30.1, 30.900000000000002, 46.7, 36.300000000000004, 32.1, 33.4]"
ga,19,17,42.4470424986779,33.96,37.5,1.8516853558207527,5.6,12.964285714285714,22.484999999999996,9.520714285714284,True,0.0,hospital_corridor,28,12,"[11, 29, 47, 53, 61, 73, 89, 97, 101, 109]","[3.533372552121444, 4.53900658730678, 0.9004296764332747, 0.5, 1.0]","{""time"": 1.0, ""collisions"": 0.05, ""congestion"": 1.0, ""fairness"": 0.5, ""incomplete_base"": 1000.0, ""incomplete_agent"": 10.0}","[54.93537087912088, 36.99534632034632, 37.034042726679715, 38.01935550082102, 34.703424153166424, 37.21629973907372, 46.58388787138787, 53.447335600907024, 44.40463875205255, 41.130723443223445]","[41.6, 30.8, 29.200000000000003, 31.900000000000002, 29.1, 29.200000000000003, 35.1, 44.1, 34.800000000000004, 33.800000000000004]"
ga,19,18,41.40049968910772,33.269999999999996,40.0,1.7712139748220115,5.4,12.876428571428571,21.595,8.71857142857143,True,0.0,hospital_corridor,28,12,"[11, 29, 47, 53, 61, 73, 89, 97, 101, 109]","[3.512527037952683, 4.570806146264685, 0.9061923851819789, 0.5, 1.0]","{""time"": 1.0, ""collisions"": 0.05, ""congestion"": 1.0, ""fairness"": 0.5, ""incomplete_base"": 1000.0, ""incomplete_agent"": 10.0}","[48.144920091324195, 37.05902014652015, 42.71645021645022, 38.1969439117929, 36.57906647807638, 38.043644781144785, 44.27632783882784, 44.88771121351767, 42.053149487643154, 42.047762725779975]","[36.5, 31.200000000000003, 35.2, 29.8, 30.3, 29.700000000000003, 36.4, 37.2, 31.6, 34.800000000000004]"
ga,19,19,43.954362529079475,34.07,59.7,1.810076814793763,5.2,12.596428571428572,22.775,10.178571428571429,True,0.0,hospital_corridor,28,12,"[11, 29, 47, 53, 61, 73, 89, 97, 101, 109]","[3.512527037952683, 4.982707314259377, 0.8636691446439005, 0.5, 1.0]","{""time"": 1.0, ""collisions"": 0.05, ""congestion"": 1.0, ""fairness"": 0.5, ""incomplete_base"": 1000.0, ""incomplete_agent"": 10.0}","[58.466946356856, 43.27263993316625, 36.762681598062954, 52.24887955182073, 32.29025297619048, 37.84242332526231, 46.81324205285332, 52.04440928270043, 39.22042730999685, 40.581722903885485]","[41.5, 34.2, 29.5, 40.800000000000004, 25.6, 29.5, 37.300000000000004, 39.5, 30.200000000000003, 32.6]"
ga,19,20,1196.9852385606569,37.68,3041.7,1.8527818507001368,6.2,12.03857142857143,20.773484848484852,8.734913419913422,False,0.1,hospital_corridor,28,12,"[11, 29, 47, 53, 61, 73, 89, 97, 101, 109]","[3.185632041496984, 4.549559510613437, 0.506280405029601, 0.5, 1.0]","{""time"": 1.0, ""collisions"": 0.05, ""congestion"": 1.0, ""fairness"": 0.5, ""incomplete_base"": 1000.0, ""incomplete_agent"": 10.0}","[1313.3556623376624, 189.02926929392447, 146.4855792832597, 174.90654761904764, 181.58369963369964, 132.72476792160907, 193.09958518818294, 236.8384772565743, 222.5798643960896, 179.2489326765189]","[100.0, 29.0, 29.1, 31.5, 28.6, 27.700000000000003, 35.300000000000004, 33.5, 30.200000000000003, 31.900000000000002]"
ga,19,21,174.3204033032297,30.459999999999997,2748.5,1.9747485413249322,6.1,11.180357142857144,20.101666666666667,8.921309523809523,True,0.0,hospital_corridor,28,12,"[11, 29, 47, 53, 61, 73, 89, 97, 101, 109]","[3.529126328946738, 4.547312015206649, 0.6633747294792187, 0.5, 1.0]","{""time"": 1.0, ""collisions"": 0.05, ""congestion"": 1.0, ""fairness"": 0.5, ""incomplete_base"": 1000.0, ""incomplete_agent"": 10.0}","[195.05563186813188, 182.2653195488722, 143.6609649122807, 152.93529900332226, 168.93286228160332, 136.47054657629474, 194.56372324159025, 235.67729226361035, 152.2144877675841, 181.4279055690073]","[32.5, 28.5, 28.5, 30.1, 27.8, 27.400000000000002, 32.7, 34.9, 32.7, 29.5]"
ga,19,22,45.20769163676216,35.59,59.0,1.6928106843812034,5.1,12.678571428571427,22.628333333333334,9.949761904761907,True,0.0,hospital_corridor,28,12,"[11, 29, 47, 53, 61, 73, 89, 97, 101, 109]","[3.807116904632192, 4.538675750507351, 0.8934479843756863, 0.5, 1.0]","{""time"": 1.0, ""collisions"": 0.05, ""congestion"": 1.0, ""fairness"": 0.5, ""incomplete_base"": 1000.0, ""incomplete_agent"": 10.0}","[57.21194831591173, 42.58620600414079, 37.66755544683627, 56.600295621604346, 36.137749217334, 35.98716346962813, 46.936706349206354, 44.22925645118383, 49.41815783014237, 45.30187766163375]","[41.0, 34.5, 29.200000000000003, 44.7, 28.900000000000002, 28.3, 37.800000000000004, 35.800000000000004, 38.800000000000004, 36.9]"
ga,19,23,1221.9347984670173,100.0,8.1,0.40780000000000005,3.2,15.672920093382336,25.916917027417032,10.243996934034692,False,11.6,hospital_corridor,28,12,"[11, 29, 47, 53, 61, 73, 89, 97, 101, 109]","[3.8406128588868977, 5.0, 1.5026433749274861, 0.5, 1.0]","{""time"": 1.0, ""collisions"": 0.05, ""congestion"": 1.0, ""fairness"": 0.5, ""incomplete_base"": 1000.0, ""incomplete_agent"": 10.0}","[1204.5665, 1234.9007954545455, 1223.98675, 1224.7927543859648, 1256.1196190476192, 1207.3372272727272, 1188.0074734299517, 1238.0175, 1184.759, 1256.860365079365]","[100.0, 100.0, 100.0, 100.0, 100.0, 100.0, 100.0, 100.0, 100.0, 100.0]"
ga,20,0,40.25494256399107,32.42,32.3,1.8084544687529729,5.2,12.772857142857145,21.59583333333333,8.822976190476192,True,0.0,hospital_corridor,28,12,"[11, 29, 47, 53, 61, 73, 89, 97, 101, 109]","[3.512527037952683, 4.553513460524062, 0.9061923851819789, 0.5, 1.0]","{""time"": 1.0, ""collisions"": 0.05, ""congestion"": 1.0, ""fairness"": 0.5, ""incomplete_base"": 1000.0, ""incomplete_agent"": 10.0}","[44.4718815844922, 36.80339861751152, 37.43651394901395, 41.74306418219462, 37.17666666666667, 37.62748881431767, 43.790238095238095, 44.31395180023229, 39.64134615384616, 39.54487577639752]","[33.9, 31.0, 29.700000000000003, 34.5, 30.0, 29.8, 35.0, 36.9, 31.200000000000003, 32.2]"
ga,20,1,40.25494256399107,32.42,32.3,1.8084544687529729,5.2,12.772857142857145,21.59583333333333,8.822976190476192,True,0.0,hospital_corridor,28,12,"[11, 29, 47, 53, 61, 73, 89, 97, 101, 109]","[3.512527037952683, 4.553513460524062, 0.9061923851819789, 0.5, 1.0]","{""time"": 1.0, ""collisions"": 0.05, ""congestion"": 1.0, ""fairness"": 0.5, ""incomplete_base"": 1000.0, ""incomplete_agent"": 10.0}","[44.4718815844922, 36.80339861751152, 37.43651394901395, 41.74306418219462, 37.17666666666667, 37.62748881431767, 43.790238095238095, 44.31395180023229, 39.64134615384616, 39.54487577639752]","[33.9, 31.0, 29.700000000000003, 34.5, 30.0, 29.8, 35.0, 36.9, 31.200000000000003, 32.2]"
ga,20,2,44.41541103113551,34.92,56.4,1.783208650183127,5.5,13.06142857142857,22.84583333333334,9.784404761904764,True,0.0,hospital_corridor,28,12,"[11, 29, 47, 53, 61, 73, 89, 97, 101, 109]","[3.549886914424099, 4.589598274138271, 0.9017424850726825, 0.5, 1.0]","{""time"": 1.0, ""collisions"": 0.05, ""congestion"": 1.0, ""fairness"": 0.5, ""incomplete_base"": 1000.0, ""incomplete_agent"": 10.0}","[67.88414902998237, 38.945238095238096, 41.86673669467787, 38.719632768361585, 36.6362493987494, 36.63385598141696, 48.02990476190476, 45.13135456885457, 50.75447454844007, 39.55251446372942]","[48.6, 31.5, 34.0, 29.5, 29.700000000000003, 28.700000000000003, 37.5, 37.0, 40.6, 32.1]"
ga,20,3,1203.7393125407393,100.0,41.5,0.4083,4.1,12.80217188821857,23.314196969696972,10.5120250814784,False,9.6,hospital_corridor,28,12,"[11, 29, 47, 53, 61, 73, 89, 97, 101, 109]","[4.648933948761557, 4.69164156904624, 1.3221912593306557, 0.5, 1.0]","{""time"": 1.0, ""collisions"": 0.05, ""congestion"": 1.0, ""fairness"": 0.5, ""incomplete_base"": 1000.0, ""incomplete_agent"": 10.0}","[1170.3924229249012, 1247.3458484848484, 1195.7567474747475, 1207.7755, 1195.1409090909092, 1187.4219371980676, 1178.8155833333333, 1190.3824166666666, 1168.8124444444445, 1295.5493157894737]","[100.0, 100.0, 100.0, 100.0, 100.0, 100.0, 100.0, 100.0, 100.0, 100.0]"
ga,20,4,184.34988090479064,29.9,2959.5,1.9757142381239685,5.9,11.375,20.373333333333335,8.998333333333333,True,0.0,hospital_corridor,28,12,"[11, 29, 47, 53, 61, 73, 89, 97, 101, 109]","[3.727183420414277, 4.542457118824123, 0.6754665408687398, 0.5, 1.0]","{""time"": 1.0, ""collisions"": 0.05, ""congestion"": 1.0, ""fairness"": 0.5, ""incomplete_base"": 1000.0, ""incomplete_agent"": 10.0}","[330.3211904761905, 195.28845573440643, 135.5417318694262, 158.68350340136055, 165.534883521754, 132.41572384428224, 187.0888988978381, 240.97204469507105, 125.33845585679529, 172.31392075078207]","[35.0, 28.400000000000002, 28.3, 29.400000000000002, 27.8, 27.400000000000002, 33.7, 34.2, 27.400000000000002, 27.400000000000002]"
ga,20,5,41.18268077001076,32.519999999999996,44.1,1.9220855319155248,5.8,12.672142857142859,21.743333333333336,9.071190476190477,True,0.0,hospital_corridor,28,12,"[11, 29, 47, 53, 61, 73, 89, 97, 101, 109]","[3.5924605221705987, 4.54973209220729, 0.9049791494088205, 0.5, 1.0]","{""time"": 1.0, ""collisions"": 0.05, ""congestion"": 1.0, ""fairness"": 0.5, ""incomplete_base"": 1000.0, ""incomplete_agent"": 10.0}","[50.68813834726091, 37.67139986219568, 37.53246086105675, 39.875901875901874, 35.696624266144816, 36.99129665379666, 42.43942786069652, 48.142806165287276, 42.60848997493734, 40.180261832829814]","[35.9, 31.1, 29.200000000000003, 29.700000000000003, 29.200000000000003, 29.6, 33.5, 39.7, 34.2, 33.1]"
ga,20,6,43.22717184178895,34.61000000000001,38.4,1.736993270360373,5.4,12.96464285714286,22.884999999999998,9.920357142857146,True,0.0,hospital_corridor,28,12,"[11, 29, 47, 53, 61, 73, 89, 97, 101, 109]","[3.2755945036260723, 4.710973130097612, 0.8970911974496054, 0.5, 1.0]","{""time"": 1.0, ""collisions"": 0.05, ""congestion"": 1.0, ""fairness"": 0.5, ""incomplete_base"": 1000.0, ""incomplete_agent"": 10.0}","[59.50226574500768, 37.66746031746031, 36.76377118644068, 53.65988863287251, 30.893748841949233, 36.87367090671886, 42.97285923141186, 54.067341269841265, 39.5007942887766, 40.36991799741044]","[43.400000000000006, 31.5, 29.5, 43.400000000000006, 25.700000000000003, 29.200000000000003, 34.2, 45.0, 31.1, 33.1]"
ga,20,7,40.95693887723391,31.630000000000003,55.2,1.8838436391386773,5.6,12.322142857142858,21.688333333333336,9.366190476190475,True,0.0,hospital_corridor,28,12,"[11, 29, 47, 53, 61, 73, 89, 97, 101, 109]","[3.7839143133532307, 4.589419156775495, 0.897198913469718, 0.5, 1.0]","{""time"": 1.0, ""collisions"": 0.05, ""congestion"": 1.0, ""fairness"": 0.5, ""incomplete_base"": 1000.0, ""incomplete_agent"": 10.0}","[46.83721988795518, 41.93804457953394, 38.31586757990868, 45.14796854521626, 35.69663041687264, 37.460010822510824, 40.858159117305455, 43.59751400560224, 38.16275510204082, 41.55521871539313]","[32.300000000000004, 32.9, 29.200000000000003, 32.7, 28.900000000000002, 29.700000000000003, 32.800000000000004, 34.0, 29.400000000000002, 34.4]"
ga,20,8,40.8612138201265,32.41,42.3,1.860618582031266,5.3,12.684642857142858,21.635833333333334,8.951190476190478,True,0.0,hospital_corridor,28,12,"[11, 29, 47, 53, 61, 73, 89, 97, 101, 109]","[3.531143552221514, 4.468080138013294, 0.898154555751854, 0.5, 1.0]","{""time"": 1.0, ""collisions"": 0.05, ""congestion"": 1.0, ""fairness"": 0.5, ""incomplete_base"": 1000.0, ""incomplete_agent"": 10.0}","[43.40263926325247, 37.543950007655795, 37.112755102040815, 41.75223708818875, 31.56106401704651, 36.48874402702258, 47.493461705831166, 45.51328980345601, 45.1927380952381, 42.55125909153287]","[31.8, 31.1, 29.400000000000002, 33.1, 25.700000000000003, 28.900000000000002, 38.300000000000004, 36.1, 35.0, 34.7]"
ga,20,9,1216.0146091098452,100.0,11.4,0.43129999999999996,4.0,14.12025299243091,26.146871212121216,12.026618219690304,False,10.9,hospital_corridor,28,12,"[11, 29, 47, 53, 61, 73, 89, 97, 101, 109]","[3.2947154132673915, 4.2761111667343314, 1.2950320694966069, 0.5, 1.0]","{""time"": 1.0, ""collisions"": 0.05, ""congestion"": 1.0, ""fairness"": 0.5, ""incomplete_base"": 1000.0, ""incomplete_agent"": 10.0}","[1205.7505, 1257.6592727272728, 1198.3824444444444, 1223.2463684210527, 1215.6805263157894, 1224.7737826086957, 1178.7791388888888, 1171.1180576923077, 1175.4163333333333, 1309.3396666666667]","[100.0, 100.0, 100.0, 100.0, 100.0, 100.0, 100.0, 100.0, 100.0, 100.0]"
ga,20,10,42.34624957697116,34.010000000000005,37.6,1.7249995769711497,5.2,12.862500000000002,22.325,9.4625,True,0.0,hospital_corridor,28,12,"[11, 29, 47, 53, 61, 73, 89, 97, 101, 109]","[3.223019296828421, 4.406824690144199, 0.8998145717213992, 0.5, 1.0]","{""time"": 1.0, ""collisions"": 0.05, ""congestion"": 1.0, ""fairness"": 0.5, ""incomplete_base"": 1000.0, ""incomplete_agent"": 10.0}","[53.64597701149426, 44.94155844155844, 36.448214285714286, 45.83055977710233, 30.991570141570147, 39.70092924317063, 47.4937074829932, 44.36123329440768, 40.24351133424616, 39.805234757454386]","[40.6, 35.2, 29.6, 37.6, 25.900000000000002, 31.900000000000002, 39.2, 36.7, 31.3, 32.1]"
ga,20,11,42.78869338613283,33.010000000000005,64.8,1.8490505289899617,5.4,12.94821428571429,22.327499999999997,9.379285714285714,True,0.0,hospital_corridor,28,12,"[11, 29, 47, 53, 61, 73, 89, 97, 101, 109]","[3.477905919530089, 4.419185452434745, 0.8978441826646895, 0.5, 1.0]","{""time"": 1.0, ""collisions"": 0.05, ""congestion"": 1.0, ""fairness"": 0.5, ""incomplete_base"": 1000.0, ""incomplete_agent"": 10.0}","[58.12738095238095, 42.96069376026273, 37.507823129251705, 41.75222734254992, 35.65436372501218, 36.511805555555554, 46.97528011204483, 47.540543575920935, 40.72624584717608, 40.13056986117331]","[42.0, 34.800000000000004, 29.400000000000002, 31.0, 29.3, 28.8, 35.7, 37.1, 30.1, 31.900000000000002]"
ga,20,12,41.65562226839654,33.1,44.3,1.823836554110827,5.6,13.071428571428573,22.105000000000004,9.033571428571431,True,0.0,hospital_corridor,28,12,"[11, 29, 47, 53, 61, 73, 89, 97, 101, 109]","[3.512527037952683, 4.557685402163323, 0.9061923851819789, 0.5, 1.0]","{""time"": 1.0, ""collisions"": 0.05, ""congestion"": 1.0, ""fairness"": 0.5, ""incomplete_base"": 1000.0, ""incomplete_agent"": 10.0}","[58.725378018505985, 37.18657939059868, 37.675357142857145, 35.31460511033682, 36.31041368052238, 37.55296225513617, 44.19040846877674, 48.998723257418916, 40.51837960889686, 40.08341575091575]","[42.2, 31.1, 30.0, 28.700000000000003, 29.900000000000002, 29.900000000000002, 33.4, 41.400000000000006, 31.900000000000002, 32.5]"
ga,20,13,42.23569048888136,33.6,48.5,1.806166679357554,5.4,13.064285714285717,21.87333333333334,8.80904761904762,True,0.0,hospital_corridor,28,12,"[11, 29, 47, 53, 61, 73, 89, 97, 101, 109]","[3.512527037952683, 4.566634204625425, 0.9061923851819789, 0.5, 1.0]","{""time"": 1.0, ""collisions"": 0.05, ""congestion"": 1.0, ""fairness"": 0.5, ""incomplete_base"": 1000.0, ""incomplete_agent"": 10.0}","[52.67362637362638, 36.82049073648752, 37.4752380952381, 49.98043313069909, 37.503822055137846, 38.629924242424245, 41.60914387031408, 44.287868632707784, 41.81952817824378, 41.55682957393484]","[39.0, 31.1, 30.0, 37.6, 30.400000000000002, 30.8, 32.9, 37.300000000000004, 32.7, 34.2]"
ga,20,14,1054.64508676401,40.04,28.1,1.6250581925814482,5.1,12.167442857142856,21.317500000000003,9.150057142857143,False,0.7,hospital_corridor,28,12,"[11, 29, 47, 53, 61, 73, 89, 97, 101, 109]","[3.2669646828521883, 4.343510902446222, 0.8971572790411886, 0.5, 1.0]","{""time"": 1.0, ""collisions"": 0.05, ""congestion"": 1.0, ""fairness"": 0.5, ""incomplete_base"": 1000.0, ""incomplete_agent"": 10.0}","[1177.291, 43.38879551820728, 36.9466537966538, 42.28311467444121, 36.051092896174865, 38.37096994535519, 43.64566818056703, 47.01538461538462, 41.67547196393351, 39.782716049382714]","[100.0, 35.7, 29.6, 34.300000000000004, 30.5, 30.5, 34.6, 39.0, 33.800000000000004, 32.4]"
ga,20,15,44.94860744495686,36.31,31.8,1.7511074449568587,5.5,12.725,23.32,10.595,True,0.0,hospital_corridor,28,12,"[11, 29, 47, 53, 61, 73, 89, 97, 101, 109]","[3.4740093043827445, 4.671219035486391, 0.897132831878135, 0.5, 1.0]","{""time"": 1.0, ""collisions"": 0.05, ""congestion"": 1.0, ""fairness"": 0.5, ""incomplete_base"": 1000.0, ""incomplete_agent"": 10.0}","[67.90494505494506, 56.49997412008281, 36.49853228962818, 40.06510440138201, 35.36426206244087, 38.08488920320603, 48.3588399189463, 43.465161353797725, 42.6835672392124, 40.560798805927206]","[54.6, 46.0, 29.200000000000003, 31.700000000000003, 30.200000000000003, 30.3, 37.6, 36.300000000000004, 34.1, 33.1]"
ga,20,16,1055.25114789525,39.720000000000006,41.3,1.8236891040410732,5.4,12.562225274725275,21.84714285714286,9.284917582417583,False,0.7,hospital_corridor,28,12,"[11, 29, 47, 53, 61, 73, 89, 97, 101, 109]","[3.5479143066881402, 4.879768456411268, 0.8835792658703291, 0.5, 1.0]","{""time"": 1.0, ""collisions"": 0.05, ""congestion"": 1.0, ""fairness"": 0.5, ""incomplete_base"": 1000.0, ""incomplete_agent"": 10.0}","[1179.3819450549452, 48.50330380214102, 35.69790132547865, 44.070991949788514, 33.910705721137376, 36.40879790940767, 43.39646358543418, 46.78702253628724, 43.52216898954704, 40.832178078331935]","[100.0, 38.7, 29.1, 34.9, 27.8, 28.700000000000003, 34.0, 37.4, 32.800000000000004, 33.800000000000004]"
ga,20,17,46.04354571661389,33.3,123.5,1.7719385737567532,5.2,12.639285714285716,22.2325,9.593214285714284,True,0.0,hospital_corridor,28,12,"[11, 29, 47, 53, 61, 73, 89, 97, 101, 109]","[3.544557706347538, 4.956157010011367, 0.8323259801096147, 0.5, 1.0]","{""time"": 1.0, ""collisions"": 0.05, ""congestion"": 1.0, ""fairness"": 0.5, ""incomplete_base"": 1000.0, ""incomplete_agent"": 10.0}","[64.10620618805899, 53.28812789454934, 39.30595644401105, 45.908092625765036, 39.24508241758242, 37.40334847720007, 47.89056146814026, 47.043571428571425, 45.980478502080445, 40.26403172017993]","[39.400000000000006, 40.1, 29.3, 31.900000000000002, 32.5, 28.3, 34.9, 35.0, 30.900000000000002, 30.700000000000003]"
ga,20,18,42.772641426025665,32.61000000000001,76.0,1.7740104736447055,5.2,12.53107142857143,21.708333333333336,9.177261904761904,True,0.0,hospital_corridor,28,12,"[11, 29, 47, 53, 61, 73, 89, 97, 101, 109]","[3.512527037952683, 3.909206046956892, 0.9061923851819789, 0.5, 1.0]","{""time"": 1.0, ""collisions"": 0.05, ""congestion"": 1.0, ""fairness"": 0.5, ""incomplete_base"": 1000.0, ""incomplete_agent"": 10.0}","[64.15337776258829, 41.35469806219018, 36.41390247879974, 42.811286407767, 37.32586289549377, 36.57769423558897, 43.686985930735936, 44.6443306010929, 40.54550330033003, 40.21277258566978]","[41.800000000000004, 31.700000000000003, 29.200000000000003, 30.900000000000002, 29.8, 28.5, 35.2, 36.6, 30.3, 32.1]"
ga,20,19,43.434911730351686,33.62000000000001,60.6,1.7630664922564343,5.2,12.189642857142857,22.233333333333334,10.043690476190477,True,0.0,hospital_corridor,28,12,"[11, 29, 47, 53, 61, 73, 89, 97, 101, 109]","[4.114445553728942, 4.561892243830918, 0.9061923851819789, 0.5, 1.0]","{""time"": 1.0, ""collisions"": 0.05, ""congestion"": 1.0, ""fairness"": 0.5, ""incomplete_base"": 1000.0, ""incomplete_agent"": 10.0}","[53.17486772486773, 42.21908424908425, 35.94283242708848, 41.16941489361702, 35.434131823461094, 44.55069774133218, 45.262608225108224, 54.76104497354498, 42.996866783523224, 38.837568461889546]","[37.800000000000004, 32.5, 28.900000000000002, 32.9, 28.700000000000003, 33.1, 35.2, 43.2, 32.6, 31.3]"
ga,20,20,1187.4083596140363,37.709999999999994,2848.7,1.824247059923722,6.3,11.728214285714285,20.606439393939393,8.87822510822511,False,0.1,hospital_corridor,28,12,"[11, 29, 47, 53, 61, 73, 89, 97, 101, 109]","[3.167552664237066, 4.287003555272165, 0.5, 0.5, 1.0]","{""time"": 1.0, ""collisions"": 0.05, ""congestion"": 1.0, ""fairness"": 0.5, ""incomplete_base"": 1000.0, ""incomplete_agent"": 10.0}","[1275.7077922077922, 174.5033198330879, 150.28035714285716, 193.7579365079365, 181.950844988345, 141.12235688499226, 183.39345403899722, 220.71071955330805, 180.73843537414967, 171.91837960889688]","[100.0, 29.1, 29.1, 31.5, 28.6, 27.700000000000003, 35.9, 33.9, 29.400000000000002, 31.900000000000002]"
ga,20,21,44.88745285129343,35.12,64.9,1.8637028512934357,5.3,13.594999999999999,22.9125,9.317499999999999,True,0.0,hospital_corridor,28,12,"[11, 29, 47, 53, 61, 73, 89, 97, 101, 109]","[3.5132636309866623, 4.52569579944776, 0.8955619381568802, 0.5, 1.0]","{""time"": 1.0, ""collisions"": 0.05, ""congestion"": 1.0, ""fairness"": 0.5, ""incomplete_base"": 1000.0, ""incomplete_agent"": 10.0}","[60.61684662236988, 37.779816017316016, 38.97083333333333, 46.58913730371505, 44.59082830315224, 36.426785714285714, 43.43293172690763, 57.69220162748644, 42.56287680209699, 40.212271062271064]","[43.0, 30.8, 30.0, 37.300000000000004, 35.5, 28.8, 33.2, 47.400000000000006, 32.7, 32.5]"
ga,20,22,42.91923492188347,33.52,53.6,1.9175087314072823,5.4,13.058214285714286,22.66166666666667,9.603452380952382,True,0.0,hospital_corridor,28,12,"[11, 29, 47, 53, 61, 73, 89, 97, 101, 109]","[3.5286318946389845, 4.4798293838623, 0.8973325305722257, 0.5, 1.0]","{""time"": 1.0, ""collisions"": 0.05, ""congestion"": 1.0, ""fairness"": 0.5, ""incomplete_base"": 1000.0, ""incomplete_agent"": 10.0}","[51.02845622119816, 37.59480466944059, 38.66738095238095, 45.964087301587305, 36.64362934362934, 36.781150107101666, 43.40284371909001, 49.061482235381206, 50.45933583959899, 39.589178829426515]","[37.2, 30.900000000000002, 30.0, 36.0, 29.6, 28.900000000000002, 33.7, 38.6, 38.0, 32.300000000000004]"
ga,20,23,42.58425858104609,34.25,33.5,1.7263419143794312,5.3,13.1125,22.97833333333333,9.865833333333333,True,0.0,hospital_corridor,28,12,"[11, 29, 47, 53, 61, 73, 89, 97, 101, 109]","[3.1722933217195255, 4.414877965338492, 0.9218516914459196, 0.5, 1.0]","{""time"": 1.0, ""collisions"": 0.05, ""congestion"": 1.0, ""fairness"": 0.5, ""incomplete_base"": 1000.0, ""incomplete_agent"": 10.0}","[58.36611111111111, 37.92393306379156, 37.38729235880399, 41.27860011474469, 32.607177871148465, 38.17981383828699, 44.057522258195064, 52.30292081949059, 39.371230158730164, 44.367984216158376]","[45.0, 31.8, 30.1, 33.2, 27.200000000000003, 29.8, 35.300000000000004, 43.0, 31.5, 35.6]"
ga,21,0,40.25494256399107,32.42,32.3,1.8084544687529729,5.2,12.772857142857145,21.59583333333333,8.822976190476192,True,0.0,hospital_corridor,28,12,"[11, 29, 47, 53, 61, 73, 89, 97, 101, 109]","[3.512527037952683, 4.553513460524062, 0.9061923851819789, 0.5, 1.0]","{""time"": 1.0, ""collisions"": 0.05, ""congestion"": 1.0, ""fairness"": 0.5, ""incomplete_base"": 1000.0, ""incomplete_agent"": 10.0}","[44.4718815844922, 36.80339861751152, 37.43651394901395, 41.74306418219462, 37.17666666666667, 37.62748881431767, 43.790238095238095, 44.31395180023229, 39.64134615384616, 39.54487577639752]","[33.9, 31.0, 29.700000000000003, 34.5, 30.0, 29.8, 35.0, 36.9, 31.200000000000003, 32.2]"
ga,21,1,40.25494256399107,32.42,32.3,1.8084544687529729,5.2,12.772857142857145,21.59583333333333,8.822976190476192,True,0.0,hospital_corridor,28,12,"[11, 29, 47, 53, 61, 73, 89, 97, 101, 109]","[3.512527037952683, 4.553513460524062, 0.9061923851819789, 0.5, 1.0]","{""time"": 1.0, ""collisions"": 0.05, ""congestion"": 1.0, ""fairness"": 0.5, ""incomplete_base"": 1000.0, ""incomplete_agent"": 10.0}","[44.4718815844922, 36.80339861751152, 37.43651394901395, 41.74306418219462, 37.17666666666667, 37.62748881431767, 43.790238095238095, 44.31395180023229, 39.64134615384616, 39.54487577639752]","[33.9, 31.0, 29.700000000000003, 34.5, 30.0, 29.8, 35.0, 36.9, 31.200000000000003, 32.2]"
ga,21,2,40.32592892158848,31.880000000000003,41.6,1.9184289215884818,5.4,12.805000000000001,21.7,8.895,True,0.0,hospital_corridor,28,12,"[11, 29, 47, 53, 61, 73, 89, 97, 101, 109]","[3.5308937521628727, 4.479764196599063, 0.8977198461738698, 0.5, 1.0]","{""time"": 1.0, ""collisions"": 0.05, ""congestion"": 1.0, ""fairness"": 0.5, ""incomplete_base"": 1000.0, ""incomplete_agent"": 10.0}","[42.55539215686275, 37.129172445677305, 41.702178318135765, 38.74172185430464, 35.86682918901349, 37.07316279452958, 43.57444653299917, 45.12123783214943, 40.058070234363335, 41.437077857849374]","[30.6, 30.900000000000002, 32.9, 30.200000000000003, 29.3, 28.900000000000002, 34.2, 36.2, 31.900000000000002, 33.7]"
ga,21,3,40.775234990958815,32.7,31.9,1.8449373719111901,5.6,12.86107142857143,22.131666666666668,9.270595238095238,True,0.0,hospital_corridor,28,12,"[11, 29, 47, 53, 61, 73, 89, 97, 101, 109]","[3.1705038636929026, 4.468145325276531, 0.8977672401502099, 0.5, 1.0]","{""time"": 1.0, ""collisions"": 0.05, ""congestion"": 1.0, ""fairness"": 0.5, ""incomplete_base"": 1000.0, ""incomplete_agent"": 10.0}","[45.94847619047619, 38.72533213912524, 37.64518272425249, 37.09183673469388, 31.175036212203512, 38.862775321855125, 43.800839132214485, 50.23630653266333, 43.84410821214713, 40.422456709956705]","[37.5, 31.900000000000002, 30.1, 29.400000000000002, 26.3, 30.700000000000003, 34.9, 39.800000000000004, 33.4, 33.0]"
ga,21,4,43.427128669863826,34.43,44.5,1.8509381936733493,5.3,12.916785714285718,22.75916666666667,9.842380952380953,True,0.0,hospital_corridor,28,12,"[11, 29, 47, 53, 61, 73, 89, 97, 101, 109]","[3.5602752080629383, 4.566323453768559, 0.9040411404585229, 0.5, 1.0]","{""time"": 1.0, ""collisions"": 0.05, ""congestion"": 1.0, ""fairness"": 0.5, ""incomplete_base"": 1000.0, ""incomplete_agent"": 10.0}","[56.28036292186778, 37.4645966029724, 37.05793378995434, 63.91579131652661, 35.34851491101492, 36.687036579337615, 42.96848006644518, 45.18709221257564, 39.67282913165266, 39.68864916629113]","[41.2, 31.400000000000002, 29.200000000000003, 51.0, 29.700000000000003, 28.900000000000002, 34.4, 36.2, 30.6, 31.700000000000003]"
ga,21,5,44.02438770408269,34.84,43.3,1.7466496088445953,5.4,12.575357142857143,23.120833333333337,10.545476190476192,True,0.0,hospital_corridor,28,12,"[11, 29, 47, 53, 61, 73, 89, 97, 101, 109]","[3.5820722285317594, 4.654820854021169, 0.90268049402298, 0.5, 1.0]","{""time"": 1.0, ""collisions"": 0.05, ""congestion"": 1.0, ""fairness"": 0.5, ""incomplete_base"": 1000.0, ""incomplete_agent"": 10.0}","[50.75669053901244, 39.95778388278388, 37.72109425962166, 50.84714516874711, 35.244733044733046, 37.62148394241417, 54.05346346175702, 54.591005291005295, 40.06907864122849, 39.381398809523816]","[37.9, 32.5, 29.200000000000003, 41.2, 29.700000000000003, 30.1, 41.900000000000006, 43.2, 30.700000000000003, 32.0]"
ga,21,6,41.97845403253524,32.17,65.2,1.8119064134876175,5.4,12.391071428571427,21.864166666666666,9.47309523809524,True,0.0,hospital_corridor,28,12,"[11, 29, 47, 53, 61, 73, 89, 97, 101, 109]","[3.7667541586431508, 4.300946530565045, 0.9016087206169643, 0.5, 1.0]","{""time"": 1.0, ""collisions"": 0.05, ""congestion"": 1.0, ""fairness"": 0.5, ""incomplete_base"": 1000.0, ""incomplete_agent"": 10.0}","[48.41946778711485, 46.86210317460318, 36.68066699282453, 40.077380952380956, 37.18129251700681, 36.74497585747586, 42.64410173160174, 47.44289012003694, 43.93517699115044, 39.7964842011571]","[34.0, 36.0, 29.200000000000003, 29.400000000000002, 29.400000000000002, 28.6, 33.0, 36.1, 33.9, 32.1]"
ga,21,7,172.45838487075847,30.57,2708.4,1.9569562993298777,6.0,11.219642857142858,20.2425,9.022857142857143,True,0.0,hospital_corridor,28,12,"[11, 29, 47, 53, 61, 73, 89, 97, 101, 109]","[3.517907638900722, 4.50907368244509, 0.6205471040615318, 0.5, 1.0]","{""time"": 1.0, ""collisions"": 0.05, ""congestion"": 1.0, ""fairness"": 0.5, ""incomplete_base"": 1000.0, ""incomplete_agent"": 10.0}","[196.38757326007328, 177.45009398496242, 139.01961152882208, 158.29632213812678, 152.7660928400137, 144.91650590893292, 217.13902582159625, 202.25481950844855, 158.7645180023229, 177.58928571428572]","[32.5, 28.5, 28.5, 30.200000000000003, 27.8, 27.400000000000002, 35.5, 31.0, 32.800000000000004, 31.5]"
ga,21,8,46.40548399645313,35.45,79.9,1.8185197107388376,5.2,12.966071428571428,23.25,10.283928571428572,True,0.0,hospital_corridor,28,12,"[11, 29, 47, 53, 61, 73, 89, 97, 101, 109]","[3.5794410259834657, 4.169697079164751, 0.9052901285830562, 0.5, 1.0]","{""time"": 1.0, ""collisions"": 0.05, ""congestion"": 1.0, ""fairness"": 0.5, ""incomplete_base"": 1000.0, ""incomplete_agent"": 10.0}","[83.18519136626612, 42.43155298155298, 36.39546004842615, 56.86764484574869, 36.82522443403591, 38.12201385570951, 42.3586038961039, 49.13291619797526, 38.79061461794019, 39.945617720772525]","[53.5, 33.300000000000004, 29.5, 44.300000000000004, 30.5, 29.900000000000002, 33.0, 38.1, 30.1, 32.300000000000004]"
ga,21,9,64.09249062674769,30.05,553.5,1.8923715791286457,5.5,11.696428571428573,20.64666666666667,8.950238095238097,True,0.0,hospital_corridor,28,12,"[11, 29, 47, 53, 61, 73, 89, 97, 101, 109]","[3.5255465341398162, 4.289241059999431, 0.7642846050723218, 0.5, 1.0]","{""time"": 1.0, ""collisions"": 0.05, ""congestion"": 1.0, ""fairness"": 0.5, ""incomplete_base"": 1000.0, ""incomplete_agent"": 10.0}","[90.33971861471862, 78.08842671799259, 47.6452380952381, 84.75559964726631, 48.17123015873016, 48.18832815734989, 58.92710017969452, 62.560166351308744, 71.34495614035089, 50.90414220482714]","[33.0, 33.4, 29.200000000000003, 32.4, 25.200000000000003, 27.6, 31.8, 30.200000000000003, 28.5, 29.200000000000003]"
ga,21,10,42.10506173936479,33.63,40.1,1.77291888222193,5.4,12.965714285714288,22.36,9.394285714285715,True,0.0,hospital_corridor,28,12,"[11, 29, 47, 53, 61, 73, 89, 97, 101, 109]","[3.422812079324517, 4.621747185907584, 0.8976080458791325, 0.5, 1.0]","{""time"": 1.0, ""collisions"": 0.05, ""congestion"": 1.0, ""fairness"": 0.5, ""incomplete_base"": 1000.0, ""incomplete_agent"": 10.0}","[52.96733293556087, 41.29397502903601, 36.51887290752479, 35.69970238095238, 31.076813399778516, 37.120045045045046, 55.34059934318555, 45.03902080939615, 46.079711029711035, 39.91454451345756]","[41.900000000000006, 32.800000000000004, 29.3, 28.8, 25.8, 29.6, 43.5, 37.300000000000004, 35.1, 32.2]"
ga,21,11,42.037028511233615,32.85000000000001,56.8,1.7638737493288346,5.2,12.665357142857143,21.83166666666667,9.166309523809524,True,0.0,hospital_corridor,28,12,"[11, 29, 47, 53, 61, 73, 89, 97, 101, 109]","[3.330688343831644, 3.9137195854949596, 0.8973273342351624, 0.5, 1.0]","{""time"": 1.0, ""collisions"": 0.05, ""congestion"": 1.0, ""fairness"": 0.5, ""incomplete_base"": 1000.0, ""incomplete_agent"": 10.0}","[53.56752213448193, 37.378270920018494, 37.79376398210291, 38.44615800865801, 35.72039536550407, 36.96950692041523, 47.00941701218746, 53.105827067669175, 40.63641774891775, 39.74300595238095]","[39.800000000000004, 30.900000000000002, 29.8, 28.6, 29.900000000000002, 28.900000000000002, 37.9, 39.900000000000006, 30.8, 32.0]"
ga,21,12,44.312751872265785,34.660000000000004,56.4,1.8381685389324498,6.1,12.9525,22.94166666666667,9.989166666666666,True,0.0,hospital_corridor,28,12,"[11, 29, 47, 53, 61, 73, 89, 97, 101, 109]","[3.561633409930205, 4.573338284969395, 0.8980254379483856, 0.5, 1.0]","{""time"": 1.0, ""collisions"": 0.05, ""congestion"": 1.0, ""fairness"": 0.5, ""incomplete_base"": 1000.0, ""incomplete_agent"": 10.0}","[59.61095823575332, 42.52256110408765, 37.21831376386171, 53.97535714285714, 35.82503026634383, 39.83168196745784, 45.633134920634916, 45.00840071877808, 43.28154761904762, 40.22053298383574]","[42.7, 33.9, 29.200000000000003, 40.0, 29.5, 31.900000000000002, 36.0, 37.1, 33.6, 32.7]"
ga,21,13,1229.0643286094023,100.0,21.9,0.4084,3.6,13.9166925647452,23.038549783549787,9.121857218804587,False,12.3,hospital_corridor,28,12,"[11, 29, 47, 53, 61, 73, 89, 97, 101, 109]","[3.734807941375709, 4.573766273969424, 1.2874926651734908, 0.5, 1.0]","{""time"": 1.0, ""collisions"": 0.05, ""congestion"": 1.0, ""fairness"": 0.5, ""incomplete_base"": 1000.0, ""incomplete_agent"": 10.0}","[1187.9719393939395, 1267.1184285714285, 1205.4203650793652, 1253.3739206349205, 1234.6814210526315, 1227.657, 1231.8243333333332, 1248.7857142857142, 1165.720111111111, 1268.090052631579]","[100.0, 100.0, 100.0, 100.0, 100.0, 100.0, 100.0, 100.0, 100.0, 100.0]"
ga,21,14,43.190280823456646,34.370000000000005,49.7,1.729864156789981,5.4,12.907500000000002,22.118333333333332,9.210833333333333,True,0.0,hospital_corridor,28,12,"[11, 29, 47, 53, 61, 73, 89, 97, 101, 109]","[3.7355738507205167, 4.615623800044876, 0.9068186049606297, 0.5, 1.0]","{""time"": 1.0, ""collisions"": 0.05, ""congestion"": 1.0, ""fairness"": 0.5, ""incomplete_base"": 1000.0, ""incomplete_agent"": 10.0}","[51.01845706786652, 37.06931818181818, 36.608153946510114, 54.92429653679654, 35.30780871670702, 37.66904761904762, 43.56845238095239, 53.162606341840686, 43.03012778505898, 39.54453965796846]","[38.1, 30.8, 29.200000000000003, 44.0, 29.5, 30.0, 34.0, 43.1, 32.7, 32.300000000000004]"
ga,21,15,1172.9757219359947,100.0,16.5,0.5271000000000001,4.1,14.316316373320722,25.56356024531025,11.247243871989523,False,6.6,hospital_corridor,28,12,"[11, 29, 47, 53, 61, 73, 89, 97, 101, 109]","[3.5223497670154584, 4.6450143922170115, 1.104438740582195, 0.5, 1.0]","{""time"": 1.0, ""collisions"": 0.05, ""congestion"": 1.0, ""fairness"": 0.5, ""incomplete_base"": 1000.0, ""incomplete_agent"": 10.0}","[1167.9117865612648, 1226.8756666666666, 1145.449, 1167.6190757575757, 1214.9290555555556, 1175.694, 1169.9195961538462, 1166.6187936507936, 1146.7846153846153, 1147.9556296296296]","[100.0, 100.0, 100.0, 100.0, 100.0, 100.0, 100.0, 100.0, 100.0, 100.0]"
ga,21,16,41.68338339242375,33.160000000000004,39.7,1.7963000590904148,5.0,12.870000000000001,22.354166666666664,9.484166666666667,True,0.0,hospital_corridor,28,12,"[11, 29, 47, 53, 61, 73, 89, 97, 101, 109]","[3.5118935352719185, 4.682677556522938, 0.8976909921322802, 0.5, 1.0]","{""time"": 1.0, ""collisions"": 0.05, ""congestion"": 1.0, ""fairness"": 0.5, ""incomplete_base"": 1000.0, ""incomplete_agent"": 10.0}","[47.653796653796654, 46.31875804375804, 38.260884353741496, 48.526251406074245, 36.0328349944629, 37.35147306397307, 43.779761904761905, 39.99735772357724, 39.14540043290043, 39.76731534719151]","[37.0, 37.0, 29.400000000000002, 38.1, 30.1, 29.700000000000003, 34.4, 32.800000000000004, 30.8, 32.300000000000004]"
ga,21,17,40.603481453426,32.64999999999999,35.3,1.711695739140294,5.0,12.623928571428573,21.577500000000004,8.95357142857143,True,0.0,hospital_corridor,28,12,"[11, 29, 47, 53, 61, 73, 89, 97, 101, 109]","[3.294844520575668, 4.496375711587968, 0.8975547610691792, 0.5, 1.0]","{""time"": 1.0, ""collisions"": 0.05, ""congestion"": 1.0, ""fairness"": 0.5, ""incomplete_base"": 1000.0, ""incomplete_agent"": 10.0}","[52.493664545025936, 38.342896083667114, 36.41752421307506, 44.60940213101816, 30.742819940476192, 36.45209466139397, 43.41060683585755, 43.03717948717949, 40.200283171521036, 40.32834346504559]","[40.400000000000006, 32.1, 29.5, 36.2, 25.6, 28.900000000000002, 34.9, 35.1, 30.900000000000002, 32.9]"
ga,21,18,43.993531647668426,35.3,41.5,1.8034126000493746,5.3,13.081428571428571,22.71166666666667,9.630238095238097,True,0.0,hospital_corridor,28,12,"[11, 29, 47, 53, 61, 73, 89, 97, 101, 109]","[3.5268456339749967, 4.47474113602022, 0.9047465194410825, 0.5, 1.0]","{""time"": 1.0, ""collisions"": 0.05, ""congestion"": 1.0, ""fairness"": 0.5, ""incomplete_base"": 1000.0, ""incomplete_agent"": 10.0}","[53.159131823461095, 39.05063364055299, 37.39268707482993, 38.44093642611684, 34.97066326530612, 37.0290305542012, 54.82893772893773, 44.4683056099152, 54.979177588466584, 45.61581276489654]","[41.0, 31.0, 29.400000000000002, 29.1, 29.400000000000002, 29.3, 45.5, 36.5, 43.6, 38.2]"
ga,21,19,40.99802630498244,32.529999999999994,34.3,1.9007644002205466,5.7,12.527142857142858,22.23166666666667,9.704523809523812,True,0.0,hospital_corridor,28,12,"[11, 29, 47, 53, 61, 73, 89, 97, 101, 109]","[3.5168249561992004, 4.546852462517136, 0.8996004214927502, 0.5, 1.0]","{""time"": 1.0, ""collisions"": 0.05, ""congestion"": 1.0, ""fairness"": 0.5, ""incomplete_base"": 1000.0, ""incomplete_agent"": 10.0}","[48.944127806563046, 43.590393133997786, 36.756937672679996, 39.457882882882885, 35.89607383357384, 36.880696408256135, 43.80605773282765, 42.06044721407624, 43.63642960065871, 38.95121676430825]","[38.6, 34.4, 29.3, 29.6, 29.700000000000003, 29.3, 33.9, 34.1, 34.7, 31.700000000000003]"
ga,21,20,44.52589290363904,35.56,40.5,1.7286309988771382,5.5,12.814642857142857,23.239166666666666,10.424523809523809,True,0.0,hospital_corridor,28,12,"[11, 29, 47, 53, 61, 73, 89, 97, 101, 109]","[3.301600033175632, 4.439932411567019, 0.900963194325893, 0.5, 1.0]","{""time"": 1.0, ""collisions"": 0.05, ""congestion"": 1.0, ""fairness"": 0.5, ""incomplete_base"": 1000.0, ""incomplete_agent"": 10.0}","[66.41785714285714, 52.53300878355983, 36.953416149068325, 43.56337772397094, 31.468181818181822, 37.28894557823129, 44.640683831672206, 47.68836648583485, 44.15084033613446, 40.55425118687959]","[50.400000000000006, 43.1, 29.900000000000002, 35.4, 26.400000000000002, 29.400000000000002, 34.4, 39.5, 34.0, 33.1]"
ga,21,21,40.66965938472923,31.75,50.3,1.8550760513958946,5.2,12.3625,21.461666666666666,9.099166666666667,True,0.0,hospital_corridor,28,12,"[11, 29, 47, 53, 61, 73, 89, 97, 101, 109]","[3.433946301605472, 3.9296314037403484, 0.9050437625774851, 0.5, 1.0]","{""time"": 1.0, ""collisions"": 0.05, ""congestion"": 1.0, ""fairness"": 0.5, ""incomplete_base"": 1000.0, ""incomplete_agent"": 10.0}","[47.67892553622016, 44.47062629399586, 36.15263605442177, 39.34949332674246, 36.38604651162791, 37.139044735541276, 43.398809523809526, 42.516557337220604, 39.46249024199844, 40.14196428571428]","[35.300000000000004, 34.5, 29.400000000000002, 28.900000000000002, 30.1, 28.900000000000002, 33.6, 34.300000000000004, 30.5, 32.0]"
ga,21,22,43.40444314053462,34.300000000000004,51.2,1.8868240929155622,5.5,13.193928571428572,22.509166666666665,9.315238095238097,True,0.0,hospital_corridor,28,12,"[11, 29, 47, 53, 61, 73, 89, 97, 101, 109]","[3.5255965709706136, 4.421566722263681, 0.897959047443797, 0.5, 1.0]","{""time"": 1.0, ""collisions"": 0.05, ""congestion"": 1.0, ""fairness"": 0.5, ""incomplete_base"": 1000.0, ""incomplete_agent"": 10.0}","[56.59206742102783, 40.15725060053695, 40.272172619047616, 43.964464109085775, 36.45630952380952, 36.850441826215025, 49.17067417876242, 48.33903818953324, 41.00274810858923, 41.23926482873851]","[40.400000000000006, 33.7, 32.0, 33.7, 30.0, 29.1, 37.4, 40.400000000000006, 32.1, 34.2]"
ga,21,23,42.98173101845225,34.32000000000001,38.8,1.7805405422617713,5.4,12.749285714285715,22.631666666666668,9.882380952380952,True,0.0,hospital_corridor,28,12,"[11, 29, 47, 53, 61, 73, 89, 97, 101, 109]","[3.4834529007809896, 4.5478100652705695, 0.8980396909727465, 0.5, 1.0]","{""time"": 1.0, ""collisions"": 0.05, ""congestion"": 1.0, ""fairness"": 0.5, ""incomplete_base"": 1000.0, ""incomplete_agent"": 10.0}","[40.94058613891417, 39.55174279743246, 42.45916381522669, 53.444010502584405, 41.14732868757259, 38.09309845559846, 49.27786796536797, 42.82382289994649, 41.46088117489987, 40.61880774697939]","[31.400000000000002, 31.900000000000002, 33.4, 43.300000000000004, 32.800000000000004, 29.6, 39.6, 35.6, 32.1, 33.5]"
ga,22,0,40.25494256399107,32.42,32.3,1.8084544687529729,5.2,12.772857142857145,21.59583333333333,8.822976190476192,True,0.0,hospital_corridor,28,12,"[11, 29, 47, 53, 61, 73, 89, 97, 101, 109]","[3.512527037952683, 4.553513460524062, 0.9061923851819789, 0.5, 1.0]","{""time"": 1.0, ""collisions"": 0.05, ""congestion"": 1.0, ""fairness"": 0.5, ""incomplete_base"": 1000.0, ""incomplete_agent"": 10.0}","[44.4718815844922, 36.80339861751152, 37.43651394901395, 41.74306418219462, 37.17666666666667, 37.62748881431767, 43.790238095238095, 44.31395180023229, 39.64134615384616, 39.54487577639752]","[33.9, 31.0, 29.700000000000003, 34.5, 30.0, 29.8, 35.0, 36.9, 31.200000000000003, 32.2]"
ga,22,1,40.25494256399107,32.42,32.3,1.8084544687529729,5.2,12.772857142857145,21.59583333333333,8.822976190476192,True,0.0,hospital_corridor,28,12,"[11, 29, 47, 53, 61, 73, 89, 97, 101, 109]","[3.512527037952683, 4.553513460524062, 0.9061923851819789, 0.5, 1.0]","{""time"": 1.0, ""collisions"": 0.05, ""congestion"": 1.0, ""fairness"": 0.5, ""incomplete_base"": 1000.0, ""incomplete_agent"": 10.0}","[44.4718815844922, 36.80339861751152, 37.43651394901395, 41.74306418219462, 37.17666666666667, 37.62748881431767, 43.790238095238095, 44.31395180023229, 39.64134615384616, 39.54487577639752]","[33.9, 31.0, 29.700000000000003, 34.5, 30.0, 29.8, 35.0, 36.9, 31.200000000000003, 32.2]"
ga,22,2,1189.869790898626,100.0,14.8,0.43899999999999995,3.9,13.720289414869393,25.101871212121214,11.38158179725182,False,8.3,hospital_corridor,28,12,"[11, 29, 47, 53, 61, 73, 89, 97, 101, 109]","[3.5308937521628727, 4.479764196599063, 1.1647285972855863, 0.5, 1.0]","{""time"": 1.0, ""collisions"": 0.05, ""congestion"": 1.0, ""fairness"": 0.5, ""incomplete_base"": 1000.0, ""incomplete_agent"": 10.0}","[1185.949, 1235.9721111111112, 1175.9571739130436, 1187.270225108225, 1233.8822763157896, 1166.0695833333334, 1167.5726666666667, 1180.2717777777777, 1147.0663846153845, 1218.6867101449275]","[100.0, 100.0, 100.0, 100.0, 100.0, 100.0, 100.0, 100.0, 100.0, 100.0]"
ga,22,3,40.32592892158848,31.880000000000003,41.6,1.9184289215884818,5.4,12.805000000000001,21.7,8.895,True,0.0,hospital_corridor,28,12,"[11, 29, 47, 53, 61, 73, 89, 97, 101, 109]","[3.5308937521628727, 4.479764196599063, 0.8977198461738698, 0.5, 1.0]","{""time"": 1.0, ""collisions"": 0.05, ""congestion"": 1.0, ""fairness"": 0.5, ""incomplete_base"": 1000.0, ""incomplete_agent"": 10.0}","[42.55539215686275, 37.129172445677305, 41.702178318135765, 38.74172185430464, 35.86682918901349, 37.07316279452958, 43.57444653299917, 45.12123783214943, 40.058070234363335, 41.437077857849374]","[30.6, 30.900000000000002, 32.9, 30.200000000000003, 29.3, 28.900000000000002, 34.2, 36.2, 31.900000000000002, 33.7]"
ga,22,4,44.33840700765674,34.68000000000001,56.8,1.8574546267043484,5.7,12.873928571428573,22.795833333333338,9.921904761904763,True,0.0,hospital_corridor,28,12,"[11, 29, 47, 53, 61, 73, 89, 97, 101, 109]","[3.511847243252708, 4.272502109209103, 0.9059174760013352, 0.5, 1.0]","{""time"": 1.0, ""collisions"": 0.05, ""congestion"": 1.0, ""fairness"": 0.5, ""incomplete_base"": 1000.0, ""incomplete_agent"": 10.0}","[56.223055347793576, 45.572136871508384, 37.54490516545601, 40.65037844211167, 36.71924868609651, 36.54382183908046, 44.9025155702608, 54.71853448275862, 51.11693349753695, 39.39254017396433]","[38.2, 35.800000000000004, 29.5, 31.3, 29.900000000000002, 29.0, 36.7, 43.5, 40.6, 32.300000000000004]"
ga,22,5,1218.697355740071,100.0,10.2,0.44980000000000003,4.0,14.538388159107608,26.01349963924964,11.475111480142031,False,11.2,hospital_corridor,28,12,"[11, 29, 47, 53, 61, 73, 89, 97, 101, 109]","[3.434626096305447, 4.210642755055307, 1.3827608555521476, 0.5, 1.0]","{""time"": 1.0, ""collisions"": 0.05, ""congestion"": 1.0, ""fairness"": 0.5, ""incomplete_base"": 1000.0, ""incomplete_agent"": 10.0}","[1205.5215, 1256.5188831168832, 1215.0622777777778, 1254.2847936507937, 1218.8716315789475, 1206.0363863636364, 1189.085884057971, 1169.4724230769232, 1165.5447777777779, 1306.575]","[100.0, 100.0, 100.0, 100.0, 100.0, 100.0, 100.0, 100.0, 100.0, 100.0]"
ga,22,6,42.3094451836037,33.39,49.2,1.8917070883656066,5.7,13.150357142857143,22.285833333333336,9.13547619047619,True,0.0,hospital_corridor,28,12,"[11, 29, 47, 53, 61, 73, 89, 97, 101, 109]","[3.350760968645081, 4.502328859906113, 0.899947941394131, 0.5, 1.0]","{""time"": 1.0, ""collisions"": 0.05, ""congestion"": 1.0, ""fairness"": 0.5, ""incomplete_base"": 1000.0, ""incomplete_agent"": 10.0}","[66.01516884531591, 37.36785714285714, 36.761289208516175, 39.03275418275418, 31.963701707097933, 36.88690476190476, 45.925943396226415, 47.88241341991342, 40.80171957671958, 40.456699594731504]","[45.900000000000006, 31.200000000000003, 29.3, 29.6, 26.5, 29.400000000000002, 37.1, 39.6, 32.4, 32.9]"
ga,22,7,44.525050743310786,35.730000000000004,39.9,1.727193600453639,5.2,13.021785714285716,23.1675,10.145714285714288,True,0.0,hospital_corridor,28,12,"[11, 29, 47, 53, 61, 73, 89, 97, 101, 109]","[3.4566105898832697, 4.547560312205917, 0.903799204857027, 0.5, 1.0]","{""time"": 1.0, ""collisions"": 0.05, ""congestion"": 1.0, ""fairness"": 0.5, ""incomplete_base"": 1000.0, ""incomplete_agent"": 10.0}","[57.20531719399169, 38.45970958447074, 41.33677916120577, 38.86471861471862, 56.59956896551725, 38.14289309683605, 43.328571428571436, 43.05095139163699, 45.539235270379336, 42.72276272577997]","[44.7, 31.400000000000002, 32.7, 30.8, 46.400000000000006, 29.8, 35.2, 36.1, 35.4, 34.800000000000004]"
ga,22,8,41.99923275754824,33.339999999999996,44.7,1.8310184718339557,5.3,12.92857142857143,22.115000000000002,9.186428571428573,True,0.0,hospital_corridor,28,12,"[11, 29, 47, 53, 61, 73, 89, 97, 101, 109]","[3.4361113115320503, 4.422252759458074, 0.9061848443619349, 0.5, 1.0]","{""time"": 1.0, ""collisions"": 0.05, ""congestion"": 1.0, ""fairness"": 0.5, ""incomplete_base"": 1000.0, ""incomplete_agent"": 10.0}","[59.21645915246833, 46.040567765567765, 36.47060810810811, 36.42559107559107, 35.39060245310245, 37.46454872646733, 42.86071428571429, 45.24885420656199, 39.60309328649493, 41.27128851540616]","[43.6, 36.4, 29.6, 28.6, 29.700000000000003, 30.1, 33.6, 37.300000000000004, 30.5, 34.0]"
ga,22,9,43.49438119216907,33.21,74.0,1.9089645255024057,5.3,12.919999999999998,22.270833333333336,9.350833333333334,True,0.0,hospital_corridor,28,12,"[11, 29, 47, 53, 61, 73, 89, 97, 101, 109]","[3.5103620280261048, 4.060892104806337, 0.905051303397529, 0.5, 1.0]","{""time"": 1.0, ""collisions"": 0.05, ""congestion"": 1.0, ""fairness"": 0.5, ""incomplete_base"": 1000.0, ""incomplete_agent"": 10.0}","[58.530733082706774, 43.31443223443223, 36.2484693877551, 42.15514527845036, 36.26239911218725, 38.024466338259444, 47.86684782608696, 54.22947892271664, 38.545473421926914, 39.76636631716907]","[39.900000000000006, 32.5, 29.400000000000002, 29.5, 29.5, 29.0, 36.800000000000004, 42.7, 30.1, 32.7]"
ga,22,10,53.95159400416933,30.420000000000005,343.4,1.8914154327407586,5.4,11.844642857142857,20.785000000000004,8.940357142857144,True,0.0,hospital_corridor,28,12,"[11, 29, 47, 53, 61, 73, 89, 97, 101, 109]","[3.5155622112004425, 4.362362688887375, 0.7855506558135532, 0.5, 1.0]","{""time"": 1.0, ""collisions"": 0.05, ""congestion"": 1.0, ""fairness"": 0.5, ""incomplete_base"": 1000.0, ""incomplete_agent"": 10.0}","[61.24366130558183, 60.50892857142857, 44.78571428571429, 72.94876596980257, 45.72593676814988, 42.94995519713262, 56.613175980171256, 50.45292950513539, 57.623187875832926, 46.66368458274399]","[30.200000000000003, 31.5, 29.400000000000002, 32.800000000000004, 30.5, 27.900000000000002, 31.700000000000003, 30.6, 29.3, 30.3]"
ga,22,11,44.01584649538509,31.520000000000003,121.0,1.8848345906231807,5.7,12.207142857142859,21.32916666666667,9.12202380952381,True,0.0,hospital_corridor,28,12,"[11, 29, 47, 53, 61, 73, 89, 97, 101, 109]","[3.5278585789151133, 4.544930955969254, 0.8285629224754204, 0.5, 1.0]","{""time"": 1.0, ""collisions"": 0.05, ""congestion"": 1.0, ""fairness"": 0.5, ""incomplete_base"": 1000.0, ""incomplete_agent"": 10.0}","[56.29488498789346, 50.71395502645503, 41.5966606133979, 41.448412698412696, 32.89232625482626, 38.085119047619045, 53.18903242147923, 42.75826594788859, 43.03138150609081, 40.148426449787834]","[35.4, 37.800000000000004, 29.5, 28.8, 25.900000000000002, 28.0, 37.6, 31.8, 30.1, 30.3]"
ga,22,12,43.35782248959843,34.42999999999999,37.8,1.8202629657889127,5.3,12.770714285714288,23.205833333333334,10.435119047619049,True,0.0,hospital_corridor,28,12,"[11, 29, 47, 53, 61, 73, 89, 97, 101, 109]","[3.347957171903184, 4.542132661568751, 0.8977443651316294, 0.5, 1.0]","{""time"": 1.0, ""collisions"": 0.05, ""congestion"": 1.0, ""fairness"": 0.5, ""incomplete_base"": 1000.0, ""incomplete_agent"": 10.0}","[46.64117428841226, 44.06867496290302, 36.81573129251701, 42.84410173160173, 31.96212938005391, 51.659605911330054, 47.37574053243345, 50.50393997893998, 41.82587681779299, 39.881249999999994]","[35.300000000000004, 35.300000000000004, 29.400000000000002, 33.0, 26.5, 40.6, 38.1, 40.7, 33.4, 32.0]"
ga,22,13,1101.3458550256642,69.71,21.4,1.033789382973449,5.1,13.616474775224777,24.680606060606063,11.064131285381285,False,2.4,hospital_corridor,28,12,"[11, 29, 47, 53, 61, 73, 89, 97, 101, 109]","[3.4303402494534723, 4.502053115289786, 1.033652987292955, 0.5, 1.0]","{""time"": 1.0, ""collisions"": 0.05, ""congestion"": 1.0, ""fairness"": 0.5, ""incomplete_base"": 1000.0, ""incomplete_agent"": 10.0}","[52.342501074922076, 1166.7250757575757, 45.39550024673081, 1146.0875833333334, 1184.6801731601731, 44.05024373259053, 1148.9125384615384, 1128.8675, 56.19309051814559, 40.2043439716312]","[44.300000000000004, 100.0, 38.6, 100.0, 100.0, 35.9, 100.0, 100.0, 45.400000000000006, 32.9]"
ga,22,14,56.31128910232857,44.980000000000004,57.0,1.7000391023285686,5.4,14.61,28.172500000000003,13.562500000000004,True,0.0,hospital_corridor,28,12,"[11, 29, 47, 53, 61, 73, 89, 97, 101, 109]","[3.196583445909379, 4.4581786967920225, 0.9033691856746799, 0.5, 1.0]","{""time"": 1.0, ""collisions"": 0.05, ""congestion"": 1.0, ""fairness"": 0.5, ""incomplete_base"": 1000.0, ""incomplete_agent"": 10.0}","[98.04323593073595, 40.56430776014109, 48.69739221775667, 123.13925487293363, 42.77720665614312, 40.07741540346042, 42.674649141181405, 44.65191708836124, 42.51588496844522, 39.971626984126985]","[78.10000000000001, 32.4, 39.1, 96.5, 36.2, 31.1, 34.1, 36.7, 33.2, 32.4]"
ga,22,15,43.41796958594591,34.71,38.9,1.7492195859459063,5.0,12.9225,22.950000000000003,10.0275,True,0.0,hospital_corridor,28,12,"[11, 29, 47, 53, 61, 73, 89, 97, 101, 109]","[3.373424398483929, 4.550189981882169, 0.9005904396575088, 0.5, 1.0]","{""time"": 1.0, ""collisions"": 0.05, ""congestion"": 1.0, ""fairness"": 0.5, ""incomplete_base"": 1000.0, ""incomplete_agent"": 10.0}","[58.20169821826281, 37.42229262672811, 37.10034013605443, 36.1142734413353, 31.440267052767055, 41.51255215076967, 54.69682355540825, 50.748099816849816, 47.307815734989646, 39.635533126294]","[44.900000000000006, 31.0, 29.400000000000002, 29.1, 25.900000000000002, 33.1, 43.1, 41.6, 36.800000000000004, 32.2]"
ga,22,16,42.427418011280054,33.17,53.0,1.878013249375293,5.6,12.700357142857143,22.15916666666667,9.458809523809524,True,0.0,hospital_corridor,28,12,"[11, 29, 47, 53, 61, 73, 89, 97, 101, 109]","[3.6919557744942226, 4.492945816168998, 0.8978138164221675, 0.5, 1.0]","{""time"": 1.0, ""collisions"": 0.05, ""congestion"": 1.0, ""fairness"": 0.5, ""incomplete_base"": 1000.0, ""incomplete_agent"": 10.0}","[56.63421273031826, 42.170238095238105, 37.13082439460426, 44.765998542274055, 36.49824496809033, 37.3066798941799, 42.51355204872646, 44.45186202686203, 42.406124497991975, 40.396442914515205]","[39.800000000000004, 33.6, 29.3, 34.300000000000004, 29.1, 29.700000000000003, 34.4, 35.1, 33.2, 33.2]"
ga,22,17,185.6376234474472,29.8,2989.7,2.080182971256747,6.2,11.731785714285715,20.276666666666667,8.544880952380954,True,0.0,hospital_corridor,28,12,"[11, 29, 47, 53, 61, 73, 89, 97, 101, 109]","[3.369642904724596, 4.393403789590668, 0.6058538985662236, 0.5, 1.0]","{""time"": 1.0, ""collisions"": 0.05, ""congestion"": 1.0, ""fairness"": 0.5, ""incomplete_base"": 1000.0, ""incomplete_agent"": 10.0}","[267.1186167104879, 202.5308217189315, 160.57709059233449, 159.47090034689376, 169.05357142857142, 135.51373376623377, 194.81911948990123, 229.314067016583, 154.39674132364811, 183.58157208088716]","[32.6, 28.700000000000003, 28.700000000000003, 30.200000000000003, 28.0, 27.5, 32.300000000000004, 31.3, 29.5, 29.200000000000003]"
ga,22,18,42.13831509484015,33.45,39.7,1.8055174757925294,5.5,12.63857142857143,22.43416666666667,9.795595238095238,True,0.0,hospital_corridor,28,12,"[11, 29, 47, 53, 61, 73, 89, 97, 101, 109]","[3.4873995260446575, 4.471787474077888, 0.9033005733660042, 0.5, 1.0]","{""time"": 1.0, ""collisions"": 0.05, ""congestion"": 1.0, ""fairness"": 0.5, ""incomplete_base"": 1000.0, ""incomplete_agent"": 10.0}","[47.082895869191056, 40.40986707566462, 37.65204081632653, 43.64492534301856, 36.06887926887927, 37.2249024865919, 44.64945887445887, 41.78904142581888, 53.561323366555925, 39.29981642189586]","[33.2, 32.6, 29.400000000000002, 35.4, 29.700000000000003, 29.3, 35.2, 34.6, 43.0, 32.1]"
ga,22,19,40.35109879965259,32.67,27.3,1.7278845139382994,5.4,12.39607142857143,21.5725,9.17642857142857,True,0.0,hospital_corridor,28,12,"[11, 29, 47, 53, 61, 73, 89, 97, 101, 109]","[3.4584403108327333, 4.569141442170406, 0.8994341813437612, 0.5, 1.0]","{""time"": 1.0, ""collisions"": 0.05, ""congestion"": 1.0, ""fairness"": 0.5, ""incomplete_base"": 1000.0, ""incomplete_agent"": 10.0}","[53.34098039215686, 37.947671790235084, 37.30139972371201, 35.33292832596956, 35.87977388942154, 36.82828407224959, 43.52170796890185, 45.030845583616035, 37.99222654408298, 40.33516970618035]","[42.5, 31.6, 29.3, 29.1, 29.8, 29.0, 34.300000000000004, 37.9, 30.3, 32.9]"
ga,22,20,40.25494256399107,32.42,32.3,1.8084544687529729,5.2,12.772857142857145,21.59583333333333,8.822976190476192,True,0.0,hospital_corridor,28,12,"[11, 29, 47, 53, 61, 73, 89, 97, 101, 109]","[3.512527037952683, 4.553513460524062, 0.9061923851819789, 0.5, 1.0]","{""time"": 1.0, ""collisions"": 0.05, ""congestion"": 1.0, ""fairness"": 0.5, ""incomplete_base"": 1000.0, ""incomplete_agent"": 10.0}","[44.4718815844922, 36.80339861751152, 37.43651394901395, 41.74306418219462, 37.17666666666667, 37.62748881431767, 43.790238095238095, 44.31395180023229, 39.64134615384616, 39.54487577639752]","[33.9, 31.0, 29.700000000000003, 34.5, 30.0, 29.8, 35.0, 36.9, 31.200000000000003, 32.2]"
ga,22,21,43.190280823456646,34.370000000000005,49.7,1.729864156789981,5.4,12.907500000000002,22.118333333333332,9.210833333333333,True,0.0,hospital_corridor,28,12,"[11, 29, 47, 53, 61, 73, 89, 97, 101, 109]","[3.7355738507205167, 4.615623800044876, 0.9068186049606297, 0.5, 1.0]","{""time"": 1.0, ""collisions"": 0.05, ""congestion"": 1.0, ""fairness"": 0.5, ""incomplete_base"": 1000.0, ""incomplete_agent"": 10.0}","[51.01845706786652, 37.06931818181818, 36.608153946510114, 54.92429653679654, 35.30780871670702, 37.66904761904762, 43.56845238095239, 53.162606341840686, 43.03012778505898, 39.54453965796846]","[38.1, 30.8, 29.200000000000003, 44.0, 29.5, 30.0, 34.0, 43.1, 32.7, 32.300000000000004]"
ga,22,22,49.10811168694311,37.709999999999994,84.4,1.8212664488478807,5.5,13.007142857142856,23.72083333333334,10.713690476190475,True,0.0,hospital_corridor,28,12,"[11, 29, 47, 53, 61, 73, 89, 97, 101, 109]","[3.963450478446695, 4.581463370957476, 0.8991599602189209, 0.5, 1.0]","{""time"": 1.0, ""collisions"": 0.05, ""congestion"": 1.0, ""fairness"": 0.5, ""incomplete_base"": 1000.0, ""incomplete_agent"": 10.0}","[111.62181855500822, 56.96291373051463, 35.698090706870985, 44.46747835497836, 36.02673745173745, 38.368988489435516, 41.610419448153095, 48.23942857142857, 38.772170580560996, 39.31307098074339]","[81.2, 44.6, 28.900000000000002, 31.900000000000002, 29.6, 30.200000000000003, 32.1, 37.5, 29.200000000000003, 31.900000000000002]"
ga,22,23,43.27396965786443,34.14999999999999,44.8,1.9246244197691946,5.6,13.097142857142856,23.015833333333337,9.918690476190477,True,0.0,hospital_corridor,28,12,"[11, 29, 47, 53, 61, 73, 89, 97, 101, 109]","[3.483249893322392, 4.59379727547417, 0.9046404708421905, 0.5, 1.0]","{""time"": 1.0, ""collisions"": 0.05, ""congestion"": 1.0, ""fairness"": 0.5, ""incomplete_base"": 1000.0, ""incomplete_agent"": 10.0}","[63.3268007836046, 47.61973323360759, 38.235966195351864, 44.43722018722019, 30.858034556234948, 37.66725790987536, 46.43779024006298, 42.40893709919497, 39.05504385964912, 42.69291251384274]","[47.400000000000006, 38.2, 29.3, 35.1, 25.700000000000003, 29.8, 36.300000000000004, 34.9, 30.400000000000002, 34.4]"
ga,23,0,40.25494256399107,32.42,32.3,1.8084544687529729,5.2,12.772857142857145,21.59583333333333,8.822976190476192,True,0.0,hospital_corridor,28,12,"[11, 29, 47, 53, 61, 73, 89, 97, 101, 109]","[3.512527037952683, 4.553513460524062, 0.9061923851819789, 0.5, 1.0]","{""time"": 1.0, ""collisions"": 0.05, ""congestion"": 1.0, ""fairness"": 0.5, ""incomplete_base"": 1000.0, ""incomplete_agent"": 10.0}","[44.4718815844922, 36.80339861751152, 37.43651394901395, 41.74306418219462, 37.17666666666667, 37.62748881431767, 43.790238095238095, 44.31395180023229, 39.64134615384616, 39.54487577639752]","[33.9, 31.0, 29.700000000000003, 34.5, 30.0, 29.8, 35.0, 36.9, 31.200000000000003, 32.2]"
ga,23,1,40.25494256399107,32.42,32.3,1.8084544687529729,5.2,12.772857142857145,21.59583333333333,8.822976190476192,True,0.0,hospital_corridor,28,12,"[11, 29, 47, 53, 61, 73, 89, 97, 101, 109]","[3.512527037952683, 4.553513460524062, 0.9061923851819789, 0.5, 1.0]","{""time"": 1.0, ""collisions"": 0.05, ""congestion"": 1.0, ""fairness"": 0.5, ""incomplete_base"": 1000.0, ""incomplete_agent"": 10.0}","[44.4718815844922, 36.80339861751152, 37.43651394901395, 41.74306418219462, 37.17666666666667, 37.62748881431767, 43.790238095238095, 44.31395180023229, 39.64134615384616, 39.54487577639752]","[33.9, 31.0, 29.700000000000003, 34.5, 30.0, 29.8, 35.0, 36.9, 31.200000000000003, 32.2]"
ga,23,2,41.99923275754824,33.339999999999996,44.7,1.8310184718339557,5.3,12.92857142857143,22.115000000000002,9.186428571428573,True,0.0,hospital_corridor,28,12,"[11, 29, 47, 53, 61, 73, 89, 97, 101, 109]","[3.4361113115320503, 4.422252759458074, 0.9061848443619349, 0.5, 1.0]","{""time"": 1.0, ""collisions"": 0.05, ""congestion"": 1.0, ""fairness"": 0.5, ""incomplete_base"": 1000.0, ""incomplete_agent"": 10.0}","[59.21645915246833, 46.040567765567765, 36.47060810810811, 36.42559107559107, 35.39060245310245, 37.46454872646733, 42.86071428571429, 45.24885420656199, 39.60309328649493, 41.27128851540616]","[43.6, 36.4, 29.6, 28.6, 29.700000000000003, 30.1, 33.6, 37.300000000000004, 30.5, 34.0]"
ga,23,3,41.99923275754824,33.339999999999996,44.7,1.8310184718339557,5.3,12.92857142857143,22.115000000000002,9.186428571428573,True,0.0,hospital_corridor,28,12,"[11, 29, 47, 53, 61, 73, 89, 97, 101, 109]","[3.4361113115320503, 4.422252759458074, 0.9061848443619349, 0.5, 1.0]","{""time"": 1.0, ""collisions"": 0.05, ""congestion"": 1.0, ""fairness"": 0.5, ""incomplete_base"": 1000.0, ""incomplete_agent"": 10.0}","[59.21645915246833, 46.040567765567765, 36.47060810810811, 36.42559107559107, 35.39060245310245, 37.46454872646733, 42.86071428571429, 45.24885420656199, 39.60309328649493, 41.27128851540616]","[43.6, 36.4, 29.6, 28.6, 29.700000000000003, 30.1, 33.6, 37.300000000000004, 30.5, 34.0]"
ga,23,4,40.95572449312671,32.870000000000005,30.9,1.7039983026505117,5.3,12.558214285714286,22.231666666666666,9.67345238095238,True,0.0,hospital_corridor,28,12,"[11, 29, 47, 53, 61, 73, 89, 97, 101, 109]","[3.4286950709718047, 4.535339392393972, 0.8997480813308507, 0.5, 1.0]","{""time"": 1.0, ""collisions"": 0.05, ""congestion"": 1.0, ""fairness"": 0.5, ""incomplete_base"": 1000.0, ""incomplete_agent"": 10.0}","[44.73952922077923, 37.02071849640177, 37.37833983422721, 37.04285714285714, 40.35556147832268, 37.18240968801314, 50.254952320978774, 45.11426203107238, 39.66439393939394, 40.80422077922078]","[35.2, 31.1, 29.3, 29.400000000000002, 33.5, 29.0, 39.7, 37.7, 30.8, 33.0]"
ga,23,5,1187.3358551652896,36.42,2873.1,1.9281224813069469,6.0,11.618928571428572,20.28439393939394,8.66546536796537,False,0.1,hospital_corridor,28,12,"[11, 29, 47, 53, 61, 73, 89, 97, 101, 109]","[3.3805062085060094, 4.536130909682547, 0.5, 0.5, 1.0]","{""time"": 1.0, ""collisions"": 0.05, ""congestion"": 1.0, ""fairness"": 0.5, ""incomplete_base"": 1000.0, ""incomplete_agent"": 10.0}","[1280.363922077922, 203.40585075493615, 159.59144889663185, 165.47949889258027, 166.63809523809525, 144.03864718614716, 199.45446428571432, 204.4536904761905, 154.55714285714285, 195.37579098753596]","[100.0, 28.700000000000003, 28.700000000000003, 30.1, 28.0, 27.5, 32.0, 30.0, 29.400000000000002, 29.8]"
ga,23,6,42.88254158786028,34.08,44.5,1.8492082545269501,5.2,12.957500000000001,22.414166666666667,9.456666666666667,True,0.0,hospital_corridor,28,12,"[11, 29, 47, 53, 61, 73, 89, 97, 101, 109]","[3.567612839016597, 4.526883925749585, 0.9065215158688532, 0.5, 1.0]","{""time"": 1.0, ""collisions"": 0.05, ""congestion"": 1.0, ""fairness"": 0.5, ""incomplete_base"": 1000.0, ""incomplete_agent"": 10.0}","[56.966756360078286, 47.10891420911529, 38.273230373230376, 42.21867015098723, 36.00869047619047, 36.863074922801886, 44.926465201465206, 47.05611806578302, 39.505440199335546, 39.89805591961555]","[43.800000000000004, 37.300000000000004, 29.6, 32.800000000000004, 30.0, 29.3, 36.4, 38.800000000000004, 30.1, 32.7]"
ga,23,7,42.876937755019746,33.75,54.1,1.7693187074007035,5.5,12.908928571428572,22.21416666666667,9.305238095238096,True,0.0,hospital_corridor,28,12,"[11, 29, 47, 53, 61, 73, 89, 97, 101, 109]","[3.698854763866793, 4.5685040708943525, 0.8980169352656463, 0.5, 1.0]","{""time"": 1.0, ""collisions"": 0.05, ""congestion"": 1.0, ""fairness"": 0.5, ""incomplete_base"": 1000.0, ""incomplete_agent"": 10.0}","[53.81499360613811, 40.60839768339768, 36.43317992145312, 50.85845864661655, 35.09681855500821, 38.62575187969925, 42.11914770332911, 46.419798136645966, 43.275491873396064, 41.51733954451346]","[39.1, 33.300000000000004, 29.1, 38.0, 29.0, 30.400000000000002, 33.9, 36.800000000000004, 33.4, 34.5]"
ga,23,8,42.4251532148842,32.989999999999995,59.5,1.7632484529794383,5.0,12.667857142857144,22.061666666666667,9.393809523809525,True,0.0,hospital_corridor,28,12,"[11, 29, 47, 53, 61, 73, 89, 97, 101, 109]","[3.512527037952683, 4.055989312803714, 0.9061923851819789, 0.5, 1.0]","{""time"": 1.0, ""collisions"": 0.05, ""congestion"": 1.0, ""fairness"": 0.5, ""incomplete_base"": 1000.0, ""incomplete_agent"": 10.0}","[52.19036796536797, 41.70946969696969, 37.31522397094432, 47.19040199649265, 37.53302767052767, 36.94226190476191, 46.89734432234432, 44.89891456582633, 38.71605566067487, 40.858464394932284]","[38.5, 33.0, 29.5, 35.300000000000004, 29.6, 29.0, 36.4, 35.7, 30.200000000000003, 32.7]"
ga,23,9,40.25494256399107,32.42,32.3,1.8084544687529729,5.2,12.772857142857145,21.59583333333333,8.822976190476192,True,0.0,hospital_corridor,28,12,"[11, 29, 47, 53, 61, 73, 89, 97, 101, 109]","[3.512527037952683, 4.553513460524062, 0.9061923851819789, 0.5, 1.0]","{""time"": 1.0, ""collisions"": 0.05, ""congestion"": 1.0, ""fairness"": 0.5, ""incomplete_base"": 1000.0, ""incomplete_agent"": 10.0}","[44.4718815844922, 36.80339861751152, 37.43651394901395, 41.74306418219462, 37.17666666666667, 37.62748881431767, 43.790238095238095, 44.31395180023229, 39.64134615384616, 39.54487577639752]","[33.9, 31.0, 29.700000000000003, 34.5, 30.0, 29.8, 35.0, 36.9, 31.200000000000003, 32.2]"
ga,23,10,43.08018336711665,34.709999999999994,36.0,1.7553619385452361,5.4,13.217857142857145,22.8475,9.629642857142859,True,0.0,hospital_corridor,28,12,"[11, 29, 47, 53, 61, 73, 89, 97, 101, 109]","[3.350760968645081, 4.502328859906113, 0.9100900646873853, 0.5, 1.0]","{""time"": 1.0, ""collisions"": 0.05, ""congestion"": 1.0, ""fairness"": 0.5, ""incomplete_base"": 1000.0, ""incomplete_agent"": 10.0}","[59.79005914467698, 37.54119123687814, 42.14514624841035, 46.24348102877514, 36.260244360902256, 41.03983686067019, 46.62150455927052, 41.64991097612065, 39.703756356911704, 39.806702898550725]","[47.1, 31.3, 33.7, 37.4, 30.400000000000002, 32.4, 37.6, 34.1, 30.900000000000002, 32.2]"
ga,23,11,43.05751859403989,35.56,20.1,1.6716257368970282,5.2,13.773214285714285,23.415000000000003,9.641785714285714,True,0.0,hospital_corridor,28,12,"[11, 29, 47, 53, 61, 73, 89, 97, 101, 109]","[2.7312295730724085, 4.59379727547417, 0.9046404708421905, 0.5, 1.0]","{""time"": 1.0, ""collisions"": 0.05, ""congestion"": 1.0, ""fairness"": 0.5, ""incomplete_base"": 1000.0, ""incomplete_agent"": 10.0}","[54.735709075752844, 40.0133855981417, 40.11264607069822, 40.88172983479107, 36.59045372866128, 40.88853270223753, 49.24355062413315, 46.291541353383465, 40.66494505494505, 41.152691897654584]","[45.7, 32.800000000000004, 32.6, 34.300000000000004, 31.8, 33.2, 41.2, 38.0, 32.5, 33.5]"
ga,23,12,40.696113928462495,32.480000000000004,37.4,1.830518690367255,5.3,13.00964285714286,22.040833333333335,9.031190476190478,True,0.0,hospital_corridor,28,12,"[11, 29, 47, 53, 61, 73, 89, 97, 101, 109]","[3.4909224912305565, 4.552923124773579, 0.9038175647639789, 0.5, 1.0]","{""time"": 1.0, ""collisions"": 0.05, ""congestion"": 1.0, ""fairness"": 0.5, ""incomplete_base"": 1000.0, ""incomplete_agent"": 10.0}","[46.531663113006395, 36.79354838709678, 40.61962454212454, 39.67706582633054, 31.153265765765767, 38.91964285714286, 46.619696969696975, 48.66524390243902, 37.64642857142857, 40.3349593495935]","[33.5, 31.0, 32.5, 30.6, 25.900000000000002, 31.200000000000003, 36.300000000000004, 41.0, 30.0, 32.800000000000004]"
ga,23,13,42.740690438953784,31.630000000000003,87.6,1.8432499627632997,5.2,12.026785714285715,21.80166666666667,9.774880952380954,True,0.0,hospital_corridor,28,12,"[11, 29, 47, 53, 61, 73, 89, 97, 101, 109]","[4.353350159382202, 4.472377809828371, 0.9056753937840043, 0.5, 1.0]","{""time"": 1.0, ""collisions"": 0.05, ""congestion"": 1.0, ""fairness"": 0.5, ""incomplete_base"": 1000.0, ""incomplete_agent"": 10.0}","[54.00697674418605, 51.382789855072474, 37.36379310344827, 44.42741640543365, 36.064185110663985, 38.19223860362651, 44.58452380952381, 44.48002491694352, 37.489330840639504, 39.415625]","[34.4, 36.800000000000004, 29.0, 31.900000000000002, 28.400000000000002, 28.1, 33.6, 34.4, 27.700000000000003, 32.0]"
ga,23,14,42.46016460738971,32.14,74.7,1.9705217502468524,5.7,12.663214285714286,21.892500000000002,9.229285714285714,True,0.0,hospital_corridor,28,12,"[11, 29, 47, 53, 61, 73, 89, 97, 101, 109]","[3.5120237432378127, 3.914022633795833, 0.9060483818960464, 0.5, 1.0]","{""time"": 1.0, ""collisions"": 0.05, ""congestion"": 1.0, ""fairness"": 0.5, ""incomplete_base"": 1000.0, ""incomplete_agent"": 10.0}","[59.816568241469824, 37.001278298204525, 37.37500000000001, 42.00153885969104, 36.36859220198147, 37.12529036004646, 43.503734390009605, 46.26375661375661, 45.599007936507945, 39.54687917222964]","[38.1, 30.5, 29.200000000000003, 29.900000000000002, 29.8, 28.700000000000003, 34.7, 35.1, 33.300000000000004, 32.1]"
ga,23,15,43.3323459102094,33.89,53.7,1.9007982911617762,5.8,13.146071428571428,22.85916666666667,9.713095238095239,True,0.0,hospital_corridor,28,12,"[11, 29, 47, 53, 61, 73, 89, 97, 101, 109]","[3.5123505379675786, 4.402356049624251, 0.9060614792872677, 0.5, 1.0]","{""time"": 1.0, ""collisions"": 0.05, ""congestion"": 1.0, ""fairness"": 0.5, ""incomplete_base"": 1000.0, ""incomplete_agent"": 10.0}","[63.05056144728635, 41.763086406669494, 39.72315162907268, 46.10654761904762, 31.35796332046332, 36.9133887801696, 43.875045787545794, 50.634722709722716, 40.4723544973545, 39.42663690476191]","[45.800000000000004, 33.7, 30.400000000000002, 35.0, 25.900000000000002, 29.200000000000003, 33.800000000000004, 40.7, 32.4, 32.0]"
ga,23,16,44.08954503257272,35.42,36.3,1.782997413525105,5.0,12.776071428571429,22.919166666666666,10.143095238095238,True,0.0,hospital_corridor,28,12,"[11, 29, 47, 53, 61, 73, 89, 97, 101, 109]","[3.4513526714714846, 4.535062902146721, 0.9006640357857976, 0.5, 1.0]","{""time"": 1.0, ""collisions"": 0.05, ""congestion"": 1.0, ""fairness"": 0.5, ""incomplete_base"": 1000.0, ""incomplete_agent"": 10.0}","[70.55191637630662, 41.103419977458444, 38.59773281326183, 51.7837783171521, 35.33517497603068, 37.7310162991371, 42.71971793221794, 44.346653796653804, 38.57006718528996, 40.155972652218786]","[57.400000000000006, 33.800000000000004, 29.3, 41.2, 29.8, 29.8, 33.300000000000004, 37.0, 30.3, 32.300000000000004]"
ga,23,17,45.18053348405315,35.59,55.5,1.851188245957904,5.7,13.414642857142857,23.343333333333334,9.928690476190479,True,0.0,hospital_corridor,28,12,"[11, 29, 47, 53, 61, 73, 89, 97, 101, 109]","[3.443198950893299, 4.456331299481759, 0.9049549899198985, 0.5, 1.0]","{""time"": 1.0, ""collisions"": 0.05, ""congestion"": 1.0, ""fairness"": 0.5, ""incomplete_base"": 1000.0, ""incomplete_agent"": 10.0}","[69.50950453055717, 49.338433475127026, 44.89532778864971, 39.48027544351074, 36.10150977609587, 39.6275217815833, 45.92761040170258, 46.725234676115875, 40.018920765027325, 40.18099620216185]","[49.400000000000006, 40.300000000000004, 36.5, 30.6, 30.200000000000003, 31.700000000000003, 35.800000000000004, 38.300000000000004, 30.5, 32.6]"
ga,23,18,43.537650027298284,33.64,66.2,1.8380666939649495,5.8,12.930000000000001,22.429166666666667,9.499166666666666,True,0.0,hospital_corridor,28,12,"[11, 29, 47, 53, 61, 73, 89, 97, 101, 109]","[3.522903904451856, 4.547903846284003, 0.8888575156160622, 0.5, 1.0]","{""time"": 1.0, ""collisions"": 0.05, ""congestion"": 1.0, ""fairness"": 0.5, ""incomplete_base"": 1000.0, ""incomplete_agent"": 10.0}","[64.66018400678757, 48.955225234137984, 39.51643772893773, 47.54497929606625, 35.72976190476191, 36.627876984126985, 42.61781175813434, 41.13211382113822, 38.97689214758752, 39.615217391304355]","[44.900000000000006, 36.1, 31.200000000000003, 36.800000000000004, 29.3, 28.8, 34.1, 32.800000000000004, 30.200000000000003, 32.2]"
ga,23,19,42.664404480405366,31.8,87.1,1.846904480405362,5.6,12.110000000000003,21.435000000000002,9.325000000000001,True,0.0,hospital_corridor,28,12,"[11, 29, 47, 53, 61, 73, 89, 97, 101, 109]","[3.5174817124159405, 4.550540570209313, 0.8458977920413371, 0.5, 1.0]","{""time"": 1.0, ""collisions"": 0.05, ""congestion"": 1.0, ""fairness"": 0.5, ""incomplete_base"": 1000.0, ""incomplete_agent"": 10.0}","[58.617504797888934, 45.368655632984904, 39.602454087437025, 40.86390977443609, 37.9183789954338, 36.62657041540021, 42.303017895056115, 44.77426992896606, 40.339521371688605, 40.22976190476191]","[39.7, 32.800000000000004, 29.3, 30.400000000000002, 29.200000000000003, 28.200000000000003, 31.400000000000002, 36.2, 29.3, 31.5]"
ga,23,20,41.71803720150479,32.84,41.1,1.9707157729333573,5.6,12.965357142857144,22.669999999999998,9.704642857142858,True,0.0,hospital_corridor,28,12,"[11, 29, 47, 53, 61, 73, 89, 97, 101, 109]","[3.508887284495559, 4.567843783102341, 0.9024291889765048, 0.5, 1.0]","{""time"": 1.0, ""collisions"": 0.05, ""congestion"": 1.0, ""fairness"": 0.5, ""incomplete_base"": 1000.0, ""incomplete_agent"": 10.0}","[57.261694677871155, 39.51345576085325, 36.75013861709068, 48.70541882556132, 32.48970398970399, 37.33516731016731, 43.05108543417367, 44.44186507936508, 38.10818160597573, 39.52366071428572]","[40.800000000000004, 31.700000000000003, 29.200000000000003, 38.6, 25.900000000000002, 29.6, 34.0, 36.0, 30.6, 32.0]"
ga,23,21,40.50502536870893,32.08,37.6,1.8863944163279736,5.2,12.56607142857143,21.883333333333333,9.317261904761907,True,0.0,hospital_corridor,28,12,"[11, 29, 47, 53, 61, 73, 89, 97, 101, 109]","[3.4620800642898573, 4.554811119592127, 0.9031973775492352, 0.5, 1.0]","{""time"": 1.0, ""collisions"": 0.05, ""congestion"": 1.0, ""fairness"": 0.5, ""incomplete_base"": 1000.0, ""incomplete_agent"": 10.0}","[44.05581911869225, 37.19675797503468, 39.021513882425936, 43.88303571428571, 35.75976270106705, 38.410706295941196, 44.12106940509915, 42.547779369627506, 39.24927790788447, 40.80453131703132]","[33.5, 30.900000000000002, 30.700000000000003, 32.0, 29.900000000000002, 29.8, 35.300000000000004, 34.9, 30.5, 33.300000000000004]"
ga,23,22,42.45886861193938,33.79,34.9,1.8094638500346207,5.4,12.477857142857143,22.70666666666667,10.228809523809526,True,0.0,hospital_corridor,28,12,"[11, 29, 47, 53, 61, 73, 89, 97, 101, 109]","[3.4944849498891184, 4.563592516881145, 0.9019496147460213, 0.5, 1.0]","{""time"": 1.0, ""collisions"": 0.05, ""congestion"": 1.0, ""fairness"": 0.5, ""incomplete_base"": 1000.0, ""incomplete_agent"": 10.0}","[44.23998447204969, 39.71598101265823, 37.378442728442735, 54.98566849816851, 36.16799557032115, 37.42427606177606, 42.599334733893556, 44.06669928245271, 46.50139607374983, 41.50890768588137]","[32.2, 31.6, 29.6, 44.2, 30.1, 29.6, 34.0, 36.5, 35.9, 34.2]"
ga,23,23,42.729476872333834,32.78,67.7,2.0175125866195542,5.6,12.811071428571429,21.905,9.09392857142857,True,0.0,hospital_corridor,28,12,"[11, 29, 47, 53, 61, 73, 89, 97, 101, 109]","[3.8771342506575857, 4.5590623858133235, 0.9036769517797189, 0.5, 1.0]","{""time"": 1.0, ""collisions"": 0.05, ""congestion"": 1.0, ""fairness"": 0.5, ""incomplete_base"": 1000.0, ""incomplete_agent"": 10.0}","[61.04874202258223, 47.55452771272444, 37.721723122238586, 37.0800535314797, 36.29471347861178, 36.39877598926895, 41.34068957771788, 47.81465773809524, 42.10766210739615, 39.93322344322345]","[38.800000000000004, 36.6, 29.1, 29.8, 29.5, 28.400000000000002, 31.8, 38.400000000000006, 32.9, 32.5]"
ga,24,0,40.25494256399107,32.42,32.3,1.8084544687529729,5.2,12.772857142857145,21.59583333333333,8.822976190476192,True,0.0,hospital_corridor,28,12,"[11, 29, 47, 53, 61, 73, 89, 97, 101, 109]","[3.512527037952683, 4.553513460524062, 0.9061923851819789, 0.5, 1.0]","{""time"": 1.0, ""collisions"": 0.05, ""congestion"": 1.0, ""fairness"": 0.5, ""incomplete_base"": 1000.0, ""incomplete_agent"": 10.0}","[44.4718815844922, 36.80339861751152, 37.43651394901395, 41.74306418219462, 37.17666666666667, 37.62748881431767, 43.790238095238095, 44.31395180023229, 39.64134615384616, 39.54487577639752]","[33.9, 31.0, 29.700000000000003, 34.5, 30.0, 29.8, 35.0, 36.9, 31.200000000000003, 32.2]"
ga,24,1,40.25494256399107,32.42,32.3,1.8084544687529729,5.2,12.772857142857145,21.59583333333333,8.822976190476192,True,0.0,hospital_corridor,28,12,"[11, 29, 47, 53, 61, 73, 89, 97, 101, 109]","[3.512527037952683, 4.553513460524062, 0.9061923851819789, 0.5, 1.0]","{""time"": 1.0, ""collisions"": 0.05, ""congestion"": 1.0, ""fairness"": 0.5, ""incomplete_base"": 1000.0, ""incomplete_agent"": 10.0}","[44.4718815844922, 36.80339861751152, 37.43651394901395, 41.74306418219462, 37.17666666666667, 37.62748881431767, 43.790238095238095, 44.31395180023229, 39.64134615384616, 39.54487577639752]","[33.9, 31.0, 29.700000000000003, 34.5, 30.0, 29.8, 35.0, 36.9, 31.200000000000003, 32.2]"
ga,24,2,41.59788458615396,32.940000000000005,41.3,1.8971703004396698,5.9,12.833571428571426,22.225,9.391428571428571,True,0.0,hospital_corridor,28,12,"[11, 29, 47, 53, 61, 73, 89, 97, 101, 109]","[3.512170498444431, 4.561851231258806, 0.9026585105168111, 0.5, 1.0]","{""time"": 1.0, ""collisions"": 0.05, ""congestion"": 1.0, ""fairness"": 0.5, ""incomplete_base"": 1000.0, ""incomplete_agent"": 10.0}","[55.33756830601093, 44.134135610766045, 38.35410572078661, 37.35556914546641, 36.86832779623477, 37.792640692640695, 43.345858484238775, 41.92898445092323, 41.64293956043956, 39.21871609403255]","[42.7, 34.5, 29.3, 29.200000000000003, 30.1, 29.700000000000003, 35.5, 34.300000000000004, 32.5, 31.6]"
ga,24,3,1185.4848457275768,100.0,15.9,0.5450999999999999,4.0,14.26734945393718,24.556840909090912,10.289491455153732,False,7.9,hospital_corridor,28,12,"[11, 29, 47, 53, 61, 73, 89, 97, 101, 109]","[3.5092438240038115, 4.559506012367597, 1.1427945437606204, 0.5, 1.0]","{""time"": 1.0, ""collisions"": 0.05, ""congestion"": 1.0, ""fairness"": 0.5, ""incomplete_base"": 1000.0, ""incomplete_agent"": 10.0}","[1175.4781818181818, 1256.9082205882353, 1155.366, 1184.5021904761904, 1263.6389159663865, 1140.8192517482516, 1147.9976153846153, 1166.4904391534392, 1146.3970769230768, 1217.2505652173913]","[100.0, 100.0, 100.0, 100.0, 100.0, 100.0, 100.0, 100.0, 100.0, 100.0]"
ga,24,4,44.4219280346194,34.46999999999999,59.5,1.7991899393813067,5.2,12.742857142857144,23.098333333333333,10.35547619047619,True,0.0,hospital_corridor,28,12,"[11, 29, 47, 53, 61, 73, 89, 97, 101, 109]","[3.512527037952683, 4.258612949014879, 0.9061923851819789, 0.5, 1.0]","{""time"": 1.0, ""collisions"": 0.05, ""congestion"": 1.0, ""fairness"": 0.5, ""incomplete_base"": 1000.0, ""incomplete_agent"": 10.0}","[59.14713642213643, 44.04472591362126, 38.49337111977898, 40.941932705558116, 37.264945302445305, 36.69049671592775, 43.980719461697724, 51.36726338914619, 52.60736215538847, 39.68132716049382]","[44.400000000000006, 34.4, 29.3, 31.1, 29.6, 29.0, 34.5, 40.1, 39.900000000000006, 32.4]"
ga,24,5,1049.6820358168036,39.94,50.8,1.670078144846001,5.2,13.200251322751324,22.264166666666668,9.063915343915346,False,0.1,hospital_corridor,28,12,"[11, 29, 47, 53, 61, 73, 89, 97, 101, 109]","[3.512527037952683, 4.055989312803714, 0.9570346393039519, 0.5, 1.0]","{""time"": 1.0, ""collisions"": 0.05, ""congestion"": 1.0, ""fairness"": 0.5, ""incomplete_base"": 1000.0, ""incomplete_agent"": 10.0}","[51.654034391534395, 37.58255494505495, 39.98811920741451, 42.777976190476195, 35.80004208754209, 1116.2064814814814, 44.83730158730158, 46.02745162708883, 41.837447423764466, 40.10894922637826]","[37.800000000000004, 31.200000000000003, 29.8, 33.6, 29.700000000000003, 100.0, 36.0, 37.9, 31.700000000000003, 31.700000000000003]"
ga,24,6,43.229185642462056,34.17,41.6,1.9163880234144313,5.2,12.93857142857143,23.064166666666672,10.125595238095238,True,0.0,hospital_corridor,28,12,"[11, 29, 47, 53, 61, 73, 89, 97, 101, 109]","[3.429576673710115, 4.554496232020406, 0.9049497543259637, 0.5, 1.0]","{""time"": 1.0, ""collisions"": 0.05, ""congestion"": 1.0, ""fairness"": 0.5, ""incomplete_base"": 1000.0, ""incomplete_agent"": 10.0}","[61.366666666666674, 42.98160108354718, 37.17039897039898, 41.21859191747915, 40.988949431736444, 37.04978262636112, 49.26096588119784, 42.75595238095239, 39.43629218677762, 40.062655279503105]","[46.400000000000006, 33.4, 29.6, 33.7, 33.1, 29.3, 38.800000000000004, 34.300000000000004, 30.900000000000002, 32.2]"
ga,24,7,42.804493358552264,35.4,18.5,1.6963981204570349,5.3,13.719642857142858,23.285833333333336,9.566190476190476,True,0.0,hospital_corridor,28,12,"[11, 29, 47, 53, 61, 73, 89, 97, 101, 109]","[2.814179937314977, 4.592814503977826, 0.9058831016982056, 0.5, 1.0]","{""time"": 1.0, ""collisions"": 0.05, ""congestion"": 1.0, ""fairness"": 0.5, ""incomplete_base"": 1000.0, ""incomplete_agent"": 10.0}","[60.23693699917104, 38.54827235772358, 40.72980782817579, 36.936290322580646, 31.174908424908427, 40.19775835866261, 48.03261812476929, 45.929934715821815, 40.825050658561295, 45.433355795148245]","[51.7, 32.800000000000004, 33.7, 31.0, 26.0, 32.9, 38.7, 37.2, 32.9, 37.1]"
ga,24,8,40.25494256399107,32.42,32.3,1.8084544687529729,5.2,12.772857142857145,21.59583333333333,8.822976190476192,True,0.0,hospital_corridor,28,12,"[11, 29, 47, 53, 61, 73, 89, 97, 101, 109]","[3.512527037952683, 4.553513460524062, 0.9061923851819789, 0.5, 1.0]","{""time"": 1.0, ""collisions"": 0.05, ""congestion"": 1.0, ""fairness"": 0.5, ""incomplete_base"": 1000.0, ""incomplete_agent"": 10.0}","[44.4718815844922, 36.80339861751152, 37.43651394901395, 41.74306418219462, 37.17666666666667, 37.62748881431767, 43.790238095238095, 44.31395180023229, 39.64134615384616, 39.54487577639752]","[33.9, 31.0, 29.700000000000003, 34.5, 30.0, 29.8, 35.0, 36.9, 31.200000000000003, 32.2]"
ga,24,9,40.25494256399107,32.42,32.3,1.8084544687529729,5.2,12.772857142857145,21.59583333333333,8.822976190476192,True,0.0,hospital_corridor,28,12,"[11, 29, 47, 53, 61, 73, 89, 97, 101, 109]","[3.512527037952683, 4.553513460524062, 0.9061923851819789, 0.5, 1.0]","{""time"": 1.0, ""collisions"": 0.05, ""congestion"": 1.0, ""fairness"": 0.5, ""incomplete_base"": 1000.0, ""incomplete_agent"": 10.0}","[44.4718815844922, 36.80339861751152, 37.43651394901395, 41.74306418219462, 37.17666666666667, 37.62748881431767, 43.790238095238095, 44.31395180023229, 39.64134615384616, 39.54487577639752]","[33.9, 31.0, 29.700000000000003, 34.5, 30.0, 29.8, 35.0, 36.9, 31.200000000000003, 32.2]"
ga,24,10,40.25494256399107,32.42,32.3,1.8084544687529729,5.2,12.772857142857145,21.59583333333333,8.822976190476192,True,0.0,hospital_corridor,28,12,"[11, 29, 47, 53, 61, 73, 89, 97, 101, 109]","[3.512527037952683, 4.553513460524062, 0.9061923851819789, 0.5, 1.0]","{""time"": 1.0, ""collisions"": 0.05, ""congestion"": 1.0, ""fairness"": 0.5, ""incomplete_base"": 1000.0, ""incomplete_agent"": 10.0}","[44.4718815844922, 36.80339861751152, 37.43651394901395, 41.74306418219462, 37.17666666666667, 37.62748881431767, 43.790238095238095, 44.31395180023229, 39.64134615384616, 39.54487577639752]","[33.9, 31.0, 29.700000000000003, 34.5, 30.0, 29.8, 35.0, 36.9, 31.200000000000003, 32.2]"
ga,24,11,1184.4167351329613,100.0,15.2,0.4800000000000001,4.3,13.793598998146678,24.147069264069266,10.353470265922587,False,7.8,hospital_corridor,28,12,"[11, 29, 47, 53, 61, 73, 89, 97, 101, 109]","[3.512527037952683, 4.553513460524062, 1.1409068115912364, 0.5, 1.0]","{""time"": 1.0, ""collisions"": 0.05, ""congestion"": 1.0, ""fairness"": 0.5, ""incomplete_base"": 1000.0, ""incomplete_agent"": 10.0}","[1176.2736363636363, 1256.7400294117647, 1155.651, 1187.2860822510822, 1233.646552631579, 1156.767076923077, 1166.2473333333332, 1167.9460158730158, 1145.8570769230769, 1197.7525476190476]","[100.0, 100.0, 100.0, 100.0, 100.0, 100.0, 100.0, 100.0, 100.0, 100.0]"
ga,24,12,45.22655039734032,36.11,44.9,1.8358361116260387,5.7,13.22107142857143,23.2925,10.071428571428573,True,0.0,hospital_corridor,28,12,"[11, 29, 47, 53, 61, 73, 89, 97, 101, 109]","[3.493178553395001, 4.560020182593872, 0.9027457264752807, 0.5, 1.0]","{""time"": 1.0, ""collisions"": 0.05, ""congestion"": 1.0, ""fairness"": 0.5, ""incomplete_base"": 1000.0, ""incomplete_agent"": 10.0}","[70.20783305540115, 47.574568338785895, 38.085119047619045, 42.99180822758903, 30.98434684684685, 37.29784427284427, 46.15654761904762, 60.728453077137296, 38.36979949874687, 39.869183989385235]","[51.400000000000006, 39.300000000000004, 30.0, 34.9, 25.900000000000002, 29.6, 36.0, 51.300000000000004, 30.400000000000002, 32.300000000000004]"
ga,24,13,44.68216157703021,33.07,102.2,1.7878163389349644,5.2,12.612142857142857,22.04083333333333,9.428690476190477,True,0.0,hospital_corridor,28,12,"[11, 29, 47, 53, 61, 73, 89, 97, 101, 109]","[4.293405270097858, 4.556495459060851, 0.9030214530347196, 0.5, 1.0]","{""time"": 1.0, ""collisions"": 0.05, ""congestion"": 1.0, ""fairness"": 0.5, ""incomplete_base"": 1000.0, ""incomplete_agent"": 10.0}","[53.49410399257196, 51.87005649717514, 35.92162698412699, 59.72467787114846, 34.514786967418544, 36.440367383512545, 46.29286602700782, 43.19702380952381, 45.462865497076024, 39.90324074074074]","[35.9, 35.4, 28.8, 42.5, 28.5, 27.900000000000002, 33.5, 31.6, 34.2, 32.4]"
ga,24,14,43.18401689160077,33.5,64.0,1.8529454630293376,5.6,13.05285714285714,22.315,9.262142857142859,True,0.0,hospital_corridor,28,12,"[11, 29, 47, 53, 61, 73, 89, 97, 101, 109]","[3.584848808971828, 4.418582025112404, 0.9061923851819789, 0.5, 1.0]","{""time"": 1.0, ""collisions"": 0.05, ""congestion"": 1.0, ""fairness"": 0.5, ""incomplete_base"": 1000.0, ""incomplete_agent"": 10.0}","[62.89979674796748, 36.414832162373145, 38.45499609679938, 37.7402498323273, 36.01797619047618, 37.33867654085046, 45.35124398073837, 47.23843984962406, 50.84270293609672, 39.54125457875458]","[41.0, 30.5, 30.5, 28.400000000000002, 30.0, 29.900000000000002, 35.6, 38.0, 38.6, 32.5]"
ga,24,15,43.07248287691112,33.230000000000004,63.0,1.769506686434923,5.5,12.500714285714286,22.34666666666667,9.84595238095238,True,0.0,hospital_corridor,28,12,"[11, 29, 47, 53, 61, 73, 89, 97, 101, 109]","[3.60876650782217, 4.190920748215372, 0.9061923851819789, 0.5, 1.0]","{""time"": 1.0, ""collisions"": 0.05, ""congestion"": 1.0, ""fairness"": 0.5, ""incomplete_base"": 1000.0, ""incomplete_agent"": 10.0}","[51.814841480358716, 48.966712454212455, 35.96387128230132, 49.42036124794746, 36.773325027685495, 36.57921022067364, 43.99246461742592, 45.98052157327019, 41.17565210797695, 40.057868757259]","[37.7, 39.0, 29.3, 34.800000000000004, 30.1, 28.700000000000003, 32.300000000000004, 36.2, 31.400000000000002, 32.800000000000004]"
ga,24,16,41.99923275754824,33.339999999999996,44.7,1.8310184718339557,5.3,12.92857142857143,22.115000000000002,9.186428571428573,True,0.0,hospital_corridor,28,12,"[11, 29, 47, 53, 61, 73, 89, 97, 101, 109]","[3.4361113115320503, 4.422252759458074, 0.9061848443619349, 0.5, 1.0]","{""time"": 1.0, ""collisions"": 0.05, ""congestion"": 1.0, ""fairness"": 0.5, ""incomplete_base"": 1000.0, ""incomplete_agent"": 10.0}","[59.21645915246833, 46.040567765567765, 36.47060810810811, 36.42559107559107, 35.39060245310245, 37.46454872646733, 42.86071428571429, 45.24885420656199, 39.60309328649493, 41.27128851540616]","[43.6, 36.4, 29.6, 28.6, 29.700000000000003, 30.1, 33.6, 37.300000000000004, 30.5, 34.0]"
ga,24,17,42.45886861193938,33.79,34.9,1.8094638500346207,5.4,12.477857142857143,22.70666666666667,10.228809523809526,True,0.0,hospital_corridor,28,12,"[11, 29, 47, 53, 61, 73, 89, 97, 101, 109]","[3.4944849498891184, 4.563592516881145, 0.9019496147460213, 0.5, 1.0]","{""time"": 1.0, ""collisions"": 0.05, ""congestion"": 1.0, ""fairness"": 0.5, ""incomplete_base"": 1000.0, ""incomplete_agent"": 10.0}","[44.23998447204969, 39.71598101265823, 37.378442728442735, 54.98566849816851, 36.16799557032115, 37.42427606177606, 42.599334733893556, 44.06669928245271, 46.50139607374983, 41.50890768588137]","[32.2, 31.6, 29.6, 44.2, 30.1, 29.6, 34.0, 36.5, 35.9, 34.2]"
ga,24,18,43.62517176848239,33.540000000000006,67.5,1.8539217684823819,5.5,12.885000000000002,22.597500000000004,9.7125,True,0.0,hospital_corridor,28,12,"[11, 29, 47, 53, 61, 73, 89, 97, 101, 109]","[3.479732011684327, 4.0994057173291685, 0.9074570824166373, 0.5, 1.0]","{""time"": 1.0, ""collisions"": 0.05, ""congestion"": 1.0, ""fairness"": 0.5, ""incomplete_base"": 1000.0, ""incomplete_agent"": 10.0}","[55.0498731459797, 43.2765131956397, 38.33011501210654, 48.67800207039338, 31.41082314248657, 37.444661140906874, 49.69886037329505, 46.58614180478821, 44.80369047619048, 40.97303732303733]","[36.6, 33.2, 29.5, 36.800000000000004, 25.700000000000003, 29.3, 39.800000000000004, 36.2, 35.0, 33.300000000000004]"
ga,24,19,46.02360978338582,37.019999999999996,45.9,1.6359907357667776,5.0,13.411428571428573,23.55666666666667,10.145238095238096,True,0.0,hospital_corridor,28,12,"[11, 29, 47, 53, 61, 73, 89, 97, 101, 109]","[3.388116590964206, 4.282214956502173, 0.9088253674527269, 0.5, 1.0]","{""time"": 1.0, ""collisions"": 0.05, ""congestion"": 1.0, ""fairness"": 0.5, ""incomplete_base"": 1000.0, ""incomplete_agent"": 10.0}","[49.95600287672911, 37.26856530393508, 37.09058880308881, 67.7734736632083, 51.392278593680466, 37.36176046176047, 46.211175762439815, 47.30137781000725, 40.047008644222025, 45.83386591478697]","[38.900000000000006, 31.1, 29.6, 53.7, 42.800000000000004, 29.700000000000003, 35.6, 39.400000000000006, 31.400000000000002, 38.0]"
ga,24,20,1055.7023968418694,39.33,58.1,1.8554875012100307,5.7,12.751895604395605,21.97571428571429,9.223818681318683,False,0.7,hospital_corridor,28,12,"[11, 29, 47, 53, 61, 73, 89, 97, 101, 109]","[3.512527037952683, 4.26889190974488, 0.9061923851819789, 0.5, 1.0]","{""time"": 1.0, ""collisions"": 0.05, ""congestion"": 1.0, ""fairness"": 0.5, ""incomplete_base"": 1000.0, ""incomplete_agent"": 10.0}","[49.69213510848127, 48.92253401360545, 38.12907586763519, 36.513189223057644, 36.035000000000004, 37.007183908045974, 1180.4398791208791, 51.67823797823799, 39.06993163602075, 39.53680156273036]","[33.800000000000004, 39.2, 29.5, 28.5, 30.0, 29.0, 100.0, 40.7, 30.3, 32.300000000000004]"
ga,24,21,92.65811463215745,29.790000000000003,1128.0,1.9199003464431599,5.2,11.34607142857143,20.442500000000003,9.096428571428572,True,0.0,hospital_corridor,28,12,"[11, 29, 47, 53, 61, 73, 89, 97, 101, 109]","[3.512527037952683, 4.340610863582896, 0.7173682561023123, 0.5, 1.0]","{""time"": 1.0, ""collisions"": 0.05, ""congestion"": 1.0, ""fairness"": 0.5, ""incomplete_base"": 1000.0, ""incomplete_agent"": 10.0}","[120.55642446633826, 90.72096171802053, 92.13299349151426, 138.47650189214758, 70.7420634920635, 66.65409090909091, 100.28432539682541, 93.90726817042608, 77.1994918699187, 75.90702491522926]","[29.0, 30.6, 28.900000000000002, 30.200000000000003, 28.8, 27.5, 31.5, 30.400000000000002, 28.700000000000003, 32.300000000000004]"
ga,24,22,42.57845996871468,33.199999999999996,55.4,1.7791147306194453,5.5,12.612142857142858,22.270833333333336,9.658690476190477,True,0.0,hospital_corridor,28,12,"[11, 29, 47, 53, 61, 73, 89, 97, 101, 109]","[3.512527037952683, 4.297249354648486, 0.9061923851819789, 0.5, 1.0]","{""time"": 1.0, ""collisions"": 0.05, ""congestion"": 1.0, ""fairness"": 0.5, ""incomplete_base"": 1000.0, ""incomplete_agent"": 10.0}","[48.19199353151666, 40.55715005035247, 39.94679632999698, 55.91870938201584, 36.48556896002548, 36.7956931578092, 41.463595166163145, 46.54740528808209, 38.7250313283208, 41.15265649286421]","[34.6, 33.1, 31.400000000000002, 40.300000000000004, 29.900000000000002, 29.3, 33.1, 36.2, 30.400000000000002, 33.7]"
ga,24,23,42.49337153238213,33.4,53.6,1.7375381990488026,5.3,12.882500000000002,22.23416666666667,9.351666666666667,True,0.0,hospital_corridor,28,12,"[11, 29, 47, 53, 61, 73, 89, 97, 101, 109]","[3.512527037952683, 4.3122534186792905, 0.9061923851819789, 0.5, 1.0]","{""time"": 1.0, ""collisions"": 0.05, ""congestion"": 1.0, ""fairness"": 0.5, ""incomplete_base"": 1000.0, ""incomplete_agent"": 10.0}","[65.84073400060662, 40.00542849631967, 36.90255102040817, 39.913507779349366, 35.980000000000004, 37.05327685681782, 43.97077262916498, 44.98536732874968, 40.05020491803279, 40.231872294372295]","[47.1, 31.700000000000003, 29.400000000000002, 30.3, 30.0, 29.3, 35.300000000000004, 37.4, 30.5, 33.0]"
