method,generation,individual_id,fitness,total_time,near_collisions,mean_congestion,peak_congestion,mean_high_time,mean_low_time,fairness_gap_time,all_evacuated,remaining_agents,layout,num_high,num_low,seed_list,params,fitness_weights,per_seed_fitnesses,per_seed_total_times
ga,0,0,1211.6762651009599,70.78,2267.1,1.005613080757952,4.8,15.55843888888889,26.09409090909091,10.53565202020202,False,1.6,hospital_corridor,28,12,"[11, 29, 47, 53, 61, 73, 89, 97, 101, 109]","[2.0, 0.5, 2.0, 0.5, 1.0]","{""time"": 1.0, ""collisions"": 0.05, ""congestion"": 1.0, ""fairness"": 1.0, ""incomplete_base"": 1000.0, ""incomplete_agent"": 10.0}","[241.21025132275133, 1222.5391666666667, 1476.393, 118.07066900379785, 145.1268115942029, 1204.6443333333334, 147.50425170068027, 1243.4911111111112, 1180.7933376623378, 136.9897186147186]","[43.2, 100.0, 100.0, 32.6, 36.800000000000004, 100.0, 49.0, 100.0, 100.0, 46.2]"
ga,0,1,1320.736600438124,100.0,10.2,0.2593,2.1,20.168743212669686,35.136043650793646,14.967300438123967,False,20.5,hospital_corridor,28,12,"[11, 29, 47, 53, 61, 73, 89, 97, 101, 109]","[1.1507188537891995, 2.14242692223678, 2.5192380997333528, 0.5, 1.0]","{""time"": 1.0, ""collisions"": 0.05, ""congestion"": 1.0, ""fairness"": 1.0, ""incomplete_base"": 1000.0, ""incomplete_agent"": 10.0}","[1289.4009743589743, 1290.6582307692308, 1342.269, 1330.6586666666667, 1319.1381666666666, 1306.7405555555556, 1331.8376666666666, 1308.9535294117647, 1358.7135, 1328.9957142857143]","[100.0, 100.0, 100.0, 100.0, 100.0, 100.0, 100.0, 100.0, 100.0, 100.0]"
ga,0,2,1102.4022296550302,66.11,256.6,0.8144374472380835,4.2,17.019707792207793,33.667500000000004,16.64779220779221,False,0.6,hospital_corridor,28,12,"[11, 29, 47, 53, 61, 73, 89, 97, 101, 109]","[1.4422240515335565, 4.097319703486127, 0.7690826600877219, 0.5, 1.0]","{""time"": 1.0, ""collisions"": 0.05, ""congestion"": 1.0, ""fairness"": 1.0, ""incomplete_base"": 1000.0, ""incomplete_agent"": 10.0}","[95.30805025593301, 1193.5543030303031, 91.00998964803313, 85.53410138248847, 92.58473834142225, 83.58004238344553, 109.53014272468377, 101.19705882352942, 87.58202764976959, 84.14184231069478]","[61.400000000000006, 100.0, 64.4, 62.0, 67.7, 57.300000000000004, 71.9, 59.5, 62.0, 54.900000000000006]"
ga,0,3,1143.685804390805,89.47999999999999,7.1,0.7679619687342785,4.5,15.430343725115467,29.51318614718615,14.082842422070687,False,3.9,hospital_corridor,28,12,"[11, 29, 47, 53, 61, 73, 89, 97, 101, 109]","[2.238372026680558, 4.210277861076507, 0.9966619002248827, 0.5, 1.0]","{""time"": 1.0, ""collisions"": 0.05, ""congestion"": 1.0, ""fairness"": 1.0, ""incomplete_base"": 1000.0, ""incomplete_agent"": 10.0}","[1144.8885, 1194.599, 70.63156213704995, 1150.3093333333334, 1165.2043188405796, 1142.8544685314685, 1148.7655944055944, 1149.3891428571428, 49.952533740769034, 1220.2635900621117]","[100.0, 100.0, 57.400000000000006, 100.0, 100.0, 100.0, 100.0, 100.0, 37.4, 100.0]"
ga,0,4,1147.7578604617615,95.69,78.4,0.5923608084358525,4.6,17.84631852849244,30.401818181818186,12.555499653325743,False,3.5,hospital_corridor,28,12,"[11, 29, 47, 53, 61, 73, 89, 97, 101, 109]","[1.5830223263243106, 1.7814559091788371, 1.0296703833714254, 0.5, 1.0]","{""time"": 1.0, ""collisions"": 0.05, ""congestion"": 1.0, ""fairness"": 1.0, ""incomplete_base"": 1000.0, ""incomplete_agent"": 10.0}","[1157.1026666666667, 1199.5776666666666, 1135.0948787878788, 1176.428090909091, 1162.1516521739131, 1152.6116363636363, 1139.4236923076924, 81.51541760816806, 1132.143185185185, 1141.529717948718]","[100.0, 100.0, 100.0, 100.0, 100.0, 100.0, 100.0, 56.900000000000006, 100.0, 100.0]"
ga,0,5,1144.2835174757902,93.63,120.4,0.533635261707989,3.9,12.611178391978392,23.711060606060606,11.099882214082214,False,3.3,hospital_corridor,28,12,"[11, 29, 47, 53, 61, 73, 89, 97, 101, 109]","[4.612161375700274, 2.8298513433062946, 2.614257074385459, 0.5, 1.0]","{""time"": 1.0, ""collisions"": 0.05, ""congestion"": 1.0, ""fairness"": 1.0, ""incomplete_base"": 1000.0, ""incomplete_agent"": 10.0}","[1162.6231666666667, 1176.8372424242425, 1145.9141328671328, 1151.7316666666666, 1172.2504848484848, 1150.728, 1161.1628333333333, 1131.3291851851852, 1130.9438720538722, 59.314590712317994]","[100.0, 100.0, 100.0, 100.0, 100.0, 100.0, 100.0, 100.0, 100.0, 36.300000000000004]"
ga,0,6,1128.3438410244914,74.32000000000001,554.6,0.8526236307740882,4.7,12.549312909312912,22.9905303030303,10.441217393717393,False,1.5,hospital_corridor,28,12,"[11, 29, 47, 53, 61, 73, 89, 97, 101, 109]","[2.7191062672107833, 1.3174475523978384, 1.1606073113115518, 0.5, 1.0]","{""time"": 1.0, ""collisions"": 0.05, ""congestion"": 1.0, ""fairness"": 1.0, ""incomplete_base"": 1000.0, ""incomplete_agent"": 10.0}","[103.05946643717729, 1180.445787878788, 1139.5113434343434, 1180.9597435897435, 1141.256128205128, 66.83831038439473, 99.32503691399042, 68.5789463817023, 1152.6094675324675, 1150.8541794871794]","[33.2, 100.0, 100.0, 100.0, 100.0, 33.2, 38.7, 38.1, 100.0, 100.0]"
ga,0,7,161.9986538044035,28.270000000000003,2476.0,1.8952014234510943,5.9,10.515714285714287,18.549166666666668,8.033452380952381,True,0.0,hospital_corridor,28,12,"[11, 29, 47, 53, 61, 73, 89, 97, 101, 109]","[4.73803023593249, 1.1263315920428538, 0.5243977092146597, 0.5, 1.0]","{""time"": 1.0, ""collisions"": 0.05, ""congestion"": 1.0, ""fairness"": 1.0, ""incomplete_base"": 1000.0, ""incomplete_agent"": 10.0}","[193.20704856199907, 183.2528776978417, 123.62655279503105, 143.43562017692454, 156.67276119402987, 127.99325396825398, 163.54166666666666, 265.91294765840223, 122.75715164294502, 139.58665768194072]","[30.3, 27.8, 27.6, 25.3, 26.8, 27.0, 28.0, 36.300000000000004, 27.1, 26.5]"
ga,0,8,1148.90792504625,94.16,283.8,0.5513326923076922,4.5,13.194165221815222,24.200757575757578,11.006592353942356,False,2.9,hospital_corridor,28,12,"[11, 29, 47, 53, 61, 73, 89, 97, 101, 109]","[3.167079272598256, 1.7622256210205882, 1.6573637334592126, 0.5, 1.0]","{""time"": 1.0, ""collisions"": 0.05, ""congestion"": 1.0, ""fairness"": 1.0, ""incomplete_base"": 1000.0, ""incomplete_agent"": 10.0}","[1175.6484615384616, 1197.088, 1152.995104895105, 1157.3888333333334, 1158.153, 1150.571, 67.88289835164835, 1143.0082592592594, 1136.4569494949494, 1149.8867435897437]","[100.0, 100.0, 100.0, 100.0, 100.0, 100.0, 41.6, 100.0, 100.0, 100.0]"
ga,0,9,1347.9542596681097,100.0,26.5,0.27690000000000003,2.9,21.010521284271285,44.362880952380955,23.35235966810967,False,22.3,hospital_corridor,28,12,"[11, 29, 47, 53, 61, 73, 89, 97, 101, 109]","[0.7454359313593804, 2.488824105095884, 0.8777509841377524, 0.5, 1.0]","{""time"": 1.0, ""collisions"": 0.05, ""congestion"": 1.0, ""fairness"": 1.0, ""incomplete_base"": 1000.0, ""incomplete_agent"": 10.0}","[1317.8746666666666, 1325.97925, 1359.0375757575757, 1408.8924444444444, 1370.069, 1339.7887272727273, 1313.8560952380953, 1354.971, 1359.371253968254, 1329.7025833333332]","[100.0, 100.0, 100.0, 100.0, 100.0, 100.0, 100.0, 100.0, 100.0, 100.0]"
ga,0,10,170.87347644660136,31.060000000000002,2576.9,1.9575240656489865,5.7,11.893214285714286,20.90416666666667,9.01095238095238,True,0.0,hospital_corridor,28,12,"[11, 29, 47, 53, 61, 73, 89, 97, 101, 109]","[3.1895979425964724, 0.1341334978128016, 1.9623846790135988, 0.5, 1.0]","{""time"": 1.0, ""collisions"": 0.05, ""congestion"": 1.0, ""fairness"": 1.0, ""incomplete_base"": 1000.0, ""incomplete_agent"": 10.0}","[208.90020498265534, 155.61296992481206, 146.7782284100081, 169.1735603543743, 153.00636288998356, 134.4011904761905, 185.43428571428572, 233.4311119978718, 164.6850117096019, 157.31183800623054]","[30.200000000000003, 30.400000000000002, 29.5, 30.1, 29.0, 28.0, 35.0, 35.800000000000004, 30.5, 32.1]"
ga,0,11,1247.1586809596406,100.0,14.3,0.3478,3.3,13.182023802264126,26.27790476190476,13.095880959640635,False,13.3,hospital_corridor,28,12,"[11, 29, 47, 53, 61, 73, 89, 97, 101, 109]","[2.942869518318439, 2.9986330365941805, 2.199328057485933, 0.5, 1.0]","{""time"": 1.0, ""collisions"": 0.05, ""congestion"": 1.0, ""fairness"": 1.0, ""incomplete_base"": 1000.0, ""incomplete_agent"": 10.0}","[1234.2098830409357, 1253.93075, 1283.3161666666667, 1260.6493333333333, 1252.6565555555555, 1202.909494949495, 1235.0125, 1250.7813333333334, 1220.6486666666667, 1277.4721260504202]","[100.0, 100.0, 100.0, 100.0, 100.0, 100.0, 100.0, 100.0, 100.0, 100.0]"
ga,0,12,1275.8433412393163,100.0,4.5,0.3029,2.6,17.778491300366298,29.093932539682545,11.31544123931624,False,16.4,hospital_corridor,28,12,"[11, 29, 47, 53, 61, 73, 89, 97, 101, 109]","[1.9278982762271233, 3.6016200871460766, 2.5015836170947727, 0.5, 1.0]","{""time"": 1.0, ""collisions"": 0.05, ""congestion"": 1.0, ""fairness"": 1.0, ""incomplete_base"": 1000.0, ""incomplete_agent"": 10.0}","[1291.7408290598291, 1252.979, 1300.0437142857143, 1259.7446666666667, 1273.93375, 1257.2025714285714, 1275.2815, 1267.7, 1288.4327142857144, 1291.3746666666666]","[100.0, 100.0, 100.0, 100.0, 100.0, 100.0, 100.0, 100.0, 100.0, 100.0]"
ga,0,13,1154.3873851592853,100.0,85.1,0.4523,3.9,12.820763325563325,23.500848484848486,10.680085159285161,False,3.9,hospital_corridor,28,12,"[11, 29, 47, 53, 61, 73, 89, 97, 101, 109]","[4.483672674735108, 2.8846932216595076, 2.8699638493725037, 0.5, 1.0]","{""time"": 1.0, ""collisions"": 0.05, ""congestion"": 1.0, ""fairness"": 1.0, ""incomplete_base"": 1000.0, ""incomplete_agent"": 10.0}","[1159.6713333333332, 1176.2688484848486, 1145.3348951048952, 1151.2448333333334, 1189.4430909090909, 1144.7093333333332, 1160.1955, 1126.0712222222223, 1150.5557692307693, 1140.3790256410257]","[100.0, 100.0, 100.0, 100.0, 100.0, 100.0, 100.0, 100.0, 100.0, 100.0]"
ga,0,14,1173.7366166995653,35.489999999999995,2542.4,1.8700582580069085,6.1,10.735714285714286,18.992272727272727,8.256558441558441,False,0.1,hospital_corridor,28,12,"[11, 29, 47, 53, 61, 73, 89, 97, 101, 109]","[4.151042440800802, 2.8996334217913677, 0.560816845473112, 0.5, 1.0]","{""time"": 1.0, ""collisions"": 0.05, ""congestion"": 1.0, ""fairness"": 1.0, ""incomplete_base"": 1000.0, ""incomplete_agent"": 10.0}","[1269.549012987013, 176.19447974919504, 146.13242447516643, 150.7526260504202, 170.15931372549022, 129.02689075630252, 189.61238977072313, 216.41082251082253, 134.75966386554623, 154.76854310497436]","[100.0, 28.1, 27.900000000000002, 27.200000000000003, 27.200000000000003, 27.200000000000003, 32.4, 30.8, 27.200000000000003, 26.900000000000002]"
ga,0,15,1096.066112630861,60.67,269.4,1.0282692575676176,4.5,12.235944505494505,22.133787878787878,9.897843373293373,False,1.1,hospital_corridor,28,12,"[11, 29, 47, 53, 61, 73, 89, 97, 101, 109]","[3.763279211958649, 1.743216378253247, 2.4246278086068296, 0.5, 1.0]","{""time"": 1.0, ""collisions"": 0.05, ""congestion"": 1.0, ""fairness"": 1.0, ""incomplete_base"": 1000.0, ""incomplete_agent"": 10.0}","[65.18205521472393, 1159.5368333333333, 1154.2406783216784, 47.10954398708637, 49.23806697753285, 1152.5296666666666, 69.52900696864111, 79.26726347531097, 1129.5007792207791, 54.527232142857144]","[32.6, 100.0, 100.0, 29.5, 33.7, 100.0, 41.0, 37.9, 100.0, 32.0]"
ga,0,16,1219.8148559173765,40.71,3328.1,1.7939251814456203,6.0,13.182857142857141,23.08878787878788,9.905930735930735,False,0.1,hospital_corridor,28,12,"[11, 29, 47, 53, 61, 73, 89, 97, 101, 109]","[2.4035837508653843, 0.22845718060392442, 0.5693459242770283, 0.5, 1.0]","{""time"": 1.0, ""collisions"": 0.05, ""congestion"": 1.0, ""fairness"": 1.0, ""incomplete_base"": 1000.0, ""incomplete_agent"": 10.0}","[1339.3925454545456, 221.4903682719547, 161.1428571428571, 218.01953528399312, 206.56620697784066, 181.9935515873016, 214.59795514511873, 257.81380952380954, 200.41330121491413, 196.71842857142857]","[100.0, 35.300000000000004, 35.0, 33.2, 30.3, 28.8, 37.9, 35.0, 34.1, 37.5]"
ga,0,17,3119.7533095238095,100.0,33717.5,0.1075,2.1,20.293607142857145,31.681,12.770809523809525,False,32.1,hospital_corridor,28,12,"[11, 29, 47, 53, 61, 73, 89, 97, 101, 109]","[0.7347583573479101, 0.4139327464398169, 0.5452201079129083, 0.5, 1.0]","{""time"": 1.0, ""collisions"": 0.05, ""congestion"": 1.0, ""fairness"": 1.0, ""incomplete_base"": 1000.0, ""incomplete_agent"": 10.0}","[2964.9067142857143, 3655.686, 2974.212666666667, 3116.6940000000004, 3267.333, 2716.5389999999998, 3045.77, 3396.075, 3213.9976666666666, 3282.465]","[100.0, 100.0, 100.0, 100.0, 100.0, 100.0, 100.0, 100.0, 100.0, 100.0]"
ga,0,18,1222.8374391400107,100.0,41.5,0.3963,3.7,14.75174758437596,25.117886724386725,10.366139140010764,False,11.0,hospital_corridor,28,12,"[11, 29, 47, 53, 61, 73, 89, 97, 101, 109]","[2.253800208522864, 2.412051929013498, 1.3214295702857177, 0.5, 1.0]","{""time"": 1.0, ""collisions"": 0.05, ""congestion"": 1.0, ""fairness"": 1.0, ""incomplete_base"": 1000.0, ""incomplete_agent"": 10.0}","[1211.49, 1261.5453116883116, 1204.9157171717172, 1225.5887543859649, 1228.6050935672515, 1213.5659545454546, 1195.3409565217391, 1190.494, 1203.1794130434782, 1293.6491904761906]","[100.0, 100.0, 100.0, 100.0, 100.0, 100.0, 100.0, 100.0, 100.0, 100.0]"
ga,0,19,1322.928088026492,100.0,1580.5,0.4022,3.8,18.31545721160318,32.81634523809524,14.50088802649206,False,12.9,hospital_corridor,28,12,"[11, 29, 47, 53, 61, 73, 89, 97, 101, 109]","[1.1593098187891075, 0.39972412362239723, 2.552508329768097, 0.5, 1.0]","{""time"": 1.0, ""collisions"": 0.05, ""congestion"": 1.0, ""fairness"": 1.0, ""incomplete_base"": 1000.0, ""incomplete_agent"": 10.0}","[1388.0896666666667, 1318.7183529411764, 1304.018783625731, 1320.9115, 1351.49475, 1321.2981111111112, 1307.087, 1299.571099378882, 1293.2686315789474, 1324.822984962406]","[100.0, 100.0, 100.0, 100.0, 100.0, 100.0, 100.0, 100.0, 100.0, 100.0]"
ga,0,20,1270.897532875458,100.0,4.3,0.3457,2.8,16.176802045177045,27.51363492063492,11.336832875457874,False,15.9,hospital_corridor,28,12,"[11, 29, 47, 53, 61, 73, 89, 97, 101, 109]","[2.797066850643607, 4.449072042169735, 2.445706263388616, 0.5, 1.0]","{""time"": 1.0, ""collisions"": 0.05, ""congestion"": 1.0, ""fairness"": 1.0, ""incomplete_base"": 1000.0, ""incomplete_agent"": 10.0}","[1251.703, 1257.88675, 1302.9017142857142, 1259.0893333333333, 1266.9108888888888, 1239.779142857143, 1254.37, 1274.208, 1309.3238241758243, 1292.8026752136752]","[100.0, 100.0, 100.0, 100.0, 100.0, 100.0, 100.0, 100.0, 100.0, 100.0]"
ga,0,21,1172.03354689187,52.410000000000004,2035.5,1.2663378971609855,5.0,14.82862433862434,25.410833333333336,10.582208994708996,False,0.6,hospital_corridor,28,12,"[11, 29, 47, 53, 61, 73, 89, 97, 101, 109]","[2.0396902059228585, 0.4447392806005792, 1.2788857922419368, 0.5, 1.0]","{""time"": 1.0, ""collisions"": 0.05, ""congestion"": 1.0, ""fairness"": 1.0, ""incomplete_base"": 1000.0, ""incomplete_agent"": 10.0}","[224.6496191675663, 1223.9516666666666, 1216.555185185185, 150.25137987012988, 146.69798020331731, 146.22439024390243, 163.96923340177963, 163.54125615763547, 148.6924772036474, 135.8022808188696]","[39.7, 100.0, 100.0, 35.2, 35.6, 41.0, 48.7, 43.5, 37.6, 42.800000000000004]"
ga,0,22,1197.8374770719618,100.0,36.8,0.39899999999999997,3.8,13.007134039149255,22.605611111111113,9.598477071961856,False,8.6,hospital_corridor,28,12,"[11, 29, 47, 53, 61, 73, 89, 97, 101, 109]","[4.745375238338404, 4.207338088151164, 1.649716720208411, 0.5, 1.0]","{""time"": 1.0, ""collisions"": 0.05, ""congestion"": 1.0, ""fairness"": 1.0, ""incomplete_base"": 1000.0, ""incomplete_agent"": 10.0}","[1198.1675454545455, 1208.563, 1221.5022142857142, 1187.1270909090908, 1186.6762727272728, 1182.3188695652175, 1184.4535, 1184.0975, 1169.0777777777778, 1256.391]","[100.0, 100.0, 100.0, 100.0, 100.0, 100.0, 100.0, 100.0, 100.0, 100.0]"
ga,0,23,1348.5365954545455,100.0,5.1,0.2523,2.2,16.7372601010101,36.76655555555556,20.029295454545455,False,22.8,hospital_corridor,28,12,"[11, 29, 47, 53, 61, 73, 89, 97, 101, 109]","[1.3231489645872114, 2.883129019269079, 2.4515457367380056, 0.5, 1.0]","{""time"": 1.0, ""collisions"": 0.05, ""congestion"": 1.0, ""fairness"": 1.0, ""incomplete_base"": 1000.0, ""incomplete_agent"": 10.0}","[1334.2036363636364, 1310.965888888889, 1358.1825, 1323.6088636363636, 1342.7165, 1320.0664545454545, 1364.0066666666667, 1347.2686666666666, 1381.117888888889, 1403.2288888888888]","[100.0, 100.0, 100.0, 100.0, 100.0, 100.0, 100.0, 100.0, 100.0, 100.0]"
ga,1,0,161.9986538044035,28.270000000000003,2476.0,1.8952014234510943,5.9,10.515714285714287,18.549166666666668,8.033452380952381,True,0.0,hospital_corridor,28,12,"[11, 29, 47, 53, 61, 73, 89, 97, 101, 109]","[4.73803023593249, 1.1263315920428538, 0.5243977092146597, 0.5, 1.0]","{""time"": 1.0, ""collisions"": 0.05, ""congestion"": 1.0, ""fairness"": 1.0, ""incomplete_base"": 1000.0, ""incomplete_agent"": 10.0}","[193.20704856199907, 183.2528776978417, 123.62655279503105, 143.43562017692454, 156.67276119402987, 127.99325396825398, 163.54166666666666, 265.91294765840223, 122.75715164294502, 139.58665768194072]","[30.3, 27.8, 27.6, 25.3, 26.8, 27.0, 28.0, 36.300000000000004, 27.1, 26.5]"
ga,1,1,170.87347644660136,31.060000000000002,2576.9,1.9575240656489865,5.7,11.893214285714286,20.90416666666667,9.01095238095238,True,0.0,hospital_corridor,28,12,"[11, 29, 47, 53, 61, 73, 89, 97, 101, 109]","[3.1895979425964724, 0.1341334978128016, 1.9623846790135988, 0.5, 1.0]","{""time"": 1.0, ""collisions"": 0.05, ""congestion"": 1.0, ""fairness"": 1.0, ""incomplete_base"": 1000.0, ""incomplete_agent"": 10.0}","[208.90020498265534, 155.61296992481206, 146.7782284100081, 169.1735603543743, 153.00636288998356, 134.4011904761905, 185.43428571428572, 233.4311119978718, 164.6850117096019, 157.31183800623054]","[30.200000000000003, 30.400000000000002, 29.5, 30.1, 29.0, 28.0, 35.0, 35.800000000000004, 30.5, 32.1]"
ga,1,2,225.91536770464117,36.46,3534.3,1.9013200855935133,6.1,13.739285714285714,24.578333333333337,10.83904761904762,True,0.0,hospital_corridor,28,12,"[11, 29, 47, 53, 61, 73, 89, 97, 101, 109]","[2.154030226421045, 2.782261005013337, 0.6269156513515889, 0.5, 1.0]","{""time"": 1.0, ""collisions"": 0.05, ""congestion"": 1.0, ""fairness"": 1.0, ""incomplete_base"": 1000.0, ""incomplete_agent"": 10.0}","[257.99457671957674, 220.53452380952382, 184.24536749482402, 239.81851486450932, 233.38769841269843, 166.6448051948052, 238.96197654941375, 301.9995614035088, 223.29027415143605, 192.2763784461153]","[32.4, 33.300000000000004, 36.800000000000004, 36.2, 31.5, 30.8, 39.800000000000004, 45.6, 38.300000000000004, 39.900000000000006]"
ga,1,3,1091.655992427033,36.58,806.9,1.643670998461498,5.2,11.035178571428572,20.122500000000002,9.087321428571428,False,0.4,hospital_corridor,28,12,"[11, 29, 47, 53, 61, 73, 89, 97, 101, 109]","[4.010392313190455, 1.4348199691758696, 1.0945085054330748, 0.5, 1.0]","{""time"": 1.0, ""collisions"": 0.05, ""congestion"": 1.0, ""fairness"": 1.0, ""incomplete_base"": 1000.0, ""incomplete_agent"": 10.0}","[163.51815476190478, 1173.5371666666667, 62.346399535423934, 93.7138232271326, 54.87172111165285, 62.95068389057751, 85.3423297166968, 85.3015639589169, 71.92935397935398, 63.048727422003296]","[32.0, 100.0, 28.700000000000003, 27.8, 29.3, 28.200000000000003, 31.6, 30.6, 28.6, 29.0]"
ga,1,4,85.71069030977786,29.189999999999998,913.7,1.9040236431111908,5.5,11.267500000000002,20.199166666666667,8.931666666666667,True,0.0,hospital_corridor,28,12,"[11, 29, 47, 53, 61, 73, 89, 97, 101, 109]","[3.64651352770027, 4.163750779651802, 0.7353373179158156, 0.5, 1.0]","{""time"": 1.0, ""collisions"": 0.05, ""congestion"": 1.0, ""fairness"": 1.0, ""incomplete_base"": 1000.0, ""incomplete_agent"": 10.0}","[116.6254144319844, 73.8150684931507, 91.8638888888889, 107.71976827520307, 73.8828417032342, 64.48155196385123, 94.58937613019891, 91.86605171870073, 73.62215821812596, 68.64078327444052]","[29.3, 29.200000000000003, 28.8, 29.900000000000002, 29.3, 27.400000000000002, 31.6, 30.200000000000003, 27.900000000000002, 28.3]"
ga,1,5,143.98523360915698,29.74,2076.7,1.9103526567760423,5.2,11.346785714285716,19.846666666666668,8.499880952380954,True,0.0,hospital_corridor,28,12,"[11, 29, 47, 53, 61, 73, 89, 97, 101, 109]","[3.5024454615035188, 0.2720444891032858, 1.4837253265696237, 0.5, 1.0]","{""time"": 1.0, ""collisions"": 0.05, ""congestion"": 1.0, ""fairness"": 1.0, ""incomplete_base"": 1000.0, ""incomplete_agent"": 10.0}","[214.6715819456617, 141.6067434465643, 130.67070941004388, 116.66520146520148, 129.290376984127, 115.68571428571428, 160.49083557951482, 144.38809523809525, 160.3151053864169, 126.06797235023043]","[32.6, 30.700000000000003, 29.3, 27.3, 28.8, 28.0, 31.8, 30.5, 30.5, 27.900000000000002]"
ga,1,6,1079.8549365063066,36.160000000000004,584.0,1.5620793634494101,4.8,10.598809523809525,19.531666666666666,8.932857142857143,False,0.4,hospital_corridor,28,12,"[11, 29, 47, 53, 61, 73, 89, 97, 101, 109]","[4.498479888006749, 1.6002406201777268, 1.2400347305785575, 0.5, 1.0]","{""time"": 1.0, ""collisions"": 0.05, ""congestion"": 1.0, ""fairness"": 1.0, ""incomplete_base"": 1000.0, ""incomplete_agent"": 10.0}","[92.67314169570268, 1171.331, 59.54185814185815, 68.13837535014007, 57.2449013949014, 66.04007092198582, 74.23791610688163, 78.30189122471731, 72.30182763246142, 58.73838259441708]","[28.700000000000003, 100.0, 28.6, 27.200000000000003, 29.700000000000003, 28.200000000000003, 31.900000000000002, 29.900000000000002, 28.400000000000002, 29.0]"
ga,1,7,1098.8481842712445,66.5,188.6,0.970470233430501,4.4,12.095392022792023,22.04310606060606,9.947714037814038,False,1.2,hospital_corridor,28,12,"[11, 29, 47, 53, 61, 73, 89, 97, 101, 109]","[4.723223022660849, 2.4107841935246346, 2.513858935974132, 0.5, 1.0]","{""time"": 1.0, ""collisions"": 0.05, ""congestion"": 1.0, ""fairness"": 1.0, ""incomplete_base"": 1000.0, ""incomplete_agent"": 10.0}","[69.51878306878308, 1157.0796666666668, 1147.9157902097902, 44.05798391028766, 42.96339182731916, 1148.3333333333333, 59.734875097580016, 1138.8365925925925, 1123.7146623376623, 56.32676366843034]","[37.800000000000004, 100.0, 100.0, 29.3, 28.900000000000002, 100.0, 36.6, 100.0, 100.0, 32.4]"
ga,1,8,66.49905629663208,46.49,107.4,1.2256039156796996,4.8,15.075714285714287,28.489166666666666,13.413452380952382,True,0.0,hospital_corridor,28,12,"[11, 29, 47, 53, 61, 73, 89, 97, 101, 109]","[1.756008630191861, 3.5936454480654327, 0.8081410450901902, 0.5, 1.0]","{""time"": 1.0, ""collisions"": 0.05, ""congestion"": 1.0, ""fairness"": 1.0, ""incomplete_base"": 1000.0, ""incomplete_agent"": 10.0}","[63.99612389979689, 62.28885206054579, 64.56186635944701, 59.89659197012139, 55.799610171524535, 73.27025827280065, 82.54262883235486, 68.55098039215686, 63.50391156462585, 70.57973944294699]","[42.2, 43.1, 46.5, 45.900000000000006, 39.7, 53.1, 58.400000000000006, 44.2, 44.1, 47.7]"
ga,1,9,1123.054880005041,74.11999999999999,324.8,0.8481045582656733,4.5,12.059815462315465,21.906590909090912,9.846775446775446,False,2.2,hospital_corridor,28,12,"[11, 29, 47, 53, 61, 73, 89, 97, 101, 109]","[3.144689710330268, 1.8211218078185327, 1.1215489263090834, 0.5, 1.0]","{""time"": 1.0, ""collisions"": 0.05, ""congestion"": 1.0, ""fairness"": 1.0, ""incomplete_base"": 1000.0, ""incomplete_agent"": 10.0}","[1171.9225128205128, 1177.4087272727272, 1135.2543535353534, 1186.1878787878788, 1151.43, 58.47804590304591, 67.38469212877953, 81.83668014375564, 59.15362740707569, 1141.492282051282]","[100.0, 100.0, 100.0, 100.0, 100.0, 33.300000000000004, 38.900000000000006, 37.1, 31.900000000000002, 100.0]"
ga,1,10,1264.922730280246,100.0,45.3,0.35280000000000006,3.5,13.533193817878029,24.8381240981241,11.304930280246072,False,15.1,hospital_corridor,28,12,"[11, 29, 47, 53, 61, 73, 89, 97, 101, 109]","[1.927935847721207, 2.1943282709399643, 1.4381314296088465, 0.5, 1.0]","{""time"": 1.0, ""collisions"": 0.05, ""congestion"": 1.0, ""fairness"": 1.0, ""incomplete_base"": 1000.0, ""incomplete_agent"": 10.0}","[1235.1936666666666, 1262.3615584415584, 1304.3025, 1271.5675714285715, 1273.132, 1245.420605263158, 1245.355, 1269.6882105263157, 1238.556857142857, 1303.6493333333333]","[100.0, 100.0, 100.0, 100.0, 100.0, 100.0, 100.0, 100.0, 100.0, 100.0]"
ga,1,11,1144.7504323014668,91.56,262.4,0.5450399808245445,4.3,14.090971315721315,25.616363636363637,11.525392320642322,False,2.8,hospital_corridor,28,12,"[11, 29, 47, 53, 61, 73, 89, 97, 101, 109]","[2.82216575120136, 1.7702207940568355, 1.3514579537024631, 0.5, 1.0]","{""time"": 1.0, ""collisions"": 0.05, ""congestion"": 1.0, ""fairness"": 1.0, ""incomplete_base"": 1000.0, ""incomplete_agent"": 10.0}","[1171.813153846154, 1200.5593333333334, 1141.461569023569, 1152.9776666666667, 1182.0891515151516, 1130.7031851851852, 90.51711409395973, 82.00833333333333, 1131.7636493506493, 1163.6111666666666]","[100.0, 100.0, 100.0, 100.0, 100.0, 100.0, 59.6, 56.0, 100.0, 100.0]"
ga,1,12,1223.362001814401,47.019999999999996,3169.9,1.560335147734517,5.6,14.205000000000002,26.491666666666667,12.286666666666665,False,0.4,hospital_corridor,28,12,"[11, 29, 47, 53, 61, 73, 89, 97, 101, 109]","[2.0396902059228585, 0.14870122705268563, 1.2788857922419368, 0.5, 1.0]","{""time"": 1.0, ""collisions"": 0.05, ""congestion"": 1.0, ""fairness"": 1.0, ""incomplete_base"": 1000.0, ""incomplete_agent"": 10.0}","[442.1140084801044, 1272.0083333333332, 158.16115321460148, 200.61001574183393, 188.54913512413515, 170.2922305764411, 191.0660284463895, 243.2422619047619, 177.8758616153644, 189.70098970704672]","[51.1, 100.0, 37.7, 36.300000000000004, 35.1, 38.0, 45.7, 48.0, 36.2, 42.1]"
ga,1,13,1219.8148559173765,40.71,3328.1,1.7939251814456203,6.0,13.182857142857141,23.08878787878788,9.905930735930735,False,0.1,hospital_corridor,28,12,"[11, 29, 47, 53, 61, 73, 89, 97, 101, 109]","[2.4035837508653843, 0.22845718060392442, 0.5693459242770283, 0.5, 1.0]","{""time"": 1.0, ""collisions"": 0.05, ""congestion"": 1.0, ""fairness"": 1.0, ""incomplete_base"": 1000.0, ""incomplete_agent"": 10.0}","[1339.3925454545456, 221.4903682719547, 161.1428571428571, 218.01953528399312, 206.56620697784066, 181.9935515873016, 214.59795514511873, 257.81380952380954, 200.41330121491413, 196.71842857142857]","[100.0, 35.300000000000004, 35.0, 33.2, 30.3, 28.8, 37.9, 35.0, 34.1, 37.5]"
ga,1,14,1309.4410560863973,100.0,5.1,0.46159999999999995,2.7,16.8874486755075,28.611904761904764,11.724456086397264,False,19.7,hospital_corridor,28,12,"[11, 29, 47, 53, 61, 73, 89, 97, 101, 109]","[1.772276899677658, 3.0747799440333665, 1.9309489218305014, 0.5, 1.0]","{""time"": 1.0, ""collisions"": 0.05, ""congestion"": 1.0, ""fairness"": 1.0, ""incomplete_base"": 1000.0, ""incomplete_agent"": 10.0}","[1320.9552727272728, 1304.1515714285715, 1340.746090909091, 1300.5447142857142, 1334.046, 1296.019761904762, 1253.2172222222223, 1289.5095098039214, 1308.8754175824176, 1346.345]","[100.0, 100.0, 100.0, 100.0, 100.0, 100.0, 100.0, 100.0, 100.0, 100.0]"
ga,1,15,1224.581490197642,100.0,16.7,0.3559,3.8,13.059975458923603,22.450565656565658,9.390590197642055,False,11.4,hospital_corridor,28,12,"[11, 29, 47, 53, 61, 73, 89, 97, 101, 109]","[4.153619826591006, 3.907232981112268, 2.053933772459575, 0.5, 1.0]","{""time"": 1.0, ""collisions"": 0.05, ""congestion"": 1.0, ""fairness"": 1.0, ""incomplete_base"": 1000.0, ""incomplete_agent"": 10.0}","[1212.8783349282296, 1231.689111111111, 1240.188894736842, 1206.0, 1207.5308412698412, 1203.049282828283, 1246.3149090909092, 1243.1887142857142, 1171.2245, 1283.7503137254903]","[100.0, 100.0, 100.0, 100.0, 100.0, 100.0, 100.0, 100.0, 100.0, 100.0]"
ga,1,16,156.3586044536794,27.929999999999996,2373.2,1.9286044536793967,5.9,10.4175,18.2575,7.840000000000001,True,0.0,hospital_corridor,28,12,"[11, 29, 47, 53, 61, 73, 89, 97, 101, 109]","[4.73803023593249, 1.428427133693315, 0.5243977092146597, 0.5, 1.0]","{""time"": 1.0, ""collisions"": 0.05, ""congestion"": 1.0, ""fairness"": 1.0, ""incomplete_base"": 1000.0, ""incomplete_agent"": 10.0}","[194.01726779820842, 167.46204696895822, 128.06009316770187, 143.50486071899115, 157.16998933901922, 124.31851851851854, 163.60714285714286, 227.40168334849864, 122.0353672465296, 136.00907457322552]","[30.3, 29.3, 27.6, 25.3, 26.8, 27.0, 28.0, 31.400000000000002, 27.1, 26.5]"
ga,1,17,160.55797942847298,28.190000000000005,2450.4,1.9386937141872598,5.6,10.590714285714288,18.500000000000004,7.909285714285716,True,0.0,hospital_corridor,28,12,"[11, 29, 47, 53, 61, 73, 89, 97, 101, 109]","[4.49196660214782, 1.1263315920428538, 0.5243977092146597, 0.5, 1.0]","{""time"": 1.0, ""collisions"": 0.05, ""congestion"": 1.0, ""fairness"": 1.0, ""incomplete_base"": 1000.0, ""incomplete_agent"": 10.0}","[204.59264246682278, 180.64873271889402, 137.12303014731074, 151.20145502645502, 170.3921957671958, 127.12511860832893, 172.70400504572692, 192.89360566969262, 120.45560224089637, 148.44340659340662]","[30.5, 27.900000000000002, 27.8, 27.0, 27.0, 27.1, 30.200000000000003, 29.900000000000002, 27.200000000000003, 27.3]"
ga,1,18,1159.1023120477596,88.66999999999999,11.0,0.6636374719329384,4.2,15.033344904692735,29.252019480519483,14.21867457582675,False,5.5,hospital_corridor,28,12,"[11, 29, 47, 53, 61, 73, 89, 97, 101, 109]","[2.055329041205865, 3.7211345394341793, 1.0274768934401244, 0.5, 1.0]","{""time"": 1.0, ""collisions"": 0.05, ""congestion"": 1.0, ""fairness"": 1.0, ""incomplete_base"": 1000.0, ""incomplete_agent"": 10.0}","[1133.5756923076924, 1234.098888888889, 1143.0885244755245, 1162.3463043478262, 1212.6357727272728, 61.6424817443176, 1185.33, 1175.6215370370371, 54.47617868929751, 1228.2077402597401]","[100.0, 100.0, 100.0, 100.0, 100.0, 46.300000000000004, 100.0, 100.0, 40.400000000000006, 100.0]"
ga,1,19,1189.709690269241,100.0,31.7,0.4574,3.9,18.227277912577147,36.89456818181818,18.66729026924104,False,6.9,hospital_corridor,28,12,"[11, 29, 47, 53, 61, 73, 89, 97, 101, 109]","[1.4355443519969224, 2.2705992308211647, 0.9988553901561836, 0.5, 1.0]","{""time"": 1.0, ""collisions"": 0.05, ""congestion"": 1.0, ""fairness"": 1.0, ""incomplete_base"": 1000.0, ""incomplete_agent"": 10.0}","[1174.448, 1248.7468235294118, 1153.3814055944056, 1195.2918917748918, 1189.2992727272726, 1195.975695652174, 1171.589, 1149.5697142857143, 1137.4054814814815, 1281.389617647059]","[100.0, 100.0, 100.0, 100.0, 100.0, 100.0, 100.0, 100.0, 100.0, 100.0]"
ga,1,20,1094.379365875889,43.99999999999999,696.5,1.3797627012858737,4.8,10.747896825396825,19.9225,9.174603174603174,False,0.5,hospital_corridor,28,12,"[11, 29, 47, 53, 61, 73, 89, 97, 101, 109]","[4.262838961033356, 1.2275222423427947, 1.6489739382556041, 0.5, 1.0]","{""time"": 1.0, ""collisions"": 0.05, ""congestion"": 1.0, ""fairness"": 1.0, ""incomplete_base"": 1000.0, ""incomplete_agent"": 10.0}","[106.9466777408638, 1173.8716666666667, 1146.3972222222221, 69.20095948827291, 64.50208522899607, 69.30923876592891, 73.70227272727273, 99.97091407540934, 74.26768707482994, 65.62493476842792]","[30.1, 100.0, 100.0, 26.8, 31.400000000000002, 28.400000000000002, 33.0, 31.700000000000003, 29.400000000000002, 29.200000000000003]"
ga,1,21,1110.5556748254894,37.17,1176.8,1.5388891112038057,5.2,10.714880952380955,19.72166666666667,9.006785714285716,False,0.4,hospital_corridor,28,12,"[11, 29, 47, 53, 61, 73, 89, 97, 101, 109]","[3.7608868620496057, 0.649827633723254, 2.3115780030518516, 0.5, 1.0]","{""time"": 1.0, ""collisions"": 0.05, ""congestion"": 1.0, ""fairness"": 1.0, ""incomplete_base"": 1000.0, ""incomplete_agent"": 10.0}","[130.6314317673378, 1189.7373333333333, 89.34610532954903, 97.19945999018165, 80.0279623477298, 90.46384711779449, 97.33102802994108, 145.8426351896691, 95.85921115921117, 89.1177339901478]","[29.8, 100.0, 30.200000000000003, 29.1, 30.1, 28.5, 29.900000000000002, 35.4, 29.700000000000003, 29.0]"
ga,1,22,67.34508811732785,28.589999999999996,563.0,1.7734214506611898,5.4,10.5375,19.369166666666665,8.831666666666667,True,0.0,hospital_corridor,28,12,"[11, 29, 47, 53, 61, 73, 89, 97, 101, 109]","[4.085651262481249, 2.3670120378368975, 0.7872506528817746, 0.5, 1.0]","{""time"": 1.0, ""collisions"": 0.05, ""congestion"": 1.0, ""fairness"": 1.0, ""incomplete_base"": 1000.0, ""incomplete_agent"": 10.0}","[109.55744739756366, 66.04513511286868, 54.222677119628344, 68.06024863820068, 58.61626984126983, 50.86778711484594, 69.31594684385382, 78.48251038670503, 60.56602564102564, 57.716833077316956]","[30.1, 28.900000000000002, 28.700000000000003, 27.1, 28.8, 27.200000000000003, 30.1, 29.8, 27.3, 27.900000000000002]"
ga,1,23,1065.336137637784,40.95,244.9,1.456428643075098,5.1,12.933624338624337,22.618333333333332,9.684708994708995,False,0.1,hospital_corridor,28,12,"[11, 29, 47, 53, 61, 73, 89, 97, 101, 109]","[2.5245640884383778, 1.8500689363523086, 0.934173503902889, 0.5, 1.0]","{""time"": 1.0, ""collisions"": 0.05, ""congestion"": 1.0, ""fairness"": 1.0, ""incomplete_base"": 1000.0, ""incomplete_agent"": 10.0}","[79.79334975369459, 45.742805383022784, 48.34096532872968, 52.89403973509934, 39.21770186335404, 1139.0208518518518, 63.28161630036631, 60.50680641821947, 62.14795152295153, 62.41528822055139]","[34.800000000000004, 32.2, 33.1, 30.200000000000003, 27.6, 100.0, 41.6, 36.800000000000004, 33.300000000000004, 39.900000000000006]"
ga,2,0,66.49905629663208,46.49,107.4,1.2256039156796996,4.8,15.075714285714287,28.489166666666666,13.413452380952382,True,0.0,hospital_corridor,28,12,"[11, 29, 47, 53, 61, 73, 89, 97, 101, 109]","[1.756008630191861, 3.5936454480654327, 0.8081410450901902, 0.5, 1.0]","{""time"": 1.0, ""collisions"": 0.05, ""congestion"": 1.0, ""fairness"": 1.0, ""incomplete_base"": 1000.0, ""incomplete_agent"": 10.0}","[63.99612389979689, 62.28885206054579, 64.56186635944701, 59.89659197012139, 55.799610171524535, 73.27025827280065, 82.54262883235486, 68.55098039215686, 63.50391156462585, 70.57973944294699]","[42.2, 43.1, 46.5, 45.900000000000006, 39.7, 53.1, 58.400000000000006, 44.2, 44.1, 47.7]"
ga,2,1,67.34508811732785,28.589999999999996,563.0,1.7734214506611898,5.4,10.5375,19.369166666666665,8.831666666666667,True,0.0,hospital_corridor,28,12,"[11, 29, 47, 53, 61, 73, 89, 97, 101, 109]","[4.085651262481249, 2.3670120378368975, 0.7872506528817746, 0.5, 1.0]","{""time"": 1.0, ""collisions"": 0.05, ""congestion"": 1.0, ""fairness"": 1.0, ""incomplete_base"": 1000.0, ""incomplete_agent"": 10.0}","[109.55744739756366, 66.04513511286868, 54.222677119628344, 68.06024863820068, 58.61626984126983, 50.86778711484594, 69.31594684385382, 78.48251038670503, 60.56602564102564, 57.716833077316956]","[30.1, 28.900000000000002, 28.700000000000003, 27.1, 28.8, 27.200000000000003, 30.1, 29.8, 27.3, 27.900000000000002]"
ga,2,2,143.20756129566934,28.630000000000006,2081.7,1.9867279623359972,5.8,10.865,19.37083333333333,8.505833333333335,True,0.0,hospital_corridor,28,12,"[11, 29, 47, 53, 61, 73, 89, 97, 101, 109]","[4.264218791022916, 2.0394576589665436, 0.7111883288453449, 0.5, 1.0]","{""time"": 1.0, ""collisions"": 0.05, ""congestion"": 1.0, ""fairness"": 1.0, ""incomplete_base"": 1000.0, ""incomplete_agent"": 10.0}","[331.8746689208227, 126.28435960591135, 93.71196741854638, 134.41734234234235, 127.42224782386073, 102.44611344537816, 161.35684214862417, 141.68997643425973, 102.5858893557423, 110.28620546120545]","[33.800000000000004, 29.0, 28.5, 25.900000000000002, 27.900000000000002, 27.200000000000003, 28.900000000000002, 29.3, 27.200000000000003, 28.6]"
ga,2,3,161.1537991088972,27.7,2473.2,1.9905848231829146,6.4,10.584285714285716,18.387500000000003,7.803214285714287,True,0.0,hospital_corridor,28,12,"[11, 29, 47, 53, 61, 73, 89, 97, 101, 109]","[4.559462707390822, 1.7559815125636689, 0.6004600332510894, 0.5, 1.0]","{""time"": 1.0, ""collisions"": 0.05, ""congestion"": 1.0, ""fairness"": 1.0, ""incomplete_base"": 1000.0, ""incomplete_agent"": 10.0}","[247.26983082706766, 169.73320532514083, 131.7615566443184, 139.24604424446946, 172.2318286422376, 136.15236777367772, 165.10005807200932, 178.95999673842138, 127.81154893691794, 143.27155388471178]","[30.400000000000002, 27.900000000000002, 27.700000000000003, 25.400000000000002, 26.900000000000002, 27.1, 28.700000000000003, 29.200000000000003, 27.1, 26.6]"
ga,2,4,1099.7647952373247,53.35,555.7,1.175449629229145,4.7,11.737548331298331,21.19189393939394,9.45434560809561,False,0.8,hospital_corridor,28,12,"[11, 29, 47, 53, 61, 73, 89, 97, 101, 109]","[3.579342800980603, 1.4006982941133523, 1.4587040398314837, 0.5, 1.0]","{""time"": 1.0, ""collisions"": 0.05, ""congestion"": 1.0, ""fairness"": 1.0, ""incomplete_base"": 1000.0, ""incomplete_agent"": 10.0}","[119.23358747993582, 1165.2345, 1155.5175804195803, 58.38864855801476, 63.36365486365487, 1145.1365185185184, 79.19584942084941, 81.00027056277057, 72.31190476190477, 58.26543778801843]","[35.6, 100.0, 100.0, 28.400000000000002, 35.1, 100.0, 37.0, 35.2, 31.200000000000003, 31.0]"
ga,2,5,95.62773356101411,28.400000000000006,1131.6,1.7945192752998138,5.5,10.524285714285714,19.377500000000005,8.853214285714287,True,0.0,hospital_corridor,28,12,"[11, 29, 47, 53, 61, 73, 89, 97, 101, 109]","[4.008753923004164, 1.238358232826831, 0.8122719396199148, 0.5, 1.0]","{""time"": 1.0, ""collisions"": 0.05, ""congestion"": 1.0, ""fairness"": 1.0, ""incomplete_base"": 1000.0, ""incomplete_agent"": 10.0}","[127.080275113579, 124.77728034875923, 70.76800804828974, 91.93766720171216, 75.63446862188586, 71.68186274509804, 102.98119047619048, 105.73193581780541, 107.90897435897436, 77.77567287784679]","[28.3, 28.400000000000002, 28.400000000000002, 26.700000000000003, 30.200000000000003, 27.200000000000003, 30.0, 29.900000000000002, 27.3, 27.6]"
ga,2,6,1079.3399525188067,36.33,573.8,1.539595375949613,5.0,10.616309523809525,19.396666666666665,8.780357142857145,False,0.4,hospital_corridor,28,12,"[11, 29, 47, 53, 61, 73, 89, 97, 101, 109]","[4.498479888006749, 1.6002406201777268, 1.2621449048794617, 0.5, 1.0]","{""time"": 1.0, ""collisions"": 0.05, ""congestion"": 1.0, ""fairness"": 1.0, ""incomplete_base"": 1000.0, ""incomplete_agent"": 10.0}","[90.42589285714287, 1171.4106666666667, 56.68843656343657, 68.7257852077001, 55.355537098560355, 64.59222336416582, 72.72661725067385, 76.36894512771995, 71.95331010452962, 65.15211094747178]","[28.8, 100.0, 28.6, 28.200000000000003, 30.1, 27.8, 31.8, 30.200000000000003, 28.700000000000003, 29.1]"
ga,2,7,1079.8549365063066,36.160000000000004,584.0,1.5620793634494101,4.8,10.598809523809525,19.531666666666666,8.932857142857143,False,0.4,hospital_corridor,28,12,"[11, 29, 47, 53, 61, 73, 89, 97, 101, 109]","[4.498479888006749, 1.6002406201777268, 1.2400347305785575, 0.5, 1.0]","{""time"": 1.0, ""collisions"": 0.05, ""congestion"": 1.0, ""fairness"": 1.0, ""incomplete_base"": 1000.0, ""incomplete_agent"": 10.0}","[92.67314169570268, 1171.331, 59.54185814185815, 68.13837535014007, 57.2449013949014, 66.04007092198582, 74.23791610688163, 78.30189122471731, 72.30182763246142, 58.73838259441708]","[28.700000000000003, 100.0, 28.6, 27.200000000000003, 29.700000000000003, 28.200000000000003, 31.900000000000002, 29.900000000000002, 28.400000000000002, 29.0]"
ga,2,8,170.8189060161276,28.669999999999998,2639.7,2.006644111365732,6.0,10.983571428571429,19.140833333333333,8.157261904761905,True,0.0,hospital_corridor,28,12,"[11, 29, 47, 53, 61, 73, 89, 97, 101, 109]","[4.115519051790604, 1.8234441528739875, 0.6457969690559111, 0.5, 1.0]","{""time"": 1.0, ""collisions"": 0.05, ""congestion"": 1.0, ""fairness"": 1.0, ""incomplete_base"": 1000.0, ""incomplete_agent"": 10.0}","[237.9043829428878, 176.4513429927131, 144.2047619047619, 149.89460784313724, 175.40721288515408, 133.03487394957983, 175.23858024691359, 231.98677078548462, 134.60199579831934, 149.46453081232494]","[31.1, 28.1, 28.0, 27.200000000000003, 27.200000000000003, 27.200000000000003, 32.4, 31.1, 27.200000000000003, 27.200000000000003]"
ga,2,9,186.20828237687974,29.6,2921.8,2.008758567355933,5.9,11.459642857142859,19.969166666666666,8.50952380952381,True,0.0,hospital_corridor,28,12,"[11, 29, 47, 53, 61, 73, 89, 97, 101, 109]","[3.4809017038285566, 1.6698994770057638, 0.6658513930405232, 0.5, 1.0]","{""time"": 1.0, ""collisions"": 0.05, ""congestion"": 1.0, ""fairness"": 1.0, ""incomplete_base"": 1000.0, ""incomplete_agent"": 10.0}","[216.45573260073263, 191.25996503496506, 149.24120046620047, 190.4812706270627, 194.91071428571428, 149.51787878787877, 204.46891655744867, 226.61382783882786, 155.11187180754655, 184.02144576242048]","[32.5, 28.6, 28.6, 30.3, 28.0, 27.5, 32.7, 31.200000000000003, 28.900000000000002, 27.700000000000003]"
ga,2,10,58.30170969137224,31.060000000000002,330.0,1.8815906437531844,5.8,11.983214285714286,20.843333333333334,8.860119047619047,True,0.0,hospital_corridor,28,12,"[11, 29, 47, 53, 61, 73, 89, 97, 101, 109]","[3.956032049352011, 3.0514347770335943, 0.8672159363492054, 0.5, 1.0]","{""time"": 1.0, ""collisions"": 0.05, ""congestion"": 1.0, ""fairness"": 1.0, ""incomplete_base"": 1000.0, ""incomplete_agent"": 10.0}","[88.64095655806183, 64.28923536181846, 51.94484126984127, 78.67898042652644, 42.44227388942154, 44.09335637480799, 51.67291208791209, 57.53383534136546, 52.792223364165814, 50.92848223980146]","[34.2, 33.1, 28.8, 32.6, 29.8, 27.900000000000002, 32.5, 33.2, 27.8, 30.700000000000003]"
ga,2,11,56.09865456772196,31.3,279.6,1.7700831391505283,5.3,12.061428571428573,21.110000000000003,9.04857142857143,True,0.0,hospital_corridor,28,12,"[11, 29, 47, 53, 61, 73, 89, 97, 101, 109]","[3.700873791538714, 2.547135971794077, 0.962629886999685, 0.5, 1.0]","{""time"": 1.0, ""collisions"": 0.05, ""congestion"": 1.0, ""fairness"": 1.0, ""incomplete_base"": 1000.0, ""incomplete_agent"": 10.0}","[83.38277962347729, 43.53399122807018, 40.84774220032841, 49.22380952380952, 44.166020984665046, 65.29688644688645, 65.41774205150338, 53.79500710732054, 58.46022884882108, 56.862337662337666]","[34.4, 30.400000000000002, 29.0, 28.0, 29.5, 31.200000000000003, 33.1, 33.5, 30.900000000000002, 33.0]"
ga,2,12,1086.524564142292,43.86,498.3,1.453790934018961,4.9,11.281726791726792,20.5775,9.295773208273207,False,0.7,hospital_corridor,28,12,"[11, 29, 47, 53, 61, 73, 89, 97, 101, 109]","[4.15313988129785, 1.9218561389663185, 1.1265243328248182, 0.5, 1.0]","{""time"": 1.0, ""collisions"": 0.05, ""congestion"": 1.0, ""fairness"": 1.0, ""incomplete_base"": 1000.0, ""incomplete_agent"": 10.0}","[94.53211068211068, 1181.4541818181817, 1126.0820740740742, 66.73919413919414, 54.554606793857616, 63.00665024630542, 77.79578754578755, 81.03145161290323, 63.847309197651676, 56.20227531285551]","[29.6, 100.0, 100.0, 27.3, 30.700000000000003, 29.0, 32.5, 31.0, 29.200000000000003, 29.3]"
ga,2,13,68.71978914969819,28.72,590.7,1.7669320068410475,5.6,10.794642857142858,19.4925,8.697857142857144,True,0.0,hospital_corridor,28,12,"[11, 29, 47, 53, 61, 73, 89, 97, 101, 109]","[4.430991269190147, 2.045396519048306, 0.9007610506355139, 0.5, 1.0]","{""time"": 1.0, ""collisions"": 0.05, ""congestion"": 1.0, ""fairness"": 1.0, ""incomplete_base"": 1000.0, ""incomplete_agent"": 10.0}","[99.1125862359078, 59.28670634920635, 46.94862637362638, 70.25851648351647, 62.44401544401545, 55.35054112554113, 74.9468253968254, 92.2651278517838, 68.11428571428571, 58.47066052227343]","[28.3, 28.8, 28.6, 27.3, 29.6, 27.5, 30.6, 31.1, 27.5, 27.900000000000002]"
ga,2,14,1138.4019104882236,87.46000000000001,254.8,0.6481259949390384,4.3,12.193488233988234,22.74727272727273,10.553784493284494,False,2.7,hospital_corridor,28,12,"[11, 29, 47, 53, 61, 73, 89, 97, 101, 109]","[4.285240626641399, 2.53257114939516, 1.43230544244812, 0.5, 1.0]","{""time"": 1.0, ""collisions"": 0.05, ""congestion"": 1.0, ""fairness"": 1.0, ""incomplete_base"": 1000.0, ""incomplete_agent"": 10.0}","[1158.3028205128205, 1195.2366666666667, 1143.823979020979, 1169.6546666666668, 1178.5932727272727, 1129.6965555555555, 63.82639751552796, 67.32314814814815, 1134.4446493506493, 1143.1169487179486]","[100.0, 100.0, 100.0, 100.0, 100.0, 100.0, 36.800000000000004, 37.800000000000004, 100.0, 100.0]"
ga,2,15,78.80492181412772,28.23,800.4,1.8428980046039058,5.6,10.407142857142858,19.11916666666667,8.71202380952381,True,0.0,hospital_corridor,28,12,"[11, 29, 47, 53, 61, 73, 89, 97, 101, 109]","[4.650539282051745, 1.9359028090575536, 0.825059882872701, 0.5, 1.0]","{""time"": 1.0, ""collisions"": 0.05, ""congestion"": 1.0, ""fairness"": 1.0, ""incomplete_base"": 1000.0, ""incomplete_agent"": 10.0}","[121.5314851814852, 81.0040369088812, 54.974366767983796, 89.31332401287918, 67.74956592745401, 59.51657002284309, 78.53041125541127, 82.79574829931974, 82.07498682129678, 70.55872294372294]","[28.6, 28.900000000000002, 28.200000000000003, 28.1, 27.700000000000003, 27.1, 29.700000000000003, 29.400000000000002, 27.1, 27.5]"
ga,2,16,143.98523360915698,29.74,2076.7,1.9103526567760423,5.2,11.346785714285716,19.846666666666668,8.499880952380954,True,0.0,hospital_corridor,28,12,"[11, 29, 47, 53, 61, 73, 89, 97, 101, 109]","[3.5024454615035188, 0.2720444891032858, 1.4837253265696237, 0.5, 1.0]","{""time"": 1.0, ""collisions"": 0.05, ""congestion"": 1.0, ""fairness"": 1.0, ""incomplete_base"": 1000.0, ""incomplete_agent"": 10.0}","[214.6715819456617, 141.6067434465643, 130.67070941004388, 116.66520146520148, 129.290376984127, 115.68571428571428, 160.49083557951482, 144.38809523809525, 160.3151053864169, 126.06797235023043]","[32.6, 30.700000000000003, 29.3, 27.3, 28.8, 28.0, 31.8, 30.5, 30.5, 27.900000000000002]"
ga,2,17,170.87347644660136,31.060000000000002,2576.9,1.9575240656489865,5.7,11.893214285714286,20.90416666666667,9.01095238095238,True,0.0,hospital_corridor,28,12,"[11, 29, 47, 53, 61, 73, 89, 97, 101, 109]","[3.1895979425964724, 0.1341334978128016, 1.9623846790135988, 0.5, 1.0]","{""time"": 1.0, ""collisions"": 0.05, ""congestion"": 1.0, ""fairness"": 1.0, ""incomplete_base"": 1000.0, ""incomplete_agent"": 10.0}","[208.90020498265534, 155.61296992481206, 146.7782284100081, 169.1735603543743, 153.00636288998356, 134.4011904761905, 185.43428571428572, 233.4311119978718, 164.6850117096019, 157.31183800623054]","[30.200000000000003, 30.400000000000002, 29.5, 30.1, 29.0, 28.0, 35.0, 35.800000000000004, 30.5, 32.1]"
ga,2,18,155.8789494576694,28.05,2359.4,1.9378780290979492,5.9,10.438928571428571,18.360000000000003,7.9210714285714285,True,0.0,hospital_corridor,28,12,"[11, 29, 47, 53, 61, 73, 89, 97, 101, 109]","[4.480135899158927, 0.5337664294866612, 0.5815042373689002, 0.5, 1.0]","{""time"": 1.0, ""collisions"": 0.05, ""congestion"": 1.0, ""fairness"": 1.0, ""incomplete_base"": 1000.0, ""incomplete_agent"": 10.0}","[183.67675644028103, 168.80240655401946, 133.8724134977732, 142.0026610644258, 171.60145502645506, 130.26095150237217, 167.72904761904763, 191.69819636884856, 126.43970588235295, 142.70590062111802]","[30.5, 27.900000000000002, 27.8, 25.5, 27.0, 27.1, 30.0, 29.900000000000002, 27.200000000000003, 27.6]"
ga,2,19,1088.9549772993669,37.03,750.6,1.5236677755574604,5.1,11.105357142857143,19.976666666666667,8.871309523809524,False,0.4,hospital_corridor,28,12,"[11, 29, 47, 53, 61, 73, 89, 97, 101, 109]","[3.9649740039652697, 1.2122864371813011, 1.426618798415383, 0.5, 1.0]","{""time"": 1.0, ""collisions"": 0.05, ""congestion"": 1.0, ""fairness"": 1.0, ""incomplete_base"": 1000.0, ""incomplete_agent"": 10.0}","[122.81140350877195, 1176.7323333333334, 70.62541827541828, 70.59181438998958, 61.149360741081004, 70.74584171696849, 84.6242195367573, 87.76173139158577, 77.43802333013743, 67.06962676962677]","[30.400000000000002, 100.0, 29.6, 27.400000000000002, 31.1, 28.400000000000002, 33.1, 30.900000000000002, 29.8, 29.6]"
ga,2,20,1135.5089775341996,87.50999999999999,242.3,0.6437030938251577,4.5,12.332604347504347,22.57287878787879,10.24027444037444,False,2.5,hospital_corridor,28,12,"[11, 29, 47, 53, 61, 73, 89, 97, 101, 109]","[3.9413325215938815, 2.085837729115236, 1.7994055738664838, 0.5, 1.0]","{""time"": 1.0, ""collisions"": 0.05, ""congestion"": 1.0, ""fairness"": 1.0, ""incomplete_base"": 1000.0, ""incomplete_agent"": 10.0}","[77.41025020177563, 1176.7372121212122, 1148.5504475524476, 1153.263, 1163.9233333333334, 1151.7966666666666, 66.13306645076167, 1136.3377037037037, 1138.7379158249157, 1142.2001794871794]","[35.4, 100.0, 100.0, 100.0, 100.0, 100.0, 39.7, 100.0, 100.0, 100.0]"
ga,2,21,141.3901781913289,29.560000000000002,2024.5,1.9081543818050857,6.1,11.34964285714286,20.046666666666667,8.69702380952381,True,0.0,hospital_corridor,28,12,"[11, 29, 47, 53, 61, 73, 89, 97, 101, 109]","[3.3339166834838396, 0.4153078065344631, 0.9502297580288895, 0.5, 1.0]","{""time"": 1.0, ""collisions"": 0.05, ""congestion"": 1.0, ""fairness"": 1.0, ""incomplete_base"": 1000.0, ""incomplete_agent"": 10.0}","[174.88668975951583, 125.23045977011495, 127.01855670103093, 122.8691391941392, 139.2050082101806, 108.38410973084886, 169.48093053735255, 158.6, 146.66685340802988, 141.56003460207614]","[29.900000000000002, 29.0, 29.1, 27.3, 29.0, 27.6, 32.7, 31.5, 30.6, 28.900000000000002]"
ga,2,22,1169.54148564254,35.59,2457.9,1.830890404444877,6.0,10.76857142857143,18.99416666666667,8.225595238095238,False,0.1,hospital_corridor,28,12,"[11, 29, 47, 53, 61, 73, 89, 97, 101, 109]","[3.974450493669339, 2.282562969019854, 0.58049853823346, 0.5, 1.0]","{""time"": 1.0, ""collisions"": 0.05, ""congestion"": 1.0, ""fairness"": 1.0, ""incomplete_base"": 1000.0, ""incomplete_agent"": 10.0}","[1278.2178571428572, 167.13508105369806, 143.53577783426536, 145.8344155844156, 155.61236263736265, 138.93589743589743, 187.02797619047618, 192.89570393374743, 130.21978021978023, 156.00000439290108]","[100.0, 28.200000000000003, 28.1, 26.400000000000002, 27.3, 27.3, 32.0, 32.2, 27.3, 27.1]"
ga,2,23,120.20945675820415,32.61,1512.0,1.7211234248708103,5.6,11.115000000000002,21.393333333333334,10.278333333333332,True,0.0,hospital_corridor,28,12,"[11, 29, 47, 53, 61, 73, 89, 97, 101, 109]","[3.8580476376193076, 1.210780660859897, 0.8419353288231681, 0.5, 1.0]","{""time"": 1.0, ""collisions"": 0.05, ""congestion"": 1.0, ""fairness"": 1.0, ""incomplete_base"": 1000.0, ""incomplete_agent"": 10.0}","[416.39346307385233, 83.10678447849729, 68.04771965124078, 91.04458066808813, 67.82672428401966, 83.41556776556777, 93.83592644978785, 130.86449704142012, 94.70538711887632, 72.85391705069125]","[66.8, 28.900000000000002, 28.400000000000002, 26.8, 28.1, 27.3, 30.3, 33.800000000000004, 27.8, 27.900000000000002]"
ga,3,0,56.09865456772196,31.3,279.6,1.7700831391505283,5.3,12.061428571428573,21.110000000000003,9.04857142857143,True,0.0,hospital_corridor,28,12,"[11, 29, 47, 53, 61, 73, 89, 97, 101, 109]","[3.700873791538714, 2.547135971794077, 0.962629886999685, 0.5, 1.0]","{""time"": 1.0, ""collisions"": 0.05, ""congestion"": 1.0, ""fairness"": 1.0, ""incomplete_base"": 1000.0, ""incomplete_agent"": 10.0}","[83.38277962347729, 43.53399122807018, 40.84774220032841, 49.22380952380952, 44.166020984665046, 65.29688644688645, 65.41774205150338, 53.79500710732054, 58.46022884882108, 56.862337662337666]","[34.4, 30.400000000000002, 29.0, 28.0, 29.5, 31.200000000000003, 33.1, 33.5, 30.900000000000002, 33.0]"
ga,3,1,58.30170969137224,31.060000000000002,330.0,1.8815906437531844,5.8,11.983214285714286,20.843333333333334,8.860119047619047,True,0.0,hospital_corridor,28,12,"[11, 29, 47, 53, 61, 73, 89, 97, 101, 109]","[3.956032049352011, 3.0514347770335943, 0.8672159363492054, 0.5, 1.0]","{""time"": 1.0, ""collisions"": 0.05, ""congestion"": 1.0, ""fairness"": 1.0, ""incomplete_base"": 1000.0, ""incomplete_agent"": 10.0}","[88.64095655806183, 64.28923536181846, 51.94484126984127, 78.67898042652644, 42.44227388942154, 44.09335637480799, 51.67291208791209, 57.53383534136546, 52.792223364165814, 50.92848223980146]","[34.2, 33.1, 28.8, 32.6, 29.8, 27.900000000000002, 32.5, 33.2, 27.8, 30.700000000000003]"
ga,3,2,54.08228799884424,36.97,93.3,1.651335617891863,5.6,13.438214285714286,24.234166666666667,10.795952380952382,True,0.0,hospital_corridor,28,12,"[11, 29, 47, 53, 61, 73, 89, 97, 101, 109]","[2.348399198170942, 3.0914034770077, 0.8585881372706847, 0.5, 1.0]","{""time"": 1.0, ""collisions"": 0.05, ""congestion"": 1.0, ""fairness"": 1.0, ""incomplete_base"": 1000.0, ""incomplete_agent"": 10.0}","[62.96282481661073, 42.978125, 54.28214285714286, 49.57384726224784, 38.45988557967357, 49.33440906483076, 61.57449579831933, 73.90353393325834, 50.969806152549516, 56.78380952380952]","[38.300000000000004, 32.0, 36.0, 34.7, 28.3, 33.2, 42.5, 50.800000000000004, 33.9, 40.0]"
ga,3,3,51.83024909058291,34.53,119.4,1.724653852487668,5.3,13.141071428571427,22.746666666666663,9.605595238095239,True,0.0,hospital_corridor,28,12,"[11, 29, 47, 53, 61, 73, 89, 97, 101, 109]","[3.0639472644347125, 3.0493779428518097, 0.9121827948191905, 0.5, 1.0]","{""time"": 1.0, ""collisions"": 0.05, ""congestion"": 1.0, ""fairness"": 1.0, ""incomplete_base"": 1000.0, ""incomplete_agent"": 10.0}","[70.60236588306208, 43.33747574264816, 44.15170401493931, 53.18963651291237, 34.95540293040293, 44.568438445612365, 56.869131983502065, 68.89096286313267, 53.46809392265194, 48.26927860696517]","[39.5, 31.900000000000002, 30.6, 31.900000000000002, 26.0, 29.900000000000002, 38.1, 47.7, 36.2, 33.5]"
ga,3,4,56.09865456772196,31.3,279.6,1.7700831391505283,5.3,12.061428571428573,21.110000000000003,9.04857142857143,True,0.0,hospital_corridor,28,12,"[11, 29, 47, 53, 61, 73, 89, 97, 101, 109]","[3.700873791538714, 2.547135971794077, 0.962629886999685, 0.5, 1.0]","{""time"": 1.0, ""collisions"": 0.05, ""congestion"": 1.0, ""fairness"": 1.0, ""incomplete_base"": 1000.0, ""incomplete_agent"": 10.0}","[83.38277962347729, 43.53399122807018, 40.84774220032841, 49.22380952380952, 44.166020984665046, 65.29688644688645, 65.41774205150338, 53.79500710732054, 58.46022884882108, 56.862337662337666]","[34.4, 30.400000000000002, 29.0, 28.0, 29.5, 31.200000000000003, 33.1, 33.5, 30.900000000000002, 33.0]"
ga,3,5,54.50073815493347,30.690000000000005,275.7,1.875857202552509,5.5,12.286785714285713,20.436666666666664,8.14988095238095,True,0.0,hospital_corridor,28,12,"[11, 29, 47, 53, 61, 73, 89, 97, 101, 109]","[3.700873791538714, 2.886346025673218, 0.8928078457249777, 0.5, 1.0]","{""time"": 1.0, ""collisions"": 0.05, ""congestion"": 1.0, ""fairness"": 1.0, ""incomplete_base"": 1000.0, ""incomplete_agent"": 10.0}","[78.76831683168317, 58.589964844998406, 47.87714615257868, 53.57702634245188, 44.74502801120449, 43.234793033821305, 61.18179442508711, 52.062108013937284, 54.20503848003848, 50.766165413533834]","[30.3, 29.8, 28.900000000000002, 28.200000000000003, 35.7, 28.3, 32.800000000000004, 32.800000000000004, 29.700000000000003, 30.400000000000002]"
ga,3,6,1082.6539963459759,44.22,383.6,1.431567941047487,5.3,11.267874625374626,20.090303030303026,8.822428404928406,False,0.9,hospital_corridor,28,12,"[11, 29, 47, 53, 61, 73, 89, 97, 101, 109]","[4.121531512692683, 2.0090260450053323, 1.1621391096515716, 0.5, 1.0]","{""time"": 1.0, ""collisions"": 0.05, ""congestion"": 1.0, ""fairness"": 1.0, ""incomplete_base"": 1000.0, ""incomplete_agent"": 10.0}","[82.82515033317081, 1180.552696969697, 1145.235825174825, 51.31155844155844, 54.77182539682539, 56.444723183391005, 68.21019003931849, 73.33442249240122, 58.853571428571435, 55.0]","[29.3, 100.0, 100.0, 27.5, 31.5, 28.900000000000002, 32.7, 32.9, 29.400000000000002, 30.0]"
ga,3,7,70.97315681116781,29.360000000000003,608.7,1.8127996683106673,5.6,10.734642857142859,20.1,9.365357142857142,True,0.0,hospital_corridor,28,12,"[11, 29, 47, 53, 61, 73, 89, 97, 101, 109]","[3.927178978277869, 1.8598146269169609, 0.8562349381943325, 0.5, 1.0]","{""time"": 1.0, ""collisions"": 0.05, ""congestion"": 1.0, ""fairness"": 1.0, ""incomplete_base"": 1000.0, ""incomplete_agent"": 10.0}","[104.12767566309911, 81.29947226313206, 50.627819548872175, 63.74354346720895, 56.966416040100256, 54.97572463768116, 86.86276301218162, 84.39527276930191, 64.64301242236026, 62.089868287740636]","[30.700000000000003, 29.1, 28.5, 28.1, 28.5, 27.6, 34.4, 30.900000000000002, 27.6, 28.200000000000003]"
ga,3,8,64.99053894839022,28.790000000000003,509.3,1.7913722817235407,5.4,10.825,19.769166666666667,8.944166666666668,True,0.0,hospital_corridor,28,12,"[11, 29, 47, 53, 61, 73, 89, 97, 101, 109]","[4.193364006499891, 2.178447058522896, 0.8768558628494305, 0.5, 1.0]","{""time"": 1.0, ""collisions"": 0.05, ""congestion"": 1.0, ""fairness"": 1.0, ""incomplete_base"": 1000.0, ""incomplete_agent"": 10.0}","[100.93345439870863, 79.73767150928168, 45.43880286380287, 58.10658263305322, 50.775857475857485, 50.94655844155844, 73.18840749414521, 74.49891774891775, 64.41749482401656, 51.86164209456025]","[29.5, 29.5, 28.6, 27.200000000000003, 28.6, 27.5, 30.5, 30.8, 27.6, 28.1]"
ga,3,9,67.48155826212061,28.660000000000004,564.4,1.8216773097396555,5.5,10.591785714285715,19.371666666666663,8.779880952380953,True,0.0,hospital_corridor,28,12,"[11, 29, 47, 53, 61, 73, 89, 97, 101, 109]","[4.258532851331905, 2.2339614983623077, 0.8111558406678581, 0.5, 1.0]","{""time"": 1.0, ""collisions"": 0.05, ""congestion"": 1.0, ""fairness"": 1.0, ""incomplete_base"": 1000.0, ""incomplete_agent"": 10.0}","[127.93488422892094, 67.16329365079365, 51.435110663983906, 66.45357142857144, 53.07836817653891, 50.25066526610645, 66.57292164357382, 68.64543582138738, 60.62352941176471, 62.65780232956493]","[32.7, 28.8, 28.400000000000002, 27.0, 28.700000000000003, 27.200000000000003, 29.900000000000002, 28.900000000000002, 27.200000000000003, 27.8]"
ga,3,10,109.22678291237735,28.380000000000006,1405.7,1.9136876742820808,5.7,10.616071428571429,19.264166666666668,8.648095238095237,True,0.0,hospital_corridor,28,12,"[11, 29, 47, 53, 61, 73, 89, 97, 101, 109]","[4.093628424461214, 2.146133412601447, 0.7349532743805529, 0.5, 1.0]","{""time"": 1.0, ""collisions"": 0.05, ""congestion"": 1.0, ""fairness"": 1.0, ""incomplete_base"": 1000.0, ""incomplete_agent"": 10.0}","[161.19010025062656, 98.35949477351917, 79.45762570762571, 130.64606227106228, 92.68957803762075, 84.76320028011204, 124.09173669467788, 127.17517006802721, 95.45714285714286, 98.43771818335875]","[28.5, 28.700000000000003, 28.6, 27.3, 28.1, 27.200000000000003, 30.6, 29.400000000000002, 27.3, 28.1]"
ga,3,11,90.8378368187816,29.050000000000004,1027.1,1.8599796759244556,5.7,10.72214285714286,19.294999999999998,8.572857142857142,True,0.0,hospital_corridor,28,12,"[11, 29, 47, 53, 61, 73, 89, 97, 101, 109]","[4.25624162904295, 2.260336284201994, 0.7634857073465666, 0.5, 1.0]","{""time"": 1.0, ""collisions"": 0.05, ""congestion"": 1.0, ""fairness"": 1.0, ""incomplete_base"": 1000.0, ""incomplete_agent"": 10.0}","[179.81756039659265, 90.61393606393607, 61.2969298245614, 80.17387218045113, 85.42630169714944, 63.52559523809525, 92.01033604077082, 102.45038305543038, 75.86502100840337, 77.1984326824255]","[34.1, 28.6, 28.5, 26.6, 28.900000000000002, 27.200000000000003, 29.900000000000002, 31.700000000000003, 27.200000000000003, 27.8]"
ga,3,12,66.82943571716163,50.540000000000006,47.7,1.2581261933520997,4.9,16.82035714285714,29.46666666666667,12.646309523809524,True,0.0,hospital_corridor,28,12,"[11, 29, 47, 53, 61, 73, 89, 97, 101, 109]","[1.780872214171125, 2.68938432760802, 0.9140404938375455, 0.5, 1.0]","{""time"": 1.0, ""collisions"": 0.05, ""congestion"": 1.0, ""fairness"": 1.0, ""incomplete_base"": 1000.0, ""incomplete_agent"": 10.0}","[59.02576804915514, 59.156810147639845, 65.28210633946831, 52.35270157938487, 66.3292267365662, 55.96713103681189, 75.28097771023303, 79.0436765615337, 70.61211608903918, 85.2438429217841]","[46.5, 45.800000000000004, 48.900000000000006, 40.1, 54.5, 42.300000000000004, 56.400000000000006, 53.900000000000006, 50.7, 66.3]"
ga,3,13,1091.13092997761,37.78,812.0,1.5621753988555447,5.1,11.66791208791209,20.856666666666666,9.18875457875458,False,0.2,hospital_corridor,28,12,"[11, 29, 47, 53, 61, 73, 89, 97, 101, 109]","[3.3090530995045757, 1.3195689269918764, 1.0077200478324926, 0.5, 1.0]","{""time"": 1.0, ""collisions"": 0.05, ""congestion"": 1.0, ""fairness"": 1.0, ""incomplete_base"": 1000.0, ""incomplete_agent"": 10.0}","[172.59958592132506, 1147.5583076923076, 61.71949861856005, 70.42498317348141, 58.7173748277446, 62.51445578231293, 97.0788961038961, 90.06979166666667, 88.3170739348371, 62.30933205496963]","[34.5, 100.0, 29.3, 28.3, 31.1, 29.400000000000002, 33.0, 32.0, 30.400000000000002, 29.8]"
ga,3,14,58.91177271494237,31.110000000000003,335.2,1.7651060482757053,5.5,11.879999999999999,21.156666666666666,9.276666666666667,True,0.0,hospital_corridor,28,12,"[11, 29, 47, 53, 61, 73, 89, 97, 101, 109]","[2.8946674862786015, 2.3761224499688294, 0.8084920273275432, 0.5, 1.0]","{""time"": 1.0, ""collisions"": 0.05, ""congestion"": 1.0, ""fairness"": 1.0, ""incomplete_base"": 1000.0, ""incomplete_agent"": 10.0}","[75.9124007936508, 47.88698282591725, 61.469897959183676, 69.77844252350621, 48.89150110375276, 47.711834733893554, 66.95322128851541, 63.04126984126984, 57.09590254706534, 50.37627353266889]","[28.8, 30.5, 29.400000000000002, 31.400000000000002, 30.200000000000003, 28.900000000000002, 35.7, 36.0, 30.1, 30.1]"
ga,3,15,56.58137095476765,32.879999999999995,255.0,1.8172042881009887,5.4,12.672500000000001,21.80666666666667,9.134166666666667,True,0.0,hospital_corridor,28,12,"[11, 29, 47, 53, 61, 73, 89, 97, 101, 109]","[2.719388781532567, 2.4283036589565006, 0.8415843465858152, 0.5, 1.0]","{""time"": 1.0, ""collisions"": 0.05, ""congestion"": 1.0, ""fairness"": 1.0, ""incomplete_base"": 1000.0, ""incomplete_agent"": 10.0}","[86.76613756613757, 44.71233766233766, 46.73696074040902, 60.80658914728683, 57.19453781512605, 46.15242130750605, 60.64496336996337, 57.07052457346575, 57.62275132275133, 48.106486042692936]","[37.800000000000004, 30.8, 31.900000000000002, 30.1, 30.6, 29.5, 36.4, 37.4, 32.4, 31.900000000000002]"
ga,3,16,145.03418413015714,31.119999999999997,2058.7,1.8665650825381064,5.3,11.713214285714287,20.825833333333335,9.112619047619047,True,0.0,hospital_corridor,28,12,"[11, 29, 47, 53, 61, 73, 89, 97, 101, 109]","[3.0971904323239605, 0.2766416805422734, 2.0170752409370816, 0.5, 1.0]","{""time"": 1.0, ""collisions"": 0.05, ""congestion"": 1.0, ""fairness"": 1.0, ""incomplete_base"": 1000.0, ""incomplete_agent"": 10.0}","[180.97678965625988, 137.71628329297823, 135.02853200883004, 153.3421058714748, 129.4297940797941, 122.8, 134.37857142857143, 163.0221525600836, 161.3509224219489, 132.29668998163064]","[30.200000000000003, 29.5, 30.200000000000003, 30.900000000000002, 29.6, 30.0, 35.0, 31.900000000000002, 30.200000000000003, 33.7]"
ga,3,17,58.30170969137224,31.060000000000002,330.0,1.8815906437531844,5.8,11.983214285714286,20.843333333333334,8.860119047619047,True,0.0,hospital_corridor,28,12,"[11, 29, 47, 53, 61, 73, 89, 97, 101, 109]","[3.956032049352011, 3.0514347770335943, 0.8672159363492054, 0.5, 1.0]","{""time"": 1.0, ""collisions"": 0.05, ""congestion"": 1.0, ""fairness"": 1.0, ""incomplete_base"": 1000.0, ""incomplete_agent"": 10.0}","[88.64095655806183, 64.28923536181846, 51.94484126984127, 78.67898042652644, 42.44227388942154, 44.09335637480799, 51.67291208791209, 57.53383534136546, 52.792223364165814, 50.92848223980146]","[34.2, 33.1, 28.8, 32.6, 29.8, 27.900000000000002, 32.5, 33.2, 27.8, 30.700000000000003]"
ga,3,18,170.8189060161276,28.669999999999998,2639.7,2.006644111365732,6.0,10.983571428571429,19.140833333333333,8.157261904761905,True,0.0,hospital_corridor,28,12,"[11, 29, 47, 53, 61, 73, 89, 97, 101, 109]","[4.115519051790604, 1.8234441528739875, 0.6457969690559111, 0.5, 1.0]","{""time"": 1.0, ""collisions"": 0.05, ""congestion"": 1.0, ""fairness"": 1.0, ""incomplete_base"": 1000.0, ""incomplete_agent"": 10.0}","[237.9043829428878, 176.4513429927131, 144.2047619047619, 149.89460784313724, 175.40721288515408, 133.03487394957983, 175.23858024691359, 231.98677078548462, 134.60199579831934, 149.46453081232494]","[31.1, 28.1, 28.0, 27.200000000000003, 27.200000000000003, 27.200000000000003, 32.4, 31.1, 27.200000000000003, 27.200000000000003]"
ga,3,19,78.80492181412772,28.23,800.4,1.8428980046039058,5.6,10.407142857142858,19.11916666666667,8.71202380952381,True,0.0,hospital_corridor,28,12,"[11, 29, 47, 53, 61, 73, 89, 97, 101, 109]","[4.650539282051745, 1.9359028090575536, 0.825059882872701, 0.5, 1.0]","{""time"": 1.0, ""collisions"": 0.05, ""congestion"": 1.0, ""fairness"": 1.0, ""incomplete_base"": 1000.0, ""incomplete_agent"": 10.0}","[121.5314851814852, 81.0040369088812, 54.974366767983796, 89.31332401287918, 67.74956592745401, 59.51657002284309, 78.53041125541127, 82.79574829931974, 82.07498682129678, 70.55872294372294]","[28.6, 28.900000000000002, 28.200000000000003, 28.1, 27.700000000000003, 27.1, 29.700000000000003, 29.400000000000002, 27.1, 27.5]"
ga,3,20,97.98552494826556,29.890000000000004,1140.2,1.7677868530274559,5.7,11.403928571428573,20.72166666666667,9.317738095238095,True,0.0,hospital_corridor,28,12,"[11, 29, 47, 53, 61, 73, 89, 97, 101, 109]","[3.278930297491387, 1.0489173658480984, 0.9123015079025557, 0.5, 1.0]","{""time"": 1.0, ""collisions"": 0.05, ""congestion"": 1.0, ""fairness"": 1.0, ""incomplete_base"": 1000.0, ""incomplete_agent"": 10.0}","[147.73574197120706, 85.77655800575265, 69.2980854197349, 123.17456140350879, 64.61625223468226, 74.62733812949641, 104.29138655462187, 97.36536245071277, 124.57230744646853, 88.3976558664703]","[30.1, 29.8, 29.1, 28.5, 29.3, 27.8, 34.0, 31.400000000000002, 29.8, 29.1]"
ga,3,21,59.72344612208482,43.25,68.6,1.2852318363705353,4.4,15.089285714285714,26.847499999999997,11.758214285714285,True,0.0,hospital_corridor,28,12,"[11, 29, 47, 53, 61, 73, 89, 97, 101, 109]","[1.8109950161843134, 2.9600358887517975, 0.8460692952165241, 0.5, 1.0]","{""time"": 1.0, ""collisions"": 0.05, ""congestion"": 1.0, ""fairness"": 1.0, ""incomplete_base"": 1000.0, ""incomplete_agent"": 10.0}","[53.49615384615385, 48.00413706919231, 64.99428721174004, 45.76162464985994, 53.98761549395878, 54.53994708994709, 73.65820346320346, 72.47037037037038, 62.29142421270568, 68.03069781371667]","[41.6, 36.2, 47.7, 34.0, 40.2, 37.800000000000004, 55.0, 48.6, 43.7, 47.7]"
ga,3,22,85.72297573639403,28.190000000000005,936.2,1.8863090697273694,5.7,10.602500000000001,19.439166666666665,8.836666666666666,True,0.0,hospital_corridor,28,12,"[11, 29, 47, 53, 61, 73, 89, 97, 101, 109]","[4.210490096038, 1.8065335119976358, 0.7943647116183625, 0.5, 1.0]","{""time"": 1.0, ""collisions"": 0.05, ""congestion"": 1.0, ""fairness"": 1.0, ""incomplete_base"": 1000.0, ""incomplete_agent"": 10.0}","[132.94285714285715, 111.05809767593044, 58.89206908115359, 93.90787815126052, 87.77091653865848, 61.46120448179273, 79.16050724637682, 90.60267449445533, 68.47464985994398, 72.9589026915114]","[28.0, 29.3, 28.400000000000002, 27.200000000000003, 27.900000000000002, 27.200000000000003, 29.900000000000002, 29.200000000000003, 27.200000000000003, 27.6]"
ga,3,23,1084.7205423990924,35.95,688.8,1.6062566848066542,5.3,10.668214285714289,19.392500000000002,8.724285714285715,False,0.4,hospital_corridor,28,12,"[11, 29, 47, 53, 61, 73, 89, 97, 101, 109]","[4.403508843759353, 1.6171512610540784, 1.091466988016106, 0.5, 1.0]","{""time"": 1.0, ""collisions"": 0.05, ""congestion"": 1.0, ""fairness"": 1.0, ""incomplete_base"": 1000.0, ""incomplete_agent"": 10.0}","[115.12513413816231, 1169.3153333333335, 64.93260137977452, 70.32657838416266, 58.87482061317678, 61.727380952380955, 88.11468253968255, 82.60639589169, 78.76339918946302, 57.41909756909757]","[28.400000000000002, 100.0, 28.3, 26.700000000000003, 29.200000000000003, 28.0, 31.5, 30.6, 28.200000000000003, 28.6]"
ga,4,0,51.83024909058291,34.53,119.4,1.724653852487668,5.3,13.141071428571427,22.746666666666663,9.605595238095239,True,0.0,hospital_corridor,28,12,"[11, 29, 47, 53, 61, 73, 89, 97, 101, 109]","[3.0639472644347125, 3.0493779428518097, 0.9121827948191905, 0.5, 1.0]","{""time"": 1.0, ""collisions"": 0.05, ""congestion"": 1.0, ""fairness"": 1.0, ""incomplete_base"": 1000.0, ""incomplete_agent"": 10.0}","[70.60236588306208, 43.33747574264816, 44.15170401493931, 53.18963651291237, 34.95540293040293, 44.568438445612365, 56.869131983502065, 68.89096286313267, 53.46809392265194, 48.26927860696517]","[39.5, 31.900000000000002, 30.6, 31.900000000000002, 26.0, 29.900000000000002, 38.1, 47.7, 36.2, 33.5]"
ga,4,1,54.08228799884424,36.97,93.3,1.651335617891863,5.6,13.438214285714286,24.234166666666667,10.795952380952382,True,0.0,hospital_corridor,28,12,"[11, 29, 47, 53, 61, 73, 89, 97, 101, 109]","[2.348399198170942, 3.0914034770077, 0.8585881372706847, 0.5, 1.0]","{""time"": 1.0, ""collisions"": 0.05, ""congestion"": 1.0, ""fairness"": 1.0, ""incomplete_base"": 1000.0, ""incomplete_agent"": 10.0}","[62.96282481661073, 42.978125, 54.28214285714286, 49.57384726224784, 38.45988557967357, 49.33440906483076, 61.57449579831933, 73.90353393325834, 50.969806152549516, 56.78380952380952]","[38.300000000000004, 32.0, 36.0, 34.7, 28.3, 33.2, 42.5, 50.800000000000004, 33.9, 40.0]"
ga,4,2,58.3740258120875,28.8,384.6,1.8505734311351176,5.7,10.943214285714287,19.436666666666667,8.493452380952382,True,0.0,hospital_corridor,28,12,"[11, 29, 47, 53, 61, 73, 89, 97, 101, 109]","[4.24172071634351, 2.6475535803876156, 0.8393831454690106, 0.5, 1.0]","{""time"": 1.0, ""collisions"": 0.05, ""congestion"": 1.0, ""fairness"": 1.0, ""incomplete_base"": 1000.0, ""incomplete_agent"": 10.0}","[91.05887582881255, 60.486023232822546, 43.75845864661654, 59.14060846560847, 52.748193473193474, 47.06721611721612, 62.13538205980066, 64.16049530179966, 50.97008658008659, 52.214918414918415]","[31.6, 28.900000000000002, 28.5, 27.0, 28.6, 27.3, 30.1, 29.900000000000002, 27.5, 28.6]"
ga,4,3,66.07767937516658,29.360000000000003,518.3,1.8780365180237202,5.6,10.835357142857143,19.759999999999998,8.924642857142858,True,0.0,hospital_corridor,28,12,"[11, 29, 47, 53, 61, 73, 89, 97, 101, 109]","[3.970552962051452, 2.664217480847973, 0.7913184982267614, 0.5, 1.0]","{""time"": 1.0, ""collisions"": 0.05, ""congestion"": 1.0, ""fairness"": 1.0, ""incomplete_base"": 1000.0, ""incomplete_agent"": 10.0}","[93.39960580258594, 71.47810182896689, 49.00390442890443, 102.33643892339545, 55.044047619047625, 49.11895604395605, 62.42314507198228, 67.30654362416108, 55.49606227106227, 55.1699881376038]","[30.200000000000003, 28.900000000000002, 28.6, 34.5, 28.8, 27.3, 30.1, 29.8, 27.3, 28.1]"
ga,4,4,48.415149484542596,32.81,85.9,1.8147923416854475,5.4,12.749642857142856,22.245,9.495357142857143,True,0.0,hospital_corridor,28,12,"[11, 29, 47, 53, 61, 73, 89, 97, 101, 109]","[2.981062820993159, 3.11461000188923, 0.9092019076194191, 0.5, 1.0]","{""time"": 1.0, ""collisions"": 0.05, ""congestion"": 1.0, ""fairness"": 1.0, ""incomplete_base"": 1000.0, ""incomplete_agent"": 10.0}","[53.5728835978836, 56.61630952380952, 44.63841991341991, 44.622281813749396, 34.55897435897436, 43.83288840788841, 54.4332884097035, 52.65099846390169, 49.53928571428571, 49.6861646418098]","[32.4, 40.0, 30.8, 29.3, 26.0, 29.700000000000003, 37.1, 37.2, 31.5, 34.1]"
ga,4,5,58.48292608282411,31.020000000000003,329.6,1.732092749490766,5.2,11.8375,21.08833333333333,9.250833333333336,True,0.0,hospital_corridor,28,12,"[11, 29, 47, 53, 61, 73, 89, 97, 101, 109]","[3.003809390206351, 2.436810131611055, 0.8114729145273146, 0.5, 1.0]","{""time"": 1.0, ""collisions"": 0.05, ""congestion"": 1.0, ""fairness"": 1.0, ""incomplete_base"": 1000.0, ""incomplete_agent"": 10.0}","[82.81614090431125, 48.15914662894861, 60.41581632653062, 58.22149122807018, 56.18733766233766, 48.29280684104627, 59.737111801242236, 60.02203856749312, 60.756606748659735, 50.220764119601334]","[31.700000000000003, 30.3, 29.400000000000002, 28.5, 30.8, 28.400000000000002, 34.5, 36.300000000000004, 30.200000000000003, 30.1]"
ga,4,6,56.788932277158594,30.659999999999997,311.9,1.8313132295395456,5.7,11.883214285714288,20.585833333333333,8.702619047619049,True,0.0,hospital_corridor,28,12,"[11, 29, 47, 53, 61, 73, 89, 97, 101, 109]","[3.777654502617688, 2.717445350967485, 0.8872211249922857, 0.5, 1.0]","{""time"": 1.0, ""collisions"": 0.05, ""congestion"": 1.0, ""fairness"": 1.0, ""incomplete_base"": 1000.0, ""incomplete_agent"": 10.0}","[75.59318760949196, 69.28423951670221, 54.294471906409626, 74.21416957026713, 40.39263191763192, 44.411514997458056, 56.884107508033885, 54.1557624890447, 52.54183673469389, 46.11740052185258]","[29.900000000000002, 33.5, 28.900000000000002, 32.800000000000004, 29.6, 28.1, 32.6, 32.6, 29.400000000000002, 29.200000000000003]"
ga,4,7,72.511870901928,30.03,632.2,1.7538947114518109,5.1,11.435357142857143,20.553333333333335,9.11797619047619,True,0.0,hospital_corridor,28,12,"[11, 29, 47, 53, 61, 73, 89, 97, 101, 109]","[3.45730784422571, 1.6957540907165145, 0.8922963192594754, 0.5, 1.0]","{""time"": 1.0, ""collisions"": 0.05, ""congestion"": 1.0, ""fairness"": 1.0, ""incomplete_base"": 1000.0, ""incomplete_agent"": 10.0}","[115.12913165266107, 52.824285714285715, 54.40303776683087, 81.41836857486678, 72.1286098310292, 54.83715538847118, 72.68809523809524, 86.47921022067365, 74.9978835978836, 60.21293103448276]","[30.6, 30.0, 29.0, 27.700000000000003, 31.0, 28.5, 32.0, 32.800000000000004, 29.700000000000003, 29.0]"
ga,4,8,59.145165466835564,43.19,48.0,1.3538559430260406,4.9,14.737857142857147,26.939166666666665,12.201309523809524,True,0.0,hospital_corridor,28,12,"[11, 29, 47, 53, 61, 73, 89, 97, 101, 109]","[1.9353190689807604, 2.855062117376119, 0.9041403745810014, 0.5, 1.0]","{""time"": 1.0, ""collisions"": 0.05, ""congestion"": 1.0, ""fairness"": 1.0, ""incomplete_base"": 1000.0, ""incomplete_agent"": 10.0}","[70.25353675450762, 47.234800052617736, 56.76309523809525, 43.13147502903601, 52.55032840722496, 59.601934523809526, 65.90050505050505, 69.7390127388535, 60.20362318840581, 66.07334368530022]","[51.5, 36.2, 42.0, 32.800000000000004, 40.6, 44.800000000000004, 49.5, 47.1, 41.400000000000006, 46.0]"
ga,4,9,56.84504653443467,39.190000000000005,98.8,1.5337370106251487,4.9,14.152857142857144,25.33416666666667,11.181309523809526,True,0.0,hospital_corridor,28,12,"[11, 29, 47, 53, 61, 73, 89, 97, 101, 109]","[2.1939523433613064, 2.925725687239601, 0.8684882565272288, 0.5, 1.0]","{""time"": 1.0, ""collisions"": 0.05, ""congestion"": 1.0, ""fairness"": 1.0, ""incomplete_base"": 1000.0, ""incomplete_agent"": 10.0}","[67.36023166023166, 43.906822202565245, 54.42415765261719, 57.686798152096664, 51.673417132216024, 51.13214285714286, 63.8780525030525, 58.874934194783435, 55.84478330658106, 63.669125683060116]","[44.400000000000006, 32.300000000000004, 38.300000000000004, 40.2, 35.800000000000004, 36.0, 46.800000000000004, 39.800000000000004, 35.6, 42.7]"
ga,4,10,51.83024909058291,34.53,119.4,1.724653852487668,5.3,13.141071428571427,22.746666666666663,9.605595238095239,True,0.0,hospital_corridor,28,12,"[11, 29, 47, 53, 61, 73, 89, 97, 101, 109]","[3.0639472644347125, 3.0493779428518097, 0.9121827948191905, 0.5, 1.0]","{""time"": 1.0, ""collisions"": 0.05, ""congestion"": 1.0, ""fairness"": 1.0, ""incomplete_base"": 1000.0, ""incomplete_agent"": 10.0}","[70.60236588306208, 43.33747574264816, 44.15170401493931, 53.18963651291237, 34.95540293040293, 44.568438445612365, 56.869131983502065, 68.89096286313267, 53.46809392265194, 48.26927860696517]","[39.5, 31.900000000000002, 30.6, 31.900000000000002, 26.0, 29.900000000000002, 38.1, 47.7, 36.2, 33.5]"
ga,4,11,55.01174757331137,39.45,55.1,1.5378190018827873,4.7,15.07357142857143,26.3425,11.268928571428571,True,0.0,hospital_corridor,28,12,"[11, 29, 47, 53, 61, 73, 89, 97, 101, 109]","[2.1319632731894234, 3.0493779428518097, 0.9121827948191905, 0.5, 1.0]","{""time"": 1.0, ""collisions"": 0.05, ""congestion"": 1.0, ""fairness"": 1.0, ""incomplete_base"": 1000.0, ""incomplete_agent"": 10.0}","[57.50940594059407, 51.20556523422377, 57.59166666666667, 43.179416282642094, 51.70093642916224, 47.60300114057599, 61.57681757928011, 64.16396396396397, 54.03992313460818, 61.54677936139653]","[40.400000000000006, 36.9, 40.2, 31.0, 40.300000000000004, 33.4, 46.7, 44.400000000000006, 38.1, 43.1]"
ga,4,12,66.31114413229297,29.670000000000005,521.0,1.7419774656262923,5.2,11.227500000000001,20.076666666666668,8.849166666666667,True,0.0,hospital_corridor,28,12,"[11, 29, 47, 53, 61, 73, 89, 97, 101, 109]","[4.093628424461214, 2.146133412601447, 0.9215207106280571, 0.5, 1.0]","{""time"": 1.0, ""collisions"": 0.05, ""congestion"": 1.0, ""fairness"": 1.0, ""incomplete_base"": 1000.0, ""incomplete_agent"": 10.0}","[97.07162097162097, 56.42495894909688, 48.25479520479521, 54.09715779300651, 54.561716791979954, 50.12089665653495, 91.93322818086227, 92.39426957223569, 66.69166666666666, 51.56113053613054]","[29.700000000000003, 29.0, 28.6, 27.1, 30.400000000000002, 28.200000000000003, 31.700000000000003, 35.4, 28.0, 28.6]"
ga,4,13,56.09865456772196,31.3,279.6,1.7700831391505283,5.3,12.061428571428573,21.110000000000003,9.04857142857143,True,0.0,hospital_corridor,28,12,"[11, 29, 47, 53, 61, 73, 89, 97, 101, 109]","[3.700873791538714, 2.547135971794077, 0.962629886999685, 0.5, 1.0]","{""time"": 1.0, ""collisions"": 0.05, ""congestion"": 1.0, ""fairness"": 1.0, ""incomplete_base"": 1000.0, ""incomplete_agent"": 10.0}","[83.38277962347729, 43.53399122807018, 40.84774220032841, 49.22380952380952, 44.166020984665046, 65.29688644688645, 65.41774205150338, 53.79500710732054, 58.46022884882108, 56.862337662337666]","[34.4, 30.400000000000002, 29.0, 28.0, 29.5, 31.200000000000003, 33.1, 33.5, 30.900000000000002, 33.0]"
ga,4,14,48.630358341568524,31.76,120.4,1.7766678653780485,5.3,12.077142857142857,21.15083333333333,9.073690476190475,True,0.0,hospital_corridor,28,12,"[11, 29, 47, 53, 61, 73, 89, 97, 101, 109]","[3.1944484966545454, 3.247953143334261, 0.856402149546192, 0.5, 1.0]","{""time"": 1.0, ""collisions"": 0.05, ""congestion"": 1.0, ""fairness"": 1.0, ""incomplete_base"": 1000.0, ""incomplete_agent"": 10.0}","[63.71725302061124, 41.68084768109198, 42.46981960019503, 50.95912698412698, 39.57137264301694, 46.25092924317063, 53.2783185840708, 51.305952380952384, 49.973715538847124, 47.09624773960218]","[33.5, 30.700000000000003, 29.3, 31.5, 29.8, 31.900000000000002, 33.9, 35.0, 30.400000000000002, 31.6]"
ga,4,15,63.45737318700395,31.360000000000003,412.7,1.8804684250991894,5.9,11.821428571428571,21.403333333333336,9.581904761904763,True,0.0,hospital_corridor,28,12,"[11, 29, 47, 53, 61, 73, 89, 97, 101, 109]","[3.4809723342300325, 2.5014269355094676, 0.8523981333888286, 0.5, 1.0]","{""time"": 1.0, ""collisions"": 0.05, ""congestion"": 1.0, ""fairness"": 1.0, ""incomplete_base"": 1000.0, ""incomplete_agent"": 10.0}","[78.15260186548846, 68.87720012055455, 54.268311242022584, 79.30238095238094, 51.75220530835285, 46.17868921420158, 65.90755813953488, 71.5436440677966, 69.91330900781365, 48.67783195189338]","[29.1, 31.6, 29.1, 33.6, 30.5, 28.3, 34.4, 35.4, 32.300000000000004, 29.3]"
ga,4,16,1122.4867948244228,74.83000000000001,301.3,0.8423376149655908,4.5,12.310542790542792,23.060000000000002,10.74945720945721,False,2.1,hospital_corridor,28,12,"[11, 29, 47, 53, 61, 73, 89, 97, 101, 109]","[2.8359129190796324, 1.7758247024487122, 1.0659288633457464, 0.5, 1.0]","{""time"": 1.0, ""collisions"": 0.05, ""congestion"": 1.0, ""fairness"": 1.0, ""incomplete_base"": 1000.0, ""incomplete_agent"": 10.0}","[1178.5870256410255, 1176.3597575757576, 51.67808933490752, 1172.1703333333332, 1172.6098181818181, 1132.3276666666666, 73.10752926468918, 75.64074357015534, 53.90606159895151, 1138.480923076923]","[100.0, 100.0, 36.300000000000004, 100.0, 100.0, 100.0, 41.900000000000006, 37.4, 32.7, 100.0]"
ga,4,17,57.68253408176189,32.42999999999999,280.5,1.8021769389047506,5.6,12.317142857142859,21.7425,9.425357142857143,True,0.0,hospital_corridor,28,12,"[11, 29, 47, 53, 61, 73, 89, 97, 101, 109]","[2.778143348731536, 2.3947661283663138, 0.8293350120383141, 0.5, 1.0]","{""time"": 1.0, ""collisions"": 0.05, ""congestion"": 1.0, ""fairness"": 1.0, ""incomplete_base"": 1000.0, ""incomplete_agent"": 10.0}","[99.43235732935473, 45.630444964871195, 57.73139880952381, 54.31404025527737, 46.13024804777217, 47.162992255725825, 62.349662592309656, 59.6489815579411, 56.44842549923196, 47.97678950561116]","[38.300000000000004, 30.5, 32.0, 29.1, 31.1, 28.900000000000002, 37.4, 34.6, 31.0, 31.400000000000002]"
ga,4,18,51.98175916686364,30.370000000000005,225.8,1.7542591668636356,5.2,11.7775,20.345,8.5675,True,0.0,hospital_corridor,28,12,"[11, 29, 47, 53, 61, 73, 89, 97, 101, 109]","[3.700873791538714, 2.6957153036700063, 0.9253500107010042, 0.5, 1.0]","{""time"": 1.0, ""collisions"": 0.05, ""congestion"": 1.0, ""fairness"": 1.0, ""incomplete_base"": 1000.0, ""incomplete_agent"": 10.0}","[80.32200929152151, 43.019471947194724, 49.24300441826215, 46.15833333333333, 41.116948944526264, 49.3517131242741, 55.30919913419914, 53.47064336372847, 51.756995581737854, 50.06927252985885]","[32.800000000000004, 30.3, 29.1, 28.0, 29.1, 28.700000000000003, 33.0, 32.9, 29.1, 30.700000000000003]"
ga,4,19,51.428226492682164,31.05,191.8,1.7756074450631125,5.6,12.103214285714284,21.115833333333335,9.012619047619049,True,0.0,hospital_corridor,28,12,"[11, 29, 47, 53, 61, 73, 89, 97, 101, 109]","[3.700873791538714, 2.9781995957656076, 0.9300877220236585, 0.5, 1.0]","{""time"": 1.0, ""collisions"": 0.05, ""congestion"": 1.0, ""fairness"": 1.0, ""incomplete_base"": 1000.0, ""incomplete_agent"": 10.0}","[70.66060157790928, 42.67666195190947, 48.08526272577997, 62.40447558770344, 41.26958800585081, 49.13408521303258, 53.72907343660356, 53.50650985469717, 46.160273972602745, 46.6557326007326]","[33.800000000000004, 30.3, 29.0, 31.6, 29.3, 28.5, 33.2, 33.1, 29.200000000000003, 32.5]"
ga,4,20,56.812584724176574,31.330000000000002,292.5,1.807941867033716,5.8,11.962857142857143,21.0125,9.049642857142857,True,0.0,hospital_corridor,28,12,"[11, 29, 47, 53, 61, 73, 89, 97, 101, 109]","[3.744144273696943, 2.8074065760392752, 0.885813625708423, 0.5, 1.0]","{""time"": 1.0, ""collisions"": 0.05, ""congestion"": 1.0, ""fairness"": 1.0, ""incomplete_base"": 1000.0, ""incomplete_agent"": 10.0}","[74.63025438188303, 67.02131846958437, 48.96223316912972, 53.10453394123606, 41.73506144393242, 43.51356886840759, 56.289040943480195, 80.45670787545788, 54.824624060150384, 47.58850408850409]","[30.700000000000003, 34.6, 29.0, 28.200000000000003, 31.0, 27.900000000000002, 32.1, 41.6, 28.5, 29.700000000000003]"
ga,4,21,62.64364761668344,29.4,452.8,1.7428142833501048,5.4,10.962500000000002,19.823333333333334,8.860833333333334,True,0.0,hospital_corridor,28,12,"[11, 29, 47, 53, 61, 73, 89, 97, 101, 109]","[4.150093524341663, 2.2573865081568387, 0.8838500828659852, 0.5, 1.0]","{""time"": 1.0, ""collisions"": 0.05, ""congestion"": 1.0, ""fairness"": 1.0, ""incomplete_base"": 1000.0, ""incomplete_agent"": 10.0}","[76.57909252669039, 57.83457736035591, 47.660338345864666, 63.64511346054668, 47.01984126984127, 52.15766718239642, 91.66640211640212, 75.13003722661703, 60.16392339544513, 54.57948328267477]","[28.1, 28.900000000000002, 28.5, 27.700000000000003, 28.8, 27.700000000000003, 37.800000000000004, 30.700000000000003, 27.6, 28.200000000000003]"
ga,4,22,62.38940792099933,33.040000000000006,347.5,1.966193635285034,5.9,12.321785714285715,22.330000000000002,10.008214285714287,True,0.0,hospital_corridor,28,12,"[11, 29, 47, 53, 61, 73, 89, 97, 101, 109]","[2.8239835465622365, 2.404312523599533, 0.8226728706900546, 0.5, 1.0]","{""time"": 1.0, ""collisions"": 0.05, ""congestion"": 1.0, ""fairness"": 1.0, ""incomplete_base"": 1000.0, ""incomplete_agent"": 10.0}","[98.7542299898683, 53.32159197012139, 51.651863876863885, 71.14574829931973, 49.36134085213033, 51.27218614718615, 68.48288690476193, 73.17070524412297, 55.28777056277056, 51.44575536284801]","[37.6, 30.6, 29.700000000000003, 29.400000000000002, 32.300000000000004, 30.8, 38.400000000000006, 39.5, 30.8, 31.3]"
ga,4,23,62.82043742947276,33.65,353.3,1.7906755247108603,5.5,12.718571428571428,22.433333333333334,9.714761904761904,True,0.0,hospital_corridor,28,12,"[11, 29, 47, 53, 61, 73, 89, 97, 101, 109]","[2.790072721248932, 2.413732873564355, 0.8274035032233038, 0.5, 1.0]","{""time"": 1.0, ""collisions"": 0.05, ""congestion"": 1.0, ""fairness"": 1.0, ""incomplete_base"": 1000.0, ""incomplete_agent"": 10.0}","[102.62445612762873, 57.054329004329006, 56.12857142857143, 68.73820705077611, 52.778259902091676, 49.21277239709443, 77.03632510595862, 56.70689655172414, 57.93582251082252, 49.988734215731014]","[39.400000000000006, 33.0, 31.200000000000003, 36.2, 32.1, 29.5, 38.2, 34.800000000000004, 30.8, 31.3]"
ga,5,0,48.415149484542596,32.81,85.9,1.8147923416854475,5.4,12.749642857142856,22.245,9.495357142857143,True,0.0,hospital_corridor,28,12,"[11, 29, 47, 53, 61, 73, 89, 97, 101, 109]","[2.981062820993159, 3.11461000188923, 0.9092019076194191, 0.5, 1.0]","{""time"": 1.0, ""collisions"": 0.05, ""congestion"": 1.0, ""fairness"": 1.0, ""incomplete_base"": 1000.0, ""incomplete_agent"": 10.0}","[53.5728835978836, 56.61630952380952, 44.63841991341991, 44.622281813749396, 34.55897435897436, 43.83288840788841, 54.4332884097035, 52.65099846390169, 49.53928571428571, 49.6861646418098]","[32.4, 40.0, 30.8, 29.3, 26.0, 29.700000000000003, 37.1, 37.2, 31.5, 34.1]"
ga,5,1,48.630358341568524,31.76,120.4,1.7766678653780485,5.3,12.077142857142857,21.15083333333333,9.073690476190475,True,0.0,hospital_corridor,28,12,"[11, 29, 47, 53, 61, 73, 89, 97, 101, 109]","[3.1944484966545454, 3.247953143334261, 0.856402149546192, 0.5, 1.0]","{""time"": 1.0, ""collisions"": 0.05, ""congestion"": 1.0, ""fairness"": 1.0, ""incomplete_base"": 1000.0, ""incomplete_agent"": 10.0}","[63.71725302061124, 41.68084768109198, 42.46981960019503, 50.95912698412698, 39.57137264301694, 46.25092924317063, 53.2783185840708, 51.305952380952384, 49.973715538847124, 47.09624773960218]","[33.5, 30.700000000000003, 29.3, 31.5, 29.8, 31.900000000000002, 33.9, 35.0, 30.400000000000002, 31.6]"
ga,5,2,57.02316723494534,40.21,76.4,1.5404291397072398,4.9,14.116428571428575,25.56916666666667,11.452738095238097,True,0.0,hospital_corridor,28,12,"[11, 29, 47, 53, 61, 73, 89, 97, 101, 109]","[2.149888294036099, 3.0914034770077, 0.8585881372706847, 0.5, 1.0]","{""time"": 1.0, ""collisions"": 0.05, ""congestion"": 1.0, ""fairness"": 1.0, ""incomplete_base"": 1000.0, ""incomplete_agent"": 10.0}","[62.2508658008658, 45.47493564993566, 54.94887849346288, 64.03785879247773, 49.675674915635554, 53.95809523809524, 62.452988677988685, 64.79390570797855, 52.68484734263099, 59.9536217303823]","[44.0, 33.300000000000004, 39.7, 43.300000000000004, 38.1, 35.0, 42.900000000000006, 45.300000000000004, 37.9, 42.6]"
ga,5,3,54.94980269668514,37.28,100.3,1.588969363351803,5.5,13.382499999999999,24.448333333333334,11.065833333333334,True,0.0,hospital_corridor,28,12,"[11, 29, 47, 53, 61, 73, 89, 97, 101, 109]","[2.348399198170942, 3.0914034770077, 0.8587142615704079, 0.5, 1.0]","{""time"": 1.0, ""collisions"": 0.05, ""congestion"": 1.0, ""fairness"": 1.0, ""incomplete_base"": 1000.0, ""incomplete_agent"": 10.0}","[76.47947808262379, 44.20818452380953, 54.06309523809524, 42.22189695550352, 38.45988557967357, 50.1803786574871, 61.78865153538051, 74.13924821897264, 51.173398651496, 56.78380952380952]","[45.300000000000004, 32.0, 36.0, 30.5, 28.3, 33.2, 42.800000000000004, 50.800000000000004, 33.9, 40.0]"
ga,5,4,50.90067458444783,35.85000000000001,68.7,1.5785317273049657,5.2,13.320357142857144,23.357499999999998,10.037142857142857,True,0.0,hospital_corridor,28,12,"[11, 29, 47, 53, 61, 73, 89, 97, 101, 109]","[2.5082022566477726, 3.0437722919708396, 0.8949317574218552, 0.5, 1.0]","{""time"": 1.0, ""collisions"": 0.05, ""congestion"": 1.0, ""fairness"": 1.0, ""incomplete_base"": 1000.0, ""incomplete_agent"": 10.0}","[62.90398908966929, 44.3010582010582, 47.155037704231255, 39.95357142857142, 37.7623949579832, 48.46488095238095, 58.41513278388278, 61.66833976833978, 54.294703595724016, 54.08763736263736]","[41.900000000000006, 32.4, 34.1, 30.0, 27.200000000000003, 33.6, 41.6, 44.400000000000006, 34.300000000000004, 39.0]"
ga,5,5,52.86952440660051,36.19,93.2,1.6990482161243268,4.7,13.110357142857143,23.430833333333332,10.32047619047619,True,0.0,hospital_corridor,28,12,"[11, 29, 47, 53, 61, 73, 89, 97, 101, 109]","[2.7496973511482463, 3.134969878919995, 0.8857392939245641, 0.5, 1.0]","{""time"": 1.0, ""collisions"": 0.05, ""congestion"": 1.0, ""fairness"": 1.0, ""incomplete_base"": 1000.0, ""incomplete_agent"": 10.0}","[74.5041289933695, 43.0281746031746, 45.777757685352626, 59.711083743842366, 36.299644175013185, 52.3343105899076, 55.124558173784976, 55.21578947368422, 59.764570007107324, 46.93522662076879]","[47.400000000000006, 31.5, 31.6, 40.6, 27.1, 33.5, 38.800000000000004, 38.0, 40.2, 33.2]"
ga,5,6,56.907859943581684,32.86000000000001,251.8,1.8355980388197701,5.5,12.26607142857143,21.888333333333335,9.622261904761908,True,0.0,hospital_corridor,28,12,"[11, 29, 47, 53, 61, 73, 89, 97, 101, 109]","[3.4548732896318612, 3.109083518675982, 0.8531547256098879, 0.5, 1.0]","{""time"": 1.0, ""collisions"": 0.05, ""congestion"": 1.0, ""fairness"": 1.0, ""incomplete_base"": 1000.0, ""incomplete_agent"": 10.0}","[80.06381733021078, 63.57451124144673, 49.045048607678375, 72.2325187969925, 43.10511782032401, 43.02816901408451, 56.26120019436347, 60.35198412698413, 48.69182754182755, 52.724404761904765]","[36.6, 34.1, 28.900000000000002, 38.0, 29.1, 28.400000000000002, 34.300000000000004, 36.0, 29.6, 33.6]"
ga,5,7,57.63401294320533,31.960000000000008,296.4,1.7411558003481722,5.2,12.284642857142858,21.3975,9.112857142857143,True,0.0,hospital_corridor,28,12,"[11, 29, 47, 53, 61, 73, 89, 97, 101, 109]","[3.2205475412527167, 2.6402965601677466, 0.8556455573251327, 0.5, 1.0]","{""time"": 1.0, ""collisions"": 0.05, ""congestion"": 1.0, ""fairness"": 1.0, ""incomplete_base"": 1000.0, ""incomplete_agent"": 10.0}","[74.4485654198588, 47.10632832080201, 62.21136363636364, 65.22459100204499, 45.09224572004029, 44.921622076392396, 63.93131681243926, 71.03013944708319, 55.71471004243282, 46.659246954595794]","[31.700000000000003, 30.400000000000002, 29.700000000000003, 32.6, 33.1, 28.3, 34.300000000000004, 39.1, 30.3, 30.1]"
ga,5,8,51.83024909058291,34.53,119.4,1.724653852487668,5.3,13.141071428571427,22.746666666666663,9.605595238095239,True,0.0,hospital_corridor,28,12,"[11, 29, 47, 53, 61, 73, 89, 97, 101, 109]","[3.0639472644347125, 3.0493779428518097, 0.9121827948191905, 0.5, 1.0]","{""time"": 1.0, ""collisions"": 0.05, ""congestion"": 1.0, ""fairness"": 1.0, ""incomplete_base"": 1000.0, ""incomplete_agent"": 10.0}","[70.60236588306208, 43.33747574264816, 44.15170401493931, 53.18963651291237, 34.95540293040293, 44.568438445612365, 56.869131983502065, 68.89096286313267, 53.46809392265194, 48.26927860696517]","[39.5, 31.900000000000002, 30.6, 31.900000000000002, 26.0, 29.900000000000002, 38.1, 47.7, 36.2, 33.5]"
ga,5,9,48.932954280339736,32.809999999999995,102.9,1.6540257089111647,5.3,12.49107142857143,21.815000000000005,9.323928571428572,True,0.0,hospital_corridor,28,12,"[11, 29, 47, 53, 61, 73, 89, 97, 101, 109]","[3.139491938070293, 3.0493779428518097, 0.9121827948191905, 0.5, 1.0]","{""time"": 1.0, ""collisions"": 0.05, ""congestion"": 1.0, ""fairness"": 1.0, ""incomplete_base"": 1000.0, ""incomplete_agent"": 10.0}","[67.13078231292518, 43.635714285714286, 45.400510204081634, 45.95282277859597, 40.20994813767091, 46.62619047619048, 53.71588490982225, 51.18250605326876, 46.912360925678676, 48.56282271944923]","[39.2, 31.5, 29.400000000000002, 29.1, 30.3, 31.200000000000003, 36.7, 35.4, 32.1, 33.2]"
ga,5,10,49.28897933579769,32.39,106.0,1.8420745738929338,5.4,12.566428571428572,22.323333333333334,9.75690476190476,True,0.0,hospital_corridor,28,12,"[11, 29, 47, 53, 61, 73, 89, 97, 101, 109]","[2.7828482013100313, 3.0587400795461486, 0.859271209539123, 0.5, 1.0]","{""time"": 1.0, ""collisions"": 0.05, ""congestion"": 1.0, ""fairness"": 1.0, ""incomplete_base"": 1000.0, ""incomplete_agent"": 10.0}","[52.89913913448115, 42.684893666204346, 47.16021505376344, 45.53120978120978, 39.66984126984127, 53.309890965732095, 58.37863569592362, 53.58413141793031, 51.70207024158638, 47.9697661313046]","[30.700000000000003, 30.900000000000002, 31.0, 29.6, 27.0, 32.1, 38.900000000000006, 35.800000000000004, 34.1, 33.800000000000004]"
ga,5,11,49.129074058342056,35.09,57.6,1.6331216773896688,5.0,13.593214285714286,23.119166666666665,9.525952380952381,True,0.0,hospital_corridor,28,12,"[11, 29, 47, 53, 61, 73, 89, 97, 101, 109]","[2.6294982612956233, 3.0820413403133617, 0.9303693850143111, 0.5, 1.0]","{""time"": 1.0, ""collisions"": 0.05, ""congestion"": 1.0, ""fairness"": 1.0, ""incomplete_base"": 1000.0, ""incomplete_agent"": 10.0}","[53.57238095238095, 42.81322751322751, 46.94594594594595, 55.21675824175825, 36.574373433583965, 46.676300366300374, 53.92891156462586, 56.609404761904756, 49.75654761904762, 49.19689018464529]","[40.0, 32.4, 33.300000000000004, 39.0, 26.6, 32.5, 39.2, 40.0, 33.6, 34.300000000000004]"
ga,5,12,53.83045628995788,38.00000000000001,61.2,1.7387896232912028,5.1,13.502499999999998,24.534166666666668,11.031666666666668,True,0.0,hospital_corridor,28,12,"[11, 29, 47, 53, 61, 73, 89, 97, 101, 109]","[3.063556767382518, 3.942981951499595, 0.9162811287478664, 0.5, 1.0]","{""time"": 1.0, ""collisions"": 0.05, ""congestion"": 1.0, ""fairness"": 1.0, ""incomplete_base"": 1000.0, ""incomplete_agent"": 10.0}","[77.4904761904762, 47.513957307060764, 42.84318038473668, 45.867879394748556, 34.083397683397685, 46.38143307796305, 60.42929352068696, 58.984415584415586, 45.45828783742797, 79.25224191866528]","[54.6, 34.800000000000004, 30.200000000000003, 32.1, 25.900000000000002, 31.700000000000003, 42.7, 41.800000000000004, 31.400000000000002, 54.800000000000004]"
ga,5,13,52.13218810522285,35.27,98.7,1.709330962365696,4.9,13.424642857142857,23.642500000000002,10.217857142857145,True,0.0,hospital_corridor,28,12,"[11, 29, 47, 53, 61, 73, 89, 97, 101, 109]","[2.7692802973456194, 3.0003515160259067, 0.9259893880949827, 0.5, 1.0]","{""time"": 1.0, ""collisions"": 0.05, ""congestion"": 1.0, ""fairness"": 1.0, ""incomplete_base"": 1000.0, ""incomplete_agent"": 10.0}","[58.638451363451374, 44.75310120913569, 46.26038257408228, 70.0083853191932, 35.472882588149766, 52.19948240165632, 54.54077457069785, 52.037603519668735, 56.15, 51.260817506193234]","[35.1, 31.900000000000002, 32.300000000000004, 45.800000000000004, 26.200000000000003, 34.5, 39.1, 36.800000000000004, 36.4, 34.6]"
ga,5,14,53.29611578510749,33.29,178.2,1.788972927964629,5.6,12.335357142857143,21.642500000000005,9.307142857142857,True,0.0,hospital_corridor,28,12,"[11, 29, 47, 53, 61, 73, 89, 97, 101, 109]","[3.284756057568613, 2.8438415739464373, 0.9020827014603421, 0.5, 1.0]","{""time"": 1.0, ""collisions"": 0.05, ""congestion"": 1.0, ""fairness"": 1.0, ""incomplete_base"": 1000.0, ""incomplete_agent"": 10.0}","[83.579110612855, 42.03322863347294, 44.32588781275222, 58.20833333333334, 46.88129661503156, 45.00855424644085, 60.37736464448793, 55.71549570647932, 49.3891172867861, 47.44276895943563]","[44.6, 30.700000000000003, 29.5, 29.200000000000003, 33.2, 29.1, 36.5, 36.6, 31.1, 32.4]"
ga,5,15,53.73474406571222,34.88000000000001,146.1,1.7405773990455493,5.4,13.015,22.824166666666667,9.809166666666666,True,0.0,hospital_corridor,28,12,"[11, 29, 47, 53, 61, 73, 89, 97, 101, 109]","[2.7695690489951668, 2.77759941696317, 0.891755565767891, 0.5, 1.0]","{""time"": 1.0, ""collisions"": 0.05, ""congestion"": 1.0, ""fairness"": 1.0, ""incomplete_base"": 1000.0, ""incomplete_agent"": 10.0}","[74.76711436711436, 41.90730209281165, 44.208730158730155, 57.442574656981435, 46.329345815996305, 49.01547619047619, 58.00641025641026, 55.27485119047619, 62.86680570038234, 47.52883022774327]","[35.1, 31.400000000000002, 31.5, 35.4, 30.900000000000002, 31.5, 39.0, 38.400000000000006, 41.1, 34.5]"
ga,5,16,57.642209896264056,32.440000000000005,286.4,1.6874479915021445,5.2,11.69857142857143,20.893333333333338,9.194761904761906,True,0.0,hospital_corridor,28,12,"[11, 29, 47, 53, 61, 73, 89, 97, 101, 109]","[3.70206598077061, 2.550056185345175, 0.9228001001486564, 0.5, 1.0]","{""time"": 1.0, ""collisions"": 0.05, ""congestion"": 1.0, ""fairness"": 1.0, ""incomplete_base"": 1000.0, ""incomplete_agent"": 10.0}","[103.33767815710972, 44.44696467991171, 50.61800441826215, 61.70711951447246, 43.916445680068435, 45.95993173493174, 58.658928571428575, 63.346428571428575, 54.90761904761905, 49.522978587408126]","[43.1, 30.200000000000003, 29.1, 30.6, 33.4, 28.6, 33.6, 36.0, 30.0, 29.8]"
ga,5,17,1172.7316720391004,100.0,147.9,0.44670000000000004,4.0,12.433724930596544,22.323696969696975,9.889972039100428,False,5.5,hospital_corridor,28,12,"[11, 29, 47, 53, 61, 73, 89, 97, 101, 109]","[3.776462313385792, 2.7145251374163872, 1.3165455175659901, 0.5, 1.0]","{""time"": 1.0, ""collisions"": 0.05, ""congestion"": 1.0, ""fairness"": 1.0, ""incomplete_base"": 1000.0, ""incomplete_agent"": 10.0}","[1155.5198974358975, 1233.390459893048, 1161.3220000000001, 1169.5577391304348, 1211.298, 1129.709925925926, 1159.6863846153847, 1154.5375185185185, 1171.3186837606838, 1180.976111111111]","[100.0, 100.0, 100.0, 100.0, 100.0, 100.0, 100.0, 100.0, 100.0, 100.0]"
ga,5,18,55.74096975279039,31.339999999999996,257.8,1.7860888004094417,5.1,11.929285714285715,21.65416666666667,9.724880952380953,True,0.0,hospital_corridor,28,12,"[11, 29, 47, 53, 61, 73, 89, 97, 101, 109]","[3.700873791538714, 2.7733676840177095, 0.9253500107010042, 0.5, 1.0]","{""time"": 1.0, ""collisions"": 0.05, ""congestion"": 1.0, ""fairness"": 1.0, ""incomplete_base"": 1000.0, ""incomplete_agent"": 10.0}","[79.05994505494506, 53.23541289933695, 50.16211001642036, 64.27639199880579, 40.74397398134512, 48.59059233449478, 59.39198841698842, 55.83373983739838, 54.13246753246753, 51.983075455701574]","[32.5, 31.6, 29.0, 31.900000000000002, 29.1, 28.700000000000003, 33.300000000000004, 32.800000000000004, 30.8, 33.7]"
ga,5,19,52.58436819990746,30.630000000000003,226.6,1.7062729618122163,5.2,11.598571428571429,20.51666666666667,8.918095238095237,True,0.0,hospital_corridor,28,12,"[11, 29, 47, 53, 61, 73, 89, 97, 101, 109]","[3.700873791538714, 2.6370068264291326, 0.9253500107010042, 0.5, 1.0]","{""time"": 1.0, ""collisions"": 0.05, ""congestion"": 1.0, ""fairness"": 1.0, ""incomplete_base"": 1000.0, ""incomplete_agent"": 10.0}","[79.07055963864646, 43.42117940199336, 44.125625920471286, 43.45232626619553, 41.11891715590346, 47.007868757259004, 53.43354978354979, 62.46816066369891, 57.06211484593838, 54.683379565418406]","[31.1, 30.1, 29.1, 28.3, 29.200000000000003, 28.700000000000003, 33.0, 35.300000000000004, 30.6, 30.900000000000002]"
ga,5,20,52.44568404406081,36.980000000000004,63.4,1.7253269012036612,5.3,13.789642857142857,24.360000000000003,10.570357142857144,True,0.0,hospital_corridor,28,12,"[11, 29, 47, 53, 61, 73, 89, 97, 101, 109]","[2.3823259897451003, 3.362511845693652, 0.8730047516928967, 0.5, 1.0]","{""time"": 1.0, ""collisions"": 0.05, ""congestion"": 1.0, ""fairness"": 1.0, ""incomplete_base"": 1000.0, ""incomplete_agent"": 10.0}","[66.6219696969697, 43.124679345422386, 49.12927565392354, 42.72825814536341, 46.325312583133815, 48.613073394495416, 62.87985842985844, 55.731252271901134, 51.91806239737275, 57.38509852216749]","[44.0, 32.300000000000004, 35.5, 30.400000000000002, 35.800000000000004, 32.7, 44.400000000000006, 39.300000000000004, 34.800000000000004, 40.6]"
ga,5,21,50.36379861485515,33.44,111.5,1.7989176624741934,5.2,12.784285714285716,22.33416666666667,9.549880952380953,True,0.0,hospital_corridor,28,12,"[11, 29, 47, 53, 61, 73, 89, 97, 101, 109]","[2.9471360294190005, 3.100074480005603, 0.8947852931972071, 0.5, 1.0]","{""time"": 1.0, ""collisions"": 0.05, ""congestion"": 1.0, ""fairness"": 1.0, ""incomplete_base"": 1000.0, ""incomplete_agent"": 10.0}","[58.12981366459628, 41.76286939212984, 49.8417748917749, 52.8857003211842, 42.121648173832654, 42.92278911564626, 56.38432695913011, 53.917010440539855, 59.01029185867896, 46.66176133103844]","[32.2, 31.1, 30.8, 34.1, 30.900000000000002, 29.400000000000002, 38.1, 37.4, 37.2, 33.2]"
ga,5,22,49.40228511506221,33.14,105.8,1.7252613055384,5.5,12.732142857142858,21.979166666666668,9.247023809523812,True,0.0,hospital_corridor,28,12,"[11, 29, 47, 53, 61, 73, 89, 97, 101, 109]","[3.0063185192902324, 3.017608953442153, 0.9163317100395216, 0.5, 1.0]","{""time"": 1.0, ""collisions"": 0.05, ""congestion"": 1.0, ""fairness"": 1.0, ""incomplete_base"": 1000.0, ""incomplete_agent"": 10.0}","[61.830709426627806, 44.46505075384386, 44.66404761904762, 49.246518418688225, 40.99341736694678, 43.88673469387756, 53.11792149292149, 52.76517298608452, 49.4677811550152, 53.58549723756907]","[34.300000000000004, 31.900000000000002, 30.0, 31.8, 30.6, 29.400000000000002, 37.0, 37.300000000000004, 32.9, 36.2]"
ga,5,23,48.74657338659781,33.78,74.9,1.7389543389787654,5.0,13.038214285714286,22.520833333333332,9.482619047619048,True,0.0,hospital_corridor,28,12,"[11, 29, 47, 53, 61, 73, 89, 97, 101, 109]","[2.8265185454379047, 3.0099685851752644, 0.9259388068033275, 0.5, 1.0]","{""time"": 1.0, ""collisions"": 0.05, ""congestion"": 1.0, ""fairness"": 1.0, ""incomplete_base"": 1000.0, ""incomplete_agent"": 10.0}","[59.4025582573455, 49.9340318772137, 45.802112999540654, 49.87846320346321, 34.98108465608466, 43.57251082251082, 54.38673555716703, 52.084237829209904, 50.01342694972726, 47.41057171371543]","[37.6, 36.300000000000004, 31.1, 34.1, 27.0, 30.8, 39.400000000000006, 35.800000000000004, 32.300000000000004, 33.4]"
ga,6,0,48.415149484542596,32.81,85.9,1.8147923416854475,5.4,12.749642857142856,22.245,9.495357142857143,True,0.0,hospital_corridor,28,12,"[11, 29, 47, 53, 61, 73, 89, 97, 101, 109]","[2.981062820993159, 3.11461000188923, 0.9092019076194191, 0.5, 1.0]","{""time"": 1.0, ""collisions"": 0.05, ""congestion"": 1.0, ""fairness"": 1.0, ""incomplete_base"": 1000.0, ""incomplete_agent"": 10.0}","[53.5728835978836, 56.61630952380952, 44.63841991341991, 44.622281813749396, 34.55897435897436, 43.83288840788841, 54.4332884097035, 52.65099846390169, 49.53928571428571, 49.6861646418098]","[32.4, 40.0, 30.8, 29.3, 26.0, 29.700000000000003, 37.1, 37.2, 31.5, 34.1]"
ga,6,1,48.630358341568524,31.76,120.4,1.7766678653780485,5.3,12.077142857142857,21.15083333333333,9.073690476190475,True,0.0,hospital_corridor,28,12,"[11, 29, 47, 53, 61, 73, 89, 97, 101, 109]","[3.1944484966545454, 3.247953143334261, 0.856402149546192, 0.5, 1.0]","{""time"": 1.0, ""collisions"": 0.05, ""congestion"": 1.0, ""fairness"": 1.0, ""incomplete_base"": 1000.0, ""incomplete_agent"": 10.0}","[63.71725302061124, 41.68084768109198, 42.46981960019503, 50.95912698412698, 39.57137264301694, 46.25092924317063, 53.2783185840708, 51.305952380952384, 49.973715538847124, 47.09624773960218]","[33.5, 30.700000000000003, 29.3, 31.5, 29.8, 31.900000000000002, 33.9, 35.0, 30.400000000000002, 31.6]"
ga,6,2,114.96124002418526,30.680000000000007,1467.7,1.7962400241852534,5.6,11.39,20.490000000000002,9.100000000000001,True,0.0,hospital_corridor,28,12,"[11, 29, 47, 53, 61, 73, 89, 97, 101, 109]","[3.119815267794889, 3.104837880463088, 0.7092218234302483, 0.5, 1.0]","{""time"": 1.0, ""collisions"": 0.05, ""congestion"": 1.0, ""fairness"": 1.0, ""incomplete_base"": 1000.0, ""incomplete_agent"": 10.0}","[151.22271524771526, 166.95676190476195, 82.39803921568628, 114.30778388278388, 90.5015306122449, 97.07306707629289, 110.19722222222222, 122.10700442967885, 110.30720422189495, 104.54107142857143]","[29.700000000000003, 37.5, 28.900000000000002, 27.3, 29.400000000000002, 27.900000000000002, 33.300000000000004, 30.1, 29.1, 33.6]"
ga,6,3,48.776818597389514,32.56,105.7,1.7408662164371342,5.1,12.738214285714285,21.929166666666667,9.19095238095238,True,0.0,hospital_corridor,28,12,"[11, 29, 47, 53, 61, 73, 89, 97, 101, 109]","[2.972625764469047, 3.1098466014317445, 0.8981563756779976, 0.5, 1.0]","{""time"": 1.0, ""collisions"": 0.05, ""congestion"": 1.0, ""fairness"": 1.0, ""incomplete_base"": 1000.0, ""incomplete_agent"": 10.0}","[66.87648890618918, 41.214610389610385, 43.63934464875058, 45.93418024928092, 34.84437984496124, 45.0608843537415, 54.948921832884096, 61.24217110573043, 47.243406593406604, 46.76379804934022]","[36.7, 30.8, 30.3, 29.8, 25.8, 29.400000000000002, 37.1, 41.300000000000004, 31.200000000000003, 33.2]"
ga,6,4,51.44163425474426,32.71,161.0,1.7106818737918708,5.5,12.790714285714285,21.76166666666667,8.970952380952383,True,0.0,hospital_corridor,28,12,"[11, 29, 47, 53, 61, 73, 89, 97, 101, 109]","[3.0682925967551364, 2.815506961359958, 0.9170024170386344, 0.5, 1.0]","{""time"": 1.0, ""collisions"": 0.05, ""congestion"": 1.0, ""fairness"": 1.0, ""incomplete_base"": 1000.0, ""incomplete_agent"": 10.0}","[71.17434150772026, 42.892933947772654, 45.676629072681706, 54.4562324929972, 46.14757236227825, 46.51568627450981, 54.29813664596274, 55.51858974358974, 49.32561443932413, 48.41060606060606]","[36.7, 31.0, 30.400000000000002, 30.6, 30.6, 30.6, 36.800000000000004, 36.4, 31.0, 33.0]"
ga,6,5,54.70229295159974,33.78,190.4,1.7881262849330604,5.3,12.855,22.46916666666667,9.614166666666668,True,0.0,hospital_corridor,28,12,"[11, 29, 47, 53, 61, 73, 89, 97, 101, 109]","[3.140783451431351, 2.8652721570400144, 0.903279351084225, 0.5, 1.0]","{""time"": 1.0, ""collisions"": 0.05, ""congestion"": 1.0, ""fairness"": 1.0, ""incomplete_base"": 1000.0, ""incomplete_agent"": 10.0}","[78.74590219121067, 45.1007326007326, 50.908340636868246, 59.53607180891526, 49.81562816616008, 43.729665379665384, 56.95001337613697, 59.56349206349206, 51.89233226837061, 50.78075102444539]","[38.900000000000006, 31.200000000000003, 32.6, 31.3, 37.6, 29.6, 35.6, 36.0, 31.3, 33.7]"
ga,6,6,1063.0706691836372,38.919999999999995,133.1,1.673262040779965,5.4,12.391342857142856,21.213749999999997,8.822407142857141,False,0.7,hospital_corridor,28,12,"[11, 29, 47, 53, 61, 73, 89, 97, 101, 109]","[3.086097471372023, 3.1081475849730262, 0.8757081962253788, 0.5, 1.0]","{""time"": 1.0, ""collisions"": 0.05, ""congestion"": 1.0, ""fairness"": 1.0, ""incomplete_base"": 1000.0, ""incomplete_agent"": 10.0}","[1201.0685, 42.944155844155844, 45.99075630252101, 53.73227432077125, 40.25877630121816, 44.01174168297457, 50.43510520487264, 57.49843555223137, 48.43890429958391, 46.32804232804233]","[100.0, 30.8, 30.6, 32.6, 30.1, 29.200000000000003, 34.4, 38.2, 30.900000000000002, 32.4]"
ga,6,7,70.52495325569204,29.660000000000004,596.8,1.86816754140632,5.7,11.188214285714285,20.345,9.156785714285714,True,0.0,hospital_corridor,28,12,"[11, 29, 47, 53, 61, 73, 89, 97, 101, 109]","[3.315911847678839, 3.101010413708559, 0.7615425608228015, 0.5, 1.0]","{""time"": 1.0, ""collisions"": 0.05, ""congestion"": 1.0, ""fairness"": 1.0, ""incomplete_base"": 1000.0, ""incomplete_agent"": 10.0}","[82.24342723004696, 66.43567393058919, 68.28274624918461, 92.22440476190475, 57.490418118466906, 58.400000000000006, 71.87707231040565, 72.21321233411398, 75.13528473244968, 60.94729288975864]","[28.400000000000002, 29.5, 29.200000000000003, 32.0, 28.700000000000003, 27.6, 32.4, 30.5, 29.1, 29.200000000000003]"
ga,6,8,48.932954280339736,32.809999999999995,102.9,1.6540257089111647,5.3,12.49107142857143,21.815000000000005,9.323928571428572,True,0.0,hospital_corridor,28,12,"[11, 29, 47, 53, 61, 73, 89, 97, 101, 109]","[3.139491938070293, 3.0493779428518097, 0.9121827948191905, 0.5, 1.0]","{""time"": 1.0, ""collisions"": 0.05, ""congestion"": 1.0, ""fairness"": 1.0, ""incomplete_base"": 1000.0, ""incomplete_agent"": 10.0}","[67.13078231292518, 43.635714285714286, 45.400510204081634, 45.95282277859597, 40.20994813767091, 46.62619047619048, 53.71588490982225, 51.18250605326876, 46.912360925678676, 48.56282271944923]","[39.2, 31.5, 29.400000000000002, 29.1, 30.3, 31.200000000000003, 36.7, 35.4, 32.1, 33.2]"
ga,6,9,48.932954280339736,32.809999999999995,102.9,1.6540257089111647,5.3,12.49107142857143,21.815000000000005,9.323928571428572,True,0.0,hospital_corridor,28,12,"[11, 29, 47, 53, 61, 73, 89, 97, 101, 109]","[3.139491938070293, 3.0493779428518097, 0.9121827948191905, 0.5, 1.0]","{""time"": 1.0, ""collisions"": 0.05, ""congestion"": 1.0, ""fairness"": 1.0, ""incomplete_base"": 1000.0, ""incomplete_agent"": 10.0}","[67.13078231292518, 43.635714285714286, 45.400510204081634, 45.95282277859597, 40.20994813767091, 46.62619047619048, 53.71588490982225, 51.18250605326876, 46.912360925678676, 48.56282271944923]","[39.2, 31.5, 29.400000000000002, 29.1, 30.3, 31.200000000000003, 36.7, 35.4, 32.1, 33.2]"
ga,6,10,49.40228511506221,33.14,105.8,1.7252613055384,5.5,12.732142857142858,21.979166666666668,9.247023809523812,True,0.0,hospital_corridor,28,12,"[11, 29, 47, 53, 61, 73, 89, 97, 101, 109]","[3.0063185192902324, 3.017608953442153, 0.9163317100395216, 0.5, 1.0]","{""time"": 1.0, ""collisions"": 0.05, ""congestion"": 1.0, ""fairness"": 1.0, ""incomplete_base"": 1000.0, ""incomplete_agent"": 10.0}","[61.830709426627806, 44.46505075384386, 44.66404761904762, 49.246518418688225, 40.99341736694678, 43.88673469387756, 53.11792149292149, 52.76517298608452, 49.4677811550152, 53.58549723756907]","[34.300000000000004, 31.900000000000002, 30.0, 31.8, 30.6, 29.400000000000002, 37.0, 37.300000000000004, 32.9, 36.2]"
ga,6,11,49.40228511506221,33.14,105.8,1.7252613055384,5.5,12.732142857142858,21.979166666666668,9.247023809523812,True,0.0,hospital_corridor,28,12,"[11, 29, 47, 53, 61, 73, 89, 97, 101, 109]","[3.0063185192902324, 3.017608953442153, 0.9163317100395216, 0.5, 1.0]","{""time"": 1.0, ""collisions"": 0.05, ""congestion"": 1.0, ""fairness"": 1.0, ""incomplete_base"": 1000.0, ""incomplete_agent"": 10.0}","[61.830709426627806, 44.46505075384386, 44.66404761904762, 49.246518418688225, 40.99341736694678, 43.88673469387756, 53.11792149292149, 52.76517298608452, 49.4677811550152, 53.58549723756907]","[34.300000000000004, 31.900000000000002, 30.0, 31.8, 30.6, 29.400000000000002, 37.0, 37.300000000000004, 32.9, 36.2]"
ga,6,12,1144.5338697801358,89.03999999999999,34.5,0.7323228451865845,4.2,15.526498519596345,27.56304545454546,12.03654693494911,False,4.1,hospital_corridor,28,12,"[11, 29, 47, 53, 61, 73, 89, 97, 101, 109]","[2.5296242594274103, 3.0912524697677197, 1.09715260691956, 0.5, 1.0]","{""time"": 1.0, ""collisions"": 0.05, ""congestion"": 1.0, ""fairness"": 1.0, ""incomplete_base"": 1000.0, ""incomplete_agent"": 10.0}","[1179.715181818182, 1197.6993333333332, 1173.1098333333334, 1169.6068484848486, 1161.8976376811595, 1145.5777482517483, 1135.7627435897436, 75.80591697645602, 50.57012099921937, 1155.5933333333332]","[100.0, 100.0, 100.0, 100.0, 100.0, 100.0, 100.0, 53.800000000000004, 36.6, 100.0]"
ga,6,13,1155.7236232892108,96.4,57.7,0.6106125,4.5,14.38274678654679,25.210757575757576,10.82801078921079,False,4.5,hospital_corridor,28,12,"[11, 29, 47, 53, 61, 73, 89, 97, 101, 109]","[2.9157365822279577, 3.130828524681574, 1.097299178315712, 0.5, 1.0]","{""time"": 1.0, ""collisions"": 0.05, ""congestion"": 1.0, ""fairness"": 1.0, ""incomplete_base"": 1000.0, ""incomplete_agent"": 10.0}","[1154.8265, 1238.887, 1152.6682727272728, 1168.0313636363637, 1178.517761904762, 1153.0221818181817, 1135.578358974359, 97.4578869047619, 1121.9327402597403, 1156.3141666666666]","[100.0, 100.0, 100.0, 100.0, 100.0, 100.0, 100.0, 64.0, 100.0, 100.0]"
ga,6,14,50.409707282976846,35.470000000000006,70.3,1.7049453782149366,5.9,13.37107142857143,23.090833333333332,9.719761904761905,True,0.0,hospital_corridor,28,12,"[11, 29, 47, 53, 61, 73, 89, 97, 101, 109]","[2.616509813410996, 3.0187501284090166, 0.8987566598299273, 0.5, 1.0]","{""time"": 1.0, ""collisions"": 0.05, ""congestion"": 1.0, ""fairness"": 1.0, ""incomplete_base"": 1000.0, ""incomplete_agent"": 10.0}","[59.39409476661953, 42.46467271118975, 46.6330411919369, 47.93898176291794, 35.64292402354201, 45.25936199722608, 57.36432022084196, 64.86301039346696, 50.10197444831592, 54.43469131371141]","[40.400000000000006, 32.300000000000004, 32.6, 32.9, 26.700000000000003, 30.900000000000002, 41.400000000000006, 44.900000000000006, 32.800000000000004, 39.800000000000004]"
ga,6,15,50.77958460310405,35.08,82.5,1.7100607935802377,5.2,13.482142857142856,23.34666666666667,9.864523809523812,True,0.0,hospital_corridor,28,12,"[11, 29, 47, 53, 61, 73, 89, 97, 101, 109]","[2.7182109886746817, 3.034990748737088, 0.9221139043952554, 0.5, 1.0]","{""time"": 1.0, ""collisions"": 0.05, ""congestion"": 1.0, ""fairness"": 1.0, ""incomplete_base"": 1000.0, ""incomplete_agent"": 10.0}","[66.46467887385901, 49.950592055003824, 52.53160239555946, 43.209715821812594, 35.61457998929909, 47.92812256049961, 54.32154761904762, 60.708232729711604, 49.123937728937726, 47.94283625730994]","[43.300000000000004, 37.4, 32.6, 31.0, 26.700000000000003, 30.5, 40.0, 42.6, 32.5, 34.2]"
ga,6,16,50.14547251434769,32.01,144.6,1.7567820381572141,5.4,12.319642857142858,21.468333333333334,9.148690476190477,True,0.0,hospital_corridor,28,12,"[11, 29, 47, 53, 61, 73, 89, 97, 101, 109]","[3.116931549778625, 3.126205535298631, 0.860993238575018, 0.5, 1.0]","{""time"": 1.0, ""collisions"": 0.05, ""congestion"": 1.0, ""fairness"": 1.0, ""incomplete_base"": 1000.0, ""incomplete_agent"": 10.0}","[66.70996020108923, 43.36355281526291, 42.22366828087167, 55.9, 40.81285714285715, 44.2233134920635, 55.53974676575833, 56.50857795172864, 49.22016806722689, 46.952880426618606]","[34.1, 30.700000000000003, 29.5, 33.6, 30.0, 28.8, 34.6, 36.5, 30.6, 31.700000000000003]"
ga,6,17,59.44216392984093,43.2,46.3,1.4665686917456948,4.9,14.646071428571428,27.106666666666673,12.46059523809524,True,0.0,hospital_corridor,28,12,"[11, 29, 47, 53, 61, 73, 89, 97, 101, 109]","[2.2573225850961967, 3.2037889483489925, 0.924018365849841, 0.5, 1.0]","{""time"": 1.0, ""collisions"": 0.05, ""congestion"": 1.0, ""fairness"": 1.0, ""incomplete_base"": 1000.0, ""incomplete_agent"": 10.0}","[73.1589058524173, 60.20303849825009, 52.48669339798583, 48.77527654121139, 52.82259056732742, 49.18908104789194, 71.16033834586467, 73.77224645583425, 54.22033462033462, 58.63313397129187]","[52.400000000000006, 44.900000000000006, 38.300000000000004, 35.300000000000004, 41.800000000000004, 34.9, 53.2, 52.400000000000006, 37.0, 41.800000000000004]"
ga,6,18,54.8660691235164,39.14999999999999,65.3,1.46892626637355,5.1,14.067857142857145,25.050000000000004,10.982142857142858,True,0.0,hospital_corridor,28,12,"[11, 29, 47, 53, 61, 73, 89, 97, 101, 109]","[2.3418424579710506, 3.022187036566803, 0.92279211168617, 0.5, 1.0]","{""time"": 1.0, ""collisions"": 0.05, ""congestion"": 1.0, ""fairness"": 1.0, ""incomplete_base"": 1000.0, ""incomplete_agent"": 10.0}","[54.619583644976316, 43.688311688311686, 49.227380952380955, 46.655486542443064, 50.69266532700037, 53.55063799000263, 60.4260908328089, 67.2176267281106, 64.64842995169083, 57.93447757743874]","[38.2, 33.0, 36.0, 34.5, 39.1, 36.2, 45.400000000000006, 46.5, 41.400000000000006, 41.2]"
ga,6,19,49.75906680356506,34.08,88.3,1.7275191845174418,5.1,13.321785714285715,22.858333333333334,9.53654761904762,True,0.0,hospital_corridor,28,12,"[11, 29, 47, 53, 61, 73, 89, 97, 101, 109]","[2.766531350512145, 3.031553840579301, 0.8980784525390126, 0.5, 1.0]","{""time"": 1.0, ""collisions"": 0.05, ""congestion"": 1.0, ""fairness"": 1.0, ""incomplete_base"": 1000.0, ""incomplete_agent"": 10.0}","[53.420644425434844, 41.64770946353225, 44.61495176848875, 62.21972789115647, 38.63721198156682, 47.2404984423676, 56.787155388471184, 53.550751879699256, 50.03800705467372, 49.43400974025975]","[33.4, 31.6, 31.1, 39.2, 27.900000000000002, 32.1, 39.900000000000006, 38.0, 32.4, 35.2]"
ga,6,20,51.291327971353525,33.11,142.7,1.7221613046868616,5.1,12.65,21.97416666666667,9.324166666666667,True,0.0,hospital_corridor,28,12,"[11, 29, 47, 53, 61, 73, 89, 97, 101, 109]","[3.063756683415909, 3.0569679819331483, 0.8779943580837225, 0.5, 1.0]","{""time"": 1.0, ""collisions"": 0.05, ""congestion"": 1.0, ""fairness"": 1.0, ""incomplete_base"": 1000.0, ""incomplete_agent"": 10.0}","[63.32261904761906, 48.60151515151515, 43.094063545150505, 62.89242424242424, 40.76843853820598, 43.76023328523329, 56.416645596291616, 51.94696765498652, 48.634431345353676, 53.47594130675527]","[33.6, 33.0, 29.900000000000002, 38.5, 30.1, 29.700000000000003, 33.9, 37.1, 30.900000000000002, 34.4]"
ga,6,21,49.771979951799416,33.980000000000004,93.5,1.708646618466084,5.0,12.85,22.258333333333333,9.408333333333333,True,0.0,hospital_corridor,28,12,"[11, 29, 47, 53, 61, 73, 89, 97, 101, 109]","[2.783038782328835, 3.05115004046481, 0.893459646274591, 0.5, 1.0]","{""time"": 1.0, ""collisions"": 0.05, ""congestion"": 1.0, ""fairness"": 1.0, ""incomplete_base"": 1000.0, ""incomplete_agent"": 10.0}","[65.62152654079088, 42.86547619047619, 43.73337124658781, 52.1600414078675, 36.24239926739927, 46.45252469408817, 55.13441832429174, 54.34859392575929, 50.33162317558603, 50.829824745147334]","[40.1, 31.5, 31.400000000000002, 34.5, 26.0, 32.300000000000004, 39.5, 38.1, 32.300000000000004, 34.1]"
ga,6,22,55.48789450036182,38.209999999999994,98.5,1.8245611670284902,5.2,13.905000000000001,24.433333333333334,10.528333333333334,True,0.0,hospital_corridor,28,12,"[11, 29, 47, 53, 61, 73, 89, 97, 101, 109]","[2.7726919887350783, 3.0045596659506097, 0.9259881234115858, 0.5, 1.0]","{""time"": 1.0, ""collisions"": 0.05, ""congestion"": 1.0, ""fairness"": 1.0, ""incomplete_base"": 1000.0, ""incomplete_agent"": 10.0}","[75.33829754123873, 50.266037988229, 47.08401518502138, 92.92976190476192, 35.25226864330638, 47.70453728661276, 54.74217687074831, 53.31356693620845, 49.56820987654321, 48.68007277094815]","[45.900000000000006, 35.6, 32.300000000000004, 67.60000000000001, 26.5, 31.8, 39.2, 37.1, 32.4, 33.7]"
ga,6,23,47.89609513049656,33.1,78.6,1.6915713209727545,5.0,13.079642857142858,22.25416666666667,9.174523809523809,True,0.0,hospital_corridor,28,12,"[11, 29, 47, 53, 61, 73, 89, 97, 101, 109]","[2.823106854048446, 3.0057604352505614, 0.9259400714867244, 0.5, 1.0]","{""time"": 1.0, ""collisions"": 0.05, ""congestion"": 1.0, ""fairness"": 1.0, ""incomplete_base"": 1000.0, ""incomplete_agent"": 10.0}","[62.794774627408216, 42.34030937215651, 44.33957280661461, 46.43880877272045, 34.64069264069264, 43.487236987818385, 53.8390273163529, 52.126472343812175, 51.119532627865965, 47.834523809523816]","[39.300000000000004, 31.400000000000002, 31.1, 31.700000000000003, 26.400000000000002, 30.1, 38.7, 35.9, 32.4, 34.0]"
ga,7,0,47.89609513049656,33.1,78.6,1.6915713209727545,5.0,13.079642857142858,22.25416666666667,9.174523809523809,True,0.0,hospital_corridor,28,12,"[11, 29, 47, 53, 61, 73, 89, 97, 101, 109]","[2.823106854048446, 3.0057604352505614, 0.9259400714867244, 0.5, 1.0]","{""time"": 1.0, ""collisions"": 0.05, ""congestion"": 1.0, ""fairness"": 1.0, ""incomplete_base"": 1000.0, ""incomplete_agent"": 10.0}","[62.794774627408216, 42.34030937215651, 44.33957280661461, 46.43880877272045, 34.64069264069264, 43.487236987818385, 53.8390273163529, 52.126472343812175, 51.119532627865965, 47.834523809523816]","[39.300000000000004, 31.400000000000002, 31.1, 31.700000000000003, 26.400000000000002, 30.1, 38.7, 35.9, 32.4, 34.0]"
ga,7,1,48.415149484542596,32.81,85.9,1.8147923416854475,5.4,12.749642857142856,22.245,9.495357142857143,True,0.0,hospital_corridor,28,12,"[11, 29, 47, 53, 61, 73, 89, 97, 101, 109]","[2.981062820993159, 3.11461000188923, 0.9092019076194191, 0.5, 1.0]","{""time"": 1.0, ""collisions"": 0.05, ""congestion"": 1.0, ""fairness"": 1.0, ""incomplete_base"": 1000.0, ""incomplete_agent"": 10.0}","[53.5728835978836, 56.61630952380952, 44.63841991341991, 44.622281813749396, 34.55897435897436, 43.83288840788841, 54.4332884097035, 52.65099846390169, 49.53928571428571, 49.6861646418098]","[32.4, 40.0, 30.8, 29.3, 26.0, 29.700000000000003, 37.1, 37.2, 31.5, 34.1]"
ga,7,2,49.62746483506648,32.220000000000006,129.1,1.7280600731617137,5.1,12.471428571428572,21.695833333333336,9.224404761904763,True,0.0,hospital_corridor,28,12,"[11, 29, 47, 53, 61, 73, 89, 97, 101, 109]","[3.051088864073069, 2.867675247661899, 0.9079251790565206, 0.5, 1.0]","{""time"": 1.0, ""collisions"": 0.05, ""congestion"": 1.0, ""fairness"": 1.0, ""incomplete_base"": 1000.0, ""incomplete_agent"": 10.0}","[70.39477004477004, 42.77622515025428, 41.9755912432087, 52.128336518553915, 41.671369636963696, 45.26648727984345, 53.47921599579058, 51.660754640839386, 48.072626703414485, 48.84927113702625]","[35.1, 30.900000000000002, 29.8, 29.900000000000002, 30.3, 29.200000000000003, 36.2, 35.4, 31.1, 34.300000000000004]"
ga,7,3,51.48932585231212,33.96,130.0,1.7052782332644991,5.0,13.071785714285715,22.395833333333336,9.32404761904762,True,0.0,hospital_corridor,28,12,"[11, 29, 47, 53, 61, 73, 89, 97, 101, 109]","[3.070757408351441, 3.112206911267345, 0.9045560796471235, 0.5, 1.0]","{""time"": 1.0, ""collisions"": 0.05, ""congestion"": 1.0, ""fairness"": 1.0, ""incomplete_base"": 1000.0, ""incomplete_agent"": 10.0}","[56.115617633191896, 41.19058021266759, 63.718616171300745, 59.43597308488613, 40.49820839226779, 45.63845514950167, 52.71249161636486, 53.84883540372671, 50.48516689634053, 51.24931396287328]","[30.3, 30.900000000000002, 44.7, 34.5, 30.3, 30.1, 35.5, 36.800000000000004, 31.1, 35.4]"
ga,7,4,49.99414203563407,32.71,122.2,1.7680706070626429,5.2,12.626428571428571,22.032500000000002,9.406071428571428,True,0.0,hospital_corridor,28,12,"[11, 29, 47, 53, 61, 73, 89, 97, 101, 109]","[3.1326708397615444, 2.9941878394269166, 0.9140772333894602, 0.5, 1.0]","{""time"": 1.0, ""collisions"": 0.05, ""congestion"": 1.0, ""fairness"": 1.0, ""incomplete_base"": 1000.0, ""incomplete_agent"": 10.0}","[60.38402079141515, 44.29723991507431, 42.770205920205925, 50.50300645682002, 43.01664715066355, 45.19455782312925, 58.21728571428571, 53.97892569896592, 50.15320512820514, 51.42632575757576]","[35.5, 31.400000000000002, 29.6, 29.5, 30.5, 29.400000000000002, 37.5, 37.300000000000004, 31.200000000000003, 35.2]"
ga,7,5,50.90154881965519,33.21,129.4,1.7173821529885267,4.9,12.7875,22.291666666666664,9.504166666666666,True,0.0,hospital_corridor,28,12,"[11, 29, 47, 53, 61, 73, 89, 97, 101, 109]","[3.075113695063885, 2.9854683994148736, 0.9151079784683647, 0.5, 1.0]","{""time"": 1.0, ""collisions"": 0.05, ""congestion"": 1.0, ""fairness"": 1.0, ""incomplete_base"": 1000.0, ""incomplete_agent"": 10.0}","[76.40504318672576, 43.74642857142857, 45.48290987535954, 56.483478513356566, 34.75082417582417, 43.30108889972371, 64.2944976076555, 49.613582251082256, 48.116666666666674, 46.82096844872918]","[41.900000000000006, 31.5, 29.8, 32.800000000000004, 26.0, 29.3, 41.800000000000004, 35.2, 31.200000000000003, 32.6]"
ga,7,6,50.50287911464103,33.32,117.7,1.7446648289267415,5.7,12.786785714285717,22.340000000000003,9.553214285714287,True,0.0,hospital_corridor,28,12,"[11, 29, 47, 53, 61, 73, 89, 97, 101, 109]","[3.040382465958154, 3.0440076883892955, 0.9065366784842281, 0.5, 1.0]","{""time"": 1.0, ""collisions"": 0.05, ""congestion"": 1.0, ""fairness"": 1.0, ""incomplete_base"": 1000.0, ""incomplete_agent"": 10.0}","[53.173912015137184, 49.42911392405064, 42.97662907268171, 53.901086956521745, 41.12994864612512, 49.01611498257841, 55.03744824016563, 49.94075805809789, 55.444933097205826, 54.978846153846156]","[30.200000000000003, 31.6, 30.400000000000002, 32.2, 30.6, 32.800000000000004, 36.800000000000004, 35.9, 36.300000000000004, 36.4]"
ga,7,7,48.362734491866746,32.89,88.2,1.7533297299619872,5.1,12.92392857142857,22.233333333333338,9.309404761904762,True,0.0,hospital_corridor,28,12,"[11, 29, 47, 53, 61, 73, 89, 97, 101, 109]","[2.865640822624284, 3.0369240950418153, 0.903724568873975, 0.5, 1.0]","{""time"": 1.0, ""collisions"": 0.05, ""congestion"": 1.0, ""fairness"": 1.0, ""incomplete_base"": 1000.0, ""incomplete_agent"": 10.0}","[60.70643727464877, 41.864525330899134, 45.88219593569912, 45.19389129389129, 35.32953728661276, 42.690435835351096, 54.97783123612139, 55.157804232804246, 54.280896751223864, 47.543789741415864]","[38.300000000000004, 31.3, 31.400000000000002, 29.700000000000003, 26.5, 29.5, 38.6, 37.800000000000004, 32.1, 33.7]"
ga,7,8,53.471424129320354,32.57,196.8,1.8236860340822598,5.3,12.55142857142857,21.789166666666667,9.237738095238095,True,0.0,hospital_corridor,28,12,"[11, 29, 47, 53, 61, 73, 89, 97, 101, 109]","[3.365771429114677, 3.1968598408645033, 0.8595757425524231, 0.5, 1.0]","{""time"": 1.0, ""collisions"": 0.05, ""congestion"": 1.0, ""fairness"": 1.0, ""incomplete_base"": 1000.0, ""incomplete_agent"": 10.0}","[77.19547140464228, 54.04070756829378, 49.4186778807086, 48.36810776942356, 53.45509638900878, 42.40361349486791, 56.47378246753247, 52.288843236409605, 49.512079949036476, 51.557861133280134]","[39.800000000000004, 31.900000000000002, 29.3, 28.5, 33.1, 28.3, 35.2, 33.9, 29.900000000000002, 35.800000000000004]"
ga,7,9,179.71608162722615,30.839999999999996,2757.6,1.9402482938927972,6.2,11.552500000000002,20.608333333333338,9.055833333333336,True,0.0,hospital_corridor,28,12,"[11, 29, 47, 53, 61, 73, 89, 97, 101, 109]","[3.1767183584241394, 3.8493253276665165, 0.6854572366573377, 0.5, 1.0]","{""time"": 1.0, ""collisions"": 0.05, ""congestion"": 1.0, ""fairness"": 1.0, ""incomplete_base"": 1000.0, ""incomplete_agent"": 10.0}","[194.92852152837185, 189.6134756995582, 146.39229258713794, 184.13848704038577, 171.44568764568766, 141.5864878803507, 186.1455400027446, 227.6706515540348, 176.60530153237767, 178.6343708016122]","[33.4, 29.1, 29.1, 31.6, 28.6, 27.700000000000003, 34.7, 33.4, 28.900000000000002, 31.900000000000002]"
ga,7,10,53.18076041845705,35.980000000000004,103.7,1.614808037504662,4.7,13.115714285714287,23.516666666666666,10.400952380952381,True,0.0,hospital_corridor,28,12,"[11, 29, 47, 53, 61, 73, 89, 97, 101, 109]","[2.727247062337958, 3.1639313693404993, 0.8657124639305794, 0.5, 1.0]","{""time"": 1.0, ""collisions"": 0.05, ""congestion"": 1.0, ""fairness"": 1.0, ""incomplete_base"": 1000.0, ""incomplete_agent"": 10.0}","[56.83091060985798, 42.645538566864445, 45.951691143747226, 69.95372023809524, 36.51724049331963, 45.598472823472825, 59.35418894830659, 68.65814536340852, 49.688975966562175, 56.60872003093581]","[34.2, 31.3, 32.1, 44.800000000000004, 27.8, 29.700000000000003, 37.4, 47.5, 31.900000000000002, 43.1]"
ga,7,11,58.84238025443206,32.260000000000005,317.1,1.7153564449082446,5.4,12.192142857142857,21.204166666666666,9.012023809523807,True,0.0,hospital_corridor,28,12,"[11, 29, 47, 53, 61, 73, 89, 97, 101, 109]","[3.0837112477275834, 2.22115371636251, 0.8894463454455398, 0.5, 1.0]","{""time"": 1.0, ""collisions"": 0.05, ""congestion"": 1.0, ""fairness"": 1.0, ""incomplete_base"": 1000.0, ""incomplete_agent"": 10.0}","[108.97435275080908, 45.65791453389174, 43.24731638418079, 64.62886904761905, 48.02596463022508, 47.555049261083745, 62.761477242830836, 54.7, 59.508437355524734, 53.36442133815552]","[41.2, 30.700000000000003, 29.5, 28.8, 31.1, 29.0, 36.2, 33.6, 30.900000000000002, 31.6]"
ga,7,12,51.552004950569106,33.38,151.3,1.729385902950051,5.6,12.788214285714286,21.66583333333333,8.87761904761905,True,0.0,hospital_corridor,28,12,"[11, 29, 47, 53, 61, 73, 89, 97, 101, 109]","[3.110814499941948, 3.091445342670928, 0.8774077368523964, 0.5, 1.0]","{""time"": 1.0, ""collisions"": 0.05, ""congestion"": 1.0, ""fairness"": 1.0, ""incomplete_base"": 1000.0, ""incomplete_agent"": 10.0}","[69.52197137922526, 49.18454179254784, 42.48863134657837, 58.634551495016616, 43.35157398529882, 43.638310580204774, 51.81679606625259, 55.68349420849421, 49.56535985729797, 51.634818794774546]","[38.6, 33.1, 30.200000000000003, 34.4, 29.8, 29.3, 36.800000000000004, 37.0, 30.700000000000003, 33.9]"
ga,7,13,49.8950041014114,32.8,118.3,1.6558374347447427,4.9,12.530000000000001,22.054166666666667,9.524166666666668,True,0.0,hospital_corridor,28,12,"[11, 29, 47, 53, 61, 73, 89, 97, 101, 109]","[3.114774909500368, 3.066080185153908, 0.9104832541921729, 0.5, 1.0]","{""time"": 1.0, ""collisions"": 0.05, ""congestion"": 1.0, ""fairness"": 1.0, ""incomplete_base"": 1000.0, ""incomplete_agent"": 10.0}","[55.85952380952381, 44.577133872416894, 46.237802498048396, 56.3680288102702, 42.73548680618745, 44.412831575583255, 53.90382882882883, 60.39190476190476, 47.20580774365822, 47.25769230769231]","[31.0, 31.8, 30.5, 31.900000000000002, 31.400000000000002, 29.8, 37.0, 40.0, 32.1, 32.5]"
ga,7,14,1198.2583249819884,38.07000000000001,2968.2,1.8494721681355955,6.2,11.95357142857143,20.882424242424243,8.928852813852815,False,0.1,hospital_corridor,28,12,"[11, 29, 47, 53, 61, 73, 89, 97, 101, 109]","[3.059220095236447, 2.6033167866168174, 0.5878711817486353, 0.5, 1.0]","{""time"": 1.0, ""collisions"": 0.05, ""congestion"": 1.0, ""fairness"": 1.0, ""incomplete_base"": 1000.0, ""incomplete_agent"": 10.0}","[1297.0643376623377, 204.5180156021453, 161.26311149032992, 204.73528037383178, 168.04282810685254, 162.6054984583762, 199.02356549267907, 230.38879980563655, 182.8890289449113, 172.05278388278387]","[100.0, 29.3, 29.3, 32.1, 28.700000000000003, 27.8, 36.1, 34.300000000000004, 30.6, 32.5]"
ga,7,15,74.71397973014298,31.98,622.6,1.7663606825239362,5.1,11.775714285714287,21.613333333333333,9.837619047619047,True,0.0,hospital_corridor,28,12,"[11, 29, 47, 53, 61, 73, 89, 97, 101, 109]","[2.972061420311398, 3.1489167765399424, 0.7600932784838678, 0.5, 1.0]","{""time"": 1.0, ""collisions"": 0.05, ""congestion"": 1.0, ""fairness"": 1.0, ""incomplete_base"": 1000.0, ""incomplete_agent"": 10.0}","[105.3929469901168, 80.12313336210617, 56.52441485068604, 109.89148351648352, 61.78327770360482, 58.046303258145365, 73.06601382488479, 75.80822259136212, 67.65849944629015, 58.84550175775008]","[31.8, 33.1, 29.5, 36.4, 32.1, 28.5, 34.1, 34.4, 30.1, 29.8]"
ga,7,16,49.69534796323778,34.580000000000005,78.6,1.6954670108568213,5.0,13.411785714285713,22.901666666666667,9.48988095238095,True,0.0,hospital_corridor,28,12,"[11, 29, 47, 53, 61, 73, 89, 97, 101, 109]","[2.9779576269693084, 3.1127605007143413, 0.9681774705788871, 0.5, 1.0]","{""time"": 1.0, ""collisions"": 0.05, ""congestion"": 1.0, ""fairness"": 1.0, ""incomplete_base"": 1000.0, ""incomplete_agent"": 10.0}","[60.034904761904755, 41.14523429179979, 45.791964285714286, 54.04880952380953, 34.377503168567806, 56.46584922797457, 54.873363095238105, 52.84400826446282, 46.66142634623943, 50.710416666666674]","[37.5, 31.3, 32.0, 36.800000000000004, 26.3, 36.7, 38.400000000000006, 36.300000000000004, 32.1, 38.400000000000006]"
ga,7,17,50.001965935966155,33.269999999999996,107.2,1.8000611740613952,5.4,12.891428571428571,22.463333333333335,9.571904761904761,True,0.0,hospital_corridor,28,12,"[11, 29, 47, 53, 61, 73, 89, 97, 101, 109]","[2.975730958492898, 3.111696102606633, 0.9032517546159542, 0.5, 1.0]","{""time"": 1.0, ""collisions"": 0.05, ""congestion"": 1.0, ""fairness"": 1.0, ""incomplete_base"": 1000.0, ""incomplete_agent"": 10.0}","[65.44389922173856, 46.0022565742715, 43.34169381107492, 46.736038961038965, 44.14365729898517, 46.73117433414044, 53.800549450549454, 51.26584249084249, 48.935737033666975, 53.618810183353126]","[36.1, 33.5, 30.700000000000003, 30.8, 30.5, 29.5, 37.7, 36.4, 31.400000000000002, 36.1]"
ga,7,18,47.35085923915546,33.19,60.0,1.787287810584035,5.6,12.663928571428572,22.0375,9.373571428571429,True,0.0,hospital_corridor,28,12,"[11, 29, 47, 53, 61, 73, 89, 97, 101, 109]","[3.063756683415909, 3.666135534563628, 0.8779943580837225, 0.5, 1.0]","{""time"": 1.0, ""collisions"": 0.05, ""congestion"": 1.0, ""fairness"": 1.0, ""incomplete_base"": 1000.0, ""incomplete_agent"": 10.0}","[60.8928481468154, 41.574697533736625, 41.8535155001598, 46.015079365079366, 41.303765227021046, 44.212752772341815, 53.341513056835645, 49.52099921935988, 44.864389736477115, 49.92903183372797]","[39.7, 30.700000000000003, 29.8, 31.5, 30.1, 29.200000000000003, 37.2, 36.6, 30.900000000000002, 36.2]"
ga,7,19,51.291327971353525,33.11,142.7,1.7221613046868616,5.1,12.65,21.97416666666667,9.324166666666667,True,0.0,hospital_corridor,28,12,"[11, 29, 47, 53, 61, 73, 89, 97, 101, 109]","[3.063756683415909, 3.0569679819331483, 0.8779943580837225, 0.5, 1.0]","{""time"": 1.0, ""collisions"": 0.05, ""congestion"": 1.0, ""fairness"": 1.0, ""incomplete_base"": 1000.0, ""incomplete_agent"": 10.0}","[63.32261904761906, 48.60151515151515, 43.094063545150505, 62.89242424242424, 40.76843853820598, 43.76023328523329, 56.416645596291616, 51.94696765498652, 48.634431345353676, 53.47594130675527]","[33.6, 33.0, 29.900000000000002, 38.5, 30.1, 29.700000000000003, 33.9, 37.1, 30.900000000000002, 34.4]"
ga,7,20,49.77469275722151,33.33,113.0,1.8156451381738907,5.1,13.276785714285717,22.255833333333335,8.979047619047618,True,0.0,hospital_corridor,28,12,"[11, 29, 47, 53, 61, 73, 89, 97, 101, 109]","[2.911765564045062, 3.0311127279587344, 0.90316373382952, 0.5, 1.0]","{""time"": 1.0, ""collisions"": 0.05, ""congestion"": 1.0, ""fairness"": 1.0, ""incomplete_base"": 1000.0, ""incomplete_agent"": 10.0}","[65.97420634920636, 41.76033394188347, 44.627871148459384, 57.50438596491229, 36.125361155698236, 44.505216967333006, 56.48398354064581, 53.616781874039944, 50.65327380952381, 46.495512820512815]","[37.800000000000004, 31.3, 30.6, 38.0, 26.700000000000003, 29.3, 37.9, 37.2, 32.0, 32.5]"
ga,7,21,1141.3960700524276,90.32,32.5,0.6713747730692684,4.2,14.759016841853802,27.538712121212125,12.779695279358325,False,3.6,hospital_corridor,28,12,"[11, 29, 47, 53, 61, 73, 89, 97, 101, 109]","[2.28987705243492, 3.037015343302092, 1.023228532179817, 0.5, 1.0]","{""time"": 1.0, ""collisions"": 0.05, ""congestion"": 1.0, ""fairness"": 1.0, ""incomplete_base"": 1000.0, ""incomplete_agent"": 10.0}","[1155.5931818181818, 1193.4893333333334, 1143.9854265734266, 1149.0365, 1162.0841594202898, 52.92050264550265, 1137.4942564102564, 1161.3154444444444, 80.53100698995195, 1177.510888888889]","[100.0, 100.0, 100.0, 100.0, 100.0, 37.800000000000004, 100.0, 100.0, 65.4, 100.0]"
ga,7,22,48.58710372616955,32.69,102.6,1.729246583312408,5.4,12.677142857142858,21.715000000000003,9.037857142857142,True,0.0,hospital_corridor,28,12,"[11, 29, 47, 53, 61, 73, 89, 97, 101, 109]","[2.9790766561314124, 3.0831325686571303, 0.8942594952303825, 0.5, 1.0]","{""time"": 1.0, ""collisions"": 0.05, ""congestion"": 1.0, ""fairness"": 1.0, ""incomplete_base"": 1000.0, ""incomplete_agent"": 10.0}","[70.03845299777943, 41.59799418159547, 44.4176424668228, 49.09659863945579, 40.35037593984963, 43.44948979591837, 51.890296495956875, 51.41853281853281, 47.888827838827844, 45.72282608695653]","[38.6, 31.1, 30.5, 29.400000000000002, 30.400000000000002, 29.400000000000002, 37.1, 37.0, 31.200000000000003, 32.2]"
ga,7,23,49.59766048056872,32.36,129.1,1.7809938139020471,5.5,12.6075,21.60916666666667,9.001666666666669,True,0.0,hospital_corridor,28,12,"[11, 29, 47, 53, 61, 73, 89, 97, 101, 109]","[3.057305791753543, 3.0836820147077626, 0.8818912385313376, 0.5, 1.0]","{""time"": 1.0, ""collisions"": 0.05, ""congestion"": 1.0, ""fairness"": 1.0, ""incomplete_base"": 1000.0, ""incomplete_agent"": 10.0}","[62.32692453978397, 42.20499231950845, 42.59428571428572, 56.6410695626213, 43.39869165487977, 44.533802308802315, 56.26506374203225, 52.531081081081076, 47.354403606102636, 48.12629027658967]","[31.3, 31.0, 30.0, 31.900000000000002, 30.3, 29.700000000000003, 38.1, 37.0, 30.900000000000002, 33.4]"
ga,8,0,47.35085923915546,33.19,60.0,1.787287810584035,5.6,12.663928571428572,22.0375,9.373571428571429,True,0.0,hospital_corridor,28,12,"[11, 29, 47, 53, 61, 73, 89, 97, 101, 109]","[3.063756683415909, 3.666135534563628, 0.8779943580837225, 0.5, 1.0]","{""time"": 1.0, ""collisions"": 0.05, ""congestion"": 1.0, ""fairness"": 1.0, ""incomplete_base"": 1000.0, ""incomplete_agent"": 10.0}","[60.8928481468154, 41.574697533736625, 41.8535155001598, 46.015079365079366, 41.303765227021046, 44.212752772341815, 53.341513056835645, 49.52099921935988, 44.864389736477115, 49.92903183372797]","[39.7, 30.700000000000003, 29.8, 31.5, 30.1, 29.200000000000003, 37.2, 36.6, 30.900000000000002, 36.2]"
ga,8,1,47.89609513049656,33.1,78.6,1.6915713209727545,5.0,13.079642857142858,22.25416666666667,9.174523809523809,True,0.0,hospital_corridor,28,12,"[11, 29, 47, 53, 61, 73, 89, 97, 101, 109]","[2.823106854048446, 3.0057604352505614, 0.9259400714867244, 0.5, 1.0]","{""time"": 1.0, ""collisions"": 0.05, ""congestion"": 1.0, ""fairness"": 1.0, ""incomplete_base"": 1000.0, ""incomplete_agent"": 10.0}","[62.794774627408216, 42.34030937215651, 44.33957280661461, 46.43880877272045, 34.64069264069264, 43.487236987818385, 53.8390273163529, 52.126472343812175, 51.119532627865965, 47.834523809523816]","[39.300000000000004, 31.400000000000002, 31.1, 31.700000000000003, 26.400000000000002, 30.1, 38.7, 35.9, 32.4, 34.0]"
ga,8,2,55.97973709956101,35.25000000000001,174.5,1.8202132900371861,5.2,13.65964285714286,23.844166666666673,10.18452380952381,True,0.0,hospital_corridor,28,12,"[11, 29, 47, 53, 61, 73, 89, 97, 101, 109]","[3.011484779224314, 2.901961447740381, 0.9661936361071309, 0.5, 1.0]","{""time"": 1.0, ""collisions"": 0.05, ""congestion"": 1.0, ""fairness"": 1.0, ""incomplete_base"": 1000.0, ""incomplete_agent"": 10.0}","[77.59536048064085, 63.90032273779077, 45.6150616157006, 53.88786919831224, 34.89926978226235, 69.27061011904763, 55.3249629903775, 62.359749849306816, 50.6109696560012, 46.33319456617003]","[42.800000000000004, 39.1, 31.3, 31.6, 26.900000000000002, 38.400000000000006, 38.6, 39.5, 31.700000000000003, 32.6]"
ga,8,3,55.57864170604736,35.239999999999995,179.1,1.7235226584283123,5.3,13.578214285714287,23.238333333333337,9.660119047619048,True,0.0,hospital_corridor,28,12,"[11, 29, 47, 53, 61, 73, 89, 97, 101, 109]","[3.0175617118180638, 3.0784743006358597, 0.9099090135282768, 0.5, 1.0]","{""time"": 1.0, ""collisions"": 0.05, ""congestion"": 1.0, ""fairness"": 1.0, ""incomplete_base"": 1000.0, ""incomplete_agent"": 10.0}","[89.33333333333334, 43.395327660844906, 43.05163934426229, 51.629945054945054, 34.882957393483714, 45.42261904761905, 55.06933229813666, 89.99120879120879, 54.18348214285714, 48.82657199378268]","[44.1, 31.900000000000002, 30.5, 31.200000000000003, 26.6, 31.0, 36.800000000000004, 54.6, 32.0, 33.7]"
ga,8,4,50.18032870346703,33.080000000000005,125.0,1.7334239415622654,5.0,13.008928571428573,22.125833333333336,9.116904761904763,True,0.0,hospital_corridor,28,12,"[11, 29, 47, 53, 61, 73, 89, 97, 101, 109]","[3.0653405583441877, 3.0822698137603846, 0.9082408219554489, 0.5, 1.0]","{""time"": 1.0, ""collisions"": 0.05, ""congestion"": 1.0, ""fairness"": 1.0, ""incomplete_base"": 1000.0, ""incomplete_agent"": 10.0}","[73.7216318234611, 43.49270833333333, 41.8167267917268, 48.5670471281296, 34.56595511767926, 45.18529900332227, 54.30805860805861, 62.62702821869489, 47.476635478472545, 50.04219653179191]","[41.0, 32.0, 29.700000000000003, 29.1, 26.1, 30.1, 36.4, 40.5, 31.3, 34.6]"
ga,8,5,50.67088258188335,33.160000000000004,131.7,1.6942159152166834,5.4,12.680000000000001,21.91166666666667,9.231666666666666,True,0.0,hospital_corridor,28,12,"[11, 29, 47, 53, 61, 73, 89, 97, 101, 109]","[3.0285110072875927, 3.066942940050654, 0.8965019274671066, 0.5, 1.0]","{""time"": 1.0, ""collisions"": 0.05, ""congestion"": 1.0, ""fairness"": 1.0, ""incomplete_base"": 1000.0, ""incomplete_agent"": 10.0}","[79.39404761904761, 42.472964669738865, 43.25619525402134, 52.724217221135035, 41.10318246110326, 45.63199878677586, 51.28819308545336, 54.99242819843343, 47.487365591397854, 48.35823293172691]","[40.800000000000004, 31.0, 29.900000000000002, 29.200000000000003, 30.3, 31.400000000000002, 36.5, 38.300000000000004, 31.0, 33.2]"
ga,8,6,58.96419322380612,31.67000000000001,319.3,1.8321694142823002,5.3,12.022142857142857,21.51916666666667,9.49702380952381,True,0.0,hospital_corridor,28,12,"[11, 29, 47, 53, 61, 73, 89, 97, 101, 109]","[3.0227767303942112, 3.5935842834822047, 0.785257246313686, 0.5, 1.0]","{""time"": 1.0, ""collisions"": 0.05, ""congestion"": 1.0, ""fairness"": 1.0, ""incomplete_base"": 1000.0, ""incomplete_agent"": 10.0}","[66.86277056277056, 64.39069364587941, 47.243482647296204, 79.1619015702796, 42.05427827380953, 49.14780701754386, 64.50670995670995, 64.4543583535109, 61.70323585810163, 50.11669435215947]","[30.8, 32.300000000000004, 29.5, 37.300000000000004, 25.6, 28.5, 37.4, 35.4, 29.8, 30.1]"
ga,8,7,49.861428561398434,33.910000000000004,87.8,1.787142847112711,5.3,13.175714285714287,22.95,9.774285714285716,True,0.0,hospital_corridor,28,12,"[11, 29, 47, 53, 61, 73, 89, 97, 101, 109]","[2.8640868070701435, 3.078311686331985, 0.9112889321492073, 0.5, 1.0]","{""time"": 1.0, ""collisions"": 0.05, ""congestion"": 1.0, ""fairness"": 1.0, ""incomplete_base"": 1000.0, ""incomplete_agent"": 10.0}","[57.69855623100304, 41.70793650793651, 43.572252747252755, 45.474755381604695, 57.51106010527605, 44.64449112978525, 53.769727891156464, 56.32404761904762, 49.28652802893309, 48.6249299719888]","[32.9, 31.5, 31.200000000000003, 29.200000000000003, 38.900000000000006, 30.6, 39.2, 40.0, 31.6, 34.0]"
ga,8,8,49.880305144676726,33.64,108.3,1.8399480018195777,5.6,13.07214285714286,22.057499999999997,8.985357142857143,True,0.0,hospital_corridor,28,12,"[11, 29, 47, 53, 61, 73, 89, 97, 101, 109]","[3.0967099967969745, 3.504953352624851, 0.8842778541819982, 0.5, 1.0]","{""time"": 1.0, ""collisions"": 0.05, ""congestion"": 1.0, ""fairness"": 1.0, ""incomplete_base"": 1000.0, ""incomplete_agent"": 10.0}","[77.68688845401175, 41.66114718614718, 43.06252796420582, 45.17744360902256, 34.33869047619048, 42.54353741496599, 55.963069976001016, 64.87842261904761, 46.542032967032966, 46.94929078014184]","[43.800000000000004, 30.8, 29.8, 30.400000000000002, 25.6, 29.400000000000002, 37.7, 44.800000000000004, 31.200000000000003, 32.9]"
ga,8,9,194.47859776504325,31.650000000000006,3041.5,1.9812168126622787,5.8,12.029285714285715,20.80166666666667,8.772380952380953,True,0.0,hospital_corridor,28,12,"[11, 29, 47, 53, 61, 73, 89, 97, 101, 109]","[3.099717526380479, 3.1553700213656937, 0.6512566054732831, 0.5, 1.0]","{""time"": 1.0, ""collisions"": 0.05, ""congestion"": 1.0, ""fairness"": 1.0, ""incomplete_base"": 1000.0, ""incomplete_agent"": 10.0}","[245.1613148863149, 196.36042074363996, 167.7997033967171, 205.56969901168014, 173.52444831591174, 146.34634292565946, 203.0155450609996, 238.18606821106823, 183.64437229437232, 185.17806280406901]","[33.300000000000004, 29.200000000000003, 29.3, 31.8, 28.700000000000003, 27.8, 36.300000000000004, 37.0, 30.8, 32.300000000000004]"
ga,8,10,1062.4830474827802,44.760000000000005,49.0,1.4855483152809625,5.3,13.709697802197804,24.49719696969697,10.787499167499167,False,0.3,hospital_corridor,28,12,"[11, 29, 47, 53, 61, 73, 89, 97, 101, 109]","[2.4200215588803884, 3.2013459533497066, 0.9174664758980011, 0.5, 1.0]","{""time"": 1.0, ""collisions"": 0.05, ""congestion"": 1.0, ""fairness"": 1.0, ""incomplete_base"": 1000.0, ""incomplete_agent"": 10.0}","[69.6220468431772, 1140.099944055944, 48.70612100364225, 41.47738095238095, 40.52406216505895, 50.96028571428572, 59.60452716297787, 62.46813725490196, 56.446825396825396, 54.921144278606974]","[49.1, 100.0, 35.300000000000004, 31.5, 31.1, 37.5, 42.6, 42.5, 37.800000000000004, 40.2]"
ga,8,11,50.996935136843355,35.040000000000006,79.6,1.8919351368433517,5.1,13.220000000000002,23.305,10.084999999999999,True,0.0,hospital_corridor,28,12,"[11, 29, 47, 53, 61, 73, 89, 97, 101, 109]","[3.1379786933100857, 3.602420879947279, 0.9287053527646085, 0.5, 1.0]","{""time"": 1.0, ""collisions"": 0.05, ""congestion"": 1.0, ""fairness"": 1.0, ""incomplete_base"": 1000.0, ""incomplete_agent"": 10.0}","[68.47090878604962, 63.87509337068161, 42.14940875679131, 50.456428571428575, 34.7689510939511, 49.72769816390506, 53.9216237314598, 49.52167075999455, 46.43867924528302, 50.638888888888886]","[42.6, 45.900000000000006, 29.8, 35.0, 25.900000000000002, 31.900000000000002, 36.6, 34.9, 31.8, 36.0]"
ga,8,12,51.224737608948175,35.190000000000005,89.2,1.6797376089481724,5.0,13.120000000000001,23.015,9.895,True,0.0,hospital_corridor,28,12,"[11, 29, 47, 53, 61, 73, 89, 97, 101, 109]","[2.8466009360006668, 3.0250710747701324, 0.908627387493627, 0.5, 1.0]","{""time"": 1.0, ""collisions"": 0.05, ""congestion"": 1.0, ""fairness"": 1.0, ""incomplete_base"": 1000.0, ""incomplete_agent"": 10.0}","[72.9722814498934, 41.445858214668505, 43.838916780769814, 43.37244897959184, 55.94082151944748, 45.262184873949586, 53.57687255273463, 56.59635322483424, 48.84412296564196, 50.39751552795031]","[46.900000000000006, 31.1, 31.3, 29.400000000000002, 39.300000000000004, 30.6, 37.7, 39.5, 31.6, 34.5]"
ga,8,13,49.7254263922506,33.66,103.9,1.671497820822029,5.0,12.92607142857143,22.125000000000004,9.19892857142857,True,0.0,hospital_corridor,28,12,"[11, 29, 47, 53, 61, 73, 89, 97, 101, 109]","[2.842146740672063, 2.8582963200710467, 0.9210372528670724, 0.5, 1.0]","{""time"": 1.0, ""collisions"": 0.05, ""congestion"": 1.0, ""fairness"": 1.0, ""incomplete_base"": 1000.0, ""incomplete_agent"": 10.0}","[62.40218517115069, 42.49421928646067, 43.29014100785946, 57.456284606866, 42.4355222734255, 42.98877551020408, 55.55685677371724, 55.40438596491229, 48.46449096880132, 46.761402359108786]","[37.7, 31.900000000000002, 30.900000000000002, 34.4, 31.0, 29.400000000000002, 38.7, 38.0, 31.900000000000002, 32.7]"
ga,8,14,48.58710372616955,32.69,102.6,1.729246583312408,5.4,12.677142857142858,21.715000000000003,9.037857142857142,True,0.0,hospital_corridor,28,12,"[11, 29, 47, 53, 61, 73, 89, 97, 101, 109]","[2.9790766561314124, 3.0831325686571303, 0.8942594952303825, 0.5, 1.0]","{""time"": 1.0, ""collisions"": 0.05, ""congestion"": 1.0, ""fairness"": 1.0, ""incomplete_base"": 1000.0, ""incomplete_agent"": 10.0}","[70.03845299777943, 41.59799418159547, 44.4176424668228, 49.09659863945579, 40.35037593984963, 43.44948979591837, 51.890296495956875, 51.41853281853281, 47.888827838827844, 45.72282608695653]","[38.6, 31.1, 30.5, 29.400000000000002, 30.400000000000002, 29.400000000000002, 37.1, 37.0, 31.200000000000003, 32.2]"
ga,8,15,48.58710372616955,32.69,102.6,1.729246583312408,5.4,12.677142857142858,21.715000000000003,9.037857142857142,True,0.0,hospital_corridor,28,12,"[11, 29, 47, 53, 61, 73, 89, 97, 101, 109]","[2.9790766561314124, 3.0831325686571303, 0.8942594952303825, 0.5, 1.0]","{""time"": 1.0, ""collisions"": 0.05, ""congestion"": 1.0, ""fairness"": 1.0, ""incomplete_base"": 1000.0, ""incomplete_agent"": 10.0}","[70.03845299777943, 41.59799418159547, 44.4176424668228, 49.09659863945579, 40.35037593984963, 43.44948979591837, 51.890296495956875, 51.41853281853281, 47.888827838827844, 45.72282608695653]","[38.6, 31.1, 30.5, 29.400000000000002, 30.400000000000002, 29.400000000000002, 37.1, 37.0, 31.200000000000003, 32.2]"
ga,8,16,56.29958130431393,33.879999999999995,222.1,1.6651765424091718,5.3,12.396428571428572,22.045833333333338,9.649404761904766,True,0.0,hospital_corridor,28,12,"[11, 29, 47, 53, 61, 73, 89, 97, 101, 109]","[3.5605510434945122, 3.0057604352505614, 0.9259400714867244, 0.5, 1.0]","{""time"": 1.0, ""collisions"": 0.05, ""congestion"": 1.0, ""fairness"": 1.0, ""incomplete_base"": 1000.0, ""incomplete_agent"": 10.0}","[85.33538394415359, 42.1722287275566, 44.724264586380635, 62.51071428571429, 44.20241312741313, 45.15151331719128, 69.26190476190477, 69.79243886743888, 54.29870600414079, 45.54624542124543]","[38.2, 30.5, 29.3, 34.0, 33.300000000000004, 29.5, 39.900000000000006, 40.7, 32.2, 31.200000000000003]"
ga,8,17,178.91372735604307,29.9,2767.8,1.9718225941382854,6.1,11.356428571428571,20.008333333333333,8.651904761904762,True,0.0,hospital_corridor,28,12,"[11, 29, 47, 53, 61, 73, 89, 97, 101, 109]","[3.460493226492538, 3.0057604352505614, 0.6781445558245824, 0.5, 1.0]","{""time"": 1.0, ""collisions"": 0.05, ""congestion"": 1.0, ""fairness"": 1.0, ""incomplete_base"": 1000.0, ""incomplete_agent"": 10.0}","[208.99373626373628, 183.95088245088246, 151.75651848151847, 169.94541489863272, 189.6681547619048, 162.26725108225105, 209.28150406504065, 198.56587827183853, 148.35823412698414, 166.3496991576414]","[32.5, 28.6, 28.6, 30.3, 32.0, 27.5, 32.800000000000004, 30.200000000000003, 28.8, 27.700000000000003]"
ga,8,18,54.971829597900005,36.69,128.1,1.6313534074238134,4.8,13.387857142857143,23.633333333333336,10.245476190476191,True,0.0,hospital_corridor,28,12,"[11, 29, 47, 53, 61, 73, 89, 97, 101, 109]","[2.8051671174394146, 3.0498212324106815, 0.8933614647763068, 0.5, 1.0]","{""time"": 1.0, ""collisions"": 0.05, ""congestion"": 1.0, ""fairness"": 1.0, ""incomplete_base"": 1000.0, ""incomplete_agent"": 10.0}","[66.57539682539684, 43.378567625133115, 44.442708808763115, 85.76123595505618, 36.24826254826255, 56.901834504293525, 54.191555637799155, 58.263153310104535, 54.105387713997985, 49.850193050193056]","[38.7, 31.3, 31.3, 53.400000000000006, 25.900000000000002, 36.6, 38.6, 41.0, 33.1, 37.0]"
ga,8,19,59.0943445470791,32.720000000000006,305.6,1.7187493089838501,5.7,12.138571428571428,21.51416666666667,9.37559523809524,True,0.0,hospital_corridor,28,12,"[11, 29, 47, 53, 61, 73, 89, 97, 101, 109]","[2.7451867989469894, 3.119870572180379, 0.7864709408153752, 0.5, 1.0]","{""time"": 1.0, ""collisions"": 0.05, ""congestion"": 1.0, ""fairness"": 1.0, ""incomplete_base"": 1000.0, ""incomplete_agent"": 10.0}","[86.63601190476192, 50.802155106415555, 47.71422978587408, 68.49503058103976, 42.6482074438971, 54.85525859350363, 65.31343627636731, 66.9555282207895, 57.382836045810734, 50.14075151233132]","[35.2, 31.1, 29.8, 32.7, 26.1, 30.200000000000003, 37.7, 42.1, 31.6, 30.700000000000003]"
ga,8,20,52.35441127249533,33.910000000000004,146.9,1.6988160344000907,5.5,12.921071428571429,22.321666666666665,9.400595238095239,True,0.0,hospital_corridor,28,12,"[11, 29, 47, 53, 61, 73, 89, 97, 101, 109]","[3.1048475886509395, 3.003723572528409, 0.9002581098030713, 0.5, 1.0]","{""time"": 1.0, ""collisions"": 0.05, ""congestion"": 1.0, ""fairness"": 1.0, ""incomplete_base"": 1000.0, ""incomplete_agent"": 10.0}","[70.31325439266615, 42.235365947021904, 45.2934826472962, 51.95619047619047, 44.58740376390077, 45.25716619981326, 54.79868019631251, 59.152717526801304, 57.990501655207545, 51.959349919743175]","[37.4, 31.1, 29.5, 30.0, 33.4, 30.6, 35.9, 38.2, 37.4, 35.6]"
ga,8,21,50.84946769608541,33.57,127.9,1.7360153151330298,5.1,13.063214285714286,22.211666666666666,9.148452380952381,True,0.0,hospital_corridor,28,12,"[11, 29, 47, 53, 61, 73, 89, 97, 101, 109]","[3.0068999072420173, 3.073596835555638, 0.9080786188167714, 0.5, 1.0]","{""time"": 1.0, ""collisions"": 0.05, ""congestion"": 1.0, ""fairness"": 1.0, ""incomplete_base"": 1000.0, ""incomplete_agent"": 10.0}","[78.87277930402931, 42.0299539170507, 45.47376970855232, 49.256836513106876, 34.883296982915304, 43.71938775510204, 53.013803088803094, 55.1172588206267, 55.07140039447732, 51.05619047619047]","[41.6, 31.0, 29.900000000000002, 30.700000000000003, 26.200000000000003, 29.400000000000002, 37.0, 38.6, 33.800000000000004, 37.5]"
ga,8,22,48.98644238157464,32.33,116.3,1.7995376196698842,5.7,12.636428571428572,21.678333333333335,9.041904761904762,True,0.0,hospital_corridor,28,12,"[11, 29, 47, 53, 61, 73, 89, 97, 101, 109]","[2.9800226188154566, 3.0499394777423885, 0.8844842471277077, 0.5, 1.0]","{""time"": 1.0, ""collisions"": 0.05, ""congestion"": 1.0, ""fairness"": 1.0, ""incomplete_base"": 1000.0, ""incomplete_agent"": 10.0}","[62.55781573498965, 42.506622746185855, 45.58919141914192, 50.33491926182238, 41.69636391297733, 45.61956773000462, 53.51043023107367, 52.27027649769585, 49.331566575674856, 46.44766970618035]","[32.2, 30.900000000000002, 30.3, 28.900000000000002, 31.3, 30.900000000000002, 37.300000000000004, 37.2, 31.400000000000002, 32.9]"
ga,8,23,50.17931911381862,33.65,104.8,1.6434857804852836,4.9,12.930000000000001,22.575833333333335,9.645833333333336,True,0.0,hospital_corridor,28,12,"[11, 29, 47, 53, 61, 73, 89, 97, 101, 109]","[2.906840918648898, 3.012788939441321, 0.9194501824427392, 0.5, 1.0]","{""time"": 1.0, ""collisions"": 0.05, ""congestion"": 1.0, ""fairness"": 1.0, ""incomplete_base"": 1000.0, ""incomplete_agent"": 10.0}","[60.818960511033694, 42.53031771068049, 44.84772727272727, 59.061778939217966, 41.74254507628294, 43.14539897039898, 54.4962962962963, 57.41092525617843, 50.11759259259259, 47.62164851277755]","[32.800000000000004, 31.700000000000003, 30.8, 36.9, 30.900000000000002, 29.6, 37.800000000000004, 39.5, 32.4, 34.1]"
ga,9,0,47.35085923915546,33.19,60.0,1.787287810584035,5.6,12.663928571428572,22.0375,9.373571428571429,True,0.0,hospital_corridor,28,12,"[11, 29, 47, 53, 61, 73, 89, 97, 101, 109]","[3.063756683415909, 3.666135534563628, 0.8779943580837225, 0.5, 1.0]","{""time"": 1.0, ""collisions"": 0.05, ""congestion"": 1.0, ""fairness"": 1.0, ""incomplete_base"": 1000.0, ""incomplete_agent"": 10.0}","[60.8928481468154, 41.574697533736625, 41.8535155001598, 46.015079365079366, 41.303765227021046, 44.212752772341815, 53.341513056835645, 49.52099921935988, 44.864389736477115, 49.92903183372797]","[39.7, 30.700000000000003, 29.8, 31.5, 30.1, 29.200000000000003, 37.2, 36.6, 30.900000000000002, 36.2]"
ga,9,1,47.89609513049656,33.1,78.6,1.6915713209727545,5.0,13.079642857142858,22.25416666666667,9.174523809523809,True,0.0,hospital_corridor,28,12,"[11, 29, 47, 53, 61, 73, 89, 97, 101, 109]","[2.823106854048446, 3.0057604352505614, 0.9259400714867244, 0.5, 1.0]","{""time"": 1.0, ""collisions"": 0.05, ""congestion"": 1.0, ""fairness"": 1.0, ""incomplete_base"": 1000.0, ""incomplete_agent"": 10.0}","[62.794774627408216, 42.34030937215651, 44.33957280661461, 46.43880877272045, 34.64069264069264, 43.487236987818385, 53.8390273163529, 52.126472343812175, 51.119532627865965, 47.834523809523816]","[39.300000000000004, 31.400000000000002, 31.1, 31.700000000000003, 26.400000000000002, 30.1, 38.7, 35.9, 32.4, 34.0]"
ga,9,2,51.09633966583404,33.309999999999995,122.7,1.7811015705959488,5.4,12.658928571428572,22.52916666666667,9.870238095238095,True,0.0,hospital_corridor,28,12,"[11, 29, 47, 53, 61, 73, 89, 97, 101, 109]","[2.9967840074308345, 3.0628859900571803, 0.8871741487238536, 0.5, 1.0]","{""time"": 1.0, ""collisions"": 0.05, ""congestion"": 1.0, ""fairness"": 1.0, ""incomplete_base"": 1000.0, ""incomplete_agent"": 10.0}","[66.13530126336249, 56.084886128364396, 43.93832616658704, 57.05079152304354, 34.40276854928018, 46.22892359516154, 55.957240704500975, 52.6508281573499, 49.29990142553838, 49.21442914515204]","[34.300000000000004, 36.800000000000004, 29.900000000000002, 37.300000000000004, 25.8, 31.1, 36.5, 36.800000000000004, 31.400000000000002, 33.2]"
ga,9,3,54.325448311551156,32.72,214.7,1.7258054544082946,5.3,12.602857142857143,21.747500000000002,9.144642857142859,True,0.0,hospital_corridor,28,12,"[11, 29, 47, 53, 61, 73, 89, 97, 101, 109]","[2.8721397934244894, 2.4961866079490047, 0.8841816741361757, 0.5, 1.0]","{""time"": 1.0, ""collisions"": 0.05, ""congestion"": 1.0, ""fairness"": 1.0, ""incomplete_base"": 1000.0, ""incomplete_agent"": 10.0}","[81.31854798914384, 44.50380110243455, 43.79971304482705, 61.00402242808386, 45.132478039759604, 46.07585034013606, 66.33399470899471, 52.715531561461795, 53.74806828391734, 48.62247561675272]","[38.6, 31.1, 30.700000000000003, 29.3, 30.900000000000002, 29.400000000000002, 37.800000000000004, 34.4, 31.8, 33.2]"
ga,9,4,49.613991896613754,33.36,99.6,1.732920468042326,5.1,12.956428571428571,22.497500000000002,9.54107142857143,True,0.0,hospital_corridor,28,12,"[11, 29, 47, 53, 61, 73, 89, 97, 101, 109]","[2.996885726085096, 3.3415324556095882, 0.8908760811220043, 0.5, 1.0]","{""time"": 1.0, ""collisions"": 0.05, ""congestion"": 1.0, ""fairness"": 1.0, ""incomplete_base"": 1000.0, ""incomplete_agent"": 10.0}","[75.14298384542286, 42.10293040293041, 45.204420084865625, 47.271666666666675, 38.305538302277434, 43.55355125100888, 54.05883905013192, 52.711936592818944, 49.887944544906574, 47.90010822510823]","[45.1, 31.200000000000003, 30.3, 30.0, 27.6, 29.5, 37.9, 37.4, 31.6, 33.0]"
ga,9,5,53.15498642208197,35.14,132.5,1.8045102316057744,5.6,13.415357142857143,23.000833333333333,9.585476190476191,True,0.0,hospital_corridor,28,12,"[11, 29, 47, 53, 61, 73, 89, 97, 101, 109]","[3.0459476134622254, 3.40773564761117, 0.8813777721921007, 0.5, 1.0]","{""time"": 1.0, ""collisions"": 0.05, ""congestion"": 1.0, ""fairness"": 1.0, ""incomplete_base"": 1000.0, ""incomplete_agent"": 10.0}","[90.94914965986395, 42.376563213144685, 44.25952380952381, 67.20916042954768, 34.479611384783794, 44.33928165122705, 55.85225512969415, 58.949206349206364, 45.53106060606061, 47.60405198776758]","[49.0, 31.3, 30.0, 43.900000000000006, 26.1, 29.3, 36.9, 41.400000000000006, 30.8, 32.7]"
ga,9,6,52.46610534785859,33.57000000000001,143.9,1.7594386811919083,5.4,12.815000000000001,22.756666666666668,9.941666666666666,True,0.0,hospital_corridor,28,12,"[11, 29, 47, 53, 61, 73, 89, 97, 101, 109]","[2.9552638980091994, 2.930850052902332, 0.9091695047069875, 0.5, 1.0]","{""time"": 1.0, ""collisions"": 0.05, ""congestion"": 1.0, ""fairness"": 1.0, ""incomplete_base"": 1000.0, ""incomplete_agent"": 10.0}","[70.07798663324981, 43.555370540499155, 43.49639389736478, 50.29310466760962, 41.39226190476191, 46.20733302905827, 54.18510781671159, 64.06847290640394, 57.32685108725571, 54.058170995671]","[34.2, 31.1, 30.900000000000002, 30.3, 30.400000000000002, 31.3, 37.1, 40.6, 34.6, 35.2]"
ga,9,7,49.876659643362146,33.489999999999995,110.4,1.6976120243145267,5.0,13.151785714285714,22.320833333333336,9.169047619047621,True,0.0,hospital_corridor,28,12,"[11, 29, 47, 53, 61, 73, 89, 97, 101, 109]","[2.8659594987942763, 2.9490937283563805, 0.9061272433904675, 0.5, 1.0]","{""time"": 1.0, ""collisions"": 0.05, ""congestion"": 1.0, ""fairness"": 1.0, ""incomplete_base"": 1000.0, ""incomplete_agent"": 10.0}","[64.99620026092629, 41.721825396825395, 43.529991578625015, 48.916160081053704, 41.66792421193829, 44.51049233252623, 54.55248041775457, 52.046788633709625, 50.63638651044015, 56.188347009822216]","[36.5, 31.5, 31.1, 32.9, 28.400000000000002, 29.5, 38.300000000000004, 36.7, 31.700000000000003, 38.300000000000004]"
ga,9,8,48.45714773355753,33.410000000000004,84.6,1.8002429716527644,5.4,13.24892857142857,22.26583333333333,9.016904761904764,True,0.0,hospital_corridor,28,12,"[11, 29, 47, 53, 61, 73, 89, 97, 101, 109]","[2.98563412378378, 3.646237666850083, 0.8864157916155435, 0.5, 1.0]","{""time"": 1.0, ""collisions"": 0.05, ""congestion"": 1.0, ""fairness"": 1.0, ""incomplete_base"": 1000.0, ""incomplete_agent"": 10.0}","[70.615065681445, 43.82976190476191, 42.29759539577421, 45.392054263565896, 34.156007751937985, 44.60816326530613, 53.35225844955397, 57.88449003714962, 45.33369963369964, 47.102380952380955]","[40.6, 33.0, 30.200000000000003, 30.1, 25.8, 29.400000000000002, 37.9, 42.300000000000004, 31.200000000000003, 33.6]"
ga,9,9,51.521597087470674,33.67,135.6,1.758263754137341,5.3,12.819999999999999,22.133333333333333,9.313333333333334,True,0.0,hospital_corridor,28,12,"[11, 29, 47, 53, 61, 73, 89, 97, 101, 109]","[3.03596873089082, 3.1030304363706755, 0.8858380616985615, 0.5, 1.0]","{""time"": 1.0, ""collisions"": 0.05, ""congestion"": 1.0, ""fairness"": 1.0, ""incomplete_base"": 1000.0, ""incomplete_agent"": 10.0}","[71.53280423280424, 42.46376560332871, 42.77826688815061, 51.624257317605945, 34.18637873754153, 46.215768930523026, 53.452055702917775, 74.00298756445254, 51.52468152866243, 47.43500436871997]","[37.800000000000004, 30.900000000000002, 30.1, 32.7, 25.8, 30.5, 37.7, 47.1, 31.400000000000002, 32.7]"
ga,9,10,51.822980600291146,36.150000000000006,73.2,1.7134567907673421,5.0,12.997142857142858,23.296666666666667,10.299523809523809,True,0.0,hospital_corridor,28,12,"[11, 29, 47, 53, 61, 73, 89, 97, 101, 109]","[2.844202636580082, 3.1802275092554155, 0.9190651533834332, 0.5, 1.0]","{""time"": 1.0, ""collisions"": 0.05, ""congestion"": 1.0, ""fairness"": 1.0, ""incomplete_base"": 1000.0, ""incomplete_agent"": 10.0}","[73.69675438596491, 41.8852517440097, 43.465476190476195, 61.59676258992806, 41.8344130675526, 50.34197025515077, 53.69610782136689, 54.839867109634554, 48.383184523809526, 48.49001831501832]","[47.5, 31.400000000000002, 31.5, 41.7, 30.1, 34.9, 38.6, 38.7, 32.0, 35.1]"
ga,9,11,49.97184457619597,33.66,105.0,1.6579160047674004,5.0,12.88607142857143,22.290000000000003,9.403928571428573,True,0.0,hospital_corridor,28,12,"[11, 29, 47, 53, 61, 73, 89, 97, 101, 109]","[3.04685073116253, 3.199545800236105, 0.8941244465088829, 0.5, 1.0]","{""time"": 1.0, ""collisions"": 0.05, ""congestion"": 1.0, ""fairness"": 1.0, ""incomplete_base"": 1000.0, ""incomplete_agent"": 10.0}","[63.48409797339302, 41.53058608058608, 43.81663470757431, 59.0756973237844, 40.68617943866288, 45.643559718969556, 51.916287878787884, 55.57057733383591, 47.95405671822869, 50.04076858813701]","[38.300000000000004, 31.200000000000003, 29.8, 37.9, 30.200000000000003, 30.5, 35.2, 37.9, 31.400000000000002, 34.2]"
ga,9,12,48.436277689280516,34.42,48.6,1.7417538797567076,4.9,13.469642857142858,23.31416666666667,9.84452380952381,True,0.0,hospital_corridor,28,12,"[11, 29, 47, 53, 61, 73, 89, 97, 101, 109]","[3.0038820398495103, 3.6003156133248604, 0.9609898524700038, 0.5, 1.0]","{""time"": 1.0, ""collisions"": 0.05, ""congestion"": 1.0, ""fairness"": 1.0, ""incomplete_base"": 1000.0, ""incomplete_agent"": 10.0}","[52.573775989268945, 43.295569174415334, 45.12465119805885, 40.143062397372745, 34.49967532467532, 47.35058960492715, 53.51610275689224, 71.20465264499681, 47.892197802197806, 48.762499999999996]","[35.5, 33.800000000000004, 31.400000000000002, 29.0, 26.400000000000002, 31.700000000000003, 38.0, 52.300000000000004, 32.5, 33.6]"
ga,9,13,52.09521768165361,34.45,124.7,1.78902720546313,5.1,12.90964285714286,22.530833333333334,9.621190476190478,True,0.0,hospital_corridor,28,12,"[11, 29, 47, 53, 61, 73, 89, 97, 101, 109]","[3.0389512996978114, 3.148952489895898, 0.8835734621324027, 0.5, 1.0]","{""time"": 1.0, ""collisions"": 0.05, ""congestion"": 1.0, ""fairness"": 1.0, ""incomplete_base"": 1000.0, ""incomplete_agent"": 10.0}","[70.1955806783145, 42.53913210445469, 45.348571428571425, 63.402135587059256, 41.3483893557423, 49.64120505344995, 53.232671195279266, 53.88449750065772, 55.16700530652144, 46.19298860648554]","[41.7, 31.0, 30.0, 39.300000000000004, 30.6, 34.300000000000004, 34.7, 36.2, 34.1, 32.6]"
ga,9,14,1182.296231718799,36.1,2697.3,1.858872411439674,5.9,11.146428571428572,19.61878787878788,8.472359307359309,False,0.1,hospital_corridor,28,12,"[11, 29, 47, 53, 61, 73, 89, 97, 101, 109]","[3.7063250934651863, 3.240536904478433, 0.5, 0.5, 1.0]","{""time"": 1.0, ""collisions"": 0.05, ""congestion"": 1.0, ""fairness"": 1.0, ""incomplete_base"": 1000.0, ""incomplete_agent"": 10.0}","[1279.8375454545453, 183.280114017438, 146.94583964327782, 176.80765306122453, 184.49647995889003, 142.43680917622524, 188.65870072064436, 226.0692307692308, 134.45521376433786, 159.97473062217585]","[100.0, 28.400000000000002, 28.3, 29.400000000000002, 27.8, 27.400000000000002, 33.7, 31.200000000000003, 27.400000000000002, 27.400000000000002]"
ga,9,15,50.36506035192315,34.209999999999994,86.9,1.7763698757326778,5.6,13.089642857142858,23.123333333333335,10.033690476190475,True,0.0,hospital_corridor,28,12,"[11, 29, 47, 53, 61, 73, 89, 97, 101, 109]","[3.087953911384447, 3.44415378922923, 0.9173752037059799, 0.5, 1.0]","{""time"": 1.0, ""collisions"": 0.05, ""congestion"": 1.0, ""fairness"": 1.0, ""incomplete_base"": 1000.0, ""incomplete_agent"": 10.0}","[55.55271787960468, 45.528260869565216, 44.759334594765065, 67.27827580696709, 43.99301437556154, 42.37619047619048, 57.64025353283458, 52.50856752537081, 45.598619196895065, 48.41536926147704]","[31.8, 32.2, 30.200000000000003, 44.7, 31.8, 29.400000000000002, 40.1, 36.6, 31.900000000000002, 33.4]"
ga,9,16,49.71180835868608,33.36,101.9,1.733832168209886,4.8,12.735357142857143,22.258333333333333,9.522976190476193,True,0.0,hospital_corridor,28,12,"[11, 29, 47, 53, 61, 73, 89, 97, 101, 109]","[3.0509599719520333, 3.0482669032878937, 0.9185186874960611, 0.5, 1.0]","{""time"": 1.0, ""collisions"": 0.05, ""congestion"": 1.0, ""fairness"": 1.0, ""incomplete_base"": 1000.0, ""incomplete_agent"": 10.0}","[60.37624854819977, 43.08197709463532, 44.43186274509804, 45.12709846650525, 41.2983606557377, 46.99302325581396, 61.61081097413586, 57.609290623465895, 47.68301636444052, 48.906394858828484]","[36.9, 31.6, 30.6, 29.5, 30.5, 30.1, 39.400000000000006, 38.800000000000004, 32.300000000000004, 33.9]"
ga,9,17,51.23058215797678,34.63,104.6,1.769272634167249,5.5,13.305357142857144,22.90666666666667,9.601309523809526,True,0.0,hospital_corridor,28,12,"[11, 29, 47, 53, 61, 73, 89, 97, 101, 109]","[2.8374874404406003, 3.039763345723052, 0.9156622059461119, 0.5, 1.0]","{""time"": 1.0, ""collisions"": 0.05, ""congestion"": 1.0, ""fairness"": 1.0, ""incomplete_base"": 1000.0, ""incomplete_agent"": 10.0}","[68.70065742714996, 41.094066758536215, 53.28131244323343, 49.32577793493635, 35.0956043956044, 43.363605442176876, 53.96904761904762, 55.83527336860671, 50.02716049382716, 61.61331569664903]","[40.2, 31.1, 36.7, 30.3, 26.0, 29.400000000000002, 39.2, 40.5, 32.4, 40.5]"
ga,9,18,47.6194306409595,33.17,73.5,1.7018115933404487,5.2,12.840714285714288,21.913333333333334,9.072619047619048,True,0.0,hospital_corridor,28,12,"[11, 29, 47, 53, 61, 73, 89, 97, 101, 109]","[2.9153904701852267, 3.078471971915261, 0.9068594052911828, 0.5, 1.0]","{""time"": 1.0, ""collisions"": 0.05, ""congestion"": 1.0, ""fairness"": 1.0, ""incomplete_base"": 1000.0, ""incomplete_agent"": 10.0}","[47.9474912112496, 41.50111367127496, 43.19230235783634, 48.221208791208795, 44.14642857142857, 46.00238095238095, 53.93988095238096, 54.2671130952381, 49.066821946169775, 47.90956486042693]","[29.8, 31.0, 30.900000000000002, 32.5, 31.5, 32.2, 38.400000000000006, 38.400000000000006, 32.2, 34.800000000000004]"
ga,9,19,50.6264683505402,33.95,114.5,1.7502778743497196,5.3,13.227142857142857,22.428333333333335,9.201190476190476,True,0.0,hospital_corridor,28,12,"[11, 29, 47, 53, 61, 73, 89, 97, 101, 109]","[2.927772993016329, 3.082972283073854, 0.898689022088407, 0.5, 1.0]","{""time"": 1.0, ""collisions"": 0.05, ""congestion"": 1.0, ""fairness"": 1.0, ""incomplete_base"": 1000.0, ""incomplete_agent"": 10.0}","[76.67443363026504, 41.47730414746544, 44.9737012987013, 51.549431414356796, 36.160886950199924, 43.307482993197276, 53.3780303030303, 55.4017767408471, 50.87231861198738, 52.46931741535142]","[43.300000000000004, 31.0, 30.8, 33.5, 26.200000000000003, 29.400000000000002, 38.5, 39.800000000000004, 31.700000000000003, 35.300000000000004]"
ga,9,20,47.65127429041836,33.510000000000005,62.9,1.701155242799294,5.1,13.040714285714287,22.335833333333333,9.29511904761905,True,0.0,hospital_corridor,28,12,"[11, 29, 47, 53, 61, 73, 89, 97, 101, 109]","[2.8802460743798086, 3.4696095788743615, 0.9036990200910547, 0.5, 1.0]","{""time"": 1.0, ""collisions"": 0.05, ""congestion"": 1.0, ""fairness"": 1.0, ""incomplete_base"": 1000.0, ""incomplete_agent"": 10.0}","[61.99090200311863, 42.05394416552564, 43.79198513800425, 44.2891204746883, 34.21471861471862, 46.46016483516484, 52.8303491637942, 55.58276014109347, 48.78941798941799, 46.5093803786575]","[39.7, 31.3, 31.400000000000002, 31.700000000000003, 26.400000000000002, 31.200000000000003, 37.300000000000004, 40.5, 32.4, 33.2]"
ga,9,21,48.73041955062021,33.13,90.1,1.7863719315725863,5.3,13.071785714285715,22.380833333333335,9.30904761904762,True,0.0,hospital_corridor,28,12,"[11, 29, 47, 53, 61, 73, 89, 97, 101, 109]","[2.9399751232248703, 3.1962004903828882, 0.9065189055776679, 0.5, 1.0]","{""time"": 1.0, ""collisions"": 0.05, ""congestion"": 1.0, ""fairness"": 1.0, ""incomplete_base"": 1000.0, ""incomplete_agent"": 10.0}","[61.32044500419815, 48.5244757536042, 44.45124902419984, 45.44725913621262, 42.68619512951761, 43.2640256785308, 53.696380952380956, 50.30945298799407, 49.4554867057233, 48.149225133840524]","[39.7, 32.7, 30.5, 30.1, 30.700000000000003, 29.3, 37.5, 35.300000000000004, 31.700000000000003, 33.800000000000004]"
ga,9,22,48.9350188261441,32.29,116.4,1.8121616832869598,5.4,12.769642857142857,21.782500000000002,9.012857142857143,True,0.0,hospital_corridor,28,12,"[11, 29, 47, 53, 61, 73, 89, 97, 101, 109]","[3.0148344390400506, 3.0503287146776077, 0.8888835890912336, 0.5, 1.0]","{""time"": 1.0, ""collisions"": 0.05, ""congestion"": 1.0, ""fairness"": 1.0, ""incomplete_base"": 1000.0, ""incomplete_agent"": 10.0}","[69.68185056631349, 45.72413913448115, 45.495000000000005, 49.47416829745597, 33.95957918050941, 44.73350340136055, 54.245726413889955, 51.45331402831403, 47.337367082755435, 47.24554015636105]","[39.1, 30.700000000000003, 30.0, 29.200000000000003, 25.8, 29.400000000000002, 37.300000000000004, 37.0, 30.900000000000002, 33.5]"
ga,9,23,50.522018534738244,32.150000000000006,140.3,1.8508280585477652,5.6,12.25964285714286,21.765833333333337,9.506190476190476,True,0.0,hospital_corridor,28,12,"[11, 29, 47, 53, 61, 73, 89, 97, 101, 109]","[3.3035040814607037, 3.0818805768251654, 0.903841479991923, 0.5, 1.0]","{""time"": 1.0, ""collisions"": 0.05, ""congestion"": 1.0, ""fairness"": 1.0, ""incomplete_base"": 1000.0, ""incomplete_agent"": 10.0}","[75.70897435897436, 45.25533126293996, 46.89596944579879, 46.47977417771233, 41.04666666666667, 43.87630093274423, 55.608398564905414, 57.06904761904762, 47.58511315417256, 45.69460916442049]","[39.0, 32.2, 29.3, 29.1, 30.0, 29.1, 36.5, 34.2, 30.3, 31.8]"
ga,10,0,47.35085923915546,33.19,60.0,1.787287810584035,5.6,12.663928571428572,22.0375,9.373571428571429,True,0.0,hospital_corridor,28,12,"[11, 29, 47, 53, 61, 73, 89, 97, 101, 109]","[3.063756683415909, 3.666135534563628, 0.8779943580837225, 0.5, 1.0]","{""time"": 1.0, ""collisions"": 0.05, ""congestion"": 1.0, ""fairness"": 1.0, ""incomplete_base"": 1000.0, ""incomplete_agent"": 10.0}","[60.8928481468154, 41.574697533736625, 41.8535155001598, 46.015079365079366, 41.303765227021046, 44.212752772341815, 53.341513056835645, 49.52099921935988, 44.864389736477115, 49.92903183372797]","[39.7, 30.700000000000003, 29.8, 31.5, 30.1, 29.200000000000003, 37.2, 36.6, 30.900000000000002, 36.2]"
ga,10,1,47.6194306409595,33.17,73.5,1.7018115933404487,5.2,12.840714285714288,21.913333333333334,9.072619047619048,True,0.0,hospital_corridor,28,12,"[11, 29, 47, 53, 61, 73, 89, 97, 101, 109]","[2.9153904701852267, 3.078471971915261, 0.9068594052911828, 0.5, 1.0]","{""time"": 1.0, ""collisions"": 0.05, ""congestion"": 1.0, ""fairness"": 1.0, ""incomplete_base"": 1000.0, ""incomplete_agent"": 10.0}","[47.9474912112496, 41.50111367127496, 43.19230235783634, 48.221208791208795, 44.14642857142857, 46.00238095238095, 53.93988095238096, 54.2671130952381, 49.066821946169775, 47.90956486042693]","[29.8, 31.0, 30.900000000000002, 32.5, 31.5, 32.2, 38.400000000000006, 38.400000000000006, 32.2, 34.800000000000004]"
ga,10,2,1058.1690391294733,41.32,87.5,1.5356132035473866,5.3,12.613240740740741,22.551666666666666,9.938425925925927,False,0.1,hospital_corridor,28,12,"[11, 29, 47, 53, 61, 73, 89, 97, 101, 109]","[2.9042511056404177, 3.0963037785686174, 0.9091174123946025, 0.5, 1.0]","{""time"": 1.0, ""collisions"": 0.05, ""congestion"": 1.0, ""fairness"": 1.0, ""incomplete_base"": 1000.0, ""incomplete_agent"": 10.0}","[59.96030901722391, 42.063095238095244, 43.206720430107524, 72.02078507078508, 35.72430744160782, 1124.7062592592592, 50.41071428571429, 56.75960591133005, 48.52689873417722, 48.31169590643275]","[37.6, 31.5, 31.0, 44.400000000000006, 26.3, 100.0, 36.0, 40.6, 31.6, 34.2]"
ga,10,3,48.264622643783625,33.370000000000005,75.4,1.68450359616457,5.1,12.975714285714286,22.415833333333335,9.440119047619048,True,0.0,hospital_corridor,28,12,"[11, 29, 47, 53, 61, 73, 89, 97, 101, 109]","[2.8466287414243574, 3.06983007896946, 0.9155116811805288, 0.5, 1.0]","{""time"": 1.0, ""collisions"": 0.05, ""congestion"": 1.0, ""fairness"": 1.0, ""incomplete_base"": 1000.0, ""incomplete_agent"": 10.0}","[59.21212757830405, 41.60793650793651, 43.52231096911608, 49.732656181738754, 34.61321745428209, 44.207142857142856, 53.33716896680344, 56.511739834472834, 48.79966828836798, 51.1022577996716]","[37.4, 31.5, 31.3, 32.7, 26.3, 29.400000000000002, 38.300000000000004, 39.7, 32.300000000000004, 34.800000000000004]"
ga,10,4,49.08846816436831,34.510000000000005,63.5,1.650134831034979,5.1,12.6875,22.440833333333334,9.753333333333334,True,0.0,hospital_corridor,28,12,"[11, 29, 47, 53, 61, 73, 89, 97, 101, 109]","[3.0101585618064326, 3.6495298367420697, 0.8825027663762256, 0.5, 1.0]","{""time"": 1.0, ""collisions"": 0.05, ""congestion"": 1.0, ""fairness"": 1.0, ""incomplete_base"": 1000.0, ""incomplete_agent"": 10.0}","[52.13669467787115, 41.67131299121591, 42.50095393206143, 51.90350140056022, 46.81812474269247, 42.521643913538114, 59.310697518444, 52.39693515704154, 49.36023885592576, 52.26457845433256]","[35.7, 30.900000000000002, 30.700000000000003, 35.7, 34.7, 29.3, 42.6, 37.6, 31.3, 36.6]"
ga,10,5,51.954297684891614,37.059999999999995,63.8,1.8209643515582865,5.3,14.225,24.108333333333334,9.883333333333335,True,0.0,hospital_corridor,28,12,"[11, 29, 47, 53, 61, 73, 89, 97, 101, 109]","[3.0574801614589866, 3.616921311146419, 0.9564814441775007, 0.5, 1.0]","{""time"": 1.0, ""collisions"": 0.05, ""congestion"": 1.0, ""fairness"": 1.0, ""incomplete_base"": 1000.0, ""incomplete_agent"": 10.0}","[59.879745946636035, 42.28690476190477, 44.22888711395101, 49.929110512129384, 34.51845238095238, 54.08728070175438, 51.473954703832746, 80.80152717652717, 54.1359763799419, 48.20113717128643]","[37.300000000000004, 32.2, 31.3, 37.1, 27.200000000000003, 38.0, 36.9, 59.400000000000006, 37.7, 33.5]"
ga,10,6,47.89609513049656,33.1,78.6,1.6915713209727545,5.0,13.079642857142858,22.25416666666667,9.174523809523809,True,0.0,hospital_corridor,28,12,"[11, 29, 47, 53, 61, 73, 89, 97, 101, 109]","[2.823106854048446, 3.0057604352505614, 0.9259400714867244, 0.5, 1.0]","{""time"": 1.0, ""collisions"": 0.05, ""congestion"": 1.0, ""fairness"": 1.0, ""incomplete_base"": 1000.0, ""incomplete_agent"": 10.0}","[62.794774627408216, 42.34030937215651, 44.33957280661461, 46.43880877272045, 34.64069264069264, 43.487236987818385, 53.8390273163529, 52.126472343812175, 51.119532627865965, 47.834523809523816]","[39.300000000000004, 31.400000000000002, 31.1, 31.700000000000003, 26.400000000000002, 30.1, 38.7, 35.9, 32.4, 34.0]"
ga,10,7,48.436277689280516,34.42,48.6,1.7417538797567076,4.9,13.469642857142858,23.31416666666667,9.84452380952381,True,0.0,hospital_corridor,28,12,"[11, 29, 47, 53, 61, 73, 89, 97, 101, 109]","[3.0038820398495103, 3.6003156133248604, 0.9609898524700038, 0.5, 1.0]","{""time"": 1.0, ""collisions"": 0.05, ""congestion"": 1.0, ""fairness"": 1.0, ""incomplete_base"": 1000.0, ""incomplete_agent"": 10.0}","[52.573775989268945, 43.295569174415334, 45.12465119805885, 40.143062397372745, 34.49967532467532, 47.35058960492715, 53.51610275689224, 71.20465264499681, 47.892197802197806, 48.762499999999996]","[35.5, 33.800000000000004, 31.400000000000002, 29.0, 26.400000000000002, 31.700000000000003, 38.0, 52.300000000000004, 32.5, 33.6]"
ga,10,8,1096.827466119931,63.55,122.8,1.1195357170005964,4.5,13.026236263736262,23.044166666666666,10.017930402930403,False,1.6,hospital_corridor,28,12,"[11, 29, 47, 53, 61, 73, 89, 97, 101, 109]","[2.9879798333027594, 2.801183484576094, 1.0050317809633116, 0.5, 1.0]","{""time"": 1.0, ""collisions"": 0.05, ""congestion"": 1.0, ""fairness"": 1.0, ""incomplete_base"": 1000.0, ""incomplete_agent"": 10.0}","[68.04967914117788, 1171.2861818181818, 48.958391405342624, 1130.2151794871795, 1168.1711515151515, 48.29766009852217, 1135.197076923077, 54.957569631626235, 53.55994771795959, 89.58182346109176]","[39.7, 100.0, 32.800000000000004, 100.0, 100.0, 34.800000000000004, 100.0, 37.1, 33.7, 57.400000000000006]"
ga,10,9,48.975817125973464,34.510000000000005,62.3,1.6443885545448922,5.0,12.881071428571431,22.587500000000002,9.706428571428571,True,0.0,hospital_corridor,28,12,"[11, 29, 47, 53, 61, 73, 89, 97, 101, 109]","[3.01575197333802, 3.5664131958946412, 0.9014728972855474, 0.5, 1.0]","{""time"": 1.0, ""collisions"": 0.05, ""congestion"": 1.0, ""fairness"": 1.0, ""incomplete_base"": 1000.0, ""incomplete_agent"": 10.0}","[60.99517229002154, 41.798491052471945, 43.64976580796253, 51.63910632746249, 46.80384615384615, 43.85762711864406, 51.37502553300141, 55.19199134199134, 45.94156331342827, 48.50558232090491]","[39.800000000000004, 31.400000000000002, 30.5, 36.5, 36.4, 29.5, 37.300000000000004, 38.5, 31.1, 34.1]"
ga,10,10,48.89832411546473,33.3,86.9,1.7329669726075914,5.2,13.06464285714286,22.585,9.520357142857144,True,0.0,hospital_corridor,28,12,"[11, 29, 47, 53, 61, 73, 89, 97, 101, 109]","[2.973648176830691, 3.22327465275508, 0.9259400714867245, 0.5, 1.0]","{""time"": 1.0, ""collisions"": 0.05, ""congestion"": 1.0, ""fairness"": 1.0, ""incomplete_base"": 1000.0, ""incomplete_agent"": 10.0}","[64.1187515107566, 42.236111111111114, 45.11803154382772, 45.734173435260395, 35.15943223443223, 44.085690943043886, 53.31017060367455, 62.13949352808456, 48.3373525899388, 48.74403365451753]","[39.400000000000006, 31.5, 31.400000000000002, 29.900000000000002, 26.0, 30.6, 38.1, 40.1, 31.900000000000002, 34.1]"
ga,10,11,47.89609513049656,33.1,78.6,1.6915713209727545,5.0,13.079642857142858,22.25416666666667,9.174523809523809,True,0.0,hospital_corridor,28,12,"[11, 29, 47, 53, 61, 73, 89, 97, 101, 109]","[2.823106854048446, 3.0057604352505614, 0.9259400714867244, 0.5, 1.0]","{""time"": 1.0, ""collisions"": 0.05, ""congestion"": 1.0, ""fairness"": 1.0, ""incomplete_base"": 1000.0, ""incomplete_agent"": 10.0}","[62.794774627408216, 42.34030937215651, 44.33957280661461, 46.43880877272045, 34.64069264069264, 43.487236987818385, 53.8390273163529, 52.126472343812175, 51.119532627865965, 47.834523809523816]","[39.300000000000004, 31.400000000000002, 31.1, 31.700000000000003, 26.400000000000002, 30.1, 38.7, 35.9, 32.4, 34.0]"
ga,10,12,48.45714773355753,33.410000000000004,84.6,1.8002429716527644,5.4,13.24892857142857,22.26583333333333,9.016904761904764,True,0.0,hospital_corridor,28,12,"[11, 29, 47, 53, 61, 73, 89, 97, 101, 109]","[2.98563412378378, 3.646237666850083, 0.8864157916155435, 0.5, 1.0]","{""time"": 1.0, ""collisions"": 0.05, ""congestion"": 1.0, ""fairness"": 1.0, ""incomplete_base"": 1000.0, ""incomplete_agent"": 10.0}","[70.615065681445, 43.82976190476191, 42.29759539577421, 45.392054263565896, 34.156007751937985, 44.60816326530613, 53.35225844955397, 57.88449003714962, 45.33369963369964, 47.102380952380955]","[40.6, 33.0, 30.200000000000003, 30.1, 25.8, 29.400000000000002, 37.9, 42.300000000000004, 31.200000000000003, 33.6]"
ga,10,13,48.45714773355753,33.410000000000004,84.6,1.8002429716527644,5.4,13.24892857142857,22.26583333333333,9.016904761904764,True,0.0,hospital_corridor,28,12,"[11, 29, 47, 53, 61, 73, 89, 97, 101, 109]","[2.98563412378378, 3.646237666850083, 0.8864157916155435, 0.5, 1.0]","{""time"": 1.0, ""collisions"": 0.05, ""congestion"": 1.0, ""fairness"": 1.0, ""incomplete_base"": 1000.0, ""incomplete_agent"": 10.0}","[70.615065681445, 43.82976190476191, 42.29759539577421, 45.392054263565896, 34.156007751937985, 44.60816326530613, 53.35225844955397, 57.88449003714962, 45.33369963369964, 47.102380952380955]","[40.6, 33.0, 30.200000000000003, 30.1, 25.8, 29.400000000000002, 37.9, 42.300000000000004, 31.200000000000003, 33.6]"
ga,10,14,47.78791405349372,33.230000000000004,63.3,1.8111283392080035,5.2,13.123214285714287,22.705000000000002,9.581785714285717,True,0.0,hospital_corridor,28,12,"[11, 29, 47, 53, 61, 73, 89, 97, 101, 109]","[2.868001272898122, 3.5467295750821988, 0.9088032212374693, 0.5, 1.0]","{""time"": 1.0, ""collisions"": 0.05, ""congestion"": 1.0, ""fairness"": 1.0, ""incomplete_base"": 1000.0, ""incomplete_agent"": 10.0}","[55.461379236379244, 47.42157519899456, 44.722468793342586, 42.29962448066475, 34.81616915422886, 43.269557823129254, 54.30766099185789, 54.72909717186368, 47.76278371161549, 53.08882397286091]","[33.300000000000004, 34.1, 30.900000000000002, 29.8, 26.8, 29.400000000000002, 38.6, 39.400000000000006, 32.1, 37.9]"
ga,10,15,48.49733128671048,32.5,108.7,1.7524503343295232,5.3,12.861785714285716,21.67166666666667,8.809880952380954,True,0.0,hospital_corridor,28,12,"[11, 29, 47, 53, 61, 73, 89, 97, 101, 109]","[3.0421106190816065, 3.1052685270184455, 0.9035526418647988, 0.5, 1.0]","{""time"": 1.0, ""collisions"": 0.05, ""congestion"": 1.0, ""fairness"": 1.0, ""incomplete_base"": 1000.0, ""incomplete_agent"": 10.0}","[58.548917748917745, 42.221466973886336, 43.41534216335541, 52.27330198537095, 42.0685064935065, 44.50595238095239, 56.004608294930875, 53.445238095238096, 45.803110599078344, 46.68686813186813]","[33.0, 31.0, 30.200000000000003, 31.900000000000002, 30.8, 29.400000000000002, 37.2, 38.0, 31.0, 32.5]"
ga,10,16,46.74062366258978,32.470000000000006,66.0,1.783718900685026,5.2,12.681428571428572,21.868333333333332,9.18690476190476,True,0.0,hospital_corridor,28,12,"[11, 29, 47, 53, 61, 73, 89, 97, 101, 109]","[3.0603421612643893, 3.6213662031536358, 0.8826260839974864, 0.5, 1.0]","{""time"": 1.0, ""collisions"": 0.05, ""congestion"": 1.0, ""fairness"": 1.0, ""incomplete_base"": 1000.0, ""incomplete_agent"": 10.0}","[55.90750708215298, 41.50903908794788, 42.64558846950152, 41.49395287526776, 43.27333333333334, 43.58454715219421, 52.390783410138255, 54.91060606060606, 45.98718241290126, 45.70369674185464]","[35.300000000000004, 30.700000000000003, 29.900000000000002, 28.900000000000002, 30.0, 30.6, 37.2, 38.5, 31.3, 32.300000000000004]"
ga,10,17,55.1934842305397,38.74999999999999,74.2,1.6902699448254221,5.4,13.954285714285714,24.9975,11.043214285714285,True,0.0,hospital_corridor,28,12,"[11, 29, 47, 53, 61, 73, 89, 97, 101, 109]","[2.8836605965313282, 3.514378910284354, 0.8990672941772908, 0.5, 1.0]","{""time"": 1.0, ""collisions"": 0.05, ""congestion"": 1.0, ""fairness"": 1.0, ""incomplete_base"": 1000.0, ""incomplete_agent"": 10.0}","[55.65683600409138, 41.8831058538065, 47.34470561387494, 59.302179224911924, 83.76852049277424, 59.033026113671276, 54.61327838827839, 50.94053672316384, 46.102380952380955, 53.29027293844367]","[41.900000000000006, 31.400000000000002, 31.3, 41.900000000000006, 60.300000000000004, 37.2, 39.0, 35.4, 32.2, 36.9]"
ga,10,18,51.765774151685,33.89,127.1,1.7324408183516593,5.2,12.752500000000001,22.54083333333333,9.788333333333336,True,0.0,hospital_corridor,28,12,"[11, 29, 47, 53, 61, 73, 89, 97, 101, 109]","[3.0148344390400506, 3.0363754831730034, 0.8888835890912336, 0.5, 1.0]","{""time"": 1.0, ""collisions"": 0.05, ""congestion"": 1.0, ""fairness"": 1.0, ""incomplete_base"": 1000.0, ""incomplete_agent"": 10.0}","[69.49816384180792, 42.00290106333796, 44.38788421723205, 52.95021406038756, 42.922033567525375, 43.73639455782313, 60.23534798534799, 62.925760660558765, 50.60898617511521, 48.39005538771401]","[41.300000000000004, 30.900000000000002, 29.900000000000002, 31.700000000000003, 30.5, 29.400000000000002, 39.0, 42.1, 31.0, 33.1]"
ga,10,19,1231.5532059118675,100.0,39.7,0.3811,3.8,14.141905992894348,24.329011904761906,10.187105911867556,False,11.9,hospital_corridor,28,12,"[11, 29, 47, 53, 61, 73, 89, 97, 101, 109]","[2.9153904701852267, 3.078471971915261, 1.3607560204675027, 0.5, 1.0]","{""time"": 1.0, ""collisions"": 0.05, ""congestion"": 1.0, ""fairness"": 1.0, ""incomplete_base"": 1000.0, ""incomplete_agent"": 10.0}","[1212.687, 1280.5451666666668, 1220.6753333333334, 1258.4018529411765, 1218.9183684210527, 1215.3542727272727, 1196.4640909090908, 1226.7055217391305, 1190.0455, 1295.7349523809523]","[100.0, 100.0, 100.0, 100.0, 100.0, 100.0, 100.0, 100.0, 100.0, 100.0]"
ga,10,20,48.73041955062021,33.13,90.1,1.7863719315725863,5.3,13.071785714285715,22.380833333333335,9.30904761904762,True,0.0,hospital_corridor,28,12,"[11, 29, 47, 53, 61, 73, 89, 97, 101, 109]","[2.9399751232248703, 3.1962004903828882, 0.9065189055776679, 0.5, 1.0]","{""time"": 1.0, ""collisions"": 0.05, ""congestion"": 1.0, ""fairness"": 1.0, ""incomplete_base"": 1000.0, ""incomplete_agent"": 10.0}","[61.32044500419815, 48.5244757536042, 44.45124902419984, 45.44725913621262, 42.68619512951761, 43.2640256785308, 53.696380952380956, 50.30945298799407, 49.4554867057233, 48.149225133840524]","[39.7, 32.7, 30.5, 30.1, 30.700000000000003, 29.3, 37.5, 35.300000000000004, 31.700000000000003, 33.800000000000004]"
ga,10,21,49.876659643362146,33.489999999999995,110.4,1.6976120243145267,5.0,13.151785714285714,22.320833333333336,9.169047619047621,True,0.0,hospital_corridor,28,12,"[11, 29, 47, 53, 61, 73, 89, 97, 101, 109]","[2.8659594987942763, 2.9490937283563805, 0.9061272433904675, 0.5, 1.0]","{""time"": 1.0, ""collisions"": 0.05, ""congestion"": 1.0, ""fairness"": 1.0, ""incomplete_base"": 1000.0, ""incomplete_agent"": 10.0}","[64.99620026092629, 41.721825396825395, 43.529991578625015, 48.916160081053704, 41.66792421193829, 44.51049233252623, 54.55248041775457, 52.046788633709625, 50.63638651044015, 56.188347009822216]","[36.5, 31.5, 31.1, 32.9, 28.400000000000002, 29.5, 38.300000000000004, 36.7, 31.700000000000003, 38.300000000000004]"
ga,10,22,49.31759625452369,33.57,95.3,1.735334349761784,5.3,13.24107142857143,22.488333333333333,9.247261904761904,True,0.0,hospital_corridor,28,12,"[11, 29, 47, 53, 61, 73, 89, 97, 101, 109]","[2.9249079810521987, 3.145765622722694, 0.906534714429047, 0.5, 1.0]","{""time"": 1.0, ""collisions"": 0.05, ""congestion"": 1.0, ""fairness"": 1.0, ""incomplete_base"": 1000.0, ""incomplete_agent"": 10.0}","[66.00825652841782, 41.40081013235965, 44.29537815126051, 42.065878433284574, 55.31230158730159, 43.47806122448981, 53.38306878306879, 52.67522918258212, 48.415727805317715, 46.141250717154335]","[37.2, 31.3, 30.6, 29.3, 37.800000000000004, 29.400000000000002, 37.800000000000004, 37.4, 31.700000000000003, 33.2]"
ga,10,23,51.84204673779822,35.2,111.9,1.6431181663696481,4.8,13.453571428571427,22.8575,9.403928571428574,True,0.0,hospital_corridor,28,12,"[11, 29, 47, 53, 61, 73, 89, 97, 101, 109]","[2.9304576123578983, 3.128906839575455, 0.9068435964398037, 0.5, 1.0]","{""time"": 1.0, ""collisions"": 0.05, ""congestion"": 1.0, ""fairness"": 1.0, ""incomplete_base"": 1000.0, ""incomplete_agent"": 10.0}","[71.53429951690822, 41.14301075268817, 45.52169738863287, 56.21946198368851, 53.71287202380954, 43.190712708924636, 54.08244436155664, 54.52686415651533, 50.548844744998604, 47.94025974025974]","[41.400000000000006, 31.0, 31.0, 36.2, 38.400000000000006, 30.200000000000003, 38.300000000000004, 38.7, 33.800000000000004, 33.0]"
ga,11,0,46.74062366258978,32.470000000000006,66.0,1.783718900685026,5.2,12.681428571428572,21.868333333333332,9.18690476190476,True,0.0,hospital_corridor,28,12,"[11, 29, 47, 53, 61, 73, 89, 97, 101, 109]","[3.0603421612643893, 3.6213662031536358, 0.8826260839974864, 0.5, 1.0]","{""time"": 1.0, ""collisions"": 0.05, ""congestion"": 1.0, ""fairness"": 1.0, ""incomplete_base"": 1000.0, ""incomplete_agent"": 10.0}","[55.90750708215298, 41.50903908794788, 42.64558846950152, 41.49395287526776, 43.27333333333334, 43.58454715219421, 52.390783410138255, 54.91060606060606, 45.98718241290126, 45.70369674185464]","[35.300000000000004, 30.700000000000003, 29.900000000000002, 28.900000000000002, 30.0, 30.6, 37.2, 38.5, 31.3, 32.300000000000004]"
ga,11,1,47.35085923915546,33.19,60.0,1.787287810584035,5.6,12.663928571428572,22.0375,9.373571428571429,True,0.0,hospital_corridor,28,12,"[11, 29, 47, 53, 61, 73, 89, 97, 101, 109]","[3.063756683415909, 3.666135534563628, 0.8779943580837225, 0.5, 1.0]","{""time"": 1.0, ""collisions"": 0.05, ""congestion"": 1.0, ""fairness"": 1.0, ""incomplete_base"": 1000.0, ""incomplete_agent"": 10.0}","[60.8928481468154, 41.574697533736625, 41.8535155001598, 46.015079365079366, 41.303765227021046, 44.212752772341815, 53.341513056835645, 49.52099921935988, 44.864389736477115, 49.92903183372797]","[39.7, 30.700000000000003, 29.8, 31.5, 30.1, 29.200000000000003, 37.2, 36.6, 30.900000000000002, 36.2]"
ga,11,2,49.02601889204533,33.53,86.4,1.703756987283419,5.1,12.91357142857143,22.385833333333334,9.472261904761904,True,0.0,hospital_corridor,28,12,"[11, 29, 47, 53, 61, 73, 89, 97, 101, 109]","[2.735763521862509, 3.0703601820486326, 0.8967135484986173, 0.5, 1.0]","{""time"": 1.0, ""collisions"": 0.05, ""congestion"": 1.0, ""fairness"": 1.0, ""incomplete_base"": 1000.0, ""incomplete_agent"": 10.0}","[71.77642913967497, 43.215438636022235, 44.288891392519155, 42.9110465116279, 35.61290726817043, 45.625649350649354, 55.286504907306444, 54.25464669738864, 48.80732345569807, 48.481351561396075]","[41.900000000000006, 31.700000000000003, 31.700000000000003, 30.1, 26.6, 30.8, 39.300000000000004, 37.2, 32.300000000000004, 33.7]"
ga,11,3,1187.2878897928795,100.0,21.3,0.48850000000000005,4.1,14.16010010611052,25.8944898989899,11.734389792879382,False,7.4,hospital_corridor,28,12,"[11, 29, 47, 53, 61, 73, 89, 97, 101, 109]","[2.893503734433638, 3.64570756377091, 1.085123764104551, 0.5, 1.0]","{""time"": 1.0, ""collisions"": 0.05, ""congestion"": 1.0, ""fairness"": 1.0, ""incomplete_base"": 1000.0, ""incomplete_agent"": 10.0}","[1172.0167193675888, 1233.9403333333335, 1161.982, 1190.8010043290044, 1218.817052631579, 1174.3848333333333, 1174.2594444444444, 1180.0976923076923, 1150.196, 1216.3838181818182]","[100.0, 100.0, 100.0, 100.0, 100.0, 100.0, 100.0, 100.0, 100.0, 100.0]"
ga,11,4,50.68315035870056,33.47,119.2,1.87362654917675,5.4,12.81464285714286,22.194166666666668,9.37952380952381,True,0.0,hospital_corridor,28,12,"[11, 29, 47, 53, 61, 73, 89, 97, 101, 109]","[3.4734489494024086, 3.5457706189564853, 0.907483197443079, 0.5, 1.0]","{""time"": 1.0, ""collisions"": 0.05, ""congestion"": 1.0, ""fairness"": 1.0, ""incomplete_base"": 1000.0, ""incomplete_agent"": 10.0}","[62.69406996042385, 52.46687038451745, 45.8265306122449, 55.552417470055516, 39.48161375661376, 42.989416177429874, 61.60818099751749, 53.78421926910299, 47.477922077922074, 44.95026288117771]","[37.300000000000004, 37.4, 29.400000000000002, 32.6, 29.700000000000003, 29.200000000000003, 42.2, 34.4, 30.8, 31.700000000000003]"
ga,11,5,50.877784436994084,35.47,78.9,1.7106415798512302,5.1,13.477857142857143,23.23,9.752142857142857,True,0.0,hospital_corridor,28,12,"[11, 29, 47, 53, 61, 73, 89, 97, 101, 109]","[2.8775005701110423, 3.1971594465086017, 0.9345403468863218, 0.5, 1.0]","{""time"": 1.0, ""collisions"": 0.05, ""congestion"": 1.0, ""fairness"": 1.0, ""incomplete_base"": 1000.0, ""incomplete_agent"": 10.0}","[63.246434213495824, 41.7984126984127, 43.812533692722376, 49.08004075504076, 41.58560606060606, 57.43925983436854, 52.391729323308276, 55.49313421020582, 48.85569358178054, 55.075]","[42.2, 31.5, 31.8, 33.300000000000004, 30.8, 36.800000000000004, 38.0, 39.1, 32.2, 39.0]"
ga,11,6,47.30889864624295,33.56,48.9,1.7406843605286633,5.1,13.206785714285715,22.77,9.563214285714285,True,0.0,hospital_corridor,28,12,"[11, 29, 47, 53, 61, 73, 89, 97, 101, 109]","[2.84665773958969, 3.414404267717515, 0.9253584124794719, 0.5, 1.0]","{""time"": 1.0, ""collisions"": 0.05, ""congestion"": 1.0, ""fairness"": 1.0, ""incomplete_base"": 1000.0, ""incomplete_agent"": 10.0}","[50.03058193065746, 42.248981191222576, 46.00868971792539, 41.05382819794585, 35.81288201847903, 47.60727762803235, 54.67075892857143, 55.97979439914925, 52.11521164021164, 47.56098081023455]","[33.1, 31.900000000000002, 31.400000000000002, 30.6, 26.8, 31.8, 38.400000000000006, 40.300000000000004, 37.800000000000004, 33.5]"
ga,11,7,1241.5935486672875,100.0,38.6,0.3632,3.6,14.042306094617308,23.342654761904765,9.300348667287455,False,13.0,hospital_corridor,28,12,"[11, 29, 47, 53, 61, 73, 89, 97, 101, 109]","[2.8918395846439826, 3.0526477539764927, 1.392669642129107, 0.5, 1.0]","{""time"": 1.0, ""collisions"": 0.05, ""congestion"": 1.0, ""fairness"": 1.0, ""incomplete_base"": 1000.0, ""incomplete_agent"": 10.0}","[1233.2848888888889, 1259.8049705882354, 1241.3133333333333, 1249.8735294117646, 1218.9324736842104, 1214.7672727272727, 1193.7221818181818, 1215.6216708074535, 1264.8337368421053, 1323.7814285714285]","[100.0, 100.0, 100.0, 100.0, 100.0, 100.0, 100.0, 100.0, 100.0, 100.0]"
ga,11,8,48.31378731768384,32.5,95.4,1.7062873176838376,5.1,12.475000000000001,21.8125,9.3375,True,0.0,hospital_corridor,28,12,"[11, 29, 47, 53, 61, 73, 89, 97, 101, 109]","[2.85210883990854, 2.773313303726797, 0.9125506442257721, 0.5, 1.0]","{""time"": 1.0, ""collisions"": 0.05, ""congestion"": 1.0, ""fairness"": 1.0, ""incomplete_base"": 1000.0, ""incomplete_agent"": 10.0}","[56.50374417905964, 42.617242948134674, 43.75540088239769, 46.8002017756255, 41.54599567099568, 45.88071428571429, 54.500068561456004, 53.70205332814325, 51.26262939958592, 46.569822145725766]","[31.700000000000003, 31.400000000000002, 31.3, 29.5, 30.8, 30.0, 38.2, 36.7, 32.2, 33.2]"
ga,11,9,48.4445854245575,34.85,49.5,1.7091092340813123,5.1,13.292857142857144,22.70333333333333,9.41047619047619,True,0.0,hospital_corridor,28,12,"[11, 29, 47, 53, 61, 73, 89, 97, 101, 109]","[2.8389992870380274, 3.510719733759262, 0.9221926484984216, 0.5, 1.0]","{""time"": 1.0, ""collisions"": 0.05, ""congestion"": 1.0, ""fairness"": 1.0, ""incomplete_base"": 1000.0, ""incomplete_agent"": 10.0}","[61.574999999999996, 41.715932354250114, 45.29208860759494, 41.128347477604905, 35.59355742296919, 45.488587201442094, 56.62701465201466, 55.59517871986699, 52.87517006802721, 48.55497774180495]","[42.0, 32.1, 31.6, 30.3, 27.200000000000003, 31.700000000000003, 39.0, 40.1, 39.2, 35.300000000000004]"
ga,11,10,46.84019779054859,32.440000000000005,67.1,1.8085311238819188,5.5,12.867500000000001,22.104166666666668,9.236666666666668,True,0.0,hospital_corridor,28,12,"[11, 29, 47, 53, 61, 73, 89, 97, 101, 109]","[3.392177932323624, 3.605689823178184, 0.9528314367112541, 0.5, 1.0]","{""time"": 1.0, ""collisions"": 0.05, ""congestion"": 1.0, ""fairness"": 1.0, ""incomplete_base"": 1000.0, ""incomplete_agent"": 10.0}","[50.68616071428571, 43.461983626258075, 42.305992736077485, 44.99977168949772, 50.00038147855828, 46.84270688858068, 49.35650183150184, 49.46227984344423, 45.344170111774616, 45.94202898550725]","[32.0, 31.700000000000003, 29.5, 29.200000000000003, 36.2, 30.900000000000002, 35.1, 36.5, 31.1, 32.2]"
ga,11,11,47.53979856662991,33.150000000000006,59.6,1.7369414237727643,4.9,12.607142857142858,22.28,9.672857142857143,True,0.0,hospital_corridor,28,12,"[11, 29, 47, 53, 61, 73, 89, 97, 101, 109]","[3.01096931273606, 3.6159919933003115, 0.8907844997562362, 0.5, 1.0]","{""time"": 1.0, ""collisions"": 0.05, ""congestion"": 1.0, ""fairness"": 1.0, ""incomplete_base"": 1000.0, ""incomplete_agent"": 10.0}","[58.61696881798405, 41.77664805335815, 42.98047619047619, 44.178138528138525, 42.270670995671, 44.2296218487395, 54.38754218222723, 52.38326967150496, 46.83446639105804, 47.740182987141445]","[39.400000000000006, 30.700000000000003, 30.0, 29.700000000000003, 30.8, 30.6, 38.1, 37.4, 31.1, 33.7]"
ga,11,12,50.146918869996604,33.660000000000004,107.8,1.724180774758502,4.9,13.16392857142857,22.53666666666667,9.372738095238097,True,0.0,hospital_corridor,28,12,"[11, 29, 47, 53, 61, 73, 89, 97, 101, 109]","[2.916094371319584, 3.1146961740665398, 0.9068583278763059, 0.5, 1.0]","{""time"": 1.0, ""collisions"": 0.05, ""congestion"": 1.0, ""fairness"": 1.0, ""incomplete_base"": 1000.0, ""incomplete_agent"": 10.0}","[74.548606271777, 44.32276785714286, 43.048770746083456, 47.08085480093676, 35.25232744783307, 49.10955284552846, 62.272996515679445, 52.2167400740457, 47.89471066907777, 45.72186147186147]","[41.0, 32.0, 30.700000000000003, 30.5, 26.700000000000003, 32.800000000000004, 41.0, 37.300000000000004, 31.6, 33.0]"
ga,11,13,50.61991993683043,32.190000000000005,142.4,1.750277079687563,5.3,11.982857142857146,21.5425,9.559642857142858,True,0.0,hospital_corridor,28,12,"[11, 29, 47, 53, 61, 73, 89, 97, 101, 109]","[3.429686985881048, 3.0926826374241765, 0.9068446738546806, 0.5, 1.0]","{""time"": 1.0, ""collisions"": 0.05, ""congestion"": 1.0, ""fairness"": 1.0, ""incomplete_base"": 1000.0, ""incomplete_agent"": 10.0}","[64.53110912076428, 51.30112044817927, 44.31214938030007, 52.596074312077775, 40.26024743230626, 43.2388820233976, 63.422319156670305, 49.453279030910615, 50.018498452012395, 47.06552001168566]","[31.900000000000002, 34.0, 29.200000000000003, 28.900000000000002, 30.6, 28.900000000000002, 39.300000000000004, 34.2, 32.300000000000004, 32.6]"
ga,11,14,54.23977209590295,38.63000000000001,65.5,1.6056054292362698,4.8,14.242500000000001,24.97166666666667,10.729166666666668,True,0.0,hospital_corridor,28,12,"[11, 29, 47, 53, 61, 73, 89, 97, 101, 109]","[2.6069635776983535, 3.151889279466695, 0.9522720516264858, 0.5, 1.0]","{""time"": 1.0, ""collisions"": 0.05, ""congestion"": 1.0, ""fairness"": 1.0, ""incomplete_base"": 1000.0, ""incomplete_agent"": 10.0}","[68.49787971622058, 43.5271645021645, 48.829022988505756, 65.78777540867094, 37.66640116478246, 51.50381773399015, 56.97408424908426, 57.22835552356963, 47.31730326571716, 65.06591640632396]","[44.300000000000004, 33.0, 34.800000000000004, 46.900000000000006, 27.8, 34.800000000000004, 41.6, 39.7, 33.1, 50.300000000000004]"
ga,11,15,49.13789787338886,33.3,90.8,1.725278825769815,5.2,12.885714285714286,22.458333333333336,9.572619047619048,True,0.0,hospital_corridor,28,12,"[11, 29, 47, 53, 61, 73, 89, 97, 101, 109]","[2.8867552229998092, 3.0500716461667543, 0.9095264638703272, 0.5, 1.0]","{""time"": 1.0, ""collisions"": 0.05, ""congestion"": 1.0, ""fairness"": 1.0, ""incomplete_base"": 1000.0, ""incomplete_agent"": 10.0}","[57.672253258845444, 41.25485347985348, 43.60201465201466, 54.94307359307359, 43.20128968253968, 43.75642857142857, 53.36963360473723, 55.646322007063695, 50.74084797957038, 47.19226190476191]","[35.800000000000004, 31.200000000000003, 31.200000000000003, 33.0, 28.8, 30.0, 38.6, 39.1, 31.700000000000003, 33.6]"
ga,11,16,50.01114319656983,35.62,58.1,1.6472146251412625,5.3,13.321071428571429,23.160000000000004,9.838928571428571,True,0.0,hospital_corridor,28,12,"[11, 29, 47, 53, 61, 73, 89, 97, 101, 109]","[2.8499422491305015, 3.3180735925070253, 0.9345712613204311, 0.5, 1.0]","{""time"": 1.0, ""collisions"": 0.05, ""congestion"": 1.0, ""fairness"": 1.0, ""incomplete_base"": 1000.0, ""incomplete_agent"": 10.0}","[63.6559871393813, 41.5473974763407, 44.249702380952385, 61.51221198156682, 34.824846098135076, 41.96207482993197, 53.040255277368686, 58.11127503898285, 46.925088183421515, 54.28259355961706]","[41.1, 31.700000000000003, 32.0, 46.5, 26.3, 29.400000000000002, 38.800000000000004, 39.7, 32.4, 38.300000000000004]"
ga,11,17,47.47814955607605,33.459999999999994,61.7,1.7739828894093836,5.1,13.34,22.499166666666664,9.159166666666668,True,0.0,hospital_corridor,28,12,"[11, 29, 47, 53, 61, 73, 89, 97, 101, 109]","[3.000568532143366, 3.352072099787295, 0.9419302723301015, 0.5, 1.0]","{""time"": 1.0, ""collisions"": 0.05, ""congestion"": 1.0, ""fairness"": 1.0, ""incomplete_base"": 1000.0, ""incomplete_agent"": 10.0}","[53.25870112272551, 41.4464856230032, 45.83544546850999, 44.47893081761006, 34.89557502246181, 52.83933175480137, 53.672225346831645, 53.60579302587177, 48.17583108715184, 46.57317629179332]","[36.9, 31.3, 31.0, 31.8, 26.5, 36.2, 38.1, 38.1, 31.8, 32.9]"
ga,11,18,48.88468176928647,33.93,72.5,1.729086531191237,4.9,12.99607142857143,22.596666666666668,9.600595238095238,True,0.0,hospital_corridor,28,12,"[11, 29, 47, 53, 61, 73, 89, 97, 101, 109]","[3.0013331667697, 3.4957371708671605, 0.8912751304983022, 0.5, 1.0]","{""time"": 1.0, ""collisions"": 0.05, ""congestion"": 1.0, ""fairness"": 1.0, ""incomplete_base"": 1000.0, ""incomplete_agent"": 10.0}","[58.0602534562212, 42.183791208791206, 44.28302525483037, 48.96533776301218, 44.62427790788446, 42.14632768361582, 55.03311575282856, 59.095353568679215, 48.142857142857146, 46.31247795414461]","[37.2, 31.200000000000003, 31.3, 34.4, 30.5, 29.5, 38.300000000000004, 43.300000000000004, 31.200000000000003, 32.4]"
ga,11,19,52.7800832151756,33.42,164.9,1.6505594056517836,5.0,12.362142857142858,21.82666666666667,9.464523809523811,True,0.0,hospital_corridor,28,12,"[11, 29, 47, 53, 61, 73, 89, 97, 101, 109]","[2.9989841177195595, 2.6496397646455794, 0.8978698590768521, 0.5, 1.0]","{""time"": 1.0, ""collisions"": 0.05, ""congestion"": 1.0, ""fairness"": 1.0, ""incomplete_base"": 1000.0, ""incomplete_agent"": 10.0}","[75.98735362997658, 42.93693943596857, 43.31919109663409, 62.04952099182869, 48.94743515292296, 45.93911564625851, 56.39790862290863, 53.147673160173156, 52.04543010752688, 47.03026430755789]","[36.6, 30.900000000000002, 30.700000000000003, 33.800000000000004, 36.9, 29.400000000000002, 37.0, 35.2, 31.0, 32.7]"
ga,11,20,48.63176260853358,33.3,84.7,1.6830721323430968,5.1,12.647142857142857,22.060833333333335,9.413690476190478,True,0.0,hospital_corridor,28,12,"[11, 29, 47, 53, 61, 73, 89, 97, 101, 109]","[2.9541119450018662, 3.2273571617107097, 0.8781095329181681, 0.5, 1.0]","{""time"": 1.0, ""collisions"": 0.05, ""congestion"": 1.0, ""fairness"": 1.0, ""incomplete_base"": 1000.0, ""incomplete_agent"": 10.0}","[63.20104282022887, 42.22307662478672, 44.03007518796993, 44.57072566227856, 35.26891130498001, 45.47637362637363, 53.58330786860198, 54.3328719084533, 46.3847158218126, 57.246525259850145]","[38.7, 30.700000000000003, 30.400000000000002, 29.3, 26.200000000000003, 31.200000000000003, 37.4, 38.7, 31.0, 39.400000000000006]"
ga,11,21,48.88628803476483,34.34000000000001,62.1,1.694859463336249,5.3,12.77357142857143,22.520000000000003,9.74642857142857,True,0.0,hospital_corridor,28,12,"[11, 29, 47, 53, 61, 73, 89, 97, 101, 109]","[3.0250352085992693, 3.424781631450621, 0.9067442304567372, 0.5, 1.0]","{""time"": 1.0, ""collisions"": 0.05, ""congestion"": 1.0, ""fairness"": 1.0, ""incomplete_base"": 1000.0, ""incomplete_agent"": 10.0}","[65.4775041050903, 41.972421898695785, 43.38959025470653, 43.239401294498386, 34.85573593073593, 44.72413525670855, 53.10331965684446, 57.06238820401258, 49.036151603498546, 56.00223214285715]","[43.5, 31.400000000000002, 30.1, 30.900000000000002, 26.400000000000002, 30.700000000000003, 38.300000000000004, 39.400000000000006, 34.300000000000004, 38.400000000000006]"
ga,11,22,46.793451038656094,32.53,58.1,1.7689272291322826,5.1,12.594642857142858,22.18416666666667,9.58952380952381,True,0.0,hospital_corridor,28,12,"[11, 29, 47, 53, 61, 73, 89, 97, 101, 109]","[2.9643991226628494, 3.278222324249526, 0.925628856194641, 0.5, 1.0]","{""time"": 1.0, ""collisions"": 0.05, ""congestion"": 1.0, ""fairness"": 1.0, ""incomplete_base"": 1000.0, ""incomplete_agent"": 10.0}","[53.35283687943262, 41.19388185654008, 43.74572599531616, 46.2574442435202, 34.86135531135531, 43.95375302663438, 54.596321774092225, 58.22829403606103, 45.7765873015873, 45.96830996202162]","[32.9, 31.6, 30.5, 31.6, 26.0, 29.5, 37.9, 41.2, 31.5, 32.6]"
ga,11,23,54.50242971989975,36.86,114.7,1.7642154341854634,5.4,13.309285714285712,23.4525,10.143214285714286,True,0.0,hospital_corridor,28,12,"[11, 29, 47, 53, 61, 73, 89, 97, 101, 109]","[2.924639524353068, 3.099505572533578, 0.9071706205832664, 0.5, 1.0]","{""time"": 1.0, ""collisions"": 0.05, ""congestion"": 1.0, ""fairness"": 1.0, ""incomplete_base"": 1000.0, ""incomplete_agent"": 10.0}","[63.85112100543135, 41.723195329087055, 42.80456674473068, 48.10107256960293, 68.00314836678474, 43.538405088062625, 56.540915944214106, 55.25233186057929, 61.459215615180085, 63.75032467532468]","[37.7, 31.400000000000002, 30.5, 31.3, 48.400000000000006, 29.200000000000003, 37.9, 38.800000000000004, 39.400000000000006, 44.0]"
ga,12,0,46.74062366258978,32.470000000000006,66.0,1.783718900685026,5.2,12.681428571428572,21.868333333333332,9.18690476190476,True,0.0,hospital_corridor,28,12,"[11, 29, 47, 53, 61, 73, 89, 97, 101, 109]","[3.0603421612643893, 3.6213662031536358, 0.8826260839974864, 0.5, 1.0]","{""time"": 1.0, ""collisions"": 0.05, ""congestion"": 1.0, ""fairness"": 1.0, ""incomplete_base"": 1000.0, ""incomplete_agent"": 10.0}","[55.90750708215298, 41.50903908794788, 42.64558846950152, 41.49395287526776, 43.27333333333334, 43.58454715219421, 52.390783410138255, 54.91060606060606, 45.98718241290126, 45.70369674185464]","[35.300000000000004, 30.700000000000003, 29.900000000000002, 28.900000000000002, 30.0, 30.6, 37.2, 38.5, 31.3, 32.300000000000004]"
ga,12,1,46.793451038656094,32.53,58.1,1.7689272291322826,5.1,12.594642857142858,22.18416666666667,9.58952380952381,True,0.0,hospital_corridor,28,12,"[11, 29, 47, 53, 61, 73, 89, 97, 101, 109]","[2.9643991226628494, 3.278222324249526, 0.925628856194641, 0.5, 1.0]","{""time"": 1.0, ""collisions"": 0.05, ""congestion"": 1.0, ""fairness"": 1.0, ""incomplete_base"": 1000.0, ""incomplete_agent"": 10.0}","[53.35283687943262, 41.19388185654008, 43.74572599531616, 46.2574442435202, 34.86135531135531, 43.95375302663438, 54.596321774092225, 58.22829403606103, 45.7765873015873, 45.96830996202162]","[32.9, 31.6, 30.5, 31.6, 26.0, 29.5, 37.9, 41.2, 31.5, 32.6]"
ga,12,2,1220.4872286397813,100.0,30.2,0.43190000000000006,4.1,14.946292572339939,26.491621212121213,11.545328639781271,False,10.7,hospital_corridor,28,12,"[11, 29, 47, 53, 61, 73, 89, 97, 101, 109]","[2.84665773958969, 3.721870406611203, 1.2710853546505128, 0.5, 1.0]","{""time"": 1.0, ""collisions"": 0.05, ""congestion"": 1.0, ""fairness"": 1.0, ""incomplete_base"": 1000.0, ""incomplete_agent"": 10.0}","[1219.3362631578948, 1263.1306883116883, 1199.958212121212, 1225.9511403508773, 1219.8263157894737, 1199.5415, 1182.837611111111, 1198.692, 1183.6025555555555, 1311.996]","[100.0, 100.0, 100.0, 100.0, 100.0, 100.0, 100.0, 100.0, 100.0, 100.0]"
ga,12,3,48.31378731768384,32.5,95.4,1.7062873176838376,5.1,12.475000000000001,21.8125,9.3375,True,0.0,hospital_corridor,28,12,"[11, 29, 47, 53, 61, 73, 89, 97, 101, 109]","[2.85210883990854, 2.773313303726797, 0.9125506442257721, 0.5, 1.0]","{""time"": 1.0, ""collisions"": 0.05, ""congestion"": 1.0, ""fairness"": 1.0, ""incomplete_base"": 1000.0, ""incomplete_agent"": 10.0}","[56.50374417905964, 42.617242948134674, 43.75540088239769, 46.8002017756255, 41.54599567099568, 45.88071428571429, 54.500068561456004, 53.70205332814325, 51.26262939958592, 46.569822145725766]","[31.700000000000003, 31.400000000000002, 31.3, 29.5, 30.8, 30.0, 38.2, 36.7, 32.2, 33.2]"
ga,12,4,1214.9706549359234,100.0,33.5,0.4058,3.7,13.942790446471912,24.832645382395388,10.889854935923472,False,10.2,hospital_corridor,28,12,"[11, 29, 47, 53, 61, 73, 89, 97, 101, 109]","[3.0589829657851118, 3.283932870693597, 1.3272500429160934, 0.5, 1.0]","{""time"": 1.0, ""collisions"": 0.05, ""congestion"": 1.0, ""fairness"": 1.0, ""incomplete_base"": 1000.0, ""incomplete_agent"": 10.0}","[1210.253380952381, 1253.0079696969697, 1201.1861313131312, 1227.2828479532163, 1218.9898947368422, 1193.476154589372, 1188.0641304347826, 1190.4225, 1171.3924444444444, 1295.6310952380952]","[100.0, 100.0, 100.0, 100.0, 100.0, 100.0, 100.0, 100.0, 100.0, 100.0]"
ga,12,5,47.16991389111786,32.89,66.1,1.730747224451188,5.5,12.617500000000001,21.861666666666668,9.244166666666668,True,0.0,hospital_corridor,28,12,"[11, 29, 47, 53, 61, 73, 89, 97, 101, 109]","[3.177895796244834, 3.660424988119557, 0.8981434453692927, 0.5, 1.0]","{""time"": 1.0, ""collisions"": 0.05, ""congestion"": 1.0, ""fairness"": 1.0, ""incomplete_base"": 1000.0, ""incomplete_agent"": 10.0}","[66.52372881355933, 41.91842385516507, 43.56206108706109, 40.450939849624056, 33.389880952380956, 42.27411937377691, 51.81493123134813, 58.3927811550152, 47.63928571428572, 45.73298687896211]","[41.300000000000004, 31.3, 29.700000000000003, 28.5, 25.6, 29.200000000000003, 36.7, 42.300000000000004, 32.0, 32.300000000000004]"
ga,12,6,47.12508470930307,33.25000000000001,58.2,1.7790132807316283,5.2,13.226428571428574,22.4125,9.186071428571427,True,0.0,hospital_corridor,28,12,"[11, 29, 47, 53, 61, 73, 89, 97, 101, 109]","[3.0710526226054626, 3.48811613267233, 0.9493418211525714, 0.5, 1.0]","{""time"": 1.0, ""collisions"": 0.05, ""congestion"": 1.0, ""fairness"": 1.0, ""incomplete_base"": 1000.0, ""incomplete_agent"": 10.0}","[56.342831813576495, 41.988651535380505, 44.15092165898618, 41.001929392446634, 34.189625203693645, 46.94719140083218, 52.57098997493734, 52.30418403435645, 49.31100356030263, 52.44351851851853]","[37.6, 32.1, 31.0, 29.0, 26.3, 30.900000000000002, 38.0, 37.7, 32.1, 37.800000000000004]"
ga,12,7,1153.1782316786273,93.67999999999999,66.4,0.5840391304347826,4.1,14.32618623968624,25.920378787878793,11.59419254819255,False,4.4,hospital_corridor,28,12,"[11, 29, 47, 53, 61, 73, 89, 97, 101, 109]","[3.2855244323810107, 3.3957960147553803, 1.1383973887985332, 0.5, 1.0]","{""time"": 1.0, ""collisions"": 0.05, ""congestion"": 1.0, ""fairness"": 1.0, ""incomplete_base"": 1000.0, ""incomplete_agent"": 10.0}","[1159.0996666666667, 1195.4993333333334, 1152.5501818181817, 1168.1762727272728, 1178.961619047619, 1153.7202727272727, 1138.8757435897437, 1176.8463703703703, 51.81501035196688, 1156.2378461538462]","[100.0, 100.0, 100.0, 100.0, 100.0, 100.0, 100.0, 100.0, 36.800000000000004, 100.0]"
ga,12,8,52.61260147402868,35.690000000000005,106.6,1.7043871883143886,5.3,13.459285714285716,23.347500000000004,9.888214285714286,True,0.0,hospital_corridor,28,12,"[11, 29, 47, 53, 61, 73, 89, 97, 101, 109]","[2.84665773958969, 3.0287160281966448, 0.9253584124794719, 0.5, 1.0]","{""time"": 1.0, ""collisions"": 0.05, ""congestion"": 1.0, ""fairness"": 1.0, ""incomplete_base"": 1000.0, ""incomplete_agent"": 10.0}","[73.1075263662512, 45.25190552259242, 46.43556964842012, 53.09609634551495, 34.843635705232664, 50.19304677623261, 55.922016274864376, 71.00911228689007, 48.44651757899422, 47.82058823529412]","[44.7, 31.3, 32.1, 34.4, 26.3, 33.9, 39.5, 48.6, 32.1, 34.0]"
ga,12,9,47.30889864624295,33.56,48.9,1.7406843605286633,5.1,13.206785714285715,22.77,9.563214285714285,True,0.0,hospital_corridor,28,12,"[11, 29, 47, 53, 61, 73, 89, 97, 101, 109]","[2.84665773958969, 3.414404267717515, 0.9253584124794719, 0.5, 1.0]","{""time"": 1.0, ""collisions"": 0.05, ""congestion"": 1.0, ""fairness"": 1.0, ""incomplete_base"": 1000.0, ""incomplete_agent"": 10.0}","[50.03058193065746, 42.248981191222576, 46.00868971792539, 41.05382819794585, 35.81288201847903, 47.60727762803235, 54.67075892857143, 55.97979439914925, 52.11521164021164, 47.56098081023455]","[33.1, 31.900000000000002, 31.400000000000002, 30.6, 26.8, 31.8, 38.400000000000006, 40.300000000000004, 37.800000000000004, 33.5]"
ga,12,10,49.51409505285277,33.92,89.6,1.675880767138478,5.5,12.879285714285714,22.3175,9.438214285714285,True,0.0,hospital_corridor,28,12,"[11, 29, 47, 53, 61, 73, 89, 97, 101, 109]","[2.899675787199124, 3.04682600919249, 0.911488539183609, 0.5, 1.0]","{""time"": 1.0, ""collisions"": 0.05, ""congestion"": 1.0, ""fairness"": 1.0, ""incomplete_base"": 1000.0, ""incomplete_agent"": 10.0}","[58.489690277225094, 41.678048225659694, 43.15677300046232, 48.19663234663235, 45.827003484320564, 43.23378839590444, 54.265174645055914, 57.86708987943004, 49.56525873507298, 52.86149153876427]","[35.9, 31.400000000000002, 30.900000000000002, 33.300000000000004, 32.800000000000004, 29.3, 37.9, 39.1, 32.300000000000004, 36.300000000000004]"
ga,12,11,49.79147830611829,33.870000000000005,84.2,1.8415973537373365,5.6,12.531785714285714,22.401666666666667,9.869880952380953,True,0.0,hospital_corridor,28,12,"[11, 29, 47, 53, 61, 73, 89, 97, 101, 109]","[3.3247328668188585, 3.527300191580683, 0.8964959572933495, 0.5, 1.0]","{""time"": 1.0, ""collisions"": 0.05, ""congestion"": 1.0, ""fairness"": 1.0, ""incomplete_base"": 1000.0, ""incomplete_agent"": 10.0}","[61.41290726817042, 63.560606060606055, 42.782432432432444, 51.8734491044124, 39.543775966762546, 43.41539465101109, 50.169480519480516, 55.10891959798995, 44.57222222222222, 45.47559523809524]","[38.0, 44.0, 29.6, 32.7, 29.8, 29.200000000000003, 33.0, 39.800000000000004, 30.6, 32.0]"
ga,12,12,47.18483750843927,33.510000000000005,51.7,1.649956556058315,5.2,12.616785714285715,22.056666666666665,9.439880952380953,True,0.0,hospital_corridor,28,12,"[11, 29, 47, 53, 61, 73, 89, 97, 101, 109]","[2.9329569888048588, 3.579688633931994, 0.8861984267019652, 0.5, 1.0]","{""time"": 1.0, ""collisions"": 0.05, ""congestion"": 1.0, ""fairness"": 1.0, ""incomplete_base"": 1000.0, ""incomplete_agent"": 10.0}","[59.15244963369963, 41.609632034632035, 42.5358118657299, 49.58817414573899, 34.72883849357234, 41.76275510204082, 53.98640350877193, 53.30848214285716, 48.48654244306419, 46.68928571428572]","[41.6, 30.8, 30.5, 34.7, 26.3, 29.400000000000002, 38.0, 38.400000000000006, 32.2, 33.2]"
ga,12,13,75.65377102967125,34.87,582.8,1.6588900772903046,5.6,12.404285714285715,22.389166666666668,9.984880952380953,True,0.0,hospital_corridor,28,12,"[11, 29, 47, 53, 61, 73, 89, 97, 101, 109]","[2.4299606287901234, 3.5971666343908963, 0.7465188493774845, 0.5, 1.0]","{""time"": 1.0, ""collisions"": 0.05, ""congestion"": 1.0, ""fairness"": 1.0, ""incomplete_base"": 1000.0, ""incomplete_agent"": 10.0}","[108.31542857142858, 61.09992417349106, 61.78605835397743, 73.98330179754021, 57.4382131446828, 69.42623762376238, 105.11792524790238, 81.27442084942085, 67.84855134825014, 70.2476491862568]","[37.5, 31.400000000000002, 34.6, 30.200000000000003, 31.3, 30.3, 43.7, 37.0, 33.2, 39.5]"
ga,12,14,1174.5938729785598,100.0,35.3,0.4915,4.3,13.354101768915044,25.69147474747475,12.337372978559708,False,6.0,hospital_corridor,28,12,"[11, 29, 47, 53, 61, 73, 89, 97, 101, 109]","[3.060342161264389, 3.6213662031536358, 1.1013362814605279, 0.5, 1.0]","{""time"": 1.0, ""collisions"": 0.05, ""congestion"": 1.0, ""fairness"": 1.0, ""incomplete_base"": 1000.0, ""incomplete_agent"": 10.0}","[1175.6882292490118, 1221.8501616161616, 1132.4655387205387, 1211.791, 1219.3664736842106, 1158.4569999999999, 1157.1426363636363, 1137.6445714285715, 1133.452138047138, 1198.0809806763284]","[100.0, 100.0, 100.0, 100.0, 100.0, 100.0, 100.0, 100.0, 100.0, 100.0]"
ga,12,15,50.60166177183869,36.05,43.4,1.7741617718386915,5.5,13.575,24.182500000000005,10.607500000000002,True,0.0,hospital_corridor,28,12,"[11, 29, 47, 53, 61, 73, 89, 97, 101, 109]","[2.511540467586478, 3.6213662031536358, 0.8826260839974864, 0.5, 1.0]","{""time"": 1.0, ""collisions"": 0.05, ""congestion"": 1.0, ""fairness"": 1.0, ""incomplete_base"": 1000.0, ""incomplete_agent"": 10.0}","[44.68290043290044, 43.11906593406594, 50.943151417870524, 63.134416317317, 37.585531135531134, 44.00681818181819, 58.77514559780747, 65.01941997063143, 49.28445378151261, 49.46571494893222]","[33.0, 32.5, 35.6, 44.300000000000004, 27.3, 30.8, 41.7, 45.400000000000006, 34.0, 35.9]"
ga,12,16,1226.847168758117,100.0,8.1,0.42849999999999994,3.4,14.913438745490463,25.927107503607505,11.013668758117042,False,11.5,hospital_corridor,28,12,"[11, 29, 47, 53, 61, 73, 89, 97, 101, 109]","[3.104169670504654, 4.159785341981109, 1.389544207307951, 0.5, 1.0]","{""time"": 1.0, ""collisions"": 0.05, ""congestion"": 1.0, ""fairness"": 1.0, ""incomplete_base"": 1000.0, ""incomplete_agent"": 10.0}","[1218.776894736842, 1262.633805194805, 1208.8872857142858, 1255.6386507936509, 1229.3957134502923, 1211.6703181818182, 1197.867502415459, 1178.8045769230769, 1170.9125555555556, 1333.8843846153845]","[100.0, 100.0, 100.0, 100.0, 100.0, 100.0, 100.0, 100.0, 100.0, 100.0]"
ga,12,17,49.529329597662226,33.06,105.6,1.610043883376504,5.2,12.453214285714287,22.0325,9.579285714285714,True,0.0,hospital_corridor,28,12,"[11, 29, 47, 53, 61, 73, 89, 97, 101, 109]","[3.1747634848187785, 3.0672105300885386, 0.9315843739182311, 0.5, 1.0]","{""time"": 1.0, ""collisions"": 0.05, ""congestion"": 1.0, ""fairness"": 1.0, ""incomplete_base"": 1000.0, ""incomplete_agent"": 10.0}","[56.60037993920973, 42.105491551459295, 41.73806306306306, 68.66490618691367, 42.53659668340179, 44.331425309849976, 55.992561879633115, 49.004609279609284, 48.32900432900433, 45.990257754477945]","[32.9, 31.0, 29.6, 40.1, 31.3, 29.200000000000003, 37.9, 35.1, 30.8, 32.7]"
ga,12,18,48.748991199677235,34.49,58.9,1.7428007234867515,5.1,13.257142857142858,22.828333333333333,9.571190476190477,True,0.0,hospital_corridor,28,12,"[11, 29, 47, 53, 61, 73, 89, 97, 101, 109]","[2.8963881715380397, 3.543981141364911, 0.9133613675339458, 0.5, 1.0]","{""time"": 1.0, ""collisions"": 0.05, ""congestion"": 1.0, ""fairness"": 1.0, ""incomplete_base"": 1000.0, ""incomplete_agent"": 10.0}","[65.12779805352798, 41.67604166666666, 43.71046547236258, 45.047619047619044, 35.090476190476195, 46.68049450549451, 53.3675380461463, 52.240343915343914, 46.84413919413919, 57.704995904995904]","[41.1, 32.0, 31.1, 32.4, 26.0, 32.5, 38.800000000000004, 37.800000000000004, 32.5, 40.7]"
ga,12,19,52.03614780623162,34.33,116.8,1.8507906633744757,5.4,13.209642857142857,23.225,10.015357142857143,True,0.0,hospital_corridor,28,12,"[11, 29, 47, 53, 61, 73, 89, 97, 101, 109]","[3.2014291379803916, 3.5827305856946623, 0.8996157807207119, 0.5, 1.0]","{""time"": 1.0, ""collisions"": 0.05, ""congestion"": 1.0, ""fairness"": 1.0, ""incomplete_base"": 1000.0, ""incomplete_agent"": 10.0}","[87.69349139232861, 44.78668274383708, 43.233944658944665, 47.72453271028038, 47.60365961199294, 43.30561224489796, 57.817884686008085, 50.3659679089027, 51.63559954102123, 46.194102564102565]","[47.300000000000004, 31.1, 29.6, 32.1, 32.4, 29.400000000000002, 38.900000000000006, 36.800000000000004, 33.2, 32.5]"
ga,12,20,47.35085923915546,33.19,60.0,1.787287810584035,5.6,12.663928571428572,22.0375,9.373571428571429,True,0.0,hospital_corridor,28,12,"[11, 29, 47, 53, 61, 73, 89, 97, 101, 109]","[3.063756683415909, 3.666135534563628, 0.8779943580837225, 0.5, 1.0]","{""time"": 1.0, ""collisions"": 0.05, ""congestion"": 1.0, ""fairness"": 1.0, ""incomplete_base"": 1000.0, ""incomplete_agent"": 10.0}","[60.8928481468154, 41.574697533736625, 41.8535155001598, 46.015079365079366, 41.303765227021046, 44.212752772341815, 53.341513056835645, 49.52099921935988, 44.864389736477115, 49.92903183372797]","[39.7, 30.700000000000003, 29.8, 31.5, 30.1, 29.200000000000003, 37.2, 36.6, 30.900000000000002, 36.2]"
ga,12,21,52.10100135921964,35.28,101.1,1.7550489782672547,5.4,13.043214285714289,23.054166666666667,10.010952380952379,True,0.0,hospital_corridor,28,12,"[11, 29, 47, 53, 61, 73, 89, 97, 101, 109]","[3.1290613796367452, 3.666135534563628, 0.8779943580837225, 0.5, 1.0]","{""time"": 1.0, ""collisions"": 0.05, ""congestion"": 1.0, ""fairness"": 1.0, ""incomplete_base"": 1000.0, ""incomplete_agent"": 10.0}","[76.44169884169885, 47.80702600058428, 41.709523809523816, 69.72127787823992, 34.766312741312746, 43.169289749798224, 50.12980728948472, 58.431932773109246, 53.54972299168976, 45.28342151675485]","[44.400000000000006, 32.6, 29.6, 47.400000000000006, 25.900000000000002, 29.5, 34.1, 40.800000000000004, 36.1, 32.4]"
ga,12,22,49.682844799674065,33.2,102.7,1.7654638472931095,5.4,12.711785714285714,22.294166666666666,9.582380952380953,True,0.0,hospital_corridor,28,12,"[11, 29, 47, 53, 61, 73, 89, 97, 101, 109]","[2.9878345704552163, 3.0933289188183664, 0.9068581657002107, 0.5, 1.0]","{""time"": 1.0, ""collisions"": 0.05, ""congestion"": 1.0, ""fairness"": 1.0, ""incomplete_base"": 1000.0, ""incomplete_agent"": 10.0}","[71.60903289150713, 41.840360610263524, 42.99072681704261, 50.118040293040295, 34.5273166023166, 45.48073593073593, 53.47706264323911, 53.90386904761905, 48.537928419775554, 54.34337474120083]","[38.800000000000004, 30.900000000000002, 30.400000000000002, 31.200000000000003, 25.900000000000002, 30.8, 37.4, 38.400000000000006, 31.400000000000002, 36.800000000000004]"
ga,12,23,50.90203189032438,33.620000000000005,120.8,1.7481033188958108,5.4,12.756071428571431,22.250000000000004,9.493928571428572,True,0.0,hospital_corridor,28,12,"[11, 29, 47, 53, 61, 73, 89, 97, 101, 109]","[3.124495352233118, 3.11404989267235, 0.9068448360307758, 0.5, 1.0]","{""time"": 1.0, ""collisions"": 0.05, ""congestion"": 1.0, ""fairness"": 1.0, ""incomplete_base"": 1000.0, ""incomplete_agent"": 10.0}","[59.66899585921325, 60.213785896037805, 47.20874060150376, 53.135172512118615, 40.695, 47.97226631393298, 53.39240052185258, 51.33266747376916, 47.70570739549839, 47.69558232931727]","[34.5, 39.300000000000004, 30.400000000000002, 33.4, 30.0, 32.4, 36.5, 35.4, 31.1, 33.2]"
ga,13,0,46.74062366258978,32.470000000000006,66.0,1.783718900685026,5.2,12.681428571428572,21.868333333333332,9.18690476190476,True,0.0,hospital_corridor,28,12,"[11, 29, 47, 53, 61, 73, 89, 97, 101, 109]","[3.0603421612643893, 3.6213662031536358, 0.8826260839974864, 0.5, 1.0]","{""time"": 1.0, ""collisions"": 0.05, ""congestion"": 1.0, ""fairness"": 1.0, ""incomplete_base"": 1000.0, ""incomplete_agent"": 10.0}","[55.90750708215298, 41.50903908794788, 42.64558846950152, 41.49395287526776, 43.27333333333334, 43.58454715219421, 52.390783410138255, 54.91060606060606, 45.98718241290126, 45.70369674185464]","[35.300000000000004, 30.700000000000003, 29.900000000000002, 28.900000000000002, 30.0, 30.6, 37.2, 38.5, 31.3, 32.300000000000004]"
ga,13,1,46.793451038656094,32.53,58.1,1.7689272291322826,5.1,12.594642857142858,22.18416666666667,9.58952380952381,True,0.0,hospital_corridor,28,12,"[11, 29, 47, 53, 61, 73, 89, 97, 101, 109]","[2.9643991226628494, 3.278222324249526, 0.925628856194641, 0.5, 1.0]","{""time"": 1.0, ""collisions"": 0.05, ""congestion"": 1.0, ""fairness"": 1.0, ""incomplete_base"": 1000.0, ""incomplete_agent"": 10.0}","[53.35283687943262, 41.19388185654008, 43.74572599531616, 46.2574442435202, 34.86135531135531, 43.95375302663438, 54.596321774092225, 58.22829403606103, 45.7765873015873, 45.96830996202162]","[32.9, 31.6, 30.5, 31.6, 26.0, 29.5, 37.9, 41.2, 31.5, 32.6]"
ga,13,2,50.59050619365527,33.87,111.0,1.7413395269886032,5.1,13.11,22.53916666666667,9.429166666666667,True,0.0,hospital_corridor,28,12,"[11, 29, 47, 53, 61, 73, 89, 97, 101, 109]","[2.8518551666460468, 3.1150754125963953, 0.8831111944532964, 0.5, 1.0]","{""time"": 1.0, ""collisions"": 0.05, ""congestion"": 1.0, ""fairness"": 1.0, ""incomplete_base"": 1000.0, ""incomplete_agent"": 10.0}","[72.55226864330639, 43.19730057628147, 46.31746031746032, 47.464105339105345, 41.74647634973722, 46.338028063890135, 55.748520542781755, 52.68402889245586, 53.118886198547216, 46.73798701298701]","[42.400000000000006, 31.400000000000002, 31.5, 29.700000000000003, 29.900000000000002, 31.900000000000002, 37.9, 35.6, 35.4, 33.0]"
ga,13,3,48.527809768078704,34.209999999999994,55.7,1.814476434745379,5.3,13.252500000000001,22.970833333333335,9.718333333333335,True,0.0,hospital_corridor,28,12,"[11, 29, 47, 53, 61, 73, 89, 97, 101, 109]","[2.9848946021087137, 3.553116799749731, 0.9110034287277989, 0.5, 1.0]","{""time"": 1.0, ""collisions"": 0.05, ""congestion"": 1.0, ""fairness"": 1.0, ""incomplete_base"": 1000.0, ""incomplete_agent"": 10.0}","[59.912184873949585, 40.96850512356842, 43.79264069264069, 46.24711890673429, 43.1687585577362, 45.94155844155844, 55.68414285714286, 53.216339748334576, 48.8206827309237, 47.526165748198395]","[40.800000000000004, 31.6, 30.8, 33.800000000000004, 31.3, 30.8, 37.5, 38.6, 33.2, 33.7]"
ga,13,4,51.06085512926704,35.71,65.4,1.6351408435527521,4.9,13.354285714285714,23.8,10.445714285714285,True,0.0,hospital_corridor,28,12,"[11, 29, 47, 53, 61, 73, 89, 97, 101, 109]","[2.874601085731618, 3.4470237761066, 0.9145884305354265, 0.5, 1.0]","{""time"": 1.0, ""collisions"": 0.05, ""congestion"": 1.0, ""fairness"": 1.0, ""incomplete_base"": 1000.0, ""incomplete_agent"": 10.0}","[62.704706533776296, 44.84887505460901, 44.88779761904762, 48.74301948051948, 44.959176148335445, 47.16034080298787, 53.27237569060774, 59.62402049427365, 53.310175202156344, 51.09806426635695]","[43.0, 32.7, 32.0, 35.2, 33.9, 30.6, 36.2, 39.5, 37.1, 36.9]"
ga,13,5,48.3832164314088,33.480000000000004,72.8,1.8302402409326066,5.4,12.982857142857146,22.415833333333335,9.432976190476191,True,0.0,hospital_corridor,28,12,"[11, 29, 47, 53, 61, 73, 89, 97, 101, 109]","[3.0323988151224612, 3.5299378979496163, 0.903374865520137, 0.5, 1.0]","{""time"": 1.0, ""collisions"": 0.05, ""congestion"": 1.0, ""fairness"": 1.0, ""incomplete_base"": 1000.0, ""incomplete_agent"": 10.0}","[62.24485624438455, 41.52287168886848, 44.73131868131868, 45.411901030004486, 35.514045808437444, 43.95601332683244, 51.92208713272544, 53.61004955281606, 49.59959568733154, 55.3194251613689]","[37.1, 31.1, 31.200000000000003, 31.900000000000002, 26.3, 29.3, 37.6, 39.400000000000006, 31.8, 39.1]"
ga,13,6,50.04893085383934,34.510000000000005,82.9,1.7129784728869464,5.2,12.780714285714286,22.461666666666666,9.68095238095238,True,0.0,hospital_corridor,28,12,"[11, 29, 47, 53, 61, 73, 89, 97, 101, 109]","[3.0881194110304593, 3.606817925013363, 0.8803790366525821, 0.5, 1.0]","{""time"": 1.0, ""collisions"": 0.05, ""congestion"": 1.0, ""fairness"": 1.0, ""incomplete_base"": 1000.0, ""incomplete_agent"": 10.0}","[62.30163576881134, 44.251282051282054, 43.07030201342282, 49.24860248447205, 45.63173234811166, 44.093754879000784, 53.16777688603531, 50.471262766945216, 62.03060731538992, 46.222352024922124]","[39.300000000000004, 31.200000000000003, 29.8, 34.5, 34.800000000000004, 30.5, 35.6, 35.9, 41.400000000000006, 32.1]"
ga,13,7,48.195800490537536,33.13,77.9,1.7366338238708585,5.0,12.7225,22.15666666666667,9.434166666666666,True,0.0,hospital_corridor,28,12,"[11, 29, 47, 53, 61, 73, 89, 97, 101, 109]","[2.9738989574111447, 3.5847501425236703, 0.8838137481331056, 0.5, 1.0]","{""time"": 1.0, ""collisions"": 0.05, ""congestion"": 1.0, ""fairness"": 1.0, ""incomplete_base"": 1000.0, ""incomplete_agent"": 10.0}","[67.89300441826215, 41.516050100822085, 42.88947064262599, 51.81685009351173, 33.89413067552603, 42.2773606370876, 53.538032581453635, 51.76528314028314, 50.514541547277936, 45.85328106852497]","[38.800000000000004, 30.700000000000003, 30.900000000000002, 33.1, 25.8, 29.3, 38.0, 37.0, 34.9, 32.800000000000004]"
ga,13,8,1173.498845265261,100.0,43.1,0.4862,4.3,13.640036552920765,24.49768181818182,10.857645265261056,False,6.0,hospital_corridor,28,12,"[11, 29, 47, 53, 61, 73, 89, 97, 101, 109]","[2.989861250044909, 3.553965359670885, 1.0810171906244679, 0.5, 1.0]","{""time"": 1.0, ""collisions"": 0.05, ""congestion"": 1.0, ""fairness"": 1.0, ""incomplete_base"": 1000.0, ""incomplete_agent"": 10.0}","[1154.634, 1212.2525885167465, 1162.604, 1188.5880216450216, 1179.469761904762, 1175.3607777777777, 1176.336, 1160.4502857142857, 1150.5374615384615, 1174.7555555555555]","[100.0, 100.0, 100.0, 100.0, 100.0, 100.0, 100.0, 100.0, 100.0, 100.0]"
ga,13,9,47.662846243663424,34.08,43.1,1.6827271960443753,5.1,12.938214285714286,22.683333333333337,9.745119047619047,True,0.0,hospital_corridor,28,12,"[11, 29, 47, 53, 61, 73, 89, 97, 101, 109]","[3.0141483613654123, 3.513839406933439, 0.9385934167701342, 0.5, 1.0]","{""time"": 1.0, ""collisions"": 0.05, ""congestion"": 1.0, ""fairness"": 1.0, ""incomplete_base"": 1000.0, ""incomplete_agent"": 10.0}","[60.29665761791653, 41.514672711189746, 43.24123687813784, 41.05830200501254, 34.510897435897434, 43.58971861471861, 52.29418822647169, 60.57240829346093, 48.08371398716227, 51.466666666666676]","[42.1, 32.300000000000004, 31.3, 30.400000000000002, 26.0, 29.700000000000003, 38.1, 41.800000000000004, 31.900000000000002, 37.2]"
ga,13,10,50.56983016726826,34.71,79.1,1.7014968339349266,4.9,12.819999999999999,23.023333333333333,10.203333333333335,True,0.0,hospital_corridor,28,12,"[11, 29, 47, 53, 61, 73, 89, 97, 101, 109]","[2.939861225117297, 3.586984749132509, 0.8834039057328715, 0.5, 1.0]","{""time"": 1.0, ""collisions"": 0.05, ""congestion"": 1.0, ""fairness"": 1.0, ""incomplete_base"": 1000.0, ""incomplete_agent"": 10.0}","[67.42292395800192, 45.68459119496856, 42.73806390977444, 60.11207130520602, 35.06842105263158, 42.96513489354787, 54.06160555131144, 52.018926661573715, 59.32001013171226, 46.30655301395483]","[44.900000000000006, 31.8, 30.400000000000002, 38.6, 26.6, 29.3, 37.4, 37.4, 37.6, 33.1]"
ga,13,11,52.400253755980636,36.17,82.6,1.7265632797901564,5.0,13.292142857142858,23.66583333333333,10.373690476190477,True,0.0,hospital_corridor,28,12,"[11, 29, 47, 53, 61, 73, 89, 97, 101, 109]","[2.826718942123592, 3.6140700879531207, 0.8854206049665801, 0.5, 1.0]","{""time"": 1.0, ""collisions"": 0.05, ""congestion"": 1.0, ""fairness"": 1.0, ""incomplete_base"": 1000.0, ""incomplete_agent"": 10.0}","[82.95748508849127, 44.30808991328161, 45.113207547169814, 49.412755102040826, 34.86168014375562, 43.203077719382065, 55.76038525963149, 61.79507551919447, 51.15009606147935, 55.440685205379864]","[48.7, 31.3, 31.8, 34.300000000000004, 26.5, 29.900000000000002, 39.800000000000004, 45.400000000000006, 34.7, 39.300000000000004]"
ga,13,12,48.748991199677235,34.49,58.9,1.7428007234867515,5.1,13.257142857142858,22.828333333333333,9.571190476190477,True,0.0,hospital_corridor,28,12,"[11, 29, 47, 53, 61, 73, 89, 97, 101, 109]","[2.8963881715380397, 3.543981141364911, 0.9133613675339458, 0.5, 1.0]","{""time"": 1.0, ""collisions"": 0.05, ""congestion"": 1.0, ""fairness"": 1.0, ""incomplete_base"": 1000.0, ""incomplete_agent"": 10.0}","[65.12779805352798, 41.67604166666666, 43.71046547236258, 45.047619047619044, 35.090476190476195, 46.68049450549451, 53.3675380461463, 52.240343915343914, 46.84413919413919, 57.704995904995904]","[41.1, 32.0, 31.1, 32.4, 26.0, 32.5, 38.800000000000004, 37.800000000000004, 32.5, 40.7]"
ga,13,13,53.351955089336734,39.51,51.8,1.6398122321938853,5.3,14.660357142857142,24.272499999999997,9.612142857142857,True,0.0,hospital_corridor,28,12,"[11, 29, 47, 53, 61, 73, 89, 97, 101, 109]","[3.063756683415909, 3.666135534563628, 0.9846538864025756, 0.5, 1.0]","{""time"": 1.0, ""collisions"": 0.05, ""congestion"": 1.0, ""fairness"": 1.0, ""incomplete_base"": 1000.0, ""incomplete_agent"": 10.0}","[59.2164373088685, 69.60225988700564, 50.097816364114706, 56.90420819490587, 34.30602345415778, 50.0594537815126, 54.74438558031908, 57.53848283499446, 48.08507326007326, 52.96541022741551]","[43.6, 59.0, 36.2, 43.0, 26.8, 34.0, 39.1, 43.0, 32.5, 37.9]"
ga,13,14,49.165326290514656,33.239999999999995,92.8,1.717826290514657,5.1,12.6525,22.220000000000002,9.567499999999999,True,0.0,hospital_corridor,28,12,"[11, 29, 47, 53, 61, 73, 89, 97, 101, 109]","[3.5111748816813866, 3.5383283090406783, 0.945027123851142, 0.5, 1.0]","{""time"": 1.0, ""collisions"": 0.05, ""congestion"": 1.0, ""fairness"": 1.0, ""incomplete_base"": 1000.0, ""incomplete_agent"": 10.0}","[60.76103286384976, 53.25741126689403, 43.05663265306123, 50.20869272237197, 40.26240012783637, 43.66652236652237, 50.192261904761914, 55.13052282768778, 48.74538690476191, 46.372399267399274]","[35.5, 37.7, 29.400000000000002, 31.8, 29.8, 29.700000000000003, 35.2, 38.800000000000004, 32.0, 32.5]"
ga,13,15,1062.3367790097143,39.269999999999996,222.4,1.5554959409313258,4.9,12.464550264550265,21.855833333333333,9.39128306878307,False,0.1,hospital_corridor,28,12,"[11, 29, 47, 53, 61, 73, 89, 97, 101, 109]","[2.9093681414858046, 2.3362731880228704, 0.9176760648353752, 0.5, 1.0]","{""time"": 1.0, ""collisions"": 0.05, ""congestion"": 1.0, ""fairness"": 1.0, ""incomplete_base"": 1000.0, ""incomplete_agent"": 10.0}","[72.3667445482866, 43.07343821773082, 47.231684981684985, 57.55301885259224, 50.035099846390175, 1128.8635925925926, 60.51405509847919, 58.76137750364771, 58.10491071428572, 46.86386774145395]","[32.1, 31.1, 31.200000000000003, 29.3, 31.0, 100.0, 38.2, 35.9, 32.0, 31.900000000000002]"
ga,13,16,51.44836348852577,37.02,59.9,1.7121730123352954,5.2,13.72464285714286,23.445833333333333,9.721190476190475,True,0.0,hospital_corridor,28,12,"[11, 29, 47, 53, 61, 73, 89, 97, 101, 109]","[3.063756683415909, 3.666135534563628, 0.9569762544436375, 0.5, 1.0]","{""time"": 1.0, ""collisions"": 0.05, ""congestion"": 1.0, ""fairness"": 1.0, ""incomplete_base"": 1000.0, ""incomplete_agent"": 10.0}","[59.96662087912088, 42.52076923076923, 47.544047619047625, 43.57595238095238, 39.29772978959026, 50.73528775146421, 52.17998687664042, 59.87634130575307, 60.65766689450901, 58.12923215741064]","[41.6, 32.5, 33.6, 30.0, 30.1, 37.4, 38.1, 44.2, 41.800000000000004, 40.900000000000006]"
ga,13,17,46.793451038656094,32.53,58.1,1.7689272291322826,5.1,12.594642857142858,22.18416666666667,9.58952380952381,True,0.0,hospital_corridor,28,12,"[11, 29, 47, 53, 61, 73, 89, 97, 101, 109]","[2.9643991226628494, 3.278222324249526, 0.925628856194641, 0.5, 1.0]","{""time"": 1.0, ""collisions"": 0.05, ""congestion"": 1.0, ""fairness"": 1.0, ""incomplete_base"": 1000.0, ""incomplete_agent"": 10.0}","[53.35283687943262, 41.19388185654008, 43.74572599531616, 46.2574442435202, 34.86135531135531, 43.95375302663438, 54.596321774092225, 58.22829403606103, 45.7765873015873, 45.96830996202162]","[32.9, 31.6, 30.5, 31.6, 26.0, 29.5, 37.9, 41.2, 31.5, 32.6]"
ga,13,18,55.0704405407339,33.160000000000004,212.1,1.7210357788291346,5.4,12.506428571428573,22.090833333333332,9.584404761904763,True,0.0,hospital_corridor,28,12,"[11, 29, 47, 53, 61, 73, 89, 97, 101, 109]","[2.851077314480114, 2.8434662270959565, 0.8458712255612613, 0.5, 1.0]","{""time"": 1.0, ""collisions"": 0.05, ""congestion"": 1.0, ""fairness"": 1.0, ""incomplete_base"": 1000.0, ""incomplete_agent"": 10.0}","[90.09139712488769, 42.929545454545455, 48.36749084249085, 63.526446945337625, 36.79716117216117, 46.717171717171716, 56.79242424242425, 60.584486990672566, 56.65019017191541, 48.248090745732256]","[42.400000000000006, 30.8, 31.200000000000003, 31.1, 26.0, 29.700000000000003, 38.5, 38.800000000000004, 31.3, 31.8]"
ga,13,19,45.959686153372495,32.7,48.2,1.7355194867058252,4.9,13.005,22.11916666666667,9.114166666666668,True,0.0,hospital_corridor,28,12,"[11, 29, 47, 53, 61, 73, 89, 97, 101, 109]","[2.847689265018116, 3.3766537920327053, 0.9242349905502372, 0.5, 1.0]","{""time"": 1.0, ""collisions"": 0.05, ""congestion"": 1.0, ""fairness"": 1.0, ""incomplete_base"": 1000.0, ""incomplete_agent"": 10.0}","[48.9316920259228, 42.22062877782693, 44.63511904761905, 43.91923937360179, 34.48995819701927, 44.44047231270358, 53.72570136581765, 52.28783068783069, 48.24019607843138, 46.70602366695181]","[33.800000000000004, 32.300000000000004, 32.0, 29.8, 26.200000000000003, 30.700000000000003, 38.7, 37.800000000000004, 32.300000000000004, 33.4]"
ga,13,20,56.06201842830225,35.14,187.1,1.6926136663974831,4.9,13.396428571428572,23.270833333333336,9.874404761904763,True,0.0,hospital_corridor,28,12,"[11, 29, 47, 53, 61, 73, 89, 97, 101, 109]","[2.9094180651181807, 2.8731968967994295, 0.8884633520351025, 0.5, 1.0]","{""time"": 1.0, ""collisions"": 0.05, ""congestion"": 1.0, ""fairness"": 1.0, ""incomplete_base"": 1000.0, ""incomplete_agent"": 10.0}","[76.0065815445349, 54.13501006036217, 47.81002304147465, 60.441687251269386, 50.695868347338944, 48.4037673297167, 58.810633321338614, 59.60562456866805, 48.30192887281495, 56.4090599455041]","[38.6, 35.5, 31.0, 34.7, 30.6, 31.6, 39.7, 41.400000000000006, 31.6, 36.7]"
ga,13,21,86.46039982892617,31.490000000000002,873.4,1.9533760194023668,6.1,12.059642857142858,21.40666666666667,9.34702380952381,True,0.0,hospital_corridor,28,12,"[11, 29, 47, 53, 61, 73, 89, 97, 101, 109]","[2.870196663276368, 3.449511672463618, 0.7428462988755397, 0.5, 1.0]","{""time"": 1.0, ""collisions"": 0.05, ""congestion"": 1.0, ""fairness"": 1.0, ""incomplete_base"": 1000.0, ""incomplete_agent"": 10.0}","[174.37753623188408, 68.2247619047619, 74.98792517006802, 101.36969993476842, 76.06495911495911, 61.60234765234766, 82.90344995140914, 80.86154493951922, 82.46972954230236, 61.74204384724187]","[41.400000000000006, 30.0, 29.400000000000002, 29.200000000000003, 29.700000000000003, 28.6, 34.300000000000004, 31.1, 30.900000000000002, 30.3]"
ga,13,22,54.97148290808279,40.22,44.3,1.6756495747494502,5.3,14.9275,25.788333333333334,10.860833333333336,True,0.0,hospital_corridor,28,12,"[11, 29, 47, 53, 61, 73, 89, 97, 101, 109]","[2.3030768922573253, 3.3032351138022116, 0.9224871280233509, 0.5, 1.0]","{""time"": 1.0, ""collisions"": 0.05, ""congestion"": 1.0, ""fairness"": 1.0, ""incomplete_base"": 1000.0, ""incomplete_agent"": 10.0}","[66.35806772908367, 44.35747508305648, 50.03850071363696, 42.281898086337335, 49.59553808260705, 56.26146384479718, 59.70101572739188, 71.56580261136713, 52.33337279663247, 57.22169440591771]","[50.2, 34.4, 36.7, 32.1, 37.7, 40.5, 43.6, 49.6, 36.2, 41.2]"
ga,13,23,47.73131753332644,34.260000000000005,36.9,1.7542937238026268,5.3,13.469642857142858,23.34166666666667,9.872023809523808,True,0.0,hospital_corridor,28,12,"[11, 29, 47, 53, 61, 73, 89, 97, 101, 109]","[2.9412257432240394, 4.117740943201474, 0.9165030957052359, 0.5, 1.0]","{""time"": 1.0, ""collisions"": 0.05, ""congestion"": 1.0, ""fairness"": 1.0, ""incomplete_base"": 1000.0, ""incomplete_agent"": 10.0}","[61.866895923102426, 43.00130036630037, 42.83482239801459, 46.01530512498255, 34.60116801437556, 46.142673992674, 52.114400921658984, 52.0605715583236, 45.276336996337, 53.39970003749532]","[43.1, 32.5, 30.700000000000003, 34.1, 26.5, 31.200000000000003, 37.2, 36.7, 32.5, 38.1]"
ga,14,0,45.959686153372495,32.7,48.2,1.7355194867058252,4.9,13.005,22.11916666666667,9.114166666666668,True,0.0,hospital_corridor,28,12,"[11, 29, 47, 53, 61, 73, 89, 97, 101, 109]","[2.847689265018116, 3.3766537920327053, 0.9242349905502372, 0.5, 1.0]","{""time"": 1.0, ""collisions"": 0.05, ""congestion"": 1.0, ""fairness"": 1.0, ""incomplete_base"": 1000.0, ""incomplete_agent"": 10.0}","[48.9316920259228, 42.22062877782693, 44.63511904761905, 43.91923937360179, 34.48995819701927, 44.44047231270358, 53.72570136581765, 52.28783068783069, 48.24019607843138, 46.70602366695181]","[33.800000000000004, 32.300000000000004, 32.0, 29.8, 26.200000000000003, 30.700000000000003, 38.7, 37.800000000000004, 32.300000000000004, 33.4]"
ga,14,1,46.74062366258978,32.470000000000006,66.0,1.783718900685026,5.2,12.681428571428572,21.868333333333332,9.18690476190476,True,0.0,hospital_corridor,28,12,"[11, 29, 47, 53, 61, 73, 89, 97, 101, 109]","[3.0603421612643893, 3.6213662031536358, 0.8826260839974864, 0.5, 1.0]","{""time"": 1.0, ""collisions"": 0.05, ""congestion"": 1.0, ""fairness"": 1.0, ""incomplete_base"": 1000.0, ""incomplete_agent"": 10.0}","[55.90750708215298, 41.50903908794788, 42.64558846950152, 41.49395287526776, 43.27333333333334, 43.58454715219421, 52.390783410138255, 54.91060606060606, 45.98718241290126, 45.70369674185464]","[35.300000000000004, 30.700000000000003, 29.900000000000002, 28.900000000000002, 30.0, 30.6, 37.2, 38.5, 31.3, 32.300000000000004]"
ga,14,2,51.03247211844858,36.370000000000005,52.3,1.9209244994009516,5.3,13.316785714285714,23.443333333333335,10.12654761904762,True,0.0,hospital_corridor,28,12,"[11, 29, 47, 53, 61, 73, 89, 97, 101, 109]","[2.8941716560712787, 3.4970033042640365, 0.9154486952701949, 0.5, 1.0]","{""time"": 1.0, ""collisions"": 0.05, ""congestion"": 1.0, ""fairness"": 1.0, ""incomplete_base"": 1000.0, ""incomplete_agent"": 10.0}","[85.45359454461396, 43.713646055437096, 44.627923447860155, 42.29077578051088, 34.76830637915544, 50.94321946169772, 53.94502164502165, 53.38263029621298, 47.17911972359922, 54.020483850376614]","[61.800000000000004, 33.5, 31.6, 30.200000000000003, 26.5, 34.5, 38.5, 38.1, 31.700000000000003, 37.300000000000004]"
ga,14,3,50.331511984453044,34.18000000000001,97.6,1.7412738892149346,4.9,13.11392857142857,22.64416666666667,9.530238095238095,True,0.0,hospital_corridor,28,12,"[11, 29, 47, 53, 61, 73, 89, 97, 101, 109]","[3.031993749379212, 3.221780817386288, 0.9235415284583919, 0.5, 1.0]","{""time"": 1.0, ""collisions"": 0.05, ""congestion"": 1.0, ""fairness"": 1.0, ""incomplete_base"": 1000.0, ""incomplete_agent"": 10.0}","[53.260437859354276, 41.340127851783805, 43.1991341991342, 49.89025010597711, 45.46315156977618, 44.585808580858085, 56.36798941798941, 50.6489010989011, 57.080724838411825, 61.47859432234432]","[32.300000000000004, 31.1, 30.8, 33.7, 31.700000000000003, 30.3, 37.800000000000004, 36.4, 36.1, 41.6]"
ga,14,4,51.461607223929974,35.18000000000001,87.2,1.6651786525013943,4.9,13.311071428571429,23.567500000000003,10.256428571428572,True,0.0,hospital_corridor,28,12,"[11, 29, 47, 53, 61, 73, 89, 97, 101, 109]","[2.994898481636217, 3.3927242346042843, 0.9314838000089298, 0.5, 1.0]","{""time"": 1.0, ""collisions"": 0.05, ""congestion"": 1.0, ""fairness"": 1.0, ""incomplete_base"": 1000.0, ""incomplete_agent"": 10.0}","[67.00266106442578, 60.74160052910053, 42.719505196215295, 52.24027719592236, 41.943134793853645, 45.13703615225355, 54.22031192321891, 56.420238095238105, 49.10212477396023, 45.08918251511131]","[40.800000000000004, 43.2, 30.700000000000003, 34.1, 31.3, 29.900000000000002, 38.7, 39.2, 31.6, 32.300000000000004]"
ga,14,5,1119.8737329146545,82.37,41.9,0.8736023415240177,4.8,14.074520942020945,24.60965151515152,10.535130573130575,False,2.4,hospital_corridor,28,12,"[11, 29, 47, 53, 61, 73, 89, 97, 101, 109]","[2.866939144747311, 3.49776896436186, 1.0102231414415237, 0.5, 1.0]","{""time"": 1.0, ""collisions"": 0.05, ""congestion"": 1.0, ""fairness"": 1.0, ""incomplete_base"": 1000.0, ""incomplete_agent"": 10.0}","[72.97393822393822, 1175.2070303030303, 46.59048995320671, 1129.579230769231, 1156.3418484848485, 1124.5768518518519, 1135.410153846154, 1137.4262857142858, 47.22083333333334, 1173.4106666666667]","[55.5, 100.0, 34.6, 100.0, 100.0, 100.0, 100.0, 100.0, 33.6, 100.0]"
ga,14,6,47.90702438521869,33.730000000000004,54.1,1.734881528075832,5.2,13.065357142857144,22.802500000000002,9.737142857142857,True,0.0,hospital_corridor,28,12,"[11, 29, 47, 53, 61, 73, 89, 97, 101, 109]","[2.905022153560815, 3.5561405840081264, 0.9003126294438857, 0.5, 1.0]","{""time"": 1.0, ""collisions"": 0.05, ""congestion"": 1.0, ""fairness"": 1.0, ""incomplete_base"": 1000.0, ""incomplete_agent"": 10.0}","[57.050846833578795, 42.465289821999086, 43.78696983616598, 50.229071297027104, 40.75575668623614, 43.70726392251816, 54.14484126984127, 55.22287350054526, 45.80106157112527, 45.906269113149854]","[38.800000000000004, 31.3, 31.1, 36.2, 29.200000000000003, 29.5, 37.800000000000004, 39.300000000000004, 31.400000000000002, 32.7]"
ga,14,7,47.9500328730535,33.67,56.2,1.7720566825773099,5.4,12.975357142857145,22.67333333333334,9.697976190476192,True,0.0,hospital_corridor,28,12,"[11, 29, 47, 53, 61, 73, 89, 97, 101, 109]","[2.9652649753883695, 3.572590699880455, 0.8968624862231658, 0.5, 1.0]","{""time"": 1.0, ""collisions"": 0.05, ""congestion"": 1.0, ""fairness"": 1.0, ""incomplete_base"": 1000.0, ""incomplete_agent"": 10.0}","[61.29142638706859, 42.304761904761904, 42.686058897243115, 49.877450980392155, 37.94285714285714, 43.82569478303267, 53.01238095238095, 52.820530098831995, 47.85618439068919, 47.88298319327731]","[43.6, 31.5, 30.400000000000002, 34.0, 28.0, 29.3, 37.5, 37.1, 31.3, 34.0]"
ga,14,8,47.56826807965096,33.39,51.0,1.7617204606033472,5.4,13.041785714285714,22.90833333333334,9.86654761904762,True,0.0,hospital_corridor,28,12,"[11, 29, 47, 53, 61, 73, 89, 97, 101, 109]","[2.9266341496629966, 3.698889484358838, 0.9156874241532791, 0.5, 1.0]","{""time"": 1.0, ""collisions"": 0.05, ""congestion"": 1.0, ""fairness"": 1.0, ""incomplete_base"": 1000.0, ""incomplete_agent"": 10.0}","[58.992620310723765, 42.37172057502246, 42.50989974937344, 39.11450143815916, 34.70033624136678, 45.17009182512596, 55.30914786967419, 57.244753086419756, 47.62417582417582, 52.64543387646837]","[37.7, 31.8, 30.400000000000002, 29.8, 26.200000000000003, 29.3, 38.0, 40.5, 32.5, 37.7]"
ga,14,9,53.56912514182606,39.339999999999996,37.1,1.64138704658797,5.3,14.483928571428573,25.21666666666667,10.732738095238096,True,0.0,hospital_corridor,28,12,"[11, 29, 47, 53, 61, 73, 89, 97, 101, 109]","[2.5254170834141205, 3.865875234949236, 0.9154041020873833, 0.5, 1.0]","{""time"": 1.0, ""collisions"": 0.05, ""congestion"": 1.0, ""fairness"": 1.0, ""incomplete_base"": 1000.0, ""incomplete_agent"": 10.0}","[65.7407176663769, 44.98404761904762, 48.2027800715662, 51.94378442893867, 42.65141093474427, 56.20775158930072, 56.03539488966318, 62.88344155844156, 57.0665406162465, 49.97538204393505]","[49.300000000000004, 35.0, 34.6, 38.900000000000006, 32.4, 39.7, 41.0, 45.1, 42.5, 34.9]"
ga,14,10,1056.4187002319145,41.64,60.4,1.5568483800625272,5.1,13.360648148148147,22.5625,9.201851851851853,False,0.1,hospital_corridor,28,12,"[11, 29, 47, 53, 61, 73, 89, 97, 101, 109]","[2.8524334885638076, 3.285990822995686, 0.9244925756909445, 0.5, 1.0]","{""time"": 1.0, ""collisions"": 0.05, ""congestion"": 1.0, ""fairness"": 1.0, ""incomplete_base"": 1000.0, ""incomplete_agent"": 10.0}","[59.70391444713479, 41.849343569203384, 45.28282097649186, 52.898996509598604, 35.33155884995507, 1122.391851851852, 55.549569274946165, 54.53125453226977, 48.20459706959707, 48.44309523809524]","[41.300000000000004, 32.1, 31.6, 38.2, 26.5, 100.0, 39.800000000000004, 39.400000000000006, 32.5, 35.0]"
ga,14,11,53.37538028315424,38.32000000000001,48.1,1.6046659974399513,5.3,13.586785714285716,24.6325,11.045714285714286,True,0.0,hospital_corridor,28,12,"[11, 29, 47, 53, 61, 73, 89, 97, 101, 109]","[2.5847406621941804, 3.3688852932865454, 0.9253712710539337, 0.5, 1.0]","{""time"": 1.0, ""collisions"": 0.05, ""congestion"": 1.0, ""fairness"": 1.0, ""incomplete_base"": 1000.0, ""incomplete_agent"": 10.0}","[47.10891598331175, 43.95193315858454, 47.459434968017064, 67.84229588241217, 46.32237442922375, 47.117267267267266, 56.15790920790921, 60.185714285714276, 55.46574074074074, 62.14221690836162]","[33.1, 32.7, 33.5, 47.300000000000004, 36.5, 33.300000000000004, 40.7, 42.0, 37.800000000000004, 46.300000000000004]"
ga,14,12,49.560954427784715,33.75999999999999,91.7,1.7796449039751974,5.6,12.862857142857143,22.299166666666668,9.436309523809525,True,0.0,hospital_corridor,28,12,"[11, 29, 47, 53, 61, 73, 89, 97, 101, 109]","[2.898310909689225, 3.1457427611202564, 0.8832173581594491, 0.5, 1.0]","{""time"": 1.0, ""collisions"": 0.05, ""congestion"": 1.0, ""fairness"": 1.0, ""incomplete_base"": 1000.0, ""incomplete_agent"": 10.0}","[57.34358656757502, 42.10710445468509, 45.52763578274761, 60.69232804232804, 35.098168498168505, 46.36435309973046, 59.394944301628115, 54.90748299319728, 46.97498844197874, 47.19895209580838]","[34.6, 31.0, 31.3, 40.5, 26.0, 31.8, 38.900000000000006, 39.2, 30.900000000000002, 33.4]"
ga,14,13,47.83932249284441,33.36,59.0,1.7082510642729765,5.1,12.62892857142857,22.45,9.821071428571429,True,0.0,hospital_corridor,28,12,"[11, 29, 47, 53, 61, 73, 89, 97, 101, 109]","[2.9274432143679667, 3.554082793999809, 0.883707584426953, 0.5, 1.0]","{""time"": 1.0, ""collisions"": 0.05, ""congestion"": 1.0, ""fairness"": 1.0, ""incomplete_base"": 1000.0, ""incomplete_agent"": 10.0}","[51.38521795425119, 42.76770688858067, 43.10741167434716, 48.310386631716916, 34.46563706563707, 42.30085034013605, 51.80267608436132, 56.89514652014652, 54.34172719935432, 53.01646456991285]","[33.1, 30.900000000000002, 31.0, 32.7, 25.900000000000002, 29.400000000000002, 35.9, 41.6, 35.4, 37.7]"
ga,14,14,50.07732002222103,32.800000000000004,119.6,1.7794628793638818,5.6,12.789642857142859,22.307499999999997,9.517857142857142,True,0.0,hospital_corridor,28,12,"[11, 29, 47, 53, 61, 73, 89, 97, 101, 109]","[2.9540209555049266, 3.1639206067880776, 0.8886340717595539, 0.5, 1.0]","{""time"": 1.0, ""collisions"": 0.05, ""congestion"": 1.0, ""fairness"": 1.0, ""incomplete_base"": 1000.0, ""incomplete_agent"": 10.0}","[76.34028073916134, 42.514170134073055, 45.7312835067802, 51.971512183468704, 35.70395310796074, 46.36783489096573, 53.63826712503183, 51.48307752853208, 50.08788819875777, 46.93493280747882]","[40.2, 30.900000000000002, 30.200000000000003, 29.900000000000002, 26.200000000000003, 32.1, 37.4, 36.300000000000004, 32.2, 32.6]"
ga,14,15,1062.9146560842971,40.910000000000004,78.3,1.663994179535322,4.8,13.012671428571428,22.438333333333333,9.425661904761904,False,0.7,hospital_corridor,28,12,"[11, 29, 47, 53, 61, 73, 89, 97, 101, 109]","[2.8622333338039696, 3.229377130057843, 0.9201059788883835, 0.5, 1.0]","{""time"": 1.0, ""collisions"": 0.05, ""congestion"": 1.0, ""fairness"": 1.0, ""incomplete_base"": 1000.0, ""incomplete_agent"": 10.0}","[1189.911, 42.11710229833259, 44.839285714285715, 47.71636812619785, 46.51473256924546, 54.81762444354513, 55.11911188639981, 53.52831303063862, 47.805641821946175, 46.77738095238095]","[100.0, 31.700000000000003, 31.5, 32.300000000000004, 34.9, 35.300000000000004, 38.900000000000006, 38.7, 32.2, 33.6]"
ga,14,16,1211.599223830926,100.0,25.3,0.46349999999999997,3.9,13.64571195550983,24.516435786435785,10.870723830925959,False,9.9,hospital_corridor,28,12,"[11, 29, 47, 53, 61, 73, 89, 97, 101, 109]","[2.936309899062624, 3.3414247894932814, 1.214315586756036, 0.5, 1.0]","{""time"": 1.0, ""collisions"": 0.05, ""congestion"": 1.0, ""fairness"": 1.0, ""incomplete_base"": 1000.0, ""incomplete_agent"": 10.0}","[1197.1478181818181, 1253.1388181818181, 1191.4723961352656, 1228.2459649122807, 1219.1927894736841, 1220.1142727272727, 1180.057888888889, 1185.446967032967, 1158.7345384615385, 1282.4407843137255]","[100.0, 100.0, 100.0, 100.0, 100.0, 100.0, 100.0, 100.0, 100.0, 100.0]"
ga,14,17,1115.3840346643442,76.03,79.5,0.9060614616210702,4.6,13.413754070004071,22.886727272727278,9.472973202723203,False,2.5,hospital_corridor,28,12,"[11, 29, 47, 53, 61, 73, 89, 97, 101, 109]","[3.448551766572207, 3.462784261795157, 1.0380726173399661, 0.5, 1.0]","{""time"": 1.0, ""collisions"": 0.05, ""congestion"": 1.0, ""fairness"": 1.0, ""incomplete_base"": 1000.0, ""incomplete_agent"": 10.0}","[58.83982334869432, 1151.2878333333333, 60.51927437641724, 1169.9023636363636, 1167.5026363636364, 1143.372013986014, 1156.1306923076922, 63.827079501328434, 1135.8998114478115, 46.558818342151675]","[37.2, 100.0, 44.1, 100.0, 100.0, 100.0, 100.0, 46.6, 100.0, 32.4]"
ga,14,18,50.56983016726826,34.71,79.1,1.7014968339349266,4.9,12.819999999999999,23.023333333333333,10.203333333333335,True,0.0,hospital_corridor,28,12,"[11, 29, 47, 53, 61, 73, 89, 97, 101, 109]","[2.939861225117297, 3.586984749132509, 0.8834039057328715, 0.5, 1.0]","{""time"": 1.0, ""collisions"": 0.05, ""congestion"": 1.0, ""fairness"": 1.0, ""incomplete_base"": 1000.0, ""incomplete_agent"": 10.0}","[67.42292395800192, 45.68459119496856, 42.73806390977444, 60.11207130520602, 35.06842105263158, 42.96513489354787, 54.06160555131144, 52.018926661573715, 59.32001013171226, 46.30655301395483]","[44.900000000000006, 31.8, 30.400000000000002, 38.6, 26.6, 29.3, 37.4, 37.4, 37.6, 33.1]"
ga,14,19,46.74062366258978,32.470000000000006,66.0,1.783718900685026,5.2,12.681428571428572,21.868333333333332,9.18690476190476,True,0.0,hospital_corridor,28,12,"[11, 29, 47, 53, 61, 73, 89, 97, 101, 109]","[3.0603421612643893, 3.6213662031536358, 0.8826260839974864, 0.5, 1.0]","{""time"": 1.0, ""collisions"": 0.05, ""congestion"": 1.0, ""fairness"": 1.0, ""incomplete_base"": 1000.0, ""incomplete_agent"": 10.0}","[55.90750708215298, 41.50903908794788, 42.64558846950152, 41.49395287526776, 43.27333333333334, 43.58454715219421, 52.390783410138255, 54.91060606060606, 45.98718241290126, 45.70369674185464]","[35.300000000000004, 30.700000000000003, 29.900000000000002, 28.900000000000002, 30.0, 30.6, 37.2, 38.5, 31.3, 32.300000000000004]"
ga,14,20,48.80376547451413,34.49,56.6,1.652217855466509,5.1,13.019285714285715,22.850833333333338,9.831547619047619,True,0.0,hospital_corridor,28,12,"[11, 29, 47, 53, 61, 73, 89, 97, 101, 109]","[2.9468483855283747, 3.380719104802213, 0.9233488334812763, 0.5, 1.0]","{""time"": 1.0, ""collisions"": 0.05, ""congestion"": 1.0, ""fairness"": 1.0, ""incomplete_base"": 1000.0, ""incomplete_agent"": 10.0}","[56.85447619047619, 42.473544558889394, 43.81869881710647, 42.204749879749876, 47.83473848555817, 51.254308891698265, 54.4854609929078, 53.03943567144082, 48.703388001726374, 47.36885325558795]","[37.5, 31.900000000000002, 31.400000000000002, 29.700000000000003, 36.6, 33.9, 37.6, 38.900000000000006, 33.1, 34.300000000000004]"
ga,14,21,1190.4562625541125,100.0,24.4,0.4849,4.1,17.28384199134199,32.03520454545455,14.751362554112555,False,7.4,hospital_corridor,28,12,"[11, 29, 47, 53, 61, 73, 89, 97, 101, 109]","[2.885735481598455, 3.549051486980223, 1.232831181622887, 0.5, 1.0]","{""time"": 1.0, ""collisions"": 0.05, ""congestion"": 1.0, ""fairness"": 1.0, ""incomplete_base"": 1000.0, ""incomplete_agent"": 10.0}","[1203.0707272727273, 1249.2903333333334, 1172.4128333333333, 1173.6281515151516, 1201.2955454545454, 1195.2336666666667, 1149.4903333333334, 1170.1689444444444, 1127.3287012987014, 1262.643388888889]","[100.0, 100.0, 100.0, 100.0, 100.0, 100.0, 100.0, 100.0, 100.0, 100.0]"
ga,14,22,57.973964103404576,43.470000000000006,30.5,1.4180117224521955,4.6,15.083214285714288,26.644166666666667,11.560952380952381,True,0.0,hospital_corridor,28,12,"[11, 29, 47, 53, 61, 73, 89, 97, 101, 109]","[2.187671050182632, 3.3579888588755855, 0.9214776150628625, 0.5, 1.0]","{""time"": 1.0, ""collisions"": 0.05, ""congestion"": 1.0, ""fairness"": 1.0, ""incomplete_base"": 1000.0, ""incomplete_agent"": 10.0}","[59.16839963833635, 43.23865546218488, 53.759083003478466, 53.32623329907503, 69.88214285714285, 50.504879968516335, 64.57466196355085, 70.75028504359491, 55.26960893165557, 59.26569086651054]","[47.400000000000006, 34.0, 39.7, 41.7, 56.0, 36.300000000000004, 48.6, 49.7, 38.6, 42.7]"
ga,14,23,48.92002986247791,35.65,26.6,1.725267957716008,5.4,13.258571428571429,23.473333333333333,10.214761904761906,True,0.0,hospital_corridor,28,12,"[11, 29, 47, 53, 61, 73, 89, 97, 101, 109]","[2.9826189181990044, 4.3132273492438555, 0.9151546698595775, 0.5, 1.0]","{""time"": 1.0, ""collisions"": 0.05, ""congestion"": 1.0, ""fairness"": 1.0, ""incomplete_base"": 1000.0, ""incomplete_agent"": 10.0}","[63.05762260127933, 42.03960492714436, 42.98168202764977, 49.39316436251921, 34.29338422391857, 46.08446314831665, 55.33159340659341, 59.96362433862435, 44.076494667267546, 51.97866492146596]","[46.900000000000006, 31.700000000000003, 31.0, 37.2, 26.200000000000003, 31.400000000000002, 39.0, 43.2, 31.700000000000003, 38.2]"
ga,15,0,45.959686153372495,32.7,48.2,1.7355194867058252,4.9,13.005,22.11916666666667,9.114166666666668,True,0.0,hospital_corridor,28,12,"[11, 29, 47, 53, 61, 73, 89, 97, 101, 109]","[2.847689265018116, 3.3766537920327053, 0.9242349905502372, 0.5, 1.0]","{""time"": 1.0, ""collisions"": 0.05, ""congestion"": 1.0, ""fairness"": 1.0, ""incomplete_base"": 1000.0, ""incomplete_agent"": 10.0}","[48.9316920259228, 42.22062877782693, 44.63511904761905, 43.91923937360179, 34.48995819701927, 44.44047231270358, 53.72570136581765, 52.28783068783069, 48.24019607843138, 46.70602366695181]","[33.800000000000004, 32.300000000000004, 32.0, 29.8, 26.200000000000003, 30.700000000000003, 38.7, 37.800000000000004, 32.300000000000004, 33.4]"
ga,15,1,46.74062366258978,32.470000000000006,66.0,1.783718900685026,5.2,12.681428571428572,21.868333333333332,9.18690476190476,True,0.0,hospital_corridor,28,12,"[11, 29, 47, 53, 61, 73, 89, 97, 101, 109]","[3.0603421612643893, 3.6213662031536358, 0.8826260839974864, 0.5, 1.0]","{""time"": 1.0, ""collisions"": 0.05, ""congestion"": 1.0, ""fairness"": 1.0, ""incomplete_base"": 1000.0, ""incomplete_agent"": 10.0}","[55.90750708215298, 41.50903908794788, 42.64558846950152, 41.49395287526776, 43.27333333333334, 43.58454715219421, 52.390783410138255, 54.91060606060606, 45.98718241290126, 45.70369674185464]","[35.300000000000004, 30.700000000000003, 29.900000000000002, 28.900000000000002, 30.0, 30.6, 37.2, 38.5, 31.3, 32.300000000000004]"
ga,15,2,47.75150969955564,32.37,88.3,1.7259144614604025,5.5,12.476071428571428,21.716666666666665,9.240595238095239,True,0.0,hospital_corridor,28,12,"[11, 29, 47, 53, 61, 73, 89, 97, 101, 109]","[3.0207535901016547, 3.2013311568069347, 0.8829054302885723, 0.5, 1.0]","{""time"": 1.0, ""collisions"": 0.05, ""congestion"": 1.0, ""fairness"": 1.0, ""incomplete_base"": 1000.0, ""incomplete_agent"": 10.0}","[58.55428571428572, 43.48635531135531, 43.97062975027145, 43.37151567944251, 42.9698596657206, 43.983061681048255, 53.57268339768339, 54.0065649867374, 45.98268049155146, 47.61746031746032]","[35.0, 31.200000000000003, 30.700000000000003, 28.700000000000003, 30.200000000000003, 29.8, 37.0, 37.7, 31.0, 32.4]"
ga,15,3,49.77608376217071,33.8,80.6,1.7867980478849936,5.2,12.658214285714285,22.8175,10.159285714285716,True,0.0,hospital_corridor,28,12,"[11, 29, 47, 53, 61, 73, 89, 97, 101, 109]","[2.979449796280031, 3.4593123732834057, 0.8831245594417857, 0.5, 1.0]","{""time"": 1.0, ""collisions"": 0.05, ""congestion"": 1.0, ""fairness"": 1.0, ""incomplete_base"": 1000.0, ""incomplete_agent"": 10.0}","[56.55231092436975, 48.77503276539974, 42.900747508305656, 63.97414616232098, 39.49102990033223, 42.89047619047619, 56.18082690659812, 52.91324721377913, 46.827557865251364, 47.25546218487395]","[34.0, 32.7, 30.1, 38.900000000000006, 30.1, 29.400000000000002, 38.900000000000006, 37.6, 32.300000000000004, 34.0]"
ga,15,4,1216.5339704406479,40.03,3272.8,1.8114596181371572,6.2,12.88642857142857,22.938939393939393,10.052510822510822,False,0.1,hospital_corridor,28,12,"[11, 29, 47, 53, 61, 73, 89, 97, 101, 109]","[2.5254170834141205, 3.865875234949236, 0.5698674027307455, 0.5, 1.0]","{""time"": 1.0, ""collisions"": 0.05, ""congestion"": 1.0, ""fairness"": 1.0, ""incomplete_base"": 1000.0, ""incomplete_agent"": 10.0}","[1315.070012987013, 200.78524798643494, 166.38729773462785, 212.0003527336861, 212.81138318203537, 178.55960764587525, 216.09857269167614, 253.57473190348526, 225.15995024875622, 184.8925472928898]","[100.0, 33.7, 30.900000000000002, 32.4, 29.900000000000002, 28.400000000000002, 37.7, 37.300000000000004, 33.5, 36.5]"
ga,15,5,51.03247211844858,36.370000000000005,52.3,1.9209244994009516,5.3,13.316785714285714,23.443333333333335,10.12654761904762,True,0.0,hospital_corridor,28,12,"[11, 29, 47, 53, 61, 73, 89, 97, 101, 109]","[2.8941716560712787, 3.4970033042640365, 0.9154486952701949, 0.5, 1.0]","{""time"": 1.0, ""collisions"": 0.05, ""congestion"": 1.0, ""fairness"": 1.0, ""incomplete_base"": 1000.0, ""incomplete_agent"": 10.0}","[85.45359454461396, 43.713646055437096, 44.627923447860155, 42.29077578051088, 34.76830637915544, 50.94321946169772, 53.94502164502165, 53.38263029621298, 47.17911972359922, 54.020483850376614]","[61.800000000000004, 33.5, 31.6, 30.200000000000003, 26.5, 34.5, 38.5, 38.1, 31.700000000000003, 37.300000000000004]"
ga,15,6,49.0716146126215,33.86,77.8,1.8404241364310217,5.2,13.457142857142859,22.938333333333336,9.481190476190479,True,0.0,hospital_corridor,28,12,"[11, 29, 47, 53, 61, 73, 89, 97, 101, 109]","[2.9044849146044314, 3.3785816428778257, 0.9237119396189097, 0.5, 1.0]","{""time"": 1.0, ""collisions"": 0.05, ""congestion"": 1.0, ""fairness"": 1.0, ""incomplete_base"": 1000.0, ""incomplete_agent"": 10.0}","[66.83794117647058, 42.20833333333333, 45.864205375401696, 50.35398089171974, 35.90444862155389, 46.45521398432792, 52.31058201058202, 52.57459486412366, 50.01146520146521, 48.195380667236954]","[42.5, 32.0, 32.6, 31.400000000000002, 26.6, 31.6, 37.800000000000004, 38.2, 32.5, 33.4]"
ga,15,7,1060.1377744381887,39.55,58.3,1.7922249876393148,5.4,12.824093406593406,21.704642857142854,8.880549450549452,False,0.7,hospital_corridor,28,12,"[11, 29, 47, 53, 61, 73, 89, 97, 101, 109]","[2.890052735942059, 3.378791253957093, 0.9238718844126037, 0.5, 1.0]","{""time"": 1.0, ""collisions"": 0.05, ""congestion"": 1.0, ""fairness"": 1.0, ""incomplete_base"": 1000.0, ""incomplete_agent"": 10.0}","[1186.5813516483518, 42.33167701863354, 43.61679598356915, 41.04318625060946, 35.172710622710625, 44.43194108151735, 53.35801258327165, 52.720644149132525, 48.698853615520285, 53.42257142857143]","[100.0, 32.2, 31.3, 29.3, 26.0, 29.5, 38.6, 38.7, 32.4, 37.5]"
ga,15,8,49.26792262159796,33.92,74.6,1.8164940501693987,5.3,13.05107142857143,22.852500000000003,9.80142857142857,True,0.0,hospital_corridor,28,12,"[11, 29, 47, 53, 61, 73, 89, 97, 101, 109]","[2.9508048342880215, 3.39767008851148, 0.9056403871616925, 0.5, 1.0]","{""time"": 1.0, ""collisions"": 0.05, ""congestion"": 1.0, ""fairness"": 1.0, ""incomplete_base"": 1000.0, ""incomplete_agent"": 10.0}","[64.27067992145312, 42.01972147349506, 44.029312083139445, 43.764867017040935, 42.56802834846314, 44.352040816326536, 54.44947159020266, 56.55277267719428, 54.447686898593645, 46.22464539007092]","[38.800000000000004, 31.8, 30.700000000000003, 29.900000000000002, 29.900000000000002, 29.400000000000002, 38.300000000000004, 38.900000000000006, 38.6, 32.9]"
ga,15,9,51.824552557994664,35.18,106.7,1.6818144627565643,5.3,13.226428571428574,22.854166666666668,9.627738095238097,True,0.0,hospital_corridor,28,12,"[11, 29, 47, 53, 61, 73, 89, 97, 101, 109]","[2.8621494061184634, 3.0559981916672996, 0.9154570896117105, 0.5, 1.0]","{""time"": 1.0, ""collisions"": 0.05, ""congestion"": 1.0, ""fairness"": 1.0, ""incomplete_base"": 1000.0, ""incomplete_agent"": 10.0}","[73.72234361610968, 41.598490034991634, 43.67185319987868, 66.39322660098522, 36.53343760862009, 53.4782212885154, 53.3234311554079, 54.195226009185404, 46.73167701863355, 48.597619047619055]","[38.900000000000006, 31.3, 31.400000000000002, 43.5, 27.400000000000002, 34.0, 38.7, 39.400000000000006, 32.2, 35.0]"
ga,15,10,50.36068697840297,35.010000000000005,75.9,1.7447345974505803,5.2,13.250714285714286,23.061666666666667,9.810952380952383,True,0.0,hospital_corridor,28,12,"[11, 29, 47, 53, 61, 73, 89, 97, 101, 109]","[2.973476371922409, 3.4194687601471694, 0.897964732733678, 0.5, 1.0]","{""time"": 1.0, ""collisions"": 0.05, ""congestion"": 1.0, ""fairness"": 1.0, ""incomplete_base"": 1000.0, ""incomplete_agent"": 10.0}","[57.985587975243156, 41.88394777265745, 42.96136865342164, 56.356818181818184, 35.472972972972975, 57.56068414707655, 57.3466233195125, 53.64977678571429, 46.04198113207548, 54.34710884353742]","[37.7, 31.0, 30.200000000000003, 38.5, 25.900000000000002, 39.5, 37.9, 38.400000000000006, 31.8, 39.2]"
ga,15,11,49.57795452373172,35.7,41.9,1.7387878570650581,5.2,13.675,23.71916666666667,10.044166666666666,True,0.0,hospital_corridor,28,12,"[11, 29, 47, 53, 61, 73, 89, 97, 101, 109]","[2.974407521664965, 3.9397577575849594, 0.9140524233490652, 0.5, 1.0]","{""time"": 1.0, ""collisions"": 0.05, ""congestion"": 1.0, ""fairness"": 1.0, ""incomplete_base"": 1000.0, ""incomplete_agent"": 10.0}","[64.16126984126984, 43.00089285714286, 43.62445054945056, 40.20954398708636, 46.366987693953995, 47.312049941927995, 53.78026849037487, 62.00682468978683, 45.430641821946175, 49.886615364377796]","[45.0, 32.0, 31.200000000000003, 29.5, 35.6, 32.800000000000004, 37.6, 44.900000000000006, 32.2, 36.2]"
ga,15,12,49.43018785020885,34.379999999999995,73.6,1.727806897827905,5.0,13.079285714285714,22.72166666666667,9.642380952380952,True,0.0,hospital_corridor,28,12,"[11, 29, 47, 53, 61, 73, 89, 97, 101, 109]","[2.924032587073138, 3.5549136964067016, 0.890511315257355, 0.5, 1.0]","{""time"": 1.0, ""collisions"": 0.05, ""congestion"": 1.0, ""fairness"": 1.0, ""incomplete_base"": 1000.0, ""incomplete_agent"": 10.0}","[77.89195842450766, 41.57845622119815, 43.75852849336456, 51.39469608981804, 33.977208287895316, 47.513199665831245, 52.13693029490617, 52.69028417818741, 46.754087048832275, 46.60652979754776]","[45.7, 31.0, 30.5, 36.9, 26.200000000000003, 34.2, 37.300000000000004, 37.2, 31.400000000000002, 33.4]"
ga,15,13,49.21592338427019,34.3,65.6,1.7615186223654284,5.3,13.193928571428575,23.068333333333335,9.874404761904762,True,0.0,hospital_corridor,28,12,"[11, 29, 47, 53, 61, 73, 89, 97, 101, 109]","[2.9084327808556436, 3.5553096816012335, 0.8935088986134836, 0.5, 1.0]","{""time"": 1.0, ""collisions"": 0.05, ""congestion"": 1.0, ""fairness"": 1.0, ""incomplete_base"": 1000.0, ""incomplete_agent"": 10.0}","[57.64794204503507, 41.84547925279437, 44.36651305683564, 48.27633565621371, 35.164036544850504, 43.78706322119291, 55.68477935676889, 53.30925681618293, 58.392827892827896, 53.685]","[38.7, 31.1, 31.0, 32.800000000000004, 25.8, 29.3, 38.2, 37.9, 40.7, 37.5]"
ga,15,14,200.37915357999418,31.919999999999998,3150.9,2.0066535799941816,6.1,12.4725,21.380000000000003,8.907500000000002,True,0.0,hospital_corridor,28,12,"[11, 29, 47, 53, 61, 73, 89, 97, 101, 109]","[2.911510497509094, 3.456086676357053, 0.672318650226611, 0.5, 1.0]","{""time"": 1.0, ""collisions"": 0.05, ""congestion"": 1.0, ""fairness"": 1.0, ""incomplete_base"": 1000.0, ""incomplete_agent"": 10.0}","[225.00415793883536, 207.35770308123253, 171.10815173527038, 206.75072590011615, 194.17241379310343, 167.48163265306124, 213.76567834681043, 233.93157349896478, 200.29863344051446, 183.9208654120331]","[34.1, 30.6, 29.5, 32.800000000000004, 29.0, 29.400000000000002, 37.1, 32.2, 31.1, 33.4]"
ga,15,15,49.148134469690426,34.56999999999999,65.9,1.67611066016662,5.4,13.272142857142859,22.87916666666667,9.607023809523811,True,0.0,hospital_corridor,28,12,"[11, 29, 47, 53, 61, 73, 89, 97, 101, 109]","[3.104511522833872, 3.541933318829288, 0.9288934627062713, 0.5, 1.0]","{""time"": 1.0, ""collisions"": 0.05, ""congestion"": 1.0, ""fairness"": 1.0, ""incomplete_base"": 1000.0, ""incomplete_agent"": 10.0}","[60.898809523809526, 42.15688667872213, 43.43415841584159, 53.245995670995676, 38.84620485778204, 43.20387209491305, 51.31348133848134, 60.37771395271397, 47.821011525629366, 50.183210638015645]","[39.0, 31.6, 30.3, 38.5, 29.8, 29.3, 37.0, 42.900000000000006, 31.400000000000002, 35.9]"
ga,15,16,1153.9274042346542,94.4,53.9,0.5916727272727272,4.1,14.563788694638697,25.804520202020207,11.240731507381508,False,4.5,hospital_corridor,28,12,"[11, 29, 47, 53, 61, 73, 89, 97, 101, 109]","[2.935815481630283, 3.180350011130621, 1.1217637449501912, 0.5, 1.0]","{""time"": 1.0, ""collisions"": 0.05, ""congestion"": 1.0, ""fairness"": 1.0, ""incomplete_base"": 1000.0, ""incomplete_agent"": 10.0}","[1184.4072777777778, 1194.8146666666667, 1152.797, 1166.909818181818, 1179.9205238095237, 1158.163, 1135.0523589743589, 1148.3568601398601, 58.30487012987013, 1160.5476666666666]","[100.0, 100.0, 100.0, 100.0, 100.0, 100.0, 100.0, 100.0, 44.0, 100.0]"
ga,15,17,181.9056233168266,30.809999999999995,2809.9,1.95407569777895,6.4,11.659285714285716,20.305833333333332,8.64654761904762,True,0.0,hospital_corridor,28,12,"[11, 29, 47, 53, 61, 73, 89, 97, 101, 109]","[3.192214325119261, 3.3420465420223406, 0.6746283422681432, 0.5, 1.0]","{""time"": 1.0, ""collisions"": 0.05, ""congestion"": 1.0, ""fairness"": 1.0, ""incomplete_base"": 1000.0, ""incomplete_agent"": 10.0}","[221.41924721984603, 192.2186794305351, 150.67938144329898, 181.47341269841272, 175.99657009657008, 147.0749398315283, 179.89271887225146, 202.26323976875096, 185.33986124251027, 182.6981825645619]","[33.4, 29.1, 29.1, 31.5, 28.6, 27.700000000000003, 35.300000000000004, 31.3, 30.200000000000003, 31.900000000000002]"
ga,15,18,48.612297070526225,34.2,61.1,1.7290827848119346,5.4,13.026785714285714,22.655,9.628214285714286,True,0.0,hospital_corridor,28,12,"[11, 29, 47, 53, 61, 73, 89, 97, 101, 109]","[2.9889229205771612, 3.4332412522729197, 0.9133784408828711, 0.5, 1.0]","{""time"": 1.0, ""collisions"": 0.05, ""congestion"": 1.0, ""fairness"": 1.0, ""incomplete_base"": 1000.0, ""incomplete_agent"": 10.0}","[70.51316319339577, 40.883166515013656, 44.15613553113554, 43.258194905869324, 35.32866721401204, 41.95450186900699, 57.23893911995177, 54.11375828812538, 49.74296985066216, 48.9334742180896]","[47.300000000000004, 31.400000000000002, 31.200000000000003, 30.1, 26.1, 29.3, 39.5, 39.5, 33.800000000000004, 33.800000000000004]"
ga,15,19,62.449219958284246,34.33,343.8,1.6570771011413872,6.1,12.420357142857144,21.692500000000003,9.272142857142859,True,0.0,hospital_corridor,28,12,"[11, 29, 47, 53, 61, 73, 89, 97, 101, 109]","[2.6561599028814085, 3.5570102441672615, 0.7742827061297455, 0.5, 1.0]","{""time"": 1.0, ""collisions"": 0.05, ""congestion"": 1.0, ""fairness"": 1.0, ""incomplete_base"": 1000.0, ""incomplete_agent"": 10.0}","[76.48295191863154, 50.61807359307359, 52.310618457909484, 75.46574759437455, 51.91011904761905, 53.36688200877621, 67.39076266870384, 69.59275528393175, 61.72258113436459, 65.63170787545788]","[30.900000000000002, 30.8, 32.300000000000004, 38.6, 33.6, 29.3, 37.4, 37.4, 31.400000000000002, 41.6]"
ga,15,20,47.78858735825753,33.83,50.9,1.7487064058765736,5.0,13.374285714285715,23.039166666666667,9.664880952380953,True,0.0,hospital_corridor,28,12,"[11, 29, 47, 53, 61, 73, 89, 97, 101, 109]","[2.936155414840888, 3.514355724227442, 0.9183311800158667, 0.5, 1.0]","{""time"": 1.0, ""collisions"": 0.05, ""congestion"": 1.0, ""fairness"": 1.0, ""incomplete_base"": 1000.0, ""incomplete_agent"": 10.0}","[55.782323232323236, 42.37603519668738, 46.97550394390885, 55.588048368953885, 35.25802005012531, 46.94642857142857, 52.15337837837838, 53.22061011904763, 47.397538708735034, 42.187987012987016]","[39.6, 32.2, 32.6, 38.1, 26.6, 31.5, 37.0, 38.400000000000006, 32.6, 29.700000000000003]"
ga,15,21,51.540004345589864,36.4,62.6,1.6797662503517674,5.0,13.44142857142857,23.77166666666667,10.330238095238096,True,0.0,hospital_corridor,28,12,"[11, 29, 47, 53, 61, 73, 89, 97, 101, 109]","[2.981861618248887, 3.5652528649336093, 0.9207050776186887, 0.5, 1.0]","{""time"": 1.0, ""collisions"": 0.05, ""congestion"": 1.0, ""fairness"": 1.0, ""incomplete_base"": 1000.0, ""incomplete_agent"": 10.0}","[64.07669731258841, 59.72329018855865, 51.0335656213705, 49.32979479084452, 34.4685960591133, 43.4497619047619, 57.25851648351648, 52.58622984626921, 46.88774598167343, 56.585845267202245]","[40.400000000000006, 44.7, 36.9, 36.2, 26.1, 30.0, 39.0, 38.1, 31.700000000000003, 40.900000000000006]"
ga,15,22,53.07223063253783,32.459999999999994,191.2,1.6828258706330765,5.6,12.57392857142857,21.943333333333335,9.369404761904763,True,0.0,hospital_corridor,28,12,"[11, 29, 47, 53, 61, 73, 89, 97, 101, 109]","[2.9273529273172527, 2.562472826409705, 0.9156399758110815, 0.5, 1.0]","{""time"": 1.0, ""collisions"": 0.05, ""congestion"": 1.0, ""fairness"": 1.0, ""incomplete_base"": 1000.0, ""incomplete_agent"": 10.0}","[79.28917340521114, 43.17181259600614, 46.460829865926954, 54.63801369863014, 44.47069597069597, 45.96061270924753, 65.06171274961598, 51.99844961240311, 52.05588413709433, 47.61512158054711]","[37.1, 31.0, 30.900000000000002, 29.200000000000003, 31.200000000000003, 29.3, 37.2, 34.4, 31.400000000000002, 32.9]"
ga,15,23,49.412115461373745,32.64,106.2,1.760210699468976,5.1,12.573928571428572,22.27583333333333,9.701904761904762,True,0.0,hospital_corridor,28,12,"[11, 29, 47, 53, 61, 73, 89, 97, 101, 109]","[2.9267244367137106, 2.9712702593681755, 0.8837550327691506, 0.5, 1.0]","{""time"": 1.0, ""collisions"": 0.05, ""congestion"": 1.0, ""fairness"": 1.0, ""incomplete_base"": 1000.0, ""incomplete_agent"": 10.0}","[66.5945165945166, 42.52321619966315, 45.092762847713345, 46.868734763529986, 34.84852232721883, 44.78730831315577, 57.76030901722391, 59.073535777947534, 49.7952452884477, 46.77700348432056]","[39.6, 31.1, 30.3, 29.3, 25.700000000000003, 29.5, 37.6, 37.4, 33.1, 32.800000000000004]"
ga,16,0,45.959686153372495,32.7,48.2,1.7355194867058252,4.9,13.005,22.11916666666667,9.114166666666668,True,0.0,hospital_corridor,28,12,"[11, 29, 47, 53, 61, 73, 89, 97, 101, 109]","[2.847689265018116, 3.3766537920327053, 0.9242349905502372, 0.5, 1.0]","{""time"": 1.0, ""collisions"": 0.05, ""congestion"": 1.0, ""fairness"": 1.0, ""incomplete_base"": 1000.0, ""incomplete_agent"": 10.0}","[48.9316920259228, 42.22062877782693, 44.63511904761905, 43.91923937360179, 34.48995819701927, 44.44047231270358, 53.72570136581765, 52.28783068783069, 48.24019607843138, 46.70602366695181]","[33.800000000000004, 32.300000000000004, 32.0, 29.8, 26.200000000000003, 30.700000000000003, 38.7, 37.800000000000004, 32.300000000000004, 33.4]"
ga,16,1,46.74062366258978,32.470000000000006,66.0,1.783718900685026,5.2,12.681428571428572,21.868333333333332,9.18690476190476,True,0.0,hospital_corridor,28,12,"[11, 29, 47, 53, 61, 73, 89, 97, 101, 109]","[3.0603421612643893, 3.6213662031536358, 0.8826260839974864, 0.5, 1.0]","{""time"": 1.0, ""collisions"": 0.05, ""congestion"": 1.0, ""fairness"": 1.0, ""incomplete_base"": 1000.0, ""incomplete_agent"": 10.0}","[55.90750708215298, 41.50903908794788, 42.64558846950152, 41.49395287526776, 43.27333333333334, 43.58454715219421, 52.390783410138255, 54.91060606060606, 45.98718241290126, 45.70369674185464]","[35.300000000000004, 30.700000000000003, 29.900000000000002, 28.900000000000002, 30.0, 30.6, 37.2, 38.5, 31.3, 32.300000000000004]"
ga,16,2,1251.0198514941542,100.0,18.9,0.3674,3.3,13.426657452454668,24.13410894660895,10.70745149415428,False,13.9,hospital_corridor,28,12,"[11, 29, 47, 53, 61, 73, 89, 97, 101, 109]","[3.087135435179764, 3.4418707682431102, 1.4704473941586291, 0.5, 1.0]","{""time"": 1.0, ""collisions"": 0.05, ""congestion"": 1.0, ""fairness"": 1.0, ""incomplete_base"": 1000.0, ""incomplete_agent"": 10.0}","[1230.2069707602338, 1252.8581212121212, 1287.807, 1272.6946666666668, 1241.6144705882352, 1234.424, 1203.4077619047619, 1235.2253333333333, 1227.5751904761905, 1324.385]","[100.0, 100.0, 100.0, 100.0, 100.0, 100.0, 100.0, 100.0, 100.0, 100.0]"
ga,16,3,1065.424346157979,44.870000000000005,43.5,1.8070493325822077,5.4,14.051314285714287,24.623611111111114,10.572296825396826,False,0.6,hospital_corridor,28,12,"[11, 29, 47, 53, 61, 73, 89, 97, 101, 109]","[2.4624652616895304, 3.5333038028590975, 0.9213869239572594, 0.5, 1.0]","{""time"": 1.0, ""collisions"": 0.05, ""congestion"": 1.0, ""fairness"": 1.0, ""incomplete_base"": 1000.0, ""incomplete_agent"": 10.0}","[59.608580565409014, 1176.0411111111111, 47.75216946377405, 49.51152882205513, 46.64033613445379, 47.956182121971594, 58.968659958209614, 62.33236808236809, 48.85384294068505, 56.57868237975291]","[44.300000000000004, 100.0, 34.9, 38.0, 35.7, 34.2, 43.300000000000004, 44.400000000000006, 34.2, 39.7]"
ga,16,4,52.26666472375264,33.37,155.0,1.7886885332764475,5.2,12.642857142857142,22.000833333333336,9.35797619047619,True,0.0,hospital_corridor,28,12,"[11, 29, 47, 53, 61, 73, 89, 97, 101, 109]","[3.6409529386269917, 3.3357864183759345, 0.9442599206137816, 0.5, 1.0]","{""time"": 1.0, ""collisions"": 0.05, ""congestion"": 1.0, ""fairness"": 1.0, ""incomplete_base"": 1000.0, ""incomplete_agent"": 10.0}","[71.93891941391942, 59.51309523809524, 48.05800899307092, 49.216944059177074, 41.47729276895943, 47.982587859424925, 52.523726467331116, 53.2074753923916, 51.87186544342508, 46.876731601731606]","[33.800000000000004, 37.1, 32.300000000000004, 30.900000000000002, 32.4, 31.3, 34.4, 35.800000000000004, 32.7, 33.0]"
ga,16,5,55.262220281478875,32.44,229.8,1.729363138621737,5.3,12.299642857142858,21.9025,9.602857142857143,True,0.0,hospital_corridor,28,12,"[11, 29, 47, 53, 61, 73, 89, 97, 101, 109]","[2.9280908091789852, 2.4820932815157883, 0.8827363389150301, 0.5, 1.0]","{""time"": 1.0, ""collisions"": 0.05, ""congestion"": 1.0, ""fairness"": 1.0, ""incomplete_base"": 1000.0, ""incomplete_agent"": 10.0}","[79.38046292787672, 44.88175883256528, 43.58690476190476, 61.59804108934544, 52.892857142857146, 46.88497480903624, 59.19016563146999, 54.02032019704434, 58.25572122052704, 51.93099620216185]","[37.7, 31.0, 30.6, 29.900000000000002, 30.8, 29.3, 36.800000000000004, 34.800000000000004, 30.900000000000002, 32.6]"
ga,16,6,49.677730974126135,34.42,68.6,1.6783262122213696,4.7,12.97392857142857,23.12333333333334,10.14940476190476,True,0.0,hospital_corridor,28,12,"[11, 29, 47, 53, 61, 73, 89, 97, 101, 109]","[2.9410515233660046, 3.4094134781230414, 0.9126092472994758, 0.5, 1.0]","{""time"": 1.0, ""collisions"": 0.05, ""congestion"": 1.0, ""fairness"": 1.0, ""incomplete_base"": 1000.0, ""incomplete_agent"": 10.0}","[64.65445221047847, 41.08333333333333, 42.542358803986716, 49.55824622531941, 35.47288611261995, 43.856976271737366, 53.042, 62.74869536855839, 54.10049409736039, 49.717867317867324]","[41.900000000000006, 31.5, 30.1, 32.800000000000004, 26.3, 29.3, 37.5, 43.800000000000004, 35.9, 35.1]"
ga,16,7,50.6230304799359,36.52,51.2,1.6761257180311298,4.9,13.90392857142857,23.770833333333336,9.866904761904763,True,0.0,hospital_corridor,28,12,"[11, 29, 47, 53, 61, 73, 89, 97, 101, 109]","[2.945908725762905, 3.502612334615881, 0.9511571788486303, 0.5, 1.0]","{""time"": 1.0, ""collisions"": 0.05, ""congestion"": 1.0, ""fairness"": 1.0, ""incomplete_base"": 1000.0, ""incomplete_agent"": 10.0}","[70.30170396978907, 43.773851417399804, 43.35588772250114, 58.29761035801182, 34.24859307359308, 46.6790293040293, 53.753978455135275, 61.94167200512493, 46.32350088183422, 47.5544776119403]","[51.7, 34.1, 31.3, 41.1, 26.400000000000002, 31.200000000000003, 38.900000000000006, 44.6, 32.4, 33.5]"
ga,16,8,48.78789694361182,34.540000000000006,55.8,1.7853969436118178,5.5,13.010000000000002,22.682500000000005,9.672500000000001,True,0.0,hospital_corridor,28,12,"[11, 29, 47, 53, 61, 73, 89, 97, 101, 109]","[2.980564084925017, 3.495554023219311, 0.9124924035782065, 0.5, 1.0]","{""time"": 1.0, ""collisions"": 0.05, ""congestion"": 1.0, ""fairness"": 1.0, ""incomplete_base"": 1000.0, ""incomplete_agent"": 10.0}","[57.66847041847042, 40.970974162535676, 42.261100599180075, 50.22790528953964, 49.18807927996937, 45.45793650793651, 56.37546802362106, 52.9076441102757, 46.45325696316262, 46.36813408142714]","[39.6, 31.700000000000003, 30.200000000000003, 36.1, 37.300000000000004, 29.700000000000003, 37.9, 38.0, 31.8, 33.1]"
ga,16,9,51.51461459173922,35.989999999999995,76.3,1.7591384012630322,5.0,13.407857142857143,23.358333333333334,9.950476190476191,True,0.0,hospital_corridor,28,12,"[11, 29, 47, 53, 61, 73, 89, 97, 101, 109]","[2.9842629909438037, 3.5043938228121503, 0.8938456200381897, 0.5, 1.0]","{""time"": 1.0, ""collisions"": 0.05, ""congestion"": 1.0, ""fairness"": 1.0, ""incomplete_base"": 1000.0, ""incomplete_agent"": 10.0}","[86.4733865119652, 41.668087557603684, 42.63634336677815, 49.20204517704518, 34.8547256925584, 46.36772363150868, 54.506928181108506, 55.25068922305765, 50.94908963585435, 53.23712693991246]","[59.1, 31.0, 29.900000000000002, 35.1, 26.3, 32.1, 36.6, 39.900000000000006, 34.0, 35.9]"
ga,16,10,61.487760050918524,33.160000000000004,329.1,1.7649029080613718,5.4,12.307142857142859,22.415000000000003,10.107857142857144,True,0.0,hospital_corridor,28,12,"[11, 29, 47, 53, 61, 73, 89, 97, 101, 109]","[2.847689265018116, 2.989533233727763, 0.7967675533919151, 0.5, 1.0]","{""time"": 1.0, ""collisions"": 0.05, ""congestion"": 1.0, ""fairness"": 1.0, ""incomplete_base"": 1000.0, ""incomplete_agent"": 10.0}","[100.57222313867813, 51.309147869674185, 54.27704081632653, 72.33928571428572, 45.81684981684982, 50.315816326530616, 57.465735869418594, 61.048351648351655, 66.57080433892756, 55.1623449701424]","[43.300000000000004, 30.400000000000002, 29.400000000000002, 31.5, 29.900000000000002, 29.400000000000002, 35.300000000000004, 36.4, 34.9, 31.1]"
ga,16,11,51.03247211844858,36.370000000000005,52.3,1.9209244994009516,5.3,13.316785714285714,23.443333333333335,10.12654761904762,True,0.0,hospital_corridor,28,12,"[11, 29, 47, 53, 61, 73, 89, 97, 101, 109]","[2.8941716560712787, 3.4970033042640365, 0.9154486952701949, 0.5, 1.0]","{""time"": 1.0, ""collisions"": 0.05, ""congestion"": 1.0, ""fairness"": 1.0, ""incomplete_base"": 1000.0, ""incomplete_agent"": 10.0}","[85.45359454461396, 43.713646055437096, 44.627923447860155, 42.29077578051088, 34.76830637915544, 50.94321946169772, 53.94502164502165, 53.38263029621298, 47.17911972359922, 54.020483850376614]","[61.800000000000004, 33.5, 31.6, 30.200000000000003, 26.5, 34.5, 38.5, 38.1, 31.700000000000003, 37.300000000000004]"
ga,16,12,1165.2245581455581,100.0,36.6,0.5097,4.4,14.570293369593372,26.455151515151517,11.884858145558145,False,5.1,hospital_corridor,28,12,"[11, 29, 47, 53, 61, 73, 89, 97, 101, 109]","[2.9214636062172556, 3.298622828534139, 1.1323101976422079, 0.5, 1.0]","{""time"": 1.0, ""collisions"": 0.05, ""congestion"": 1.0, ""fairness"": 1.0, ""incomplete_base"": 1000.0, ""incomplete_agent"": 10.0}","[1155.13, 1215.9552222222221, 1153.2946363636363, 1170.9866363636363, 1180.393, 1152.1245454545456, 1135.4817948717948, 1166.242358974359, 1139.2606296296296, 1183.3767575757577]","[100.0, 100.0, 100.0, 100.0, 100.0, 100.0, 100.0, 100.0, 100.0, 100.0]"
ga,16,13,49.460679462360446,33.59,93.7,1.701631843312817,5.3,12.856785714285715,22.340833333333336,9.484047619047619,True,0.0,hospital_corridor,28,12,"[11, 29, 47, 53, 61, 73, 89, 97, 101, 109]","[2.9097457451008863, 3.0512290737118626, 0.9014500189352229, 0.5, 1.0]","{""time"": 1.0, ""collisions"": 0.05, ""congestion"": 1.0, ""fairness"": 1.0, ""incomplete_base"": 1000.0, ""incomplete_agent"": 10.0}","[55.42264492753623, 41.75119047619048, 46.16757975034674, 56.02654220779221, 44.97618667275217, 43.75220217779945, 53.9937343358396, 52.664436486995854, 48.96523277042447, 50.88704481792717]","[36.800000000000004, 31.200000000000003, 30.900000000000002, 35.2, 31.3, 29.3, 38.0, 37.9, 31.3, 34.0]"
ga,16,14,194.84537130328806,32.06000000000001,3031.4,1.963942731859467,6.2,12.108571428571429,21.360000000000003,9.251428571428573,True,0.0,hospital_corridor,28,12,"[11, 29, 47, 53, 61, 73, 89, 97, 101, 109]","[2.9267244367137106, 2.9712702593681755, 0.6139221449970937, 0.5, 1.0]","{""time"": 1.0, ""collisions"": 0.05, ""congestion"": 1.0, ""fairness"": 1.0, ""incomplete_base"": 1000.0, ""incomplete_agent"": 10.0}","[234.79454335986597, 199.32408274785323, 157.6736808236808, 217.55182394058542, 185.7053776683087, 150.88639272913468, 205.49467654986523, 229.56458586267368, 194.97145153881488, 172.48709781209783]","[34.1, 30.5, 29.6, 32.7, 29.0, 27.900000000000002, 37.1, 35.300000000000004, 31.1, 33.300000000000004]"
ga,16,15,45.959686153372495,32.7,48.2,1.7355194867058252,4.9,13.005,22.11916666666667,9.114166666666668,True,0.0,hospital_corridor,28,12,"[11, 29, 47, 53, 61, 73, 89, 97, 101, 109]","[2.847689265018116, 3.3766537920327053, 0.9242349905502372, 0.5, 1.0]","{""time"": 1.0, ""collisions"": 0.05, ""congestion"": 1.0, ""fairness"": 1.0, ""incomplete_base"": 1000.0, ""incomplete_agent"": 10.0}","[48.9316920259228, 42.22062877782693, 44.63511904761905, 43.91923937360179, 34.48995819701927, 44.44047231270358, 53.72570136581765, 52.28783068783069, 48.24019607843138, 46.70602366695181]","[33.800000000000004, 32.300000000000004, 32.0, 29.8, 26.200000000000003, 30.700000000000003, 38.7, 37.800000000000004, 32.300000000000004, 33.4]"
ga,16,16,51.361109057305775,36.33,71.4,1.6294423906391038,4.9,13.444999999999999,23.276666666666667,9.831666666666669,True,0.0,hospital_corridor,28,12,"[11, 29, 47, 53, 61, 73, 89, 97, 101, 109]","[2.982815179561254, 3.2130315759067045, 0.966917517641745, 0.5, 1.0]","{""time"": 1.0, ""collisions"": 0.05, ""congestion"": 1.0, ""fairness"": 1.0, ""incomplete_base"": 1000.0, ""incomplete_agent"": 10.0}","[61.798576214405365, 76.15711260910899, 45.31632973944295, 40.607993197278915, 35.42307692307693, 46.92204206836108, 53.0175925925926, 57.80051710421639, 47.869565217391305, 48.69828490718321]","[39.800000000000004, 55.1, 31.8, 29.400000000000002, 27.3, 32.6, 37.800000000000004, 41.900000000000006, 32.2, 35.4]"
ga,16,17,48.03973835770736,33.529999999999994,61.2,1.8148574053264064,5.4,13.184285714285716,22.819166666666668,9.634880952380952,True,0.0,hospital_corridor,28,12,"[11, 29, 47, 53, 61, 73, 89, 97, 101, 109]","[2.828851295728109, 3.3859696694117103, 0.9038144763996023, 0.5, 1.0]","{""time"": 1.0, ""collisions"": 0.05, ""congestion"": 1.0, ""fairness"": 1.0, ""incomplete_base"": 1000.0, ""incomplete_agent"": 10.0}","[59.69555186415652, 43.6484126984127, 52.446401515151514, 40.04686800894854, 35.413203463203466, 45.44227166276347, 52.100828157349895, 55.40547619047619, 47.11116071428572, 49.08720930232558]","[38.7, 31.5, 35.2, 29.8, 26.400000000000002, 30.5, 36.800000000000004, 40.0, 32.0, 34.4]"
ga,16,18,1282.797024519538,100.0,6.0,0.3931,3.3,13.123869131255741,25.227793650793654,12.103924519537909,False,17.0,hospital_corridor,28,12,"[11, 29, 47, 53, 61, 73, 89, 97, 101, 109]","[3.0761232777010594, 4.651725709342368, 1.6326042560436558, 0.5, 1.0]","{""time"": 1.0, ""collisions"": 0.05, ""congestion"": 1.0, ""fairness"": 1.0, ""incomplete_base"": 1000.0, ""incomplete_agent"": 10.0}","[1249.5434379084968, 1272.0885714285714, 1301.8400769230768, 1309.1044835164835, 1261.20525, 1232.102, 1242.7701403508772, 1285.8838235294118, 1309.786, 1363.6464615384616]","[100.0, 100.0, 100.0, 100.0, 100.0, 100.0, 100.0, 100.0, 100.0, 100.0]"
ga,16,19,47.581141750731774,33.239999999999995,59.3,1.726736988827011,5.0,12.758928571428573,22.408333333333335,9.649404761904764,True,0.0,hospital_corridor,28,12,"[11, 29, 47, 53, 61, 73, 89, 97, 101, 109]","[2.9791930794208348, 3.434269478559962, 0.9165737810458678, 0.5, 1.0]","{""time"": 1.0, ""collisions"": 0.05, ""congestion"": 1.0, ""fairness"": 1.0, ""incomplete_base"": 1000.0, ""incomplete_agent"": 10.0}","[62.54467418546366, 41.87558770343581, 43.49917317409279, 44.37227891156463, 35.339783632084014, 43.00380952380952, 53.794047619047625, 52.01262157382847, 46.98789198606272, 52.381549197928514]","[38.0, 31.6, 31.1, 29.400000000000002, 26.3, 30.0, 37.800000000000004, 37.7, 32.800000000000004, 37.7]"
ga,16,20,50.68671843386326,34.56,95.7,1.7454089100537438,5.5,13.235357142857143,22.831666666666667,9.596309523809525,True,0.0,hospital_corridor,28,12,"[11, 29, 47, 53, 61, 73, 89, 97, 101, 109]","[2.9113921372583, 3.27797296669278, 0.8974064897562404, 0.5, 1.0]","{""time"": 1.0, ""collisions"": 0.05, ""congestion"": 1.0, ""fairness"": 1.0, ""incomplete_base"": 1000.0, ""incomplete_agent"": 10.0}","[66.97142857142858, 41.91167728237793, 45.205560578661846, 55.43862126245847, 40.741993151775766, 43.22490248659191, 50.728995157384986, 65.86835839598997, 47.44880952380953, 49.32683792815372]","[42.0, 31.400000000000002, 31.6, 34.4, 29.900000000000002, 29.3, 35.4, 45.6, 31.8, 34.2]"
ga,16,21,1060.735824622373,39.239999999999995,71.6,1.7719127176111038,5.3,12.96567142857143,22.10958333333333,9.143911904761904,False,0.7,hospital_corridor,28,12,"[11, 29, 47, 53, 61, 73, 89, 97, 101, 109]","[3.013846367447786, 3.7066390889352316, 0.9092108801512415, 0.5, 1.0]","{""time"": 1.0, ""collisions"": 0.05, ""congestion"": 1.0, ""fairness"": 1.0, ""incomplete_base"": 1000.0, ""incomplete_agent"": 10.0}","[1194.3675, 42.39032738095238, 42.80291136256483, 44.924260523321955, 34.80467032967033, 43.013471177944865, 51.89026610644258, 54.61524666421839, 46.84684542586751, 51.70274725274725]","[100.0, 32.0, 30.3, 29.3, 26.0, 30.400000000000002, 37.4, 38.900000000000006, 31.700000000000003, 36.4]"
ga,16,22,51.22522893563654,33.720000000000006,127.8,1.7863003642079598,5.4,12.658571428571431,21.9875,9.328928571428573,True,0.0,hospital_corridor,28,12,"[11, 29, 47, 53, 61, 73, 89, 97, 101, 109]","[3.4818292556024186, 3.404810795010123, 0.9147795250893878, 0.5, 1.0]","{""time"": 1.0, ""collisions"": 0.05, ""congestion"": 1.0, ""fairness"": 1.0, ""incomplete_base"": 1000.0, ""incomplete_agent"": 10.0}","[63.599706457925635, 52.853947709874134, 44.800483503981795, 48.88045404208195, 39.6406048906049, 44.15933971526755, 57.125814536340854, 63.422002294893865, 48.32525676937442, 49.44467943602022]","[36.5, 36.7, 29.3, 30.1, 29.6, 29.1, 38.0, 41.5, 30.6, 35.800000000000004]"
ga,16,23,52.106717937834624,36.03,76.7,1.6886226997393845,4.7,13.248571428571429,23.80166666666667,10.55309523809524,True,0.0,hospital_corridor,28,12,"[11, 29, 47, 53, 61, 73, 89, 97, 101, 109]","[2.943989190704775, 3.407012100140622, 0.9223108554123931, 0.5, 1.0]","{""time"": 1.0, ""collisions"": 0.05, ""congestion"": 1.0, ""fairness"": 1.0, ""incomplete_base"": 1000.0, ""incomplete_agent"": 10.0}","[67.63816278284364, 42.06830357142857, 44.61022408963586, 51.623328267477206, 44.75347313237222, 47.42739893540498, 66.84428721174005, 56.486230851442826, 53.705209155485406, 45.91056138051552]","[42.300000000000004, 32.0, 30.6, 32.9, 32.7, 33.1, 47.7, 40.1, 36.2, 32.7]"
ga,17,0,45.959686153372495,32.7,48.2,1.7355194867058252,4.9,13.005,22.11916666666667,9.114166666666668,True,0.0,hospital_corridor,28,12,"[11, 29, 47, 53, 61, 73, 89, 97, 101, 109]","[2.847689265018116, 3.3766537920327053, 0.9242349905502372, 0.5, 1.0]","{""time"": 1.0, ""collisions"": 0.05, ""congestion"": 1.0, ""fairness"": 1.0, ""incomplete_base"": 1000.0, ""incomplete_agent"": 10.0}","[48.9316920259228, 42.22062877782693, 44.63511904761905, 43.91923937360179, 34.48995819701927, 44.44047231270358, 53.72570136581765, 52.28783068783069, 48.24019607843138, 46.70602366695181]","[33.800000000000004, 32.300000000000004, 32.0, 29.8, 26.200000000000003, 30.700000000000003, 38.7, 37.800000000000004, 32.300000000000004, 33.4]"
ga,17,1,45.959686153372495,32.7,48.2,1.7355194867058252,4.9,13.005,22.11916666666667,9.114166666666668,True,0.0,hospital_corridor,28,12,"[11, 29, 47, 53, 61, 73, 89, 97, 101, 109]","[2.847689265018116, 3.3766537920327053, 0.9242349905502372, 0.5, 1.0]","{""time"": 1.0, ""collisions"": 0.05, ""congestion"": 1.0, ""fairness"": 1.0, ""incomplete_base"": 1000.0, ""incomplete_agent"": 10.0}","[48.9316920259228, 42.22062877782693, 44.63511904761905, 43.91923937360179, 34.48995819701927, 44.44047231270358, 53.72570136581765, 52.28783068783069, 48.24019607843138, 46.70602366695181]","[33.800000000000004, 32.300000000000004, 32.0, 29.8, 26.200000000000003, 30.700000000000003, 38.7, 37.800000000000004, 32.300000000000004, 33.4]"
ga,17,2,48.548096848430774,34.04,64.2,1.6641682770022057,5.1,13.253571428571428,22.887500000000003,9.633928571428573,True,0.0,hospital_corridor,28,12,"[11, 29, 47, 53, 61, 73, 89, 97, 101, 109]","[2.9333670063348576, 3.2255295504753336, 0.9456887150748956, 0.5, 1.0]","{""time"": 1.0, ""collisions"": 0.05, ""congestion"": 1.0, ""fairness"": 1.0, ""incomplete_base"": 1000.0, ""incomplete_agent"": 10.0}","[66.05217569786537, 41.67579365079365, 46.63318869603917, 43.62484335839599, 34.21691203198837, 45.112039110314974, 53.171922790003734, 52.11787665886027, 48.937284701114486, 53.9389317889318]","[43.5, 31.5, 32.1, 30.400000000000002, 26.200000000000003, 31.900000000000002, 38.300000000000004, 36.6, 32.9, 37.0]"
ga,17,3,50.20722882810257,35.14,78.8,1.642466923340671,4.9,13.11107142857143,22.59583333333334,9.484761904761905,True,0.0,hospital_corridor,28,12,"[11, 29, 47, 53, 61, 73, 89, 97, 101, 109]","[2.917430262132033, 3.2351130013595704, 0.9088778403911602, 0.5, 1.0]","{""time"": 1.0, ""collisions"": 0.05, ""congestion"": 1.0, ""fairness"": 1.0, ""incomplete_base"": 1000.0, ""incomplete_agent"": 10.0}","[53.34422566680632, 41.740533242050816, 43.75845199816261, 70.00903361344538, 34.820787545787546, 42.822445600756865, 51.057637774210804, 54.93459383753502, 62.90875317644459, 46.67582582582583]","[34.1, 31.3, 31.1, 47.6, 26.0, 30.200000000000003, 35.6, 39.1, 43.1, 33.300000000000004]"
ga,17,4,48.16301729004698,32.5,98.7,1.7181363376660272,5.2,12.374285714285715,21.384166666666665,9.009880952380952,True,0.0,hospital_corridor,28,12,"[11, 29, 47, 53, 61, 73, 89, 97, 101, 109]","[3.4818292556024186, 3.404810795010123, 0.9325504815386965, 0.5, 1.0]","{""time"": 1.0, ""collisions"": 0.05, ""congestion"": 1.0, ""fairness"": 1.0, ""incomplete_base"": 1000.0, ""incomplete_agent"": 10.0}","[70.31811487481592, 41.775541125541125, 41.60950363196126, 44.439614994934146, 38.54336734693878, 42.70972017673049, 63.66844537815126, 48.728078331924486, 44.450209399720805, 45.38757763975156]","[38.800000000000004, 30.8, 29.5, 28.200000000000003, 29.400000000000002, 29.1, 42.5, 33.800000000000004, 30.700000000000003, 32.2]"
ga,17,5,45.959686153372495,32.7,48.2,1.7355194867058252,4.9,13.005,22.11916666666667,9.114166666666668,True,0.0,hospital_corridor,28,12,"[11, 29, 47, 53, 61, 73, 89, 97, 101, 109]","[2.847689265018116, 3.3766537920327053, 0.9242349905502372, 0.5, 1.0]","{""time"": 1.0, ""collisions"": 0.05, ""congestion"": 1.0, ""fairness"": 1.0, ""incomplete_base"": 1000.0, ""incomplete_agent"": 10.0}","[48.9316920259228, 42.22062877782693, 44.63511904761905, 43.91923937360179, 34.48995819701927, 44.44047231270358, 53.72570136581765, 52.28783068783069, 48.24019607843138, 46.70602366695181]","[33.800000000000004, 32.300000000000004, 32.0, 29.8, 26.200000000000003, 30.700000000000003, 38.7, 37.800000000000004, 32.300000000000004, 33.4]"
ga,17,6,49.37705126987536,33.010000000000005,119.8,1.8351465079705924,5.7,12.886428571428572,21.428333333333335,8.541904761904762,True,0.0,hospital_corridor,28,12,"[11, 29, 47, 53, 61, 73, 89, 97, 101, 109]","[3.4852811120507097, 3.4970033042640365, 0.9154486952701949, 0.5, 1.0]","{""time"": 1.0, ""collisions"": 0.05, ""congestion"": 1.0, ""fairness"": 1.0, ""incomplete_base"": 1000.0, ""incomplete_agent"": 10.0}","[75.46615323854661, 40.4733893557423, 44.18571428571429, 46.761794019933554, 40.56190476190477, 44.059028443592204, 53.474543378995435, 52.69222846441947, 50.705539358600596, 45.390217391304354]","[42.2, 30.6, 29.400000000000002, 30.1, 29.400000000000002, 29.8, 36.5, 35.6, 34.300000000000004, 32.2]"
ga,17,7,1101.9541205982296,71.05999999999999,49.5,1.0734347840438032,4.6,14.548768731268732,26.894454545454543,12.345685814185815,False,1.5,hospital_corridor,28,12,"[11, 29, 47, 53, 61, 73, 89, 97, 101, 109]","[2.6183879864214044, 3.434269478559962, 0.9993769431497144, 0.5, 1.0]","{""time"": 1.0, ""collisions"": 0.05, ""congestion"": 1.0, ""fairness"": 1.0, ""incomplete_base"": 1000.0, ""incomplete_agent"": 10.0}","[75.41848370927318, 1174.2954848484849, 51.443091537132986, 1129.6053846153845, 1136.1569487179488, 59.43377754086709, 59.755495539073415, 1137.7901428571429, 49.10592808551993, 1146.5364685314685]","[53.2, 100.0, 38.6, 100.0, 100.0, 40.2, 44.300000000000004, 100.0, 34.300000000000004, 100.0]"
ga,17,8,188.25577349020188,31.310000000000002,2916.4,1.9929163473447093,6.3,12.009642857142858,21.142500000000002,9.132857142857143,True,0.0,hospital_corridor,28,12,"[11, 29, 47, 53, 61, 73, 89, 97, 101, 109]","[2.97755770255147, 3.4093199139526753, 0.6413282580519611, 0.5, 1.0]","{""time"": 1.0, ""collisions"": 0.05, ""congestion"": 1.0, ""fairness"": 1.0, ""incomplete_base"": 1000.0, ""incomplete_agent"": 10.0}","[231.3982142857143, 214.55857142857144, 162.42699757869252, 196.09710622710622, 171.2685515873016, 154.37131336405534, 211.77396313364056, 188.62430044182622, 177.45818168031548, 174.580535174795]","[33.6, 30.0, 29.5, 32.5, 28.8, 27.900000000000002, 37.2, 29.1, 31.400000000000002, 33.1]"
ga,17,9,48.35875175728684,34.14,57.4,1.7352993763344595,4.9,13.010714285714286,22.624166666666667,9.61345238095238,True,0.0,hospital_corridor,28,12,"[11, 29, 47, 53, 61, 73, 89, 97, 101, 109]","[3.1359888482466536, 3.6125349193011402, 0.9140648540036167, 0.5, 1.0]","{""time"": 1.0, ""collisions"": 0.05, ""congestion"": 1.0, ""fairness"": 1.0, ""incomplete_base"": 1000.0, ""incomplete_agent"": 10.0}","[59.25255501678479, 49.995564569318034, 41.764157014157014, 51.24422700587084, 34.259813384813384, 43.80289115646259, 54.01800595238096, 57.45518433179724, 44.93605990783411, 46.859059233449486]","[38.300000000000004, 36.1, 29.6, 36.5, 25.900000000000002, 29.400000000000002, 38.400000000000006, 43.400000000000006, 31.0, 32.800000000000004]"
ga,17,10,46.93607382176975,33.64,51.6,1.7408357265316556,5.4,13.12892857142857,22.104166666666664,8.975238095238096,True,0.0,hospital_corridor,28,12,"[11, 29, 47, 53, 61, 73, 89, 97, 101, 109]","[2.935742608142099, 3.474597633069104, 0.9207529049410136, 0.5, 1.0]","{""time"": 1.0, ""collisions"": 0.05, ""congestion"": 1.0, ""fairness"": 1.0, ""incomplete_base"": 1000.0, ""incomplete_agent"": 10.0}","[59.45597275585051, 41.81632973944295, 43.16971798428109, 42.0639432485323, 34.83954372623574, 41.63449163449163, 53.132683982683986, 53.04329573934837, 53.59086459517494, 46.613894811656]","[40.900000000000006, 31.8, 30.900000000000002, 29.200000000000003, 26.3, 29.6, 38.5, 38.0, 37.7, 33.5]"
ga,17,11,51.429202030723104,36.129999999999995,65.9,1.7440829831040596,5.2,13.303214285714287,23.563333333333336,10.260119047619048,True,0.0,hospital_corridor,28,12,"[11, 29, 47, 53, 61, 73, 89, 97, 101, 109]","[2.8925107418010336, 3.3976101821829126, 0.91597448918743, 0.5, 1.0]","{""time"": 1.0, ""collisions"": 0.05, ""congestion"": 1.0, ""fairness"": 1.0, ""incomplete_base"": 1000.0, ""incomplete_agent"": 10.0}","[62.118365723377664, 42.31502976190477, 45.348415225962995, 43.198689273689276, 54.69732550554469, 46.754152823920265, 54.79927299163941, 61.611188164586224, 47.94270186335404, 55.50687897325177]","[41.900000000000006, 32.0, 31.400000000000002, 29.700000000000003, 43.800000000000004, 30.1, 39.300000000000004, 41.2, 32.2, 39.7]"
ga,17,12,51.88216991372967,37.64,31.9,1.7176461042058606,5.6,14.359642857142859,25.289166666666667,10.929523809523811,True,0.0,hospital_corridor,28,12,"[11, 29, 47, 53, 61, 73, 89, 97, 101, 109]","[2.6020870629408757, 4.379165990277788, 0.9108943415098143, 0.5, 1.0]","{""time"": 1.0, ""collisions"": 0.05, ""congestion"": 1.0, ""fairness"": 1.0, ""incomplete_base"": 1000.0, ""incomplete_agent"": 10.0}","[65.04195978607426, 42.72619047619048, 47.219243122468924, 54.467616672604215, 46.23061594202899, 54.1515107565869, 55.6452380952381, 55.227629842869135, 48.5522921108742, 49.55940233236152]","[46.300000000000004, 33.0, 34.1, 40.1, 36.800000000000004, 39.400000000000006, 39.2, 39.7, 33.5, 34.300000000000004]"
ga,17,13,1157.1983534558035,100.0,52.2,0.4851,4.6,12.900110180560182,23.003363636363638,10.103253455803456,False,4.4,hospital_corridor,28,12,"[11, 29, 47, 53, 61, 73, 89, 97, 101, 109]","[3.4476052621600957, 3.482398190270911, 1.1042226589006936, 0.5, 1.0]","{""time"": 1.0, ""collisions"": 0.05, ""congestion"": 1.0, ""fairness"": 1.0, ""incomplete_base"": 1000.0, ""incomplete_agent"": 10.0}","[1155.0621666666666, 1172.6785757575758, 1141.059951048951, 1169.100181818182, 1177.6765238095238, 1154.6964545454546, 1152.9053076923076, 1149.9486296296295, 1143.1566666666668, 1155.699076923077]","[100.0, 100.0, 100.0, 100.0, 100.0, 100.0, 100.0, 100.0, 100.0, 100.0]"
ga,17,14,47.66394346477323,32.36,88.2,1.790491083820855,5.5,12.675714285714287,21.77916666666667,9.103452380952382,True,0.0,hospital_corridor,28,12,"[11, 29, 47, 53, 61, 73, 89, 97, 101, 109]","[3.0072714510223437, 3.2301484462611896, 0.894700530494027, 0.5, 1.0]","{""time"": 1.0, ""collisions"": 0.05, ""congestion"": 1.0, ""fairness"": 1.0, ""incomplete_base"": 1000.0, ""incomplete_agent"": 10.0}","[53.26501831501832, 41.714439324116746, 44.304922779922784, 47.08408174344657, 41.16566293183941, 45.10489752863171, 53.81766666666667, 54.092342427687264, 49.5967032967033, 46.49369963369963]","[31.200000000000003, 31.0, 29.6, 30.700000000000003, 30.6, 31.6, 37.5, 37.7, 31.200000000000003, 32.5]"
ga,17,15,1216.7122813776866,100.0,16.0,0.4445,3.8,14.242988824333562,25.710770202020207,11.467781377686643,False,10.4,hospital_corridor,28,12,"[11, 29, 47, 53, 61, 73, 89, 97, 101, 109]","[2.962816455342932, 3.746699984866466, 1.2516925388729965, 0.5, 1.0]","{""time"": 1.0, ""collisions"": 0.05, ""congestion"": 1.0, ""fairness"": 1.0, ""incomplete_base"": 1000.0, ""incomplete_agent"": 10.0}","[1200.2093636363636, 1263.2458701298701, 1201.2013636363636, 1225.4650350877193, 1219.3497368421054, 1194.6148333333333, 1190.4249444444445, 1189.135, 1170.8046666666667, 1312.672]","[100.0, 100.0, 100.0, 100.0, 100.0, 100.0, 100.0, 100.0, 100.0, 100.0]"
ga,17,16,49.20349652329646,34.339999999999996,64.9,1.8050441423440824,5.9,12.908214285714285,22.72166666666667,9.813452380952382,True,0.0,hospital_corridor,28,12,"[11, 29, 47, 53, 61, 73, 89, 97, 101, 109]","[3.039834308850706, 3.622023273678474, 0.8898995930646632, 0.5, 1.0]","{""time"": 1.0, ""collisions"": 0.05, ""congestion"": 1.0, ""fairness"": 1.0, ""incomplete_base"": 1000.0, ""incomplete_agent"": 10.0}","[56.435389610389606, 41.26803278688524, 48.66878344997942, 48.94814169570268, 45.06904761904762, 44.78210530268891, 52.36909523809524, 59.71999208234364, 46.68611364673666, 48.088263801095664]","[38.5, 30.5, 34.7, 32.800000000000004, 30.400000000000002, 31.700000000000003, 37.5, 42.1, 31.3, 33.9]"
ga,17,17,47.771429806631794,33.06,66.2,1.7436917113936907,4.8,12.943928571428572,22.601666666666667,9.657738095238093,True,0.0,hospital_corridor,28,12,"[11, 29, 47, 53, 61, 73, 89, 97, 101, 109]","[3.0010719373387005, 3.55103778607063, 0.9052188945110298, 0.5, 1.0]","{""time"": 1.0, ""collisions"": 0.05, ""congestion"": 1.0, ""fairness"": 1.0, ""incomplete_base"": 1000.0, ""incomplete_agent"": 10.0}","[57.102871148459386, 42.34723991507431, 42.633637873754154, 42.54154722089505, 45.96256181998022, 42.493280871670706, 56.46224489795918, 49.59950454170108, 48.31999545040947, 50.251414326414334]","[35.7, 31.400000000000002, 30.1, 29.900000000000002, 33.7, 29.5, 39.2, 34.6, 31.400000000000002, 35.1]"
ga,17,18,48.532022516071315,34.440000000000005,54.1,1.7273796589284527,5.2,13.135357142857142,22.795,9.659642857142858,True,0.0,hospital_corridor,28,12,"[11, 29, 47, 53, 61, 73, 89, 97, 101, 109]","[2.960640447401218, 3.4078703462741577, 0.9238714261316165, 0.5, 1.0]","{""time"": 1.0, ""collisions"": 0.05, ""congestion"": 1.0, ""fairness"": 1.0, ""incomplete_base"": 1000.0, ""incomplete_agent"": 10.0}","[56.33349056603774, 42.248981191222576, 45.525720351835005, 52.578436426116845, 42.0534960819771, 47.59281660032434, 53.411355311355315, 51.07062410795381, 48.30699492814878, 46.19830959574162]","[37.1, 31.900000000000002, 31.400000000000002, 38.800000000000004, 31.6, 32.300000000000004, 37.7, 36.7, 33.800000000000004, 33.1]"
ga,17,19,51.32444870653151,36.230000000000004,59.2,1.6602820398648395,5.0,13.1725,23.64666666666667,10.474166666666667,True,0.0,hospital_corridor,28,12,"[11, 29, 47, 53, 61, 73, 89, 97, 101, 109]","[2.8662418970377326, 3.4030529243185095, 0.9169373454644885, 0.5, 1.0]","{""time"": 1.0, ""collisions"": 0.05, ""congestion"": 1.0, ""fairness"": 1.0, ""incomplete_base"": 1000.0, ""incomplete_agent"": 10.0}","[64.6231746031746, 42.56484272608126, 44.72692887281495, 50.26135425268373, 42.406641604010034, 44.59172521467604, 54.98573674752921, 65.30862895493769, 54.498846437799926, 49.276607651607655]","[45.0, 32.7, 31.6, 34.6, 32.300000000000004, 30.5, 37.1, 44.7, 38.7, 35.1]"
ga,17,20,52.22366825007492,36.8,62.1,1.7135492024558707,5.6,13.408214285714285,24.013333333333332,10.605119047619048,True,0.0,hospital_corridor,28,12,"[11, 29, 47, 53, 61, 73, 89, 97, 101, 109]","[2.8530292900547667, 3.393895905271624, 0.9214894696494905, 0.5, 1.0]","{""time"": 1.0, ""collisions"": 0.05, ""congestion"": 1.0, ""fairness"": 1.0, ""incomplete_base"": 1000.0, ""incomplete_agent"": 10.0}","[77.91673909107371, 42.16934523809523, 43.864436407474386, 51.12439406900484, 35.48941798941799, 63.537561576354676, 54.208333333333336, 55.48633463310883, 47.08695652173913, 51.35316364114707]","[52.6, 32.0, 31.6, 33.4, 27.0, 43.5, 39.2, 40.300000000000004, 32.2, 36.2]"
ga,17,21,47.049339845033984,32.88000000000001,63.4,1.6988636545577829,5.4,12.920357142857142,22.220833333333335,9.300476190476193,True,0.0,hospital_corridor,28,12,"[11, 29, 47, 53, 61, 73, 89, 97, 101, 109]","[2.973853054384184, 3.417027365321043, 0.9193193019466145, 0.5, 1.0]","{""time"": 1.0, ""collisions"": 0.05, ""congestion"": 1.0, ""fairness"": 1.0, ""incomplete_base"": 1000.0, ""incomplete_agent"": 10.0}","[57.755958549222804, 42.95481415136588, 43.618882056133714, 42.05803979125898, 37.51411064425771, 44.22524287306896, 53.84658054711247, 53.70544217687075, 46.47769541778976, 48.33663224325875]","[38.6, 31.900000000000002, 30.200000000000003, 29.200000000000003, 27.200000000000003, 29.900000000000002, 37.6, 39.2, 31.8, 33.2]"
ga,17,22,51.22522893563654,33.720000000000006,127.8,1.7863003642079598,5.4,12.658571428571431,21.9875,9.328928571428573,True,0.0,hospital_corridor,28,12,"[11, 29, 47, 53, 61, 73, 89, 97, 101, 109]","[3.4818292556024186, 3.404810795010123, 0.9147795250893878, 0.5, 1.0]","{""time"": 1.0, ""collisions"": 0.05, ""congestion"": 1.0, ""fairness"": 1.0, ""incomplete_base"": 1000.0, ""incomplete_agent"": 10.0}","[63.599706457925635, 52.853947709874134, 44.800483503981795, 48.88045404208195, 39.6406048906049, 44.15933971526755, 57.125814536340854, 63.422002294893865, 48.32525676937442, 49.44467943602022]","[36.5, 36.7, 29.3, 30.1, 29.6, 29.1, 38.0, 41.5, 30.6, 35.800000000000004]"
ga,17,23,45.959686153372495,32.7,48.2,1.7355194867058252,4.9,13.005,22.11916666666667,9.114166666666668,True,0.0,hospital_corridor,28,12,"[11, 29, 47, 53, 61, 73, 89, 97, 101, 109]","[2.847689265018116, 3.3766537920327053, 0.9242349905502372, 0.5, 1.0]","{""time"": 1.0, ""collisions"": 0.05, ""congestion"": 1.0, ""fairness"": 1.0, ""incomplete_base"": 1000.0, ""incomplete_agent"": 10.0}","[48.9316920259228, 42.22062877782693, 44.63511904761905, 43.91923937360179, 34.48995819701927, 44.44047231270358, 53.72570136581765, 52.28783068783069, 48.24019607843138, 46.70602366695181]","[33.800000000000004, 32.300000000000004, 32.0, 29.8, 26.200000000000003, 30.700000000000003, 38.7, 37.800000000000004, 32.300000000000004, 33.4]"
ga,18,0,45.959686153372495,32.7,48.2,1.7355194867058252,4.9,13.005,22.11916666666667,9.114166666666668,True,0.0,hospital_corridor,28,12,"[11, 29, 47, 53, 61, 73, 89, 97, 101, 109]","[2.847689265018116, 3.3766537920327053, 0.9242349905502372, 0.5, 1.0]","{""time"": 1.0, ""collisions"": 0.05, ""congestion"": 1.0, ""fairness"": 1.0, ""incomplete_base"": 1000.0, ""incomplete_agent"": 10.0}","[48.9316920259228, 42.22062877782693, 44.63511904761905, 43.91923937360179, 34.48995819701927, 44.44047231270358, 53.72570136581765, 52.28783068783069, 48.24019607843138, 46.70602366695181]","[33.800000000000004, 32.300000000000004, 32.0, 29.8, 26.200000000000003, 30.700000000000003, 38.7, 37.800000000000004, 32.300000000000004, 33.4]"
ga,18,1,45.959686153372495,32.7,48.2,1.7355194867058252,4.9,13.005,22.11916666666667,9.114166666666668,True,0.0,hospital_corridor,28,12,"[11, 29, 47, 53, 61, 73, 89, 97, 101, 109]","[2.847689265018116, 3.3766537920327053, 0.9242349905502372, 0.5, 1.0]","{""time"": 1.0, ""collisions"": 0.05, ""congestion"": 1.0, ""fairness"": 1.0, ""incomplete_base"": 1000.0, ""incomplete_agent"": 10.0}","[48.9316920259228, 42.22062877782693, 44.63511904761905, 43.91923937360179, 34.48995819701927, 44.44047231270358, 53.72570136581765, 52.28783068783069, 48.24019607843138, 46.70602366695181]","[33.800000000000004, 32.300000000000004, 32.0, 29.8, 26.200000000000003, 30.700000000000003, 38.7, 37.800000000000004, 32.300000000000004, 33.4]"
ga,18,2,1189.585523914974,100.0,25.7,0.48040000000000005,4.3,14.473606243756246,27.293730158730163,12.820123914973916,False,7.5,hospital_corridor,28,12,"[11, 29, 47, 53, 61, 73, 89, 97, 101, 109]","[2.605306101865622, 3.4051077828017173, 1.1008843629414446, 0.5, 1.0]","{""time"": 1.0, ""collisions"": 0.05, ""congestion"": 1.0, ""fairness"": 1.0, ""incomplete_base"": 1000.0, ""incomplete_agent"": 10.0}","[1194.0412727272728, 1242.543, 1162.132, 1194.734961038961, 1219.171, 1171.3218333333334, 1164.8841818181818, 1158.5021111111112, 1151.2523076923076, 1237.2725714285714]","[100.0, 100.0, 100.0, 100.0, 100.0, 100.0, 100.0, 100.0, 100.0, 100.0]"
ga,18,3,46.9145949648523,32.970000000000006,57.4,1.7609044886618228,5.3,12.969642857142858,22.28333333333334,9.313690476190477,True,0.0,hospital_corridor,28,12,"[11, 29, 47, 53, 61, 73, 89, 97, 101, 109]","[2.921639541704958, 3.4270920590322396, 0.9218219016242319, 0.5, 1.0]","{""time"": 1.0, ""collisions"": 0.05, ""congestion"": 1.0, ""fairness"": 1.0, ""incomplete_base"": 1000.0, ""incomplete_agent"": 10.0}","[55.7981715338069, 42.0595238095238, 44.08850470124356, 38.9590345727332, 36.05502645502646, 45.321799375487906, 54.47004725554345, 55.98506493506494, 49.070488721804516, 47.3382882882883]","[36.2, 32.0, 31.400000000000002, 29.200000000000003, 27.0, 30.5, 39.300000000000004, 38.5, 32.300000000000004, 33.300000000000004]"
ga,18,4,50.33857172587937,35.760000000000005,64.1,1.7594050592126962,5.5,13.825,23.43916666666667,9.614166666666668,True,0.0,hospital_corridor,28,12,"[11, 29, 47, 53, 61, 73, 89, 97, 101, 109]","[2.8925696186585657, 3.476842356515774, 0.9156322773220116, 0.5, 1.0]","{""time"": 1.0, ""collisions"": 0.05, ""congestion"": 1.0, ""fairness"": 1.0, ""incomplete_base"": 1000.0, ""incomplete_agent"": 10.0}","[63.39300486618005, 41.94002976190477, 44.2773358870362, 51.69162846956964, 51.52764620437035, 43.478736991485334, 52.31536203522505, 53.47400274245824, 46.475983436853, 54.811986863711006]","[41.1, 32.0, 31.700000000000003, 37.4, 37.7, 30.200000000000003, 36.5, 38.2, 32.2, 40.6]"
ga,18,5,52.06296472006292,37.540000000000006,43.4,1.698679005777198,5.0,14.400714285714287,25.055,10.654285714285717,True,0.0,hospital_corridor,28,12,"[11, 29, 47, 53, 61, 73, 89, 97, 101, 109]","[2.410371935711704, 3.4508492215875615, 0.9138216077392555, 0.5, 1.0]","{""time"": 1.0, ""collisions"": 0.05, ""congestion"": 1.0, ""fairness"": 1.0, ""incomplete_base"": 1000.0, ""incomplete_agent"": 10.0}","[59.423686899652566, 43.11168430335097, 50.16345755693581, 54.437832017229006, 37.924052562201354, 52.74298654244307, 57.66093306057507, 56.89780701754387, 51.85667701863354, 56.41053022206389]","[46.6, 32.4, 34.5, 39.800000000000004, 28.900000000000002, 36.800000000000004, 41.900000000000006, 39.900000000000006, 34.5, 40.1]"
ga,18,6,45.959686153372495,32.7,48.2,1.7355194867058252,4.9,13.005,22.11916666666667,9.114166666666668,True,0.0,hospital_corridor,28,12,"[11, 29, 47, 53, 61, 73, 89, 97, 101, 109]","[2.847689265018116, 3.3766537920327053, 0.9242349905502372, 0.5, 1.0]","{""time"": 1.0, ""collisions"": 0.05, ""congestion"": 1.0, ""fairness"": 1.0, ""incomplete_base"": 1000.0, ""incomplete_agent"": 10.0}","[48.9316920259228, 42.22062877782693, 44.63511904761905, 43.91923937360179, 34.48995819701927, 44.44047231270358, 53.72570136581765, 52.28783068783069, 48.24019607843138, 46.70602366695181]","[33.800000000000004, 32.300000000000004, 32.0, 29.8, 26.200000000000003, 30.700000000000003, 38.7, 37.800000000000004, 32.300000000000004, 33.4]"
ga,18,7,113.29224687726501,29.71,1444.4,1.913794496312621,5.8,11.083214285714288,20.531666666666666,9.448452380952384,True,0.0,hospital_corridor,28,12,"[11, 29, 47, 53, 61, 73, 89, 97, 101, 109]","[3.4169981697611176, 3.2288405203642694, 0.7137453920717309, 0.5, 1.0]","{""time"": 1.0, ""collisions"": 0.05, ""congestion"": 1.0, ""fairness"": 1.0, ""incomplete_base"": 1000.0, ""incomplete_agent"": 10.0}","[151.34892486406326, 151.40171154723873, 81.59361097380129, 134.92439874939876, 104.75880721220527, 84.23616883116884, 109.27569002123143, 115.40821923018407, 109.90588972431078, 90.06904761904761]","[28.900000000000002, 31.3, 28.900000000000002, 29.700000000000003, 30.900000000000002, 27.5, 31.400000000000002, 31.3, 28.5, 28.700000000000003]"
ga,18,8,51.1045947389417,35.83,64.7,1.6147137865607462,5.4,13.094285714285714,23.519166666666667,10.424880952380953,True,0.0,hospital_corridor,28,12,"[11, 29, 47, 53, 61, 73, 89, 97, 101, 109]","[2.8902587863250457, 3.3487846504308925, 0.9206545569119741, 0.5, 1.0]","{""time"": 1.0, ""collisions"": 0.05, ""congestion"": 1.0, ""fairness"": 1.0, ""incomplete_base"": 1000.0, ""incomplete_agent"": 10.0}","[67.31223091976517, 41.65495718792249, 44.00599029420685, 70.10979703356753, 34.97939244663383, 49.56785714285715, 54.9999723145072, 52.8031328320802, 47.02301587301587, 48.58960134486072]","[43.800000000000004, 31.700000000000003, 31.400000000000002, 48.800000000000004, 26.1, 33.6, 38.7, 38.0, 31.5, 34.7]"
ga,18,9,48.715386841563316,33.88,61.1,1.6574106510871265,4.8,12.682857142857143,22.805833333333332,10.12297619047619,True,0.0,hospital_corridor,28,12,"[11, 29, 47, 53, 61, 73, 89, 97, 101, 109]","[2.964701929715414, 3.349480118399124, 0.927187165984123, 0.5, 1.0]","{""time"": 1.0, ""collisions"": 0.05, ""congestion"": 1.0, ""fairness"": 1.0, ""incomplete_base"": 1000.0, ""incomplete_agent"": 10.0}","[74.14127157413185, 42.489815644126, 42.775027144408256, 42.65726310726311, 41.07823129251701, 43.7748746867168, 52.904612316130645, 54.61525297619048, 46.581264262893654, 46.13625541125541]","[45.800000000000004, 31.900000000000002, 30.700000000000003, 29.700000000000003, 29.400000000000002, 30.400000000000002, 38.2, 38.400000000000006, 31.3, 33.0]"
ga,18,10,47.24835269964859,33.400000000000006,54.8,1.7281146044104851,5.2,13.038928571428574,22.41916666666667,9.380238095238095,True,0.0,hospital_corridor,28,12,"[11, 29, 47, 53, 61, 73, 89, 97, 101, 109]","[2.8696536264276484, 3.387935875340721, 0.9240025286532917, 0.5, 1.0]","{""time"": 1.0, ""collisions"": 0.05, ""congestion"": 1.0, ""fairness"": 1.0, ""incomplete_base"": 1000.0, ""incomplete_agent"": 10.0}","[49.102489177489176, 41.64017017465294, 46.10008818342151, 44.23676893576222, 35.04090296495957, 46.91786786786787, 61.43505747126437, 54.10849288168877, 48.20553830227744, 45.696151037101956]","[33.0, 31.900000000000002, 32.4, 29.8, 26.5, 33.300000000000004, 43.5, 38.800000000000004, 32.2, 32.6]"
ga,18,11,184.74819264340712,30.32,2870.4,2.0743831195976035,6.3,11.652857142857146,20.48666666666667,8.833809523809524,True,0.0,hospital_corridor,28,12,"[11, 29, 47, 53, 61, 73, 89, 97, 101, 109]","[3.306936581017649, 3.3965882629661417, 0.6000507261727388, 0.5, 1.0]","{""time"": 1.0, ""collisions"": 0.05, ""congestion"": 1.0, ""fairness"": 1.0, ""incomplete_base"": 1000.0, ""incomplete_agent"": 10.0}","[210.09080086580087, 190.54623015873017, 152.80262811006756, 201.4122515025428, 167.6709758551308, 137.98509316770188, 198.23192239858906, 249.88164924506393, 165.7119624320316, 173.1484126984127]","[33.0, 28.8, 28.900000000000002, 30.900000000000002, 28.400000000000002, 27.6, 32.4, 32.800000000000004, 28.900000000000002, 31.5]"
ga,18,12,45.959686153372495,32.7,48.2,1.7355194867058252,4.9,13.005,22.11916666666667,9.114166666666668,True,0.0,hospital_corridor,28,12,"[11, 29, 47, 53, 61, 73, 89, 97, 101, 109]","[2.847689265018116, 3.3766537920327053, 0.9242349905502372, 0.5, 1.0]","{""time"": 1.0, ""collisions"": 0.05, ""congestion"": 1.0, ""fairness"": 1.0, ""incomplete_base"": 1000.0, ""incomplete_agent"": 10.0}","[48.9316920259228, 42.22062877782693, 44.63511904761905, 43.91923937360179, 34.48995819701927, 44.44047231270358, 53.72570136581765, 52.28783068783069, 48.24019607843138, 46.70602366695181]","[33.800000000000004, 32.300000000000004, 32.0, 29.8, 26.200000000000003, 30.700000000000003, 38.7, 37.800000000000004, 32.300000000000004, 33.4]"
ga,18,13,46.845159806045814,33.589999999999996,35.3,1.753493139379156,5.4,13.0375,22.774166666666666,9.736666666666668,True,0.0,hospital_corridor,28,12,"[11, 29, 47, 53, 61, 73, 89, 97, 101, 109]","[2.847689265018116, 3.836566520726097, 0.9242349905502372, 0.5, 1.0]","{""time"": 1.0, ""collisions"": 0.05, ""congestion"": 1.0, ""fairness"": 1.0, ""incomplete_base"": 1000.0, ""incomplete_agent"": 10.0}","[57.513685909146275, 43.42712277682158, 43.80220012055455, 40.002595954769866, 34.19500547345375, 44.756049960968, 53.189120455380106, 55.67539187744923, 48.12971124620061, 47.760714285714286]","[39.1, 33.2, 31.6, 29.900000000000002, 26.1, 30.5, 38.900000000000006, 40.1, 32.9, 33.6]"
ga,18,14,48.51059740153454,34.09,56.3,1.7959545443916851,5.6,13.047857142857143,22.857499999999998,9.809642857142858,True,0.0,hospital_corridor,28,12,"[11, 29, 47, 53, 61, 73, 89, 97, 101, 109]","[2.96860292473278, 3.4912064117667136, 0.913380375288142, 0.5, 1.0]","{""time"": 1.0, ""collisions"": 0.05, ""congestion"": 1.0, ""fairness"": 1.0, ""incomplete_base"": 1000.0, ""incomplete_agent"": 10.0}","[52.148167949814656, 40.71388888888889, 43.87003005085529, 46.29426167943518, 47.67760243632337, 43.746144749290444, 51.38214285714286, 53.54038437997308, 54.774616368286445, 50.95873465533522]","[33.4, 31.5, 30.900000000000002, 31.700000000000003, 34.4, 30.200000000000003, 35.5, 38.900000000000006, 39.1, 35.300000000000004]"
ga,18,15,48.94056970270654,34.050000000000004,65.3,1.658783988420825,5.3,12.500714285714286,22.4675,9.966785714285717,True,0.0,hospital_corridor,28,12,"[11, 29, 47, 53, 61, 73, 89, 97, 101, 109]","[2.9931094600071386, 3.4677017205780736, 0.8854412454725064, 0.5, 1.0]","{""time"": 1.0, ""collisions"": 0.05, ""congestion"": 1.0, ""fairness"": 1.0, ""incomplete_base"": 1000.0, ""incomplete_agent"": 10.0}","[58.14349816849816, 50.979643868878995, 42.94590254706534, 44.88196347031964, 39.29543189368771, 49.31009852216749, 53.22338095238096, 55.35317157397311, 49.94730207872624, 45.32530395136778]","[39.0, 35.300000000000004, 30.1, 29.200000000000003, 30.1, 34.800000000000004, 37.5, 39.300000000000004, 32.300000000000004, 32.9]"
ga,18,16,50.65799176787759,33.50000000000001,125.5,1.707039386925194,5.5,12.845714285714285,22.02166666666667,9.175952380952385,True,0.0,hospital_corridor,28,12,"[11, 29, 47, 53, 61, 73, 89, 97, 101, 109]","[2.924878232741368, 3.4575837561968137, 0.8586618236638928, 0.5, 1.0]","{""time"": 1.0, ""collisions"": 0.05, ""congestion"": 1.0, ""fairness"": 1.0, ""incomplete_base"": 1000.0, ""incomplete_agent"": 10.0}","[81.00432692307692, 42.04203296703297, 44.2023278738247, 41.6679773929774, 41.61591915836102, 44.640006979990694, 53.211449973247724, 51.404271708683474, 54.89268051434224, 51.89892418723864]","[41.6, 31.200000000000003, 31.400000000000002, 29.700000000000003, 30.1, 30.700000000000003, 35.6, 35.7, 33.7, 35.300000000000004]"
ga,18,17,60.09882269573566,34.010000000000005,304.8,1.7310846004975584,5.8,12.633928571428573,21.751666666666672,9.117738095238098,True,0.0,hospital_corridor,28,12,"[11, 29, 47, 53, 61, 73, 89, 97, 101, 109]","[2.858553640418847, 3.3936676689049956, 0.792296910437556, 0.5, 1.0]","{""time"": 1.0, ""collisions"": 0.05, ""congestion"": 1.0, ""fairness"": 1.0, ""incomplete_base"": 1000.0, ""incomplete_agent"": 10.0}","[75.08160173160174, 46.94731853906612, 55.05022522522523, 72.83633540372672, 48.209481418680234, 53.74852941176471, 57.93408649173956, 77.16592664092666, 62.23152656561017, 51.78319552901547]","[33.0, 30.900000000000002, 29.6, 41.400000000000006, 33.7, 30.6, 34.300000000000004, 44.400000000000006, 31.1, 31.1]"
ga,18,18,52.842426769661124,34.57000000000001,140.7,1.7192124839468328,5.2,12.504285714285716,22.0225,9.518214285714286,True,0.0,hospital_corridor,28,12,"[11, 29, 47, 53, 61, 73, 89, 97, 101, 109]","[3.5127178970198276, 3.399483845206421, 0.9278532750846005, 0.5, 1.0]","{""time"": 1.0, ""collisions"": 0.05, ""congestion"": 1.0, ""fairness"": 1.0, ""incomplete_base"": 1000.0, ""incomplete_agent"": 10.0}","[83.65367803837954, 71.4619702003423, 41.95748587570622, 46.39359716859717, 39.672417271993545, 42.70042016806723, 51.49578701797722, 53.77310167310167, 45.71290849673203, 51.60290178571429]","[40.2, 47.300000000000004, 29.5, 29.6, 29.5, 28.900000000000002, 34.7, 37.0, 30.6, 38.400000000000006]"
ga,18,19,1124.214126686125,88.42,17.8,0.661403476001597,4.5,20.166307092907097,35.409030303030306,15.242723210123211,False,1.9,hospital_corridor,28,12,"[11, 29, 47, 53, 61, 73, 89, 97, 101, 109]","[1.4252330349405131, 3.381980741836407, 0.9289321970043332, 0.5, 1.0]","{""time"": 1.0, ""collisions"": 0.05, ""congestion"": 1.0, ""fairness"": 1.0, ""incomplete_base"": 1000.0, ""incomplete_agent"": 10.0}","[1127.4554285714287, 1171.619181818182, 84.95200926524456, 72.38378489326766, 1151.1936666666666, 1116.8842597402597, 1157.5255524475524, 1144.7757142857142, 73.58552631578948, 1141.7661428571428]","[100.0, 100.0, 66.3, 60.900000000000006, 100.0, 100.0, 100.0, 100.0, 57.0, 100.0]"
ga,18,20,45.959686153372495,32.7,48.2,1.7355194867058252,4.9,13.005,22.11916666666667,9.114166666666668,True,0.0,hospital_corridor,28,12,"[11, 29, 47, 53, 61, 73, 89, 97, 101, 109]","[2.847689265018116, 3.3766537920327053, 0.9242349905502372, 0.5, 1.0]","{""time"": 1.0, ""collisions"": 0.05, ""congestion"": 1.0, ""fairness"": 1.0, ""incomplete_base"": 1000.0, ""incomplete_agent"": 10.0}","[48.9316920259228, 42.22062877782693, 44.63511904761905, 43.91923937360179, 34.48995819701927, 44.44047231270358, 53.72570136581765, 52.28783068783069, 48.24019607843138, 46.70602366695181]","[33.800000000000004, 32.300000000000004, 32.0, 29.8, 26.200000000000003, 30.700000000000003, 38.7, 37.800000000000004, 32.300000000000004, 33.4]"
ga,18,21,48.52000728971238,34.89,42.9,1.695602527807616,5.1,13.563928571428573,23.353333333333335,9.789404761904763,True,0.0,hospital_corridor,28,12,"[11, 29, 47, 53, 61, 73, 89, 97, 101, 109]","[2.847689265018116, 3.809671216919484, 0.9242349905502372, 0.5, 1.0]","{""time"": 1.0, ""collisions"": 0.05, ""congestion"": 1.0, ""fairness"": 1.0, ""incomplete_base"": 1000.0, ""incomplete_agent"": 10.0}","[60.22735294117647, 42.793271221532095, 43.76593406593407, 42.168438808748256, 34.32445887445888, 42.77824967824968, 54.37419818827274, 71.0787619047619, 44.11566771819139, 49.57373949579832]","[42.5, 32.2, 31.200000000000003, 30.700000000000003, 26.400000000000002, 29.6, 38.900000000000006, 50.0, 31.700000000000003, 35.7]"
ga,18,22,49.79469213521931,35.04,64.6,1.6190968971240753,5.1,13.22607142857143,23.131666666666668,9.90559523809524,True,0.0,hospital_corridor,28,12,"[11, 29, 47, 53, 61, 73, 89, 97, 101, 109]","[2.8913454469307074, 3.4094966472488215, 0.9240219317882546, 0.5, 1.0]","{""time"": 1.0, ""collisions"": 0.05, ""congestion"": 1.0, ""fairness"": 1.0, ""incomplete_base"": 1000.0, ""incomplete_agent"": 10.0}","[51.98028866413823, 42.38139329805996, 44.21604882459313, 63.59856321839081, 40.20717821782178, 48.50298175344905, 53.062700468788556, 52.746753246753244, 46.652923447860154, 54.59809021233823]","[33.9, 32.4, 31.6, 43.5, 30.3, 32.1, 38.6, 38.5, 31.6, 37.9]"
ga,18,23,51.94129510272251,36.260000000000005,82.4,1.72034272177013,5.5,13.560714285714289,23.40166666666667,9.840952380952382,True,0.0,hospital_corridor,28,12,"[11, 29, 47, 53, 61, 73, 89, 97, 101, 109]","[2.9301968724715923, 3.3841845101049266, 0.919532360708597, 0.5, 1.0]","{""time"": 1.0, ""collisions"": 0.05, ""congestion"": 1.0, ""fairness"": 1.0, ""incomplete_base"": 1000.0, ""incomplete_agent"": 10.0}","[62.750595238095244, 41.90048887893716, 43.64675324675325, 56.79551671732523, 34.32848932676519, 46.83298534798534, 54.176281352235556, 55.26035714285714, 71.01178266178268, 52.709701114488354]","[40.0, 31.900000000000002, 30.8, 37.6, 26.1, 32.5, 39.300000000000004, 40.0, 46.800000000000004, 37.6]"
ga,19,0,45.959686153372495,32.7,48.2,1.7355194867058252,4.9,13.005,22.11916666666667,9.114166666666668,True,0.0,hospital_corridor,28,12,"[11, 29, 47, 53, 61, 73, 89, 97, 101, 109]","[2.847689265018116, 3.3766537920327053, 0.9242349905502372, 0.5, 1.0]","{""time"": 1.0, ""collisions"": 0.05, ""congestion"": 1.0, ""fairness"": 1.0, ""incomplete_base"": 1000.0, ""incomplete_agent"": 10.0}","[48.9316920259228, 42.22062877782693, 44.63511904761905, 43.91923937360179, 34.48995819701927, 44.44047231270358, 53.72570136581765, 52.28783068783069, 48.24019607843138, 46.70602366695181]","[33.800000000000004, 32.300000000000004, 32.0, 29.8, 26.200000000000003, 30.700000000000003, 38.7, 37.800000000000004, 32.300000000000004, 33.4]"
ga,19,1,45.959686153372495,32.7,48.2,1.7355194867058252,4.9,13.005,22.11916666666667,9.114166666666668,True,0.0,hospital_corridor,28,12,"[11, 29, 47, 53, 61, 73, 89, 97, 101, 109]","[2.847689265018116, 3.3766537920327053, 0.9242349905502372, 0.5, 1.0]","{""time"": 1.0, ""collisions"": 0.05, ""congestion"": 1.0, ""fairness"": 1.0, ""incomplete_base"": 1000.0, ""incomplete_agent"": 10.0}","[48.9316920259228, 42.22062877782693, 44.63511904761905, 43.91923937360179, 34.48995819701927, 44.44047231270358, 53.72570136581765, 52.28783068783069, 48.24019607843138, 46.70602366695181]","[33.800000000000004, 32.300000000000004, 32.0, 29.8, 26.200000000000003, 30.700000000000003, 38.7, 37.800000000000004, 32.300000000000004, 33.4]"
ga,19,2,51.80318460740989,33.480000000000004,145.7,1.706517940743223,5.4,12.537500000000003,21.86916666666667,9.331666666666667,True,0.0,hospital_corridor,28,12,"[11, 29, 47, 53, 61, 73, 89, 97, 101, 109]","[2.8528011304036722, 3.3804814714559606, 0.8282859751690679, 0.5, 1.0]","{""time"": 1.0, ""collisions"": 0.05, ""congestion"": 1.0, ""fairness"": 1.0, ""incomplete_base"": 1000.0, ""incomplete_agent"": 10.0}","[67.07069034317638, 50.84308663224326, 43.33557585825028, 58.738771399798594, 45.50151515151515, 46.50542159538975, 55.07682396866202, 50.35804904051173, 50.058608941969084, 50.54330314258269]","[35.800000000000004, 33.2, 30.1, 33.1, 33.0, 31.400000000000002, 38.900000000000006, 33.5, 31.1, 34.7]"
ga,19,3,1213.6252430765196,39.1,3244.7,1.8032625570391303,5.7,12.661428571428573,22.14840909090909,9.486980519480522,False,0.1,hospital_corridor,28,12,"[11, 29, 47, 53, 61, 73, 89, 97, 101, 109]","[2.7146307803924716, 3.3841081959174657, 0.5131058789832492, 0.5, 1.0]","{""time"": 1.0, ""collisions"": 0.05, ""congestion"": 1.0, ""fairness"": 1.0, ""incomplete_base"": 1000.0, ""incomplete_agent"": 10.0}","[1332.3995194805195, 208.71402675873978, 168.8466666666667, 225.3619162455979, 191.94421768707485, 159.63381206575158, 216.0322380952381, 234.75627705627704, 213.02574404761907, 185.53801266171212]","[100.0, 33.1, 30.0, 31.1, 29.400000000000002, 28.1, 37.5, 35.2, 32.0, 34.6]"
ga,19,4,50.06988540619933,34.91000000000001,73.0,1.6984568347707547,4.9,13.243571428571428,23.055000000000003,9.811428571428571,True,0.0,hospital_corridor,28,12,"[11, 29, 47, 53, 61, 73, 89, 97, 101, 109]","[2.9113856480458735, 3.4165961370912603, 0.9086771111653178, 0.5, 1.0]","{""time"": 1.0, ""collisions"": 0.05, ""congestion"": 1.0, ""fairness"": 1.0, ""incomplete_base"": 1000.0, ""incomplete_agent"": 10.0}","[64.21628709454797, 41.731746031746034, 41.752242524916944, 42.688166193629776, 47.73830532212885, 42.90901360544218, 51.916284695696454, 60.15480535279805, 52.807142857142864, 54.78486038394416]","[41.400000000000006, 31.5, 30.1, 30.200000000000003, 35.7, 29.400000000000002, 37.4, 41.1, 34.1, 38.2]"
ga,19,5,50.29973268344185,34.42,88.8,1.6846136358228083,5.3,12.765714285714287,22.520833333333336,9.755119047619049,True,0.0,hospital_corridor,28,12,"[11, 29, 47, 53, 61, 73, 89, 97, 101, 109]","[2.8611818497136103, 3.4176414111382587, 0.8742197030488121, 0.5, 1.0]","{""time"": 1.0, ""collisions"": 0.05, ""congestion"": 1.0, ""fairness"": 1.0, ""incomplete_base"": 1000.0, ""incomplete_agent"": 10.0}","[73.52326956700608, 41.75664362519201, 43.49261981319859, 43.002994599901825, 43.02650183150183, 43.66907979407979, 56.60998312710911, 58.628853144311165, 52.594632414369265, 46.69274891774893]","[46.300000000000004, 31.0, 31.1, 29.1, 32.5, 29.6, 38.1, 39.300000000000004, 34.2, 33.0]"
ga,19,6,51.3789498151596,36.45,49.5,1.68835457706436,5.2,13.22107142857143,23.986666666666668,10.765595238095239,True,0.0,hospital_corridor,28,12,"[11, 29, 47, 53, 61, 73, 89, 97, 101, 109]","[2.8755538197495056, 3.76120211570537, 0.9166391143313944, 0.5, 1.0]","{""time"": 1.0, ""collisions"": 0.05, ""congestion"": 1.0, ""fairness"": 1.0, ""incomplete_base"": 1000.0, ""incomplete_agent"": 10.0}","[62.120814132104464, 43.116425650014605, 45.1714135021097, 72.73665413533834, 34.68228825881498, 44.60267857142857, 53.79019010705057, 62.7920523138833, 47.73925254312252, 47.03772893772894]","[43.400000000000006, 32.6, 31.6, 51.300000000000004, 26.200000000000003, 32.0, 38.7, 42.6, 32.300000000000004, 33.800000000000004]"
ga,19,7,49.75680010023302,34.72,65.9,1.753109624042554,5.3,13.364642857142858,23.353333333333335,9.988690476190474,True,0.0,hospital_corridor,28,12,"[11, 29, 47, 53, 61, 73, 89, 97, 101, 109]","[2.8647050639271763, 3.4002074170308885, 0.9232281535408542, 0.5, 1.0]","{""time"": 1.0, ""collisions"": 0.05, ""congestion"": 1.0, ""fairness"": 1.0, ""incomplete_base"": 1000.0, ""incomplete_agent"": 10.0}","[61.77883022774328, 41.5644847528917, 43.94354838709678, 44.81190476190476, 35.15, 57.43047229791099, 54.23636250311643, 53.2122226377462, 47.41909171075838, 58.02108372316181]","[41.400000000000006, 31.700000000000003, 31.0, 31.5, 26.400000000000002, 36.7, 38.2, 38.2, 32.4, 39.7]"
ga,19,8,46.845159806045814,33.589999999999996,35.3,1.753493139379156,5.4,13.0375,22.774166666666666,9.736666666666668,True,0.0,hospital_corridor,28,12,"[11, 29, 47, 53, 61, 73, 89, 97, 101, 109]","[2.847689265018116, 3.836566520726097, 0.9242349905502372, 0.5, 1.0]","{""time"": 1.0, ""collisions"": 0.05, ""congestion"": 1.0, ""fairness"": 1.0, ""incomplete_base"": 1000.0, ""incomplete_agent"": 10.0}","[57.513685909146275, 43.42712277682158, 43.80220012055455, 40.002595954769866, 34.19500547345375, 44.756049960968, 53.189120455380106, 55.67539187744923, 48.12971124620061, 47.760714285714286]","[39.1, 33.2, 31.6, 29.900000000000002, 26.1, 30.5, 38.900000000000006, 40.1, 32.9, 33.6]"
ga,19,9,45.959686153372495,32.7,48.2,1.7355194867058252,4.9,13.005,22.11916666666667,9.114166666666668,True,0.0,hospital_corridor,28,12,"[11, 29, 47, 53, 61, 73, 89, 97, 101, 109]","[2.847689265018116, 3.3766537920327053, 0.9242349905502372, 0.5, 1.0]","{""time"": 1.0, ""collisions"": 0.05, ""congestion"": 1.0, ""fairness"": 1.0, ""incomplete_base"": 1000.0, ""incomplete_agent"": 10.0}","[48.9316920259228, 42.22062877782693, 44.63511904761905, 43.91923937360179, 34.48995819701927, 44.44047231270358, 53.72570136581765, 52.28783068783069, 48.24019607843138, 46.70602366695181]","[33.800000000000004, 32.300000000000004, 32.0, 29.8, 26.200000000000003, 30.700000000000003, 38.7, 37.800000000000004, 32.300000000000004, 33.4]"
ga,19,10,50.22167352742328,35.660000000000004,48.9,1.687506860756605,5.3,13.437500000000004,23.866666666666667,10.429166666666667,True,0.0,hospital_corridor,28,12,"[11, 29, 47, 53, 61, 73, 89, 97, 101, 109]","[2.591475805089744, 3.371927544579638, 0.9174521300270033, 0.5, 1.0]","{""time"": 1.0, ""collisions"": 0.05, ""congestion"": 1.0, ""fairness"": 1.0, ""incomplete_base"": 1000.0, ""incomplete_agent"": 10.0}","[65.07029207864531, 42.3625786163522, 46.324420849420854, 43.97536231884058, 46.68728354978355, 48.389729501267965, 57.447353213129915, 51.81630789302022, 51.93854410616706, 48.20486314760508]","[41.900000000000006, 31.8, 33.300000000000004, 32.2, 35.2, 33.800000000000004, 41.2, 36.5, 36.6, 34.1]"
ga,19,11,50.2957016094189,36.040000000000006,46.4,1.710463514180794,5.1,13.781428571428574,24.006666666666668,10.225238095238096,True,0.0,hospital_corridor,28,12,"[11, 29, 47, 53, 61, 73, 89, 97, 101, 109]","[2.666585395640076, 3.5756290673362434, 0.9206044682624892, 0.5, 1.0]","{""time"": 1.0, ""collisions"": 0.05, ""congestion"": 1.0, ""fairness"": 1.0, ""incomplete_base"": 1000.0, ""incomplete_agent"": 10.0}","[63.109463877084025, 44.50386070315977, 45.37389689820883, 43.12712477396022, 36.404958890030834, 54.51355450809766, 58.71190476190476, 54.40901619531061, 54.002146760343486, 48.801088726088736]","[43.7, 32.1, 32.7, 31.6, 27.8, 39.400000000000006, 42.0, 39.400000000000006, 36.6, 35.1]"
ga,19,12,46.845159806045814,33.589999999999996,35.3,1.753493139379156,5.4,13.0375,22.774166666666666,9.736666666666668,True,0.0,hospital_corridor,28,12,"[11, 29, 47, 53, 61, 73, 89, 97, 101, 109]","[2.847689265018116, 3.836566520726097, 0.9242349905502372, 0.5, 1.0]","{""time"": 1.0, ""collisions"": 0.05, ""congestion"": 1.0, ""fairness"": 1.0, ""incomplete_base"": 1000.0, ""incomplete_agent"": 10.0}","[57.513685909146275, 43.42712277682158, 43.80220012055455, 40.002595954769866, 34.19500547345375, 44.756049960968, 53.189120455380106, 55.67539187744923, 48.12971124620061, 47.760714285714286]","[39.1, 33.2, 31.6, 29.900000000000002, 26.1, 30.5, 38.900000000000006, 40.1, 32.9, 33.6]"
ga,19,13,46.845159806045814,33.589999999999996,35.3,1.753493139379156,5.4,13.0375,22.774166666666666,9.736666666666668,True,0.0,hospital_corridor,28,12,"[11, 29, 47, 53, 61, 73, 89, 97, 101, 109]","[2.847689265018116, 3.836566520726097, 0.9242349905502372, 0.5, 1.0]","{""time"": 1.0, ""collisions"": 0.05, ""congestion"": 1.0, ""fairness"": 1.0, ""incomplete_base"": 1000.0, ""incomplete_agent"": 10.0}","[57.513685909146275, 43.42712277682158, 43.80220012055455, 40.002595954769866, 34.19500547345375, 44.756049960968, 53.189120455380106, 55.67539187744923, 48.12971124620061, 47.760714285714286]","[39.1, 33.2, 31.6, 29.900000000000002, 26.1, 30.5, 38.900000000000006, 40.1, 32.9, 33.6]"
ga,19,14,58.305257796973414,34.839999999999996,230.1,1.7306149398305597,5.5,12.822857142857142,23.052500000000002,10.229642857142858,True,0.0,hospital_corridor,28,12,"[11, 29, 47, 53, 61, 73, 89, 97, 101, 109]","[2.4596044184789365, 3.3951455376349644, 0.7956748554558506, 0.5, 1.0]","{""time"": 1.0, ""collisions"": 0.05, ""congestion"": 1.0, ""fairness"": 1.0, ""incomplete_base"": 1000.0, ""incomplete_agent"": 10.0}","[74.87488769092542, 63.38413508260449, 49.484394721744124, 58.44090978244333, 40.458795038928116, 56.58992568125517, 61.995210832424576, 63.26791709489551, 56.822101449275365, 57.7343005952381]","[37.1, 34.300000000000004, 33.2, 31.3, 26.3, 34.6, 39.300000000000004, 41.7, 32.2, 38.400000000000006]"
ga,19,15,52.72316479222742,37.39,68.0,1.7049505065131332,5.6,13.584285714285716,23.8125,10.228214285714287,True,0.0,hospital_corridor,28,12,"[11, 29, 47, 53, 61, 73, 89, 97, 101, 109]","[2.7984567822508835, 3.432357475985303, 0.916151342865254, 0.5, 1.0]","{""time"": 1.0, ""collisions"": 0.05, ""congestion"": 1.0, ""fairness"": 1.0, ""incomplete_base"": 1000.0, ""incomplete_agent"": 10.0}","[85.83116810482584, 42.65021645021645, 45.57589558759284, 49.23899535423926, 44.360836475352606, 43.990715082019435, 56.21755722854695, 55.090914786967424, 53.3491851285969, 50.92616372391654]","[59.6, 33.0, 32.7, 32.800000000000004, 34.1, 29.900000000000002, 38.900000000000006, 39.900000000000006, 37.4, 35.6]"
ga,19,16,49.52028797269618,35.1,59.9,1.941240353648563,5.5,13.674285714285713,23.15833333333334,9.484047619047619,True,0.0,hospital_corridor,28,12,"[11, 29, 47, 53, 61, 73, 89, 97, 101, 109]","[2.966637622942264, 3.790554791060599, 0.9226427845563928, 0.5, 1.0]","{""time"": 1.0, ""collisions"": 0.05, ""congestion"": 1.0, ""fairness"": 1.0, ""incomplete_base"": 1000.0, ""incomplete_agent"": 10.0}","[79.41044461983688, 42.28322784810126, 44.801850166818326, 44.885916442048526, 34.86578947368422, 43.77465986394558, 52.442190476190476, 54.09090157914066, 51.38778020957687, 47.26011904761905]","[54.300000000000004, 31.6, 31.400000000000002, 31.8, 26.6, 29.400000000000002, 37.5, 38.900000000000006, 35.9, 33.6]"
ga,19,17,1208.1603862657091,39.34,3126.1,1.8351048804276615,5.9,12.379642857142859,22.05992424242424,9.680281385281386,False,0.1,hospital_corridor,28,12,"[11, 29, 47, 53, 61, 73, 89, 97, 101, 109]","[2.8496545668086317, 3.5103228376255986, 0.5, 0.5, 1.0]","{""time"": 1.0, ""collisions"": 0.05, ""congestion"": 1.0, ""fairness"": 1.0, ""incomplete_base"": 1000.0, ""incomplete_agent"": 10.0}","[1307.118194805195, 195.677528532074, 165.42770270270273, 213.45305897193316, 195.37336769759452, 186.78620933521924, 211.336583011583, 241.49110644257703, 192.0638888888889, 172.87622226932316]","[100.0, 36.300000000000004, 29.6, 30.200000000000003, 29.1, 30.3, 37.0, 35.7, 31.5, 33.7]"
ga,19,18,59.29395734246125,35.73,246.3,1.678600199604102,5.0,13.389642857142857,22.96,9.570357142857143,True,0.0,hospital_corridor,28,12,"[11, 29, 47, 53, 61, 73, 89, 97, 101, 109]","[2.848829120696609, 2.4246207386188523, 0.920724087876303, 0.5, 1.0]","{""time"": 1.0, ""collisions"": 0.05, ""congestion"": 1.0, ""fairness"": 1.0, ""incomplete_base"": 1000.0, ""incomplete_agent"": 10.0}","[85.27890902629709, 50.753108886866855, 48.7515873015873, 67.67209753992232, 51.207936507936516, 50.8702380952381, 60.94549210429673, 54.919451003541916, 58.21803350970017, 64.32271944922547]","[40.2, 31.400000000000002, 31.5, 33.1, 41.400000000000006, 30.6, 38.900000000000006, 36.300000000000004, 32.4, 41.5]"
ga,19,19,1160.8388842851593,93.52000000000001,32.5,0.6040068181818182,4.0,14.68858212898213,26.7784595959596,12.089877466977466,False,5.3,hospital_corridor,28,12,"[11, 29, 47, 53, 61, 73, 89, 97, 101, 109]","[2.8914297629800725, 3.4220820584129115, 1.1302728953977657, 0.5, 1.0]","{""time"": 1.0, ""collisions"": 0.05, ""congestion"": 1.0, ""fairness"": 1.0, ""incomplete_base"": 1000.0, ""incomplete_agent"": 10.0}","[1154.2323333333334, 1227.0056262626263, 1173.3103333333333, 1172.7423333333334, 1180.3569047619048, 1153.3386363636364, 1137.0211538461538, 1167.5460854700855, 47.32616341991342, 1195.5092727272727]","[100.0, 100.0, 100.0, 100.0, 100.0, 100.0, 100.0, 100.0, 35.2, 100.0]"
ga,19,20,48.6524827712756,33.26,89.8,1.704625628418452,4.9,13.202142857142857,22.4,9.197857142857142,True,0.0,hospital_corridor,28,12,"[11, 29, 47, 53, 61, 73, 89, 97, 101, 109]","[2.865189084664994, 3.0567335411506766, 0.92403721119226, 0.5, 1.0]","{""time"": 1.0, ""collisions"": 0.05, ""congestion"": 1.0, ""fairness"": 1.0, ""incomplete_base"": 1000.0, ""incomplete_agent"": 10.0}","[68.4271497088044, 42.16329427670122, 45.792857142857144, 42.317009077878645, 35.14114499732477, 46.51166666666667, 57.52449198188273, 52.70554254488681, 49.47334368530021, 46.46832763045338]","[41.7, 31.700000000000003, 31.5, 29.900000000000002, 26.700000000000003, 30.0, 38.900000000000006, 36.6, 32.2, 33.4]"
ga,19,21,47.32264784512084,33.82000000000001,50.1,1.6822907022636868,4.9,13.11464285714286,22.43,9.315357142857144,True,0.0,hospital_corridor,28,12,"[11, 29, 47, 53, 61, 73, 89, 97, 101, 109]","[2.85215380678077, 3.3847248037764577, 0.9242003080112688, 0.5, 1.0]","{""time"": 1.0, ""collisions"": 0.05, ""congestion"": 1.0, ""fairness"": 1.0, ""incomplete_base"": 1000.0, ""incomplete_agent"": 10.0}","[50.28766464032421, 42.32023809523809, 44.83241239892183, 46.55595238095238, 35.164912280701756, 44.450770308123246, 53.77122964068134, 52.72594675665542, 55.43976722202529, 47.67758472758473]","[32.9, 32.4, 31.8, 33.9, 26.6, 30.6, 38.300000000000004, 38.1, 40.300000000000004, 33.300000000000004]"
ga,19,22,47.838903365877364,34.04,49.1,1.7328319373059404,5.0,12.883928571428573,22.495,9.611071428571428,True,0.0,hospital_corridor,28,12,"[11, 29, 47, 53, 61, 73, 89, 97, 101, 109]","[2.931635525497077, 3.415662561119145, 0.9188604319388045, 0.5, 1.0]","{""time"": 1.0, ""collisions"": 0.05, ""congestion"": 1.0, ""fairness"": 1.0, ""incomplete_base"": 1000.0, ""incomplete_agent"": 10.0}","[61.429539225762255, 42.61035196687371, 44.14580907598149, 42.84438775510205, 34.757071783937455, 50.9982907688215, 52.93370927318296, 52.608282674772035, 47.215310950878774, 48.84628018346149]","[41.7, 32.2, 31.900000000000002, 29.400000000000002, 26.8, 35.800000000000004, 38.0, 37.6, 31.700000000000003, 35.300000000000004]"
ga,19,23,50.19897078079842,36.040000000000006,42.8,1.7076612569888823,4.7,13.447857142857142,23.759166666666665,10.311309523809523,True,0.0,hospital_corridor,28,12,"[11, 29, 47, 53, 61, 73, 89, 97, 101, 109]","[2.8846566642538187, 3.8447352194177262, 0.9187549338995746, 0.5, 1.0]","{""time"": 1.0, ""collisions"": 0.05, ""congestion"": 1.0, ""fairness"": 1.0, ""incomplete_base"": 1000.0, ""incomplete_agent"": 10.0}","[51.78543880362063, 42.76514816452897, 44.582070591815, 58.66325136612022, 42.46740558292283, 57.044580043072514, 51.389324746291955, 54.757696566998895, 52.75521346469623, 45.77957847791685]","[36.300000000000004, 32.300000000000004, 31.3, 42.7, 34.800000000000004, 39.800000000000004, 36.6, 38.7, 34.800000000000004, 33.1]"
ga,20,0,45.959686153372495,32.7,48.2,1.7355194867058252,4.9,13.005,22.11916666666667,9.114166666666668,True,0.0,hospital_corridor,28,12,"[11, 29, 47, 53, 61, 73, 89, 97, 101, 109]","[2.847689265018116, 3.3766537920327053, 0.9242349905502372, 0.5, 1.0]","{""time"": 1.0, ""collisions"": 0.05, ""congestion"": 1.0, ""fairness"": 1.0, ""incomplete_base"": 1000.0, ""incomplete_agent"": 10.0}","[48.9316920259228, 42.22062877782693, 44.63511904761905, 43.91923937360179, 34.48995819701927, 44.44047231270358, 53.72570136581765, 52.28783068783069, 48.24019607843138, 46.70602366695181]","[33.800000000000004, 32.300000000000004, 32.0, 29.8, 26.200000000000003, 30.700000000000003, 38.7, 37.800000000000004, 32.300000000000004, 33.4]"
ga,20,1,45.959686153372495,32.7,48.2,1.7355194867058252,4.9,13.005,22.11916666666667,9.114166666666668,True,0.0,hospital_corridor,28,12,"[11, 29, 47, 53, 61, 73, 89, 97, 101, 109]","[2.847689265018116, 3.3766537920327053, 0.9242349905502372, 0.5, 1.0]","{""time"": 1.0, ""collisions"": 0.05, ""congestion"": 1.0, ""fairness"": 1.0, ""incomplete_base"": 1000.0, ""incomplete_agent"": 10.0}","[48.9316920259228, 42.22062877782693, 44.63511904761905, 43.91923937360179, 34.48995819701927, 44.44047231270358, 53.72570136581765, 52.28783068783069, 48.24019607843138, 46.70602366695181]","[33.800000000000004, 32.300000000000004, 32.0, 29.8, 26.200000000000003, 30.700000000000003, 38.7, 37.800000000000004, 32.300000000000004, 33.4]"
ga,20,2,1064.087944621039,43.44,34.8,1.6458750239693445,5.1,14.238763736263735,24.500833333333336,10.262069597069598,False,0.7,hospital_corridor,28,12,"[11, 29, 47, 53, 61, 73, 89, 97, 101, 109]","[2.5237863465758896, 3.546267320871095, 0.9242349905502372, 0.5, 1.0]","{""time"": 1.0, ""collisions"": 0.05, ""congestion"": 1.0, ""fairness"": 1.0, ""incomplete_base"": 1000.0, ""incomplete_agent"": 10.0}","[1181.765076923077, 44.866739926739925, 48.64515503875968, 45.49563033305808, 37.34276459700487, 50.43980738362761, 57.106903006903, 65.96149068322981, 55.24453746585917, 54.01134085213033]","[100.0, 32.5, 34.4, 34.6, 28.3, 35.6, 40.7, 48.300000000000004, 40.1, 39.900000000000006]"
ga,20,3,47.338327038867575,34.17,37.3,1.776422276962813,5.0,13.331428571428571,22.858333333333334,9.526904761904763,True,0.0,hospital_corridor,28,12,"[11, 29, 47, 53, 61, 73, 89, 97, 101, 109]","[2.847689265018116, 3.6669529918877073, 0.9242349905502372, 0.5, 1.0]","{""time"": 1.0, ""collisions"": 0.05, ""congestion"": 1.0, ""fairness"": 1.0, ""incomplete_base"": 1000.0, ""incomplete_agent"": 10.0}","[54.092571428571425, 42.55505952380952, 45.02235612036226, 40.983809523809526, 35.13345864661654, 46.63292806484296, 54.9725532424025, 53.76232797466813, 45.9904319622586, 54.23777390133432]","[37.5, 32.0, 32.6, 30.0, 26.6, 32.9, 39.800000000000004, 39.1, 32.300000000000004, 38.900000000000006]"
ga,20,4,48.3698541159075,34.42000000000001,48.5,1.7889017349551142,5.5,13.478214285714284,23.214166666666667,9.735952380952382,True,0.0,hospital_corridor,28,12,"[11, 29, 47, 53, 61, 73, 89, 97, 101, 109]","[2.848756646988821, 3.5137578055040812, 0.9242025022892685, 0.5, 1.0]","{""time"": 1.0, ""collisions"": 0.05, ""congestion"": 1.0, ""fairness"": 1.0, ""incomplete_base"": 1000.0, ""incomplete_agent"": 10.0}","[49.150396825396825, 41.45907738095239, 46.06145879404394, 41.20733590733591, 42.98375977256575, 55.16866391184574, 55.47940199335548, 50.92517192162969, 52.39482401656315, 48.868450635386125]","[34.2, 32.0, 32.300000000000004, 29.6, 33.5, 36.300000000000004, 38.7, 36.7, 36.800000000000004, 34.1]"
ga,20,5,1169.136035283557,100.0,35.1,0.5179,4.4,13.858334413412674,24.7214696969697,10.863135283557023,False,5.6,hospital_corridor,28,12,"[11, 29, 47, 53, 61, 73, 89, 97, 101, 109]","[2.851086424810065, 3.5332912441311524, 1.0554957269256127, 0.5, 1.0]","{""time"": 1.0, ""collisions"": 0.05, ""congestion"": 1.0, ""fairness"": 1.0, ""incomplete_base"": 1000.0, ""incomplete_agent"": 10.0}","[1133.5559230769231, 1193.0596017316018, 1161.496, 1195.8240202020202, 1185.4900476190476, 1166.865, 1171.6537777777778, 1135.4245714285714, 1150.425923076923, 1197.5654879227054]","[100.0, 100.0, 100.0, 100.0, 100.0, 100.0, 100.0, 100.0, 100.0, 100.0]"
ga,20,6,47.91826596594338,34.510000000000005,42.0,1.6983850135624174,5.1,13.361785714285716,22.97166666666667,9.609880952380951,True,0.0,hospital_corridor,28,12,"[11, 29, 47, 53, 61, 73, 89, 97, 101, 109]","[2.847689265018116, 3.6053511887686565, 0.9242349905502372, 0.5, 1.0]","{""time"": 1.0, ""collisions"": 0.05, ""congestion"": 1.0, ""fairness"": 1.0, ""incomplete_base"": 1000.0, ""incomplete_agent"": 10.0}","[57.38464665964666, 42.00730668414155, 45.13989547038328, 44.73988095238095, 35.18802416488984, 43.52755102040817, 55.02574404761906, 54.61704339963834, 51.542673992674, 50.00989326765189]","[40.7, 32.7, 32.800000000000004, 33.6, 26.8, 29.400000000000002, 38.400000000000006, 39.5, 36.4, 34.800000000000004]"
ga,20,7,53.61771573367132,38.150000000000006,55.5,1.5759300193855994,4.9,13.253214285714284,24.37,11.116785714285715,True,0.0,hospital_corridor,28,12,"[11, 29, 47, 53, 61, 73, 89, 97, 101, 109]","[2.949675309278563, 3.6078691239901453, 0.9242349905502372, 0.5, 1.0]","{""time"": 1.0, ""collisions"": 0.05, ""congestion"": 1.0, ""fairness"": 1.0, ""incomplete_base"": 1000.0, ""incomplete_agent"": 10.0}","[85.05480125934672, 41.30283882783883, 44.0622641509434, 71.30565476190476, 36.06895877754087, 43.633740811760944, 53.98762588586349, 59.04658478776126, 48.38000898472596, 53.33467908902691]","[60.5, 31.200000000000003, 31.8, 48.0, 26.8, 29.8, 38.300000000000004, 44.2, 31.8, 39.1]"
ga,20,8,55.44935122859796,39.03000000000001,81.2,1.5944702762169922,5.0,14.319285714285716,25.08416666666667,10.764880952380953,True,0.0,hospital_corridor,28,12,"[11, 29, 47, 53, 61, 73, 89, 97, 101, 109]","[2.2544635661486976, 2.750537928002159, 0.9236839159078224, 0.5, 1.0]","{""time"": 1.0, ""collisions"": 0.05, ""congestion"": 1.0, ""fairness"": 1.0, ""incomplete_base"": 1000.0, ""incomplete_agent"": 10.0}","[77.8234693877551, 44.204106073567154, 52.90540890269152, 43.15436507936508, 50.34903474903476, 49.66204600484261, 61.630920350202864, 63.02412698412699, 53.4853591160221, 58.254675638371296]","[49.0, 33.4, 36.800000000000004, 31.5, 37.0, 35.4, 44.6, 45.0, 36.2, 41.400000000000006]"
ga,20,9,1169.5249694741906,100.0,29.1,0.5426999999999998,4.2,13.628644667223615,26.155914141414144,12.527269474190529,False,5.5,hospital_corridor,28,12,"[11, 29, 47, 53, 61, 73, 89, 97, 101, 109]","[3.1962117733134257, 3.8426559074896263, 1.0942626966046032, 0.5, 1.0]","{""time"": 1.0, ""collisions"": 0.05, ""congestion"": 1.0, ""fairness"": 1.0, ""incomplete_base"": 1000.0, ""incomplete_agent"": 10.0}","[1161.5466666666666, 1194.7606666666666, 1161.404, 1187.896909090909, 1218.0204210526315, 1146.3233776223776, 1176.2498888888888, 1141.3464285714285, 1150.0030769230768, 1157.6982592592592]","[100.0, 100.0, 100.0, 100.0, 100.0, 100.0, 100.0, 100.0, 100.0, 100.0]"
ga,20,10,45.959686153372495,32.7,48.2,1.7355194867058252,4.9,13.005,22.11916666666667,9.114166666666668,True,0.0,hospital_corridor,28,12,"[11, 29, 47, 53, 61, 73, 89, 97, 101, 109]","[2.847689265018116, 3.3766537920327053, 0.9242349905502372, 0.5, 1.0]","{""time"": 1.0, ""collisions"": 0.05, ""congestion"": 1.0, ""fairness"": 1.0, ""incomplete_base"": 1000.0, ""incomplete_agent"": 10.0}","[48.9316920259228, 42.22062877782693, 44.63511904761905, 43.91923937360179, 34.48995819701927, 44.44047231270358, 53.72570136581765, 52.28783068783069, 48.24019607843138, 46.70602366695181]","[33.800000000000004, 32.300000000000004, 32.0, 29.8, 26.200000000000003, 30.700000000000003, 38.7, 37.800000000000004, 32.300000000000004, 33.4]"
ga,20,11,45.959686153372495,32.7,48.2,1.7355194867058252,4.9,13.005,22.11916666666667,9.114166666666668,True,0.0,hospital_corridor,28,12,"[11, 29, 47, 53, 61, 73, 89, 97, 101, 109]","[2.847689265018116, 3.3766537920327053, 0.9242349905502372, 0.5, 1.0]","{""time"": 1.0, ""collisions"": 0.05, ""congestion"": 1.0, ""fairness"": 1.0, ""incomplete_base"": 1000.0, ""incomplete_agent"": 10.0}","[48.9316920259228, 42.22062877782693, 44.63511904761905, 43.91923937360179, 34.48995819701927, 44.44047231270358, 53.72570136581765, 52.28783068783069, 48.24019607843138, 46.70602366695181]","[33.800000000000004, 32.300000000000004, 32.0, 29.8, 26.200000000000003, 30.700000000000003, 38.7, 37.800000000000004, 32.300000000000004, 33.4]"
ga,20,12,48.88293139882691,34.2,69.5,1.7268599702554805,5.1,13.376428571428571,22.857499999999998,9.481071428571429,True,0.0,hospital_corridor,28,12,"[11, 29, 47, 53, 61, 73, 89, 97, 101, 109]","[2.8737127858017746, 3.384416710878491, 0.9238641643832479, 0.5, 1.0]","{""time"": 1.0, ""collisions"": 0.05, ""congestion"": 1.0, ""fairness"": 1.0, ""incomplete_base"": 1000.0, ""incomplete_agent"": 10.0}","[70.28593073593073, 47.05349297312048, 44.981783468104226, 40.88183000162523, 38.64389322281814, 43.749967824967825, 55.30778388278389, 52.026028421839946, 49.743698121450414, 46.15490533562823]","[44.0, 34.9, 31.8, 29.3, 29.3, 29.6, 39.0, 38.2, 32.7, 33.2]"
ga,20,13,49.476910282326706,34.89,67.8,1.6048864728028973,4.7,13.084642857142857,22.67666666666667,9.59202380952381,True,0.0,hospital_corridor,28,12,"[11, 29, 47, 53, 61, 73, 89, 97, 101, 109]","[2.905612004713418, 3.40789964227336, 0.9192312581057938, 0.5, 1.0]","{""time"": 1.0, ""collisions"": 0.05, ""congestion"": 1.0, ""fairness"": 1.0, ""incomplete_base"": 1000.0, ""incomplete_agent"": 10.0}","[61.85373284907184, 41.993391188251, 44.82275339602927, 43.68883632923369, 34.859022556390975, 47.37537962553442, 53.1499502673132, 54.70845419386029, 56.636904761904766, 55.680677655677655]","[41.300000000000004, 32.1, 31.900000000000002, 30.200000000000003, 26.6, 32.300000000000004, 38.300000000000004, 39.400000000000006, 37.800000000000004, 39.0]"
ga,20,14,1189.9201562801932,100.0,27.1,0.5123,4.1,14.830436649099696,25.883292929292928,11.052856280193236,False,7.7,hospital_corridor,28,12,"[11, 29, 47, 53, 61, 73, 89, 97, 101, 109]","[2.847689265018116, 3.3766537920327053, 1.1871862651488279, 0.5, 1.0]","{""time"": 1.0, ""collisions"": 0.05, ""congestion"": 1.0, ""fairness"": 1.0, ""incomplete_base"": 1000.0, ""incomplete_agent"": 10.0}","[1174.6956363636364, 1273.3334444444445, 1190.87284057971, 1207.733, 1180.6783636363637, 1155.0972727272726, 1157.025090909091, 1211.9855, 1131.0194141414142, 1216.761]","[100.0, 100.0, 100.0, 100.0, 100.0, 100.0, 100.0, 100.0, 100.0, 100.0]"
ga,20,15,45.959686153372495,32.7,48.2,1.7355194867058252,4.9,13.005,22.11916666666667,9.114166666666668,True,0.0,hospital_corridor,28,12,"[11, 29, 47, 53, 61, 73, 89, 97, 101, 109]","[2.847689265018116, 3.3766537920327053, 0.9242349905502372, 0.5, 1.0]","{""time"": 1.0, ""collisions"": 0.05, ""congestion"": 1.0, ""fairness"": 1.0, ""incomplete_base"": 1000.0, ""incomplete_agent"": 10.0}","[48.9316920259228, 42.22062877782693, 44.63511904761905, 43.91923937360179, 34.48995819701927, 44.44047231270358, 53.72570136581765, 52.28783068783069, 48.24019607843138, 46.70602366695181]","[33.800000000000004, 32.300000000000004, 32.0, 29.8, 26.200000000000003, 30.700000000000003, 38.7, 37.800000000000004, 32.300000000000004, 33.4]"
ga,20,16,62.799271177585354,45.970000000000006,39.2,1.320818796632965,5.0,14.865714285714287,28.414166666666667,13.54845238095238,True,0.0,hospital_corridor,28,12,"[11, 29, 47, 53, 61, 73, 89, 97, 101, 109]","[1.9321191756968432, 3.472929340226922, 0.8776385776629592, 0.5, 1.0]","{""time"": 1.0, ""collisions"": 0.05, ""congestion"": 1.0, ""fairness"": 1.0, ""incomplete_base"": 1000.0, ""incomplete_agent"": 10.0}","[72.69333333333333, 50.25460691201689, 59.42582500268731, 46.89594647776467, 49.01304347826087, 65.49835680751174, 90.58645680819913, 70.92440476190477, 58.4596588990206, 64.2410792951542]","[52.5, 36.1, 44.300000000000004, 36.300000000000004, 36.800000000000004, 49.7, 68.3, 48.0, 42.300000000000004, 45.400000000000006]"
ga,20,17,49.44246532673667,34.85000000000001,65.6,1.6468700886414172,5.5,13.253571428571428,22.919166666666673,9.66559523809524,True,0.0,hospital_corridor,28,12,"[11, 29, 47, 53, 61, 73, 89, 97, 101, 109]","[2.85718620655692, 3.384326089328664, 0.9208161159360901, 0.5, 1.0]","{""time"": 1.0, ""collisions"": 0.05, ""congestion"": 1.0, ""fairness"": 1.0, ""incomplete_base"": 1000.0, ""incomplete_agent"": 10.0}","[68.99564806054873, 41.51769138034961, 44.57301587301587, 56.71519933554817, 36.50925925925926, 43.17264673311185, 55.13601417666304, 54.52272727272728, 45.703793947485536, 47.578657228657235]","[45.300000000000004, 31.6, 31.5, 38.7, 27.0, 30.1, 39.300000000000004, 39.6, 32.1, 33.300000000000004]"
ga,20,18,50.873407508431114,36.300000000000004,46.3,1.697812270335874,4.9,13.563571428571427,24.124166666666667,10.560595238095239,True,0.0,hospital_corridor,28,12,"[11, 29, 47, 53, 61, 73, 89, 97, 101, 109]","[2.847689265018116, 3.6820155983076694, 0.9242349905502372, 0.5, 1.0]","{""time"": 1.0, ""collisions"": 0.05, ""congestion"": 1.0, ""fairness"": 1.0, ""incomplete_base"": 1000.0, ""incomplete_agent"": 10.0}","[62.62969008949288, 41.537601078167114, 45.36637630662021, 60.13091016548464, 34.723315363881404, 49.23538320653706, 52.90673772126652, 54.768578830495926, 54.13046508758944, 53.30501723477596]","[43.1, 31.8, 32.800000000000004, 42.300000000000004, 26.5, 33.800000000000004, 38.2, 38.6, 38.6, 37.300000000000004]"
ga,20,19,49.50234731778811,34.89,51.1,1.749133032073825,5.3,13.286785714285717,23.595000000000002,10.308214285714289,True,0.0,hospital_corridor,28,12,"[11, 29, 47, 53, 61, 73, 89, 97, 101, 109]","[2.847689265018116, 3.5312047144511327, 0.9242349905502372, 0.5, 1.0]","{""time"": 1.0, ""collisions"": 0.05, ""congestion"": 1.0, ""fairness"": 1.0, ""incomplete_base"": 1000.0, ""incomplete_agent"": 10.0}","[66.0122646733112, 42.702608915906794, 44.322375627567325, 47.240559732665, 34.8524216911099, 52.558252623083135, 56.48967437874894, 52.319393139841694, 46.320511140235915, 52.205411255411256]","[43.0, 32.9, 31.3, 34.2, 26.3, 35.4, 38.900000000000006, 37.9, 32.7, 36.300000000000004]"
ga,20,20,47.32264784512084,33.82000000000001,50.1,1.6822907022636868,4.9,13.11464285714286,22.43,9.315357142857144,True,0.0,hospital_corridor,28,12,"[11, 29, 47, 53, 61, 73, 89, 97, 101, 109]","[2.85215380678077, 3.3847248037764577, 0.9242003080112688, 0.5, 1.0]","{""time"": 1.0, ""collisions"": 0.05, ""congestion"": 1.0, ""fairness"": 1.0, ""incomplete_base"": 1000.0, ""incomplete_agent"": 10.0}","[50.28766464032421, 42.32023809523809, 44.83241239892183, 46.55595238095238, 35.164912280701756, 44.450770308123246, 53.77122964068134, 52.72594675665542, 55.43976722202529, 47.67758472758473]","[32.9, 32.4, 31.8, 33.9, 26.6, 30.6, 38.300000000000004, 38.1, 40.300000000000004, 33.300000000000004]"
ga,20,21,47.32264784512084,33.82000000000001,50.1,1.6822907022636868,4.9,13.11464285714286,22.43,9.315357142857144,True,0.0,hospital_corridor,28,12,"[11, 29, 47, 53, 61, 73, 89, 97, 101, 109]","[2.85215380678077, 3.3847248037764577, 0.9242003080112688, 0.5, 1.0]","{""time"": 1.0, ""collisions"": 0.05, ""congestion"": 1.0, ""fairness"": 1.0, ""incomplete_base"": 1000.0, ""incomplete_agent"": 10.0}","[50.28766464032421, 42.32023809523809, 44.83241239892183, 46.55595238095238, 35.164912280701756, 44.450770308123246, 53.77122964068134, 52.72594675665542, 55.43976722202529, 47.67758472758473]","[32.9, 32.4, 31.8, 33.9, 26.6, 30.6, 38.300000000000004, 38.1, 40.300000000000004, 33.300000000000004]"
ga,20,22,66.41663219495659,41.84,229.2,1.4277036235280118,5.2,13.78857142857143,25.477500000000003,11.688928571428571,True,0.0,hospital_corridor,28,12,"[11, 29, 47, 53, 61, 73, 89, 97, 101, 109]","[1.9631472715994098, 3.5756290673362434, 0.7823413149412082, 0.5, 1.0]","{""time"": 1.0, ""collisions"": 0.05, ""congestion"": 1.0, ""fairness"": 1.0, ""incomplete_base"": 1000.0, ""incomplete_agent"": 10.0}","[79.95382842963488, 50.09590025359257, 60.409523809523805, 55.18081430064189, 77.49504504504505, 61.34423076923077, 77.80519047619048, 70.14755094257383, 64.6567341862118, 67.07750373692078]","[40.300000000000004, 33.800000000000004, 42.0, 31.900000000000002, 55.5, 36.4, 50.0, 43.7, 40.2, 44.6]"
ga,20,23,50.2957016094189,36.040000000000006,46.4,1.710463514180794,5.1,13.781428571428574,24.006666666666668,10.225238095238096,True,0.0,hospital_corridor,28,12,"[11, 29, 47, 53, 61, 73, 89, 97, 101, 109]","[2.666585395640076, 3.5756290673362434, 0.9206044682624892, 0.5, 1.0]","{""time"": 1.0, ""collisions"": 0.05, ""congestion"": 1.0, ""fairness"": 1.0, ""incomplete_base"": 1000.0, ""incomplete_agent"": 10.0}","[63.109463877084025, 44.50386070315977, 45.37389689820883, 43.12712477396022, 36.404958890030834, 54.51355450809766, 58.71190476190476, 54.40901619531061, 54.002146760343486, 48.801088726088736]","[43.7, 32.1, 32.7, 31.6, 27.8, 39.400000000000006, 42.0, 39.400000000000006, 36.6, 35.1]"
ga,21,0,45.959686153372495,32.7,48.2,1.7355194867058252,4.9,13.005,22.11916666666667,9.114166666666668,True,0.0,hospital_corridor,28,12,"[11, 29, 47, 53, 61, 73, 89, 97, 101, 109]","[2.847689265018116, 3.3766537920327053, 0.9242349905502372, 0.5, 1.0]","{""time"": 1.0, ""collisions"": 0.05, ""congestion"": 1.0, ""fairness"": 1.0, ""incomplete_base"": 1000.0, ""incomplete_agent"": 10.0}","[48.9316920259228, 42.22062877782693, 44.63511904761905, 43.91923937360179, 34.48995819701927, 44.44047231270358, 53.72570136581765, 52.28783068783069, 48.24019607843138, 46.70602366695181]","[33.800000000000004, 32.300000000000004, 32.0, 29.8, 26.200000000000003, 30.700000000000003, 38.7, 37.800000000000004, 32.300000000000004, 33.4]"
ga,21,1,45.959686153372495,32.7,48.2,1.7355194867058252,4.9,13.005,22.11916666666667,9.114166666666668,True,0.0,hospital_corridor,28,12,"[11, 29, 47, 53, 61, 73, 89, 97, 101, 109]","[2.847689265018116, 3.3766537920327053, 0.9242349905502372, 0.5, 1.0]","{""time"": 1.0, ""collisions"": 0.05, ""congestion"": 1.0, ""fairness"": 1.0, ""incomplete_base"": 1000.0, ""incomplete_agent"": 10.0}","[48.9316920259228, 42.22062877782693, 44.63511904761905, 43.91923937360179, 34.48995819701927, 44.44047231270358, 53.72570136581765, 52.28783068783069, 48.24019607843138, 46.70602366695181]","[33.800000000000004, 32.300000000000004, 32.0, 29.8, 26.200000000000003, 30.700000000000003, 38.7, 37.800000000000004, 32.300000000000004, 33.4]"
ga,21,2,48.71127482496274,34.5,48.2,1.8241319678198895,5.5,13.315357142857144,23.2925,9.977142857142857,True,0.0,hospital_corridor,28,12,"[11, 29, 47, 53, 61, 73, 89, 97, 101, 109]","[2.8505200281247705, 3.45718414885827, 0.9242160316103636, 0.5, 1.0]","{""time"": 1.0, ""collisions"": 0.05, ""congestion"": 1.0, ""fairness"": 1.0, ""incomplete_base"": 1000.0, ""incomplete_agent"": 10.0}","[46.79821428571429, 41.478890641430084, 43.64126984126984, 60.27781385281385, 35.960393258426976, 51.11617826617827, 56.24978184991274, 54.22530682376044, 47.85705467372134, 49.50784475639968]","[32.0, 31.700000000000003, 31.5, 44.0, 26.700000000000003, 35.1, 38.2, 38.800000000000004, 32.4, 34.6]"
ga,21,3,51.1817943655782,33.620000000000005,130.3,1.726794365578194,5.0,12.710000000000003,22.03,9.319999999999999,True,0.0,hospital_corridor,28,12,"[11, 29, 47, 53, 61, 73, 89, 97, 101, 109]","[2.849323043674116, 3.532891843686844, 0.8339077449273005, 0.5, 1.0]","{""time"": 1.0, ""collisions"": 0.05, ""congestion"": 1.0, ""fairness"": 1.0, ""incomplete_base"": 1000.0, ""incomplete_agent"": 10.0}","[81.53100414078675, 53.827830382873614, 44.371532593619975, 52.37762970859986, 36.04364330637915, 44.115271765271764, 53.4952380952381, 53.148477751756445, 46.6991935483871, 46.2081223628692]","[46.0, 34.7, 30.900000000000002, 33.5, 26.5, 29.700000000000003, 35.7, 36.6, 31.0, 31.6]"
ga,21,4,50.92657558380076,37.7,19.6,1.748956536181717,5.3,14.225714285714286,24.723333333333336,10.497619047619047,True,0.0,hospital_corridor,28,12,"[11, 29, 47, 53, 61, 73, 89, 97, 101, 109]","[2.85718620655692, 4.836853858372747, 0.9208161159360901, 0.5, 1.0]","{""time"": 1.0, ""collisions"": 0.05, ""congestion"": 1.0, ""fairness"": 1.0, ""incomplete_base"": 1000.0, ""incomplete_agent"": 10.0}","[60.23492403385337, 49.04895422257301, 45.00821647677476, 49.21339285714287, 36.56491081382386, 46.52509829619922, 55.402884503434635, 52.559650455927056, 55.196925858951175, 59.51079831932773]","[46.7, 36.2, 32.6, 38.400000000000006, 29.900000000000002, 32.7, 40.900000000000006, 37.6, 39.5, 42.5]"
ga,21,5,49.44246532673667,34.85000000000001,65.6,1.6468700886414172,5.5,13.253571428571428,22.919166666666673,9.66559523809524,True,0.0,hospital_corridor,28,12,"[11, 29, 47, 53, 61, 73, 89, 97, 101, 109]","[2.85718620655692, 3.384326089328664, 0.9208161159360901, 0.5, 1.0]","{""time"": 1.0, ""collisions"": 0.05, ""congestion"": 1.0, ""fairness"": 1.0, ""incomplete_base"": 1000.0, ""incomplete_agent"": 10.0}","[68.99564806054873, 41.51769138034961, 44.57301587301587, 56.71519933554817, 36.50925925925926, 43.17264673311185, 55.13601417666304, 54.52272727272728, 45.703793947485536, 47.578657228657235]","[45.300000000000004, 31.6, 31.5, 38.7, 27.0, 30.1, 39.300000000000004, 39.6, 32.1, 33.300000000000004]"
ga,21,6,45.959686153372495,32.7,48.2,1.7355194867058252,4.9,13.005,22.11916666666667,9.114166666666668,True,0.0,hospital_corridor,28,12,"[11, 29, 47, 53, 61, 73, 89, 97, 101, 109]","[2.847689265018116, 3.3766537920327053, 0.9242349905502372, 0.5, 1.0]","{""time"": 1.0, ""collisions"": 0.05, ""congestion"": 1.0, ""fairness"": 1.0, ""incomplete_base"": 1000.0, ""incomplete_agent"": 10.0}","[48.9316920259228, 42.22062877782693, 44.63511904761905, 43.91923937360179, 34.48995819701927, 44.44047231270358, 53.72570136581765, 52.28783068783069, 48.24019607843138, 46.70602366695181]","[33.800000000000004, 32.300000000000004, 32.0, 29.8, 26.200000000000003, 30.700000000000003, 38.7, 37.800000000000004, 32.300000000000004, 33.4]"
ga,21,7,50.68943666649126,36.75,44.8,1.7926509522055505,5.1,14.120714285714286,24.027500000000003,9.906785714285714,True,0.0,hospital_corridor,28,12,"[11, 29, 47, 53, 61, 73, 89, 97, 101, 109]","[2.847689265018116, 3.9730798583644114, 0.9242349905502372, 0.5, 1.0]","{""time"": 1.0, ""collisions"": 0.05, ""congestion"": 1.0, ""fairness"": 1.0, ""incomplete_base"": 1000.0, ""incomplete_agent"": 10.0}","[68.76547619047619, 43.06750440917108, 49.64935064935066, 44.74591425694145, 34.45995092693566, 48.40623516268678, 51.11400350330869, 60.29004637484448, 51.360639880952384, 55.035245310245315]","[48.6, 32.4, 36.300000000000004, 33.1, 26.200000000000003, 34.1, 36.7, 42.1, 38.400000000000006, 39.6]"
ga,21,8,48.68966154537032,34.49000000000001,62.1,1.726209164417923,5.3,13.338214285714287,22.70666666666667,9.368452380952382,True,0.0,hospital_corridor,28,12,"[11, 29, 47, 53, 61, 73, 89, 97, 101, 109]","[2.851118258646988, 3.38290632570015, 0.9242204713640877, 0.5, 1.0]","{""time"": 1.0, ""collisions"": 0.05, ""congestion"": 1.0, ""fairness"": 1.0, ""incomplete_base"": 1000.0, ""incomplete_agent"": 10.0}","[63.436452902328824, 42.12317534490432, 44.64442946990117, 48.553915950334286, 35.16177944862156, 44.549640177614464, 54.528608438193935, 52.61791979949875, 47.032330827067675, 54.2483630952381]","[41.1, 32.1, 31.8, 34.9, 26.6, 31.1, 38.6, 38.0, 32.300000000000004, 38.400000000000006]"
ga,21,9,48.221208308197504,34.17999999999999,44.6,1.6844225939118054,5.3,13.053214285714285,23.18,10.126785714285713,True,0.0,hospital_corridor,28,12,"[11, 29, 47, 53, 61, 73, 89, 97, 101, 109]","[2.7357207259994274, 3.378472270109013, 0.9242148271974183, 0.5, 1.0]","{""time"": 1.0, ""collisions"": 0.05, ""congestion"": 1.0, ""fairness"": 1.0, ""incomplete_base"": 1000.0, ""incomplete_agent"": 10.0}","[48.12678571428572, 43.21221340388007, 44.42053571428572, 50.37863408521304, 36.60206766917293, 46.511712749615974, 55.3494227994228, 62.30767651888341, 47.2450176366843, 48.05801679053124]","[33.6, 32.4, 32.0, 34.2, 28.5, 31.0, 39.6, 43.5, 32.4, 34.6]"
ga,21,10,49.6525517848915,35.260000000000005,50.9,1.7777898801295866,5.6,13.726071428571426,23.795833333333334,10.069761904761908,True,0.0,hospital_corridor,28,12,"[11, 29, 47, 53, 61, 73, 89, 97, 101, 109]","[2.758756045374442, 3.4389784782221247, 0.924068860085614, 0.5, 1.0]","{""time"": 1.0, ""collisions"": 0.05, ""congestion"": 1.0, ""fairness"": 1.0, ""incomplete_base"": 1000.0, ""incomplete_agent"": 10.0}","[54.659564217331855, 43.221022067363535, 44.73187789222273, 64.15250965250965, 36.32305194805195, 45.81963722397477, 54.67006802721089, 57.96938775510205, 46.70125620800467, 48.277142857142856]","[38.300000000000004, 32.800000000000004, 31.900000000000002, 44.400000000000006, 27.5, 31.700000000000003, 39.2, 39.2, 32.6, 35.0]"
ga,21,11,51.97672781005423,37.21,59.4,1.563275429101843,5.0,13.838214285714287,24.071666666666665,10.233452380952382,True,0.0,hospital_corridor,28,12,"[11, 29, 47, 53, 61, 73, 89, 97, 101, 109]","[2.391548617579483, 2.916910638548691, 0.9238500463724456, 0.5, 1.0]","{""time"": 1.0, ""collisions"": 0.05, ""congestion"": 1.0, ""fairness"": 1.0, ""incomplete_base"": 1000.0, ""incomplete_agent"": 10.0}","[50.687961397576785, 43.32656339644292, 64.52895369156838, 40.385902876001886, 48.13313598166539, 46.9384236453202, 59.235728032552515, 61.09193183073694, 50.055476190476185, 55.38320105820106]","[33.800000000000004, 33.2, 43.6, 30.3, 37.4, 31.900000000000002, 43.300000000000004, 43.1, 35.0, 40.5]"
ga,21,12,47.574601573802795,33.870000000000005,50.4,1.627934907136121,4.6,13.055000000000001,22.611666666666668,9.556666666666668,True,0.0,hospital_corridor,28,12,"[11, 29, 47, 53, 61, 73, 89, 97, 101, 109]","[2.8503791777852663, 3.500276037682101, 0.9242247387388709, 0.5, 1.0]","{""time"": 1.0, ""collisions"": 0.05, ""congestion"": 1.0, ""fairness"": 1.0, ""incomplete_base"": 1000.0, ""incomplete_agent"": 10.0}","[52.971414927002314, 41.50441856993582, 44.47466460268318, 42.72195550351288, 34.277189381499724, 45.39204221120625, 55.6489010989011, 53.57344228179704, 56.20017271157168, 48.9818144499179]","[34.9, 31.900000000000002, 32.300000000000004, 30.5, 26.1, 31.700000000000003, 39.0, 38.900000000000006, 38.6, 34.800000000000004]"
ga,21,13,1076.9359232539307,55.63000000000001,19.6,1.1683258513331771,4.8,15.83444805194805,27.99204545454545,12.157597402597405,False,0.7,hospital_corridor,28,12,"[11, 29, 47, 53, 61, 73, 89, 97, 101, 109]","[1.8899828511782326, 3.4156534805454895, 0.9242105598226351, 0.5, 1.0]","{""time"": 1.0, ""collisions"": 0.05, ""congestion"": 1.0, ""fairness"": 1.0, ""incomplete_base"": 1000.0, ""incomplete_agent"": 10.0}","[59.4932665160926, 1171.420090909091, 62.496529888551166, 41.92405335628227, 51.91601235914213, 49.153571428571425, 72.74953802416489, 71.91338095238095, 1123.9728831168832, 64.31990598814633]","[50.6, 100.0, 47.0, 33.2, 39.300000000000004, 36.0, 53.6, 50.0, 100.0, 46.6]"
ga,21,14,50.795408277800846,36.09000000000001,47.1,1.8130273254198883,5.4,13.329285714285714,23.86666666666667,10.537380952380952,True,0.0,hospital_corridor,28,12,"[11, 29, 47, 53, 61, 73, 89, 97, 101, 109]","[2.847689265018116, 3.5745317062036674, 0.9242349905502372, 0.5, 1.0]","{""time"": 1.0, ""collisions"": 0.05, ""congestion"": 1.0, ""fairness"": 1.0, ""incomplete_base"": 1000.0, ""incomplete_agent"": 10.0}","[58.59166666666667, 41.93463611859839, 46.07128250073036, 75.67487468671679, 35.23351101634684, 45.23733837906023, 56.432424572882596, 52.775669642857146, 46.61104806408545, 49.39163113006396]","[43.0, 31.8, 32.6, 53.2, 26.8, 30.200000000000003, 39.300000000000004, 38.400000000000006, 32.1, 33.5]"
ga,21,15,47.26643587231942,34.190000000000005,30.3,1.7764358723194102,5.1,13.37,23.155,9.785,True,0.0,hospital_corridor,28,12,"[11, 29, 47, 53, 61, 73, 89, 97, 101, 109]","[2.847689265018116, 3.8409720221242254, 0.9242349905502372, 0.5, 1.0]","{""time"": 1.0, ""collisions"": 0.05, ""congestion"": 1.0, ""fairness"": 1.0, ""incomplete_base"": 1000.0, ""incomplete_agent"": 10.0}","[52.861434108527135, 42.56130952380953, 44.36880727054229, 40.22561315496098, 34.66677489177489, 44.7234496124031, 55.24958991308606, 56.700430292598966, 50.599070450097855, 50.70787950539332]","[38.7, 32.0, 31.700000000000003, 29.900000000000002, 26.400000000000002, 30.1, 38.900000000000006, 41.5, 36.5, 36.2]"
ga,21,16,50.41213711717462,35.029999999999994,71.0,1.6796371171746363,5.0,13.047500000000003,23.200000000000003,10.1525,True,0.0,hospital_corridor,28,12,"[11, 29, 47, 53, 61, 73, 89, 97, 101, 109]","[2.85718620655692, 3.384326089328664, 0.9102547317621293, 0.5, 1.0]","{""time"": 1.0, ""collisions"": 0.05, ""congestion"": 1.0, ""fairness"": 1.0, ""incomplete_base"": 1000.0, ""incomplete_agent"": 10.0}","[59.606547619047625, 42.508511348464616, 44.236813186813194, 54.72619047619049, 43.14494047619048, 47.84092170610575, 53.618091334894615, 58.982390381895335, 50.91904761904763, 48.53791702309666]","[40.0, 32.1, 31.200000000000003, 37.800000000000004, 32.0, 32.6, 36.6, 40.400000000000006, 34.2, 33.4]"
ga,21,17,48.26637122274715,31.919999999999998,114.1,1.808395032270966,5.7,12.452857142857145,21.285833333333336,8.832976190476192,True,0.0,hospital_corridor,28,12,"[11, 29, 47, 53, 61, 73, 89, 97, 101, 109]","[3.4499681787171372, 3.384326089328664, 0.9208161159360901, 0.5, 1.0]","{""time"": 1.0, ""collisions"": 0.05, ""congestion"": 1.0, ""fairness"": 1.0, ""incomplete_base"": 1000.0, ""incomplete_agent"": 10.0}","[59.50739167049456, 43.01623731459797, 41.8533967170486, 57.83905279503106, 39.586647361647366, 44.324195624195625, 48.45441391941392, 53.20417789757413, 47.814793130366894, 47.06340579710145]","[31.1, 30.5, 29.3, 36.800000000000004, 29.6, 29.6, 32.5, 37.1, 30.5, 32.2]"
ga,21,18,49.19350792623919,34.99,57.3,1.666246021477286,4.7,13.103571428571428,22.775833333333335,9.672261904761905,True,0.0,hospital_corridor,28,12,"[11, 29, 47, 53, 61, 73, 89, 97, 101, 109]","[2.8869481557110697, 3.4035610470362974, 0.9216231603426936, 0.5, 1.0]","{""time"": 1.0, ""collisions"": 0.05, ""congestion"": 1.0, ""fairness"": 1.0, ""incomplete_base"": 1000.0, ""incomplete_agent"": 10.0}","[61.41344537815127, 41.37738095238095, 43.96910359755188, 50.93537414965987, 36.17994438651374, 48.72824737344794, 52.87686267118984, 52.2036248272396, 55.539661817729716, 48.71143410852713]","[40.800000000000004, 32.1, 31.900000000000002, 34.300000000000004, 27.400000000000002, 34.9, 37.9, 37.9, 38.300000000000004, 34.4]"
ga,21,19,50.30466519024927,35.690000000000005,71.7,1.6652604283445036,5.4,13.541428571428572,22.905833333333337,9.364404761904762,True,0.0,hospital_corridor,28,12,"[11, 29, 47, 53, 61, 73, 89, 97, 101, 109]","[2.8663531140204643, 3.3448898127618736, 0.9218430883133373, 0.5, 1.0]","{""time"": 1.0, ""collisions"": 0.05, ""congestion"": 1.0, ""fairness"": 1.0, ""incomplete_base"": 1000.0, ""incomplete_agent"": 10.0}","[83.35310669722435, 42.32437888198758, 44.102880426618604, 46.283628318584064, 35.84107142857143, 43.634787472035796, 53.114035087719294, 52.50396825396825, 54.27232947232947, 47.61646586345382]","[56.1, 32.2, 31.700000000000003, 33.9, 27.200000000000003, 29.8, 38.0, 37.800000000000004, 37.0, 33.2]"
ga,21,20,48.81287201982579,34.71,53.2,1.745729162682926,5.1,13.227857142857143,22.925,9.697142857142856,True,0.0,hospital_corridor,28,12,"[11, 29, 47, 53, 61, 73, 89, 97, 101, 109]","[2.847721561152121, 3.4809501461948082, 0.924203375543748, 0.5, 1.0]","{""time"": 1.0, ""collisions"": 0.05, ""congestion"": 1.0, ""fairness"": 1.0, ""incomplete_base"": 1000.0, ""incomplete_agent"": 10.0}","[65.31238095238096, 41.97466200991438, 44.35359417652412, 44.26585337105139, 38.08018018018018, 44.15482456140351, 56.12014721919302, 55.193140028288546, 47.05969802555169, 51.61423967377006]","[45.0, 31.700000000000003, 31.400000000000002, 30.3, 29.6, 30.400000000000002, 39.300000000000004, 40.400000000000006, 32.800000000000004, 36.2]"
ga,21,21,51.22388748732426,36.33,65.2,1.6648398682766434,5.0,13.609285714285713,23.578333333333337,9.969047619047618,True,0.0,hospital_corridor,28,12,"[11, 29, 47, 53, 61, 73, 89, 97, 101, 109]","[2.8487243508548157, 3.409461451341978, 0.9242341172957576, 0.5, 1.0]","{""time"": 1.0, ""collisions"": 0.05, ""congestion"": 1.0, ""fairness"": 1.0, ""incomplete_base"": 1000.0, ""incomplete_agent"": 10.0}","[57.64004831761556, 41.787117480220935, 43.67700060855013, 54.167461381335386, 34.81837712096333, 46.26444494995451, 71.18275613275614, 54.13111070515163, 60.03758020938872, 48.53297796730632]","[40.900000000000006, 31.900000000000002, 31.3, 37.300000000000004, 26.1, 31.400000000000002, 49.5, 39.1, 42.300000000000004, 33.5]"
ga,21,22,78.18776208506476,30.26,737.9,1.8289525612552342,5.6,11.695357142857143,20.899166666666666,9.203809523809522,True,0.0,hospital_corridor,28,12,"[11, 29, 47, 53, 61, 73, 89, 97, 101, 109]","[2.847689265018116, 3.3078817624450094, 0.7411248481135116, 0.5, 1.0]","{""time"": 1.0, ""collisions"": 0.05, ""congestion"": 1.0, ""fairness"": 1.0, ""incomplete_base"": 1000.0, ""incomplete_agent"": 10.0}","[101.50285714285715, 84.57411297852474, 61.85389426957224, 90.16994773519166, 61.31305288913984, 65.5686396936397, 86.04925801345468, 88.3652380952381, 77.58622227392584, 64.89439775910364]","[30.0, 30.6, 29.5, 28.700000000000003, 25.3, 28.6, 36.1, 32.5, 30.700000000000003, 30.6]"
ga,21,23,49.12758727966206,34.67,62.3,1.7497301368049107,5.3,13.559642857142858,23.152500000000003,9.592857142857143,True,0.0,hospital_corridor,28,12,"[11, 29, 47, 53, 61, 73, 89, 97, 101, 109]","[2.847689265018116, 3.548197310063266, 0.9242349905502372, 0.5, 1.0]","{""time"": 1.0, ""collisions"": 0.05, ""congestion"": 1.0, ""fairness"": 1.0, ""incomplete_base"": 1000.0, ""incomplete_agent"": 10.0}","[62.67080909286792, 42.83949431736441, 45.43899535423926, 54.946145751118124, 34.360673234811166, 44.78761197548326, 55.724307862679964, 54.98351648351649, 48.57222222222222, 46.952096502317744]","[44.2, 33.1, 32.800000000000004, 36.2, 26.1, 30.3, 38.7, 39.0, 32.4, 33.9]"
ga,22,0,45.959686153372495,32.7,48.2,1.7355194867058252,4.9,13.005,22.11916666666667,9.114166666666668,True,0.0,hospital_corridor,28,12,"[11, 29, 47, 53, 61, 73, 89, 97, 101, 109]","[2.847689265018116, 3.3766537920327053, 0.9242349905502372, 0.5, 1.0]","{""time"": 1.0, ""collisions"": 0.05, ""congestion"": 1.0, ""fairness"": 1.0, ""incomplete_base"": 1000.0, ""incomplete_agent"": 10.0}","[48.9316920259228, 42.22062877782693, 44.63511904761905, 43.91923937360179, 34.48995819701927, 44.44047231270358, 53.72570136581765, 52.28783068783069, 48.24019607843138, 46.70602366695181]","[33.800000000000004, 32.300000000000004, 32.0, 29.8, 26.200000000000003, 30.700000000000003, 38.7, 37.800000000000004, 32.300000000000004, 33.4]"
ga,22,1,45.959686153372495,32.7,48.2,1.7355194867058252,4.9,13.005,22.11916666666667,9.114166666666668,True,0.0,hospital_corridor,28,12,"[11, 29, 47, 53, 61, 73, 89, 97, 101, 109]","[2.847689265018116, 3.3766537920327053, 0.9242349905502372, 0.5, 1.0]","{""time"": 1.0, ""collisions"": 0.05, ""congestion"": 1.0, ""fairness"": 1.0, ""incomplete_base"": 1000.0, ""incomplete_agent"": 10.0}","[48.9316920259228, 42.22062877782693, 44.63511904761905, 43.91923937360179, 34.48995819701927, 44.44047231270358, 53.72570136581765, 52.28783068783069, 48.24019607843138, 46.70602366695181]","[33.800000000000004, 32.300000000000004, 32.0, 29.8, 26.200000000000003, 30.700000000000003, 38.7, 37.800000000000004, 32.300000000000004, 33.4]"
ga,22,2,1210.7227382207086,39.35,3182.8,1.8160823765527152,6.0,12.44107142857143,21.857727272727274,9.416655844155844,False,0.1,hospital_corridor,28,12,"[11, 29, 47, 53, 61, 73, 89, 97, 101, 109]","[2.847689265018116, 3.3766537920327053, 0.5, 0.5, 1.0]","{""time"": 1.0, ""collisions"": 0.05, ""congestion"": 1.0, ""fairness"": 1.0, ""incomplete_base"": 1000.0, ""incomplete_agent"": 10.0}","[1319.2807012987014, 215.61917484551074, 163.98674388674388, 214.88192999053925, 203.7771845851743, 175.46904761904764, 204.44121621621625, 233.70425315425314, 200.40515873015875, 175.66197188074045]","[100.0, 39.300000000000004, 29.6, 30.200000000000003, 29.1, 28.0, 37.0, 35.1, 31.5, 33.7]"
ga,22,3,1184.3126785890438,100.0,25.3,0.48810000000000003,4.0,15.975279996814782,28.534858585858586,12.559578589043806,False,7.0,hospital_corridor,28,12,"[11, 29, 47, 53, 61, 73, 89, 97, 101, 109]","[2.847689265018116, 3.3766537920327053, 1.189555068689649, 0.5, 1.0]","{""time"": 1.0, ""collisions"": 0.05, ""congestion"": 1.0, ""fairness"": 1.0, ""incomplete_base"": 1000.0, ""incomplete_agent"": 10.0}","[1182.4981818181818, 1245.656, 1191.2663913043477, 1168.232696969697, 1162.5174057971014, 1154.8302727272728, 1155.6903076923077, 1212.79, 1168.4958888888889, 1201.1496406926408]","[100.0, 100.0, 100.0, 100.0, 100.0, 100.0, 100.0, 100.0, 100.0, 100.0]"
ga,22,4,60.14240644085835,30.2,381.7,1.7309778694297813,5.6,11.376071428571429,20.502500000000005,9.126428571428573,True,0.0,hospital_corridor,28,12,"[11, 29, 47, 53, 61, 73, 89, 97, 101, 109]","[4.898764488753144, 3.121292692197664, 0.9225567830183703, 0.5, 1.0]","{""time"": 1.0, ""collisions"": 0.05, ""congestion"": 1.0, ""fairness"": 1.0, ""incomplete_base"": 1000.0, ""incomplete_agent"": 10.0}","[75.75619047619048, 68.61622023809524, 40.38835331335331, 69.13456486042693, 45.12540671072699, 46.03201298701298, 69.88582251082252, 78.39151469098277, 49.180066041014946, 58.91391257995735]","[30.0, 32.0, 28.6, 29.0, 28.1, 27.5, 33.0, 32.9, 27.400000000000002, 33.5]"
ga,22,5,48.3261833980595,34.32000000000001,49.7,1.6932072075832967,5.2,12.912857142857144,22.740833333333335,9.82797619047619,True,0.0,hospital_corridor,28,12,"[11, 29, 47, 53, 61, 73, 89, 97, 101, 109]","[2.89059199600089, 3.4705457603666243, 0.9224840716565907, 0.5, 1.0]","{""time"": 1.0, ""collisions"": 0.05, ""congestion"": 1.0, ""fairness"": 1.0, ""incomplete_base"": 1000.0, ""incomplete_agent"": 10.0}","[45.921563342318066, 42.595149638802894, 44.18611111111112, 59.170389451624175, 35.1538961038961, 43.021791767554475, 53.73106060606061, 55.299615975422434, 54.02999609679937, 50.15225988700565]","[31.8, 32.300000000000004, 31.5, 40.900000000000006, 26.400000000000002, 29.5, 38.5, 40.300000000000004, 36.6, 35.4]"
ga,22,6,52.75371611384913,36.32,96.7,1.7758589709919856,5.1,14.22714285714286,24.05,9.822857142857144,True,0.0,hospital_corridor,28,12,"[11, 29, 47, 53, 61, 73, 89, 97, 101, 109]","[2.784725194554141, 3.429612929201598, 0.9241439570655143, 0.5, 1.0]","{""time"": 1.0, ""collisions"": 0.05, ""congestion"": 1.0, ""fairness"": 1.0, ""incomplete_base"": 1000.0, ""incomplete_agent"": 10.0}","[80.69258241758243, 42.469203382287496, 44.22628032345013, 55.20763305322129, 35.898033126293996, 52.39646297825489, 58.32305996472663, 52.63725868725869, 58.37586580086581, 47.31078140454996]","[45.5, 32.1, 31.8, 40.800000000000004, 27.6, 34.6, 40.5, 37.0, 39.6, 33.7]"
ga,22,7,51.719749501205285,36.39999999999999,57.5,1.7454637869195804,5.2,13.338214285714287,24.0375,10.699285714285717,True,0.0,hospital_corridor,28,12,"[11, 29, 47, 53, 61, 73, 89, 97, 101, 109]","[2.8217201158384166, 3.386019341053232, 0.9241598935703368, 0.5, 1.0]","{""time"": 1.0, ""collisions"": 0.05, ""congestion"": 1.0, ""fairness"": 1.0, ""incomplete_base"": 1000.0, ""incomplete_agent"": 10.0}","[90.75213032581453, 41.22596443640748, 44.72282608695652, 59.43930276167747, 35.63281166399144, 44.84295408717233, 54.87436365850688, 49.8980659025788, 48.08033509700176, 47.72874099194574]","[60.800000000000004, 31.6, 32.2, 41.900000000000006, 26.700000000000003, 30.700000000000003, 39.1, 34.9, 32.4, 33.7]"
ga,22,8,48.348776481149535,33.98,68.4,1.7621098144828706,5.1,13.420000000000002,22.606666666666666,9.186666666666667,True,0.0,hospital_corridor,28,12,"[11, 29, 47, 53, 61, 73, 89, 97, 101, 109]","[2.8476925430583746, 3.3827695986074047, 0.9242301253831791, 0.5, 1.0]","{""time"": 1.0, ""collisions"": 0.05, ""congestion"": 1.0, ""fairness"": 1.0, ""incomplete_base"": 1000.0, ""incomplete_agent"": 10.0}","[64.27789855072464, 41.92693452380953, 53.031932403568284, 43.26904761904762, 35.05064729313779, 42.725047938638546, 53.85003084135209, 51.88090781767252, 48.762577639751555, 48.71274018379282]","[41.400000000000006, 32.0, 37.9, 30.0, 26.3, 29.8, 38.6, 37.4, 32.2, 34.2]"
ga,22,9,51.54376546806411,33.97,124.5,1.6788845156831513,5.1,12.849285714285717,22.51916666666667,9.669880952380954,True,0.0,hospital_corridor,28,12,"[11, 29, 47, 53, 61, 73, 89, 97, 101, 109]","[2.851114980606729, 2.7326772545851483, 0.9242253365311457, 0.5, 1.0]","{""time"": 1.0, ""collisions"": 0.05, ""congestion"": 1.0, ""fairness"": 1.0, ""incomplete_base"": 1000.0, ""incomplete_agent"": 10.0}","[64.73575920934411, 42.5, 49.31822286908494, 56.412108013937285, 41.45412087912088, 46.140322217214965, 56.54129464285715, 54.68034898891064, 51.04852963128826, 52.606948228882835]","[37.1, 31.5, 31.900000000000002, 32.800000000000004, 31.200000000000003, 31.700000000000003, 38.400000000000006, 36.5, 31.900000000000002, 36.7]"
ga,22,10,1224.3968034212924,42.75,3365.7,1.7279181399070702,6.3,13.272857142857143,23.906742424242424,10.63388528138528,False,0.1,hospital_corridor,28,12,"[11, 29, 47, 53, 61, 73, 89, 97, 101, 109]","[2.3310268740062474, 3.304371520796091, 0.5184107203295203, 0.5, 1.0]","{""time"": 1.0, ""collisions"": 0.05, ""congestion"": 1.0, ""fairness"": 1.0, ""incomplete_base"": 1000.0, ""incomplete_agent"": 10.0}","[1312.9852337662337, 222.5647169103862, 181.032964453387, 215.18001474926254, 180.14761904761903, 172.44465894465893, 250.1289285714286, 277.16138973319823, 227.68100072516316, 204.64150731158605]","[100.0, 38.1, 35.5, 33.9, 30.6, 29.6, 40.0, 42.300000000000004, 39.400000000000006, 38.1]"
ga,22,11,46.27761293775977,32.79,40.5,1.9246367472835888,5.3,13.137857142857143,22.675833333333333,9.53797619047619,True,0.0,hospital_corridor,28,12,"[11, 29, 47, 53, 61, 73, 89, 97, 101, 109]","[2.821880123626835, 3.384867408607618, 0.9241184870517173, 0.5, 1.0]","{""time"": 1.0, ""collisions"": 0.05, ""congestion"": 1.0, ""fairness"": 1.0, ""incomplete_base"": 1000.0, ""incomplete_agent"": 10.0}","[48.08737646001797, 41.60039682539683, 44.74518633540373, 42.62088744588745, 35.76906538734897, 43.725607222754874, 56.0499406246289, 49.96160458452722, 49.46687988628287, 50.749184605348994]","[31.8, 31.5, 32.2, 30.8, 26.8, 29.8, 40.1, 34.9, 33.5, 36.5]"
ga,22,12,48.70970626935676,34.64,53.9,1.7729205550710456,5.2,13.523214285714285,23.125000000000004,9.601785714285715,True,0.0,hospital_corridor,28,12,"[11, 29, 47, 53, 61, 73, 89, 97, 101, 109]","[2.8541432981171257, 3.6346942805433295, 0.9168801669807676, 0.5, 1.0]","{""time"": 1.0, ""collisions"": 0.05, ""congestion"": 1.0, ""fairness"": 1.0, ""incomplete_base"": 1000.0, ""incomplete_agent"": 10.0}","[66.26788931788933, 43.14637681159421, 44.109523809523814, 42.299061810154534, 35.50738183749336, 44.13066949552098, 53.98882428940569, 53.5314398200225, 45.99899654725939, 58.11689895470383]","[44.400000000000006, 32.2, 31.5, 30.200000000000003, 26.900000000000002, 30.3, 38.7, 38.1, 33.1, 41.0]"
ga,22,13,52.82930958346243,37.540000000000006,61.9,1.7206191072719483,5.1,14.422142857142855,24.895833333333336,10.473690476190479,True,0.0,hospital_corridor,28,12,"[11, 29, 47, 53, 61, 73, 89, 97, 101, 109]","[2.5534387965387637, 3.3841138588530137, 0.9176095553315989, 0.5, 1.0]","{""time"": 1.0, ""collisions"": 0.05, ""congestion"": 1.0, ""fairness"": 1.0, ""incomplete_base"": 1000.0, ""incomplete_agent"": 10.0}","[68.66153162757641, 54.93459419757621, 47.946753246753254, 53.141985376827904, 39.29327541827543, 48.92273502524219, 55.99291607732202, 60.01798790454397, 48.93008658008658, 50.451230380420334]","[46.900000000000006, 38.900000000000006, 34.1, 38.1, 29.6, 34.9, 40.400000000000006, 43.7, 33.0, 35.800000000000004]"
ga,22,14,45.959686153372495,32.7,48.2,1.7355194867058252,4.9,13.005,22.11916666666667,9.114166666666668,True,0.0,hospital_corridor,28,12,"[11, 29, 47, 53, 61, 73, 89, 97, 101, 109]","[2.847689265018116, 3.3766537920327053, 0.9242349905502372, 0.5, 1.0]","{""time"": 1.0, ""collisions"": 0.05, ""congestion"": 1.0, ""fairness"": 1.0, ""incomplete_base"": 1000.0, ""incomplete_agent"": 10.0}","[48.9316920259228, 42.22062877782693, 44.63511904761905, 43.91923937360179, 34.48995819701927, 44.44047231270358, 53.72570136581765, 52.28783068783069, 48.24019607843138, 46.70602366695181]","[33.800000000000004, 32.300000000000004, 32.0, 29.8, 26.200000000000003, 30.700000000000003, 38.7, 37.800000000000004, 32.300000000000004, 33.4]"
ga,22,15,54.31760642350774,38.480000000000004,64.8,1.6668921377934562,5.3,14.321785714285713,25.252500000000005,10.930714285714284,True,0.0,hospital_corridor,28,12,"[11, 29, 47, 53, 61, 73, 89, 97, 101, 109]","[2.4923936779881464, 3.3766537920327053, 0.9242349905502372, 0.5, 1.0]","{""time"": 1.0, ""collisions"": 0.05, ""congestion"": 1.0, ""fairness"": 1.0, ""incomplete_base"": 1000.0, ""incomplete_agent"": 10.0}","[79.83906761177754, 45.13267802533858, 47.644214763269204, 51.44465294592413, 39.05267857142857, 49.95274086378737, 57.30104807473229, 67.44735023041476, 48.88511904761905, 56.47651410078594]","[52.400000000000006, 32.7, 34.9, 35.4, 28.8, 34.4, 41.800000000000004, 49.6, 33.6, 41.2]"
ga,22,16,70.77214194419373,30.840000000000003,575.3,1.799760991812778,5.3,11.684285714285716,21.05166666666667,9.367380952380952,True,0.0,hospital_corridor,28,12,"[11, 29, 47, 53, 61, 73, 89, 97, 101, 109]","[2.8505200281247705, 3.45718414885827, 0.7528441344563728, 0.5, 1.0]","{""time"": 1.0, ""collisions"": 0.05, ""congestion"": 1.0, ""fairness"": 1.0, ""incomplete_base"": 1000.0, ""incomplete_agent"": 10.0}","[90.04251700680273, 70.96571038251366, 57.83679653679654, 92.60228310502283, 59.058779761904766, 61.91055341055341, 75.58833333333332, 69.07764383355867, 70.79270353302611, 59.846098538425274]","[29.400000000000002, 30.5, 29.700000000000003, 29.200000000000003, 32.0, 29.6, 35.0, 31.700000000000003, 31.0, 30.3]"
ga,22,17,48.221208308197504,34.17999999999999,44.6,1.6844225939118054,5.3,13.053214285714285,23.18,10.126785714285713,True,0.0,hospital_corridor,28,12,"[11, 29, 47, 53, 61, 73, 89, 97, 101, 109]","[2.7357207259994274, 3.378472270109013, 0.9242148271974183, 0.5, 1.0]","{""time"": 1.0, ""collisions"": 0.05, ""congestion"": 1.0, ""fairness"": 1.0, ""incomplete_base"": 1000.0, ""incomplete_agent"": 10.0}","[48.12678571428572, 43.21221340388007, 44.42053571428572, 50.37863408521304, 36.60206766917293, 46.511712749615974, 55.3494227994228, 62.30767651888341, 47.2450176366843, 48.05801679053124]","[33.6, 32.4, 32.0, 34.2, 28.5, 31.0, 39.6, 43.5, 32.4, 34.6]"
ga,22,18,45.959686153372495,32.7,48.2,1.7355194867058252,4.9,13.005,22.11916666666667,9.114166666666668,True,0.0,hospital_corridor,28,12,"[11, 29, 47, 53, 61, 73, 89, 97, 101, 109]","[2.847689265018116, 3.3766537920327053, 0.9242349905502372, 0.5, 1.0]","{""time"": 1.0, ""collisions"": 0.05, ""congestion"": 1.0, ""fairness"": 1.0, ""incomplete_base"": 1000.0, ""incomplete_agent"": 10.0}","[48.9316920259228, 42.22062877782693, 44.63511904761905, 43.91923937360179, 34.48995819701927, 44.44047231270358, 53.72570136581765, 52.28783068783069, 48.24019607843138, 46.70602366695181]","[33.800000000000004, 32.300000000000004, 32.0, 29.8, 26.200000000000003, 30.700000000000003, 38.7, 37.800000000000004, 32.300000000000004, 33.4]"
ga,22,19,49.886382418654875,33.17,108.3,1.711263371035825,5.3,12.470714285714287,22.060833333333335,9.59011904761905,True,0.0,hospital_corridor,28,12,"[11, 29, 47, 53, 61, 73, 89, 97, 101, 109]","[3.399945162768338, 3.3766537920327053, 0.9242349905502372, 0.5, 1.0]","{""time"": 1.0, ""collisions"": 0.05, ""congestion"": 1.0, ""fairness"": 1.0, ""incomplete_base"": 1000.0, ""incomplete_agent"": 10.0}","[69.37236131566029, 41.82735760971055, 43.55623486682809, 58.385047369733236, 39.29562160434644, 45.00586932447397, 55.47469733656174, 49.82114496768236, 49.368201754385964, 46.75728803716609]","[38.800000000000004, 30.6, 29.5, 38.2, 29.8, 30.1, 35.4, 36.1, 30.400000000000002, 32.800000000000004]"
ga,22,20,1210.9427435621162,39.17,3192.0,1.8212933456659943,6.0,12.476428571428572,21.827878787878785,9.351450216450216,False,0.1,hospital_corridor,28,12,"[11, 29, 47, 53, 61, 73, 89, 97, 101, 109]","[2.8484878811903496, 3.5679160549718425, 0.5, 0.5, 1.0]","{""time"": 1.0, ""collisions"": 0.05, ""congestion"": 1.0, ""fairness"": 1.0, ""incomplete_base"": 1000.0, ""incomplete_agent"": 10.0}","[1299.273883116883, 211.00907817672527, 162.64832689832687, 220.6261037527594, 199.77042218949438, 158.05833333333334, 211.10598455598455, 245.92115800865798, 222.48849206349206, 178.52565352550516]","[100.0, 37.4, 29.6, 30.200000000000003, 29.1, 28.0, 37.0, 35.2, 31.5, 33.7]"
ga,22,21,1221.8629801846387,100.0,15.2,0.40800000000000003,3.4,14.09243395677549,24.78741414141414,10.694980184638654,False,11.0,hospital_corridor,28,12,"[11, 29, 47, 53, 61, 73, 89, 97, 101, 109]","[2.850319642474754, 3.379127139572873, 1.3304527557773589, 0.5, 1.0]","{""time"": 1.0, ""collisions"": 0.05, ""congestion"": 1.0, ""fairness"": 1.0, ""incomplete_base"": 1000.0, ""incomplete_agent"": 10.0}","[1220.3863157894737, 1263.1006493506493, 1200.9067575757576, 1231.2611052631578, 1218.380052631579, 1214.0978636363636, 1183.2569444444443, 1175.5220769230768, 1199.7343695652173, 1311.9836666666667]","[100.0, 100.0, 100.0, 100.0, 100.0, 100.0, 100.0, 100.0, 100.0, 100.0]"
ga,22,22,45.959686153372495,32.7,48.2,1.7355194867058252,4.9,13.005,22.11916666666667,9.114166666666668,True,0.0,hospital_corridor,28,12,"[11, 29, 47, 53, 61, 73, 89, 97, 101, 109]","[2.847689265018116, 3.3766537920327053, 0.9242349905502372, 0.5, 1.0]","{""time"": 1.0, ""collisions"": 0.05, ""congestion"": 1.0, ""fairness"": 1.0, ""incomplete_base"": 1000.0, ""incomplete_agent"": 10.0}","[48.9316920259228, 42.22062877782693, 44.63511904761905, 43.91923937360179, 34.48995819701927, 44.44047231270358, 53.72570136581765, 52.28783068783069, 48.24019607843138, 46.70602366695181]","[33.800000000000004, 32.300000000000004, 32.0, 29.8, 26.200000000000003, 30.700000000000003, 38.7, 37.800000000000004, 32.300000000000004, 33.4]"
ga,22,23,45.959686153372495,32.7,48.2,1.7355194867058252,4.9,13.005,22.11916666666667,9.114166666666668,True,0.0,hospital_corridor,28,12,"[11, 29, 47, 53, 61, 73, 89, 97, 101, 109]","[2.847689265018116, 3.3766537920327053, 0.9242349905502372, 0.5, 1.0]","{""time"": 1.0, ""collisions"": 0.05, ""congestion"": 1.0, ""fairness"": 1.0, ""incomplete_base"": 1000.0, ""incomplete_agent"": 10.0}","[48.9316920259228, 42.22062877782693, 44.63511904761905, 43.91923937360179, 34.48995819701927, 44.44047231270358, 53.72570136581765, 52.28783068783069, 48.24019607843138, 46.70602366695181]","[33.800000000000004, 32.300000000000004, 32.0, 29.8, 26.200000000000003, 30.700000000000003, 38.7, 37.800000000000004, 32.300000000000004, 33.4]"
ga,23,0,45.959686153372495,32.7,48.2,1.7355194867058252,4.9,13.005,22.11916666666667,9.114166666666668,True,0.0,hospital_corridor,28,12,"[11, 29, 47, 53, 61, 73, 89, 97, 101, 109]","[2.847689265018116, 3.3766537920327053, 0.9242349905502372, 0.5, 1.0]","{""time"": 1.0, ""collisions"": 0.05, ""congestion"": 1.0, ""fairness"": 1.0, ""incomplete_base"": 1000.0, ""incomplete_agent"": 10.0}","[48.9316920259228, 42.22062877782693, 44.63511904761905, 43.91923937360179, 34.48995819701927, 44.44047231270358, 53.72570136581765, 52.28783068783069, 48.24019607843138, 46.70602366695181]","[33.800000000000004, 32.300000000000004, 32.0, 29.8, 26.200000000000003, 30.700000000000003, 38.7, 37.800000000000004, 32.300000000000004, 33.4]"
ga,23,1,45.959686153372495,32.7,48.2,1.7355194867058252,4.9,13.005,22.11916666666667,9.114166666666668,True,0.0,hospital_corridor,28,12,"[11, 29, 47, 53, 61, 73, 89, 97, 101, 109]","[2.847689265018116, 3.3766537920327053, 0.9242349905502372, 0.5, 1.0]","{""time"": 1.0, ""collisions"": 0.05, ""congestion"": 1.0, ""fairness"": 1.0, ""incomplete_base"": 1000.0, ""incomplete_agent"": 10.0}","[48.9316920259228, 42.22062877782693, 44.63511904761905, 43.91923937360179, 34.48995819701927, 44.44047231270358, 53.72570136581765, 52.28783068783069, 48.24019607843138, 46.70602366695181]","[33.800000000000004, 32.300000000000004, 32.0, 29.8, 26.200000000000003, 30.700000000000003, 38.7, 37.800000000000004, 32.300000000000004, 33.4]"
ga,23,2,183.89575566725358,32.620000000000005,2792.6,1.8643270958250142,5.7,12.093571428571428,21.875000000000004,9.781428571428572,True,0.0,hospital_corridor,28,12,"[11, 29, 47, 53, 61, 73, 89, 97, 101, 109]","[2.7525641325643617, 3.3775227669959933, 0.6962827238145268, 0.5, 1.0]","{""time"": 1.0, ""collisions"": 0.05, ""congestion"": 1.0, ""fairness"": 1.0, ""incomplete_base"": 1000.0, ""incomplete_agent"": 10.0}","[259.7164237123421, 201.2823394495413, 148.02381350533526, 176.23747110494685, 160.64349098000977, 167.84599644128113, 176.9033385093168, 206.52933513027853, 176.4993031358885, 165.27604470359574]","[34.300000000000004, 32.7, 29.900000000000002, 30.900000000000002, 29.3, 28.1, 36.800000000000004, 37.1, 32.800000000000004, 34.300000000000004]"
ga,23,3,48.03747309502476,34.57000000000001,50.1,1.6871159521675991,5.1,13.519642857142856,22.794999999999998,9.275357142857144,True,0.0,hospital_corridor,28,12,"[11, 29, 47, 53, 61, 73, 89, 97, 101, 109]","[2.8308458584531815, 3.377603295145725, 0.9242335376813643, 0.5, 1.0]","{""time"": 1.0, ""collisions"": 0.05, ""congestion"": 1.0, ""fairness"": 1.0, ""incomplete_base"": 1000.0, ""incomplete_agent"": 10.0}","[50.060455486542445, 42.1338896306186, 51.241899107928134, 41.1547342192691, 35.75306691449814, 44.04351503759399, 59.11005547850208, 53.832453416149065, 52.73342044134727, 50.31124121779859]","[34.5, 32.1, 37.9, 30.1, 26.900000000000002, 30.400000000000002, 41.2, 39.1, 36.9, 36.6]"
ga,23,4,48.525378117338214,33.07000000000001,83.8,1.782282879242968,5.1,13.003571428571428,22.486666666666668,9.48309523809524,True,0.0,hospital_corridor,28,12,"[11, 29, 47, 53, 61, 73, 89, 97, 101, 109]","[2.857996412081245, 3.0718100455793707, 0.9242349905502372, 0.5, 1.0]","{""time"": 1.0, ""collisions"": 0.05, ""congestion"": 1.0, ""fairness"": 1.0, ""incomplete_base"": 1000.0, ""incomplete_agent"": 10.0}","[60.50309129176533, 50.3346098680436, 46.20856449375867, 41.27130872483221, 34.59701696770662, 45.024446016030176, 53.67992227979275, 57.354270121146705, 50.33313613789075, 45.947415272415284]","[36.2, 33.2, 30.900000000000002, 29.8, 26.1, 30.3, 38.6, 39.7, 32.6, 33.300000000000004]"
ga,23,5,48.221208308197504,34.17999999999999,44.6,1.6844225939118054,5.3,13.053214285714285,23.18,10.126785714285713,True,0.0,hospital_corridor,28,12,"[11, 29, 47, 53, 61, 73, 89, 97, 101, 109]","[2.7357207259994274, 3.378472270109013, 0.9242148271974183, 0.5, 1.0]","{""time"": 1.0, ""collisions"": 0.05, ""congestion"": 1.0, ""fairness"": 1.0, ""incomplete_base"": 1000.0, ""incomplete_agent"": 10.0}","[48.12678571428572, 43.21221340388007, 44.42053571428572, 50.37863408521304, 36.60206766917293, 46.511712749615974, 55.3494227994228, 62.30767651888341, 47.2450176366843, 48.05801679053124]","[33.6, 32.4, 32.0, 34.2, 28.5, 31.0, 39.6, 43.5, 32.4, 34.6]"
ga,23,6,1221.7758910743592,100.0,23.7,0.4286,4.1,14.261062460994385,24.423353535353534,10.162291074359153,False,11.0,hospital_corridor,28,12,"[11, 29, 47, 53, 61, 73, 89, 97, 101, 109]","[2.89059199600089, 3.420778004321652, 1.3039462230788894, 0.5, 1.0]","{""time"": 1.0, ""collisions"": 0.05, ""congestion"": 1.0, ""fairness"": 1.0, ""incomplete_base"": 1000.0, ""incomplete_agent"": 10.0}","[1210.22, 1262.5310909090908, 1200.6719292929292, 1228.713, 1219.2985789473685, 1196.4415, 1181.5911666666666, 1204.428, 1201.6959782608697, 1312.1676666666667]","[100.0, 100.0, 100.0, 100.0, 100.0, 100.0, 100.0, 100.0, 100.0, 100.0]"
ga,23,7,49.886382418654875,33.17,108.3,1.711263371035825,5.3,12.470714285714287,22.060833333333335,9.59011904761905,True,0.0,hospital_corridor,28,12,"[11, 29, 47, 53, 61, 73, 89, 97, 101, 109]","[3.399945162768338, 3.3766537920327053, 0.9242349905502372, 0.5, 1.0]","{""time"": 1.0, ""collisions"": 0.05, ""congestion"": 1.0, ""fairness"": 1.0, ""incomplete_base"": 1000.0, ""incomplete_agent"": 10.0}","[69.37236131566029, 41.82735760971055, 43.55623486682809, 58.385047369733236, 39.29562160434644, 45.00586932447397, 55.47469733656174, 49.82114496768236, 49.368201754385964, 46.75728803716609]","[38.800000000000004, 30.6, 29.5, 38.2, 29.8, 30.1, 35.4, 36.1, 30.400000000000002, 32.800000000000004]"
ga,23,8,1231.9516482247284,100.0,42.2,0.36539999999999995,3.7,13.62861685463659,23.104865079365076,9.47624822472849,False,12.0,hospital_corridor,28,12,"[11, 29, 47, 53, 61, 73, 89, 97, 101, 109]","[2.8588298587053362, 2.8500026107246645, 1.3809774470313263, 0.5, 1.0]","{""time"": 1.0, ""collisions"": 0.05, ""congestion"": 1.0, ""fairness"": 1.0, ""incomplete_base"": 1000.0, ""incomplete_agent"": 10.0}","[1211.597, 1278.5051785714286, 1209.432888888889, 1227.0204152046783, 1221.0755789473685, 1213.0587272727273, 1194.4212727272727, 1257.8100952380953, 1182.4406111111111, 1324.1547142857144]","[100.0, 100.0, 100.0, 100.0, 100.0, 100.0, 100.0, 100.0, 100.0, 100.0]"
ga,23,9,49.45775193461605,30.950000000000006,157.6,1.9173947917589025,5.4,12.452142857142857,21.1625,8.710357142857143,True,0.0,hospital_corridor,28,12,"[11, 29, 47, 53, 61, 73, 89, 97, 101, 109]","[3.7176539463015876, 3.392162651186915, 0.9237479570727221, 0.5, 1.0]","{""time"": 1.0, ""collisions"": 0.05, ""congestion"": 1.0, ""fairness"": 1.0, ""incomplete_base"": 1000.0, ""incomplete_agent"": 10.0}","[65.32216147045138, 48.10810748736794, 42.80533873343152, 49.36272696128812, 40.80340078010727, 43.918353174603176, 53.97513842746401, 53.38019922254617, 47.85208236389019, 49.050010725010736]","[30.700000000000003, 31.1, 29.1, 27.8, 29.3, 28.8, 34.4, 34.300000000000004, 30.700000000000003, 33.300000000000004]"
ga,23,10,49.27744960072481,35.1,48.3,1.6862591245343324,5.1,13.129642857142859,23.205833333333338,10.076190476190478,True,0.0,hospital_corridor,28,12,"[11, 29, 47, 53, 61, 73, 89, 97, 101, 109]","[2.833074646437939, 3.311254449693691, 0.9241605497027864, 0.5, 1.0]","{""time"": 1.0, ""collisions"": 0.05, ""congestion"": 1.0, ""fairness"": 1.0, ""incomplete_base"": 1000.0, ""incomplete_agent"": 10.0}","[69.63283369022128, 42.35727106227107, 44.00759441707718, 42.243095238095236, 34.914676481279535, 43.67619047619048, 54.91181434599156, 60.43097689876867, 46.297971781305115, 54.302071616047996]","[46.7, 32.5, 31.900000000000002, 30.0, 26.200000000000003, 30.0, 39.5, 43.7, 32.4, 38.1]"
ga,23,11,48.24455049241525,34.269999999999996,50.3,1.7182409686057283,5.4,13.125357142857144,22.866666666666667,9.741309523809525,True,0.0,hospital_corridor,28,12,"[11, 29, 47, 53, 61, 73, 89, 97, 101, 109]","[2.836494742207012, 3.3772380646020044, 0.9241929278991681, 0.5, 1.0]","{""time"": 1.0, ""collisions"": 0.05, ""congestion"": 1.0, ""fairness"": 1.0, ""incomplete_base"": 1000.0, ""incomplete_agent"": 10.0}","[62.67850140056022, 42.04521584334669, 45.07830518788985, 46.898511904761904, 36.01620469083156, 43.29689265536723, 54.228401360544225, 55.41453634085213, 48.65120473339036, 48.13773080660836]","[44.2, 32.1, 31.3, 32.0, 26.8, 29.5, 39.2, 39.900000000000006, 33.4, 34.300000000000004]"
ga,23,12,48.46287036257725,33.870000000000005,62.2,1.6783465530534403,5.0,12.797142857142857,22.601666666666667,9.804523809523811,True,0.0,hospital_corridor,28,12,"[11, 29, 47, 53, 61, 73, 89, 97, 101, 109]","[2.847689265018116, 3.3766537920327053, 0.8996730174166329, 0.5, 1.0]","{""time"": 1.0, ""collisions"": 0.05, ""congestion"": 1.0, ""fairness"": 1.0, ""incomplete_base"": 1000.0, ""incomplete_agent"": 10.0}","[59.19826751838947, 42.160354463328744, 44.35491551459294, 45.49635176651306, 37.01193829644534, 50.15401828353118, 55.38442485306466, 57.535705379408626, 46.501490876724525, 46.831236673773994]","[36.9, 31.1, 31.0, 31.0, 28.400000000000002, 34.9, 39.7, 40.1, 32.1, 33.5]"
ga,23,13,45.959686153372495,32.7,48.2,1.7355194867058252,4.9,13.005,22.11916666666667,9.114166666666668,True,0.0,hospital_corridor,28,12,"[11, 29, 47, 53, 61, 73, 89, 97, 101, 109]","[2.847689265018116, 3.3766537920327053, 0.9242349905502372, 0.5, 1.0]","{""time"": 1.0, ""collisions"": 0.05, ""congestion"": 1.0, ""fairness"": 1.0, ""incomplete_base"": 1000.0, ""incomplete_agent"": 10.0}","[48.9316920259228, 42.22062877782693, 44.63511904761905, 43.91923937360179, 34.48995819701927, 44.44047231270358, 53.72570136581765, 52.28783068783069, 48.24019607843138, 46.70602366695181]","[33.800000000000004, 32.300000000000004, 32.0, 29.8, 26.200000000000003, 30.700000000000003, 38.7, 37.800000000000004, 32.300000000000004, 33.4]"
ga,23,14,49.818895791540214,34.21,86.7,1.8498481724925906,5.3,13.426785714285714,22.850833333333334,9.424047619047618,True,0.0,hospital_corridor,28,12,"[11, 29, 47, 53, 61, 73, 89, 97, 101, 109]","[2.847689265018116, 3.3766537920327053, 0.8857462761166008, 0.5, 1.0]","{""time"": 1.0, ""collisions"": 0.05, ""congestion"": 1.0, ""fairness"": 1.0, ""incomplete_base"": 1000.0, ""incomplete_agent"": 10.0}","[55.24942803937218, 42.02643163374675, 45.85906593406594, 61.03128895537273, 34.36280566280566, 45.66706349206349, 55.79010416666668, 52.6607910906298, 47.713814016172506, 57.82816492450639]","[35.800000000000004, 31.1, 31.200000000000003, 38.2, 25.900000000000002, 31.5, 38.400000000000006, 37.2, 31.8, 41.0]"
ga,23,15,48.68750678532971,34.9,45.7,1.7259591662820852,5.5,13.569285714285716,23.345833333333335,9.776547619047621,True,0.0,hospital_corridor,28,12,"[11, 29, 47, 53, 61, 73, 89, 97, 101, 109]","[2.71155060360454, 3.3766537920327053, 0.9242349905502372, 0.5, 1.0]","{""time"": 1.0, ""collisions"": 0.05, ""congestion"": 1.0, ""fairness"": 1.0, ""incomplete_base"": 1000.0, ""incomplete_agent"": 10.0}","[59.62118364092049, 45.54309523809523, 45.638717948717954, 38.949290524290525, 37.36159673659674, 47.71521739130435, 56.59738955823293, 54.646867167919794, 48.894841269841265, 51.90686837737776]","[41.800000000000004, 35.0, 32.5, 29.700000000000003, 28.6, 32.2, 41.5, 38.0, 32.4, 37.300000000000004]"
ga,23,16,51.74011445220323,36.54,66.9,1.6291620712508474,5.3,13.413214285714286,23.639166666666668,10.225952380952382,True,0.0,hospital_corridor,28,12,"[11, 29, 47, 53, 61, 73, 89, 97, 101, 109]","[2.7958237664074796, 3.3805758964389643, 0.9242268104535829, 0.5, 1.0]","{""time"": 1.0, ""collisions"": 0.05, ""congestion"": 1.0, ""fairness"": 1.0, ""incomplete_base"": 1000.0, ""incomplete_agent"": 10.0}","[72.5718939627687, 41.965623617868204, 44.85092177937006, 63.7671768707483, 35.41399371069183, 45.59239926739927, 54.73551838456902, 55.41582892416226, 46.494620811287476, 56.593167193167204]","[46.300000000000004, 32.300000000000004, 31.900000000000002, 44.1, 26.5, 31.200000000000003, 39.5, 40.5, 32.4, 40.7]"
ga,23,17,47.899207787531985,34.04,52.9,1.767660168484364,5.3,13.534285714285716,22.980833333333337,9.44654761904762,True,0.0,hospital_corridor,28,12,"[11, 29, 47, 53, 61, 73, 89, 97, 101, 109]","[2.7875895026503223, 3.3806659722774532, 0.9242181421270144, 0.5, 1.0]","{""time"": 1.0, ""collisions"": 0.05, ""congestion"": 1.0, ""fairness"": 1.0, ""incomplete_base"": 1000.0, ""incomplete_agent"": 10.0}","[53.0697164258962, 41.884161490683226, 45.347574955908286, 43.89282178217822, 35.71036285362854, 43.034543987086366, 54.139468864468874, 58.422187715665984, 47.34516483516484, 56.146074964639325]","[35.6, 32.2, 32.4, 30.3, 27.1, 29.5, 39.0, 41.400000000000006, 32.5, 40.400000000000006]"
ga,23,18,45.959686153372495,32.7,48.2,1.7355194867058252,4.9,13.005,22.11916666666667,9.114166666666668,True,0.0,hospital_corridor,28,12,"[11, 29, 47, 53, 61, 73, 89, 97, 101, 109]","[2.847689265018116, 3.3766537920327053, 0.9242349905502372, 0.5, 1.0]","{""time"": 1.0, ""collisions"": 0.05, ""congestion"": 1.0, ""fairness"": 1.0, ""incomplete_base"": 1000.0, ""incomplete_agent"": 10.0}","[48.9316920259228, 42.22062877782693, 44.63511904761905, 43.91923937360179, 34.48995819701927, 44.44047231270358, 53.72570136581765, 52.28783068783069, 48.24019607843138, 46.70602366695181]","[33.800000000000004, 32.300000000000004, 32.0, 29.8, 26.200000000000003, 30.700000000000003, 38.7, 37.800000000000004, 32.300000000000004, 33.4]"
ga,23,19,52.55270283121644,36.22,81.1,1.5868694978831075,4.9,12.947500000000002,23.638333333333332,10.690833333333336,True,0.0,hospital_corridor,28,12,"[11, 29, 47, 53, 61, 73, 89, 97, 101, 109]","[2.847689265018116, 3.3766537920327053, 0.8940565062894269, 0.5, 1.0]","{""time"": 1.0, ""collisions"": 0.05, ""congestion"": 1.0, ""fairness"": 1.0, ""incomplete_base"": 1000.0, ""incomplete_agent"": 10.0}","[64.69426406926408, 41.97838827838828, 43.7455154877485, 69.76875000000001, 49.96060060629026, 43.12836965294593, 57.2046365914787, 55.19704496011604, 49.8079365079365, 50.04152215799615]","[41.800000000000004, 31.200000000000003, 30.900000000000002, 44.800000000000004, 37.7, 29.5, 39.900000000000006, 39.400000000000006, 32.4, 34.6]"
ga,23,20,49.37879894690708,34.75,64.5,1.7007037088118433,4.9,13.49107142857143,23.194166666666668,9.703095238095239,True,0.0,hospital_corridor,28,12,"[11, 29, 47, 53, 61, 73, 89, 97, 101, 109]","[2.847690761165577, 3.378774179105204, 0.9242301732398314, 0.5, 1.0]","{""time"": 1.0, ""collisions"": 0.05, ""congestion"": 1.0, ""fairness"": 1.0, ""incomplete_base"": 1000.0, ""incomplete_agent"": 10.0}","[50.29114175929738, 42.50141983398864, 45.713773357444246, 54.02628205128206, 35.38354978354979, 62.96340806395552, 53.37347294938918, 53.3172588206267, 47.71501035196688, 48.50267249757046]","[34.7, 32.7, 31.6, 37.7, 26.400000000000002, 41.1, 38.2, 38.6, 32.2, 34.300000000000004]"
ga,23,21,1116.5304700399988,74.63999999999999,40.6,0.9412982950771351,4.6,13.43966158841159,24.358833333333337,10.919171744921746,False,2.8,hospital_corridor,28,12,"[11, 29, 47, 53, 61, 73, 89, 97, 101, 109]","[2.8476910469109136, 3.380649211534906, 1.0240429730877416, 0.5, 1.0]","{""time"": 1.0, ""collisions"": 0.05, ""congestion"": 1.0, ""fairness"": 1.0, ""incomplete_base"": 1000.0, ""incomplete_agent"": 10.0}","[61.1137774210808, 1175.447909090909, 49.31012913640032, 1149.466, 1168.730909090909, 45.364803312629405, 1153.6789230769232, 1140.1025714285715, 48.131511175898936, 1173.9581666666668]","[44.5, 100.0, 35.4, 100.0, 100.0, 32.2, 100.0, 100.0, 34.300000000000004, 100.0]"
ga,23,22,1206.1984937783407,100.0,9.6,0.47220000000000006,3.9,15.224271878224977,27.470565656565658,12.246293778340682,False,9.3,hospital_corridor,28,12,"[11, 29, 47, 53, 61, 73, 89, 97, 101, 109]","[2.106899834633844, 3.3766537920327053, 1.1035186705770204, 0.5, 1.0]","{""time"": 1.0, ""collisions"": 0.05, ""congestion"": 1.0, ""fairness"": 1.0, ""incomplete_base"": 1000.0, ""incomplete_agent"": 10.0}","[1189.6663073593074, 1261.7040882352942, 1163.155, 1210.78, 1228.6082631578947, 1222.6470714285715, 1175.7898333333333, 1187.0965, 1172.5611111111111, 1249.9767631578948]","[100.0, 100.0, 100.0, 100.0, 100.0, 100.0, 100.0, 100.0, 100.0, 100.0]"
ga,23,23,45.959686153372495,32.7,48.2,1.7355194867058252,4.9,13.005,22.11916666666667,9.114166666666668,True,0.0,hospital_corridor,28,12,"[11, 29, 47, 53, 61, 73, 89, 97, 101, 109]","[2.847689265018116, 3.3766537920327053, 0.9242349905502372, 0.5, 1.0]","{""time"": 1.0, ""collisions"": 0.05, ""congestion"": 1.0, ""fairness"": 1.0, ""incomplete_base"": 1000.0, ""incomplete_agent"": 10.0}","[48.9316920259228, 42.22062877782693, 44.63511904761905, 43.91923937360179, 34.48995819701927, 44.44047231270358, 53.72570136581765, 52.28783068783069, 48.24019607843138, 46.70602366695181]","[33.800000000000004, 32.300000000000004, 32.0, 29.8, 26.200000000000003, 30.700000000000003, 38.7, 37.800000000000004, 32.300000000000004, 33.4]"
ga,24,0,45.959686153372495,32.7,48.2,1.7355194867058252,4.9,13.005,22.11916666666667,9.114166666666668,True,0.0,hospital_corridor,28,12,"[11, 29, 47, 53, 61, 73, 89, 97, 101, 109]","[2.847689265018116, 3.3766537920327053, 0.9242349905502372, 0.5, 1.0]","{""time"": 1.0, ""collisions"": 0.05, ""congestion"": 1.0, ""fairness"": 1.0, ""incomplete_base"": 1000.0, ""incomplete_agent"": 10.0}","[48.9316920259228, 42.22062877782693, 44.63511904761905, 43.91923937360179, 34.48995819701927, 44.44047231270358, 53.72570136581765, 52.28783068783069, 48.24019607843138, 46.70602366695181]","[33.800000000000004, 32.300000000000004, 32.0, 29.8, 26.200000000000003, 30.700000000000003, 38.7, 37.800000000000004, 32.300000000000004, 33.4]"
ga,24,1,45.959686153372495,32.7,48.2,1.7355194867058252,4.9,13.005,22.11916666666667,9.114166666666668,True,0.0,hospital_corridor,28,12,"[11, 29, 47, 53, 61, 73, 89, 97, 101, 109]","[2.847689265018116, 3.3766537920327053, 0.9242349905502372, 0.5, 1.0]","{""time"": 1.0, ""collisions"": 0.05, ""congestion"": 1.0, ""fairness"": 1.0, ""incomplete_base"": 1000.0, ""incomplete_agent"": 10.0}","[48.9316920259228, 42.22062877782693, 44.63511904761905, 43.91923937360179, 34.48995819701927, 44.44047231270358, 53.72570136581765, 52.28783068783069, 48.24019607843138, 46.70602366695181]","[33.800000000000004, 32.300000000000004, 32.0, 29.8, 26.200000000000003, 30.700000000000003, 38.7, 37.800000000000004, 32.300000000000004, 33.4]"
ga,24,2,1065.6337667576388,39.730000000000004,170.6,2.0954683449403024,5.6,12.694757142857144,21.973055555555558,9.278298412698415,False,0.6,hospital_corridor,28,12,"[11, 29, 47, 53, 61, 73, 89, 97, 101, 109]","[2.847689265018116, 3.3766537920327053, 0.8438102113355213, 0.5, 1.0]","{""time"": 1.0, ""collisions"": 0.05, ""congestion"": 1.0, ""fairness"": 1.0, ""incomplete_base"": 1000.0, ""incomplete_agent"": 10.0}","[84.94310834425512, 1188.956222222222, 42.9847619047619, 54.112096774193546, 35.47020592020592, 43.17870957256623, 55.19401544401544, 50.72109826589596, 52.30220125786164, 48.47524787040916]","[43.6, 100.0, 30.0, 31.0, 25.900000000000002, 29.3, 37.0, 34.6, 31.8, 34.1]"
ga,24,3,205.33364763712115,33.38,3210.2,1.8738857323592737,5.5,12.46107142857143,22.030833333333334,9.569761904761904,True,0.0,hospital_corridor,28,12,"[11, 29, 47, 53, 61, 73, 89, 97, 101, 109]","[2.847689265018116, 3.3766537920327053, 0.6477084464293461, 0.5, 1.0]","{""time"": 1.0, ""collisions"": 0.05, ""congestion"": 1.0, ""fairness"": 1.0, ""incomplete_base"": 1000.0, ""incomplete_agent"": 10.0}","[240.20280112044819, 217.18558705925122, 163.98674388674388, 214.88192999053925, 184.15828424153167, 158.57857142857145, 204.44121621621625, 299.5693926846101, 194.61825396825398, 175.71369577504595]","[34.0, 39.300000000000004, 29.6, 30.200000000000003, 29.1, 28.0, 37.0, 41.400000000000006, 31.5, 33.7]"
ga,24,4,53.561486574616154,37.980000000000004,59.8,1.6911294317590084,5.4,14.049642857142857,24.950000000000003,10.900357142857143,True,0.0,hospital_corridor,28,12,"[11, 29, 47, 53, 61, 73, 89, 97, 101, 109]","[2.828195825091711, 3.8118519692805446, 0.9242198284123793, 0.5, 1.0]","{""time"": 1.0, ""collisions"": 0.05, ""congestion"": 1.0, ""fairness"": 1.0, ""incomplete_base"": 1000.0, ""incomplete_agent"": 10.0}","[74.40487661874172, 42.71398531375168, 46.2323192239859, 44.863628899835795, 46.56165900676625, 50.68041871921183, 57.76989150090416, 64.67347741671776, 54.38278105056456, 53.331827995681905]","[46.7, 32.1, 32.4, 31.900000000000002, 37.300000000000004, 34.800000000000004, 39.5, 46.6, 38.800000000000004, 39.7]"
ga,24,5,60.70845806453144,31.98,353.7,1.66571996929335,5.4,11.996428571428572,21.374166666666664,9.377738095238096,True,0.0,hospital_corridor,28,12,"[11, 29, 47, 53, 61, 73, 89, 97, 101, 109]","[2.7552141659258322, 3.377943666367849, 0.7753934043847732, 0.5, 1.0]","{""time"": 1.0, ""collisions"": 0.05, ""congestion"": 1.0, ""fairness"": 1.0, ""incomplete_base"": 1000.0, ""incomplete_agent"": 10.0}","[67.91654052349418, 52.203415300546446, 58.22452380952381, 76.1558528556117, 51.27067363530779, 53.21105442176871, 62.92063937934724, 64.87761904761905, 65.2268807197146, 55.07738095238095]","[30.200000000000003, 30.5, 32.5, 31.1, 32.800000000000004, 29.400000000000002, 35.6, 35.0, 30.700000000000003, 32.0]"
ga,24,6,47.45507336097157,33.45,56.4,1.8290019324001343,5.5,13.443928571428572,22.800000000000004,9.356071428571429,True,0.0,hospital_corridor,28,12,"[11, 29, 47, 53, 61, 73, 89, 97, 101, 109]","[2.8450451875031653, 3.3776949253050335, 0.9242337600998505, 0.5, 1.0]","{""time"": 1.0, ""collisions"": 0.05, ""congestion"": 1.0, ""fairness"": 1.0, ""incomplete_base"": 1000.0, ""incomplete_agent"": 10.0}","[55.79272309459978, 42.356945661700266, 48.970510983763134, 45.6413547847254, 34.957251082251084, 44.85787943940118, 54.497916666666676, 52.537897348913184, 46.93619342473832, 48.00206112295665]","[37.300000000000004, 32.6, 34.9, 31.3, 26.400000000000002, 29.900000000000002, 38.400000000000006, 37.9, 32.300000000000004, 33.5]"
ga,24,7,48.578753745028735,33.279999999999994,87.4,1.751253745028744,5.0,13.092500000000001,22.27,9.1775,True,0.0,hospital_corridor,28,12,"[11, 29, 47, 53, 61, 73, 89, 97, 101, 109]","[3.1158841201475296, 3.379624839005125, 0.924219372577401, 0.5, 1.0]","{""time"": 1.0, ""collisions"": 0.05, ""congestion"": 1.0, ""fairness"": 1.0, ""incomplete_base"": 1000.0, ""incomplete_agent"": 10.0}","[53.91868823000898, 45.98265692640693, 43.1855581576893, 44.34993905411994, 54.76265249901614, 43.068653421633556, 52.98996689584925, 50.300630252100845, 47.80436507936508, 49.42442693409742]","[31.8, 35.2, 30.5, 29.3, 36.300000000000004, 30.200000000000003, 37.4, 35.7, 31.5, 34.9]"
ga,24,8,45.959686153372495,32.7,48.2,1.7355194867058252,4.9,13.005,22.11916666666667,9.114166666666668,True,0.0,hospital_corridor,28,12,"[11, 29, 47, 53, 61, 73, 89, 97, 101, 109]","[2.847689265018116, 3.3766537920327053, 0.9242349905502372, 0.5, 1.0]","{""time"": 1.0, ""collisions"": 0.05, ""congestion"": 1.0, ""fairness"": 1.0, ""incomplete_base"": 1000.0, ""incomplete_agent"": 10.0}","[48.9316920259228, 42.22062877782693, 44.63511904761905, 43.91923937360179, 34.48995819701927, 44.44047231270358, 53.72570136581765, 52.28783068783069, 48.24019607843138, 46.70602366695181]","[33.800000000000004, 32.300000000000004, 32.0, 29.8, 26.200000000000003, 30.700000000000003, 38.7, 37.800000000000004, 32.300000000000004, 33.4]"
ga,24,9,48.960247240522534,33.040000000000006,102.3,1.8211996214749089,5.6,12.776785714285715,21.760833333333334,8.984047619047619,True,0.0,hospital_corridor,28,12,"[11, 29, 47, 53, 61, 73, 89, 97, 101, 109]","[3.2914812865700416, 3.3766537920327053, 0.9242349905502372, 0.5, 1.0]","{""time"": 1.0, ""collisions"": 0.05, ""congestion"": 1.0, ""fairness"": 1.0, ""incomplete_base"": 1000.0, ""incomplete_agent"": 10.0}","[72.63463455149503, 41.85000000000001, 43.38190072639225, 47.41243249877271, 41.32410813823857, 46.02269585253457, 53.04860563009734, 50.987841530054645, 45.74981684981685, 47.19043662782334]","[43.0, 30.8, 29.5, 29.1, 29.900000000000002, 31.0, 36.2, 36.6, 31.200000000000003, 33.1]"
ga,24,10,50.19562618520631,34.17,92.3,1.6315785661586872,5.3,12.714285714285714,22.493333333333332,9.77904761904762,True,0.0,hospital_corridor,28,12,"[11, 29, 47, 53, 61, 73, 89, 97, 101, 109]","[3.242277960100621, 3.3766537920327053, 0.9242349905502372, 0.5, 1.0]","{""time"": 1.0, ""collisions"": 0.05, ""congestion"": 1.0, ""fairness"": 1.0, ""incomplete_base"": 1000.0, ""incomplete_agent"": 10.0}","[66.79390756302521, 52.282723577235764, 44.09862914862916, 61.842484551072346, 41.09584717607974, 44.30058708414873, 50.65466214418729, 50.276984126984125, 44.95007680491552, 45.6603596757852]","[40.800000000000004, 36.9, 29.700000000000003, 39.300000000000004, 30.1, 29.200000000000003, 35.800000000000004, 36.0, 31.0, 32.9]"
ga,24,11,46.708740940359164,33.61,43.9,1.67826474988298,4.9,13.147857142857145,22.373333333333335,9.22547619047619,True,0.0,hospital_corridor,28,12,"[11, 29, 47, 53, 61, 73, 89, 97, 101, 109]","[3.005356467685833, 3.758546183032028, 0.9242349905502372, 0.5, 1.0]","{""time"": 1.0, ""collisions"": 0.05, ""congestion"": 1.0, ""fairness"": 1.0, ""incomplete_base"": 1000.0, ""incomplete_agent"": 10.0}","[57.232068452380965, 42.90120540379161, 43.401984126984125, 42.71692597831211, 34.542857142857144, 46.56090151194009, 51.35585449033725, 53.34201734957549, 45.97309074573225, 49.06050420168068]","[38.400000000000006, 31.900000000000002, 31.5, 30.3, 26.400000000000002, 33.7, 37.7, 38.7, 31.8, 35.7]"
ga,24,12,48.747151318749616,34.35000000000001,56.6,1.7647703663686578,5.2,13.176785714285717,22.979166666666668,9.802380952380954,True,0.0,hospital_corridor,28,12,"[11, 29, 47, 53, 61, 73, 89, 97, 101, 109]","[2.842804704804947, 3.377125024945778, 0.924227725814823, 0.5, 1.0]","{""time"": 1.0, ""collisions"": 0.05, ""congestion"": 1.0, ""fairness"": 1.0, ""incomplete_base"": 1000.0, ""incomplete_agent"": 10.0}","[56.93306332842416, 42.4323503713412, 46.05289006277753, 54.730003769317754, 35.22996107188122, 45.50238095238096, 54.04583333333334, 55.09846938775511, 46.866304347826095, 50.58025656245878]","[38.800000000000004, 32.7, 31.1, 37.9, 26.3, 30.8, 38.400000000000006, 39.2, 32.2, 36.1]"
ga,24,13,49.78479050773085,35.25,51.0,1.6945524124927562,5.1,13.271428571428572,23.561666666666667,10.290238095238095,True,0.0,hospital_corridor,28,12,"[11, 29, 47, 53, 61, 73, 89, 97, 101, 109]","[2.8413793024201808, 3.376766831688932, 0.9242001926345822, 0.5, 1.0]","{""time"": 1.0, ""collisions"": 0.05, ""congestion"": 1.0, ""fairness"": 1.0, ""incomplete_base"": 1000.0, ""incomplete_agent"": 10.0}","[53.468723994452155, 42.10648642634624, 45.49226764660849, 59.10272108843537, 35.048268398268405, 54.28522256728779, 55.2264880952381, 52.27993920972645, 47.46371074745688, 53.37407690348867]","[41.2, 32.1, 31.1, 39.2, 26.400000000000002, 36.800000000000004, 38.400000000000006, 37.6, 32.300000000000004, 37.4]"
ga,24,14,49.014273051066866,34.32,72.3,1.743915908209719,5.6,13.264642857142857,22.6,9.335357142857145,True,0.0,hospital_corridor,28,12,"[11, 29, 47, 53, 61, 73, 89, 97, 101, 109]","[2.8686750908126664, 3.3766537920327053, 0.9242349905502372, 0.5, 1.0]","{""time"": 1.0, ""collisions"": 0.05, ""congestion"": 1.0, ""fairness"": 1.0, ""incomplete_base"": 1000.0, ""incomplete_agent"": 10.0}","[57.14065934065935, 42.06795727636849, 44.88702791461412, 44.462250384024586, 34.773958899149015, 44.00950015767897, 53.61341991341991, 54.89651944747366, 67.86524670109007, 46.42619047619048]","[39.0, 32.1, 31.900000000000002, 31.0, 26.3, 30.200000000000003, 38.5, 39.300000000000004, 41.5, 33.4]"
ga,24,15,45.959686153372495,32.7,48.2,1.7355194867058252,4.9,13.005,22.11916666666667,9.114166666666668,True,0.0,hospital_corridor,28,12,"[11, 29, 47, 53, 61, 73, 89, 97, 101, 109]","[2.847689265018116, 3.3766537920327053, 0.9242349905502372, 0.5, 1.0]","{""time"": 1.0, ""collisions"": 0.05, ""congestion"": 1.0, ""fairness"": 1.0, ""incomplete_base"": 1000.0, ""incomplete_agent"": 10.0}","[48.9316920259228, 42.22062877782693, 44.63511904761905, 43.91923937360179, 34.48995819701927, 44.44047231270358, 53.72570136581765, 52.28783068783069, 48.24019607843138, 46.70602366695181]","[33.800000000000004, 32.300000000000004, 32.0, 29.8, 26.200000000000003, 30.700000000000003, 38.7, 37.800000000000004, 32.300000000000004, 33.4]"
ga,24,16,45.959686153372495,32.7,48.2,1.7355194867058252,4.9,13.005,22.11916666666667,9.114166666666668,True,0.0,hospital_corridor,28,12,"[11, 29, 47, 53, 61, 73, 89, 97, 101, 109]","[2.847689265018116, 3.3766537920327053, 0.9242349905502372, 0.5, 1.0]","{""time"": 1.0, ""collisions"": 0.05, ""congestion"": 1.0, ""fairness"": 1.0, ""incomplete_base"": 1000.0, ""incomplete_agent"": 10.0}","[48.9316920259228, 42.22062877782693, 44.63511904761905, 43.91923937360179, 34.48995819701927, 44.44047231270358, 53.72570136581765, 52.28783068783069, 48.24019607843138, 46.70602366695181]","[33.800000000000004, 32.300000000000004, 32.0, 29.8, 26.200000000000003, 30.700000000000003, 38.7, 37.800000000000004, 32.300000000000004, 33.4]"
ga,24,17,51.33580883889044,33.08,140.2,1.7647374103190114,5.3,12.578928571428573,22.060000000000002,9.48107142857143,True,0.0,hospital_corridor,28,12,"[11, 29, 47, 53, 61, 73, 89, 97, 101, 109]","[3.5434167726852084, 3.3766537920327053, 0.9242349905502372, 0.5, 1.0]","{""time"": 1.0, ""collisions"": 0.05, ""congestion"": 1.0, ""fairness"": 1.0, ""incomplete_base"": 1000.0, ""incomplete_agent"": 10.0}","[73.42649693540784, 58.014272412875776, 43.758056099151986, 56.59331210191083, 40.52049062049063, 42.90644841269842, 48.312784371909004, 51.79789972899729, 47.07220921155347, 50.95611849390919]","[40.400000000000006, 35.800000000000004, 29.200000000000003, 31.400000000000002, 29.700000000000003, 28.8, 33.7, 36.9, 30.5, 34.4]"
ga,24,18,51.90011719026041,36.46,68.6,1.6601171902604084,5.3,13.485,23.835,10.350000000000001,True,0.0,hospital_corridor,28,12,"[11, 29, 47, 53, 61, 73, 89, 97, 101, 109]","[2.8352202580666095, 3.3767916032388006, 0.9242344989639422, 0.5, 1.0]","{""time"": 1.0, ""collisions"": 0.05, ""congestion"": 1.0, ""fairness"": 1.0, ""incomplete_base"": 1000.0, ""incomplete_agent"": 10.0}","[71.67731829573935, 41.98809523809524, 44.584512399208876, 65.6197496947497, 37.48567588325653, 44.872142857142855, 54.07345510723374, 54.36712132089017, 57.115340488527025, 47.217760617760625]","[45.6, 32.0, 31.3, 46.800000000000004, 27.900000000000002, 30.0, 39.300000000000004, 39.800000000000004, 38.6, 33.300000000000004]"
ga,24,19,50.94619276568458,36.4,43.7,1.6391689561607663,5.4,13.502142857142857,24.22416666666667,10.72202380952381,True,0.0,hospital_corridor,28,12,"[11, 29, 47, 53, 61, 73, 89, 97, 101, 109]","[2.567961138338433, 3.37067218156423, 0.9242340292676594, 0.5, 1.0]","{""time"": 1.0, ""collisions"": 0.05, ""congestion"": 1.0, ""fairness"": 1.0, ""incomplete_base"": 1000.0, ""incomplete_agent"": 10.0}","[68.8361321349732, 44.235856857713145, 47.287861332216174, 41.42207505518764, 44.7747619047619, 49.26813725490196, 58.55859943977592, 57.62095238095238, 46.7935220935221, 50.66402920284136]","[45.300000000000004, 33.4, 34.1, 30.200000000000003, 35.0, 34.0, 42.5, 40.0, 33.300000000000004, 36.2]"
ga,24,20,45.959686153372495,32.7,48.2,1.7355194867058252,4.9,13.005,22.11916666666667,9.114166666666668,True,0.0,hospital_corridor,28,12,"[11, 29, 47, 53, 61, 73, 89, 97, 101, 109]","[2.847689265018116, 3.3766537920327053, 0.9242349905502372, 0.5, 1.0]","{""time"": 1.0, ""collisions"": 0.05, ""congestion"": 1.0, ""fairness"": 1.0, ""incomplete_base"": 1000.0, ""incomplete_agent"": 10.0}","[48.9316920259228, 42.22062877782693, 44.63511904761905, 43.91923937360179, 34.48995819701927, 44.44047231270358, 53.72570136581765, 52.28783068783069, 48.24019607843138, 46.70602366695181]","[33.800000000000004, 32.300000000000004, 32.0, 29.8, 26.200000000000003, 30.700000000000003, 38.7, 37.800000000000004, 32.300000000000004, 33.4]"
ga,24,21,45.959686153372495,32.7,48.2,1.7355194867058252,4.9,13.005,22.11916666666667,9.114166666666668,True,0.0,hospital_corridor,28,12,"[11, 29, 47, 53, 61, 73, 89, 97, 101, 109]","[2.847689265018116, 3.3766537920327053, 0.9242349905502372, 0.5, 1.0]","{""time"": 1.0, ""collisions"": 0.05, ""congestion"": 1.0, ""fairness"": 1.0, ""incomplete_base"": 1000.0, ""incomplete_agent"": 10.0}","[48.9316920259228, 42.22062877782693, 44.63511904761905, 43.91923937360179, 34.48995819701927, 44.44047231270358, 53.72570136581765, 52.28783068783069, 48.24019607843138, 46.70602366695181]","[33.800000000000004, 32.300000000000004, 32.0, 29.8, 26.200000000000003, 30.700000000000003, 38.7, 37.800000000000004, 32.300000000000004, 33.4]"
ga,24,22,78.48863750252966,31.23,733.4,1.78042321681537,5.3,12.186785714285715,20.995,8.808214285714286,True,0.0,hospital_corridor,28,12,"[11, 29, 47, 53, 61, 73, 89, 97, 101, 109]","[2.7636551329406913, 3.377511927504366, 0.7465583710883454, 0.5, 1.0]","{""time"": 1.0, ""collisions"": 0.05, ""congestion"": 1.0, ""fairness"": 1.0, ""incomplete_base"": 1000.0, ""incomplete_agent"": 10.0}","[124.31097659402744, 67.06773182957393, 62.70251322751323, 74.38623613829094, 56.56828263624841, 63.292162698412696, 90.17751519005229, 75.94847412649271, 106.22650305932429, 64.20597952536063]","[35.4, 30.400000000000002, 29.700000000000003, 29.200000000000003, 26.3, 28.8, 33.7, 32.300000000000004, 35.800000000000004, 30.700000000000003]"
ga,24,23,50.10010944972261,35.2,63.9,1.7429665925797457,5.4,13.332857142857142,23.295000000000005,9.962142857142858,True,0.0,hospital_corridor,28,12,"[11, 29, 47, 53, 61, 73, 89, 97, 101, 109]","[2.819754858076852, 3.3776141346373523, 0.9242296604928926, 0.5, 1.0]","{""time"": 1.0, ""collisions"": 0.05, ""congestion"": 1.0, ""fairness"": 1.0, ""incomplete_base"": 1000.0, ""incomplete_agent"": 10.0}","[85.42498493068115, 41.64516226872915, 43.73416214587101, 46.45990566037736, 35.38714197856265, 47.97954042081949, 55.30704012569496, 49.980000000000004, 46.546252204585535, 48.536904761904765]","[55.300000000000004, 31.400000000000002, 31.6, 31.8, 27.1, 34.4, 39.400000000000006, 35.0, 32.4, 33.6]"
