method,generation,individual_id,fitness,total_time,near_collisions,mean_congestion,peak_congestion,mean_high_time,mean_low_time,fairness_gap_time,all_evacuated,remaining_agents,layout,num_high,num_low,seed_list,params,fitness_weights,per_seed_fitnesses,per_seed_total_times
ga,0,0,1140.89626510096,70.78,2267.1,1.005613080757952,4.8,15.55843888888889,26.09409090909091,10.53565202020202,False,1.6,hospital_corridor,28,12,"[11, 29, 47, 53, 61, 73, 89, 97, 101, 109]","[2.0, 0.5, 2.0, 0.5, 1.0]","{""time"": 0.0, ""collisions"": 0.05, ""congestion"": 1.0, ""fairness"": 1.0, ""incomplete_base"": 1000.0, ""incomplete_agent"": 10.0}","[198.01025132275134, 1122.5391666666667, 1376.393, 85.47066900379785, 108.3268115942029, 1104.6443333333334, 98.50425170068027, 1143.4911111111112, 1080.7933376623378, 90.78971861471862]","[43.2, 100.0, 100.0, 32.6, 36.800000000000004, 100.0, 49.0, 100.0, 100.0, 46.2]"
ga,0,1,1179.691371492551,100.0,12.3,0.29969999999999997,3.0,14.27377295189331,28.050444444444445,13.776671492551136,False,16.5,hospital_corridor,28,12,"[11, 29, 47, 53, 61, 73, 89, 97, 101, 109]","[1.7968087496263374, 2.2739139490746045, 2.5393878339411273, 0.5, 1.0]","{""time"": 0.0, ""collisions"": 0.05, ""congestion"": 1.0, ""fairness"": 1.0, ""incomplete_base"": 1000.0, ""incomplete_agent"": 10.0}","[1203.0194444444444, 1152.2915, 1201.9161538461537, 1161.7736666666667, 1175.7615, 1163.5031176470588, 1131.743, 1180.8002105263158, 1222.8425384615384, 1203.2625833333334]","[100.0, 100.0, 100.0, 100.0, 100.0, 100.0, 100.0, 100.0, 100.0, 100.0]"
ga,0,2,1046.628250652146,61.839999999999996,484.2,1.0653644217097857,4.6,12.635068315018318,22.987954545454546,10.352886230436232,False,1.1,hospital_corridor,28,12,"[11, 29, 47, 53, 61, 73, 89, 97, 101, 109]","[3.4687092358390834, 1.5720873569338782, 1.6003543444208266, 0.5, 1.0]","{""time"": 0.0, ""collisions"": 0.05, ""congestion"": 1.0, ""fairness"": 1.0, ""incomplete_base"": 1000.0, ""incomplete_agent"": 10.0}","[69.56270683339649, 1061.2801666666667, 1053.955951048951, 38.73106758832566, 20.42591036414566, 1054.7886666666666, 37.12662659123056, 66.60477022977024, 1032.6202207792207, 31.18641975308642]","[37.7, 100.0, 100.0, 31.0, 34.0, 100.0, 40.400000000000006, 42.900000000000006, 100.0, 32.4]"
ga,0,3,1049.2561570667556,81.84,15.3,0.9314824635810437,4.7,14.47753246753247,26.037207070707076,11.559674603174603,False,3.6,hospital_corridor,28,12,"[11, 29, 47, 53, 61, 73, 89, 97, 101, 109]","[2.86120300939204, 4.200020189764425, 1.0309970135193618, 0.5, 1.0]","{""time"": 0.0, ""collisions"": 0.05, ""congestion"": 1.0, ""fairness"": 1.0, ""incomplete_base"": 1000.0, ""incomplete_agent"": 10.0}","[1059.4780757575757, 1071.6568181818182, 14.880623973727424, 1052.4278333333334, 1090.937367965368, 13.655010185892541, 1053.826, 1036.29, 15.318952380952382, 1084.090888888889]","[100.0, 100.0, 43.5, 100.0, 100.0, 37.4, 100.0, 100.0, 37.5, 100.0]"
ga,0,4,1041.185430671624,51.9,450.5,1.1967636904571912,4.5,10.997317867317866,20.46098484848485,9.463666981166982,False,0.8,hospital_corridor,28,12,"[11, 29, 47, 53, 61, 73, 89, 97, 101, 109]","[4.581063572625684, 1.6454818210769087, 2.445642023501148, 0.5, 1.0]","{""time"": 0.0, ""collisions"": 0.05, ""congestion"": 1.0, ""fairness"": 1.0, ""incomplete_base"": 1000.0, ""incomplete_agent"": 10.0}","[48.683517072423825, 1064.184, 1049.2735892255891, 31.431677018633543, 20.82895814376706, 1052.3461282051283, 40.70643415724061, 43.64919488026425, 31.059718904284125, 29.691089108910894]","[31.1, 100.0, 100.0, 27.6, 31.400000000000002, 100.0, 34.1, 34.6, 29.900000000000002, 30.3]"
ga,0,5,1062.105194975395,100.0,119.3,0.45620000000000005,3.8,17.818201994301994,30.502196969696975,12.683994975394976,False,4.3,hospital_corridor,28,12,"[11, 29, 47, 53, 61, 73, 89, 97, 101, 109]","[2.6712355351100503, 1.809691893183629, 1.8932589036551826, 0.5, 1.0]","{""time"": 0.0, ""collisions"": 0.05, ""congestion"": 1.0, ""fairness"": 1.0, ""incomplete_base"": 1000.0, ""incomplete_agent"": 10.0}","[1062.2545, 1118.6494444444445, 1064.1486818181818, 1050.1086666666667, 1073.7345, 1051.4616666666666, 1035.845074074074, 1058.163, 1045.346916083916, 1061.3395]","[100.0, 100.0, 100.0, 100.0, 100.0, 100.0, 100.0, 100.0, 100.0, 100.0]"
ga,0,6,1066.4794989351653,61.910000000000004,908.7,1.0766859722023896,4.7,13.463853703703705,23.43166666666667,9.967812962962963,False,1.0,hospital_corridor,28,12,"[11, 29, 47, 53, 61, 73, 89, 97, 101, 109]","[2.4807450339691073, 0.8471101088184451, 1.6187063513423356, 0.5, 1.0]","{""time"": 0.0, ""collisions"": 0.05, ""congestion"": 1.0, ""fairness"": 1.0, ""incomplete_base"": 1000.0, ""incomplete_agent"": 10.0}","[88.78110435663626, 1081.8505, 1069.4613872053872, 43.011873433583965, 51.03842940685046, 1080.0993333333333, 62.900137468382276, 65.17183886609473, 1059.8477662337662, 62.63261904761905]","[32.9, 100.0, 100.0, 30.400000000000002, 34.2, 100.0, 43.300000000000004, 38.300000000000004, 100.0, 40.0]"
ga,0,7,37.8718846859513,29.610000000000007,542.5,1.96902754309416,5.6,11.147142857142859,19.925,8.777857142857144,True,0.0,hospital_corridor,28,12,"[11, 29, 47, 53, 61, 73, 89, 97, 101, 109]","[4.646430763515544, 3.325077486883972, 0.7998809446372772, 0.5, 1.0]","{""time"": 0.0, ""collisions"": 0.05, ""congestion"": 1.0, ""fairness"": 1.0, ""incomplete_base"": 1000.0, ""incomplete_agent"": 10.0}","[58.23543566362716, 43.289988814317674, 17.985964912280703, 72.50955284552846, 41.14226618705037, 17.77454313828853, 42.86425375519336, 30.923740175681925, 21.767040063257777, 32.226061304287114]","[28.200000000000003, 29.8, 28.5, 32.800000000000004, 27.8, 27.1, 29.8, 30.900000000000002, 27.1, 34.1]"
ga,0,8,1133.0728172830793,100.0,20.3,0.36970000000000003,3.6,13.786632716920764,24.47475,10.68811728307924,False,12.1,hospital_corridor,28,12,"[11, 29, 47, 53, 61, 73, 89, 97, 101, 109]","[3.537157758037175, 3.526999789876784, 1.7373495809034052, 0.5, 1.0]","{""time"": 0.0, ""collisions"": 0.05, ""congestion"": 1.0, ""fairness"": 1.0, ""incomplete_base"": 1000.0, ""incomplete_agent"": 10.0}","[1110.881, 1131.0207777777778, 1098.2926565656567, 1148.6943888888889, 1108.1215873015874, 1105.090181818182, 1098.3562850241547, 1152.324, 1154.6412121212122, 1223.3060833333334]","[100.0, 100.0, 100.0, 100.0, 100.0, 100.0, 100.0, 100.0, 100.0, 100.0]"
ga,0,9,1400.9047142857144,100.0,5.2,0.084,1.0,43.375,67.95937500000001,27.56071428571429,False,37.3,hospital_corridor,28,12,"[11, 29, 47, 53, 61, 73, 89, 97, 101, 109]","[0.2440640160967574, 2.816164043704619, 1.2058587393770703, 0.5, 1.0]","{""time"": 0.0, ""collisions"": 0.05, ""congestion"": 1.0, ""fairness"": 1.0, ""incomplete_base"": 1000.0, ""incomplete_agent"": 10.0}","[1360.342, 1490.61, 1404.981, 1394.934, 1412.152, 1392.315, 1402.249, 1460.385, 1490.451, 1417.946]","[100.0, 100.0, 100.0, 100.0, 100.0, 100.0, 100.0, 100.0, 100.0, 100.0]"
ga,0,10,1107.3672043059998,100.0,126.1,0.379,3.9,13.106629027333375,22.789833333333334,9.68320430599996,False,9.1,hospital_corridor,28,12,"[11, 29, 47, 53, 61, 73, 89, 97, 101, 109]","[2.759272457087214, 1.9634541158222192, 1.5064334911919512, 0.5, 1.0]","{""time"": 0.0, ""collisions"": 0.05, ""congestion"": 1.0, ""fairness"": 1.0, ""incomplete_base"": 1000.0, ""incomplete_agent"": 10.0}","[1103.1501818181819, 1135.3961111111112, 1104.1239595959596, 1089.3232727272728, 1109.865857142857, 1108.9881212121213, 1111.3663913043479, 1063.5812592592592, 1072.5796666666668, 1175.2972222222222]","[100.0, 100.0, 100.0, 100.0, 100.0, 100.0, 100.0, 100.0, 100.0, 100.0]"
ga,0,11,15.984930472217119,32.28,90.1,1.8946923769790218,5.3,12.13892857142857,21.72416666666667,9.585238095238097,True,0.0,hospital_corridor,28,12,"[11, 29, 47, 53, 61, 73, 89, 97, 101, 109]","[4.693810676255719, 4.725916100618479, 0.9311641573526295, 0.5, 1.0]","{""time"": 0.0, ""collisions"": 0.05, ""congestion"": 1.0, ""fairness"": 1.0, ""incomplete_base"": 1000.0, ""incomplete_agent"": 10.0}","[21.65452898550725, 18.52028301886793, 11.204556650246307, 18.419440353460974, 10.848625083836353, 12.76478494623656, 20.897793263646925, 18.551425095585678, 14.024844236760124, 12.963023088023087]","[36.800000000000004, 31.8, 29.0, 29.1, 28.400000000000002, 27.900000000000002, 36.9, 41.1, 32.1, 29.700000000000003]"
ga,0,12,1255.60348986014,100.0,4.2,0.32510000000000006,2.1,21.335860139860138,37.404250000000005,16.06838986013986,False,23.9,hospital_corridor,28,12,"[11, 29, 47, 53, 61, 73, 89, 97, 101, 109]","[1.3096748811636818, 4.923953924181727, 1.8899681090368734, 0.5, 1.0]","{""time"": 0.0, ""collisions"": 0.05, ""congestion"": 1.0, ""fairness"": 1.0, ""incomplete_base"": 1000.0, ""incomplete_agent"": 10.0}","[1255.147, 1273.582, 1257.367, 1264.3697575757576, 1252.4996666666666, 1215.4213076923077, 1245.12, 1275.282, 1223.8475, 1293.3986666666667]","[100.0, 100.0, 100.0, 100.0, 100.0, 100.0, 100.0, 100.0, 100.0, 100.0]"
ga,0,13,34.544873081493314,32.57000000000001,466.6,1.7951111767314067,5.3,12.293571428571429,21.71333333333333,9.419761904761904,True,0.0,hospital_corridor,28,12,"[11, 29, 47, 53, 61, 73, 89, 97, 101, 109]","[3.4705980725812546, 2.9822228355729217, 0.8055833411203152, 0.5, 1.0]","{""time"": 0.0, ""collisions"": 0.05, ""congestion"": 1.0, ""fairness"": 1.0, ""incomplete_base"": 1000.0, ""incomplete_agent"": 10.0}","[54.014480874316945, 50.49215927750411, 26.581038886142693, 58.823362754712875, 17.066925978312117, 18.03604521230875, 34.37023809523809, 22.415445665445667, 41.8521978021978, 21.79683626875408]","[30.5, 34.800000000000004, 28.900000000000002, 43.7, 30.3, 27.700000000000003, 34.300000000000004, 35.1, 31.200000000000003, 29.200000000000003]"
ga,0,14,1166.4387479779823,39.3,3078.5,1.828412480146806,6.2,12.329285714285714,22.014621212121213,9.685335497835498,False,0.1,hospital_corridor,28,12,"[11, 29, 47, 53, 61, 73, 89, 97, 101, 109]","[2.8086107676397645, 0.311496577372351, 0.5025740544852635, 0.5, 1.0]","{""time"": 0.0, ""collisions"": 0.05, ""congestion"": 1.0, ""fairness"": 1.0, ""incomplete_base"": 1000.0, ""incomplete_agent"": 10.0}","[1198.6025454545454, 201.19725274725275, 132.3667267917268, 148.92199248120303, 161.17164057403784, 152.0627118644068, 200.03700260926286, 183.975259377494, 158.8619349005425, 127.19041297935104]","[100.0, 36.4, 29.700000000000003, 30.400000000000002, 29.200000000000003, 29.5, 36.5, 35.800000000000004, 31.6, 33.9]"
ga,0,15,1641.4702,100.0,3467.0,0.1202,1.3,,65.01700000000001,,False,36.8,hospital_corridor,28,12,"[11, 29, 47, 53, 61, 73, 89, 97, 101, 109]","[0.19666720944852878, 2.5664632551027373, 0.7230297398889312, 0.5, 1.0]","{""time"": 0.0, ""collisions"": 0.05, ""congestion"": 1.0, ""fairness"": 1.0, ""incomplete_base"": 1000.0, ""incomplete_agent"": 10.0}","[1654.923, 1652.248, 1654.528, 1622.651, 1603.074, 1648.551, 1622.159, 1711.165, 1650.739, 1594.664]","[100.0, 100.0, 100.0, 100.0, 100.0, 100.0, 100.0, 100.0, 100.0, 100.0]"
ga,0,16,1463.0976,100.0,498.7,0.1626,1.5,,57.10482142857143,,False,33.8,hospital_corridor,28,12,"[11, 29, 47, 53, 61, 73, 89, 97, 101, 109]","[0.2720641390371989, 0.5736713636730643, 1.810399717489128, 0.5, 1.0]","{""time"": 0.0, ""collisions"": 0.05, ""congestion"": 1.0, ""fairness"": 1.0, ""incomplete_base"": 1000.0, ""incomplete_agent"": 10.0}","[1470.34, 1463.517, 1508.308, 1453.415, 1449.007, 1464.645, 1444.556, 1483.488, 1447.146, 1446.554]","[100.0, 100.0, 100.0, 100.0, 100.0, 100.0, 100.0, 100.0, 100.0, 100.0]"
ga,0,17,1048.6311021740955,60.540000000000006,550.7,1.037450033643346,4.8,12.128241798941797,22.18689393939394,10.058652140452141,False,1.0,hospital_corridor,28,12,"[11, 29, 47, 53, 61, 73, 89, 97, 101, 109]","[3.199270544203929, 1.1559472492988263, 2.787704909112114, 0.5, 1.0]","{""time"": 0.0, ""collisions"": 0.05, ""congestion"": 1.0, ""fairness"": 1.0, ""incomplete_base"": 1000.0, ""incomplete_agent"": 10.0}","[58.125638792102215, 1075.5686666666666, 1056.020750841751, 34.41539548022599, 26.864436771687526, 1066.161, 46.384532805565556, 41.72272215973004, 1046.2786753246753, 34.76920289855073]","[32.800000000000004, 100.0, 100.0, 29.5, 33.1, 100.0, 39.7, 38.1, 100.0, 32.2]"
ga,0,18,1264.1468538517038,100.0,7.4,0.2504,2.3,16.776224719724716,36.30267857142857,19.526453851703856,False,24.4,hospital_corridor,28,12,"[11, 29, 47, 53, 61, 73, 89, 97, 101, 109]","[0.9913940995769313, 2.222322968304345, 2.09981248651584, 0.5, 1.0]","{""time"": 0.0, ""collisions"": 0.05, ""congestion"": 1.0, ""fairness"": 1.0, ""incomplete_base"": 1000.0, ""incomplete_agent"": 10.0}","[1288.4615, 1282.9603333333334, 1274.682142857143, 1250.4589090909092, 1240.42, 1271.0424444444445, 1257.2482857142857, 1231.6979230769232, 1248.4525, 1296.0445]","[100.0, 100.0, 100.0, 100.0, 100.0, 100.0, 100.0, 100.0, 100.0, 100.0]"
ga,0,19,55.59223374514883,30.48,900.1,1.7384242213393033,5.6,11.655357142857143,20.50416666666667,8.848809523809525,True,0.0,hospital_corridor,28,12,"[11, 29, 47, 53, 61, 73, 89, 97, 101, 109]","[3.1581000417977445, 1.1045091217092546, 0.992108723505274, 0.5, 1.0]","{""time"": 0.0, ""collisions"": 0.05, ""congestion"": 1.0, ""fairness"": 1.0, ""incomplete_base"": 1000.0, ""incomplete_agent"": 10.0}","[119.1625298614429, 42.25487012987014, 44.88742937853108, 69.1894883485309, 35.50833333333334, 43.10414614121511, 58.117172880882556, 57.69920020639835, 48.29652255639098, 37.70264461489294]","[29.900000000000002, 30.8, 29.5, 28.200000000000003, 30.8, 29.0, 34.1, 32.300000000000004, 30.400000000000002, 29.8]"
ga,0,20,1211.261856247021,100.0,5.1,0.2826,2.4,18.929251689486986,34.52636507936508,15.724256247020955,False,19.5,hospital_corridor,28,12,"[11, 29, 47, 53, 61, 73, 89, 97, 101, 109]","[1.357003869340067, 2.876009854507782, 2.5965250453141118, 0.5, 1.0]","{""time"": 0.0, ""collisions"": 0.05, ""congestion"": 1.0, ""fairness"": 1.0, ""incomplete_base"": 1000.0, ""incomplete_agent"": 10.0}","[1199.945, 1186.7626666666667, 1242.249142857143, 1191.0427142857143, 1215.548945054945, 1196.0844786324785, 1209.2379090909092, 1200.543705882353, 1189.8396666666667, 1281.3643333333334]","[100.0, 100.0, 100.0, 100.0, 100.0, 100.0, 100.0, 100.0, 100.0, 100.0]"
ga,0,21,1214.4124233766233,100.0,9.9,0.2853,2.7,16.8077012987013,32.43982467532468,15.632123376623378,False,19.8,hospital_corridor,28,12,"[11, 29, 47, 53, 61, 73, 89, 97, 101, 109]","[0.9490553292712949, 2.4906037729974964, 1.0515969801722909, 0.5, 1.0]","{""time"": 0.0, ""collisions"": 0.05, ""congestion"": 1.0, ""fairness"": 1.0, ""incomplete_base"": 1000.0, ""incomplete_agent"": 10.0}","[1201.6252857142856, 1188.4598181818183, 1231.1601298701298, 1245.969, 1210.4411818181818, 1219.7458333333334, 1191.6891666666668, 1231.2823333333333, 1209.1718181818183, 1214.5796666666668]","[100.0, 100.0, 100.0, 100.0, 100.0, 100.0, 100.0, 100.0, 100.0, 100.0]"
ga,0,22,36.6559046059288,29.57,523.8,1.7423331773573676,5.1,11.111428571428572,19.835,8.723571428571429,True,0.0,hospital_corridor,28,12,"[11, 29, 47, 53, 61, 73, 89, 97, 101, 109]","[3.9212833456452003, 2.037202043918419, 0.8861258452821253, 0.5, 1.0]","{""time"": 0.0, ""collisions"": 0.05, ""congestion"": 1.0, ""fairness"": 1.0, ""incomplete_base"": 1000.0, ""incomplete_agent"": 10.0}","[71.4192479962282, 40.05189832689833, 19.69520905923345, 32.73448098663926, 19.060084033613443, 23.53214285714286, 38.83948850833709, 46.365908401577194, 44.7865719406042, 30.074013949013953]","[30.3, 29.6, 28.700000000000003, 27.8, 30.6, 28.0, 31.700000000000003, 31.400000000000002, 27.900000000000002, 29.700000000000003]"
ga,0,23,1115.9041387445886,100.0,52.7,0.37079999999999996,3.5,13.723661255411255,23.622000000000003,9.898338744588745,False,10.3,hospital_corridor,28,12,"[11, 29, 47, 53, 61, 73, 89, 97, 101, 109]","[3.395661072104154, 2.74449070992378, 2.160369611349795, 0.5, 1.0]","{""time"": 0.0, ""collisions"": 0.05, ""congestion"": 1.0, ""fairness"": 1.0, ""incomplete_base"": 1000.0, ""incomplete_agent"": 10.0}","[1110.703, 1152.421, 1122.3713333333333, 1106.491, 1111.2220793650795, 1103.902808080808, 1105.169, 1121.8008333333332, 1072.1683333333333, 1152.792]","[100.0, 100.0, 100.0, 100.0, 100.0, 100.0, 100.0, 100.0, 100.0, 100.0]"
ga,1,0,15.984930472217119,32.28,90.1,1.8946923769790218,5.3,12.13892857142857,21.72416666666667,9.585238095238097,True,0.0,hospital_corridor,28,12,"[11, 29, 47, 53, 61, 73, 89, 97, 101, 109]","[4.693810676255719, 4.725916100618479, 0.9311641573526295, 0.5, 1.0]","{""time"": 0.0, ""collisions"": 0.05, ""congestion"": 1.0, ""fairness"": 1.0, ""incomplete_base"": 1000.0, ""incomplete_agent"": 10.0}","[21.65452898550725, 18.52028301886793, 11.204556650246307, 18.419440353460974, 10.848625083836353, 12.76478494623656, 20.897793263646925, 18.551425095585678, 14.024844236760124, 12.963023088023087]","[36.800000000000004, 31.8, 29.0, 29.1, 28.400000000000002, 27.900000000000002, 36.9, 41.1, 32.1, 29.700000000000003]"
ga,1,1,34.544873081493314,32.57000000000001,466.6,1.7951111767314067,5.3,12.293571428571429,21.71333333333333,9.419761904761904,True,0.0,hospital_corridor,28,12,"[11, 29, 47, 53, 61, 73, 89, 97, 101, 109]","[3.4705980725812546, 2.9822228355729217, 0.8055833411203152, 0.5, 1.0]","{""time"": 0.0, ""collisions"": 0.05, ""congestion"": 1.0, ""fairness"": 1.0, ""incomplete_base"": 1000.0, ""incomplete_agent"": 10.0}","[54.014480874316945, 50.49215927750411, 26.581038886142693, 58.823362754712875, 17.066925978312117, 18.03604521230875, 34.37023809523809, 22.415445665445667, 41.8521978021978, 21.79683626875408]","[30.5, 34.800000000000004, 28.900000000000002, 43.7, 30.3, 27.700000000000003, 34.300000000000004, 35.1, 31.200000000000003, 29.200000000000003]"
ga,1,2,55.59223374514883,30.48,900.1,1.7384242213393033,5.6,11.655357142857143,20.50416666666667,8.848809523809525,True,0.0,hospital_corridor,28,12,"[11, 29, 47, 53, 61, 73, 89, 97, 101, 109]","[3.1581000417977445, 1.1045091217092546, 0.992108723505274, 0.5, 1.0]","{""time"": 0.0, ""collisions"": 0.05, ""congestion"": 1.0, ""fairness"": 1.0, ""incomplete_base"": 1000.0, ""incomplete_agent"": 10.0}","[119.1625298614429, 42.25487012987014, 44.88742937853108, 69.1894883485309, 35.50833333333334, 43.10414614121511, 58.117172880882556, 57.69920020639835, 48.29652255639098, 37.70264461489294]","[29.900000000000002, 30.8, 29.5, 28.200000000000003, 30.8, 29.0, 34.1, 32.300000000000004, 30.400000000000002, 29.8]"
ga,1,3,1057.1109130338155,53.339999999999996,780.0,1.2216291232815415,4.8,11.946170634920637,21.835454545454546,9.88928391053391,False,0.7,hospital_corridor,28,12,"[11, 29, 47, 53, 61, 73, 89, 97, 101, 109]","[3.1581000417977445, 1.1045091217092546, 1.4051391335836787, 0.5, 1.0]","{""time"": 0.0, ""collisions"": 0.05, ""congestion"": 1.0, ""fairness"": 1.0, ""incomplete_base"": 1000.0, ""incomplete_agent"": 10.0}","[112.04397192402973, 1071.8911666666668, 1056.6075824915824, 42.362996031746036, 31.221196283391407, 1049.2401851851853, 53.54967764585727, 57.91138600691674, 59.58670816950634, 36.694259933272676]","[34.6, 100.0, 100.0, 28.8, 32.800000000000004, 100.0, 37.300000000000004, 35.800000000000004, 32.7, 31.400000000000002]"
ga,1,4,1166.1934967062264,100.0,5.0,0.35540000000000005,3.5,13.247260436630793,24.83535714285714,11.588096706226352,False,15.4,hospital_corridor,28,12,"[11, 29, 47, 53, 61, 73, 89, 97, 101, 109]","[3.429598966266329, 4.189005067771238, 1.9017989665282995, 0.5, 1.0]","{""time"": 0.0, ""collisions"": 0.05, ""congestion"": 1.0, ""fairness"": 1.0, ""incomplete_base"": 1000.0, ""incomplete_agent"": 10.0}","[1173.1501176470588, 1199.9993333333334, 1182.9623333333334, 1159.4103333333333, 1161.7665789473683, 1120.841261904762, 1132.3665, 1166.6386315789473, 1171.9785555555557, 1192.8213214285715]","[100.0, 100.0, 100.0, 100.0, 100.0, 100.0, 100.0, 100.0, 100.0, 100.0]"
ga,1,5,1051.5654309505585,59.760000000000005,598.1,1.0700410996686354,4.6,11.692034391534392,21.282424242424245,9.590389850889851,False,1.1,hospital_corridor,28,12,"[11, 29, 47, 53, 61, 73, 89, 97, 101, 109]","[3.3899431427445057, 1.1669623712920136, 1.9169029561031765, 0.5, 1.0]","{""time"": 0.0, ""collisions"": 0.05, ""congestion"": 1.0, ""fairness"": 1.0, ""incomplete_base"": 1000.0, ""incomplete_agent"": 10.0}","[67.6673501577287, 1069.629, 1057.017612794613, 37.39201509872241, 24.70625, 1066.9373333333333, 44.1728835978836, 50.27301587301587, 1057.1253333333334, 40.73351531695481]","[31.700000000000003, 100.0, 100.0, 28.700000000000003, 32.0, 100.0, 37.800000000000004, 36.0, 100.0, 31.400000000000002]"
ga,1,6,40.4486813247767,29.470000000000006,597.1,1.7710622771576499,5.4,11.048214285714286,19.870833333333337,8.822619047619048,True,0.0,hospital_corridor,28,12,"[11, 29, 47, 53, 61, 73, 89, 97, 101, 109]","[3.8088180468000568, 1.790257316736163, 0.8914286648248183, 0.5, 1.0]","{""time"": 0.0, ""collisions"": 0.05, ""congestion"": 1.0, ""fairness"": 1.0, ""incomplete_base"": 1000.0, ""incomplete_agent"": 10.0}","[90.42082770016523, 25.439101620029454, 21.561904761904763, 40.29652014652015, 28.03979591836735, 24.627380952380953, 39.89521129995407, 48.67078586035641, 54.68346794548208, 30.85181704260652]","[31.700000000000003, 29.1, 28.700000000000003, 27.3, 29.400000000000002, 28.0, 31.1, 32.6, 28.3, 28.5]"
ga,1,7,44.34374988304927,30.560000000000002,666.2,1.6736308354302198,5.2,11.485714285714286,20.845833333333335,9.360119047619047,True,0.0,hospital_corridor,28,12,"[11, 29, 47, 53, 61, 73, 89, 97, 101, 109]","[3.270565340642888, 1.3514538488915104, 0.986805903962581, 0.5, 1.0]","{""time"": 0.0, ""collisions"": 0.05, ""congestion"": 1.0, ""fairness"": 1.0, ""incomplete_base"": 1000.0, ""incomplete_agent"": 10.0}","[84.78033743298643, 50.26366248693835, 30.68315455875183, 49.030105066937814, 28.078987517337033, 29.50038046146294, 42.891124893071, 51.183333333333344, 43.35649350649351, 33.66991957318045]","[30.200000000000003, 31.900000000000002, 29.3, 28.1, 30.900000000000002, 29.1, 33.4, 32.0, 30.8, 29.900000000000002]"
ga,1,8,123.06937284823691,27.54,2266.7,1.925682372046441,6.1,10.207142857142859,18.015833333333337,7.808690476190478,True,0.0,hospital_corridor,28,12,"[11, 29, 47, 53, 61, 73, 89, 97, 101, 109]","[4.693810676255719, 4.725916100618479, 0.6831244755509952, 0.5, 1.0]","{""time"": 0.0, ""collisions"": 0.05, ""congestion"": 1.0, ""fairness"": 1.0, ""incomplete_base"": 1000.0, ""incomplete_agent"": 10.0}","[153.5107614332862, 132.1391915039397, 96.59454186006533, 112.71428571428572, 122.03626510305615, 97.39775132275133, 126.14088290120318, 191.6058531746032, 84.84644614303286, 113.70774932614556]","[30.3, 27.8, 27.700000000000003, 25.3, 26.8, 27.0, 28.1, 28.8, 27.1, 26.5]"
ga,1,9,1041.185430671624,51.9,450.5,1.1967636904571912,4.5,10.997317867317866,20.46098484848485,9.463666981166982,False,0.8,hospital_corridor,28,12,"[11, 29, 47, 53, 61, 73, 89, 97, 101, 109]","[4.581063572625684, 1.6454818210769087, 2.445642023501148, 0.5, 1.0]","{""time"": 0.0, ""collisions"": 0.05, ""congestion"": 1.0, ""fairness"": 1.0, ""incomplete_base"": 1000.0, ""incomplete_agent"": 10.0}","[48.683517072423825, 1064.184, 1049.2735892255891, 31.431677018633543, 20.82895814376706, 1052.3461282051283, 40.70643415724061, 43.64919488026425, 31.059718904284125, 29.691089108910894]","[31.1, 100.0, 100.0, 27.6, 31.400000000000002, 100.0, 34.1, 34.6, 29.900000000000002, 30.3]"
ga,1,10,1040.982002519335,66.72999999999999,345.3,0.9684368775694795,4.9,12.390146479446482,22.13871212121212,9.748565641765643,False,1.3,hospital_corridor,28,12,"[11, 29, 47, 53, 61, 73, 89, 97, 101, 109]","[3.5256943777944114, 1.608977491916316, 1.8961702815759318, 0.5, 1.0]","{""time"": 0.0, ""collisions"": 0.05, ""congestion"": 1.0, ""fairness"": 1.0, ""incomplete_base"": 1000.0, ""incomplete_agent"": 10.0}","[51.215607252075145, 1060.4873333333333, 1052.6413076923077, 21.73817733990148, 20.993798118049618, 1060.8266666666666, 30.00663602074493, 1044.6967777777777, 1042.0713804713805, 25.142340521114107]","[32.7, 100.0, 100.0, 29.0, 33.4, 100.0, 40.400000000000006, 100.0, 100.0, 31.8]"
ga,1,11,1124.0659972709277,100.0,19.4,0.3509,3.2,14.411433753603376,25.156531024531027,10.745097270927648,False,11.2,hospital_corridor,28,12,"[11, 29, 47, 53, 61, 73, 89, 97, 101, 109]","[3.2107339244466924, 3.0739695472592943, 2.6288842084395876, 0.5, 1.0]","{""time"": 0.0, ""collisions"": 0.05, ""congestion"": 1.0, ""fairness"": 1.0, ""incomplete_base"": 1000.0, ""incomplete_agent"": 10.0}","[1110.7301866028708, 1152.70525, 1120.9607777777778, 1125.7485555555556, 1127.8968095238095, 1103.8528686868688, 1115.920380952381, 1128.0908405797102, 1099.3296363636364, 1155.4246666666668]","[100.0, 100.0, 100.0, 100.0, 100.0, 100.0, 100.0, 100.0, 100.0, 100.0]"
ga,1,12,1119.769176492479,100.0,82.3,0.374,3.9,13.191889164086689,23.472065656565654,10.280176492478969,False,10.5,hospital_corridor,28,12,"[11, 29, 47, 53, 61, 73, 89, 97, 101, 109]","[2.7421609410397596, 2.3934788406631453, 1.342324375373309, 0.5, 1.0]","{""time"": 0.0, ""collisions"": 0.05, ""congestion"": 1.0, ""fairness"": 1.0, ""incomplete_base"": 1000.0, ""incomplete_agent"": 10.0}","[1116.1861363636363, 1153.3145454545454, 1101.0222828282829, 1127.9805321637427, 1121.012157894737, 1115.2873181818181, 1105.4562626262627, 1096.331, 1074.893, 1186.2085294117646]","[100.0, 100.0, 100.0, 100.0, 100.0, 100.0, 100.0, 100.0, 100.0, 100.0]"
ga,1,13,1225.9421556277057,100.0,12.7,0.30219999999999997,2.7,17.099008658008664,32.10396428571429,15.00495562770563,False,21.0,hospital_corridor,28,12,"[11, 29, 47, 53, 61, 73, 89, 97, 101, 109]","[0.970612310896081, 1.9947725599753519, 1.4638887084245877, 0.5, 1.0]","{""time"": 0.0, ""collisions"": 0.05, ""congestion"": 1.0, ""fairness"": 1.0, ""incomplete_base"": 1000.0, ""incomplete_agent"": 10.0}","[1218.3963333333334, 1186.032, 1263.875, 1263.6981428571428, 1215.89, 1277.762, 1184.9515, 1220.4174285714287, 1217.7238181818182, 1210.6753333333334]","[100.0, 100.0, 100.0, 100.0, 100.0, 100.0, 100.0, 100.0, 100.0, 100.0]"
ga,1,14,1057.5483916898781,94.28,373.1,0.5528897196261682,4.1,13.444194999445,24.784696969696974,11.340501970251973,False,2.7,hospital_corridor,28,12,"[11, 29, 47, 53, 61, 73, 89, 97, 101, 109]","[2.5196041502027304, 1.1449581881937232, 2.366682554452563, 0.5, 1.0]","{""time"": 0.0, ""collisions"": 0.05, ""congestion"": 1.0, ""fairness"": 1.0, ""incomplete_base"": 1000.0, ""incomplete_agent"": 10.0}","[1072.2962307692308, 1083.5337575757576, 1052.0915174825175, 1071.339, 1058.8475, 1057.525, 1055.505487179487, 1047.345111111111, 1042.5119393939394, 34.48837338673788]","[100.0, 100.0, 100.0, 100.0, 100.0, 100.0, 100.0, 100.0, 100.0, 42.800000000000004]"
ga,1,15,1048.0637021920106,75.21000000000001,460.4,0.8321654879738641,4.5,12.61619056869057,22.827727272727277,10.211536704036705,False,1.4,hospital_corridor,28,12,"[11, 29, 47, 53, 61, 73, 89, 97, 101, 109]","[3.1624057035516087, 1.509988850780985, 1.4131310781648252, 0.5, 1.0]","{""time"": 0.0, ""collisions"": 0.05, ""congestion"": 1.0, ""fairness"": 1.0, ""incomplete_base"": 1000.0, ""incomplete_agent"": 10.0}","[74.7197509438558, 1085.9398484848484, 1044.2149393939394, 1040.935871794872, 1034.2927179487178, 1034.7617037037037, 36.13589511754069, 65.59334215167549, 1036.269142857143, 27.773809523809526]","[39.1, 100.0, 100.0, 100.0, 100.0, 100.0, 39.5, 40.5, 100.0, 33.0]"
ga,1,16,1051.0860196977185,37.39,736.5,1.516436364385176,5.5,10.490416666666667,19.235000000000003,8.744583333333335,False,0.4,hospital_corridor,28,12,"[11, 29, 47, 53, 61, 73, 89, 97, 101, 109]","[4.442680692981572, 1.4488486624875245, 1.0922299251416754, 0.5, 1.0]","{""time"": 0.0, ""collisions"": 0.05, ""congestion"": 1.0, ""fairness"": 1.0, ""incomplete_base"": 1000.0, ""incomplete_agent"": 10.0}","[77.05748780077403, 1074.2218333333333, 30.744832826747725, 70.25257936507938, 30.67282025486251, 38.18113553113554, 48.62232332423415, 54.83733766233767, 53.29642857142857, 32.97341830725223]","[28.3, 100.0, 28.200000000000003, 43.2, 28.400000000000002, 27.3, 31.400000000000002, 30.8, 28.0, 28.3]"
ga,1,17,1036.1499431972693,67.35,243.4,0.9506034018794619,4.6,12.238842022792022,22.26818181818182,10.029339795389797,False,1.3,hospital_corridor,28,12,"[11, 29, 47, 53, 61, 73, 89, 97, 101, 109]","[4.0596662252893125, 2.012246028438251, 2.239537943641598, 0.5, 1.0]","{""time"": 0.0, ""collisions"": 0.05, ""congestion"": 1.0, ""fairness"": 1.0, ""incomplete_base"": 1000.0, ""incomplete_agent"": 10.0}","[38.541019668737064, 1057.4715, 1049.275972027972, 16.765117416829746, 15.817380952380951, 1051.3403333333333, 25.262329724065665, 1047.125814814815, 1038.8757777777778, 21.024186256781192]","[36.800000000000004, 100.0, 100.0, 29.200000000000003, 35.0, 100.0, 40.900000000000006, 100.0, 100.0, 31.6]"
ga,1,18,1052.6463520457025,93.89,301.5,0.5453483290488432,4.4,12.704905374255377,23.73090909090909,11.026003716653717,False,2.6,hospital_corridor,28,12,"[11, 29, 47, 53, 61, 73, 89, 97, 101, 109]","[3.072653728099371, 1.4907597502641, 2.1521972455838165, 0.5, 1.0]","{""time"": 0.0, ""collisions"": 0.05, ""congestion"": 1.0, ""fairness"": 1.0, ""incomplete_base"": 1000.0, ""incomplete_agent"": 10.0}","[55.10014995715511, 1079.5903636363637, 1051.7652447552448, 1055.7248333333334, 1054.7503333333334, 1061.8033333333333, 1048.708717948718, 1040.4366666666667, 1035.178851851852, 1043.4050256410255]","[38.900000000000006, 100.0, 100.0, 100.0, 100.0, 100.0, 100.0, 100.0, 100.0, 100.0]"
ga,1,19,1054.0286782277446,88.66,248.4,0.586420927637445,4.0,13.523651790801793,24.545909090909095,11.0222573001073,False,3.0,hospital_corridor,28,12,"[11, 29, 47, 53, 61, 73, 89, 97, 101, 109]","[2.7978523512146083, 1.4387375886002696, 2.5287665671834803, 0.5, 1.0]","{""time"": 0.0, ""collisions"": 0.05, ""congestion"": 1.0, ""fairness"": 1.0, ""incomplete_base"": 1000.0, ""incomplete_agent"": 10.0}","[1074.735, 1100.5046666666667, 1048.6503006993007, 1058.1993333333332, 1056.6495, 1052.9653333333333, 1046.735717948718, 32.56715404282519, 1037.6163400673402, 31.663436185930223]","[100.0, 100.0, 100.0, 100.0, 100.0, 100.0, 100.0, 44.7, 100.0, 41.900000000000006]"
ga,1,20,19.377665525869176,31.43,164.7,1.8799274306310807,5.5,12.018928571428571,21.28166666666667,9.262738095238095,True,0.0,hospital_corridor,28,12,"[11, 29, 47, 53, 61, 73, 89, 97, 101, 109]","[4.615478927457241, 4.250557612035847, 0.8881642462339954, 0.5, 1.0]","{""time"": 0.0, ""collisions"": 0.05, ""congestion"": 1.0, ""fairness"": 1.0, ""incomplete_base"": 1000.0, ""incomplete_agent"": 10.0}","[31.62257799671593, 27.15670995670996, 18.192508710801395, 14.78162525879917, 17.016056166056167, 13.461939020212402, 22.451619931792344, 20.690149599662877, 14.87044513457557, 13.53302348336595]","[34.800000000000004, 31.900000000000002, 28.700000000000003, 27.6, 35.1, 27.8, 37.7, 33.9, 27.6, 29.200000000000003]"
ga,1,21,16.09942674253085,30.8,107.3,1.8063315044356105,5.6,12.05607142857143,20.98416666666667,8.928095238095239,True,0.0,hospital_corridor,28,12,"[11, 29, 47, 53, 61, 73, 89, 97, 101, 109]","[3.3941565348326987, 3.693084944047685, 0.8485832522389493, 0.5, 1.0]","{""time"": 0.0, ""collisions"": 0.05, ""congestion"": 1.0, ""fairness"": 1.0, ""incomplete_base"": 1000.0, ""incomplete_agent"": 10.0}","[21.010307781649246, 11.531277056277057, 15.935145457500408, 15.74000933706816, 10.613568166992827, 14.561804158283032, 19.996916359667075, 17.77777777777778, 20.05196007696008, 13.775501253132832]","[28.700000000000003, 30.8, 29.3, 30.6, 29.200000000000003, 28.400000000000002, 34.9, 36.0, 29.700000000000003, 30.400000000000002]"
ga,1,22,1106.4290081821814,100.0,23.0,0.42210000000000003,4.0,13.397288066014841,25.25419624819625,11.85690818218141,False,9.3,hospital_corridor,28,12,"[11, 29, 47, 53, 61, 73, 89, 97, 101, 109]","[3.4998054614206353, 4.030251518769095, 1.2111301940235875, 0.5, 1.0]","{""time"": 0.0, ""collisions"": 0.05, ""congestion"": 1.0, ""fairness"": 1.0, ""incomplete_base"": 1000.0, ""incomplete_agent"": 10.0}","[1095.3016363636364, 1152.4741212121212, 1090.9749855072464, 1126.6332807017543, 1124.7194736842105, 1094.126652173913, 1079.745111111111, 1098.8102857142858, 1068.2324444444444, 1133.2720909090908]","[100.0, 100.0, 100.0, 100.0, 100.0, 100.0, 100.0, 100.0, 100.0, 100.0]"
ga,1,23,1113.5203624846868,100.0,84.0,0.3886,3.9,12.549429434505234,22.481191919191918,9.931762484686685,False,9.9,hospital_corridor,28,12,"[11, 29, 47, 53, 61, 73, 89, 97, 101, 109]","[3.0408213611042276, 2.6591186976716026, 1.2711591204349169, 0.5, 1.0]","{""time"": 0.0, ""collisions"": 0.05, ""congestion"": 1.0, ""fairness"": 1.0, ""incomplete_base"": 1000.0, ""incomplete_agent"": 10.0}","[1114.7561818181819, 1157.3450303030304, 1084.0010555555555, 1127.7374561403508, 1119.7233684210526, 1074.6955, 1086.5567826086956, 1085.903, 1087.0193333333334, 1197.4659166666668]","[100.0, 100.0, 100.0, 100.0, 100.0, 100.0, 100.0, 100.0, 100.0, 100.0]"
ga,2,0,15.984930472217119,32.28,90.1,1.8946923769790218,5.3,12.13892857142857,21.72416666666667,9.585238095238097,True,0.0,hospital_corridor,28,12,"[11, 29, 47, 53, 61, 73, 89, 97, 101, 109]","[4.693810676255719, 4.725916100618479, 0.9311641573526295, 0.5, 1.0]","{""time"": 0.0, ""collisions"": 0.05, ""congestion"": 1.0, ""fairness"": 1.0, ""incomplete_base"": 1000.0, ""incomplete_agent"": 10.0}","[21.65452898550725, 18.52028301886793, 11.204556650246307, 18.419440353460974, 10.848625083836353, 12.76478494623656, 20.897793263646925, 18.551425095585678, 14.024844236760124, 12.963023088023087]","[36.800000000000004, 31.8, 29.0, 29.1, 28.400000000000002, 27.900000000000002, 36.9, 41.1, 32.1, 29.700000000000003]"
ga,2,1,16.09942674253085,30.8,107.3,1.8063315044356105,5.6,12.05607142857143,20.98416666666667,8.928095238095239,True,0.0,hospital_corridor,28,12,"[11, 29, 47, 53, 61, 73, 89, 97, 101, 109]","[3.3941565348326987, 3.693084944047685, 0.8485832522389493, 0.5, 1.0]","{""time"": 0.0, ""collisions"": 0.05, ""congestion"": 1.0, ""fairness"": 1.0, ""incomplete_base"": 1000.0, ""incomplete_agent"": 10.0}","[21.010307781649246, 11.531277056277057, 15.935145457500408, 15.74000933706816, 10.613568166992827, 14.561804158283032, 19.996916359667075, 17.77777777777778, 20.05196007696008, 13.775501253132832]","[28.700000000000003, 30.8, 29.3, 30.6, 29.200000000000003, 28.400000000000002, 34.9, 36.0, 29.700000000000003, 30.400000000000002]"
ga,2,2,1054.7930613690587,51.67,711.0,1.2217476827449074,5.3,11.079368131868133,20.10068181818182,9.021313686313686,False,0.9,hospital_corridor,28,12,"[11, 29, 47, 53, 61, 73, 89, 97, 101, 109]","[3.850972899808432, 1.0941305180797354, 1.947088827363502, 0.5, 1.0]","{""time"": 0.0, ""collisions"": 0.05, ""congestion"": 1.0, ""fairness"": 1.0, ""incomplete_base"": 1000.0, ""incomplete_agent"": 10.0}","[70.03784461152883, 1078.7646666666667, 1068.219972027972, 44.80622644741349, 27.289316141792177, 1057.7493076923076, 49.51239067055394, 64.49686147186148, 51.99750830564784, 35.05651965484181]","[30.400000000000002, 100.0, 100.0, 27.8, 31.3, 100.0, 34.300000000000004, 33.0, 30.1, 29.8]"
ga,2,3,1043.5018088585703,60.019999999999996,455.0,1.0698549384163931,4.7,11.876758201058202,21.55871212121212,9.681953920153921,False,1.0,hospital_corridor,28,12,"[11, 29, 47, 53, 61, 73, 89, 97, 101, 109]","[3.5986364682253864, 1.41347720723611, 2.209352072381272, 0.5, 1.0]","{""time"": 0.0, ""collisions"": 0.05, ""congestion"": 1.0, ""fairness"": 1.0, ""incomplete_base"": 1000.0, ""incomplete_agent"": 10.0}","[54.24518633540373, 1064.372, 1053.8357946127946, 27.37352216748769, 20.320491388044584, 1056.6483333333333, 44.1283724978242, 47.777197802197804, 1039.2529350649352, 27.064255383682138]","[32.2, 100.0, 100.0, 29.0, 32.9, 100.0, 38.300000000000004, 36.4, 100.0, 31.400000000000002]"
ga,2,4,15.984930472217119,32.28,90.1,1.8946923769790218,5.3,12.13892857142857,21.72416666666667,9.585238095238097,True,0.0,hospital_corridor,28,12,"[11, 29, 47, 53, 61, 73, 89, 97, 101, 109]","[4.693810676255719, 4.725916100618479, 0.9311641573526295, 0.5, 1.0]","{""time"": 0.0, ""collisions"": 0.05, ""congestion"": 1.0, ""fairness"": 1.0, ""incomplete_base"": 1000.0, ""incomplete_agent"": 10.0}","[21.65452898550725, 18.52028301886793, 11.204556650246307, 18.419440353460974, 10.848625083836353, 12.76478494623656, 20.897793263646925, 18.551425095585678, 14.024844236760124, 12.963023088023087]","[36.800000000000004, 31.8, 29.0, 29.1, 28.400000000000002, 27.900000000000002, 36.9, 41.1, 32.1, 29.700000000000003]"
ga,2,5,14.412183086489051,32.019999999999996,64.1,1.8943259436319078,5.3,12.317142857142859,21.63,9.312857142857144,True,0.0,hospital_corridor,28,12,"[11, 29, 47, 53, 61, 73, 89, 97, 101, 109]","[4.693810676255719, 5.0, 0.9311641573526295, 0.5, 1.0]","{""time"": 0.0, ""collisions"": 0.05, ""congestion"": 1.0, ""fairness"": 1.0, ""incomplete_base"": 1000.0, ""incomplete_agent"": 10.0}","[18.109844596521242, 13.570956427896938, 10.662698412698413, 15.810824175824177, 13.015852130325818, 12.854693388146625, 15.709682981827829, 17.522978303747536, 14.504479019330507, 12.35982142857143]","[33.4, 35.300000000000004, 28.8, 32.5, 30.400000000000002, 27.8, 35.9, 33.800000000000004, 30.3, 32.0]"
ga,2,6,1039.0331307769775,66.96000000000001,306.2,0.9594575853543702,4.7,12.108372262922263,21.87204545454546,9.763673191623193,False,1.3,hospital_corridor,28,12,"[11, 29, 47, 53, 61, 73, 89, 97, 101, 109]","[3.8055418690386573, 1.7624363483280643, 1.956699299253613, 0.5, 1.0]","{""time"": 0.0, ""collisions"": 0.05, ""congestion"": 1.0, ""fairness"": 1.0, ""incomplete_base"": 1000.0, ""incomplete_agent"": 10.0}","[51.41825396825398, 1059.0175, 1055.5893006993008, 20.04010545394629, 17.12085998578536, 1050.5943333333332, 28.965147164393397, 1041.5335185185186, 1040.8625555555554, 25.189733090688506]","[36.0, 100.0, 100.0, 28.900000000000002, 33.5, 100.0, 39.800000000000004, 100.0, 100.0, 31.400000000000002]"
ga,2,7,1054.2677170977172,100.0,143.6,0.46080000000000004,3.7,14.139476841676842,25.766393939393943,11.626917097717097,False,3.5,hospital_corridor,28,12,"[11, 29, 47, 53, 61, 73, 89, 97, 101, 109]","[3.0148765706995686, 1.8587871720265028, 2.1790089259639167, 0.5, 1.0]","{""time"": 0.0, ""collisions"": 0.05, ""congestion"": 1.0, ""fairness"": 1.0, ""incomplete_base"": 1000.0, ""incomplete_agent"": 10.0}","[1072.3718333333334, 1115.798, 1043.3157342657344, 1050.2801666666667, 1055.207, 1052.4496666666666, 1042.9831025641026, 1046.2282857142857, 1022.727074074074, 1041.3163076923076]","[100.0, 100.0, 100.0, 100.0, 100.0, 100.0, 100.0, 100.0, 100.0, 100.0]"
ga,2,8,1040.6551757455507,66.93,337.7,0.9617682400932497,4.4,12.377198555148556,22.185606060606062,9.808407505457506,False,1.3,hospital_corridor,28,12,"[11, 29, 47, 53, 61, 73, 89, 97, 101, 109]","[3.672914529303201, 1.7613630845678983, 1.6901689150057764, 0.5, 1.0]","{""time"": 0.0, ""collisions"": 0.05, ""congestion"": 1.0, ""fairness"": 1.0, ""incomplete_base"": 1000.0, ""incomplete_agent"": 10.0}","[43.92735217954251, 1058.1188333333334, 1054.7055524475525, 16.622126436781613, 18.598396501457728, 1050.7276666666667, 32.9110544217687, 1056.5003703703703, 1043.9750808080807, 30.465324289953372]","[33.1, 100.0, 100.0, 29.0, 34.300000000000004, 100.0, 39.2, 100.0, 100.0, 33.7]"
ga,2,9,1047.4202545734572,78.58000000000001,269.7,0.743433043135753,4.2,13.838178469678471,26.03,12.19182153032153,False,2.1,hospital_corridor,28,12,"[11, 29, 47, 53, 61, 73, 89, 97, 101, 109]","[2.2997468961099425, 1.6378717240845808, 1.0974300313949736, 0.5, 1.0]","{""time"": 0.0, ""collisions"": 0.05, ""congestion"": 1.0, ""fairness"": 1.0, ""incomplete_base"": 1000.0, ""incomplete_agent"": 10.0}","[1082.5146923076923, 1096.4296666666667, 22.367645749888744, 1065.1416666666667, 1053.4233333333334, 1035.6375925925927, 25.918801313628897, 26.48885438233264, 27.195600414078676, 1039.0846923076924]","[100.0, 100.0, 42.800000000000004, 100.0, 100.0, 100.0, 46.400000000000006, 41.400000000000006, 55.2, 100.0]"
ga,2,10,1028.2974222924875,43.95,258.5,1.526622027937257,5.1,11.572533068783068,20.418333333333333,8.845800264550265,False,0.5,hospital_corridor,28,12,"[11, 29, 47, 53, 61, 73, 89, 97, 101, 109]","[4.491079313273145, 2.9822228355729217, 1.024618133918771, 0.5, 1.0]","{""time"": 0.0, ""collisions"": 0.05, ""congestion"": 1.0, ""fairness"": 1.0, ""incomplete_base"": 1000.0, ""incomplete_agent"": 10.0}","[55.24454595791805, 1052.3785, 13.96923076923077, 20.96162213086674, 15.160192433137638, 1028.0994074074074, 24.709410069760388, 26.72172619047619, 23.589408443789893, 22.14017952228815]","[30.1, 100.0, 28.6, 27.8, 29.200000000000003, 100.0, 31.400000000000002, 32.0, 29.1, 31.3]"
ga,2,11,15.984930472217119,32.28,90.1,1.8946923769790218,5.3,12.13892857142857,21.72416666666667,9.585238095238097,True,0.0,hospital_corridor,28,12,"[11, 29, 47, 53, 61, 73, 89, 97, 101, 109]","[4.693810676255719, 4.725916100618479, 0.9311641573526295, 0.5, 1.0]","{""time"": 0.0, ""collisions"": 0.05, ""congestion"": 1.0, ""fairness"": 1.0, ""incomplete_base"": 1000.0, ""incomplete_agent"": 10.0}","[21.65452898550725, 18.52028301886793, 11.204556650246307, 18.419440353460974, 10.848625083836353, 12.76478494623656, 20.897793263646925, 18.551425095585678, 14.024844236760124, 12.963023088023087]","[36.800000000000004, 31.8, 29.0, 29.1, 28.400000000000002, 27.900000000000002, 36.9, 41.1, 32.1, 29.700000000000003]"
ga,2,12,1059.486452314272,100.0,146.3,0.45410000000000006,4.4,11.565784049364485,21.283136363636366,9.717352314271881,False,4.2,hospital_corridor,28,12,"[11, 29, 47, 53, 61, 73, 89, 97, 101, 109]","[4.4097022055149155, 3.0777668595528995, 1.213895430637104, 0.5, 1.0]","{""time"": 0.0, ""collisions"": 0.05, ""congestion"": 1.0, ""fairness"": 1.0, ""incomplete_base"": 1000.0, ""incomplete_agent"": 10.0}","[1056.5092307692307, 1092.6176666666668, 1089.6127391304349, 1052.4085, 1079.8880909090908, 1054.6493636363637, 1045.2595641025641, 1042.6891428571428, 1042.3194814814815, 1038.9107435897436]","[100.0, 100.0, 100.0, 100.0, 100.0, 100.0, 100.0, 100.0, 100.0, 100.0]"
ga,2,13,1043.9493475785423,81.28999999999999,192.2,0.7803635995583365,4.6,12.908061475561476,23.46704545454546,10.558983978983978,False,2.3,hospital_corridor,28,12,"[11, 29, 47, 53, 61, 73, 89, 97, 101, 109]","[3.3681824254939343, 2.682779603263932, 1.0873998937617166, 0.5, 1.0]","{""time"": 0.0, ""collisions"": 0.05, ""congestion"": 1.0, ""fairness"": 1.0, ""incomplete_base"": 1000.0, ""incomplete_agent"": 10.0}","[1056.271564102564, 1085.691303030303, 1030.1003804713805, 1051.384, 1068.8013333333333, 1028.7582222222222, 24.04718045112782, 23.621103896103897, 29.732875457875455, 1041.0855128205128]","[100.0, 100.0, 100.0, 100.0, 100.0, 100.0, 38.0, 38.5, 36.4, 100.0]"
ga,2,14,1087.0569748478574,100.0,90.2,0.4077,3.8,13.34289181880921,23.482166666666668,10.139274847857456,False,7.2,hospital_corridor,28,12,"[11, 29, 47, 53, 61, 73, 89, 97, 101, 109]","[3.8635940746882746, 2.7954436576597628, 2.0248468417461822, 0.5, 1.0]","{""time"": 0.0, ""collisions"": 0.05, ""congestion"": 1.0, ""fairness"": 1.0, ""incomplete_base"": 1000.0, ""incomplete_agent"": 10.0}","[1081.9075375494072, 1135.7902222222222, 1102.0128181818181, 1068.9070276679843, 1111.3095873015873, 1048.8333333333333, 1068.706, 1087.47, 1069.9062222222221, 1095.727]","[100.0, 100.0, 100.0, 100.0, 100.0, 100.0, 100.0, 100.0, 100.0, 100.0]"
ga,2,15,1039.9466069392008,44.099999999999994,487.6,1.4188820714759063,4.8,11.134775132275132,20.282500000000002,9.14772486772487,False,0.5,hospital_corridor,28,12,"[11, 29, 47, 53, 61, 73, 89, 97, 101, 109]","[4.316130662770703, 1.8720903453031432, 1.2263785228752808, 0.5, 1.0]","{""time"": 0.0, ""collisions"": 0.05, ""congestion"": 1.0, ""fairness"": 1.0, ""incomplete_base"": 1000.0, ""incomplete_agent"": 10.0}","[64.9297385620915, 1063.4436666666666, 1030.2692962962963, 25.436080586080593, 24.861355311355315, 37.16570687098369, 33.261904761904766, 60.21884057971015, 30.818524970964, 29.060954785954785]","[30.6, 100.0, 100.0, 27.3, 31.200000000000003, 28.900000000000002, 32.4, 32.2, 28.700000000000003, 29.700000000000003]"
ga,2,16,1049.1743047422901,52.46999999999999,633.0,1.2237570029923541,4.7,11.663921957671956,20.964469696969697,9.30054773929774,False,0.7,hospital_corridor,28,12,"[11, 29, 47, 53, 61, 73, 89, 97, 101, 109]","[3.5567566065493983, 1.2771501156394045, 1.5420128438641594, 0.5, 1.0]","{""time"": 0.0, ""collisions"": 0.05, ""congestion"": 1.0, ""fairness"": 1.0, ""incomplete_base"": 1000.0, ""incomplete_agent"": 10.0}","[63.46739028944912, 1068.3428333333334, 1053.4244377104378, 42.8089222614841, 32.574910992434354, 1049.9507777777778, 44.02521467603435, 54.09777432712216, 46.73407315607631, 36.31671289875174]","[30.6, 100.0, 100.0, 28.3, 32.1, 100.0, 36.6, 34.5, 31.700000000000003, 30.900000000000002]"
ga,2,17,1051.8937279985205,68.28,561.1,0.9507022168947155,4.6,12.99727724867725,23.88530303030303,10.888025781625782,False,1.2,hospital_corridor,28,12,"[11, 29, 47, 53, 61, 73, 89, 97, 101, 109]","[2.8237013620817417, 1.1564105038330041, 1.7346838829725597, 0.5, 1.0]","{""time"": 0.0, ""collisions"": 0.05, ""congestion"": 1.0, ""fairness"": 1.0, ""incomplete_base"": 1000.0, ""incomplete_agent"": 10.0}","[81.38461463604514, 1066.0156666666667, 1050.0292087542089, 43.78825003685685, 22.043610876303184, 1070.759, 43.12288421168932, 1048.9044814814815, 1048.8547104377105, 44.03485288424313]","[36.7, 100.0, 100.0, 32.300000000000004, 33.800000000000004, 100.0, 43.1, 100.0, 100.0, 36.9]"
ga,2,18,1038.8042563719878,66.92,319.3,0.9440147580462502,4.4,11.936728083028083,21.831969696969697,9.895241613941614,False,1.2,hospital_corridor,28,12,"[11, 29, 47, 53, 61, 73, 89, 97, 101, 109]","[3.8709606660188096, 1.7210197585708524, 2.1898144712731136, 0.5, 1.0]","{""time"": 0.0, ""collisions"": 0.05, ""congestion"": 1.0, ""fairness"": 1.0, ""incomplete_base"": 1000.0, ""incomplete_agent"": 10.0}","[52.17981366459628, 1059.856, 1051.4499370629371, 19.888013136289, 19.201162215628088, 1052.7746666666667, 33.1610633258539, 1044.6181111111111, 1031.3864155844155, 23.527380952380952]","[36.800000000000004, 100.0, 100.0, 29.0, 33.7, 100.0, 38.2, 100.0, 100.0, 31.5]"
ga,2,19,1042.9087380308893,44.33,505.9,1.3960394794406166,5.0,11.139574175824176,20.357272727272726,9.217698551448553,False,0.7,hospital_corridor,28,12,"[11, 29, 47, 53, 61, 73, 89, 97, 101, 109]","[4.244155930235731, 1.7400749323549232, 1.3293470785308792, 0.5, 1.0]","{""time"": 0.0, ""collisions"": 0.05, ""congestion"": 1.0, ""fairness"": 1.0, ""incomplete_base"": 1000.0, ""incomplete_agent"": 10.0}","[74.82018315018315, 1065.0531666666666, 1051.3593426573427, 29.868787878787884, 24.854601133057727, 32.41611880046136, 34.24969069198677, 53.54525723472669, 35.74566210045663, 27.17456999522217]","[32.5, 100.0, 100.0, 27.5, 31.1, 28.900000000000002, 33.1, 31.1, 29.200000000000003, 29.900000000000002]"
ga,2,20,1049.1322281418613,60.18000000000001,546.7,1.1032457945790881,4.9,11.88669947089947,21.580681818181823,9.693982347282347,False,1.1,hospital_corridor,28,12,"[11, 29, 47, 53, 61, 73, 89, 97, 101, 109]","[3.7903074493761775, 1.5378193515817482, 1.6564807357355065, 0.5, 1.0]","{""time"": 0.0, ""collisions"": 0.05, ""congestion"": 1.0, ""fairness"": 1.0, ""incomplete_base"": 1000.0, ""incomplete_agent"": 10.0}","[92.26198240165634, 1062.749, 1046.6201717171716, 25.65448328267477, 24.30386998059412, 1057.4996666666666, 40.06074016563147, 64.15823680823681, 1048.4501279461279, 29.56400244985454]","[36.800000000000004, 100.0, 100.0, 28.200000000000003, 31.900000000000002, 100.0, 36.800000000000004, 37.0, 100.0, 31.1]"
ga,2,21,1044.3093644919709,87.65,317.2,0.6412372562435853,4.6,12.46232730972731,22.270454545454548,9.808127235727238,False,1.8,hospital_corridor,28,12,"[11, 29, 47, 53, 61, 73, 89, 97, 101, 109]","[3.5399241165560227, 1.7876674079022776, 1.5698631118686726, 0.5, 1.0]","{""time"": 0.0, ""collisions"": 0.05, ""congestion"": 1.0, ""fairness"": 1.0, ""incomplete_base"": 1000.0, ""incomplete_agent"": 10.0}","[57.250772200772204, 1058.0216666666668, 1051.1828601398602, 1042.138512820513, 1033.6396410256411, 1053.7423333333334, 31.0792194092827, 1040.7001481481482, 1033.4053116883117, 1041.9331794871796]","[37.0, 100.0, 100.0, 100.0, 100.0, 100.0, 39.5, 100.0, 100.0, 100.0]"
ga,2,22,53.066901083810876,30.660000000000004,845.4,1.7260677504775397,5.4,11.6375,20.708333333333336,9.070833333333333,True,0.0,hospital_corridor,28,12,"[11, 29, 47, 53, 61, 73, 89, 97, 101, 109]","[3.3288043565989076, 1.526207418835974, 0.8680536670923031, 0.5, 1.0]","{""time"": 0.0, ""collisions"": 0.05, ""congestion"": 1.0, ""fairness"": 1.0, ""incomplete_base"": 1000.0, ""incomplete_agent"": 10.0}","[94.22057032115171, 35.35551441312311, 30.051190476190477, 95.0865469309111, 55.4928773204197, 32.72799091367996, 46.11478086809946, 54.68054945054946, 59.42782485875707, 27.511165285226724]","[30.1, 29.900000000000002, 29.0, 34.6, 29.5, 28.3, 33.9, 32.5, 29.5, 29.3]"
ga,2,23,15.508452757079871,35.239999999999995,87.3,1.7635718046989184,5.5,13.634285714285715,23.014166666666668,9.379880952380953,True,0.0,hospital_corridor,28,12,"[11, 29, 47, 53, 61, 73, 89, 97, 101, 109]","[3.335917518876679, 3.57160605186833, 0.9673354891092272, 0.5, 1.0]","{""time"": 0.0, ""collisions"": 0.05, ""congestion"": 1.0, ""fairness"": 1.0, ""incomplete_base"": 1000.0, ""incomplete_agent"": 10.0}","[25.760097001763672, 10.608583560812862, 14.249530075187971, 12.349912891986062, 8.748575331772052, 16.531987577639754, 19.36226559836345, 18.13795518207283, 16.213932980599647, 13.121687370600416]","[48.6, 31.400000000000002, 30.400000000000002, 28.700000000000003, 36.6, 34.5, 41.900000000000006, 35.7, 32.4, 32.2]"
ga,3,0,14.412183086489051,32.019999999999996,64.1,1.8943259436319078,5.3,12.317142857142859,21.63,9.312857142857144,True,0.0,hospital_corridor,28,12,"[11, 29, 47, 53, 61, 73, 89, 97, 101, 109]","[4.693810676255719, 5.0, 0.9311641573526295, 0.5, 1.0]","{""time"": 0.0, ""collisions"": 0.05, ""congestion"": 1.0, ""fairness"": 1.0, ""incomplete_base"": 1000.0, ""incomplete_agent"": 10.0}","[18.109844596521242, 13.570956427896938, 10.662698412698413, 15.810824175824177, 13.015852130325818, 12.854693388146625, 15.709682981827829, 17.522978303747536, 14.504479019330507, 12.35982142857143]","[33.4, 35.300000000000004, 28.8, 32.5, 30.400000000000002, 27.8, 35.9, 33.800000000000004, 30.3, 32.0]"
ga,3,1,15.508452757079871,35.239999999999995,87.3,1.7635718046989184,5.5,13.634285714285715,23.014166666666668,9.379880952380953,True,0.0,hospital_corridor,28,12,"[11, 29, 47, 53, 61, 73, 89, 97, 101, 109]","[3.335917518876679, 3.57160605186833, 0.9673354891092272, 0.5, 1.0]","{""time"": 0.0, ""collisions"": 0.05, ""congestion"": 1.0, ""fairness"": 1.0, ""incomplete_base"": 1000.0, ""incomplete_agent"": 10.0}","[25.760097001763672, 10.608583560812862, 14.249530075187971, 12.349912891986062, 8.748575331772052, 16.531987577639754, 19.36226559836345, 18.13795518207283, 16.213932980599647, 13.121687370600416]","[48.6, 31.400000000000002, 30.400000000000002, 28.700000000000003, 36.6, 34.5, 41.900000000000006, 35.7, 32.4, 32.2]"
ga,3,2,15.9660152137397,31.410000000000004,93.4,1.9067294994539836,5.6,12.318214285714287,21.707500000000003,9.389285714285716,True,0.0,hospital_corridor,28,12,"[11, 29, 47, 53, 61, 73, 89, 97, 101, 109]","[4.37229653604289, 4.578818339471694, 0.9048410641623068, 0.5, 1.0]","{""time"": 0.0, ""collisions"": 0.05, ""congestion"": 1.0, ""fairness"": 1.0, ""incomplete_base"": 1000.0, ""incomplete_agent"": 10.0}","[21.69020146520147, 17.464455782312925, 11.665376984126985, 18.01375828812538, 9.703629500580721, 15.682528957528957, 17.210004653327132, 20.542500000000004, 15.283510638297871, 12.404185867895547]","[31.200000000000003, 34.300000000000004, 28.8, 31.6, 28.700000000000003, 29.6, 30.700000000000003, 40.0, 28.200000000000003, 31.0]"
ga,3,3,16.16652763304971,31.369999999999997,103.7,1.8620038235259027,5.4,12.072142857142858,21.19166666666667,9.119523809523809,True,0.0,hospital_corridor,28,12,"[11, 29, 47, 53, 61, 73, 89, 97, 101, 109]","[3.736773478914202, 3.840182705194469, 0.8749063454292718, 0.5, 1.0]","{""time"": 0.0, ""collisions"": 0.05, ""congestion"": 1.0, ""fairness"": 1.0, ""incomplete_base"": 1000.0, ""incomplete_agent"": 10.0}","[26.394417077175703, 17.230636325326593, 15.022318339100346, 14.609523809523807, 10.976785714285715, 12.767251313336722, 16.018067226890757, 17.67867008681926, 16.935974321469203, 14.031632116569027]","[34.800000000000004, 33.9, 28.900000000000002, 28.0, 28.8, 28.1, 34.0, 36.2, 29.3, 31.700000000000003]"
ga,3,4,16.107944259555218,33.300000000000004,95.7,1.775920450031407,5.0,12.65964285714286,22.206666666666667,9.547023809523811,True,0.0,hospital_corridor,28,12,"[11, 29, 47, 53, 61, 73, 89, 97, 101, 109]","[4.6829339706307955, 4.684387679089391, 0.9683839517449694, 0.5, 1.0]","{""time"": 0.0, ""collisions"": 0.05, ""congestion"": 1.0, ""fairness"": 1.0, ""incomplete_base"": 1000.0, ""incomplete_agent"": 10.0}","[25.261015672091624, 17.631180344478217, 11.0185960591133, 19.460631709331132, 8.07660875160875, 12.985191637630663, 17.50006881365263, 20.054918032786887, 14.346276765739853, 14.744954809119115]","[39.5, 32.9, 29.0, 34.6, 25.900000000000002, 28.700000000000003, 34.6, 42.7, 29.8, 35.300000000000004]"
ga,3,5,18.563157455495602,32.779999999999994,142.3,1.7056574554956003,5.0,12.267500000000002,22.009999999999998,9.742500000000001,True,0.0,hospital_corridor,28,12,"[11, 29, 47, 53, 61, 73, 89, 97, 101, 109]","[4.501956018898069, 4.064133305473538, 0.9873983395264312, 0.5, 1.0]","{""time"": 0.0, ""collisions"": 0.05, ""congestion"": 1.0, ""fairness"": 1.0, ""incomplete_base"": 1000.0, ""incomplete_agent"": 10.0}","[36.471867776236714, 10.322501178689299, 11.328612479474547, 22.532676902536718, 11.093088737201366, 14.91572249589491, 27.395330619294352, 19.180128205128206, 19.11228878648233, 13.279357374017568]","[41.2, 30.3, 29.0, 32.1, 29.3, 29.0, 38.6, 36.4, 31.0, 30.900000000000002]"
ga,3,6,1024.8347998480094,50.89999999999999,19.4,1.3647565579661232,4.6,14.353409090909091,25.853452380952383,11.50004329004329,False,1.1,hospital_corridor,28,12,"[11, 29, 47, 53, 61, 73, 89, 97, 101, 109]","[2.5768111675856065, 4.049072607697969, 0.9686867024610973, 0.5, 1.0]","{""time"": 0.0, ""collisions"": 0.05, ""congestion"": 1.0, ""fairness"": 1.0, ""incomplete_base"": 1000.0, ""incomplete_agent"": 10.0}","[17.495271629778674, 1072.1535757575757, 13.46579936683815, 1055.7245714285714, 9.062004895416113, 15.690231572080883, 16.647773109243698, 20.585030395136776, 12.772908622908623, 14.750831702544032]","[49.7, 100.0, 36.1, 100.0, 32.1, 36.5, 42.5, 42.300000000000004, 33.300000000000004, 36.5]"
ga,3,7,1047.400394951856,81.41,69.0,0.736459418307532,4.9,11.987973557360515,21.20190909090909,9.213935533548575,False,3.4,hospital_corridor,28,12,"[11, 29, 47, 53, 61, 73, 89, 97, 101, 109]","[4.727814284701488, 4.522533444170361, 1.0712670759714336, 0.5, 1.0]","{""time"": 0.0, ""collisions"": 0.05, ""congestion"": 1.0, ""fairness"": 1.0, ""incomplete_base"": 1000.0, ""incomplete_agent"": 10.0}","[24.681003768413845, 1071.8302806324111, 1050.4534545454546, 1050.6126666666667, 1087.3605108225108, 1072.7436666666667, 1053.0916923076923, 17.166092579163646, 1033.064797979798, 12.999783549783551]","[41.7, 100.0, 100.0, 100.0, 100.0, 100.0, 100.0, 39.400000000000006, 100.0, 33.0]"
ga,3,8,20.610873827414103,32.019999999999996,184.2,1.7674214464617246,5.4,12.003214285714286,21.636666666666667,9.63345238095238,True,0.0,hospital_corridor,28,12,"[11, 29, 47, 53, 61, 73, 89, 97, 101, 109]","[4.219338401449635, 3.424722867383088, 0.981612653096458, 0.5, 1.0]","{""time"": 0.0, ""collisions"": 0.05, ""congestion"": 1.0, ""fairness"": 1.0, ""incomplete_base"": 1000.0, ""incomplete_agent"": 10.0}","[38.97897793263647, 29.989317630537474, 10.598150436645248, 26.295230439442662, 11.970962199312716, 15.464236622484048, 22.740069190069192, 16.858835341365463, 18.77166167166167, 14.441296809986133]","[36.9, 37.300000000000004, 28.900000000000002, 31.1, 29.1, 29.1, 35.1, 33.2, 28.6, 30.900000000000002]"
ga,3,9,1047.2656995679536,74.17,412.3,0.8371189818728801,4.8,12.197707292707292,22.01128787878788,9.813580586080587,False,1.6,hospital_corridor,28,12,"[11, 29, 47, 53, 61, 73, 89, 97, 101, 109]","[3.3607350476627755, 1.6670588472764964, 1.3150699145436484, 0.5, 1.0]","{""time"": 0.0, ""collisions"": 0.05, ""congestion"": 1.0, ""fairness"": 1.0, ""incomplete_base"": 1000.0, ""incomplete_agent"": 10.0}","[66.34475772765246, 1077.619787878788, 1036.4860538720538, 1056.478076923077, 1035.8530256410256, 24.74907604832978, 34.99705462566499, 46.91782522660539, 1047.9604915824916, 1045.2508461538462]","[34.2, 100.0, 100.0, 100.0, 100.0, 33.5, 36.7, 37.300000000000004, 100.0, 100.0]"
ga,3,10,1022.8893110702878,45.790000000000006,148.0,1.419300247777026,5.2,11.882261904761906,20.95227272727273,9.070010822510824,False,0.5,hospital_corridor,28,12,"[11, 29, 47, 53, 61, 73, 89, 97, 101, 109]","[4.013796187302795, 3.2087554176784194, 1.0102508186247838, 0.5, 1.0]","{""time"": 0.0, ""collisions"": 0.05, ""congestion"": 1.0, ""fairness"": 1.0, ""incomplete_base"": 1000.0, ""incomplete_agent"": 10.0}","[39.13333333333333, 1051.7276666666667, 10.96360544217687, 12.79483282674772, 11.383843537414968, 14.638236481033093, 23.481655844155846, 22.288454627133873, 1025.5015844155844, 16.979897528631707]","[37.5, 100.0, 29.400000000000002, 28.200000000000003, 29.400000000000002, 29.5, 35.2, 37.1, 100.0, 31.6]"
ga,3,11,17.670980970757846,31.79,135.1,1.7219333517102284,4.9,12.256785714285716,21.450833333333335,9.19404761904762,True,0.0,hospital_corridor,28,12,"[11, 29, 47, 53, 61, 73, 89, 97, 101, 109]","[3.81320064484703, 3.3450734697628324, 0.9817028044032143, 0.5, 1.0]","{""time"": 0.0, ""collisions"": 0.05, ""congestion"": 1.0, ""fairness"": 1.0, ""incomplete_base"": 1000.0, ""incomplete_agent"": 10.0}","[31.931402324709417, 10.816232356134638, 11.433822570123942, 26.944874899112186, 9.17129454430779, 19.72878677068097, 18.737068965517242, 18.357840722495897, 16.35561224489796, 13.232874309598449]","[38.1, 30.700000000000003, 29.200000000000003, 29.5, 30.200000000000003, 29.3, 34.800000000000004, 34.800000000000004, 29.400000000000002, 31.900000000000002]"
ga,3,12,1034.111325676718,58.48,287.6,1.2044581923504276,4.7,11.263890091390094,20.790757575757578,9.526867484367486,False,0.9,hospital_corridor,28,12,"[11, 29, 47, 53, 61, 73, 89, 97, 101, 109]","[4.504745112821606, 2.7052589284908146, 1.0417468019410705, 0.5, 1.0]","{""time"": 0.0, ""collisions"": 0.05, ""congestion"": 1.0, ""fairness"": 1.0, ""incomplete_base"": 1000.0, ""incomplete_agent"": 10.0}","[51.76236730360935, 1077.1243636363636, 1020.5847037037037, 23.48133058277463, 18.668720821662, 1038.0425555555555, 27.363612836438925, 33.603700906344415, 1030.9116233766233, 19.57027804410355]","[31.400000000000002, 100.0, 100.0, 27.700000000000003, 30.6, 100.0, 32.2, 33.1, 100.0, 29.8]"
ga,3,13,1040.7218645099556,72.22,32.5,1.0128316169225937,5.0,13.752042864542863,24.836075757575763,11.084032893032894,False,2.7,hospital_corridor,28,12,"[11, 29, 47, 53, 61, 73, 89, 97, 101, 109]","[3.557247988928047, 4.703436775391596, 1.0264329536187065, 0.5, 1.0]","{""time"": 0.0, ""collisions"": 0.05, ""congestion"": 1.0, ""fairness"": 1.0, ""incomplete_base"": 1000.0, ""incomplete_agent"": 10.0}","[13.369995964487494, 1073.4685151515152, 14.211047863875628, 1068.934606060606, 1088.079329004329, 1039.7042962962962, 1054.015153846154, 29.448369963369966, 13.73913043478261, 12.248200514138817]","[47.2, 100.0, 38.900000000000006, 100.0, 100.0, 100.0, 100.0, 65.0, 32.2, 38.900000000000006]"
ga,3,14,1057.5701301645763,93.31,60.8,0.5910447129909365,4.5,12.578528184778184,23.51761363636364,10.93908545158545,False,4.3,hospital_corridor,28,12,"[11, 29, 47, 53, 61, 73, 89, 97, 101, 109]","[5.0, 4.848275094351736, 1.1337694053789105, 0.5, 1.0]","{""time"": 0.0, ""collisions"": 0.05, ""congestion"": 1.0, ""fairness"": 1.0, ""incomplete_base"": 1000.0, ""incomplete_agent"": 10.0}","[1059.1751666666667, 1090.3366883116882, 1059.5369696969697, 1051.7646666666667, 1096.7687835497836, 1059.5510909090908, 1076.8319615384614, 1036.5407142857143, 1031.5373367003367, 13.657923320385557]","[100.0, 100.0, 100.0, 100.0, 100.0, 100.0, 100.0, 100.0, 100.0, 33.1]"
ga,3,15,15.679560130128468,31.759999999999998,81.5,1.874917272985611,5.1,12.290357142857143,22.02,9.729642857142858,True,0.0,hospital_corridor,28,12,"[11, 29, 47, 53, 61, 73, 89, 97, 101, 109]","[4.693810676255719, 4.877641006266742, 0.9311641573526295, 0.5, 1.0]","{""time"": 0.0, ""collisions"": 0.05, ""congestion"": 1.0, ""fairness"": 1.0, ""incomplete_base"": 1000.0, ""incomplete_agent"": 10.0}","[23.12854846118512, 20.756766917293234, 12.295983687592685, 11.654052684903748, 14.031854256854256, 14.265937019969279, 14.875957638575937, 17.08351979345955, 14.861424064894097, 13.841556776556775]","[31.1, 38.0, 28.900000000000002, 32.9, 29.700000000000003, 27.900000000000002, 31.700000000000003, 33.2, 31.700000000000003, 32.5]"
ga,3,16,1046.021449821982,45.14,581.7,1.3639323857145993,5.2,11.51392195767196,21.086439393939393,9.572517436267436,False,0.6,hospital_corridor,28,12,"[11, 29, 47, 53, 61, 73, 89, 97, 101, 109]","[3.7338759658051544, 1.5539753704438513, 1.2568318585340748, 0.5, 1.0]","{""time"": 0.0, ""collisions"": 0.05, ""congestion"": 1.0, ""fairness"": 1.0, ""incomplete_base"": 1000.0, ""incomplete_agent"": 10.0}","[70.9320272769302, 1072.6125, 1044.0522457912457, 48.653862261516984, 24.39122023809524, 36.811394557823135, 47.070028011204485, 41.4796130952381, 40.16542904290429, 34.04617794486215]","[30.900000000000002, 100.0, 100.0, 30.700000000000003, 32.0, 29.400000000000002, 35.7, 32.0, 30.3, 30.400000000000002]"
ga,3,17,1042.3839397254892,44.830000000000005,511.2,1.3653442468936692,4.6,11.25951058201058,20.71810606060606,9.458595478595479,False,0.6,hospital_corridor,28,12,"[11, 29, 47, 53, 61, 73, 89, 97, 101, 109]","[4.1390113035149465, 1.7353282462060955, 1.3398711918780788, 0.5, 1.0]","{""time"": 0.0, ""collisions"": 0.05, ""congestion"": 1.0, ""fairness"": 1.0, ""incomplete_base"": 1000.0, ""incomplete_agent"": 10.0}","[68.10358215358217, 1065.8793333333333, 1043.4960976430975, 28.65752519986097, 24.093650793650795, 35.70385878489327, 35.690804597701145, 58.61254016944201, 36.16019948519949, 27.441805094130675]","[33.300000000000004, 100.0, 100.0, 27.400000000000002, 31.5, 29.0, 34.800000000000004, 32.6, 29.6, 30.1]"
ga,3,18,15.984930472217119,32.28,90.1,1.8946923769790218,5.3,12.13892857142857,21.72416666666667,9.585238095238097,True,0.0,hospital_corridor,28,12,"[11, 29, 47, 53, 61, 73, 89, 97, 101, 109]","[4.693810676255719, 4.725916100618479, 0.9311641573526295, 0.5, 1.0]","{""time"": 0.0, ""collisions"": 0.05, ""congestion"": 1.0, ""fairness"": 1.0, ""incomplete_base"": 1000.0, ""incomplete_agent"": 10.0}","[21.65452898550725, 18.52028301886793, 11.204556650246307, 18.419440353460974, 10.848625083836353, 12.76478494623656, 20.897793263646925, 18.551425095585678, 14.024844236760124, 12.963023088023087]","[36.800000000000004, 31.8, 29.0, 29.1, 28.400000000000002, 27.900000000000002, 36.9, 41.1, 32.1, 29.700000000000003]"
ga,3,19,15.984930472217119,32.28,90.1,1.8946923769790218,5.3,12.13892857142857,21.72416666666667,9.585238095238097,True,0.0,hospital_corridor,28,12,"[11, 29, 47, 53, 61, 73, 89, 97, 101, 109]","[4.693810676255719, 4.725916100618479, 0.9311641573526295, 0.5, 1.0]","{""time"": 0.0, ""collisions"": 0.05, ""congestion"": 1.0, ""fairness"": 1.0, ""incomplete_base"": 1000.0, ""incomplete_agent"": 10.0}","[21.65452898550725, 18.52028301886793, 11.204556650246307, 18.419440353460974, 10.848625083836353, 12.76478494623656, 20.897793263646925, 18.551425095585678, 14.024844236760124, 12.963023088023087]","[36.800000000000004, 31.8, 29.0, 29.1, 28.400000000000002, 27.900000000000002, 36.9, 41.1, 32.1, 29.700000000000003]"
ga,3,20,1115.588277062551,100.0,31.4,0.3864,3.8,14.276456270782358,23.90833333333334,9.631877062550977,False,10.4,hospital_corridor,28,12,"[11, 29, 47, 53, 61, 73, 89, 97, 101, 109]","[3.9564657404147985, 3.786373577724299, 1.658664732119205, 0.5, 1.0]","{""time"": 0.0, ""collisions"": 0.05, ""congestion"": 1.0, ""fairness"": 1.0, ""incomplete_base"": 1000.0, ""incomplete_agent"": 10.0}","[1111.595, 1109.318, 1099.9594747474748, 1111.227, 1107.705746031746, 1104.1385353535354, 1094.488347826087, 1154.6213333333333, 1069.3802222222223, 1193.449111111111]","[100.0, 100.0, 100.0, 100.0, 100.0, 100.0, 100.0, 100.0, 100.0, 100.0]"
ga,3,21,1051.3635193035711,80.94,294.1,0.7409766924784831,4.6,11.864805873755873,21.782348484848487,9.91754261109261,False,2.6,hospital_corridor,28,12,"[11, 29, 47, 53, 61, 73, 89, 97, 101, 109]","[4.335981404066307, 2.3530197301302893, 1.4818514976146968, 0.5, 1.0]","{""time"": 0.0, ""collisions"": 0.05, ""congestion"": 1.0, ""fairness"": 1.0, ""incomplete_base"": 1000.0, ""incomplete_agent"": 10.0}","[54.573466505246174, 1096.581, 1039.7981851851853, 1060.3141666666668, 1073.0168787878788, 1050.3986666666667, 32.28973095869648, 28.103807556080284, 1032.0266753246754, 1046.5326153846154]","[35.4, 100.0, 100.0, 100.0, 100.0, 100.0, 37.7, 36.300000000000004, 100.0, 100.0]"
ga,3,22,1051.0740615865616,100.0,115.1,0.4774999999999999,4.5,12.146695989195988,21.988257575757576,9.841561586561587,False,3.5,hospital_corridor,28,12,"[11, 29, 47, 53, 61, 73, 89, 97, 101, 109]","[4.504239303344126, 3.7242618739620785, 1.1265500319446136, 0.5, 1.0]","{""time"": 0.0, ""collisions"": 0.05, ""congestion"": 1.0, ""fairness"": 1.0, ""incomplete_base"": 1000.0, ""incomplete_agent"": 10.0}","[1068.1816666666666, 1071.561181818182, 1059.5552424242424, 1054.0073333333332, 1072.4794545454545, 1024.0242222222223, 1035.8412857142857, 1045.4934285714285, 1042.8725185185185, 1036.724282051282]","[100.0, 100.0, 100.0, 100.0, 100.0, 100.0, 100.0, 100.0, 100.0, 100.0]"
ga,3,23,1038.3922849130336,59.500000000000014,327.0,1.0855430530418149,4.6,11.844924806674808,21.80166666666667,9.956741859991862,False,1.1,hospital_corridor,28,12,"[11, 29, 47, 53, 61, 73, 89, 97, 101, 109]","[3.900009930535803, 1.7315835603229854, 2.013966197789288, 0.5, 1.0]","{""time"": 0.0, ""collisions"": 0.05, ""congestion"": 1.0, ""fairness"": 1.0, ""incomplete_base"": 1000.0, ""incomplete_agent"": 10.0}","[41.576422764227644, 1059.8968333333332, 1053.7232307692307, 22.58393063107596, 17.463449848024318, 1051.3246666666666, 30.21677152726376, 1057.4375925925926, 25.41702342174655, 24.282927576175165]","[32.800000000000004, 100.0, 100.0, 28.900000000000002, 32.9, 100.0, 38.6, 100.0, 30.700000000000003, 31.1]"
ga,4,0,14.412183086489051,32.019999999999996,64.1,1.8943259436319078,5.3,12.317142857142859,21.63,9.312857142857144,True,0.0,hospital_corridor,28,12,"[11, 29, 47, 53, 61, 73, 89, 97, 101, 109]","[4.693810676255719, 5.0, 0.9311641573526295, 0.5, 1.0]","{""time"": 0.0, ""collisions"": 0.05, ""congestion"": 1.0, ""fairness"": 1.0, ""incomplete_base"": 1000.0, ""incomplete_agent"": 10.0}","[18.109844596521242, 13.570956427896938, 10.662698412698413, 15.810824175824177, 13.015852130325818, 12.854693388146625, 15.709682981827829, 17.522978303747536, 14.504479019330507, 12.35982142857143]","[33.4, 35.300000000000004, 28.8, 32.5, 30.400000000000002, 27.8, 35.9, 33.800000000000004, 30.3, 32.0]"
ga,4,1,15.508452757079871,35.239999999999995,87.3,1.7635718046989184,5.5,13.634285714285715,23.014166666666668,9.379880952380953,True,0.0,hospital_corridor,28,12,"[11, 29, 47, 53, 61, 73, 89, 97, 101, 109]","[3.335917518876679, 3.57160605186833, 0.9673354891092272, 0.5, 1.0]","{""time"": 0.0, ""collisions"": 0.05, ""congestion"": 1.0, ""fairness"": 1.0, ""incomplete_base"": 1000.0, ""incomplete_agent"": 10.0}","[25.760097001763672, 10.608583560812862, 14.249530075187971, 12.349912891986062, 8.748575331772052, 16.531987577639754, 19.36226559836345, 18.13795518207283, 16.213932980599647, 13.121687370600416]","[48.6, 31.400000000000002, 30.400000000000002, 28.700000000000003, 36.6, 34.5, 41.900000000000006, 35.7, 32.4, 32.2]"
ga,4,2,13.483221238436476,31.670000000000005,46.9,1.9301260003412377,5.3,12.536071428571429,21.744166666666672,9.208095238095238,True,0.0,hospital_corridor,28,12,"[11, 29, 47, 53, 61, 73, 89, 97, 101, 109]","[3.809003405827683, 4.559744846629801, 0.9118978669446907, 0.5, 1.0]","{""time"": 0.0, ""collisions"": 0.05, ""congestion"": 1.0, ""fairness"": 1.0, ""incomplete_base"": 1000.0, ""incomplete_agent"": 10.0}","[14.542323869610938, 15.08545994065282, 11.1743618065783, 15.246124031007755, 9.26554526247359, 12.834711779448623, 15.541614906832297, 15.594841269841268, 12.983365508365507, 12.563864009553667]","[31.700000000000003, 33.7, 29.1, 30.1, 29.3, 28.5, 36.800000000000004, 36.0, 29.6, 31.900000000000002]"
ga,4,3,17.396540415889213,31.97,130.4,1.790468987317783,5.1,12.556428571428572,21.642500000000005,9.08607142857143,True,0.0,hospital_corridor,28,12,"[11, 29, 47, 53, 61, 73, 89, 97, 101, 109]","[3.8992106490918856, 3.5906795447102233, 0.9602786863268433, 0.5, 1.0]","{""time"": 0.0, ""collisions"": 0.05, ""congestion"": 1.0, ""fairness"": 1.0, ""incomplete_base"": 1000.0, ""incomplete_agent"": 10.0}","[34.5118209747242, 10.890934065934067, 12.093770384866275, 22.24808136846972, 8.60363627941449, 14.947591362126246, 22.280135039090265, 18.524820007578626, 16.853180039138945, 13.011434637549288]","[34.1, 31.200000000000003, 29.200000000000003, 30.900000000000002, 25.700000000000003, 30.1, 40.2, 37.7, 29.200000000000003, 31.400000000000002]"
ga,4,4,13.77487796118697,36.13,44.7,1.719520818329825,5.1,14.024642857142856,23.845000000000006,9.820357142857144,True,0.0,hospital_corridor,28,12,"[11, 29, 47, 53, 61, 73, 89, 97, 101, 109]","[2.909253875715841, 3.6124871918616845, 0.9678430784467793, 0.5, 1.0]","{""time"": 0.0, ""collisions"": 0.05, ""congestion"": 1.0, ""fairness"": 1.0, ""incomplete_base"": 1000.0, ""incomplete_agent"": 10.0}","[17.760162601626018, 13.287889013873269, 11.859663865546219, 8.746470342522976, 8.466483516483516, 13.451029055690073, 19.207279171210473, 17.126040519035378, 13.557394058540847, 14.286367467340922]","[49.2, 38.1, 32.300000000000004, 34.2, 27.3, 35.4, 39.300000000000004, 38.900000000000006, 32.7, 33.9]"
ga,4,5,14.041410701315753,37.480000000000004,40.7,1.7097440346490855,5.0,13.742500000000001,24.039166666666667,10.296666666666667,True,0.0,hospital_corridor,28,12,"[11, 29, 47, 53, 61, 73, 89, 97, 101, 109]","[3.2551953077954034, 4.023434312820576, 0.9681791131235451, 0.5, 1.0]","{""time"": 0.0, ""collisions"": 0.05, ""congestion"": 1.0, ""fairness"": 1.0, ""incomplete_base"": 1000.0, ""incomplete_agent"": 10.0}","[18.58621241202815, 7.9365622961513385, 12.326984126984126, 13.574175824175825, 7.593722943722944, 15.61940753045404, 18.06284388465363, 17.93705513784461, 15.67857142857143, 13.09857142857143]","[52.1, 36.5, 35.1, 31.200000000000003, 26.400000000000002, 30.1, 43.1, 47.5, 37.800000000000004, 35.0]"
ga,4,6,14.412183086489051,32.019999999999996,64.1,1.8943259436319078,5.3,12.317142857142859,21.63,9.312857142857144,True,0.0,hospital_corridor,28,12,"[11, 29, 47, 53, 61, 73, 89, 97, 101, 109]","[4.693810676255719, 5.0, 0.9311641573526295, 0.5, 1.0]","{""time"": 0.0, ""collisions"": 0.05, ""congestion"": 1.0, ""fairness"": 1.0, ""incomplete_base"": 1000.0, ""incomplete_agent"": 10.0}","[18.109844596521242, 13.570956427896938, 10.662698412698413, 15.810824175824177, 13.015852130325818, 12.854693388146625, 15.709682981827829, 17.522978303747536, 14.504479019330507, 12.35982142857143]","[33.4, 35.300000000000004, 28.8, 32.5, 30.400000000000002, 27.8, 35.9, 33.800000000000004, 30.3, 32.0]"
ga,4,7,16.65993643762448,30.75,112.9,1.92422215191019,5.2,11.891785714285714,20.982500000000005,9.090714285714288,True,0.0,hospital_corridor,28,12,"[11, 29, 47, 53, 61, 73, 89, 97, 101, 109]","[4.693810676255719, 4.725916100618479, 0.8674294897725587, 0.5, 1.0]","{""time"": 0.0, ""collisions"": 0.05, ""congestion"": 1.0, ""fairness"": 1.0, ""incomplete_base"": 1000.0, ""incomplete_agent"": 10.0}","[23.30584886128365, 24.215476190476192, 14.515609390609391, 14.50503213555361, 16.18152841781874, 13.022619047619049, 18.74387926887927, 13.265225563909775, 14.546324296141815, 14.297821203953283]","[32.2, 39.6, 28.6, 32.6, 27.900000000000002, 27.3, 29.700000000000003, 30.400000000000002, 27.400000000000002, 31.8]"
ga,4,8,17.909735582176467,35.03,120.5,1.6606879631288465,4.9,12.594285714285714,22.818333333333335,10.22404761904762,True,0.0,hospital_corridor,28,12,"[11, 29, 47, 53, 61, 73, 89, 97, 101, 109]","[4.593963419906103, 4.441564922934399, 0.9539416056569623, 0.5, 1.0]","{""time"": 0.0, ""collisions"": 0.05, ""congestion"": 1.0, ""fairness"": 1.0, ""incomplete_base"": 1000.0, ""incomplete_agent"": 10.0}","[26.64900153609831, 21.363286077789898, 12.460598141695703, 20.004377880184332, 14.055396276157524, 13.463967136150236, 19.69661941112323, 23.179126615843558, 15.705158730158733, 12.519824016563149]","[37.2, 39.300000000000004, 28.700000000000003, 37.2, 28.900000000000002, 28.400000000000002, 39.300000000000004, 43.1, 36.0, 32.2]"
ga,4,9,17.247623817885213,31.369999999999997,129.4,1.824885722647118,5.3,12.266428571428573,21.21916666666667,8.952738095238095,True,0.0,hospital_corridor,28,12,"[11, 29, 47, 53, 61, 73, 89, 97, 101, 109]","[4.6018032752476845, 4.1112120500886835, 0.9646208912220983, 0.5, 1.0]","{""time"": 0.0, ""collisions"": 0.05, ""congestion"": 1.0, ""fairness"": 1.0, ""incomplete_base"": 1000.0, ""incomplete_agent"": 10.0}","[33.70384048356185, 10.501262143653449, 11.194742063492065, 18.85694133452754, 11.006075110456553, 14.296113213497318, 22.664968774395007, 21.209767316017317, 16.410119047619048, 12.632408691631994]","[32.300000000000004, 29.900000000000002, 28.8, 31.900000000000002, 29.1, 30.200000000000003, 36.6, 35.2, 28.8, 30.900000000000002]"
ga,4,10,14.790355546038361,34.029999999999994,58.9,1.8053555460383595,5.0,13.002500000000001,23.0425,10.040000000000001,True,0.0,hospital_corridor,28,12,"[11, 29, 47, 53, 61, 73, 89, 97, 101, 109]","[4.126181503705729, 4.713765881611232, 0.970328589623771, 0.5, 1.0]","{""time"": 0.0, ""collisions"": 0.05, ""congestion"": 1.0, ""fairness"": 1.0, ""incomplete_base"": 1000.0, ""incomplete_agent"": 10.0}","[25.810476190476187, 15.160745696695567, 10.542077175697866, 13.016838266838267, 15.35516717325228, 11.944651011089366, 14.244236760124611, 13.963933601609659, 12.734143870314083, 15.131285714285715]","[40.0, 37.9, 29.0, 33.300000000000004, 32.9, 29.200000000000003, 32.1, 35.5, 32.9, 37.5]"
ga,4,11,17.266863115743487,31.1,121.4,1.7817440681244385,5.0,12.038214285714286,21.453333333333337,9.415119047619049,True,0.0,hospital_corridor,28,12,"[11, 29, 47, 53, 61, 73, 89, 97, 101, 109]","[4.445453727747511, 4.228008430129049, 0.9482339072552896, 0.5, 1.0]","{""time"": 0.0, ""collisions"": 0.05, ""congestion"": 1.0, ""fairness"": 1.0, ""incomplete_base"": 1000.0, ""incomplete_agent"": 10.0}","[28.953264208909374, 19.359452584452583, 11.56262563849069, 18.997503840245777, 14.609761904761907, 13.967988960289997, 17.18310291858679, 20.40584537185661, 12.646927803379416, 14.982157926461728]","[31.0, 35.1, 28.900000000000002, 31.0, 30.0, 28.900000000000002, 31.0, 35.6, 27.900000000000002, 31.6]"
ga,4,12,16.66576474252062,34.540000000000006,101.1,1.8302885520444292,4.9,12.975357142857144,22.755833333333335,9.78047619047619,True,0.0,hospital_corridor,28,12,"[11, 29, 47, 53, 61, 73, 89, 97, 101, 109]","[4.689444342315868, 4.8538123752865285, 0.9508808806337521, 0.5, 1.0]","{""time"": 0.0, ""collisions"": 0.05, ""congestion"": 1.0, ""fairness"": 1.0, ""incomplete_base"": 1000.0, ""incomplete_agent"": 10.0}","[27.710737179487182, 20.765201465201464, 11.181448412698415, 16.183169934640524, 10.375595238095238, 15.464993221487884, 19.12075257238574, 15.582539682539684, 17.50028011204482, 12.77292960662526]","[41.6, 45.5, 28.8, 30.6, 28.8, 28.1, 39.800000000000004, 36.0, 34.0, 32.2]"
ga,4,13,19.79427584137314,30.46,178.4,1.9293948889921875,5.7,11.649285714285714,20.594166666666666,8.944880952380952,True,0.0,hospital_corridor,28,12,"[11, 29, 47, 53, 61, 73, 89, 97, 101, 109]","[4.6873003045706465, 4.8305753038028625, 0.8362476908930715, 0.5, 1.0]","{""time"": 0.0, ""collisions"": 0.05, ""congestion"": 1.0, ""fairness"": 1.0, ""incomplete_base"": 1000.0, ""incomplete_agent"": 10.0}","[49.702786735461686, 17.660467980295568, 12.681150793650795, 19.167673992673993, 13.305117776648027, 14.441565629942016, 20.300532581453638, 16.259470561387495, 18.615896358543417, 15.808096003674782]","[44.300000000000004, 29.0, 28.8, 27.3, 28.1, 27.1, 30.400000000000002, 31.3, 27.200000000000003, 31.1]"
ga,4,14,15.271107147694192,33.15,83.1,1.8881309572180007,5.3,12.772857142857143,22.000833333333336,9.227976190476191,True,0.0,hospital_corridor,28,12,"[11, 29, 47, 53, 61, 73, 89, 97, 101, 109]","[4.48895559926403, 4.871831215503628, 0.9023081798305126, 0.5, 1.0]","{""time"": 0.0, ""collisions"": 0.05, ""congestion"": 1.0, ""fairness"": 1.0, ""incomplete_base"": 1000.0, ""incomplete_agent"": 10.0}","[22.92831562377017, 17.704231210556514, 11.123710317460317, 13.370496270797476, 16.659523809523808, 13.261379928315414, 17.582267514335577, 14.592669666291714, 13.2333184057322, 12.255158730158733]","[36.300000000000004, 33.2, 28.8, 33.2, 31.5, 27.900000000000002, 38.2, 38.1, 31.900000000000002, 32.4]"
ga,4,15,19.368130293650278,30.7,168.2,1.8657493412693253,5.5,11.849285714285715,20.94166666666667,9.092380952380953,True,0.0,hospital_corridor,28,12,"[11, 29, 47, 53, 61, 73, 89, 97, 101, 109]","[4.568463562552622, 3.9683514896908414, 0.9037623229513887, 0.5, 1.0]","{""time"": 0.0, ""collisions"": 0.05, ""congestion"": 1.0, ""fairness"": 1.0, ""incomplete_base"": 1000.0, ""incomplete_agent"": 10.0}","[29.340390647276877, 25.016441441441444, 12.881726606726605, 18.558812719718762, 14.006856806326773, 16.21201610140459, 21.593846458250894, 20.332589285714285, 18.980119468282012, 16.758503401360546]","[33.4, 33.300000000000004, 28.6, 29.8, 28.3, 27.8, 36.1, 32.0, 28.3, 29.400000000000002]"
ga,4,16,13.594762567364027,32.02,51.4,1.8096435197449812,5.3,12.460714285714285,21.675833333333333,9.215119047619046,True,0.0,hospital_corridor,28,12,"[11, 29, 47, 53, 61, 73, 89, 97, 101, 109]","[3.8452248566377674, 4.521151034112326, 0.9026067354062322, 0.5, 1.0]","{""time"": 0.0, ""collisions"": 0.05, ""congestion"": 1.0, ""fairness"": 1.0, ""incomplete_base"": 1000.0, ""incomplete_agent"": 10.0}","[16.87676848874598, 14.860580147551977, 12.075306823760432, 10.240753045404208, 10.603767123287671, 12.590409121395036, 18.22989417989418, 13.929369513168396, 13.993555008210182, 12.547222222222224]","[31.1, 35.5, 29.1, 30.1, 29.200000000000003, 28.400000000000002, 40.5, 35.800000000000004, 29.0, 31.5]"
ga,4,17,18.743024648537094,31.01,160.9,1.952548458060901,5.6,12.047857142857143,20.793333333333333,8.745476190476193,True,0.0,hospital_corridor,28,12,"[11, 29, 47, 53, 61, 73, 89, 97, 101, 109]","[4.263845158319324, 3.897850010553838, 0.8771406741853466, 0.5, 1.0]","{""time"": 0.0, ""collisions"": 0.05, ""congestion"": 1.0, ""fairness"": 1.0, ""incomplete_base"": 1000.0, ""incomplete_agent"": 10.0}","[34.30445632798574, 19.643431855500822, 16.82375185368265, 17.47805306624495, 13.400865800865802, 13.431321987278668, 20.528571428571432, 18.549030762747577, 18.622308488612838, 14.648454913880446]","[37.4, 29.0, 28.900000000000002, 27.1, 30.8, 27.700000000000003, 34.800000000000004, 33.9, 27.6, 32.9]"
ga,4,18,16.935660648696828,31.340000000000003,131.0,1.8056606486968256,5.2,12.295000000000002,20.875000000000004,8.580000000000002,True,0.0,hospital_corridor,28,12,"[11, 29, 47, 53, 61, 73, 89, 97, 101, 109]","[4.287203004050977, 3.8774861292406895, 0.9594188898523981, 0.5, 1.0]","{""time"": 0.0, ""collisions"": 0.05, ""congestion"": 1.0, ""fairness"": 1.0, ""incomplete_base"": 1000.0, ""incomplete_agent"": 10.0}","[33.72655484357331, 10.991428571428571, 15.479840171362664, 14.53537476362386, 9.36535261163289, 14.079699248120303, 19.3491341991342, 20.94559554892453, 18.12936507936508, 12.754261449802854]","[37.9, 30.0, 28.900000000000002, 27.700000000000003, 28.900000000000002, 28.5, 33.0, 38.300000000000004, 28.8, 31.400000000000002]"
ga,4,19,15.540050135253345,33.160000000000004,84.3,1.677192992396202,5.4,12.194642857142856,21.8425,9.647857142857143,True,0.0,hospital_corridor,28,12,"[11, 29, 47, 53, 61, 73, 89, 97, 101, 109]","[4.219808317051772, 4.193503441140622, 0.9534480719034455, 0.5, 1.0]","{""time"": 0.0, ""collisions"": 0.05, ""congestion"": 1.0, ""fairness"": 1.0, ""incomplete_base"": 1000.0, ""incomplete_agent"": 10.0}","[25.55554156171285, 18.76948105925662, 11.04815043664525, 14.072038851641743, 10.011082474226804, 15.518095238095238, 16.41598277608916, 14.914473684210526, 16.534391534391535, 12.561263736263738]","[39.7, 40.1, 28.900000000000002, 27.700000000000003, 29.1, 30.0, 32.9, 34.2, 37.800000000000004, 31.200000000000003]"
ga,4,20,1049.6525234385556,59.1,556.3,1.0941456367278963,4.5,11.381016137566139,21.124393939393943,9.743377801827801,False,1.1,hospital_corridor,28,12,"[11, 29, 47, 53, 61, 73, 89, 97, 101, 109]","[3.900009930535803, 1.3722145912255834, 2.013966197789288, 0.5, 1.0]","{""time"": 0.0, ""collisions"": 0.05, ""congestion"": 1.0, ""fairness"": 1.0, ""incomplete_base"": 1000.0, ""incomplete_agent"": 10.0}","[60.85793650793651, 1075.7418333333333, 1053.8425252525253, 37.967125189298336, 23.911694456962596, 1062.519, 45.00341614906833, 53.640060908084166, 1049.5158956228956, 33.52574696545285]","[31.5, 100.0, 100.0, 28.3, 31.700000000000003, 100.0, 34.5, 34.4, 100.0, 30.6]"
ga,4,21,18.725081477592,31.059999999999995,144.9,2.0047243347348527,5.0,12.14214285714286,21.617500000000003,9.475357142857144,True,0.0,hospital_corridor,28,12,"[11, 29, 47, 53, 61, 73, 89, 97, 101, 109]","[4.922954825514776, 4.578818339471694, 0.9048410641623068, 0.5, 1.0]","{""time"": 0.0, ""collisions"": 0.05, ""congestion"": 1.0, ""fairness"": 1.0, ""incomplete_base"": 1000.0, ""incomplete_agent"": 10.0}","[26.633429533429535, 19.65024630541872, 17.269223263075723, 17.273593073593076, 23.40393081761006, 14.990354535974973, 19.6754719004719, 15.692182286927512, 16.70214285714286, 15.960240202275601]","[29.700000000000003, 29.0, 30.5, 30.8, 37.1, 27.400000000000002, 33.300000000000004, 31.400000000000002, 27.5, 33.9]"
ga,4,22,14.391013821743224,32.940000000000005,59.3,1.8758947741241747,5.3,12.725714285714286,22.27583333333333,9.550119047619049,True,0.0,hospital_corridor,28,12,"[11, 29, 47, 53, 61, 73, 89, 97, 101, 109]","[4.5372984699530825, 4.8669592622905435, 0.968661020913137, 0.5, 1.0]","{""time"": 0.0, ""collisions"": 0.05, ""congestion"": 1.0, ""fairness"": 1.0, ""incomplete_base"": 1000.0, ""incomplete_agent"": 10.0}","[20.03598517251212, 17.750313283208023, 11.42498764211567, 13.47164324746292, 10.650019516003123, 12.330999066293186, 15.783007279344861, 16.774880952380954, 12.873511904761905, 12.814790153349477]","[33.4, 39.900000000000006, 28.900000000000002, 30.5, 30.5, 30.6, 31.400000000000002, 40.0, 28.8, 35.4]"
ga,4,23,17.446641702045053,31.21,123.7,1.9089036068069571,5.9,12.021428571428572,21.374166666666667,9.352738095238095,True,0.0,hospital_corridor,28,12,"[11, 29, 47, 53, 61, 73, 89, 97, 101, 109]","[4.658468225200706, 4.197174043182994, 0.9499014759659236, 0.5, 1.0]","{""time"": 0.0, ""collisions"": 0.05, ""congestion"": 1.0, ""fairness"": 1.0, ""incomplete_base"": 1000.0, ""incomplete_agent"": 10.0}","[25.712818003913895, 17.469648124736622, 13.47906162464986, 26.71536004645761, 11.099791874791876, 15.073830706659889, 17.47231182795699, 14.359684684684687, 18.614966529742887, 14.468943596856217]","[29.200000000000003, 33.9, 28.900000000000002, 36.9, 28.6, 28.1, 31.0, 33.300000000000004, 31.3, 30.900000000000002]"
ga,5,0,13.483221238436476,31.670000000000005,46.9,1.9301260003412377,5.3,12.536071428571429,21.744166666666672,9.208095238095238,True,0.0,hospital_corridor,28,12,"[11, 29, 47, 53, 61, 73, 89, 97, 101, 109]","[3.809003405827683, 4.559744846629801, 0.9118978669446907, 0.5, 1.0]","{""time"": 0.0, ""collisions"": 0.05, ""congestion"": 1.0, ""fairness"": 1.0, ""incomplete_base"": 1000.0, ""incomplete_agent"": 10.0}","[14.542323869610938, 15.08545994065282, 11.1743618065783, 15.246124031007755, 9.26554526247359, 12.834711779448623, 15.541614906832297, 15.594841269841268, 12.983365508365507, 12.563864009553667]","[31.700000000000003, 33.7, 29.1, 30.1, 29.3, 28.5, 36.800000000000004, 36.0, 29.6, 31.900000000000002]"
ga,5,1,13.594762567364027,32.02,51.4,1.8096435197449812,5.3,12.460714285714285,21.675833333333333,9.215119047619046,True,0.0,hospital_corridor,28,12,"[11, 29, 47, 53, 61, 73, 89, 97, 101, 109]","[3.8452248566377674, 4.521151034112326, 0.9026067354062322, 0.5, 1.0]","{""time"": 0.0, ""collisions"": 0.05, ""congestion"": 1.0, ""fairness"": 1.0, ""incomplete_base"": 1000.0, ""incomplete_agent"": 10.0}","[16.87676848874598, 14.860580147551977, 12.075306823760432, 10.240753045404208, 10.603767123287671, 12.590409121395036, 18.22989417989418, 13.929369513168396, 13.993555008210182, 12.547222222222224]","[31.1, 35.5, 29.1, 30.1, 29.200000000000003, 28.400000000000002, 40.5, 35.800000000000004, 29.0, 31.5]"
ga,5,2,127.4814072310492,27.419999999999998,2357.8,1.9577167548587096,5.9,10.39964285714286,18.033333333333335,7.633690476190476,True,0.0,hospital_corridor,28,12,"[11, 29, 47, 53, 61, 73, 89, 97, 101, 109]","[4.693810676255719, 5.0, 0.6115283216287044, 0.5, 1.0]","{""time"": 0.0, ""collisions"": 0.05, ""congestion"": 1.0, ""fairness"": 1.0, ""incomplete_base"": 1000.0, ""incomplete_agent"": 10.0}","[178.54362329090054, 124.38652792052073, 98.48694344163658, 112.75776868059478, 134.18475479744137, 101.79060846560847, 131.0372733435011, 194.12018633540373, 85.1439421894219, 114.3624438454627]","[30.3, 27.8, 27.700000000000003, 25.3, 26.8, 27.0, 28.1, 27.6, 27.1, 26.5]"
ga,5,3,1019.2946567470943,39.38,91.8,1.594835318522938,4.9,12.574345238095239,21.68416666666667,9.10982142857143,False,0.4,hospital_corridor,28,12,"[11, 29, 47, 53, 61, 73, 89, 97, 101, 109]","[4.796448244353736, 4.649411706796133, 1.01906719983449, 0.5, 1.0]","{""time"": 0.0, ""collisions"": 0.05, ""congestion"": 1.0, ""fairness"": 1.0, ""incomplete_base"": 1000.0, ""incomplete_agent"": 10.0}","[27.399846390168975, 1060.0811666666666, 11.240640962267259, 13.871350201522617, 6.622367158450283, 14.56204994192799, 14.936526479750778, 13.939951315989656, 17.20951232583065, 13.083156028368794]","[37.2, 100.0, 28.900000000000002, 31.900000000000002, 39.7, 28.700000000000003, 32.1, 31.3, 31.1, 32.9]"
ga,5,4,16.054017736241565,32.1,88.8,1.906398688622518,5.5,12.360714285714284,22.068333333333335,9.707619047619048,True,0.0,hospital_corridor,28,12,"[11, 29, 47, 53, 61, 73, 89, 97, 101, 109]","[4.460598252554074, 4.562972738976991, 0.9232883261242333, 0.5, 1.0]","{""time"": 0.0, ""collisions"": 0.05, ""congestion"": 1.0, ""fairness"": 1.0, ""incomplete_base"": 1000.0, ""incomplete_agent"": 10.0}","[21.39855623100304, 19.43398180410376, 11.392886178861788, 16.739207447684958, 12.940962441314554, 14.548593458735807, 16.947507122507126, 21.120599933708984, 13.894649257552484, 12.123233486943164]","[32.9, 36.9, 28.700000000000003, 28.900000000000002, 28.400000000000002, 28.1, 35.1, 43.1, 27.900000000000002, 31.0]"
ga,5,5,14.459355572913632,31.689999999999998,67.0,1.9775698586279173,5.7,12.680714285714286,21.812500000000004,9.131785714285714,True,0.0,hospital_corridor,28,12,"[11, 29, 47, 53, 61, 73, 89, 97, 101, 109]","[4.042215829529328, 4.52678093006902, 0.9197736981730869, 0.5, 1.0]","{""time"": 0.0, ""collisions"": 0.05, ""congestion"": 1.0, ""fairness"": 1.0, ""incomplete_base"": 1000.0, ""incomplete_agent"": 10.0}","[17.92231559290383, 15.167786421499295, 13.697152675503192, 14.543350754936121, 9.44683908045977, 17.208258342707165, 16.228351648351648, 12.652402022756007, 15.573978414895372, 12.15312077512393]","[30.6, 30.3, 29.1, 32.800000000000004, 29.0, 38.1, 32.5, 33.9, 28.900000000000002, 31.700000000000003]"
ga,5,6,13.010019705150992,32.17,45.0,1.8643054194367061,5.1,12.524285714285716,21.420000000000005,8.895714285714286,True,0.0,hospital_corridor,28,12,"[11, 29, 47, 53, 61, 73, 89, 97, 101, 109]","[4.04535760573657, 4.771154919208641, 0.9024838819522902, 0.5, 1.0]","{""time"": 0.0, ""collisions"": 0.05, ""congestion"": 1.0, ""fairness"": 1.0, ""incomplete_base"": 1000.0, ""incomplete_agent"": 10.0}","[17.33641527677061, 14.60388007054674, 10.624404761904763, 11.832667332667334, 9.710423925667829, 12.03233636210668, 14.409689572031345, 12.059474885844748, 15.746245421245424, 11.744659442724458]","[39.400000000000006, 32.4, 28.8, 28.6, 28.700000000000003, 28.3, 31.6, 36.5, 35.1, 32.300000000000004]"
ga,5,7,15.600974807207095,32.59,81.2,1.8641890929213816,5.4,12.240714285714287,21.917500000000008,9.676785714285714,True,0.0,hospital_corridor,28,12,"[11, 29, 47, 53, 61, 73, 89, 97, 101, 109]","[4.288822850165227, 4.621827330407312, 0.9024310332844546, 0.5, 1.0]","{""time"": 0.0, ""collisions"": 0.05, ""congestion"": 1.0, ""fairness"": 1.0, ""incomplete_base"": 1000.0, ""incomplete_agent"": 10.0}","[20.862071651090346, 23.244790450240046, 11.065006590871644, 16.218907563025212, 8.85228840652869, 14.103571428571431, 15.988112900946732, 16.720015485869148, 16.62680899175313, 12.328174603174606]","[32.1, 36.7, 28.900000000000002, 34.0, 28.3, 28.0, 33.7, 36.9, 35.800000000000004, 31.5]"
ga,5,8,157.06531566192766,30.4,2927.7,1.9946013762133734,5.8,11.659285714285716,20.345000000000002,8.685714285714287,True,0.0,hospital_corridor,28,12,"[11, 29, 47, 53, 61, 73, 89, 97, 101, 109]","[3.399748227330639, 4.746846293867167, 0.6651082663572321, 0.5, 1.0]","{""time"": 0.0, ""collisions"": 0.05, ""congestion"": 1.0, ""fairness"": 1.0, ""incomplete_base"": 1000.0, ""incomplete_agent"": 10.0}","[212.99093406593408, 166.71575091575093, 128.26817653890825, 131.5765180568872, 165.57719030672766, 112.18034632034632, 169.83788384512684, 213.05415003990424, 124.22761324041812, 146.224593289273]","[32.5, 28.6, 28.700000000000003, 29.8, 28.1, 27.5, 32.1, 35.800000000000004, 32.800000000000004, 28.1]"
ga,5,9,19.498209143718995,31.380000000000003,175.8,1.7729710484808976,5.3,12.108928571428573,21.04416666666667,8.935238095238097,True,0.0,hospital_corridor,28,12,"[11, 29, 47, 53, 61, 73, 89, 97, 101, 109]","[4.473467761499123, 3.6917190202917074, 0.9684265658427605, 0.5, 1.0]","{""time"": 0.0, ""collisions"": 0.05, ""congestion"": 1.0, ""fairness"": 1.0, ""incomplete_base"": 1000.0, ""incomplete_agent"": 10.0}","[30.47826071777685, 24.652361436377834, 11.145337301587304, 23.52154895666132, 10.583531746031746, 15.885800196367208, 18.5138198757764, 25.97084148727985, 18.392857142857142, 15.8377325764743]","[34.1, 30.5, 28.8, 35.6, 28.8, 29.1, 32.2, 36.5, 28.0, 30.200000000000003]"
ga,5,10,1144.208067340832,35.620000000000005,2658.7,1.8904482932130193,6.0,11.025714285714287,19.40833333333333,8.382619047619048,False,0.1,hospital_corridor,28,12,"[11, 29, 47, 53, 61, 73, 89, 97, 101, 109]","[3.8141918884670964, 4.533746748634933, 0.5, 0.5, 1.0]","{""time"": 0.0, ""collisions"": 0.05, ""congestion"": 1.0, ""fairness"": 1.0, ""incomplete_base"": 1000.0, ""incomplete_agent"": 10.0}","[1173.721857142857, 145.46086572438162, 106.81884498480244, 124.34989177489177, 168.68876811594203, 106.87710622710624, 170.9829365079365, 195.66941391941393, 108.87032967032968, 140.64065934065934]","[100.0, 28.3, 28.200000000000003, 27.5, 27.6, 27.3, 31.5, 31.200000000000003, 27.3, 27.3]"
ga,5,11,12.820841490966618,32.809999999999995,36.3,1.8846510147761428,5.4,12.829642857142858,21.95083333333333,9.121190476190476,True,0.0,hospital_corridor,28,12,"[11, 29, 47, 53, 61, 73, 89, 97, 101, 109]","[3.7002164358642426, 4.547149132107194, 0.905954648842646, 0.5, 1.0]","{""time"": 0.0, ""collisions"": 0.05, ""congestion"": 1.0, ""fairness"": 1.0, ""incomplete_base"": 1000.0, ""incomplete_agent"": 10.0}","[19.42291543173286, 9.772478991596639, 12.168150684931508, 10.478753026634385, 9.372538337368846, 12.197260668973474, 18.142577030812323, 12.40544315992293, 12.476017105871476, 11.772280471821755]","[48.2, 30.6, 29.200000000000003, 29.5, 29.5, 28.900000000000002, 34.0, 34.6, 30.900000000000002, 32.7]"
ga,5,12,16.410859788388827,31.95,103.1,1.8484788360078745,5.3,12.024285714285714,21.43166666666667,9.40738095238095,True,0.0,hospital_corridor,28,12,"[11, 29, 47, 53, 61, 73, 89, 97, 101, 109]","[4.151805549470829, 3.9425060337493325, 0.9391066870344871, 0.5, 1.0]","{""time"": 0.0, ""collisions"": 0.05, ""congestion"": 1.0, ""fairness"": 1.0, ""incomplete_base"": 1000.0, ""incomplete_agent"": 10.0}","[25.25485377430715, 17.520514950166113, 11.451202749140894, 19.87482422499201, 11.468333333333334, 13.957260642773011, 15.51552795031056, 18.899885182499396, 16.64549826553138, 13.520696810834426]","[31.1, 34.4, 29.1, 29.8, 30.0, 28.3, 34.5, 39.400000000000006, 30.200000000000003, 32.7]"
ga,5,13,14.85298413614367,35.010000000000005,69.9,1.7623888980484304,5.2,13.01357142857143,22.60916666666667,9.595595238095239,True,0.0,hospital_corridor,28,12,"[11, 29, 47, 53, 61, 73, 89, 97, 101, 109]","[3.944400860407831, 4.494724942121158, 0.9322100697626017, 0.5, 1.0]","{""time"": 0.0, ""collisions"": 0.05, ""congestion"": 1.0, ""fairness"": 1.0, ""incomplete_base"": 1000.0, ""incomplete_agent"": 10.0}","[29.121258110634553, 14.825622050622052, 11.680701754385966, 12.78859649122807, 8.74551532941944, 12.44862155388471, 16.825903928310932, 15.864135883186226, 13.83693998309383, 12.392546276670906]","[43.300000000000004, 33.300000000000004, 30.400000000000002, 28.5, 29.200000000000003, 28.5, 45.7, 43.7, 33.800000000000004, 33.7]"
ga,5,14,13.84047815005204,37.07,42.7,1.6880971976710852,5.0,13.216785714285715,23.234166666666663,10.017380952380954,True,0.0,hospital_corridor,28,12,"[11, 29, 47, 53, 61, 73, 89, 97, 101, 109]","[3.407284488388004, 4.521151034112326, 0.9026067354062322, 0.5, 1.0]","{""time"": 0.0, ""collisions"": 0.05, ""congestion"": 1.0, ""fairness"": 1.0, ""incomplete_base"": 1000.0, ""incomplete_agent"": 10.0}","[17.608643050716218, 18.311535481871708, 11.745197740112996, 12.64845268082044, 8.828666035950803, 12.891156462585036, 15.232034632034631, 11.557247241276471, 14.396511980588414, 15.18533619456366]","[36.9, 46.1, 29.5, 39.7, 30.200000000000003, 29.400000000000002, 33.0, 47.900000000000006, 31.400000000000002, 46.6]"
ga,5,15,1111.9105203303054,100.0,19.1,0.42119999999999996,3.9,13.487775629290619,25.022095959595966,11.534320330305343,False,9.9,hospital_corridor,28,12,"[11, 29, 47, 53, 61, 73, 89, 97, 101, 109]","[4.6171626693924654, 5.0, 1.416444672549057, 0.5, 1.0]","{""time"": 0.0, ""collisions"": 0.05, ""congestion"": 1.0, ""fairness"": 1.0, ""incomplete_base"": 1000.0, ""incomplete_agent"": 10.0}","[1072.032980237154, 1153.1976363636363, 1119.1174444444443, 1129.3882690058479, 1118.9315263157894, 1094.9410048309178, 1098.1606666666667, 1093.8168333333333, 1069.2936666666667, 1170.2251754385966]","[100.0, 100.0, 100.0, 100.0, 100.0, 100.0, 100.0, 100.0, 100.0, 100.0]"
ga,5,16,14.96017095222056,34.46,70.9,1.9029090474586527,5.5,13.261071428571427,22.773333333333337,9.512261904761907,True,0.0,hospital_corridor,28,12,"[11, 29, 47, 53, 61, 73, 89, 97, 101, 109]","[3.859969069737129, 4.260132281120466, 0.9593403589017194, 0.5, 1.0]","{""time"": 0.0, ""collisions"": 0.05, ""congestion"": 1.0, ""fairness"": 1.0, ""incomplete_base"": 1000.0, ""incomplete_agent"": 10.0}","[24.009797914651188, 16.85043701024714, 12.228082191780823, 15.95529556650246, 9.957419712070877, 15.906067588325655, 14.128185328185332, 13.84376026272578, 14.295697074010327, 12.426966873706007]","[44.300000000000004, 39.5, 29.200000000000003, 29.0, 34.4, 31.0, 37.0, 34.800000000000004, 33.2, 32.2]"
ga,5,17,15.441053964325032,32.95,72.8,1.8833158690869354,5.0,12.826428571428574,22.744166666666665,9.917738095238096,True,0.0,hospital_corridor,28,12,"[11, 29, 47, 53, 61, 73, 89, 97, 101, 109]","[4.396634003348961, 4.680285004497835, 0.962768733914863, 0.5, 1.0]","{""time"": 0.0, ""collisions"": 0.05, ""congestion"": 1.0, ""fairness"": 1.0, ""incomplete_base"": 1000.0, ""incomplete_agent"": 10.0}","[20.369621421975992, 17.716711590296498, 12.360714285714286, 18.347380952380952, 11.875510204081632, 17.41456582633053, 15.07142857142857, 16.00612491373361, 12.966185410334347, 12.282296466973888]","[36.1, 37.1, 29.0, 32.5, 29.400000000000002, 28.900000000000002, 31.200000000000003, 41.400000000000006, 32.9, 31.0]"
ga,5,18,13.772956725088633,36.14,31.2,1.6831948203267273,4.9,13.056071428571432,23.585833333333333,10.529761904761905,True,0.0,hospital_corridor,28,12,"[11, 29, 47, 53, 61, 73, 89, 97, 101, 109]","[4.055215846809932, 4.6943861833408675, 0.9607903190471401, 0.5, 1.0]","{""time"": 0.0, ""collisions"": 0.05, ""congestion"": 1.0, ""fairness"": 1.0, ""incomplete_base"": 1000.0, ""incomplete_agent"": 10.0}","[16.92992332526231, 18.3614524849241, 11.159032891507119, 11.41549757627602, 9.75748299319728, 12.027026174708295, 16.361918524635293, 14.675715416808051, 12.9446316262354, 14.096886237332463]","[41.300000000000004, 45.800000000000004, 29.1, 33.4, 29.400000000000002, 30.200000000000003, 34.6, 42.1, 31.8, 43.7]"
ga,5,19,16.19458985020632,32.61,109.6,1.8311374692539388,5.4,12.538214285714286,21.42166666666667,8.88345238095238,True,0.0,hospital_corridor,28,12,"[11, 29, 47, 53, 61, 73, 89, 97, 101, 109]","[4.834630652543552, 4.732317925579476, 0.9197685688106875, 0.5, 1.0]","{""time"": 0.0, ""collisions"": 0.05, ""congestion"": 1.0, ""fairness"": 1.0, ""incomplete_base"": 1000.0, ""incomplete_agent"": 10.0}","[20.955133498486102, 14.63000942951438, 10.858134920634921, 16.31904761904762, 12.467460317460318, 13.468003266288466, 20.157440476190473, 20.098653395784545, 18.727700348432055, 14.264315230224323]","[34.6, 30.3, 28.8, 28.0, 30.6, 27.700000000000003, 38.400000000000006, 42.7, 28.700000000000003, 36.300000000000004]"
ga,5,20,16.433243904603525,34.720000000000006,88.7,1.7921724760320956,5.6,12.933928571428572,23.14,10.206071428571429,True,0.0,hospital_corridor,28,12,"[11, 29, 47, 53, 61, 73, 89, 97, 101, 109]","[3.844764455787251, 3.9434741769322548, 0.9626649759523176, 0.5, 1.0]","{""time"": 0.0, ""collisions"": 0.05, ""congestion"": 1.0, ""fairness"": 1.0, ""incomplete_base"": 1000.0, ""incomplete_agent"": 10.0}","[20.50357142857143, 18.623594847775177, 10.460013046314415, 15.551151444184232, 16.85081705604494, 21.25003261578604, 20.15857995372062, 14.391097308488613, 14.184164420485178, 12.359416924664604]","[33.300000000000004, 42.7, 29.200000000000003, 30.5, 37.300000000000004, 36.5, 39.1, 34.5, 31.8, 32.300000000000004]"
ga,5,21,17.052623743123043,32.77,112.0,1.8276237431230435,5.3,12.315000000000001,21.939999999999998,9.625,True,0.0,hospital_corridor,28,12,"[11, 29, 47, 53, 61, 73, 89, 97, 101, 109]","[3.7109613801412005, 3.821635316076697, 0.8842027354360837, 0.5, 1.0]","{""time"": 0.0, ""collisions"": 0.05, ""congestion"": 1.0, ""fairness"": 1.0, ""incomplete_base"": 1000.0, ""incomplete_agent"": 10.0}","[22.817619047619054, 21.978703703703708, 15.338587848932676, 19.005985552115582, 11.002413568166995, 14.002482269503547, 15.246806214933104, 20.00383451723231, 17.278885480572598, 13.850919228450875]","[35.0, 40.5, 29.0, 32.300000000000004, 29.200000000000003, 28.200000000000003, 33.1, 36.2, 32.6, 31.6]"
ga,5,22,15.919307566845669,32.79,95.5,1.777640900179001,4.9,12.510000000000002,21.87666666666667,9.366666666666667,True,0.0,hospital_corridor,28,12,"[11, 29, 47, 53, 61, 73, 89, 97, 101, 109]","[4.230498027576573, 4.042124675918272, 0.9682669257910667, 0.5, 1.0]","{""time"": 0.0, ""collisions"": 0.05, ""congestion"": 1.0, ""fairness"": 1.0, ""incomplete_base"": 1000.0, ""incomplete_agent"": 10.0}","[23.038827838827842, 25.260714285714286, 11.694991789819374, 17.885185185185186, 10.708778848962899, 12.656885456885458, 16.462111801242237, 14.30483565107459, 13.768253968253967, 13.412490842490842]","[32.5, 33.6, 29.0, 40.5, 32.6, 29.6, 32.2, 33.9, 31.5, 32.5]"
ga,5,23,13.837689552085456,37.18,27.7,1.727094313990218,5.7,13.516071428571431,24.241666666666667,10.725595238095238,True,0.0,hospital_corridor,28,12,"[11, 29, 47, 53, 61, 73, 89, 97, 101, 109]","[3.371575362459758, 4.437321778233956, 0.9682371735688498, 0.5, 1.0]","{""time"": 0.0, ""collisions"": 0.05, ""congestion"": 1.0, ""fairness"": 1.0, ""incomplete_base"": 1000.0, ""incomplete_agent"": 10.0}","[19.681345353675454, 10.965574037834312, 12.167063492063491, 11.666356107660455, 8.848049645390072, 12.705952380952379, 20.75651087595532, 14.457386166145294, 14.517768959435628, 12.610888501742162]","[51.5, 36.5, 34.2, 34.5, 28.200000000000003, 32.0, 48.6, 41.1, 32.4, 32.800000000000004]"
ga,6,0,12.820841490966618,32.809999999999995,36.3,1.8846510147761428,5.4,12.829642857142858,21.95083333333333,9.121190476190476,True,0.0,hospital_corridor,28,12,"[11, 29, 47, 53, 61, 73, 89, 97, 101, 109]","[3.7002164358642426, 4.547149132107194, 0.905954648842646, 0.5, 1.0]","{""time"": 0.0, ""collisions"": 0.05, ""congestion"": 1.0, ""fairness"": 1.0, ""incomplete_base"": 1000.0, ""incomplete_agent"": 10.0}","[19.42291543173286, 9.772478991596639, 12.168150684931508, 10.478753026634385, 9.372538337368846, 12.197260668973474, 18.142577030812323, 12.40544315992293, 12.476017105871476, 11.772280471821755]","[48.2, 30.6, 29.200000000000003, 29.5, 29.5, 28.900000000000002, 34.0, 34.6, 30.900000000000002, 32.7]"
ga,6,1,13.010019705150992,32.17,45.0,1.8643054194367061,5.1,12.524285714285716,21.420000000000005,8.895714285714286,True,0.0,hospital_corridor,28,12,"[11, 29, 47, 53, 61, 73, 89, 97, 101, 109]","[4.04535760573657, 4.771154919208641, 0.9024838819522902, 0.5, 1.0]","{""time"": 0.0, ""collisions"": 0.05, ""congestion"": 1.0, ""fairness"": 1.0, ""incomplete_base"": 1000.0, ""incomplete_agent"": 10.0}","[17.33641527677061, 14.60388007054674, 10.624404761904763, 11.832667332667334, 9.710423925667829, 12.03233636210668, 14.409689572031345, 12.059474885844748, 15.746245421245424, 11.744659442724458]","[39.400000000000006, 32.4, 28.8, 28.6, 28.700000000000003, 28.3, 31.6, 36.5, 35.1, 32.300000000000004]"
ga,6,2,15.625496315548233,31.939999999999998,87.5,1.7740677441196628,5.3,12.00607142857143,21.4825,9.47642857142857,True,0.0,hospital_corridor,28,12,"[11, 29, 47, 53, 61, 73, 89, 97, 101, 109]","[4.617038346195907, 4.662278492053305, 0.919771276767158, 0.5, 1.0]","{""time"": 0.0, ""collisions"": 0.05, ""congestion"": 1.0, ""fairness"": 1.0, ""incomplete_base"": 1000.0, ""incomplete_agent"": 10.0}","[26.038183534283277, 15.604399585921325, 11.441114982578398, 17.6343853820598, 12.388028169014085, 12.854761904761908, 18.0176267281106, 14.864357067748236, 13.476259240158157, 13.93584656084656]","[39.1, 34.5, 28.700000000000003, 34.4, 28.400000000000002, 28.0, 37.2, 31.700000000000003, 27.700000000000003, 29.700000000000003]"
ga,6,3,1057.205878971029,93.6,34.5,0.6790444444444443,4.6,13.142152847152849,23.94398737373738,10.801834526584527,False,4.4,hospital_corridor,28,12,"[11, 29, 47, 53, 61, 73, 89, 97, 101, 109]","[4.062413984142661, 4.5968203635951905, 1.086953484348816, 0.5, 1.0]","{""time"": 0.0, ""collisions"": 0.05, ""congestion"": 1.0, ""fairness"": 1.0, ""incomplete_base"": 1000.0, ""incomplete_agent"": 10.0}","[1035.9055897435896, 1080.5315151515151, 1050.390090909091, 1069.0577878787878, 1116.770888888889, 1047.461958041958, 1074.6325384615384, 1052.0012142857142, 13.992063492063494, 1031.3151428571427]","[100.0, 100.0, 100.0, 100.0, 100.0, 100.0, 100.0, 100.0, 36.0, 100.0]"
ga,6,4,13.116130766572553,34.61999999999999,23.1,1.7212498141916015,5.2,12.841785714285715,23.08166666666667,10.239880952380952,True,0.0,hospital_corridor,28,12,"[11, 29, 47, 53, 61, 73, 89, 97, 101, 109]","[3.714254718865133, 4.972337292846099, 0.9240971387252235, 0.5, 1.0]","{""time"": 0.0, ""collisions"": 0.05, ""congestion"": 1.0, ""fairness"": 1.0, ""incomplete_base"": 1000.0, ""incomplete_agent"": 10.0}","[14.329883497341928, 13.96382783882784, 11.910374149659866, 13.149816849816851, 9.753080510554737, 12.353968253968254, 15.156564245810056, 16.48095238095238, 12.342591308368007, 11.720248630425623]","[42.1, 32.5, 29.400000000000002, 39.0, 29.1, 31.5, 35.800000000000004, 42.0, 30.900000000000002, 33.9]"
ga,6,5,111.45510992075808,30.939999999999998,2011.7,1.9159432540914065,5.8,11.547500000000001,20.50166666666667,8.954166666666667,True,0.0,hospital_corridor,28,12,"[11, 29, 47, 53, 61, 73, 89, 97, 101, 109]","[3.9303625774069406, 3.272338646886408, 0.7120963041691033, 0.5, 1.0]","{""time"": 0.0, ""collisions"": 0.05, ""congestion"": 1.0, ""fairness"": 1.0, ""incomplete_base"": 1000.0, ""incomplete_agent"": 10.0}","[416.8163025998392, 74.28511904761905, 50.67003968253968, 105.03452380952382, 73.86139455782313, 60.44981684981685, 95.72906746031748, 94.93298490127759, 71.38397435897437, 71.38787593984964]","[53.300000000000004, 28.8, 28.8, 26.6, 29.400000000000002, 27.3, 28.8, 28.700000000000003, 27.3, 30.400000000000002]"
ga,6,6,15.742841105114305,38.400000000000006,69.5,1.6627220574952575,5.1,13.583214285714286,24.188333333333333,10.605119047619047,True,0.0,hospital_corridor,28,12,"[11, 29, 47, 53, 61, 73, 89, 97, 101, 109]","[3.8094407947685847, 4.282091363018235, 0.9572296460344669, 0.5, 1.0]","{""time"": 0.0, ""collisions"": 0.05, ""congestion"": 1.0, ""fairness"": 1.0, ""incomplete_base"": 1000.0, ""incomplete_agent"": 10.0}","[26.97537965072134, 14.132964925100477, 11.129370515329422, 18.579989604989606, 16.784383753501398, 16.312478892266125, 15.139865149599665, 12.80834557473375, 13.670714285714286, 11.894918699186993]","[43.900000000000006, 39.1, 29.200000000000003, 48.1, 40.800000000000004, 42.300000000000004, 33.9, 38.900000000000006, 35.0, 32.800000000000004]"
ga,6,7,20.487793996259974,32.35000000000001,181.0,1.9904130438790204,5.8,12.354285714285714,21.80166666666667,9.447380952380954,True,0.0,hospital_corridor,28,12,"[11, 29, 47, 53, 61, 73, 89, 97, 101, 109]","[3.8595316807962274, 4.537785764732032, 0.8287441532820932, 0.5, 1.0]","{""time"": 0.0, ""collisions"": 0.05, ""congestion"": 1.0, ""fairness"": 1.0, ""incomplete_base"": 1000.0, ""incomplete_agent"": 10.0}","[33.98284521097733, 24.563608207510647, 18.975898006261325, 23.496830404085927, 12.702083333333334, 16.774597464885236, 21.88984341484342, 14.676209615679069, 22.76350210970464, 15.052522195318808]","[43.900000000000006, 36.9, 28.900000000000002, 31.700000000000003, 28.8, 27.8, 33.300000000000004, 31.1, 31.6, 29.5]"
ga,6,8,14.459355572913632,31.689999999999998,67.0,1.9775698586279173,5.7,12.680714285714286,21.812500000000004,9.131785714285714,True,0.0,hospital_corridor,28,12,"[11, 29, 47, 53, 61, 73, 89, 97, 101, 109]","[4.042215829529328, 4.52678093006902, 0.9197736981730869, 0.5, 1.0]","{""time"": 0.0, ""collisions"": 0.05, ""congestion"": 1.0, ""fairness"": 1.0, ""incomplete_base"": 1000.0, ""incomplete_agent"": 10.0}","[17.92231559290383, 15.167786421499295, 13.697152675503192, 14.543350754936121, 9.44683908045977, 17.208258342707165, 16.228351648351648, 12.652402022756007, 15.573978414895372, 12.15312077512393]","[30.6, 30.3, 29.1, 32.800000000000004, 29.0, 38.1, 32.5, 33.9, 28.900000000000002, 31.700000000000003]"
ga,6,9,15.325439233077043,32.12,91.9,1.7574630426008526,4.9,12.435357142857143,21.40833333333333,8.97297619047619,True,0.0,hospital_corridor,28,12,"[11, 29, 47, 53, 61, 73, 89, 97, 101, 109]","[4.042215829529328, 4.139654591335903, 0.9197736981730869, 0.5, 1.0]","{""time"": 0.0, ""collisions"": 0.05, ""congestion"": 1.0, ""fairness"": 1.0, ""incomplete_base"": 1000.0, ""incomplete_agent"": 10.0}","[23.490592077538984, 19.52278481012658, 11.436486266861692, 16.546610169491526, 11.00677339901478, 12.421828171828173, 16.19355670103093, 13.673422090729785, 15.338003095975232, 13.624335548172757]","[33.9, 31.6, 29.3, 29.5, 29.0, 28.6, 38.800000000000004, 33.800000000000004, 32.300000000000004, 34.4]"
ga,6,10,14.622216482035528,35.980000000000004,38.4,1.6326926725117157,5.0,12.787142857142857,23.856666666666666,11.069523809523812,True,0.0,hospital_corridor,28,12,"[11, 29, 47, 53, 61, 73, 89, 97, 101, 109]","[3.8451944694520486, 4.659908264742883, 0.9492823777770383, 0.5, 1.0]","{""time"": 0.0, ""collisions"": 0.05, ""congestion"": 1.0, ""fairness"": 1.0, ""incomplete_base"": 1000.0, ""incomplete_agent"": 10.0}","[12.90478185687683, 18.36734052111411, 14.559941089837999, 13.528648233486944, 15.262231680236864, 17.838819415006355, 14.935087719298243, 12.854413312286239, 13.594417475728157, 12.376483516483518]","[35.800000000000004, 42.400000000000006, 38.800000000000004, 31.0, 38.6, 33.7, 39.900000000000006, 36.2, 30.900000000000002, 32.5]"
ga,6,11,14.53694079334517,32.37,74.4,1.8208693647737402,5.4,12.391428571428573,21.3875,8.99607142857143,True,0.0,hospital_corridor,28,12,"[11, 29, 47, 53, 61, 73, 89, 97, 101, 109]","[4.1034185677850274, 4.335773902994948, 0.9159893335815115, 0.5, 1.0]","{""time"": 0.0, ""collisions"": 0.05, ""congestion"": 1.0, ""fairness"": 1.0, ""incomplete_base"": 1000.0, ""incomplete_agent"": 10.0}","[21.79693301049233, 16.02497556207234, 11.022672598451145, 14.4239676989677, 9.31884920634921, 16.933333333333334, 15.012013277160731, 14.209903076274756, 14.52968591691996, 12.097074253430188]","[35.4, 34.1, 28.900000000000002, 28.6, 28.8, 33.1, 37.300000000000004, 33.9, 28.200000000000003, 35.4]"
ga,6,12,82.98928698547107,29.48,1445.0,2.082739366423455,5.9,11.281785714285714,19.938333333333333,8.656547619047622,True,0.0,hospital_corridor,28,12,"[11, 29, 47, 53, 61, 73, 89, 97, 101, 109]","[3.9053708931468814, 4.546480173266475, 0.7029349318544533, 0.5, 1.0]","{""time"": 0.0, ""collisions"": 0.05, ""congestion"": 1.0, ""fairness"": 1.0, ""incomplete_base"": 1000.0, ""incomplete_agent"": 10.0}","[193.53443125239374, 106.29325134027121, 45.411904761904765, 102.79291979949875, 62.401065162907265, 50.37985347985349, 66.59591611479028, 85.49674082747855, 71.04065934065935, 45.946127774953396]","[37.300000000000004, 30.200000000000003, 28.8, 26.6, 28.5, 27.3, 30.200000000000003, 30.5, 27.3, 28.1]"
ga,6,13,14.020220052413109,33.82,52.5,1.806767671460726,4.9,12.925714285714287,22.514166666666664,9.588452380952383,True,0.0,hospital_corridor,28,12,"[11, 29, 47, 53, 61, 73, 89, 97, 101, 109]","[3.848033373088633, 4.507989615484483, 0.9121346841619057, 0.5, 1.0]","{""time"": 0.0, ""collisions"": 0.05, ""congestion"": 1.0, ""fairness"": 1.0, ""incomplete_base"": 1000.0, ""incomplete_agent"": 10.0}","[13.446666666666669, 16.656092781092784, 12.267980295566502, 17.25414078674948, 8.293513957307061, 14.19948979591837, 19.412125975084415, 12.436095100864554, 13.811908173011325, 12.42418699186992]","[30.0, 40.7, 29.0, 36.800000000000004, 29.0, 29.400000000000002, 40.900000000000006, 34.7, 34.9, 32.800000000000004]"
ga,6,14,1036.0386707367593,40.709999999999994,236.2,1.8038633774518886,5.3,12.609025974025975,22.033833333333337,9.424807359307362,False,1.3,hospital_corridor,28,12,"[11, 29, 47, 53, 61, 73, 89, 97, 101, 109]","[4.016875610273036, 4.684048095844444, 0.9400289732797286, 0.5, 1.0]","{""time"": 0.0, ""collisions"": 0.05, ""congestion"": 1.0, ""fairness"": 1.0, ""incomplete_base"": 1000.0, ""incomplete_agent"": 10.0}","[1236.5124545454546, 14.11455223880597, 12.33225407810183, 15.49276035617499, 8.58144499178982, 12.515306122448981, 16.979680365296808, 14.967556742323099, 14.040423201921719, 14.850274725274726]","[100.0, 33.5, 28.900000000000002, 36.9, 29.0, 29.400000000000002, 36.5, 42.800000000000004, 33.7, 36.4]"
ga,6,15,14.0232519847303,34.52,50.8,1.7242043656826795,5.3,12.844285714285718,22.60333333333333,9.75904761904762,True,0.0,hospital_corridor,28,12,"[11, 29, 47, 53, 61, 73, 89, 97, 101, 109]","[3.847343642364579, 4.570082934126225, 0.9326592127121023, 0.5, 1.0]","{""time"": 0.0, ""collisions"": 0.05, ""congestion"": 1.0, ""fairness"": 1.0, ""incomplete_base"": 1000.0, ""incomplete_agent"": 10.0}","[17.631040564373897, 15.236304909560726, 12.638405088062623, 17.82646065518406, 8.689406779661017, 12.611266568483064, 15.024182658137882, 13.523387096774195, 14.894922669922668, 12.157142857142858]","[32.4, 38.7, 29.200000000000003, 42.300000000000004, 29.5, 29.1, 33.5, 43.400000000000006, 35.1, 32.0]"
ga,6,16,16.863157700730483,32.32,115.5,1.807562462635244,5.1,12.15607142857143,21.43666666666667,9.28059523809524,True,0.0,hospital_corridor,28,12,"[11, 29, 47, 53, 61, 73, 89, 97, 101, 109]","[4.285546477063106, 4.118904232740924, 0.9349081849837713, 0.5, 1.0]","{""time"": 0.0, ""collisions"": 0.05, ""congestion"": 1.0, ""fairness"": 1.0, ""incomplete_base"": 1000.0, ""incomplete_agent"": 10.0}","[25.43566252587992, 19.016648351648353, 14.286459878068875, 20.292600732600732, 9.77131242740999, 14.074442755825736, 17.90717986676536, 19.891509433962266, 14.941443715295307, 13.014317319848296]","[34.5, 32.5, 28.900000000000002, 32.5, 28.700000000000003, 28.200000000000003, 38.6, 37.1, 28.3, 33.9]"
ga,6,17,14.505381217931728,33.46,60.1,1.819666932217442,5.2,12.769285714285715,22.450000000000003,9.680714285714286,True,0.0,hospital_corridor,28,12,"[11, 29, 47, 53, 61, 73, 89, 97, 101, 109]","[4.233774400678693, 4.761419777111636, 0.93578977409175, 0.5, 1.0]","{""time"": 0.0, ""collisions"": 0.05, ""congestion"": 1.0, ""fairness"": 1.0, ""incomplete_base"": 1000.0, ""incomplete_agent"": 10.0}","[18.400447901933052, 15.162868828513004, 13.24724958949097, 14.728025338575796, 9.009746251441753, 12.594584171696848, 19.7724652540442, 16.36340852130326, 12.794744213474866, 12.98027210884354]","[40.400000000000006, 32.6, 29.0, 32.7, 28.900000000000002, 28.400000000000002, 41.800000000000004, 34.2, 32.300000000000004, 34.300000000000004]"
ga,6,18,14.850511447341031,33.11,71.4,1.8494400187696005,5.4,12.516428571428571,21.947499999999998,9.43107142857143,True,0.0,hospital_corridor,28,12,"[11, 29, 47, 53, 61, 73, 89, 97, 101, 109]","[4.2526705722642015, 4.780288659510312, 0.9201717774738671, 0.5, 1.0]","{""time"": 0.0, ""collisions"": 0.05, ""congestion"": 1.0, ""fairness"": 1.0, ""incomplete_base"": 1000.0, ""incomplete_agent"": 10.0}","[19.48690476190476, 16.841017316017318, 11.26297208538588, 19.29188613993083, 9.759126984126986, 12.495238095238097, 14.964505187549879, 14.872376738305942, 17.08434803451582, 12.446739130434782]","[39.0, 36.300000000000004, 29.0, 35.800000000000004, 28.8, 28.200000000000003, 35.800000000000004, 33.9, 29.8, 34.5]"
ga,6,19,16.308309000004563,32.14,98.1,1.8929518571474229,5.0,12.26714285714286,21.777500000000003,9.510357142857142,True,0.0,hospital_corridor,28,12,"[11, 29, 47, 53, 61, 73, 89, 97, 101, 109]","[4.263087412954286, 4.549174065744643, 0.9057232840565983, 0.5, 1.0]","{""time"": 0.0, ""collisions"": 0.05, ""congestion"": 1.0, ""fairness"": 1.0, ""incomplete_base"": 1000.0, ""incomplete_agent"": 10.0}","[26.50622338366241, 16.914445509747523, 12.308630952380952, 16.550070028011206, 8.62107892107892, 15.386572989851679, 15.260504201680673, 19.654377068047765, 18.763846153846153, 13.117340791738384]","[36.9, 29.8, 28.8, 34.0, 28.6, 30.5, 34.0, 33.1, 32.5, 33.2]"
ga,6,20,13.89688610430823,33.37,55.6,1.8247432471653706,5.4,12.885357142857146,22.177500000000002,9.292142857142858,True,0.0,hospital_corridor,28,12,"[11, 29, 47, 53, 61, 73, 89, 97, 101, 109]","[3.803502211967757, 4.736325113805263, 0.9040668208280958, 0.5, 1.0]","{""time"": 0.0, ""collisions"": 0.05, ""congestion"": 1.0, ""fairness"": 1.0, ""incomplete_base"": 1000.0, ""incomplete_agent"": 10.0}","[23.241985645933017, 12.510308697611539, 12.629664057403787, 12.447316384180793, 8.30170068027211, 12.203045599865389, 18.261165845648605, 13.080624088075341, 13.577529761904763, 12.71552028218695]","[41.800000000000004, 31.700000000000003, 29.200000000000003, 29.5, 29.400000000000002, 28.3, 43.5, 35.9, 32.0, 32.4]"
ga,6,21,14.308554026659028,32.269999999999996,68.3,1.840577836182837,5.3,12.522857142857145,21.575833333333332,9.05297619047619,True,0.0,hospital_corridor,28,12,"[11, 29, 47, 53, 61, 73, 89, 97, 101, 109]","[3.942071829633056, 4.581978937510572, 0.9043717099668405, 0.5, 1.0]","{""time"": 0.0, ""collisions"": 0.05, ""congestion"": 1.0, ""fairness"": 1.0, ""incomplete_base"": 1000.0, ""incomplete_agent"": 10.0}","[19.622204968944096, 13.537406015037595, 11.578872094913052, 18.877739090064996, 8.989087301587304, 14.04466800804829, 14.478516819571865, 14.836814914645103, 15.399553571428573, 11.720677482349405]","[34.5, 32.300000000000004, 29.3, 35.9, 28.8, 28.400000000000002, 32.7, 37.1, 32.0, 31.700000000000003]"
ga,6,22,12.633725495917073,34.18,25.9,1.82527311496469,5.2,13.515714285714287,23.029166666666665,9.513452380952383,True,0.0,hospital_corridor,28,12,"[11, 29, 47, 53, 61, 73, 89, 97, 101, 109]","[2.9268834380092073, 4.546613960591049, 0.9057834770781001, 0.5, 1.0]","{""time"": 0.0, ""collisions"": 0.05, ""congestion"": 1.0, ""fairness"": 1.0, ""incomplete_base"": 1000.0, ""incomplete_agent"": 10.0}","[15.589411027568923, 10.37169312169312, 11.88939802336029, 8.53073938840712, 9.746969696969696, 13.99274891774892, 15.51346726190476, 14.417123287671233, 12.94782544596786, 13.33787878787879]","[45.6, 32.4, 31.8, 31.3, 26.400000000000002, 33.0, 38.400000000000006, 36.5, 32.300000000000004, 34.1]"
ga,6,23,1033.6415495275994,61.83,32.3,1.2654144127142364,5.0,13.42128912753913,24.182424242424243,10.761135114885116,False,2.0,hospital_corridor,28,12,"[11, 29, 47, 53, 61, 73, 89, 97, 101, 109]","[3.831285472840956, 4.534281920151078, 1.0291240055378297, 0.5, 1.0]","{""time"": 0.0, ""collisions"": 0.05, ""congestion"": 1.0, ""fairness"": 1.0, ""incomplete_base"": 1000.0, ""incomplete_agent"": 10.0}","[11.720151199165798, 1055.3398333333334, 10.730375426621162, 1068.7242424242424, 1087.6927186147186, 12.772816243061643, 1036.206794871795, 22.93093158660844, 14.28141980718668, 16.016211769260547]","[41.1, 100.0, 29.3, 100.0, 100.0, 32.6, 100.0, 45.800000000000004, 32.6, 36.9]"
ga,7,0,12.633725495917073,34.18,25.9,1.82527311496469,5.2,13.515714285714287,23.029166666666665,9.513452380952383,True,0.0,hospital_corridor,28,12,"[11, 29, 47, 53, 61, 73, 89, 97, 101, 109]","[2.9268834380092073, 4.546613960591049, 0.9057834770781001, 0.5, 1.0]","{""time"": 0.0, ""collisions"": 0.05, ""congestion"": 1.0, ""fairness"": 1.0, ""incomplete_base"": 1000.0, ""incomplete_agent"": 10.0}","[15.589411027568923, 10.37169312169312, 11.88939802336029, 8.53073938840712, 9.746969696969696, 13.99274891774892, 15.51346726190476, 14.417123287671233, 12.94782544596786, 13.33787878787879]","[45.6, 32.4, 31.8, 31.3, 26.400000000000002, 33.0, 38.400000000000006, 36.5, 32.300000000000004, 34.1]"
ga,7,1,12.820841490966618,32.809999999999995,36.3,1.8846510147761428,5.4,12.829642857142858,21.95083333333333,9.121190476190476,True,0.0,hospital_corridor,28,12,"[11, 29, 47, 53, 61, 73, 89, 97, 101, 109]","[3.7002164358642426, 4.547149132107194, 0.905954648842646, 0.5, 1.0]","{""time"": 0.0, ""collisions"": 0.05, ""congestion"": 1.0, ""fairness"": 1.0, ""incomplete_base"": 1000.0, ""incomplete_agent"": 10.0}","[19.42291543173286, 9.772478991596639, 12.168150684931508, 10.478753026634385, 9.372538337368846, 12.197260668973474, 18.142577030812323, 12.40544315992293, 12.476017105871476, 11.772280471821755]","[48.2, 30.6, 29.200000000000003, 29.5, 29.5, 28.900000000000002, 34.0, 34.6, 30.900000000000002, 32.7]"
ga,7,2,13.037227251025842,34.38,32.4,1.7460367748353662,5.5,13.012142857142857,22.68333333333333,9.671190476190475,True,0.0,hospital_corridor,28,12,"[11, 29, 47, 53, 61, 73, 89, 97, 101, 109]","[3.7086425341473754, 4.814441142200595, 0.9093951789165416, 0.5, 1.0]","{""time"": 0.0, ""collisions"": 0.05, ""congestion"": 1.0, ""fairness"": 1.0, ""incomplete_base"": 1000.0, ""incomplete_agent"": 10.0}","[12.828634085213036, 13.022257053291536, 11.762046968958233, 12.916194968553459, 7.932057532910777, 12.352142857142859, 16.81559888579387, 17.044254658385093, 12.952756892230575, 12.74632860777899]","[32.300000000000004, 31.900000000000002, 29.3, 37.1, 29.3, 30.0, 35.9, 48.300000000000004, 30.400000000000002, 39.300000000000004]"
ga,7,3,12.6378497367163,35.089999999999996,12.7,1.7249925938591553,5.4,13.302142857142858,23.580000000000005,10.277857142857144,True,0.0,hospital_corridor,28,12,"[11, 29, 47, 53, 61, 73, 89, 97, 101, 109]","[2.932495622726965, 4.704510111236553, 0.9204854368867821, 0.5, 1.0]","{""time"": 0.0, ""collisions"": 0.05, ""congestion"": 1.0, ""fairness"": 1.0, ""incomplete_base"": 1000.0, ""incomplete_agent"": 10.0}","[16.136065573770495, 11.457853589196873, 12.221325051759834, 8.22809523809524, 8.809605911330049, 13.050595238095237, 14.682738095238097, 15.177109111361084, 12.627083333333335, 13.988026224982747]","[42.7, 33.5, 32.2, 30.0, 29.0, 33.6, 38.400000000000006, 38.1, 32.0, 41.400000000000006]"
ga,7,4,1019.601256208871,40.510000000000005,51.2,1.89148514659989,5.1,12.599395604395605,21.749166666666667,9.149771062271062,False,0.6,hospital_corridor,28,12,"[11, 29, 47, 53, 61, 73, 89, 97, 101, 109]","[3.9009379805796724, 4.657730743387617, 0.9043037556250711, 0.5, 1.0]","{""time"": 0.0, ""collisions"": 0.05, ""congestion"": 1.0, ""fairness"": 1.0, ""incomplete_base"": 1000.0, ""incomplete_agent"": 10.0}","[16.720954316686026, 1073.5956153846155, 12.940524781341107, 12.84326765188834, 9.546738421395958, 11.815610328638497, 18.088620981387482, 13.606584711035751, 14.983441558441559, 11.871203953279426]","[36.9, 100.0, 34.300000000000004, 40.6, 29.200000000000003, 28.400000000000002, 39.400000000000006, 33.7, 30.8, 31.8]"
ga,7,5,1033.4914811470658,62.17,30.5,1.1687587860934485,4.5,13.2208836996337,24.01860606060606,10.797722360972362,False,2.0,hospital_corridor,28,12,"[11, 29, 47, 53, 61, 73, 89, 97, 101, 109]","[3.8446360610211405, 4.6605733079282174, 1.0386269344300438, 0.5, 1.0]","{""time"": 0.0, ""collisions"": 0.05, ""congestion"": 1.0, ""fairness"": 1.0, ""incomplete_base"": 1000.0, ""incomplete_agent"": 10.0}","[14.284350599362146, 1056.0035, 11.529166666666665, 1051.249, 1087.9638701298702, 15.040520282186947, 1055.4646153846154, 16.826257356875338, 12.991992589543024, 13.561538461538461]","[43.300000000000004, 100.0, 30.400000000000002, 100.0, 100.0, 32.4, 100.0, 44.5, 34.7, 36.4]"
ga,7,6,13.269504883324991,33.22,37.1,1.8083144071345152,5.7,12.642142857142858,22.24833333333333,9.606190476190477,True,0.0,hospital_corridor,28,12,"[11, 29, 47, 53, 61, 73, 89, 97, 101, 109]","[3.918418490400994, 4.809004122309488, 0.9185546459491039, 0.5, 1.0]","{""time"": 0.0, ""collisions"": 0.05, ""congestion"": 1.0, ""fairness"": 1.0, ""incomplete_base"": 1000.0, ""incomplete_agent"": 10.0}","[13.923809523809524, 13.880330086580088, 11.938388780169602, 16.584869646182497, 8.216496598639457, 13.22127417519909, 13.561791719655222, 15.671880538816024, 13.443315018315017, 12.2528927458834]","[30.8, 35.2, 29.200000000000003, 35.800000000000004, 29.400000000000002, 29.3, 33.7, 40.300000000000004, 36.4, 32.1]"
ga,7,7,13.657337464517493,33.900000000000006,45.8,1.776861274041302,5.4,12.742857142857146,22.333333333333336,9.590476190476192,True,0.0,hospital_corridor,28,12,"[11, 29, 47, 53, 61, 73, 89, 97, 101, 109]","[3.9742827577001547, 4.76152910217331, 0.9165884487152887, 0.5, 1.0]","{""time"": 0.0, ""collisions"": 0.05, ""congestion"": 1.0, ""fairness"": 1.0, ""incomplete_base"": 1000.0, ""incomplete_agent"": 10.0}","[18.286018826135106, 15.608683473389355, 11.400862068965516, 15.271120410016868, 8.630161476355248, 14.43452380952381, 16.209108527131786, 11.449050294275015, 12.910029354207436, 12.37381640517479]","[34.4, 34.0, 29.0, 36.7, 28.900000000000002, 33.6, 43.0, 35.6, 29.200000000000003, 34.6]"
ga,7,8,1019.2353240479376,40.67,34.2,1.72425261936617,5.1,13.28714285714286,22.088214285714287,8.80107142857143,False,0.7,hospital_corridor,28,12,"[11, 29, 47, 53, 61, 73, 89, 97, 101, 109]","[3.3127070831631578, 5.0, 0.9044295751679119, 0.5, 1.0]","{""time"": 0.0, ""collisions"": 0.05, ""congestion"": 1.0, ""fairness"": 1.0, ""incomplete_base"": 1000.0, ""incomplete_agent"": 10.0}","[1080.5701428571429, 10.820445134575571, 11.81452380952381, 15.877301207564368, 7.861630036630039, 12.084056383289512, 15.938677811550152, 12.425567034793968, 13.267549923195087, 11.693346281110632]","[100.0, 34.5, 30.0, 41.800000000000004, 26.0, 32.6, 37.6, 40.1, 31.0, 33.1]"
ga,7,9,15.045405500511983,32.43,70.4,1.8368340719405545,5.4,11.981428571428573,21.669999999999998,9.688571428571429,True,0.0,hospital_corridor,28,12,"[11, 29, 47, 53, 61, 73, 89, 97, 101, 109]","[4.243717502446509, 4.593610342226948, 0.9037775908409766, 0.5, 1.0]","{""time"": 0.0, ""collisions"": 0.05, ""congestion"": 1.0, ""fairness"": 1.0, ""incomplete_base"": 1000.0, ""incomplete_agent"": 10.0}","[21.723470337855815, 19.86534679089027, 11.198075668623613, 15.22429876060013, 8.397048960429242, 13.6156015037594, 18.898701298701297, 13.474565493853326, 14.812187839305103, 13.244758351101634]","[35.800000000000004, 36.800000000000004, 29.200000000000003, 29.200000000000003, 28.400000000000002, 28.5, 38.5, 33.7, 30.700000000000003, 33.5]"
ga,7,10,1116.466076503245,100.0,16.1,0.42460000000000003,3.6,13.706023496754963,24.942500000000003,11.23647650324504,False,10.4,hospital_corridor,28,12,"[11, 29, 47, 53, 61, 73, 89, 97, 101, 109]","[3.8030286817784926, 4.559600326299527, 1.271503103662885, 0.5, 1.0]","{""time"": 0.0, ""collisions"": 0.05, ""congestion"": 1.0, ""fairness"": 1.0, ""incomplete_base"": 1000.0, ""incomplete_agent"": 10.0}","[1091.502116883117, 1152.4917878787878, 1091.36284057971, 1130.3538771929825, 1127.6604444444445, 1131.6709393939393, 1088.59, 1109.7928333333334, 1058.4405042735043, 1182.7954210526316]","[100.0, 100.0, 100.0, 100.0, 100.0, 100.0, 100.0, 100.0, 100.0, 100.0]"
ga,7,11,13.30097546153251,37.53,19.7,1.628832604389651,5.0,13.542857142857144,24.23,10.687142857142858,True,0.0,hospital_corridor,28,12,"[11, 29, 47, 53, 61, 73, 89, 97, 101, 109]","[3.160593383920603, 4.805812482704747, 0.9127819206610103, 0.5, 1.0]","{""time"": 0.0, ""collisions"": 0.05, ""congestion"": 1.0, ""fairness"": 1.0, ""incomplete_base"": 1000.0, ""incomplete_agent"": 10.0}","[15.293815215329165, 9.986040876527603, 12.367749641662686, 16.406015164686565, 10.241731016731016, 12.69376832844575, 15.875906872444272, 15.193317763072532, 12.026318161333934, 12.925091575091576]","[50.2, 33.9, 29.900000000000002, 49.300000000000004, 37.0, 34.1, 36.1, 36.7, 31.700000000000003, 36.4]"
ga,7,12,14.850511447341031,33.11,71.4,1.8494400187696005,5.4,12.516428571428571,21.947499999999998,9.43107142857143,True,0.0,hospital_corridor,28,12,"[11, 29, 47, 53, 61, 73, 89, 97, 101, 109]","[4.2526705722642015, 4.780288659510312, 0.9201717774738671, 0.5, 1.0]","{""time"": 0.0, ""collisions"": 0.05, ""congestion"": 1.0, ""fairness"": 1.0, ""incomplete_base"": 1000.0, ""incomplete_agent"": 10.0}","[19.48690476190476, 16.841017316017318, 11.26297208538588, 19.29188613993083, 9.759126984126986, 12.495238095238097, 14.964505187549879, 14.872376738305942, 17.08434803451582, 12.446739130434782]","[39.0, 36.300000000000004, 29.0, 35.800000000000004, 28.8, 28.200000000000003, 35.800000000000004, 33.9, 29.8, 34.5]"
ga,7,13,14.155678003345944,35.18,46.0,1.7813922890602278,5.3,13.010714285714286,23.085,10.074285714285717,True,0.0,hospital_corridor,28,12,"[11, 29, 47, 53, 61, 73, 89, 97, 101, 109]","[3.942071829633056, 5.0, 0.9043717099668405, 0.5, 1.0]","{""time"": 0.0, ""collisions"": 0.05, ""congestion"": 1.0, ""fairness"": 1.0, ""incomplete_base"": 1000.0, ""incomplete_agent"": 10.0}","[25.807732390080638, 13.766260250323693, 13.514653902798234, 14.462791286727455, 8.102448638318204, 12.739784148953701, 15.268959435626103, 13.55289494627935, 12.61765873015873, 11.723596304193318]","[62.6, 33.1, 29.1, 37.6, 29.900000000000002, 28.900000000000002, 32.4, 35.9, 28.8, 33.5]"
ga,7,14,14.120569863350472,32.18000000000001,54.9,1.8135460538266628,5.5,12.367142857142857,21.929166666666667,9.562023809523808,True,0.0,hospital_corridor,28,12,"[11, 29, 47, 53, 61, 73, 89, 97, 101, 109]","[4.083749225411347, 4.726085589770886, 0.9255175297227032, 0.5, 1.0]","{""time"": 0.0, ""collisions"": 0.05, ""congestion"": 1.0, ""fairness"": 1.0, ""incomplete_base"": 1000.0, ""incomplete_agent"": 10.0}","[21.372814207650276, 17.554707517524776, 12.314408866995075, 13.354365079365081, 8.43378489326765, 12.77485481997677, 16.245542046605877, 14.392047753945771, 12.931048906048906, 11.832124542124543]","[36.6, 39.400000000000006, 29.0, 28.8, 29.0, 28.700000000000003, 32.9, 35.300000000000004, 29.6, 32.5]"
ga,7,15,14.365253122785397,32.71000000000001,58.6,1.858943598975874,5.5,12.470357142857143,22.04666666666667,9.576309523809524,True,0.0,hospital_corridor,28,12,"[11, 29, 47, 53, 61, 73, 89, 97, 101, 109]","[4.016264989217433, 4.624286003865651, 0.9273134604632662, 0.5, 1.0]","{""time"": 0.0, ""collisions"": 0.05, ""congestion"": 1.0, ""fairness"": 1.0, ""incomplete_base"": 1000.0, ""incomplete_agent"": 10.0}","[20.225777698013882, 13.746308016877638, 14.563672066764852, 14.719280719280722, 9.698010437051536, 12.846093388811838, 17.022113997114, 15.276004016064258, 13.324680170575693, 12.230590717299577]","[39.800000000000004, 31.6, 29.1, 28.6, 29.200000000000003, 30.900000000000002, 39.6, 33.2, 33.5, 31.6]"
ga,7,16,17.682235244581396,32.57,122.2,1.9185447683909183,5.6,12.327142857142858,21.980833333333337,9.653690476190476,True,0.0,hospital_corridor,28,12,"[11, 29, 47, 53, 61, 73, 89, 97, 101, 109]","[5.0, 4.839514515997416, 0.9258826393458137, 0.5, 1.0]","{""time"": 0.0, ""collisions"": 0.05, ""congestion"": 1.0, ""fairness"": 1.0, ""incomplete_base"": 1000.0, ""incomplete_agent"": 10.0}","[25.16699889258029, 21.929983388704322, 12.117770034843204, 20.154285714285713, 19.452871148459387, 13.002432712215322, 17.342502951593865, 17.91713998852553, 15.92208088714938, 13.816286727456939]","[34.4, 34.4, 28.700000000000003, 35.0, 34.0, 27.6, 36.300000000000004, 33.2, 29.200000000000003, 32.9]"
ga,7,17,13.653718027183404,34.290000000000006,36.6,1.7652656462310206,5.2,12.608214285714286,22.666666666666664,10.058452380952383,True,0.0,hospital_corridor,28,12,"[11, 29, 47, 53, 61, 73, 89, 97, 101, 109]","[3.8341561105331454, 4.702905710974908, 0.930873712091512, 0.5, 1.0]","{""time"": 0.0, ""collisions"": 0.05, ""congestion"": 1.0, ""fairness"": 1.0, ""incomplete_base"": 1000.0, ""incomplete_agent"": 10.0}","[16.993367346938776, 14.377264808362371, 12.11191703485518, 17.237069299264423, 10.32063492063492, 12.890567765567765, 13.591059280855202, 14.5677811550152, 12.46531773118804, 11.98220092915215]","[39.2, 41.0, 29.1, 36.9, 31.5, 31.200000000000003, 34.300000000000004, 37.6, 29.3, 32.800000000000004]"
ga,7,18,15.50131541592932,33.89,69.8,1.8346487492626529,5.5,12.52,22.696666666666665,10.176666666666666,True,0.0,hospital_corridor,28,12,"[11, 29, 47, 53, 61, 73, 89, 97, 101, 109]","[4.187002474287263, 4.5365559898194165, 0.9239963827399074, 0.5, 1.0]","{""time"": 0.0, ""collisions"": 0.05, ""congestion"": 1.0, ""fairness"": 1.0, ""incomplete_base"": 1000.0, ""incomplete_agent"": 10.0}","[19.32274671262607, 16.962290118359483, 15.161627906976745, 15.579253649884024, 10.951373313830652, 16.121768707482996, 16.79859943977591, 17.851190476190474, 13.517742987606002, 12.746560846560847]","[37.300000000000004, 34.6, 34.4, 34.9, 29.3, 29.400000000000002, 34.0, 43.400000000000006, 29.200000000000003, 32.4]"
ga,7,19,132.07811599749039,28.78,2435.7,1.9600207593951466,6.2,10.623571428571427,18.956666666666663,8.333095238095238,True,0.0,hospital_corridor,28,12,"[11, 29, 47, 53, 61, 73, 89, 97, 101, 109]","[4.088987755920757, 4.7516447173612395, 0.639411676357418, 0.5, 1.0]","{""time"": 0.0, ""collisions"": 0.05, ""congestion"": 1.0, ""fairness"": 1.0, ""incomplete_base"": 1000.0, ""incomplete_agent"": 10.0}","[166.53260073260074, 139.99559396712422, 114.8857142857143, 122.7124299719888, 150.80108543417367, 106.0404761904762, 135.81280038331124, 175.3906604747162, 95.05027472527473, 113.55952380952381]","[31.200000000000003, 28.1, 28.0, 27.200000000000003, 27.200000000000003, 27.200000000000003, 32.300000000000004, 32.300000000000004, 27.3, 27.0]"
ga,7,20,14.37155998685854,36.33,44.7,1.6651314154299672,4.9,13.18357142857143,23.655,10.471428571428572,True,0.0,hospital_corridor,28,12,"[11, 29, 47, 53, 61, 73, 89, 97, 101, 109]","[4.045555598638759, 4.768274917932384, 0.9729612439012583, 0.5, 1.0]","{""time"": 0.0, ""collisions"": 0.05, ""congestion"": 1.0, ""fairness"": 1.0, ""incomplete_base"": 1000.0, ""incomplete_agent"": 10.0}","[21.65378986456968, 17.462660077085665, 11.929613095238095, 15.889319014319017, 11.620311252992817, 11.76910569105691, 13.581991799741045, 12.33682634730539, 15.584899749373434, 11.887082976903336]","[43.6, 38.300000000000004, 32.0, 42.900000000000006, 35.800000000000004, 32.800000000000004, 33.1, 33.4, 38.0, 33.4]"
ga,7,21,16.833195484706152,32.620000000000005,107.8,1.7977192942299598,5.4,12.207857142857142,21.853333333333335,9.645476190476192,True,0.0,hospital_corridor,28,12,"[11, 29, 47, 53, 61, 73, 89, 97, 101, 109]","[4.233576407776504, 4.136583072813538, 0.9265727176063231, 0.5, 1.0]","{""time"": 0.0, ""collisions"": 0.05, ""congestion"": 1.0, ""fairness"": 1.0, ""incomplete_base"": 1000.0, ""incomplete_agent"": 10.0}","[27.233354218880535, 19.050666666666665, 11.616957026713127, 17.653057811753463, 11.054860767836548, 13.174512030960797, 18.42164052564646, 19.427197802197803, 17.927088948787063, 12.772619047619049]","[34.2, 37.5, 28.700000000000003, 29.900000000000002, 28.900000000000002, 28.3, 33.7, 36.4, 37.1, 31.5]"
ga,7,22,13.846378989891928,31.75,55.2,1.963759942272881,5.6,12.528214285714288,21.65083333333333,9.122619047619047,True,0.0,hospital_corridor,28,12,"[11, 29, 47, 53, 61, 73, 89, 97, 101, 109]","[3.856456313736674, 4.535993494545568, 0.9060871605287386, 0.5, 1.0]","{""time"": 0.0, ""collisions"": 0.05, ""congestion"": 1.0, ""fairness"": 1.0, ""incomplete_base"": 1000.0, ""incomplete_agent"": 10.0}","[17.380047619047616, 12.667203695358268, 11.034855179185076, 12.85425170068027, 11.510016835016836, 17.478913248467705, 16.362398373983737, 13.620863599677161, 13.33438972858768, 12.220849918914936]","[37.5, 31.700000000000003, 29.1, 29.400000000000002, 29.700000000000003, 30.3, 32.800000000000004, 35.4, 29.3, 32.300000000000004]"
ga,7,23,15.17386611401773,31.79,75.8,1.8893423044939213,5.3,12.117142857142857,21.611666666666668,9.494523809523809,True,0.0,hospital_corridor,28,12,"[11, 29, 47, 53, 61, 73, 89, 97, 101, 109]","[4.511516766229333, 4.743151040147556, 0.9085314055854572, 0.5, 1.0]","{""time"": 0.0, ""collisions"": 0.05, ""congestion"": 1.0, ""fairness"": 1.0, ""incomplete_base"": 1000.0, ""incomplete_agent"": 10.0}","[20.490526849037487, 18.38913308913309, 11.436402207941999, 18.364985994397763, 9.739761063435974, 17.9030701754386, 16.805357142857144, 13.758549783549782, 12.238145896656537, 12.612728937728939]","[37.6, 35.1, 28.900000000000002, 35.7, 28.3, 28.5, 33.6, 30.8, 28.200000000000003, 31.200000000000003]"
ga,8,0,12.633725495917073,34.18,25.9,1.82527311496469,5.2,13.515714285714287,23.029166666666665,9.513452380952383,True,0.0,hospital_corridor,28,12,"[11, 29, 47, 53, 61, 73, 89, 97, 101, 109]","[2.9268834380092073, 4.546613960591049, 0.9057834770781001, 0.5, 1.0]","{""time"": 0.0, ""collisions"": 0.05, ""congestion"": 1.0, ""fairness"": 1.0, ""incomplete_base"": 1000.0, ""incomplete_agent"": 10.0}","[15.589411027568923, 10.37169312169312, 11.88939802336029, 8.53073938840712, 9.746969696969696, 13.99274891774892, 15.51346726190476, 14.417123287671233, 12.94782544596786, 13.33787878787879]","[45.6, 32.4, 31.8, 31.3, 26.400000000000002, 33.0, 38.400000000000006, 36.5, 32.300000000000004, 34.1]"
ga,8,1,12.6378497367163,35.089999999999996,12.7,1.7249925938591553,5.4,13.302142857142858,23.580000000000005,10.277857142857144,True,0.0,hospital_corridor,28,12,"[11, 29, 47, 53, 61, 73, 89, 97, 101, 109]","[2.932495622726965, 4.704510111236553, 0.9204854368867821, 0.5, 1.0]","{""time"": 0.0, ""collisions"": 0.05, ""congestion"": 1.0, ""fairness"": 1.0, ""incomplete_base"": 1000.0, ""incomplete_agent"": 10.0}","[16.136065573770495, 11.457853589196873, 12.221325051759834, 8.22809523809524, 8.809605911330049, 13.050595238095237, 14.682738095238097, 15.177109111361084, 12.627083333333335, 13.988026224982747]","[42.7, 33.5, 32.2, 30.0, 29.0, 33.6, 38.400000000000006, 38.1, 32.0, 41.400000000000006]"
ga,8,2,13.037227251025842,34.38,32.4,1.7460367748353662,5.5,13.012142857142857,22.68333333333333,9.671190476190475,True,0.0,hospital_corridor,28,12,"[11, 29, 47, 53, 61, 73, 89, 97, 101, 109]","[3.7086425341473754, 4.814441142200595, 0.9093951789165416, 0.5, 1.0]","{""time"": 0.0, ""collisions"": 0.05, ""congestion"": 1.0, ""fairness"": 1.0, ""incomplete_base"": 1000.0, ""incomplete_agent"": 10.0}","[12.828634085213036, 13.022257053291536, 11.762046968958233, 12.916194968553459, 7.932057532910777, 12.352142857142859, 16.81559888579387, 17.044254658385093, 12.952756892230575, 12.74632860777899]","[32.300000000000004, 31.900000000000002, 29.3, 37.1, 29.3, 30.0, 35.9, 48.300000000000004, 30.400000000000002, 39.300000000000004]"
ga,8,3,26.424029880858917,30.75,307.9,1.9354584522874894,5.5,11.991428571428573,21.085000000000004,9.09357142857143,True,0.0,hospital_corridor,28,12,"[11, 29, 47, 53, 61, 73, 89, 97, 101, 109]","[3.856456313736674, 4.535993494545568, 0.8001609379751983, 0.5, 1.0]","{""time"": 0.0, ""collisions"": 0.05, ""congestion"": 1.0, ""fairness"": 1.0, ""incomplete_base"": 1000.0, ""incomplete_agent"": 10.0}","[48.638852813852814, 32.67799823633157, 21.497396605701105, 33.56656746031746, 16.251050669378074, 19.015993788819877, 24.529449648711946, 21.423322147651007, 26.74192307692308, 19.89774436090226]","[38.5, 32.4, 28.900000000000002, 28.8, 28.1, 27.6, 30.5, 29.8, 32.5, 30.400000000000002]"
ga,8,4,14.069906950884288,38.190000000000005,41.0,1.6656212365985728,5.1,13.553214285714287,23.907500000000006,10.354285714285714,True,0.0,hospital_corridor,28,12,"[11, 29, 47, 53, 61, 73, 89, 97, 101, 109]","[3.7589546634775766, 4.8072248322460585, 0.9181419497296262, 0.5, 1.0]","{""time"": 0.0, ""collisions"": 0.05, ""congestion"": 1.0, ""fairness"": 1.0, ""incomplete_base"": 1000.0, ""incomplete_agent"": 10.0}","[14.741647820077898, 14.365270935960591, 16.21004609659139, 17.532729468599037, 8.560544217687074, 12.256071840500908, 14.239746543778804, 13.096577380952382, 17.715571007163923, 11.980864197530865]","[37.9, 34.800000000000004, 56.300000000000004, 41.400000000000006, 29.400000000000002, 28.900000000000002, 37.2, 38.400000000000006, 45.2, 32.4]"
ga,8,5,13.262319485932657,37.53,25.9,1.7751766287897994,5.1,13.942857142857145,24.135,10.192142857142859,True,0.0,hospital_corridor,28,12,"[11, 29, 47, 53, 61, 73, 89, 97, 101, 109]","[3.3200572108440203, 5.0, 0.9131946168804879, 0.5, 1.0]","{""time"": 0.0, ""collisions"": 0.05, ""congestion"": 1.0, ""fairness"": 1.0, ""incomplete_base"": 1000.0, ""incomplete_agent"": 10.0}","[17.175153609831032, 13.604106972301816, 13.148371311714872, 8.96327328585393, 12.541940077466393, 12.645141150922912, 15.824001536098312, 13.7234335839599, 12.052764976958525, 12.945008354218881]","[46.5, 34.9, 32.6, 34.1, 41.800000000000004, 30.700000000000003, 37.2, 39.900000000000006, 43.400000000000006, 34.2]"
ga,8,6,12.894701765833341,34.730000000000004,23.8,1.7527970039285805,5.2,12.876428571428571,22.828333333333337,9.95190476190476,True,0.0,hospital_corridor,28,12,"[11, 29, 47, 53, 61, 73, 89, 97, 101, 109]","[3.5529503774344002, 4.787281423100485, 0.9145360214984823, 0.5, 1.0]","{""time"": 0.0, ""collisions"": 0.05, ""congestion"": 1.0, ""fairness"": 1.0, ""incomplete_base"": 1000.0, ""incomplete_agent"": 10.0}","[12.805097600397865, 14.328947368421051, 11.579802259887005, 10.80256220135113, 9.466307126877597, 12.150326797385622, 17.867969187675072, 13.905264307557887, 14.202022689953724, 11.838718118826478]","[38.300000000000004, 39.900000000000006, 29.5, 28.900000000000002, 29.8, 30.6, 42.5, 43.6, 31.900000000000002, 32.300000000000004]"
ga,8,7,13.709078687415198,34.730000000000004,46.0,1.7665786874151965,5.4,12.74,22.3825,9.642500000000002,True,0.0,hospital_corridor,28,12,"[11, 29, 47, 53, 61, 73, 89, 97, 101, 109]","[3.94882549490168, 4.805499179948052, 0.9221726178813255, 0.5, 1.0]","{""time"": 0.0, ""collisions"": 0.05, ""congestion"": 1.0, ""fairness"": 1.0, ""incomplete_base"": 1000.0, ""incomplete_agent"": 10.0}","[23.15114275108707, 12.825578855395369, 10.584482758620691, 16.66207559256887, 9.278401360544217, 13.047774810858922, 13.518436196230757, 11.891666666666666, 13.840683229813667, 12.290544652365739]","[44.900000000000006, 32.7, 29.0, 44.6, 29.400000000000002, 32.1, 33.1, 35.7, 34.5, 31.3]"
ga,8,8,13.269504883324991,33.22,37.1,1.8083144071345152,5.7,12.642142857142858,22.24833333333333,9.606190476190477,True,0.0,hospital_corridor,28,12,"[11, 29, 47, 53, 61, 73, 89, 97, 101, 109]","[3.918418490400994, 4.809004122309488, 0.9185546459491039, 0.5, 1.0]","{""time"": 0.0, ""collisions"": 0.05, ""congestion"": 1.0, ""fairness"": 1.0, ""incomplete_base"": 1000.0, ""incomplete_agent"": 10.0}","[13.923809523809524, 13.880330086580088, 11.938388780169602, 16.584869646182497, 8.216496598639457, 13.22127417519909, 13.561791719655222, 15.671880538816024, 13.443315018315017, 12.2528927458834]","[30.8, 35.2, 29.200000000000003, 35.800000000000004, 29.400000000000002, 29.3, 33.7, 40.300000000000004, 36.4, 32.1]"
ga,8,9,18.10189296965303,35.620000000000005,123.4,1.9662977315577925,5.7,12.84607142857143,22.811666666666667,9.965595238095238,True,0.0,hospital_corridor,28,12,"[11, 29, 47, 53, 61, 73, 89, 97, 101, 109]","[3.7884010998697804, 4.809004122309488, 0.843944791272175, 0.5, 1.0]","{""time"": 0.0, ""collisions"": 0.05, ""congestion"": 1.0, ""fairness"": 1.0, ""incomplete_base"": 1000.0, ""incomplete_agent"": 10.0}","[30.934018264840184, 24.524084474084475, 15.456750122729504, 18.44504608294931, 10.88520349316197, 13.736904761904764, 17.573957103502558, 16.58402088107971, 17.63573463573464, 15.24320987654321]","[51.1, 40.7, 29.1, 37.2, 28.900000000000002, 28.0, 36.300000000000004, 37.4, 35.1, 32.4]"
ga,8,10,16.337204043163283,31.559999999999995,107.6,1.9274421384013773,5.9,12.18357142857143,21.213333333333335,9.029761904761905,True,0.0,hospital_corridor,28,12,"[11, 29, 47, 53, 61, 73, 89, 97, 101, 109]","[4.973948468538076, 4.818288625761049, 0.9209494786157948, 0.5, 1.0]","{""time"": 0.0, ""collisions"": 0.05, ""congestion"": 1.0, ""fairness"": 1.0, ""incomplete_base"": 1000.0, ""incomplete_agent"": 10.0}","[25.147485207100594, 19.579120879120882, 11.962698412698414, 18.96158065320369, 12.603392217101895, 12.737943722943724, 20.056413414172038, 14.126809671236916, 14.468493209558194, 13.728103044496489]","[33.800000000000004, 31.200000000000003, 28.8, 38.2, 27.900000000000002, 27.5, 37.7, 32.300000000000004, 27.700000000000003, 30.5]"
ga,8,11,12.320475196041137,32.64,23.1,1.7723799579458976,5.1,12.991071428571427,22.384166666666665,9.393095238095238,True,0.0,hospital_corridor,28,12,"[11, 29, 47, 53, 61, 73, 89, 97, 101, 109]","[3.4082356053101335, 4.830230012545854, 0.9234878066791228, 0.5, 1.0]","{""time"": 0.0, ""collisions"": 0.05, ""congestion"": 1.0, ""fairness"": 1.0, ""incomplete_base"": 1000.0, ""incomplete_agent"": 10.0}","[14.713351042896498, 10.13423566878981, 11.911117836965296, 9.944691119691118, 7.658084163898117, 12.36705017577501, 16.63055964653903, 14.908526383526382, 12.629993065187241, 12.30714285714286]","[36.300000000000004, 31.400000000000002, 29.5, 33.300000000000004, 25.8, 29.8, 38.800000000000004, 37.0, 30.900000000000002, 33.6]"
ga,8,12,14.39968137379271,32.629999999999995,66.3,1.9164670880784247,5.6,12.616785714285715,21.785000000000004,9.168214285714285,True,0.0,hospital_corridor,28,12,"[11, 29, 47, 53, 61, 73, 89, 97, 101, 109]","[4.156607461376074, 4.597834290042401, 0.9242056580985414, 0.5, 1.0]","{""time"": 0.0, ""collisions"": 0.05, ""congestion"": 1.0, ""fairness"": 1.0, ""incomplete_base"": 1000.0, ""incomplete_agent"": 10.0}","[23.54037629037629, 15.900239693192713, 12.183128078817735, 14.18110870610871, 9.33603559070687, 13.49334040546912, 16.166413373860184, 13.711366131466995, 13.443116268589455, 12.041689199339043]","[42.900000000000006, 29.8, 29.0, 29.700000000000003, 28.900000000000002, 30.3, 37.6, 34.7, 31.700000000000003, 31.700000000000003]"
ga,8,13,14.545450557946443,32.69,59.9,1.8689029388988232,5.2,12.571785714285713,22.253333333333337,9.68154761904762,True,0.0,hospital_corridor,28,12,"[11, 29, 47, 53, 61, 73, 89, 97, 101, 109]","[4.114144238322536, 4.664807289547901, 0.9253082543640692, 0.5, 1.0]","{""time"": 0.0, ""collisions"": 0.05, ""congestion"": 1.0, ""fairness"": 1.0, ""incomplete_base"": 1000.0, ""incomplete_agent"": 10.0}","[19.672484276729563, 16.808855185909984, 12.459738485558159, 14.542406692406693, 10.387438423645321, 14.962151067323484, 14.159758551307847, 14.418788819875775, 15.647435897435898, 12.395448179271709]","[37.1, 36.5, 30.5, 29.6, 29.0, 29.0, 35.5, 34.5, 31.200000000000003, 34.0]"
ga,8,14,13.414701452332649,37.739999999999995,26.8,1.840296690427886,5.6,14.268928571428571,24.503333333333337,10.234404761904763,True,0.0,hospital_corridor,28,12,"[11, 29, 47, 53, 61, 73, 89, 97, 101, 109]","[3.254403415000401, 4.8036582788899835, 0.9209494574963422, 0.5, 1.0]","{""time"": 0.0, ""collisions"": 0.05, ""congestion"": 1.0, ""fairness"": 1.0, ""incomplete_base"": 1000.0, ""incomplete_agent"": 10.0}","[15.319278606965177, 9.901371308016879, 11.662301587301586, 9.66096378671229, 15.021535770706386, 15.447355996222853, 15.365131837859114, 12.789047619047622, 16.107037621678504, 12.87299038881608]","[46.900000000000006, 31.6, 29.700000000000003, 33.4, 42.2, 35.300000000000004, 36.300000000000004, 35.0, 54.300000000000004, 32.7]"
ga,8,15,14.819595250620466,35.28,60.1,1.7569762030014189,5.4,12.858214285714286,22.91583333333333,10.057619047619047,True,0.0,hospital_corridor,28,12,"[11, 29, 47, 53, 61, 73, 89, 97, 101, 109]","[3.989939194331549, 4.728239793585649, 0.9173499928873712, 0.5, 1.0]","{""time"": 0.0, ""collisions"": 0.05, ""congestion"": 1.0, ""fairness"": 1.0, ""incomplete_base"": 1000.0, ""incomplete_agent"": 10.0}","[25.50096111839231, 15.370011936172887, 11.252586206896552, 18.950205793477124, 10.045660653339835, 14.400445943849853, 15.068075333027101, 13.008928571428573, 13.103373015873014, 11.49570393374741]","[54.5, 37.9, 29.0, 45.7, 29.3, 30.700000000000003, 31.1, 33.6, 28.8, 32.2]"
ga,8,16,1014.9519032511381,48.910000000000004,17.0,1.3592658885007582,4.9,16.01486263736264,26.757500000000004,10.742637362637364,False,0.2,hospital_corridor,28,12,"[11, 29, 47, 53, 61, 73, 89, 97, 101, 109]","[2.2121621610042004, 4.546613960591049, 0.9057834770781001, 0.5, 1.0]","{""time"": 0.0, ""collisions"": 0.05, ""congestion"": 1.0, ""fairness"": 1.0, ""incomplete_base"": 1000.0, ""incomplete_agent"": 10.0}","[8.87890583199572, 1024.252564102564, 13.722115384615385, 10.691913397483345, 8.523902080939616, 15.331447234475739, 16.09323708206687, 22.48577392881, 12.659485612426788, 16.879687856003645]","[53.400000000000006, 100.0, 41.6, 38.6, 37.300000000000004, 42.1, 47.0, 49.900000000000006, 37.4, 41.800000000000004]"
ga,8,17,1165.0979768898105,38.21000000000001,3053.6,1.8682474525809707,5.9,12.226785714285715,21.776515151515152,9.549729437229438,False,0.1,hospital_corridor,28,12,"[11, 29, 47, 53, 61, 73, 89, 97, 101, 109]","[2.871789456459216, 4.724918293426506, 0.5, 0.5, 1.0]","{""time"": 0.0, ""collisions"": 0.05, ""congestion"": 1.0, ""fairness"": 1.0, ""incomplete_base"": 1000.0, ""incomplete_agent"": 10.0}","[1201.6276753246752, 199.5695146225693, 134.50231660231663, 155.45606312292358, 153.56707717569788, 139.5952380952381, 183.36895506191755, 175.9173564753004, 168.44997717937017, 138.92559523809524]","[100.0, 31.1, 29.6, 30.1, 29.0, 28.0, 37.300000000000004, 32.1, 31.3, 33.6]"
ga,8,18,13.929351505857884,34.22,50.3,1.785780077286456,5.7,12.901428571428573,22.53,9.628571428571428,True,0.0,hospital_corridor,28,12,"[11, 29, 47, 53, 61, 73, 89, 97, 101, 109]","[3.933237589729549, 4.915993458321684, 0.9061057904762008, 0.5, 1.0]","{""time"": 0.0, ""collisions"": 0.05, ""congestion"": 1.0, ""fairness"": 1.0, ""incomplete_base"": 1000.0, ""incomplete_agent"": 10.0}","[20.21608040201005, 17.582278683285395, 11.06847684279191, 15.440160349854228, 8.347146118721462, 13.314959114959114, 15.330679752817158, 12.1745608618087, 13.760714285714286, 12.058458646616542]","[39.800000000000004, 44.7, 29.200000000000003, 34.300000000000004, 29.200000000000003, 29.700000000000003, 39.300000000000004, 34.7, 29.0, 32.300000000000004]"
ga,8,19,44.0971499048924,31.45,661.0,1.923578476320963,5.4,12.518928571428571,21.642500000000002,9.123571428571429,True,0.0,hospital_corridor,28,12,"[11, 29, 47, 53, 61, 73, 89, 97, 101, 109]","[3.331826305030239, 5.0, 0.7571175042799934, 0.5, 1.0]","{""time"": 0.0, ""collisions"": 0.05, ""congestion"": 1.0, ""fairness"": 1.0, ""incomplete_base"": 1000.0, ""incomplete_agent"": 10.0}","[86.72897727272728, 49.8372513562387, 58.227380952380955, 50.39861751152074, 23.5868728028124, 26.447153024911035, 40.54760466119983, 36.941017316017316, 41.537818662818665, 26.718805488297015]","[35.2, 31.6, 35.7, 31.0, 29.8, 28.1, 33.1, 30.8, 29.700000000000003, 29.5]"
ga,8,20,13.357165329052005,32.21,50.2,1.8546653290520054,5.3,12.665000000000001,21.6575,8.9925,True,0.0,hospital_corridor,28,12,"[11, 29, 47, 53, 61, 73, 89, 97, 101, 109]","[3.5290316410933955, 4.565928698234984, 0.8836594998200892, 0.5, 1.0]","{""time"": 0.0, ""collisions"": 0.05, ""congestion"": 1.0, ""fairness"": 1.0, ""incomplete_base"": 1000.0, ""incomplete_agent"": 10.0}","[18.536445536445537, 17.53723316912972, 11.054468362687542, 12.702497096399537, 8.231324404761907, 13.019665203965545, 14.424242424242426, 13.268090062111801, 12.240084691594758, 12.557602339181287]","[40.7, 34.800000000000004, 29.200000000000003, 28.700000000000003, 25.6, 29.3, 33.0, 36.800000000000004, 29.8, 34.2]"
ga,8,21,15.031319784706833,38.96,41.9,1.683462641849689,5.0,14.004642857142859,25.2575,11.252857142857144,True,0.0,hospital_corridor,28,12,"[11, 29, 47, 53, 61, 73, 89, 97, 101, 109]","[3.106494331063187, 4.79512640455666, 0.9073376554039612, 0.5, 1.0]","{""time"": 0.0, ""collisions"": 0.05, ""congestion"": 1.0, ""fairness"": 1.0, ""incomplete_base"": 1000.0, ""incomplete_agent"": 10.0}","[35.277889245585875, 9.351010781671162, 14.320219780219782, 10.50595238095238, 7.396457607433217, 16.347578692493947, 14.881342701014832, 14.499500370096229, 13.991648491457653, 13.741597796143251]","[71.2, 31.8, 32.5, 39.2, 28.700000000000003, 35.4, 36.6, 38.6, 39.300000000000004, 36.300000000000004]"
ga,8,22,126.60179198405042,27.47,2336.4,1.949411031669452,6.1,10.296785714285715,18.12916666666667,7.832380952380953,True,0.0,hospital_corridor,28,12,"[11, 29, 47, 53, 61, 73, 89, 97, 101, 109]","[4.842225364252566, 4.615643166906002, 0.6526538356814338, 0.5, 1.0]","{""time"": 0.0, ""collisions"": 0.05, ""congestion"": 1.0, ""fairness"": 1.0, ""incomplete_base"": 1000.0, ""incomplete_agent"": 10.0}","[190.81, 124.63344467283316, 101.5629917184265, 103.60873015873015, 128.58844301765652, 100.27566137566139, 124.22011144883487, 190.74012775842047, 92.52310665963803, 109.05530303030302]","[30.0, 27.8, 27.6, 25.200000000000003, 26.700000000000003, 27.0, 28.200000000000003, 28.700000000000003, 27.1, 26.400000000000002]"
ga,8,23,13.306565645066483,31.970000000000006,45.3,1.8338275498283874,5.3,12.646428571428572,21.854166666666668,9.207738095238096,True,0.0,hospital_corridor,28,12,"[11, 29, 47, 53, 61, 73, 89, 97, 101, 109]","[3.857991071611676, 4.771020481198606, 0.921848654324517, 0.5, 1.0]","{""time"": 0.0, ""collisions"": 0.05, ""congestion"": 1.0, ""fairness"": 1.0, ""incomplete_base"": 1000.0, ""incomplete_agent"": 10.0}","[19.0367994100295, 12.983409785932722, 12.988095238095237, 15.935196687370603, 8.262585034013606, 12.219744483159118, 14.624014412886819, 12.587393900158249, 12.509731543624161, 11.918685955394817]","[33.9, 32.7, 30.0, 36.800000000000004, 29.400000000000002, 28.700000000000003, 33.7, 33.1, 29.8, 31.6]"
ga,9,0,12.320475196041137,32.64,23.1,1.7723799579458976,5.1,12.991071428571427,22.384166666666665,9.393095238095238,True,0.0,hospital_corridor,28,12,"[11, 29, 47, 53, 61, 73, 89, 97, 101, 109]","[3.4082356053101335, 4.830230012545854, 0.9234878066791228, 0.5, 1.0]","{""time"": 0.0, ""collisions"": 0.05, ""congestion"": 1.0, ""fairness"": 1.0, ""incomplete_base"": 1000.0, ""incomplete_agent"": 10.0}","[14.713351042896498, 10.13423566878981, 11.911117836965296, 9.944691119691118, 7.658084163898117, 12.36705017577501, 16.63055964653903, 14.908526383526382, 12.629993065187241, 12.30714285714286]","[36.300000000000004, 31.400000000000002, 29.5, 33.300000000000004, 25.8, 29.8, 38.800000000000004, 37.0, 30.900000000000002, 33.6]"
ga,9,1,12.633725495917073,34.18,25.9,1.82527311496469,5.2,13.515714285714287,23.029166666666665,9.513452380952383,True,0.0,hospital_corridor,28,12,"[11, 29, 47, 53, 61, 73, 89, 97, 101, 109]","[2.9268834380092073, 4.546613960591049, 0.9057834770781001, 0.5, 1.0]","{""time"": 0.0, ""collisions"": 0.05, ""congestion"": 1.0, ""fairness"": 1.0, ""incomplete_base"": 1000.0, ""incomplete_agent"": 10.0}","[15.589411027568923, 10.37169312169312, 11.88939802336029, 8.53073938840712, 9.746969696969696, 13.99274891774892, 15.51346726190476, 14.417123287671233, 12.94782544596786, 13.33787878787879]","[45.6, 32.4, 31.8, 31.3, 26.400000000000002, 33.0, 38.400000000000006, 36.5, 32.300000000000004, 34.1]"
ga,9,2,14.917043481672467,33.96999999999999,68.3,1.8224006245296098,5.3,12.735357142857143,22.415,9.679642857142857,True,0.0,hospital_corridor,28,12,"[11, 29, 47, 53, 61, 73, 89, 97, 101, 109]","[3.13787616419443, 4.850632891225644, 0.8472975553067374, 0.5, 1.0]","{""time"": 0.0, ""collisions"": 0.05, ""congestion"": 1.0, ""fairness"": 1.0, ""incomplete_base"": 1000.0, ""incomplete_agent"": 10.0}","[22.16120789779327, 15.850376103443988, 13.177619047619048, 15.736713367018833, 8.902025586353947, 13.534307359307363, 16.01620957838723, 14.780207904487444, 14.658111762054983, 14.353656210258585]","[41.0, 38.300000000000004, 30.0, 31.1, 33.5, 30.8, 34.9, 34.7, 31.700000000000003, 33.7]"
ga,9,3,17.6972582686028,35.86,107.7,1.70761541145994,5.4,12.875357142857144,23.48,10.604642857142858,True,0.0,hospital_corridor,28,12,"[11, 29, 47, 53, 61, 73, 89, 97, 101, 109]","[3.1264457635627743, 4.85387722001091, 0.830305385860038, 0.5, 1.0]","{""time"": 0.0, ""collisions"": 0.05, ""congestion"": 1.0, ""fairness"": 1.0, ""incomplete_base"": 1000.0, ""incomplete_agent"": 10.0}","[50.984005979073245, 15.12260189378345, 12.899844720496896, 13.234786276715411, 8.9754400592922, 14.078833865814698, 15.911904761904765, 16.587888198757767, 15.173370319001387, 14.003906611188166]","[66.9, 34.7, 29.900000000000002, 38.1, 25.700000000000003, 31.3, 33.4, 36.800000000000004, 30.900000000000002, 30.900000000000002]"
ga,9,4,12.631294244569645,33.78000000000001,21.5,1.8755799588553597,5.9,13.094285714285714,22.775,9.680714285714286,True,0.0,hospital_corridor,28,12,"[11, 29, 47, 53, 61, 73, 89, 97, 101, 109]","[3.3830970691172983, 4.9165573457328735, 0.9137475613805437, 0.5, 1.0]","{""time"": 0.0, ""collisions"": 0.05, ""congestion"": 1.0, ""fairness"": 1.0, ""incomplete_base"": 1000.0, ""incomplete_agent"": 10.0}","[15.686191640470371, 12.196969696969697, 11.469727891156463, 11.84301242236025, 9.860822510822512, 14.40036075036075, 13.02720797720798, 13.576336621605163, 12.16504329004329, 12.087269644699987]","[40.900000000000006, 33.0, 29.400000000000002, 34.5, 33.0, 29.700000000000003, 35.1, 39.1, 30.8, 32.300000000000004]"
ga,9,5,1014.3758507504074,43.81,15.9,1.6063910434476552,5.9,13.738873626373627,23.71333333333333,9.974459706959706,False,0.2,hospital_corridor,28,12,"[11, 29, 47, 53, 61, 73, 89, 97, 101, 109]","[3.0305133883282793, 4.957255118777752, 0.9199324923867263, 0.5, 1.0]","{""time"": 0.0, ""collisions"": 0.05, ""congestion"": 1.0, ""fairness"": 1.0, ""incomplete_base"": 1000.0, ""incomplete_agent"": 10.0}","[14.759964379452569, 9.700207514198338, 12.33382330424131, 12.131698812248011, 1026.2810256410257, 12.113754045307441, 16.00646434739699, 14.577141011443338, 12.465678903140205, 13.388749545619776]","[50.800000000000004, 32.7, 31.1, 43.7, 100.0, 30.900000000000002, 38.6, 38.7, 32.300000000000004, 39.300000000000004]"
ga,9,6,12.711908708139456,33.82000000000001,34.1,1.8272658509965978,5.5,12.927857142857144,22.107499999999998,9.179642857142857,True,0.0,hospital_corridor,28,12,"[11, 29, 47, 53, 61, 73, 89, 97, 101, 109]","[3.7304096140628915, 4.793681234865841, 0.9160827797702314, 0.5, 1.0]","{""time"": 0.0, ""collisions"": 0.05, ""congestion"": 1.0, ""fairness"": 1.0, ""incomplete_base"": 1000.0, ""incomplete_agent"": 10.0}","[20.555662805662813, 9.146447710917165, 12.549771689497717, 12.433426966292135, 9.527966101694915, 11.794458128078817, 13.102300242130752, 13.936761186886816, 12.763958916900094, 11.308333333333334]","[44.400000000000006, 31.1, 29.200000000000003, 35.6, 29.5, 29.0, 35.4, 39.800000000000004, 30.6, 33.6]"
ga,9,7,1089.7221101333364,100.0,15.8,0.49879999999999997,4.2,14.200850761324446,24.634160894660898,10.43331013333645,False,7.8,hospital_corridor,28,12,"[11, 29, 47, 53, 61, 73, 89, 97, 101, 109]","[3.292590795094267, 4.802604310544131, 1.1043294696037884, 0.5, 1.0]","{""time"": 0.0, ""collisions"": 0.05, ""congestion"": 1.0, ""fairness"": 1.0, ""incomplete_base"": 1000.0, ""incomplete_agent"": 10.0}","[1077.405909090909, 1130.7792865497076, 1030.2869528619528, 1124.9403684210527, 1147.5446015037594, 1092.5870512820513, 1071.1960384615384, 1086.8477777777778, 1049.9756153846154, 1085.6575]","[100.0, 100.0, 100.0, 100.0, 100.0, 100.0, 100.0, 100.0, 100.0, 100.0]"
ga,9,8,14.20056692712298,35.54,34.8,1.883662165218217,5.1,13.298928571428572,23.87583333333334,10.576904761904762,True,0.0,hospital_corridor,28,12,"[11, 29, 47, 53, 61, 73, 89, 97, 101, 109]","[3.516101381702706, 4.817712259679643, 0.9194341012329641, 0.5, 1.0]","{""time"": 0.0, ""collisions"": 0.05, ""congestion"": 1.0, ""fairness"": 1.0, ""incomplete_base"": 1000.0, ""incomplete_agent"": 10.0}","[17.78154761904762, 11.171428571428573, 11.869727891156462, 15.639847259658579, 12.121279761904763, 13.929691876750699, 17.52975558923835, 17.08180592991914, 13.593907973746683, 11.286676798378927]","[48.0, 31.200000000000003, 29.400000000000002, 37.1, 32.0, 30.6, 37.7, 42.400000000000006, 34.1, 32.9]"
ga,9,9,16.01700604721555,39.15,43.7,1.797839380548881,5.6,13.387500000000003,25.42166666666667,12.034166666666668,True,0.0,hospital_corridor,28,12,"[11, 29, 47, 53, 61, 73, 89, 97, 101, 109]","[3.8105527140084217, 4.8215218751757, 0.9226083513952625, 0.5, 1.0]","{""time"": 0.0, ""collisions"": 0.05, ""congestion"": 1.0, ""fairness"": 1.0, ""incomplete_base"": 1000.0, ""incomplete_agent"": 10.0}","[43.80514499917614, 11.489820913956361, 16.963492063492065, 11.696228771228771, 8.728667305848514, 12.579150579150578, 15.593956043956043, 14.094682136814114, 13.474566088117488, 11.744351570415402]","[86.7, 34.7, 38.7, 28.6, 29.8, 29.6, 39.0, 39.400000000000006, 32.1, 32.9]"
ga,9,10,13.990124490952333,35.57000000000001,28.3,1.8244102052380466,5.2,13.556785714285715,24.3075,10.750714285714286,True,0.0,hospital_corridor,28,12,"[11, 29, 47, 53, 61, 73, 89, 97, 101, 109]","[3.0835272028501803, 4.556249148034607, 0.9032831505874691, 0.5, 1.0]","{""time"": 0.0, ""collisions"": 0.05, ""congestion"": 1.0, ""fairness"": 1.0, ""incomplete_base"": 1000.0, ""incomplete_agent"": 10.0}","[17.724011071697305, 10.190078113264233, 12.461325611325613, 11.413003663003664, 12.190133724722768, 12.744496855345911, 17.922503840245774, 13.460902255639098, 14.668852167732766, 17.125937606546195]","[44.300000000000004, 31.700000000000003, 29.6, 31.200000000000003, 36.5, 31.8, 37.2, 38.0, 33.5, 41.900000000000006]"
ga,9,11,13.104205032022136,33.79,28.8,1.8477764605935658,5.3,13.016071428571427,22.832500000000003,9.81642857142857,True,0.0,hospital_corridor,28,12,"[11, 29, 47, 53, 61, 73, 89, 97, 101, 109]","[3.3723878762524224, 5.0, 0.8861598263107202, 0.5, 1.0]","{""time"": 0.0, ""collisions"": 0.05, ""congestion"": 1.0, ""fairness"": 1.0, ""incomplete_base"": 1000.0, ""incomplete_agent"": 10.0}","[15.59347158218126, 13.762365382120151, 11.597329472329474, 13.012273901808785, 7.615060908084164, 12.302721088435373, 18.705069124423964, 12.827374586198118, 12.773809523809522, 12.852574750830566]","[37.2, 36.7, 29.6, 38.7, 25.8, 29.400000000000002, 37.2, 37.4, 31.5, 34.4]"
ga,9,12,1102.633135870689,100.0,16.3,0.4176,3.8,13.541733970580655,22.94226984126984,9.40053587068919,False,9.2,hospital_corridor,28,12,"[11, 29, 47, 53, 61, 73, 89, 97, 101, 109]","[3.857991071611676, 4.771020481198606, 1.1995071930544852, 0.5, 1.0]","{""time"": 0.0, ""collisions"": 0.05, ""congestion"": 1.0, ""fairness"": 1.0, ""incomplete_base"": 1000.0, ""incomplete_agent"": 10.0}","[1053.8411666666666, 1181.757, 1092.2755454545454, 1107.653, 1136.9206315789475, 1091.5549323671498, 1071.113253968254, 1100.9325, 1048.8736923076924, 1141.4096363636363]","[100.0, 100.0, 100.0, 100.0, 100.0, 100.0, 100.0, 100.0, 100.0, 100.0]"
ga,9,13,13.709078687415198,34.730000000000004,46.0,1.7665786874151965,5.4,12.74,22.3825,9.642500000000002,True,0.0,hospital_corridor,28,12,"[11, 29, 47, 53, 61, 73, 89, 97, 101, 109]","[3.94882549490168, 4.805499179948052, 0.9221726178813255, 0.5, 1.0]","{""time"": 0.0, ""collisions"": 0.05, ""congestion"": 1.0, ""fairness"": 1.0, ""incomplete_base"": 1000.0, ""incomplete_agent"": 10.0}","[23.15114275108707, 12.825578855395369, 10.584482758620691, 16.66207559256887, 9.278401360544217, 13.047774810858922, 13.518436196230757, 11.891666666666666, 13.840683229813667, 12.290544652365739]","[44.900000000000006, 32.7, 29.0, 44.6, 29.400000000000002, 32.1, 33.1, 35.7, 34.5, 31.3]"
ga,9,14,13.722031584114468,36.290000000000006,42.0,1.8606030126858972,5.3,14.321071428571429,24.082500000000003,9.76142857142857,True,0.0,hospital_corridor,28,12,"[11, 29, 47, 53, 61, 73, 89, 97, 101, 109]","[3.0012400174019276, 4.551166817663826, 0.9079248491375145, 0.5, 1.0]","{""time"": 0.0, ""collisions"": 0.05, ""congestion"": 1.0, ""fairness"": 1.0, ""incomplete_base"": 1000.0, ""incomplete_agent"": 10.0}","[15.641954887218048, 11.417293233082708, 12.001284461152885, 14.999130382631645, 8.147623440520118, 13.264624290083006, 14.980430528375734, 13.863740920096852, 20.426488095238092, 12.477745602745603]","[47.5, 32.300000000000004, 30.400000000000002, 39.7, 27.1, 32.7, 36.5, 35.4, 48.0, 33.300000000000004]"
ga,9,15,13.294221508617184,33.220000000000006,38.7,1.890411984807658,5.9,13.185357142857143,22.65416666666667,9.468809523809526,True,0.0,hospital_corridor,28,12,"[11, 29, 47, 53, 61, 73, 89, 97, 101, 109]","[3.47859379804168, 4.782728566027709, 0.9123946494390679, 0.5, 1.0]","{""time"": 0.0, ""collisions"": 0.05, ""congestion"": 1.0, ""fairness"": 1.0, ""incomplete_base"": 1000.0, ""incomplete_agent"": 10.0}","[18.791578483245154, 14.463209901524353, 11.312843328457665, 12.238328664799253, 10.524342105263159, 11.937950937950939, 15.741096083403775, 13.062187247780468, 12.328330411919367, 12.542347921827691]","[40.5, 35.300000000000004, 29.3, 30.6, 30.400000000000002, 29.700000000000003, 33.800000000000004, 35.4, 32.6, 34.6]"
ga,9,16,13.16916869087099,35.279999999999994,29.4,1.7869067861090824,5.4,13.146071428571428,23.058333333333337,9.912261904761907,True,0.0,hospital_corridor,28,12,"[11, 29, 47, 53, 61, 73, 89, 97, 101, 109]","[3.6563274933589707, 5.0, 0.9175304961499572, 0.5, 1.0]","{""time"": 0.0, ""collisions"": 0.05, ""congestion"": 1.0, ""fairness"": 1.0, ""incomplete_base"": 1000.0, ""incomplete_agent"": 10.0}","[14.79468477531858, 15.260438073141088, 11.730724070450098, 14.41338530335992, 11.031998326487148, 12.795797379354429, 13.699086378737544, 11.713202247191013, 14.140882436060476, 12.11148791860958]","[42.6, 43.1, 29.200000000000003, 39.400000000000006, 31.3, 29.8, 34.4, 35.6, 33.7, 33.7]"
ga,9,17,12.495269631623023,34.35000000000001,38.2,1.7681267744801659,5.2,13.447857142857146,22.265000000000004,8.817142857142857,True,0.0,hospital_corridor,28,12,"[11, 29, 47, 53, 61, 73, 89, 97, 101, 109]","[3.521720789096725, 4.611220958623766, 0.9175127750550477, 0.5, 1.0]","{""time"": 0.0, ""collisions"": 0.05, ""congestion"": 1.0, ""fairness"": 1.0, ""incomplete_base"": 1000.0, ""incomplete_agent"": 10.0}","[15.465234223770809, 11.454228855721393, 11.196681096681097, 11.490249105422517, 8.676997443272612, 11.700805675805675, 15.911631537861044, 15.110790273556233, 12.370482866043613, 11.57559523809524]","[36.9, 33.5, 29.700000000000003, 34.6, 29.8, 29.700000000000003, 36.6, 47.0, 32.1, 33.6]"
ga,9,18,1074.330017295278,100.0,16.6,0.5206999999999999,4.7,13.135271088560563,24.114588383838385,10.979317295277822,False,6.2,hospital_corridor,28,12,"[11, 29, 47, 53, 61, 73, 89, 97, 101, 109]","[3.743158992832556, 4.8110401069961535, 1.1048097405135027, 0.5, 1.0]","{""time"": 0.0, ""collisions"": 0.05, ""congestion"": 1.0, ""fairness"": 1.0, ""incomplete_base"": 1000.0, ""incomplete_agent"": 10.0}","[1079.8248181818183, 1131.0358245614036, 1029.363478114478, 1068.5378787878788, 1136.380552631579, 1067.6840341880343, 1074.8737692307693, 1069.367037037037, 1051.7189230769231, 1034.5138571428572]","[100.0, 100.0, 100.0, 100.0, 100.0, 100.0, 100.0, 100.0, 100.0, 100.0]"
ga,9,19,1111.249859140275,100.0,18.1,0.4328,4.1,13.363301970836181,22.275361111111113,8.91205914027493,False,10.1,hospital_corridor,28,12,"[11, 29, 47, 53, 61, 73, 89, 97, 101, 109]","[3.883902031715814, 4.812405157513929, 1.2256930324318234, 0.5, 1.0]","{""time"": 0.0, ""collisions"": 0.05, ""congestion"": 1.0, ""fairness"": 1.0, ""incomplete_base"": 1000.0, ""incomplete_agent"": 10.0}","[1099.2279047619047, 1181.838, 1109.302603174603, 1112.043, 1136.0428157894737, 1091.6465, 1082.499, 1098.7466666666667, 1068.4505555555556, 1132.7015454545456]","[100.0, 100.0, 100.0, 100.0, 100.0, 100.0, 100.0, 100.0, 100.0, 100.0]"
ga,9,20,13.169362900238113,35.35,23.2,1.705315281190493,5.1,13.044285714285715,23.348333333333336,10.30404761904762,True,0.0,hospital_corridor,28,12,"[11, 29, 47, 53, 61, 73, 89, 97, 101, 109]","[3.173293971166844, 4.612212483009317, 0.9132013237478459, 0.5, 1.0]","{""time"": 0.0, ""collisions"": 0.05, ""congestion"": 1.0, ""fairness"": 1.0, ""incomplete_base"": 1000.0, ""incomplete_agent"": 10.0}","[18.67028031070584, 14.16075036075036, 11.701284461152884, 10.97903791610688, 8.415287669319929, 12.79203414484765, 14.177722063037251, 14.549439775910363, 11.791465201465202, 14.45632709908476]","[42.300000000000004, 39.6, 30.400000000000002, 31.900000000000002, 34.1, 31.1, 34.9, 40.800000000000004, 32.5, 35.9]"
ga,9,21,1038.8504337583308,69.88,30.2,1.0995920999892281,4.7,13.707794705294706,24.948636363636364,11.24084165834166,False,2.5,hospital_corridor,28,12,"[11, 29, 47, 53, 61, 73, 89, 97, 101, 109]","[3.636124235063258, 4.773246260621942, 1.0177430455568184, 0.5, 1.0]","{""time"": 0.0, ""collisions"": 0.05, ""congestion"": 1.0, ""fairness"": 1.0, ""incomplete_base"": 1000.0, ""incomplete_agent"": 10.0}","[1044.3684125874126, 1071.1919696969696, 16.489888123924267, 1068.201303030303, 1087.7181818181818, 14.38027950310559, 1041.043358974359, 14.651552314661366, 17.706746031746032, 12.752645502645503]","[100.0, 100.0, 41.5, 100.0, 100.0, 36.800000000000004, 100.0, 43.1, 45.0, 32.4]"
ga,9,22,11.942608530899294,33.31,28.3,1.7530847213754837,5.2,12.949642857142857,21.72416666666667,8.77452380952381,True,0.0,hospital_corridor,28,12,"[11, 29, 47, 53, 61, 73, 89, 97, 101, 109]","[3.5831606001391045, 4.793548605672196, 0.9176687574614877, 0.5, 1.0]","{""time"": 0.0, ""collisions"": 0.05, ""congestion"": 1.0, ""fairness"": 1.0, ""incomplete_base"": 1000.0, ""incomplete_agent"": 10.0}","[13.020974472263132, 10.123192957964944, 12.334921989273525, 11.85075059349253, 8.690795781399808, 12.145269423558899, 14.779312668463612, 12.213675520459443, 12.410891089108912, 11.85630081300813]","[38.800000000000004, 30.700000000000003, 29.3, 34.1, 29.8, 30.400000000000002, 37.1, 39.800000000000004, 30.3, 32.800000000000004]"
ga,9,23,15.325251476988377,35.03,59.1,1.8479895722264719,5.5,12.68857142857143,23.210833333333333,10.522261904761905,True,0.0,hospital_corridor,28,12,"[11, 29, 47, 53, 61, 73, 89, 97, 101, 109]","[3.9186152721969756, 4.604999863380314, 0.9190398819183202, 0.5, 1.0]","{""time"": 0.0, ""collisions"": 0.05, ""congestion"": 1.0, ""fairness"": 1.0, ""incomplete_base"": 1000.0, ""incomplete_agent"": 10.0}","[22.373616473616472, 17.077930402930402, 11.281246931762396, 21.782017419293766, 12.668701996927805, 12.91595711132135, 16.77693867020492, 12.110351966873708, 13.908051378446117, 12.357702418506836]","[44.400000000000006, 36.4, 29.1, 50.300000000000004, 31.0, 30.200000000000003, 32.300000000000004, 34.5, 30.400000000000002, 31.700000000000003]"
ga,10,0,11.942608530899294,33.31,28.3,1.7530847213754837,5.2,12.949642857142857,21.72416666666667,8.77452380952381,True,0.0,hospital_corridor,28,12,"[11, 29, 47, 53, 61, 73, 89, 97, 101, 109]","[3.5831606001391045, 4.793548605672196, 0.9176687574614877, 0.5, 1.0]","{""time"": 0.0, ""collisions"": 0.05, ""congestion"": 1.0, ""fairness"": 1.0, ""incomplete_base"": 1000.0, ""incomplete_agent"": 10.0}","[13.020974472263132, 10.123192957964944, 12.334921989273525, 11.85075059349253, 8.690795781399808, 12.145269423558899, 14.779312668463612, 12.213675520459443, 12.410891089108912, 11.85630081300813]","[38.800000000000004, 30.700000000000003, 29.3, 34.1, 29.8, 30.400000000000002, 37.1, 39.800000000000004, 30.3, 32.800000000000004]"
ga,10,1,12.320475196041137,32.64,23.1,1.7723799579458976,5.1,12.991071428571427,22.384166666666665,9.393095238095238,True,0.0,hospital_corridor,28,12,"[11, 29, 47, 53, 61, 73, 89, 97, 101, 109]","[3.4082356053101335, 4.830230012545854, 0.9234878066791228, 0.5, 1.0]","{""time"": 0.0, ""collisions"": 0.05, ""congestion"": 1.0, ""fairness"": 1.0, ""incomplete_base"": 1000.0, ""incomplete_agent"": 10.0}","[14.713351042896498, 10.13423566878981, 11.911117836965296, 9.944691119691118, 7.658084163898117, 12.36705017577501, 16.63055964653903, 14.908526383526382, 12.629993065187241, 12.30714285714286]","[36.300000000000004, 31.400000000000002, 29.5, 33.300000000000004, 25.8, 29.8, 38.800000000000004, 37.0, 30.900000000000002, 33.6]"
ga,10,2,12.631294244569645,33.78000000000001,21.5,1.8755799588553597,5.9,13.094285714285714,22.775,9.680714285714286,True,0.0,hospital_corridor,28,12,"[11, 29, 47, 53, 61, 73, 89, 97, 101, 109]","[3.3830970691172983, 4.9165573457328735, 0.9137475613805437, 0.5, 1.0]","{""time"": 0.0, ""collisions"": 0.05, ""congestion"": 1.0, ""fairness"": 1.0, ""incomplete_base"": 1000.0, ""incomplete_agent"": 10.0}","[15.686191640470371, 12.196969696969697, 11.469727891156463, 11.84301242236025, 9.860822510822512, 14.40036075036075, 13.02720797720798, 13.576336621605163, 12.16504329004329, 12.087269644699987]","[40.900000000000006, 33.0, 29.400000000000002, 34.5, 33.0, 29.700000000000003, 35.1, 39.1, 30.8, 32.300000000000004]"
ga,10,3,12.631294244569645,33.78000000000001,21.5,1.8755799588553597,5.9,13.094285714285714,22.775,9.680714285714286,True,0.0,hospital_corridor,28,12,"[11, 29, 47, 53, 61, 73, 89, 97, 101, 109]","[3.3830970691172983, 4.9165573457328735, 0.9137475613805437, 0.5, 1.0]","{""time"": 0.0, ""collisions"": 0.05, ""congestion"": 1.0, ""fairness"": 1.0, ""incomplete_base"": 1000.0, ""incomplete_agent"": 10.0}","[15.686191640470371, 12.196969696969697, 11.469727891156463, 11.84301242236025, 9.860822510822512, 14.40036075036075, 13.02720797720798, 13.576336621605163, 12.16504329004329, 12.087269644699987]","[40.900000000000006, 33.0, 29.400000000000002, 34.5, 33.0, 29.700000000000003, 35.1, 39.1, 30.8, 32.300000000000004]"
ga,10,4,12.665686205132785,34.69,17.3,1.7593766813232583,5.1,13.217857142857145,23.259166666666665,10.041309523809526,True,0.0,hospital_corridor,28,12,"[11, 29, 47, 53, 61, 73, 89, 97, 101, 109]","[2.936296851161386, 4.522304056819917, 0.9090955390834645, 0.5, 1.0]","{""time"": 0.0, ""collisions"": 0.05, ""congestion"": 1.0, ""fairness"": 1.0, ""incomplete_base"": 1000.0, ""incomplete_agent"": 10.0}","[14.623464619492658, 10.502014652014655, 12.65907738095238, 7.901070226070225, 8.033225108225109, 12.57653115908743, 15.599624060150376, 15.171044864226682, 15.11275938587022, 14.478050595238095]","[42.800000000000004, 32.5, 32.0, 29.700000000000003, 26.400000000000002, 31.1, 38.0, 36.300000000000004, 39.7, 38.400000000000006]"
ga,10,5,13.692613562819844,34.2,37.0,1.9351135628198417,5.3,13.002500000000001,22.910000000000004,9.907500000000002,True,0.0,hospital_corridor,28,12,"[11, 29, 47, 53, 61, 73, 89, 97, 101, 109]","[3.4691803848895013, 4.668179885583006, 0.9090825874337036, 0.5, 1.0]","{""time"": 0.0, ""collisions"": 0.05, ""congestion"": 1.0, ""fairness"": 1.0, ""incomplete_base"": 1000.0, ""incomplete_agent"": 10.0}","[15.188584134349794, 13.314012669287898, 11.9981981981982, 12.624769585253457, 10.980145929339479, 12.548873441994248, 15.64326697892272, 16.351562500000004, 15.269254658385092, 13.007467532467533]","[43.1, 32.7, 29.6, 31.0, 31.0, 29.8, 36.6, 38.400000000000006, 36.800000000000004, 33.0]"
ga,10,6,13.590470859440572,35.36,40.2,1.7547565737262854,4.9,13.406785714285713,23.232500000000005,9.825714285714287,True,0.0,hospital_corridor,28,12,"[11, 29, 47, 53, 61, 73, 89, 97, 101, 109]","[3.5324973203766303, 4.583273003700546, 0.9224274180071588, 0.5, 1.0]","{""time"": 0.0, ""collisions"": 0.05, ""congestion"": 1.0, ""fairness"": 1.0, ""incomplete_base"": 1000.0, ""incomplete_agent"": 10.0}","[23.73329320492242, 11.4144098743792, 11.924149659863945, 12.202197802197805, 8.291140642303432, 11.90513784461153, 15.296355685131196, 12.855673984515857, 14.846273291925465, 13.436076604554867]","[44.5, 32.6, 29.400000000000002, 31.200000000000003, 25.8, 30.400000000000002, 34.300000000000004, 44.900000000000006, 39.1, 41.400000000000006]"
ga,10,7,13.281565619389978,34.72,32.5,1.8700180003423585,5.4,13.186785714285714,22.973333333333336,9.786547619047619,True,0.0,hospital_corridor,28,12,"[11, 29, 47, 53, 61, 73, 89, 97, 101, 109]","[3.532065778292474, 4.85941342635972, 0.9185908848219211, 0.5, 1.0]","{""time"": 0.0, ""collisions"": 0.05, ""congestion"": 1.0, ""fairness"": 1.0, ""incomplete_base"": 1000.0, ""incomplete_agent"": 10.0}","[22.64166666666667, 14.072157816005983, 12.132653061224492, 9.476360544217686, 7.752740863787374, 12.464564336372849, 16.750476190476192, 11.3987012987013, 14.133588163699983, 11.992747252747254]","[52.5, 38.2, 29.400000000000002, 29.400000000000002, 25.8, 32.9, 40.0, 35.2, 31.3, 32.5]"
ga,10,8,18.386211979276172,35.489999999999995,138.4,1.7238310268952177,5.4,12.879285714285714,22.62166666666667,9.742380952380953,True,0.0,hospital_corridor,28,12,"[11, 29, 47, 53, 61, 73, 89, 97, 101, 109]","[2.9766582795861867, 4.616004192985876, 0.8196470659312991, 0.5, 1.0]","{""time"": 0.0, ""collisions"": 0.05, ""congestion"": 1.0, ""fairness"": 1.0, ""incomplete_base"": 1000.0, ""incomplete_agent"": 10.0}","[39.1794608959757, 13.751308382778031, 13.498672911787668, 18.128174603174603, 9.695553221288513, 16.926604554865424, 17.992303433001112, 18.7813043903393, 21.754909560723515, 14.15382783882784]","[43.900000000000006, 31.3, 30.5, 37.800000000000004, 27.200000000000003, 29.900000000000002, 34.4, 48.7, 38.7, 32.5]"
ga,10,9,13.108285821985111,35.519999999999996,22.4,1.8674524886517783,5.4,13.7775,23.898333333333333,10.120833333333334,True,0.0,hospital_corridor,28,12,"[11, 29, 47, 53, 61, 73, 89, 97, 101, 109]","[2.9964077294548264, 4.760839780151027, 0.9134798916705613, 0.5, 1.0]","{""time"": 0.0, ""collisions"": 0.05, ""congestion"": 1.0, ""fairness"": 1.0, ""incomplete_base"": 1000.0, ""incomplete_agent"": 10.0}","[18.11820728291316, 11.906746031746032, 12.162703435804701, 10.005844155844155, 7.6027185501066095, 12.232683982683984, 16.377842377260983, 13.888085399449036, 14.43522686990429, 14.352800134138164]","[47.6, 32.4, 31.6, 33.0, 26.8, 33.0, 38.7, 36.300000000000004, 40.300000000000004, 35.5]"
ga,10,10,12.812195390152995,36.290000000000006,24.4,1.6610049139625187,5.0,13.65964285714286,23.590833333333336,9.931190476190476,True,0.0,hospital_corridor,28,12,"[11, 29, 47, 53, 61, 73, 89, 97, 101, 109]","[3.251472747583667, 4.663564197893553, 0.9132875439809145, 0.5, 1.0]","{""time"": 0.0, ""collisions"": 0.05, ""congestion"": 1.0, ""fairness"": 1.0, ""incomplete_base"": 1000.0, ""incomplete_agent"": 10.0}","[15.744622331691298, 11.595787545787548, 11.490212527964207, 9.392142857142856, 10.782599478147427, 16.125954348681624, 14.948882073605064, 12.175362318840584, 13.376628514907447, 12.489761904761906]","[43.5, 31.200000000000003, 29.8, 35.0, 36.5, 36.300000000000004, 36.1, 48.300000000000004, 33.7, 32.5]"
ga,10,11,12.584914820065258,33.68,24.7,1.8299148200652553,5.8,13.060000000000002,22.580000000000002,9.520000000000003,True,0.0,hospital_corridor,28,12,"[11, 29, 47, 53, 61, 73, 89, 97, 101, 109]","[3.304918292700475, 4.865205630848638, 0.9136613411474751, 0.5, 1.0]","{""time"": 0.0, ""collisions"": 0.05, ""congestion"": 1.0, ""fairness"": 1.0, ""incomplete_base"": 1000.0, ""incomplete_agent"": 10.0}","[15.337974172719939, 12.515934906072523, 11.581802721088435, 10.295344177274872, 9.276379690949229, 13.372603536528619, 14.06685463659148, 12.869580668088135, 13.864772727272728, 12.667900964066607]","[41.300000000000004, 32.7, 29.400000000000002, 30.3, 30.200000000000003, 30.700000000000003, 34.2, 40.2, 35.2, 32.6]"
ga,10,12,1101.9221733640118,100.0,14.5,0.43439999999999995,4.3,13.418881397892974,23.18165476190476,9.762773364011789,False,9.1,hospital_corridor,28,12,"[11, 29, 47, 53, 61, 73, 89, 97, 101, 109]","[3.602457791284278, 5.0, 1.1292239388858556, 0.5, 1.0]","{""time"": 0.0, ""collisions"": 0.05, ""congestion"": 1.0, ""fairness"": 1.0, ""incomplete_base"": 1000.0, ""incomplete_agent"": 10.0}","[1106.4460909090908, 1161.3947647058824, 1079.837347826087, 1119.1466842105262, 1136.5026315789473, 1088.3298571428572, 1073.1275, 1087.8665185185184, 1050.6223076923077, 1115.9480310559006]","[100.0, 100.0, 100.0, 100.0, 100.0, 100.0, 100.0, 100.0, 100.0, 100.0]"
ga,10,13,12.188520178359934,32.00000000000001,30.1,1.8432820831218364,5.4,12.72392857142857,21.56416666666667,8.840238095238096,True,0.0,hospital_corridor,28,12,"[11, 29, 47, 53, 61, 73, 89, 97, 101, 109]","[3.711112422917718, 4.793615341544442, 0.9175051555255448, 0.5, 1.0]","{""time"": 0.0, ""collisions"": 0.05, ""congestion"": 1.0, ""fairness"": 1.0, ""incomplete_base"": 1000.0, ""incomplete_agent"": 10.0}","[14.238095238095237, 9.084950364510625, 11.69416177429876, 10.913095238095238, 9.511355311355311, 12.032863733728787, 14.197378832838773, 13.00108406491088, 14.014957567185292, 13.197259658580414]","[37.0, 30.700000000000003, 29.200000000000003, 30.0, 27.3, 28.900000000000002, 33.7, 35.800000000000004, 30.3, 37.1]"
ga,10,14,1030.1222796198736,66.22,20.1,1.269978189420005,4.7,13.950198569546396,24.797500000000003,10.847301430453605,False,1.7,hospital_corridor,28,12,"[11, 29, 47, 53, 61, 73, 89, 97, 101, 109]","[3.5891615316084025, 4.827260271079145, 1.0104718736414904, 0.5, 1.0]","{""time"": 0.0, ""collisions"": 0.05, ""congestion"": 1.0, ""fairness"": 1.0, ""incomplete_base"": 1000.0, ""incomplete_agent"": 10.0}","[15.346886446886446, 1071.3107575757576, 11.33, 1052.128, 1058.5889710144927, 14.344467787114848, 1034.7146666666667, 14.785303776683087, 13.763364779874212, 14.910378151260506]","[54.6, 100.0, 35.0, 100.0, 100.0, 40.800000000000004, 100.0, 52.2, 37.1, 42.5]"
ga,10,15,1033.5547617090037,62.46,18.4,1.1867189184608784,5.0,13.658472360972363,25.10651515151515,11.448042790542791,False,2.0,hospital_corridor,28,12,"[11, 29, 47, 53, 61, 73, 89, 97, 101, 109]","[3.3597567568448357, 4.567073029671237, 1.0113880921122553, 0.5, 1.0]","{""time"": 0.0, ""collisions"": 0.05, ""congestion"": 1.0, ""fairness"": 1.0, ""incomplete_base"": 1000.0, ""incomplete_agent"": 10.0}","[1030.131717948718, 1078.4966060606062, 13.763961679346293, 1049.3166666666666, 1087.3312467532467, 15.518663159314718, 17.173148148148147, 15.587773722627738, 13.557594856124268, 14.670238095238098]","[100.0, 100.0, 33.800000000000004, 100.0, 100.0, 35.300000000000004, 37.800000000000004, 41.1, 37.4, 39.2]"
ga,10,16,15.059820109950165,38.239999999999995,48.5,1.685177252807307,5.3,14.027857142857144,24.9775,10.949642857142857,True,0.0,hospital_corridor,28,12,"[11, 29, 47, 53, 61, 73, 89, 97, 101, 109]","[3.1316851130304917, 4.625403029632596, 0.9130384178987431, 0.5, 1.0]","{""time"": 0.0, ""collisions"": 0.05, ""congestion"": 1.0, ""fairness"": 1.0, ""incomplete_base"": 1000.0, ""incomplete_agent"": 10.0}","[29.726400560224093, 18.65896697388633, 11.768087557603689, 8.731050564555723, 8.408620689655173, 16.277990708478516, 14.882116977225671, 14.009364454443196, 12.032475392391593, 16.10312722103767]","[62.900000000000006, 49.6, 31.0, 29.1, 26.1, 32.800000000000004, 36.800000000000004, 38.1, 35.800000000000004, 40.2]"
ga,10,17,12.463365337681024,35.32,20.8,1.7794367662524535,5.5,13.656071428571432,23.3,9.643928571428571,True,0.0,hospital_corridor,28,12,"[11, 29, 47, 53, 61, 73, 89, 97, 101, 109]","[2.8801953720877838, 4.837768276691326, 0.9064926205599008, 0.5, 1.0]","{""time"": 0.0, ""collisions"": 0.05, ""congestion"": 1.0, ""fairness"": 1.0, ""incomplete_base"": 1000.0, ""incomplete_agent"": 10.0}","[13.80252380952381, 9.140029761904763, 12.495150452819164, 8.692288680177954, 7.839045808437444, 12.669117647058822, 15.80829583802025, 15.14369488536155, 15.835173160173163, 13.208333333333334]","[50.0, 32.0, 32.6, 28.900000000000002, 26.3, 34.0, 38.1, 40.5, 36.300000000000004, 34.5]"
ga,10,18,12.39468576551905,33.82,24.1,1.889090527423813,5.6,13.21357142857143,22.514166666666668,9.300595238095237,True,0.0,hospital_corridor,28,12,"[11, 29, 47, 53, 61, 73, 89, 97, 101, 109]","[3.3577964649226937, 4.6978053020987165, 0.9169599721525212, 0.5, 1.0]","{""time"": 0.0, ""collisions"": 0.05, ""congestion"": 1.0, ""fairness"": 1.0, ""incomplete_base"": 1000.0, ""incomplete_agent"": 10.0}","[12.953714285714284, 11.016397969846244, 12.090637065637067, 11.462058371735791, 7.93471685971686, 12.557816257816256, 18.179140426472213, 12.185632885632888, 13.639051714051714, 11.92769181856719]","[37.5, 31.900000000000002, 29.6, 31.0, 25.900000000000002, 29.700000000000003, 43.1, 35.1, 40.7, 33.7]"
ga,10,19,13.456569582558393,36.42,37.4,1.6120457730345792,5.1,13.387142857142857,23.36166666666667,9.974523809523813,True,0.0,hospital_corridor,28,12,"[11, 29, 47, 53, 61, 73, 89, 97, 101, 109]","[3.499487127557749, 4.683591528110963, 0.914452683664116, 0.5, 1.0]","{""time"": 0.0, ""collisions"": 0.05, ""congestion"": 1.0, ""fairness"": 1.0, ""incomplete_base"": 1000.0, ""incomplete_agent"": 10.0}","[15.18126124505218, 14.551178481468156, 12.190729089563288, 11.983833565999692, 11.754878479581745, 12.951794871794874, 14.892237442922376, 15.967218350754935, 12.964425770308123, 12.128138528138528]","[39.7, 39.7, 38.6, 30.700000000000003, 33.7, 32.5, 36.5, 49.2, 30.6, 33.0]"
ga,10,20,14.824031978273911,37.260000000000005,38.9,1.7589129306548652,5.3,13.323214285714286,24.443333333333335,11.120119047619047,True,0.0,hospital_corridor,28,12,"[11, 29, 47, 53, 61, 73, 89, 97, 101, 109]","[3.4546589747852625, 4.935972100715277, 0.8951062495104984, 0.5, 1.0]","{""time"": 0.0, ""collisions"": 0.05, ""congestion"": 1.0, ""fairness"": 1.0, ""incomplete_base"": 1000.0, ""incomplete_agent"": 10.0}","[14.887785388127856, 12.823080223080224, 11.941326530612244, 29.865476190476198, 7.54347581552306, 12.37192700609656, 16.842495689083435, 15.236229086229084, 15.096114471847372, 11.632409381663114]","[43.800000000000004, 33.300000000000004, 29.400000000000002, 74.7, 25.400000000000002, 28.900000000000002, 35.9, 37.0, 30.700000000000003, 33.5]"
ga,10,21,13.710596079702677,35.580000000000005,29.9,1.778810365416962,5.1,13.143214285714285,23.58,10.436785714285715,True,0.0,hospital_corridor,28,12,"[11, 29, 47, 53, 61, 73, 89, 97, 101, 109]","[3.39632269950884, 4.846756465312431, 0.9034482262392897, 0.5, 1.0]","{""time"": 0.0, ""collisions"": 0.05, ""congestion"": 1.0, ""fairness"": 1.0, ""incomplete_base"": 1000.0, ""incomplete_agent"": 10.0}","[20.1575117370892, 15.084108602569094, 12.285177335028969, 13.997108843537417, 7.596854064819843, 12.24517916077322, 16.934759487551368, 12.363939522396496, 13.891027154663519, 12.55029488859764]","[42.6, 36.7, 33.7, 44.1, 26.3, 30.3, 39.400000000000006, 33.7, 36.300000000000004, 32.7]"
ga,10,22,13.297716893679436,34.28,38.4,1.8470026079651511,5.4,13.094285714285714,22.625000000000004,9.530714285714286,True,0.0,hospital_corridor,28,12,"[11, 29, 47, 53, 61, 73, 89, 97, 101, 109]","[3.5924571629749242, 4.76013293515728, 0.9175315513544725, 0.5, 1.0]","{""time"": 0.0, ""collisions"": 0.05, ""congestion"": 1.0, ""fairness"": 1.0, ""incomplete_base"": 1000.0, ""incomplete_agent"": 10.0}","[17.900707850707853, 11.944197769197771, 13.952201565557733, 11.08148988692467, 9.224319727891157, 12.630701754385967, 16.23549783549784, 12.344139194139192, 16.124378881987578, 11.539534470504618]","[44.400000000000006, 33.300000000000004, 29.200000000000003, 29.900000000000002, 29.400000000000002, 30.400000000000002, 41.800000000000004, 36.4, 34.5, 33.5]"
ga,10,23,12.844431462332539,35.45,21.5,1.7444314623325379,5.3,12.895000000000001,22.92,10.025,True,0.0,hospital_corridor,28,12,"[11, 29, 47, 53, 61, 73, 89, 97, 101, 109]","[3.647030930523151, 5.0, 0.9176677022569724, 0.5, 1.0]","{""time"": 0.0, ""collisions"": 0.05, ""congestion"": 1.0, ""fairness"": 1.0, ""incomplete_base"": 1000.0, ""incomplete_agent"": 10.0}","[12.484154669619786, 10.382142857142856, 12.055948317893712, 12.06093073593074, 11.536723163841806, 12.239122315592903, 15.35983709273183, 12.190540540540542, 18.131581596697878, 12.003333333333334]","[38.7, 32.0, 29.3, 33.0, 35.4, 30.6, 39.900000000000006, 33.300000000000004, 47.300000000000004, 35.0]"
ga,11,0,11.942608530899294,33.31,28.3,1.7530847213754837,5.2,12.949642857142857,21.72416666666667,8.77452380952381,True,0.0,hospital_corridor,28,12,"[11, 29, 47, 53, 61, 73, 89, 97, 101, 109]","[3.5831606001391045, 4.793548605672196, 0.9176687574614877, 0.5, 1.0]","{""time"": 0.0, ""collisions"": 0.05, ""congestion"": 1.0, ""fairness"": 1.0, ""incomplete_base"": 1000.0, ""incomplete_agent"": 10.0}","[13.020974472263132, 10.123192957964944, 12.334921989273525, 11.85075059349253, 8.690795781399808, 12.145269423558899, 14.779312668463612, 12.213675520459443, 12.410891089108912, 11.85630081300813]","[38.800000000000004, 30.700000000000003, 29.3, 34.1, 29.8, 30.400000000000002, 37.1, 39.800000000000004, 30.3, 32.800000000000004]"
ga,11,1,12.188520178359934,32.00000000000001,30.1,1.8432820831218364,5.4,12.72392857142857,21.56416666666667,8.840238095238096,True,0.0,hospital_corridor,28,12,"[11, 29, 47, 53, 61, 73, 89, 97, 101, 109]","[3.711112422917718, 4.793615341544442, 0.9175051555255448, 0.5, 1.0]","{""time"": 0.0, ""collisions"": 0.05, ""congestion"": 1.0, ""fairness"": 1.0, ""incomplete_base"": 1000.0, ""incomplete_agent"": 10.0}","[14.238095238095237, 9.084950364510625, 11.69416177429876, 10.913095238095238, 9.511355311355311, 12.032863733728787, 14.197378832838773, 13.00108406491088, 14.014957567185292, 13.197259658580414]","[37.0, 30.700000000000003, 29.200000000000003, 30.0, 27.3, 28.900000000000002, 33.7, 35.800000000000004, 30.3, 37.1]"
ga,11,2,12.754669068967019,34.78,27.0,1.808835735633688,5.2,13.255,22.850833333333334,9.595833333333331,True,0.0,hospital_corridor,28,12,"[11, 29, 47, 53, 61, 73, 89, 97, 101, 109]","[3.408967762136168, 4.813654288985662, 0.9175739456701172, 0.5, 1.0]","{""time"": 0.0, ""collisions"": 0.05, ""congestion"": 1.0, ""fairness"": 1.0, ""incomplete_base"": 1000.0, ""incomplete_agent"": 10.0}","[18.663738738738736, 9.972177848775292, 11.20762711864407, 12.111505273250241, 11.332397169394072, 12.686068641503427, 14.02401625320787, 11.829002026342453, 13.76490210297317, 11.955255516840882]","[51.800000000000004, 31.3, 29.5, 29.8, 32.300000000000004, 29.900000000000002, 33.4, 37.6, 39.400000000000006, 32.800000000000004]"
ga,11,3,14.096144923152636,35.60000000000001,35.7,1.7844782564859691,5.3,13.2375,23.764166666666664,10.526666666666667,True,0.0,hospital_corridor,28,12,"[11, 29, 47, 53, 61, 73, 89, 97, 101, 109]","[3.480894481079, 4.74014266341487, 0.9179769113043251, 0.5, 1.0]","{""time"": 0.0, ""collisions"": 0.05, ""congestion"": 1.0, ""fairness"": 1.0, ""incomplete_base"": 1000.0, ""incomplete_agent"": 10.0}","[20.12550613059595, 9.48890537045489, 12.407993197278913, 13.659740259740259, 11.817226890756302, 12.275170068027212, 15.32643383320179, 13.263534963534964, 20.21704310182571, 12.379895416110372]","[50.1, 31.3, 29.400000000000002, 33.0, 30.6, 29.400000000000002, 36.2, 33.300000000000004, 50.6, 32.1]"
ga,11,4,148.28694010493268,30.540000000000003,2744.8,1.9894401049326753,5.8,11.4425,20.500000000000004,9.0575,True,0.0,hospital_corridor,28,12,"[11, 29, 47, 53, 61, 73, 89, 97, 101, 109]","[3.4082356053101335, 4.830230012545854, 0.6075647749211407, 0.5, 1.0]","{""time"": 0.0, ""collisions"": 0.05, ""congestion"": 1.0, ""fairness"": 1.0, ""incomplete_base"": 1000.0, ""incomplete_agent"": 10.0}","[171.6340293040293, 167.6974358974359, 129.21663763066204, 143.93378324573976, 131.43938739196747, 114.82896103896104, 168.81155202821873, 182.14037558685447, 129.63777056277056, 143.52946836268757]","[32.5, 28.6, 28.700000000000003, 29.900000000000002, 28.1, 27.5, 32.4, 35.5, 33.0, 29.200000000000003]"
ga,11,5,13.108285821985111,35.519999999999996,22.4,1.8674524886517783,5.4,13.7775,23.898333333333333,10.120833333333334,True,0.0,hospital_corridor,28,12,"[11, 29, 47, 53, 61, 73, 89, 97, 101, 109]","[2.9964077294548264, 4.760839780151027, 0.9134798916705613, 0.5, 1.0]","{""time"": 0.0, ""collisions"": 0.05, ""congestion"": 1.0, ""fairness"": 1.0, ""incomplete_base"": 1000.0, ""incomplete_agent"": 10.0}","[18.11820728291316, 11.906746031746032, 12.162703435804701, 10.005844155844155, 7.6027185501066095, 12.232683982683984, 16.377842377260983, 13.888085399449036, 14.43522686990429, 14.352800134138164]","[47.6, 32.4, 31.6, 33.0, 26.8, 33.0, 38.7, 36.300000000000004, 40.300000000000004, 35.5]"
ga,11,6,15.589374357998834,35.64999999999999,71.7,1.7536600722845468,5.2,13.379285714285714,23.630000000000003,10.250714285714286,True,0.0,hospital_corridor,28,12,"[11, 29, 47, 53, 61, 73, 89, 97, 101, 109]","[3.066474366646714, 4.560712059798236, 0.8538407144602462, 0.5, 1.0]","{""time"": 0.0, ""collisions"": 0.05, ""congestion"": 1.0, ""fairness"": 1.0, ""incomplete_base"": 1000.0, ""incomplete_agent"": 10.0}","[23.163885595732072, 20.32324561403509, 14.066647150663545, 18.334003486978315, 8.085825027685495, 13.384964122635356, 15.489337474120083, 13.583473389355742, 15.901440703670005, 13.560921015112633]","[48.2, 41.800000000000004, 30.5, 43.7, 25.8, 29.200000000000003, 36.800000000000004, 35.7, 31.400000000000002, 33.4]"
ga,11,7,14.699333724023312,32.760000000000005,70.2,1.8285003906899786,5.4,12.575000000000001,21.935833333333335,9.360833333333334,True,0.0,hospital_corridor,28,12,"[11, 29, 47, 53, 61, 73, 89, 97, 101, 109]","[3.4023198048913024, 3.866529245085348, 0.9109488367951005, 0.5, 1.0]","{""time"": 0.0, ""collisions"": 0.05, ""congestion"": 1.0, ""fairness"": 1.0, ""incomplete_base"": 1000.0, ""incomplete_agent"": 10.0}","[22.266513056835635, 18.4210396039604, 11.925080710250201, 16.043634009495037, 8.753721948549536, 13.129107752315942, 14.541350123864575, 14.668834296724471, 14.232306255835667, 13.01174948240166]","[37.2, 40.400000000000006, 29.5, 33.1, 26.1, 29.3, 34.6, 34.6, 30.6, 32.2]"
ga,11,8,13.093341242540738,36.86,29.5,1.853698385397881,5.7,14.397857142857145,24.1625,9.764642857142857,True,0.0,hospital_corridor,28,12,"[11, 29, 47, 53, 61, 73, 89, 97, 101, 109]","[2.9987928923298495, 4.744885843328837, 0.9094790712030926, 0.5, 1.0]","{""time"": 0.0, ""collisions"": 0.05, ""congestion"": 1.0, ""fairness"": 1.0, ""incomplete_base"": 1000.0, ""incomplete_agent"": 10.0}","[16.057936507936507, 11.614634306761376, 14.114477726574501, 10.382832080200501, 7.708834586466165, 13.046958501268847, 15.318290043290046, 13.803325969563083, 15.913528138528136, 12.972594564818216]","[50.400000000000006, 36.2, 31.0, 30.400000000000002, 28.5, 31.900000000000002, 38.5, 38.800000000000004, 44.0, 38.900000000000006]"
ga,11,9,13.876974198404785,36.13,29.2,1.6964980079285925,5.4,13.235357142857143,23.95583333333333,10.720476190476193,True,0.0,hospital_corridor,28,12,"[11, 29, 47, 53, 61, 73, 89, 97, 101, 109]","[3.2424222515320116, 4.642623844339718, 0.913277809027847, 0.5, 1.0]","{""time"": 0.0, ""collisions"": 0.05, ""congestion"": 1.0, ""fairness"": 1.0, ""incomplete_base"": 1000.0, ""incomplete_agent"": 10.0}","[23.66988971531162, 13.973131014063656, 11.306439757110898, 10.009466926702421, 13.44622641509434, 13.05880075956763, 15.084945366248483, 12.293791107603266, 13.474366018596788, 12.452684903748732]","[55.7, 38.6, 29.8, 29.3, 37.1, 32.6, 35.300000000000004, 36.2, 33.800000000000004, 32.9]"
ga,11,10,23.28432923734308,33.730000000000004,231.1,1.8339720944859366,5.6,12.707142857142859,22.602500000000003,9.895357142857142,True,0.0,hospital_corridor,28,12,"[11, 29, 47, 53, 61, 73, 89, 97, 101, 109]","[3.304918292700475, 4.865205630848638, 0.8063653261765829, 0.5, 1.0]","{""time"": 0.0, ""collisions"": 0.05, ""congestion"": 1.0, ""fairness"": 1.0, ""incomplete_base"": 1000.0, ""incomplete_agent"": 10.0}","[49.08301302583814, 24.010935769656697, 13.220408163265306, 35.45871174455861, 12.19566425792107, 16.855399061032863, 19.790138592750537, 21.1177526496492, 24.66518615944962, 16.446082949308757]","[44.6, 34.4, 29.400000000000002, 43.1, 25.700000000000003, 28.400000000000002, 33.5, 31.900000000000002, 35.300000000000004, 31.0]"
ga,11,11,13.456569582558393,36.42,37.4,1.6120457730345792,5.1,13.387142857142857,23.36166666666667,9.974523809523813,True,0.0,hospital_corridor,28,12,"[11, 29, 47, 53, 61, 73, 89, 97, 101, 109]","[3.499487127557749, 4.683591528110963, 0.914452683664116, 0.5, 1.0]","{""time"": 0.0, ""collisions"": 0.05, ""congestion"": 1.0, ""fairness"": 1.0, ""incomplete_base"": 1000.0, ""incomplete_agent"": 10.0}","[15.18126124505218, 14.551178481468156, 12.190729089563288, 11.983833565999692, 11.754878479581745, 12.951794871794874, 14.892237442922376, 15.967218350754935, 12.964425770308123, 12.128138528138528]","[39.7, 39.7, 38.6, 30.700000000000003, 33.7, 32.5, 36.5, 49.2, 30.6, 33.0]"
ga,11,12,13.681908690188266,33.93,31.4,1.8535753568549307,5.1,13.115,23.373333333333335,10.258333333333335,True,0.0,hospital_corridor,28,12,"[11, 29, 47, 53, 61, 73, 89, 97, 101, 109]","[3.5345186902057852, 4.919149710991758, 0.9145816543784413, 0.5, 1.0]","{""time"": 0.0, ""collisions"": 0.05, ""congestion"": 1.0, ""fairness"": 1.0, ""incomplete_base"": 1000.0, ""incomplete_agent"": 10.0}","[22.06462375073486, 15.418808777429469, 11.90090799031477, 12.692569002123143, 8.09110563765736, 12.451455026455028, 14.991947707464949, 15.4474292615597, 11.712124060150376, 12.04811568799299]","[48.6, 31.900000000000002, 29.5, 31.400000000000002, 26.1, 29.700000000000003, 37.7, 41.400000000000006, 30.400000000000002, 32.6]"
ga,11,13,16.750621421832285,34.39,107.0,1.7909785646894256,5.3,12.820357142857144,22.430000000000003,9.609642857142857,True,0.0,hospital_corridor,28,12,"[11, 29, 47, 53, 61, 73, 89, 97, 101, 109]","[3.581692625206867, 4.039014800414268, 0.9121686353122347, 0.5, 1.0]","{""time"": 0.0, ""collisions"": 0.05, ""congestion"": 1.0, ""fairness"": 1.0, ""incomplete_base"": 1000.0, ""incomplete_agent"": 10.0}","[40.602380952380955, 15.487062106638165, 12.625227531285553, 18.92903740584706, 10.215193704600486, 13.333771929824561, 14.814285714285717, 14.659559491371482, 13.926892147587512, 12.91280323450135]","[46.900000000000006, 40.1, 29.3, 37.300000000000004, 29.5, 28.5, 33.6, 36.7, 30.200000000000003, 31.8]"
ga,11,14,1104.081771195974,100.0,9.0,0.4659,3.9,14.119062786710009,24.28493398268398,10.165871195973978,False,9.3,hospital_corridor,28,12,"[11, 29, 47, 53, 61, 73, 89, 97, 101, 109]","[3.5817936448832937, 5.0, 1.1764879993594537, 0.5, 1.0]","{""time"": 0.0, ""collisions"": 0.05, ""congestion"": 1.0, ""fairness"": 1.0, ""incomplete_base"": 1000.0, ""incomplete_agent"": 10.0}","[1078.9229090909091, 1161.0930588235294, 1080.8045652173912, 1088.1486493506493, 1148.041157894737, 1113.4569875776397, 1086.0505, 1072.6057301587302, 1060.4794871794873, 1151.2146666666667]","[100.0, 100.0, 100.0, 100.0, 100.0, 100.0, 100.0, 100.0, 100.0, 100.0]"
ga,11,15,19.160643698612695,34.93,156.1,1.8908817938507902,6.1,13.35607142857143,22.820833333333333,9.464761904761906,True,0.0,hospital_corridor,28,12,"[11, 29, 47, 53, 61, 73, 89, 97, 101, 109]","[3.4871152429571186, 4.798188300730746, 0.8354135050741404, 0.5, 1.0]","{""time"": 0.0, ""collisions"": 0.05, ""congestion"": 1.0, ""fairness"": 1.0, ""incomplete_base"": 1000.0, ""incomplete_agent"": 10.0}","[26.281859131859132, 21.92055680539933, 14.519897959183675, 23.212776991984914, 9.143992032610711, 14.855615147082725, 24.622360031878863, 18.09830383480826, 24.89522737022737, 14.05584768109198]","[40.7, 38.1, 29.400000000000002, 40.400000000000006, 25.700000000000003, 29.3, 47.800000000000004, 33.9, 33.300000000000004, 30.700000000000003]"
ga,11,16,12.665686205132785,34.69,17.3,1.7593766813232583,5.1,13.217857142857145,23.259166666666665,10.041309523809526,True,0.0,hospital_corridor,28,12,"[11, 29, 47, 53, 61, 73, 89, 97, 101, 109]","[2.936296851161386, 4.522304056819917, 0.9090955390834645, 0.5, 1.0]","{""time"": 0.0, ""collisions"": 0.05, ""congestion"": 1.0, ""fairness"": 1.0, ""incomplete_base"": 1000.0, ""incomplete_agent"": 10.0}","[14.623464619492658, 10.502014652014655, 12.65907738095238, 7.901070226070225, 8.033225108225109, 12.57653115908743, 15.599624060150376, 15.171044864226682, 15.11275938587022, 14.478050595238095]","[42.800000000000004, 32.5, 32.0, 29.700000000000003, 26.400000000000002, 31.1, 38.0, 36.300000000000004, 39.7, 38.400000000000006]"
ga,11,17,13.308714717378399,31.79,47.8,1.8209766221403019,5.2,12.453928571428573,21.551666666666666,9.097738095238096,True,0.0,hospital_corridor,28,12,"[11, 29, 47, 53, 61, 73, 89, 97, 101, 109]","[3.7139070243577477, 4.516023887625167, 0.9090955390834645, 0.5, 1.0]","{""time"": 0.0, ""collisions"": 0.05, ""congestion"": 1.0, ""fairness"": 1.0, ""incomplete_base"": 1000.0, ""incomplete_agent"": 10.0}","[16.93385775532078, 15.322921949845027, 12.400545037292027, 13.393790218790219, 9.788578500707215, 12.893809523809523, 14.89169884169884, 12.338284632034632, 12.997619047619047, 12.126041666666666]","[31.1, 33.800000000000004, 33.2, 29.6, 30.3, 30.0, 33.300000000000004, 35.2, 29.400000000000002, 32.0]"
ga,11,18,12.188520178359934,32.00000000000001,30.1,1.8432820831218364,5.4,12.72392857142857,21.56416666666667,8.840238095238096,True,0.0,hospital_corridor,28,12,"[11, 29, 47, 53, 61, 73, 89, 97, 101, 109]","[3.711112422917718, 4.793615341544442, 0.9175051555255448, 0.5, 1.0]","{""time"": 0.0, ""collisions"": 0.05, ""congestion"": 1.0, ""fairness"": 1.0, ""incomplete_base"": 1000.0, ""incomplete_agent"": 10.0}","[14.238095238095237, 9.084950364510625, 11.69416177429876, 10.913095238095238, 9.511355311355311, 12.032863733728787, 14.197378832838773, 13.00108406491088, 14.014957567185292, 13.197259658580414]","[37.0, 30.700000000000003, 29.200000000000003, 30.0, 27.3, 28.900000000000002, 33.7, 35.800000000000004, 30.3, 37.1]"
ga,11,19,12.188520178359934,32.00000000000001,30.1,1.8432820831218364,5.4,12.72392857142857,21.56416666666667,8.840238095238096,True,0.0,hospital_corridor,28,12,"[11, 29, 47, 53, 61, 73, 89, 97, 101, 109]","[3.711112422917718, 4.793615341544442, 0.9175051555255448, 0.5, 1.0]","{""time"": 0.0, ""collisions"": 0.05, ""congestion"": 1.0, ""fairness"": 1.0, ""incomplete_base"": 1000.0, ""incomplete_agent"": 10.0}","[14.238095238095237, 9.084950364510625, 11.69416177429876, 10.913095238095238, 9.511355311355311, 12.032863733728787, 14.197378832838773, 13.00108406491088, 14.014957567185292, 13.197259658580414]","[37.0, 30.700000000000003, 29.200000000000003, 30.0, 27.3, 28.900000000000002, 33.7, 35.800000000000004, 30.3, 37.1]"
ga,11,20,12.722297924129084,33.84000000000001,27.2,1.9393217336528927,6.1,13.40285714285714,22.825833333333332,9.422976190476192,True,0.0,hospital_corridor,28,12,"[11, 29, 47, 53, 61, 73, 89, 97, 101, 109]","[3.3476534102829234, 4.860905737401326, 0.916087120857393, 0.5, 1.0]","{""time"": 0.0, ""collisions"": 0.05, ""congestion"": 1.0, ""fairness"": 1.0, ""incomplete_base"": 1000.0, ""incomplete_agent"": 10.0}","[12.67218614718615, 14.796758386732003, 11.69308236808237, 13.415069686411151, 8.841754554170663, 12.111962552011097, 15.591036414565831, 12.239495798319329, 13.81012880562061, 12.051504528191643]","[38.5, 37.9, 29.6, 32.800000000000004, 29.8, 30.900000000000002, 34.0, 35.7, 36.6, 32.6]"
ga,11,21,12.851799519365773,33.75000000000001,31.3,1.6829899955562495,5.2,12.872857142857146,22.47666666666667,9.603809523809524,True,0.0,hospital_corridor,28,12,"[11, 29, 47, 53, 61, 73, 89, 97, 101, 109]","[3.3150613473402455, 4.702105195546029, 0.9145341924426034, 0.5, 1.0]","{""time"": 0.0, ""collisions"": 0.05, ""congestion"": 1.0, ""fairness"": 1.0, ""incomplete_base"": 1000.0, ""incomplete_agent"": 10.0}","[18.298048399687744, 9.489843279083788, 11.814445509747525, 11.02137964774951, 11.121029390984882, 13.82857142857143, 14.994616157808768, 11.868581246931761, 13.12253866176696, 12.958941471325373]","[42.7, 31.6, 29.8, 29.200000000000003, 33.7, 30.400000000000002, 37.9, 38.800000000000004, 31.1, 32.300000000000004]"
ga,11,22,12.326475755173163,32.42,33.5,1.7908805170779263,5.6,12.63607142857143,21.496666666666666,8.860595238095238,True,0.0,hospital_corridor,28,12,"[11, 29, 47, 53, 61, 73, 89, 97, 101, 109]","[3.9380825047589347, 4.798406170700941, 0.9226400128758399, 0.5, 1.0]","{""time"": 0.0, ""collisions"": 0.05, ""congestion"": 1.0, ""fairness"": 1.0, ""incomplete_base"": 1000.0, ""incomplete_agent"": 10.0}","[15.69494127409677, 11.12608225108225, 10.51168384879725, 11.910989521156655, 9.094128880221032, 12.461189634864546, 14.25965931087882, 13.170287404902789, 12.897303362239464, 12.138492063492063]","[37.300000000000004, 30.8, 29.1, 35.9, 29.3, 28.3, 36.9, 33.800000000000004, 31.3, 31.5]"
ga,11,23,13.456031190387371,36.08,17.2,1.6641264284826058,5.1,13.198928571428572,24.130833333333335,10.931904761904764,True,0.0,hospital_corridor,28,12,"[11, 29, 47, 53, 61, 73, 89, 97, 101, 109]","[3.2533698245757083, 5.0, 0.9183529493288276, 0.5, 1.0]","{""time"": 0.0, ""collisions"": 0.05, ""congestion"": 1.0, ""fairness"": 1.0, ""incomplete_base"": 1000.0, ""incomplete_agent"": 10.0}","[19.052956989247313, 13.758777239709444, 11.4981981981982, 11.729538472280407, 9.965644374093127, 12.24375, 15.853467908902694, 13.294747899159667, 14.15128765792031, 13.01194316436252]","[49.6, 35.4, 29.6, 34.1, 36.1, 32.0, 36.800000000000004, 35.7, 34.300000000000004, 37.2]"
ga,12,0,11.942608530899294,33.31,28.3,1.7530847213754837,5.2,12.949642857142857,21.72416666666667,8.77452380952381,True,0.0,hospital_corridor,28,12,"[11, 29, 47, 53, 61, 73, 89, 97, 101, 109]","[3.5831606001391045, 4.793548605672196, 0.9176687574614877, 0.5, 1.0]","{""time"": 0.0, ""collisions"": 0.05, ""congestion"": 1.0, ""fairness"": 1.0, ""incomplete_base"": 1000.0, ""incomplete_agent"": 10.0}","[13.020974472263132, 10.123192957964944, 12.334921989273525, 11.85075059349253, 8.690795781399808, 12.145269423558899, 14.779312668463612, 12.213675520459443, 12.410891089108912, 11.85630081300813]","[38.800000000000004, 30.700000000000003, 29.3, 34.1, 29.8, 30.400000000000002, 37.1, 39.800000000000004, 30.3, 32.800000000000004]"
ga,12,1,12.188520178359934,32.00000000000001,30.1,1.8432820831218364,5.4,12.72392857142857,21.56416666666667,8.840238095238096,True,0.0,hospital_corridor,28,12,"[11, 29, 47, 53, 61, 73, 89, 97, 101, 109]","[3.711112422917718, 4.793615341544442, 0.9175051555255448, 0.5, 1.0]","{""time"": 0.0, ""collisions"": 0.05, ""congestion"": 1.0, ""fairness"": 1.0, ""incomplete_base"": 1000.0, ""incomplete_agent"": 10.0}","[14.238095238095237, 9.084950364510625, 11.69416177429876, 10.913095238095238, 9.511355311355311, 12.032863733728787, 14.197378832838773, 13.00108406491088, 14.014957567185292, 13.197259658580414]","[37.0, 30.700000000000003, 29.200000000000003, 30.0, 27.3, 28.900000000000002, 33.7, 35.800000000000004, 30.3, 37.1]"
ga,12,2,12.292816514507287,33.36,25.9,1.7668641335549058,5.2,12.980714285714285,22.211666666666666,9.230952380952381,True,0.0,hospital_corridor,28,12,"[11, 29, 47, 53, 61, 73, 89, 97, 101, 109]","[3.531277270403555, 4.764865727498263, 0.9148354375121092, 0.5, 1.0]","{""time"": 0.0, ""collisions"": 0.05, ""congestion"": 1.0, ""fairness"": 1.0, ""incomplete_base"": 1000.0, ""incomplete_agent"": 10.0}","[15.19833620195066, 9.50595238095238, 11.382546408393868, 10.114694176790952, 9.887449556093625, 12.28595238095238, 15.918183300717548, 11.680461020973485, 14.189696758182102, 12.764892960065872]","[41.5, 31.0, 29.5, 34.1, 29.5, 30.0, 36.5, 36.1, 30.700000000000003, 34.7]"
ga,12,3,12.703091637998197,32.900000000000006,28.0,1.797258304664862,5.7,12.695,22.200833333333332,9.505833333333335,True,0.0,hospital_corridor,28,12,"[11, 29, 47, 53, 61, 73, 89, 97, 101, 109]","[3.4948964998544083, 4.730854809592207, 0.9172039104560391, 0.5, 1.0]","{""time"": 0.0, ""collisions"": 0.05, ""congestion"": 1.0, ""fairness"": 1.0, ""incomplete_base"": 1000.0, ""incomplete_agent"": 10.0}","[19.36264367816092, 9.760090521831737, 11.806632653061227, 10.7796882670594, 9.625862895493768, 12.545344177274872, 15.967765567765568, 11.805186833940377, 13.210281385281386, 12.167420400112709]","[40.6, 31.3, 29.400000000000002, 29.1, 29.8, 30.3, 36.4, 35.300000000000004, 33.0, 33.800000000000004]"
ga,12,4,1096.849614181343,100.0,23.3,0.4399,4.2,13.262293394414623,24.507007575757576,11.244714181342953,False,8.4,hospital_corridor,28,12,"[11, 29, 47, 53, 61, 73, 89, 97, 101, 109]","[3.758383494161282, 4.348109090153455, 1.1930527663063892, 0.5, 1.0]","{""time"": 0.0, ""collisions"": 0.05, ""congestion"": 1.0, ""fairness"": 1.0, ""incomplete_base"": 1000.0, ""incomplete_agent"": 10.0}","[1090.257618357488, 1155.337696969697, 1108.9464285714287, 1091.221, 1158.249294117647, 1052.1285454545455, 1078.3418076923076, 1085.086, 1049.6746153846154, 1099.2531352657004]","[100.0, 100.0, 100.0, 100.0, 100.0, 100.0, 100.0, 100.0, 100.0, 100.0]"
ga,12,5,13.115668940790709,32.55,37.5,1.8536451312668993,4.9,12.747142857142858,22.134166666666665,9.387023809523809,True,0.0,hospital_corridor,28,12,"[11, 29, 47, 53, 61, 73, 89, 97, 101, 109]","[3.4635698452885313, 4.316826325632834, 0.9185684122160052, 0.5, 1.0]","{""time"": 0.0, ""collisions"": 0.05, ""congestion"": 1.0, ""fairness"": 1.0, ""incomplete_base"": 1000.0, ""incomplete_agent"": 10.0}","[13.984025470653378, 12.519824636441403, 11.669854721549637, 13.608241758241757, 11.713165266106444, 15.119344222330573, 14.178977272727273, 12.548020369620936, 13.41774891774892, 12.397486772486776]","[34.4, 33.4, 29.5, 31.200000000000003, 34.0, 29.3, 35.2, 35.300000000000004, 30.8, 32.4]"
ga,12,6,12.672461423715346,35.95,27.4,1.6667471380010608,5.1,13.479285714285714,23.115000000000002,9.635714285714284,True,0.0,hospital_corridor,28,12,"[11, 29, 47, 53, 61, 73, 89, 97, 101, 109]","[3.2247130667255695, 4.663306920404544, 0.9165684471695444, 0.5, 1.0]","{""time"": 0.0, ""collisions"": 0.05, ""congestion"": 1.0, ""fairness"": 1.0, ""incomplete_base"": 1000.0, ""incomplete_agent"": 10.0}","[11.905782312925172, 13.991791979949877, 11.43719939480809, 15.04073831367409, 9.514003228410008, 12.395393374741202, 13.971364494806423, 13.239940081993058, 12.57496839443742, 12.653432661408122]","[39.2, 38.0, 29.900000000000002, 43.6, 29.5, 32.2, 35.300000000000004, 45.300000000000004, 33.9, 32.6]"
ga,12,7,1160.5167013543069,38.13,2981.6,1.8464091465146175,6.0,11.993571428571428,20.58386363636364,8.590292207792206,False,0.1,hospital_corridor,28,12,"[11, 29, 47, 53, 61, 73, 89, 97, 101, 109]","[3.120551546571985, 4.672651425401034, 0.5, 0.5, 1.0]","{""time"": 0.0, ""collisions"": 0.05, ""congestion"": 1.0, ""fairness"": 1.0, ""incomplete_base"": 1000.0, ""incomplete_agent"": 10.0}","[1186.4806363636364, 168.43406718851926, 132.56841161121983, 146.1879155435759, 147.05662020905925, 131.71077423775267, 166.8175578611333, 211.72942223981005, 160.840925058548, 153.3406832298137]","[100.0, 29.200000000000003, 29.200000000000003, 31.8, 28.700000000000003, 27.8, 35.800000000000004, 36.1, 30.5, 32.2]"
ga,12,8,12.188520178359934,32.00000000000001,30.1,1.8432820831218364,5.4,12.72392857142857,21.56416666666667,8.840238095238096,True,0.0,hospital_corridor,28,12,"[11, 29, 47, 53, 61, 73, 89, 97, 101, 109]","[3.711112422917718, 4.793615341544442, 0.9175051555255448, 0.5, 1.0]","{""time"": 0.0, ""collisions"": 0.05, ""congestion"": 1.0, ""fairness"": 1.0, ""incomplete_base"": 1000.0, ""incomplete_agent"": 10.0}","[14.238095238095237, 9.084950364510625, 11.69416177429876, 10.913095238095238, 9.511355311355311, 12.032863733728787, 14.197378832838773, 13.00108406491088, 14.014957567185292, 13.197259658580414]","[37.0, 30.700000000000003, 29.200000000000003, 30.0, 27.3, 28.900000000000002, 33.7, 35.800000000000004, 30.3, 37.1]"
ga,12,9,46.364817341085995,31.660000000000004,701.6,1.932317341085988,6.2,12.122499999999999,21.475,9.352500000000001,True,0.0,hospital_corridor,28,12,"[11, 29, 47, 53, 61, 73, 89, 97, 101, 109]","[3.2521701806105545, 4.793615341544442, 0.7473568451566706, 0.5, 1.0]","{""time"": 0.0, ""collisions"": 0.05, ""congestion"": 1.0, ""fairness"": 1.0, ""incomplete_base"": 1000.0, ""incomplete_agent"": 10.0}","[73.00224711186252, 59.111314886314894, 55.33348214285715, 44.27080887149381, 27.829112554112555, 29.759523809523813, 45.50825262308314, 60.735186859553956, 39.68101291364003, 28.41723163841808]","[33.800000000000004, 33.300000000000004, 32.0, 29.200000000000003, 26.400000000000002, 28.0, 35.4, 39.5, 29.5, 29.5]"
ga,12,10,21.292442303485632,32.620000000000005,215.0,1.7911327796761092,5.5,12.827857142857141,21.579166666666666,8.751309523809523,True,0.0,hospital_corridor,28,12,"[11, 29, 47, 53, 61, 73, 89, 97, 101, 109]","[3.2982345319037796, 4.614720444113998, 0.8066572668157972, 0.5, 1.0]","{""time"": 0.0, ""collisions"": 0.05, ""congestion"": 1.0, ""fairness"": 1.0, ""incomplete_base"": 1000.0, ""incomplete_agent"": 10.0}","[30.972350230414747, 24.38968502761606, 14.377717652717653, 26.492495636998257, 11.732589285714287, 15.7, 19.83012067840835, 23.295187793427232, 25.480121293800536, 20.65415543575921]","[37.2, 31.900000000000002, 29.700000000000003, 38.2, 25.6, 28.0, 36.5, 35.5, 31.8, 31.8]"
ga,12,11,13.28743194014822,36.470000000000006,21.6,1.622789083005361,5.3,13.440357142857144,24.025,10.584642857142859,True,0.0,hospital_corridor,28,12,"[11, 29, 47, 53, 61, 73, 89, 97, 101, 109]","[3.0470300813937743, 4.72123790169158, 0.9165034615423423, 0.5, 1.0]","{""time"": 0.0, ""collisions"": 0.05, ""congestion"": 1.0, ""fairness"": 1.0, ""incomplete_base"": 1000.0, ""incomplete_agent"": 10.0}","[14.479309369536153, 10.195020279405139, 13.74462365591398, 10.708333333333332, 8.364768100548769, 12.810933888118356, 15.776503759398498, 16.58990384615385, 14.11013431013431, 16.0947888589398]","[46.300000000000004, 31.700000000000003, 31.0, 40.800000000000004, 26.900000000000002, 30.900000000000002, 38.0, 41.6, 35.1, 42.400000000000006]"
ga,12,12,14.051825003339465,34.410000000000004,47.4,1.8101583366727982,5.5,12.997500000000002,22.869166666666665,9.871666666666666,True,0.0,hospital_corridor,28,12,"[11, 29, 47, 53, 61, 73, 89, 97, 101, 109]","[3.7111124229177186, 4.6580342376937685, 0.9175051555255448, 0.5, 1.0]","{""time"": 0.0, ""collisions"": 0.05, ""congestion"": 1.0, ""fairness"": 1.0, ""incomplete_base"": 1000.0, ""incomplete_agent"": 10.0}","[16.376680672268908, 11.373840852130325, 12.329530310417685, 20.2921130952381, 11.451754015215556, 12.597844272844272, 15.143115942028986, 15.426920122887866, 13.77211163153786, 11.7543391188251]","[35.7, 30.400000000000002, 29.3, 44.800000000000004, 33.800000000000004, 29.6, 34.5, 43.400000000000006, 30.5, 32.1]"
ga,12,13,14.77146073807126,33.970000000000006,56.4,1.7994369285474487,5.2,12.632142857142858,22.78416666666667,10.152023809523811,True,0.0,hospital_corridor,28,12,"[11, 29, 47, 53, 61, 73, 89, 97, 101, 109]","[4.064399252223165, 4.793615341544442, 0.9175051555255448, 0.5, 1.0]","{""time"": 0.0, ""collisions"": 0.05, ""congestion"": 1.0, ""fairness"": 1.0, ""incomplete_base"": 1000.0, ""incomplete_agent"": 10.0}","[23.026648351648355, 15.211414565826335, 11.706615120274915, 18.437810383747177, 12.1586647029946, 12.665425065731814, 14.0532371939312, 14.662818938463637, 13.261721611721613, 12.530251446372944]","[39.0, 35.7, 29.1, 44.300000000000004, 29.1, 32.6, 31.700000000000003, 34.9, 31.200000000000003, 32.1]"
ga,12,14,13.770971882659053,35.27,35.6,1.7250195017066692,5.0,13.095714285714285,23.361666666666668,10.265952380952383,True,0.0,hospital_corridor,28,12,"[11, 29, 47, 53, 61, 73, 89, 97, 101, 109]","[3.3476534102829234, 4.335518159010389, 0.916087120857393, 0.5, 1.0]","{""time"": 0.0, ""collisions"": 0.05, ""congestion"": 1.0, ""fairness"": 1.0, ""incomplete_base"": 1000.0, ""incomplete_agent"": 10.0}","[15.168263439027163, 13.615257531584064, 14.994340563450509, 11.194139194139192, 9.077225672877848, 12.91730399230399, 16.018733153638816, 15.00648366784731, 13.722252747252748, 15.995718864468866]","[41.900000000000006, 34.300000000000004, 38.2, 31.200000000000003, 29.900000000000002, 29.700000000000003, 37.1, 36.300000000000004, 32.5, 41.6]"
ga,12,15,12.722297924129084,33.84000000000001,27.2,1.9393217336528927,6.1,13.40285714285714,22.825833333333332,9.422976190476192,True,0.0,hospital_corridor,28,12,"[11, 29, 47, 53, 61, 73, 89, 97, 101, 109]","[3.3476534102829234, 4.860905737401326, 0.916087120857393, 0.5, 1.0]","{""time"": 0.0, ""collisions"": 0.05, ""congestion"": 1.0, ""fairness"": 1.0, ""incomplete_base"": 1000.0, ""incomplete_agent"": 10.0}","[12.67218614718615, 14.796758386732003, 11.69308236808237, 13.415069686411151, 8.841754554170663, 12.111962552011097, 15.591036414565831, 12.239495798319329, 13.81012880562061, 12.051504528191643]","[38.5, 37.9, 29.6, 32.800000000000004, 29.8, 30.900000000000002, 34.0, 35.7, 36.6, 32.6]"
ga,12,16,12.760401249840772,35.220000000000006,26.9,1.7125441069836271,5.2,13.03464285714286,22.737500000000004,9.702857142857145,True,0.0,hospital_corridor,28,12,"[11, 29, 47, 53, 61, 73, 89, 97, 101, 109]","[3.3571061233004427, 4.781122641074922, 0.9148989678900135, 0.5, 1.0]","{""time"": 0.0, ""collisions"": 0.05, ""congestion"": 1.0, ""fairness"": 1.0, ""incomplete_base"": 1000.0, ""incomplete_agent"": 10.0}","[17.151000842815, 9.75892103676914, 12.047458172458171, 12.866093474426812, 7.950775193798449, 12.519761904761905, 13.721282600233554, 13.476162790697677, 16.200651720542233, 11.911904761904763]","[45.2, 31.6, 29.6, 40.5, 25.8, 30.0, 36.7, 38.7, 41.1, 33.0]"
ga,12,17,13.138011328403426,34.42,39.5,1.735868471260569,5.0,13.352857142857143,22.78,9.427142857142858,True,0.0,hospital_corridor,28,12,"[11, 29, 47, 53, 61, 73, 89, 97, 101, 109]","[3.350414029072102, 4.773332480620548, 0.9160860793060928, 0.5, 1.0]","{""time"": 0.0, ""collisions"": 0.05, ""congestion"": 1.0, ""fairness"": 1.0, ""incomplete_base"": 1000.0, ""incomplete_agent"": 10.0}","[21.945908460471568, 10.374773960216999, 11.930844155844156, 14.289848652639352, 8.706412639405205, 12.358020050125312, 14.241472868217055, 13.075132625994694, 12.96136712749616, 11.496332743623764]","[51.5, 31.6, 29.700000000000003, 38.7, 26.900000000000002, 30.400000000000002, 34.4, 37.7, 31.0, 32.300000000000004]"
ga,12,18,14.392841016290404,32.72,72.1,1.8089124448618314,5.4,12.358571428571429,21.337500000000002,8.978928571428572,True,0.0,hospital_corridor,28,12,"[11, 29, 47, 53, 61, 73, 89, 97, 101, 109]","[3.774628552390932, 3.9948146662803787, 0.9165272006163623, 0.5, 1.0]","{""time"": 0.0, ""collisions"": 0.05, ""congestion"": 1.0, ""fairness"": 1.0, ""incomplete_base"": 1000.0, ""incomplete_agent"": 10.0}","[21.059036796536798, 14.386499626028424, 13.554924427108729, 12.996428571428572, 11.94949750438419, 13.56686507936508, 17.41992362982929, 12.200510204081635, 14.057326951399117, 12.737397372742203]","[35.2, 38.2, 29.3, 28.0, 35.300000000000004, 28.8, 37.1, 34.300000000000004, 29.1, 31.900000000000002]"
ga,12,19,13.21141114708697,32.290000000000006,45.0,1.772006385182205,5.4,12.506428571428572,21.695833333333336,9.189404761904765,True,0.0,hospital_corridor,28,12,"[11, 29, 47, 53, 61, 73, 89, 97, 101, 109]","[3.8773609767257513, 4.7062904956484655, 0.9152083513429421, 0.5, 1.0]","{""time"": 0.0, ""collisions"": 0.05, ""congestion"": 1.0, ""fairness"": 1.0, ""incomplete_base"": 1000.0, ""incomplete_agent"": 10.0}","[19.046804511278197, 14.164711664482308, 10.75324302134647, 13.870818070818073, 8.44212579229644, 12.818308702791462, 13.660061443932413, 14.277122776821573, 12.466584564860428, 12.614330922242317]","[39.900000000000006, 32.7, 29.0, 35.1, 29.3, 29.0, 34.1, 33.2, 29.0, 31.6]"
ga,12,20,1021.6764757255257,38.89,60.7,1.8043281064781431,5.3,11.783685714285713,21.620833333333334,9.83714761904762,False,0.7,hospital_corridor,28,12,"[11, 29, 47, 53, 61, 73, 89, 97, 101, 109]","[4.25469962902846, 4.779101399328318, 0.9155793157841692, 0.5, 1.0]","{""time"": 0.0, ""collisions"": 0.05, ""congestion"": 1.0, ""fairness"": 1.0, ""incomplete_base"": 1000.0, ""incomplete_agent"": 10.0}","[1086.293, 17.2819997207094, 16.288058720420686, 14.658592132505174, 8.302052545155995, 12.712056737588654, 19.085073260073262, 13.777380952380952, 16.135739614994936, 12.230803571428572]","[100.0, 34.1, 32.6, 32.2, 29.0, 28.200000000000003, 39.0, 33.6, 28.200000000000003, 32.0]"
ga,12,21,19.968165256954915,35.64999999999999,167.2,1.7184033521930122,5.0,13.13857142857143,23.028333333333332,9.889761904761903,True,0.0,hospital_corridor,28,12,"[11, 29, 47, 53, 61, 73, 89, 97, 101, 109]","[3.0745714003764273, 4.536817999036041, 0.8194831371491192, 0.5, 1.0]","{""time"": 0.0, ""collisions"": 0.05, ""congestion"": 1.0, ""fairness"": 1.0, ""incomplete_base"": 1000.0, ""incomplete_agent"": 10.0}","[51.10134688912061, 12.159205832170002, 14.244761904761903, 20.82947929913805, 10.130061795710652, 14.160218253968257, 23.11730993130749, 18.47178640242224, 19.473589921405456, 15.993892339544514]","[68.5, 30.700000000000003, 30.0, 33.7, 26.200000000000003, 28.8, 40.900000000000006, 34.6, 30.900000000000002, 32.2]"
ga,12,22,15.42120608613202,33.14,90.3,1.8353727527986856,5.2,12.9275,21.998333333333335,9.070833333333335,True,0.0,hospital_corridor,28,12,"[11, 29, 47, 53, 61, 73, 89, 97, 101, 109]","[3.591352339639803, 4.758795235526273, 0.8590334179930776, 0.5, 1.0]","{""time"": 0.0, ""collisions"": 0.05, ""congestion"": 1.0, ""fairness"": 1.0, ""incomplete_base"": 1000.0, ""incomplete_agent"": 10.0}","[30.06286130172594, 14.31364468864469, 13.407681017612525, 14.598593073593076, 11.702545155993434, 13.521080139372824, 14.575600698995196, 14.62218045112782, 14.736080586080586, 12.671793748174117]","[45.800000000000004, 31.200000000000003, 29.200000000000003, 33.0, 29.0, 28.700000000000003, 32.7, 38.0, 31.200000000000003, 32.6]"
ga,12,23,13.360954482645539,34.74,24.8,1.8117878159788727,5.1,13.2625,23.57166666666667,10.309166666666666,True,0.0,hospital_corridor,28,12,"[11, 29, 47, 53, 61, 73, 89, 97, 101, 109]","[3.186234449924629, 4.595532165816404, 0.9123124519927135, 0.5, 1.0]","{""time"": 0.0, ""collisions"": 0.05, ""congestion"": 1.0, ""fairness"": 1.0, ""incomplete_base"": 1000.0, ""incomplete_agent"": 10.0}","[11.846727019498609, 12.503515570451057, 11.455077262693155, 16.309426379247352, 8.056599674090169, 13.08429776974081, 17.415153906866614, 13.466386073880352, 16.102380952380955, 13.369980217606331]","[35.9, 34.1, 30.200000000000003, 39.1, 26.3, 31.6, 36.2, 43.7, 36.6, 33.7]"
ga,13,0,11.942608530899294,33.31,28.3,1.7530847213754837,5.2,12.949642857142857,21.72416666666667,8.77452380952381,True,0.0,hospital_corridor,28,12,"[11, 29, 47, 53, 61, 73, 89, 97, 101, 109]","[3.5831606001391045, 4.793548605672196, 0.9176687574614877, 0.5, 1.0]","{""time"": 0.0, ""collisions"": 0.05, ""congestion"": 1.0, ""fairness"": 1.0, ""incomplete_base"": 1000.0, ""incomplete_agent"": 10.0}","[13.020974472263132, 10.123192957964944, 12.334921989273525, 11.85075059349253, 8.690795781399808, 12.145269423558899, 14.779312668463612, 12.213675520459443, 12.410891089108912, 11.85630081300813]","[38.800000000000004, 30.700000000000003, 29.3, 34.1, 29.8, 30.400000000000002, 37.1, 39.800000000000004, 30.3, 32.800000000000004]"
ga,13,1,12.188520178359934,32.00000000000001,30.1,1.8432820831218364,5.4,12.72392857142857,21.56416666666667,8.840238095238096,True,0.0,hospital_corridor,28,12,"[11, 29, 47, 53, 61, 73, 89, 97, 101, 109]","[3.711112422917718, 4.793615341544442, 0.9175051555255448, 0.5, 1.0]","{""time"": 0.0, ""collisions"": 0.05, ""congestion"": 1.0, ""fairness"": 1.0, ""incomplete_base"": 1000.0, ""incomplete_agent"": 10.0}","[14.238095238095237, 9.084950364510625, 11.69416177429876, 10.913095238095238, 9.511355311355311, 12.032863733728787, 14.197378832838773, 13.00108406491088, 14.014957567185292, 13.197259658580414]","[37.0, 30.700000000000003, 29.200000000000003, 30.0, 27.3, 28.900000000000002, 33.7, 35.800000000000004, 30.3, 37.1]"
ga,13,2,13.27879130466819,35.28,22.0,1.741172257049143,5.5,13.285714285714286,23.723333333333336,10.437619047619046,True,0.0,hospital_corridor,28,12,"[11, 29, 47, 53, 61, 73, 89, 97, 101, 109]","[2.9662720288971687, 4.72849912119535, 0.9175960624219214, 0.5, 1.0]","{""time"": 0.0, ""collisions"": 0.05, ""congestion"": 1.0, ""fairness"": 1.0, ""incomplete_base"": 1000.0, ""incomplete_agent"": 10.0}","[19.057004429678848, 9.831481481481482, 12.35021679598357, 8.749348534201955, 8.336904761904762, 12.923010849909584, 14.988121118012423, 19.14691697191697, 12.931578947368422, 14.473329156223894]","[43.0, 32.4, 31.3, 30.700000000000003, 28.0, 31.6, 36.800000000000004, 46.800000000000004, 38.0, 34.2]"
ga,13,3,13.83799729733389,34.27,46.9,1.820616344952939,5.1,13.029285714285717,22.70166666666667,9.672380952380951,True,0.0,hospital_corridor,28,12,"[11, 29, 47, 53, 61, 73, 89, 97, 101, 109]","[3.515978375326215, 4.400567643487236, 0.9161598158969593, 0.5, 1.0]","{""time"": 0.0, ""collisions"": 0.05, ""congestion"": 1.0, ""fairness"": 1.0, ""incomplete_base"": 1000.0, ""incomplete_agent"": 10.0}","[20.94761904761905, 10.198844197873324, 12.31326530612245, 18.67174887892377, 8.036385955160274, 13.866666666666667, 16.743831168831168, 12.99500768049155, 12.647898484152504, 11.958705587498157]","[42.400000000000006, 30.900000000000002, 29.400000000000002, 44.6, 25.700000000000003, 30.6, 38.5, 37.2, 31.1, 32.300000000000004]"
ga,13,4,13.214415488387191,35.57000000000001,37.9,1.635248821720523,5.1,13.0825,22.766666666666662,9.684166666666668,True,0.0,hospital_corridor,28,12,"[11, 29, 47, 53, 61, 73, 89, 97, 101, 109]","[3.3400322837990153, 4.766579920527924, 0.9168939714764877, 0.5, 1.0]","{""time"": 0.0, ""collisions"": 0.05, ""congestion"": 1.0, ""fairness"": 1.0, ""incomplete_base"": 1000.0, ""incomplete_agent"": 10.0}","[25.43992673992674, 9.745575022461816, 11.723088023088025, 13.02937430786268, 7.161904761904764, 11.780782312925172, 14.932534246575344, 12.320238095238095, 13.757268170426064, 12.253463203463205]","[49.400000000000006, 31.8, 29.700000000000003, 43.0, 28.0, 29.400000000000002, 36.5, 35.0, 39.900000000000006, 33.0]"
ga,13,5,12.975501881291795,33.65999999999999,34.0,1.783239976529891,5.1,12.88857142857143,22.380833333333335,9.492261904761904,True,0.0,hospital_corridor,28,12,"[11, 29, 47, 53, 61, 73, 89, 97, 101, 109]","[3.5957932058442723, 4.690342341421061, 0.9171796312186016, 0.5, 1.0]","{""time"": 0.0, ""collisions"": 0.05, ""congestion"": 1.0, ""fairness"": 1.0, ""incomplete_base"": 1000.0, ""incomplete_agent"": 10.0}","[15.28095238095238, 14.723025919228451, 12.120238095238095, 11.955716643092881, 10.222147732813262, 12.88300828863969, 14.321218487394958, 14.444243313763863, 11.888941102756892, 11.915526849037487]","[36.0, 39.5, 29.400000000000002, 30.3, 29.3, 29.3, 35.7, 43.800000000000004, 30.400000000000002, 32.9]"
ga,13,6,12.188520178359934,32.00000000000001,30.1,1.8432820831218364,5.4,12.72392857142857,21.56416666666667,8.840238095238096,True,0.0,hospital_corridor,28,12,"[11, 29, 47, 53, 61, 73, 89, 97, 101, 109]","[3.711112422917718, 4.793615341544442, 0.9175051555255448, 0.5, 1.0]","{""time"": 0.0, ""collisions"": 0.05, ""congestion"": 1.0, ""fairness"": 1.0, ""incomplete_base"": 1000.0, ""incomplete_agent"": 10.0}","[14.238095238095237, 9.084950364510625, 11.69416177429876, 10.913095238095238, 9.511355311355311, 12.032863733728787, 14.197378832838773, 13.00108406491088, 14.014957567185292, 13.197259658580414]","[37.0, 30.700000000000003, 29.200000000000003, 30.0, 27.3, 28.900000000000002, 33.7, 35.800000000000004, 30.3, 37.1]"
ga,13,7,12.188520178359934,32.00000000000001,30.1,1.8432820831218364,5.4,12.72392857142857,21.56416666666667,8.840238095238096,True,0.0,hospital_corridor,28,12,"[11, 29, 47, 53, 61, 73, 89, 97, 101, 109]","[3.711112422917718, 4.793615341544442, 0.9175051555255448, 0.5, 1.0]","{""time"": 0.0, ""collisions"": 0.05, ""congestion"": 1.0, ""fairness"": 1.0, ""incomplete_base"": 1000.0, ""incomplete_agent"": 10.0}","[14.238095238095237, 9.084950364510625, 11.69416177429876, 10.913095238095238, 9.511355311355311, 12.032863733728787, 14.197378832838773, 13.00108406491088, 14.014957567185292, 13.197259658580414]","[37.0, 30.700000000000003, 29.200000000000003, 30.0, 27.3, 28.900000000000002, 33.7, 35.800000000000004, 30.3, 37.1]"
ga,13,8,1037.1036661656208,68.91,21.0,1.1253324992871017,4.6,13.47412087912088,24.402454545454546,10.928333666333668,False,2.4,hospital_corridor,28,12,"[11, 29, 47, 53, 61, 73, 89, 97, 101, 109]","[3.820461323373368, 4.8427067587388954, 1.0336413514594245, 0.5, 1.0]","{""time"": 0.0, ""collisions"": 0.05, ""congestion"": 1.0, ""fairness"": 1.0, ""incomplete_base"": 1000.0, ""incomplete_agent"": 10.0}","[14.330247122545702, 1052.9296666666667, 11.690986394557825, 1069.5483333333334, 1088.5751645021644, 11.915092165898617, 1053.312076923077, 1036.3372857142858, 15.45277777777778, 16.94503105590062]","[42.2, 100.0, 29.400000000000002, 100.0, 100.0, 31.0, 100.0, 100.0, 40.5, 46.0]"
ga,13,9,12.234638271860693,33.61,25.8,1.7632097004321203,4.9,13.068571428571428,22.250000000000004,9.181428571428572,True,0.0,hospital_corridor,28,12,"[11, 29, 47, 53, 61, 73, 89, 97, 101, 109]","[3.3564350134371255, 4.799321619737353, 0.9153155825064422, 0.5, 1.0]","{""time"": 0.0, ""collisions"": 0.05, ""congestion"": 1.0, ""fairness"": 1.0, ""incomplete_base"": 1000.0, ""incomplete_agent"": 10.0}","[16.227652414885195, 10.328434940855324, 12.059563758389263, 10.960167310167312, 9.313025210084035, 12.439502164502166, 13.911543606206529, 12.070308123249301, 13.175220458553792, 11.860964731714013]","[42.1, 31.400000000000002, 29.8, 29.6, 34.0, 30.8, 35.6, 35.7, 32.4, 34.7]"
ga,13,10,13.297907563403127,34.04,31.9,1.8813599443555096,5.2,13.004285714285714,22.825833333333335,9.821547619047617,True,0.0,hospital_corridor,28,12,"[11, 29, 47, 53, 61, 73, 89, 97, 101, 109]","[3.5591477114382863, 4.7833048758768815, 0.9172171932914067, 0.5, 1.0]","{""time"": 0.0, ""collisions"": 0.05, ""congestion"": 1.0, ""fairness"": 1.0, ""incomplete_base"": 1000.0, ""incomplete_agent"": 10.0}","[19.51769010499523, 10.858424908424908, 12.480102040816327, 12.0500403551251, 11.15591202582728, 11.895107632093934, 15.169642857142856, 11.81492974238876, 14.453153717627401, 13.584072249589491]","[44.900000000000006, 31.200000000000003, 29.400000000000002, 35.4, 29.5, 29.200000000000003, 35.2, 36.6, 34.2, 34.800000000000004]"
ga,13,11,11.725184125514954,32.34,25.5,1.7313746017054286,5.2,12.807857142857145,21.526666666666667,8.718809523809526,True,0.0,hospital_corridor,28,12,"[11, 29, 47, 53, 61, 73, 89, 97, 101, 109]","[3.64686121133384, 4.7411652752597675, 0.9174918726901772, 0.5, 1.0]","{""time"": 0.0, ""collisions"": 0.05, ""congestion"": 1.0, ""fairness"": 1.0, ""incomplete_base"": 1000.0, ""incomplete_agent"": 10.0}","[12.564062748845357, 9.385714285714288, 12.504496939841768, 12.653968253968255, 8.429210220673635, 11.51904761904762, 15.476004256451182, 10.627992277992277, 12.290749414519906, 11.800595238095239]","[29.900000000000002, 31.5, 31.900000000000002, 31.5, 32.800000000000004, 28.900000000000002, 35.800000000000004, 37.0, 30.5, 33.6]"
ga,13,12,13.674745885631035,34.120000000000005,47.0,1.8247458856310352,5.4,13.1675,22.6675,9.5,True,0.0,hospital_corridor,28,12,"[11, 29, 47, 53, 61, 73, 89, 97, 101, 109]","[3.506315180782297, 4.340819351136512, 0.9150426673876558, 0.5, 1.0]","{""time"": 0.0, ""collisions"": 0.05, ""congestion"": 1.0, ""fairness"": 1.0, ""incomplete_base"": 1000.0, ""incomplete_agent"": 10.0}","[15.091259795057264, 13.227499342278348, 13.90325877825878, 14.904285714285715, 9.373975086723432, 14.734500157678966, 14.325786163522015, 15.489521711768411, 13.539145658263305, 12.158226448474128]","[39.5, 36.2, 29.700000000000003, 30.0, 30.200000000000003, 30.200000000000003, 37.1, 45.400000000000006, 30.6, 32.300000000000004]"
ga,13,13,14.418850242175242,37.209999999999994,33.3,1.7820645278895277,5.0,14.128214285714288,25.1,10.971785714285716,True,0.0,hospital_corridor,28,12,"[11, 29, 47, 53, 61, 73, 89, 97, 101, 109]","[2.6553447061025164, 3.9352173584266144, 0.9183611823404585, 0.5, 1.0]","{""time"": 0.0, ""collisions"": 0.05, ""congestion"": 1.0, ""fairness"": 1.0, ""incomplete_base"": 1000.0, ""incomplete_agent"": 10.0}","[21.353413764738143, 10.154726368159203, 12.999867374005305, 10.378634085213035, 8.26140724946695, 17.17018503780342, 15.872489391796325, 17.770719035743976, 11.63454913880446, 18.592510976021615]","[52.1, 33.5, 37.7, 30.400000000000002, 26.8, 35.9, 40.400000000000006, 40.1, 32.9, 42.300000000000004]"
ga,13,14,19.35713331096117,31.720000000000006,163.0,1.8558237871516454,5.2,12.440357142857142,21.791666666666668,9.351309523809524,True,0.0,hospital_corridor,28,12,"[11, 29, 47, 53, 61, 73, 89, 97, 101, 109]","[3.417333425572557, 4.720226446198818, 0.8170835038682803, 0.5, 1.0]","{""time"": 0.0, ""collisions"": 0.05, ""congestion"": 1.0, ""fairness"": 1.0, ""incomplete_base"": 1000.0, ""incomplete_agent"": 10.0}","[39.060452505609575, 18.915353697749197, 16.027450024378354, 19.392438867438866, 11.716422883146432, 15.123057644110277, 23.36876899696049, 16.049649859943976, 17.857837640175525, 16.059900990099013]","[38.2, 31.1, 29.3, 29.6, 29.3, 28.5, 37.6, 34.0, 29.3, 30.3]"
ga,13,15,13.09966229685569,34.690000000000005,32.7,1.7443051539985484,5.2,13.332142857142856,23.052500000000002,9.720357142857143,True,0.0,hospital_corridor,28,12,"[11, 29, 47, 53, 61, 73, 89, 97, 101, 109]","[3.4800134472697906, 4.6689210611620275, 0.9156788069385429, 0.5, 1.0]","{""time"": 0.0, ""collisions"": 0.05, ""congestion"": 1.0, ""fairness"": 1.0, ""incomplete_base"": 1000.0, ""incomplete_agent"": 10.0}","[14.629052197802197, 10.164536741214057, 15.251901022188981, 11.344897959183674, 11.121371152962794, 13.293110912076429, 16.979745596868884, 14.176914580265096, 12.791329479768788, 11.243763326226013]","[41.6, 31.3, 38.2, 29.400000000000002, 31.1, 31.900000000000002, 36.5, 38.800000000000004, 34.6, 33.5]"
ga,13,16,13.643447581887791,34.12,43.9,1.8561856771258864,5.7,13.03857142857143,22.630833333333335,9.592261904761905,True,0.0,hospital_corridor,28,12,"[11, 29, 47, 53, 61, 73, 89, 97, 101, 109]","[3.717400416556239, 4.764037217799532, 0.9166847101773495, 0.5, 1.0]","{""time"": 0.0, ""collisions"": 0.05, ""congestion"": 1.0, ""fairness"": 1.0, ""incomplete_base"": 1000.0, ""incomplete_agent"": 10.0}","[23.570544554455445, 13.213101833531198, 11.862473590118642, 12.869523809523809, 10.086662631154159, 12.48764367816092, 14.934084671332513, 12.010917785917789, 13.245175438596494, 12.154347826086957]","[50.5, 36.1, 29.3, 32.5, 29.5, 29.0, 34.7, 35.1, 32.300000000000004, 32.2]"
ga,13,17,14.708700197777603,32.339999999999996,74.4,1.863343054920458,5.7,12.49964285714286,21.625000000000004,9.125357142857144,True,0.0,hospital_corridor,28,12,"[11, 29, 47, 53, 61, 73, 89, 97, 101, 109]","[3.7683405587524113, 4.0243927900252885, 0.9173476459645575, 0.5, 1.0]","{""time"": 0.0, ""collisions"": 0.05, ""congestion"": 1.0, ""fairness"": 1.0, ""incomplete_base"": 1000.0, ""incomplete_agent"": 10.0}","[22.0961739241151, 9.754878618113914, 16.28134920634921, 17.338481338481337, 10.094269572235675, 12.21144018583043, 17.24434436531211, 15.356140350877192, 14.222553816046966, 12.487370600414081]","[37.4, 30.6, 36.0, 29.6, 29.5, 28.700000000000003, 34.1, 36.1, 29.200000000000003, 32.2]"
ga,13,18,14.31727835379806,35.5,44.6,1.7527545442742487,5.4,13.112142857142857,23.44666666666667,10.33452380952381,True,0.0,hospital_corridor,28,12,"[11, 29, 47, 53, 61, 73, 89, 97, 101, 109]","[3.5296000536628274, 4.479271551747276, 0.9182799061697007, 0.5, 1.0]","{""time"": 0.0, ""collisions"": 0.05, ""congestion"": 1.0, ""fairness"": 1.0, ""incomplete_base"": 1000.0, ""incomplete_agent"": 10.0}","[21.71704475781729, 15.024847541196316, 12.077721088435375, 18.981497221314157, 7.981568463961461, 12.613449163449165, 14.279600484261502, 11.620604395604396, 15.925557564798073, 12.950892857142858]","[46.6, 36.7, 29.400000000000002, 43.7, 25.700000000000003, 29.6, 35.4, 36.4, 39.5, 32.0]"
ga,13,19,12.681226435679255,34.35000000000001,28.7,1.6981311975840174,5.2,13.06357142857143,22.61166666666667,9.548095238095238,True,0.0,hospital_corridor,28,12,"[11, 29, 47, 53, 61, 73, 89, 97, 101, 109]","[3.517130391764809, 4.6311033795577545, 0.9179572635077923, 0.5, 1.0]","{""time"": 0.0, ""collisions"": 0.05, ""congestion"": 1.0, ""fairness"": 1.0, ""incomplete_base"": 1000.0, ""incomplete_agent"": 10.0}","[12.389806547619049, 14.606788931788934, 11.462873284907182, 11.637535014005604, 9.748415407118479, 12.00717054263566, 17.181601731601734, 11.926412429378534, 14.380809523809525, 11.470850943927866]","[38.400000000000006, 37.0, 29.5, 34.0, 29.3, 30.1, 38.5, 35.4, 37.5, 33.800000000000004]"
ga,13,20,13.599305288050976,34.760000000000005,38.0,1.7441862404319277,5.3,13.043214285714289,22.998333333333335,9.955119047619048,True,0.0,hospital_corridor,28,12,"[11, 29, 47, 53, 61, 73, 89, 97, 101, 109]","[3.5696860988328933, 4.598827688696035, 0.9181808284428503, 0.5, 1.0]","{""time"": 0.0, ""collisions"": 0.05, ""congestion"": 1.0, ""fairness"": 1.0, ""incomplete_base"": 1000.0, ""incomplete_agent"": 10.0}","[23.566079158936297, 9.73124133148405, 12.157993197278913, 13.662765957446808, 8.229836309523808, 12.844113149847095, 14.72857142857143, 15.102348934683897, 13.41685463659148, 12.55324877614597]","[53.900000000000006, 30.900000000000002, 29.400000000000002, 32.9, 25.6, 32.7, 35.0, 40.900000000000006, 34.2, 32.1]"
ga,13,21,13.766017215509255,35.480000000000004,37.4,1.7326838821759225,5.2,13.160000000000002,23.323333333333334,10.163333333333332,True,0.0,hospital_corridor,28,12,"[11, 29, 47, 53, 61, 73, 89, 97, 101, 109]","[3.4770443465947425, 4.511547242608996, 0.9180563412346425, 0.5, 1.0]","{""time"": 0.0, ""collisions"": 0.05, ""congestion"": 1.0, ""fairness"": 1.0, ""incomplete_base"": 1000.0, ""incomplete_agent"": 10.0}","[18.938932796500644, 14.15357142857143, 11.547397094430993, 13.574419519874064, 8.98771186440678, 13.1187441643324, 16.57992840492841, 14.351256281407036, 12.360613463626493, 14.047597137014316]","[47.900000000000006, 35.0, 29.5, 36.300000000000004, 29.5, 30.6, 42.900000000000006, 39.800000000000004, 30.700000000000003, 32.6]"
ga,13,22,11.988846661012438,33.660000000000004,24.1,1.7138466610124368,5.3,12.970000000000002,22.04,9.07,True,0.0,hospital_corridor,28,12,"[11, 29, 47, 53, 61, 73, 89, 97, 101, 109]","[3.3545784676146817, 4.774138096727286, 0.9157724032502427, 0.5, 1.0]","{""time"": 0.0, ""collisions"": 0.05, ""congestion"": 1.0, ""fairness"": 1.0, ""incomplete_base"": 1000.0, ""incomplete_agent"": 10.0}","[14.644312169312169, 10.232760699216396, 12.154825822946627, 10.674898682877409, 8.738737292669876, 12.074829931972792, 14.60458789084079, 12.169047619047621, 13.213440860215055, 11.381025641025643]","[43.2, 31.6, 29.8, 32.9, 26.700000000000003, 29.400000000000002, 43.1, 36.4, 31.0, 32.5]"
ga,13,23,11.779756589695333,33.32,23.6,1.8074946849334268,5.5,13.181071428571428,21.973333333333336,8.792261904761906,True,0.0,hospital_corridor,28,12,"[11, 29, 47, 53, 61, 73, 89, 97, 101, 109]","[3.352941684757863, 4.780317024968183, 0.9152126439458635, 0.5, 1.0]","{""time"": 0.0, ""collisions"": 0.05, ""congestion"": 1.0, ""fairness"": 1.0, ""incomplete_base"": 1000.0, ""incomplete_agent"": 10.0}","[9.762888198757764, 12.197442541685447, 11.77717917675545, 10.68095650024716, 9.118167701863356, 12.145335675253708, 13.465351812366741, 12.261274509803922, 14.661607142857143, 11.727362637362637]","[34.5, 31.700000000000003, 29.5, 28.900000000000002, 34.5, 30.5, 40.2, 35.7, 35.2, 32.5]"
ga,14,0,11.725184125514954,32.34,25.5,1.7313746017054286,5.2,12.807857142857145,21.526666666666667,8.718809523809526,True,0.0,hospital_corridor,28,12,"[11, 29, 47, 53, 61, 73, 89, 97, 101, 109]","[3.64686121133384, 4.7411652752597675, 0.9174918726901772, 0.5, 1.0]","{""time"": 0.0, ""collisions"": 0.05, ""congestion"": 1.0, ""fairness"": 1.0, ""incomplete_base"": 1000.0, ""incomplete_agent"": 10.0}","[12.564062748845357, 9.385714285714288, 12.504496939841768, 12.653968253968255, 8.429210220673635, 11.51904761904762, 15.476004256451182, 10.627992277992277, 12.290749414519906, 11.800595238095239]","[29.900000000000002, 31.5, 31.900000000000002, 31.5, 32.800000000000004, 28.900000000000002, 35.800000000000004, 37.0, 30.5, 33.6]"
ga,14,1,11.779756589695333,33.32,23.6,1.8074946849334268,5.5,13.181071428571428,21.973333333333336,8.792261904761906,True,0.0,hospital_corridor,28,12,"[11, 29, 47, 53, 61, 73, 89, 97, 101, 109]","[3.352941684757863, 4.780317024968183, 0.9152126439458635, 0.5, 1.0]","{""time"": 0.0, ""collisions"": 0.05, ""congestion"": 1.0, ""fairness"": 1.0, ""incomplete_base"": 1000.0, ""incomplete_agent"": 10.0}","[9.762888198757764, 12.197442541685447, 11.77717917675545, 10.68095650024716, 9.118167701863356, 12.145335675253708, 13.465351812366741, 12.261274509803922, 14.661607142857143, 11.727362637362637]","[34.5, 31.700000000000003, 29.5, 28.900000000000002, 34.5, 30.5, 40.2, 35.7, 35.2, 32.5]"
ga,14,2,12.922349477158711,33.97,30.3,1.7812780485872808,5.2,12.963928571428573,22.590000000000003,9.62607142857143,True,0.0,hospital_corridor,28,12,"[11, 29, 47, 53, 61, 73, 89, 97, 101, 109]","[3.355843973835799, 4.736311854317828, 0.9157864500059207, 0.5, 1.0]","{""time"": 0.0, ""collisions"": 0.05, ""congestion"": 1.0, ""fairness"": 1.0, ""incomplete_base"": 1000.0, ""incomplete_agent"": 10.0}","[13.60551948051948, 13.088095238095239, 11.844658944658944, 16.02788697788698, 8.295534556234948, 13.242220376522704, 14.505859271082736, 11.968681318681321, 14.525903614457832, 12.11913499344692]","[38.5, 34.0, 29.6, 40.7, 25.700000000000003, 34.4, 35.800000000000004, 35.1, 33.2, 32.7]"
ga,14,3,12.655873266184582,33.65,36.9,1.7505161233274382,5.0,13.052142857142858,22.1125,9.060357142857145,True,0.0,hospital_corridor,28,12,"[11, 29, 47, 53, 61, 73, 89, 97, 101, 109]","[3.594527699623155, 4.72816858383052, 0.9171655844629235, 0.5, 1.0]","{""time"": 0.0, ""collisions"": 0.05, ""congestion"": 1.0, ""fairness"": 1.0, ""incomplete_base"": 1000.0, ""incomplete_agent"": 10.0}","[18.744645705172022, 9.584107720758205, 11.682312925170068, 12.604191321499016, 8.782203803022917, 12.405238095238097, 14.667879484233373, 11.96285450468276, 13.232258064516131, 12.893041037553232]","[41.800000000000004, 30.900000000000002, 29.400000000000002, 33.800000000000004, 29.3, 30.0, 37.300000000000004, 36.1, 31.0, 36.9]"
ga,14,4,85.17307161407346,31.119999999999997,1470.3,2.0049763759782273,5.6,11.37607142857143,21.02916666666667,9.653095238095238,True,0.0,hospital_corridor,28,12,"[11, 29, 47, 53, 61, 73, 89, 97, 101, 109]","[3.640685640942849, 4.7851777898356875, 0.701084374656902, 0.5, 1.0]","{""time"": 0.0, ""collisions"": 0.05, ""congestion"": 1.0, ""fairness"": 1.0, ""incomplete_base"": 1000.0, ""incomplete_agent"": 10.0}","[209.11673669467785, 93.84401728844404, 45.56021303258146, 78.47579365079365, 55.78811154598826, 60.295289855072475, 97.01865729898516, 85.71840705825478, 83.73327978250124, 42.18020993343574]","[40.800000000000004, 31.400000000000002, 28.5, 27.0, 29.200000000000003, 27.6, 30.5, 39.400000000000006, 28.900000000000002, 27.900000000000002]"
ga,14,5,14.051933160806596,33.44,47.1,1.8832426846161199,5.6,12.602142857142857,22.415833333333335,9.813690476190477,True,0.0,hospital_corridor,28,12,"[11, 29, 47, 53, 61, 73, 89, 97, 101, 109]","[3.9702619045854863, 4.78257564843604, 0.9161201288913131, 0.5, 1.0]","{""time"": 0.0, ""collisions"": 0.05, ""congestion"": 1.0, ""fairness"": 1.0, ""incomplete_base"": 1000.0, ""incomplete_agent"": 10.0}","[21.373101673101676, 16.595734908136485, 11.660217954251188, 13.11835388831792, 9.383825944170773, 13.154705976350272, 15.253901319563973, 14.497537379067724, 13.2254105090312, 12.256542056074768]","[44.400000000000006, 38.1, 33.1, 27.8, 29.0, 29.8, 33.2, 37.9, 29.0, 32.1]"
ga,14,6,12.188520178359934,32.00000000000001,30.1,1.8432820831218364,5.4,12.72392857142857,21.56416666666667,8.840238095238096,True,0.0,hospital_corridor,28,12,"[11, 29, 47, 53, 61, 73, 89, 97, 101, 109]","[3.711112422917718, 4.793615341544442, 0.9175051555255448, 0.5, 1.0]","{""time"": 0.0, ""collisions"": 0.05, ""congestion"": 1.0, ""fairness"": 1.0, ""incomplete_base"": 1000.0, ""incomplete_agent"": 10.0}","[14.238095238095237, 9.084950364510625, 11.69416177429876, 10.913095238095238, 9.511355311355311, 12.032863733728787, 14.197378832838773, 13.00108406491088, 14.014957567185292, 13.197259658580414]","[37.0, 30.700000000000003, 29.200000000000003, 30.0, 27.3, 28.900000000000002, 33.7, 35.800000000000004, 30.3, 37.1]"
ga,14,7,12.188520178359934,32.00000000000001,30.1,1.8432820831218364,5.4,12.72392857142857,21.56416666666667,8.840238095238096,True,0.0,hospital_corridor,28,12,"[11, 29, 47, 53, 61, 73, 89, 97, 101, 109]","[3.711112422917718, 4.793615341544442, 0.9175051555255448, 0.5, 1.0]","{""time"": 0.0, ""collisions"": 0.05, ""congestion"": 1.0, ""fairness"": 1.0, ""incomplete_base"": 1000.0, ""incomplete_agent"": 10.0}","[14.238095238095237, 9.084950364510625, 11.69416177429876, 10.913095238095238, 9.511355311355311, 12.032863733728787, 14.197378832838773, 13.00108406491088, 14.014957567185292, 13.197259658580414]","[37.0, 30.700000000000003, 29.200000000000003, 30.0, 27.3, 28.900000000000002, 33.7, 35.800000000000004, 30.3, 37.1]"
ga,14,8,13.059621294053287,34.239999999999995,22.4,1.7856927226247143,4.6,12.83857142857143,22.992500000000003,10.153928571428573,True,0.0,hospital_corridor,28,12,"[11, 29, 47, 53, 61, 73, 89, 97, 101, 109]","[3.5957932058442723, 5.0, 0.9171796312186016, 0.5, 1.0]","{""time"": 0.0, ""collisions"": 0.05, ""congestion"": 1.0, ""fairness"": 1.0, ""incomplete_base"": 1000.0, ""incomplete_agent"": 10.0}","[14.98661988724961, 11.901014109347443, 11.106292517006803, 11.981364040943483, 7.673114693348156, 11.969769711163154, 16.039824797843668, 17.406453634085214, 15.565342052313884, 11.96641749723145]","[39.7, 32.4, 29.400000000000002, 32.1, 25.700000000000003, 30.5, 37.1, 45.6, 35.5, 34.4]"
ga,14,9,13.500329439842606,34.17,32.4,1.8447342017473662,5.2,12.941071428571428,22.976666666666667,10.03559523809524,True,0.0,hospital_corridor,28,12,"[11, 29, 47, 53, 61, 73, 89, 97, 101, 109]","[3.711112422917718, 4.95802773667398, 0.9175051555255448, 0.5, 1.0]","{""time"": 0.0, ""collisions"": 0.05, ""congestion"": 1.0, ""fairness"": 1.0, ""incomplete_base"": 1000.0, ""incomplete_agent"": 10.0}","[21.772765818656232, 10.011410963099067, 13.775978473581214, 12.969449225473323, 8.612087912087912, 12.855952380952381, 15.395760825576692, 12.31904761904762, 15.121457785568216, 12.169383394383397]","[51.1, 31.1, 29.200000000000003, 33.2, 27.3, 30.8, 35.300000000000004, 36.0, 32.6, 35.1]"
ga,14,10,14.448922964904858,35.32000000000001,67.0,1.8395182030000945,5.7,13.726428571428574,22.985833333333336,9.259404761904763,True,0.0,hospital_corridor,28,12,"[11, 29, 47, 53, 61, 73, 89, 97, 101, 109]","[3.5448880312806157, 4.6946959207423085, 0.9176198714772289, 0.5, 1.0]","{""time"": 0.0, ""collisions"": 0.05, ""congestion"": 1.0, ""fairness"": 1.0, ""incomplete_base"": 1000.0, ""incomplete_agent"": 10.0}","[29.692582417582422, 9.883766233766234, 11.26611219830398, 11.85374149659864, 9.65861581920904, 12.60570607553366, 14.748000526177321, 15.705516953863258, 17.250517598343684, 11.82467032967033]","[50.7, 30.8, 29.200000000000003, 29.400000000000002, 29.5, 29.0, 36.2, 51.400000000000006, 34.5, 32.5]"
ga,14,11,13.634635673142089,35.720000000000006,48.5,1.7610642445706581,5.3,13.436428571428573,22.884999999999998,9.44857142857143,True,0.0,hospital_corridor,28,12,"[11, 29, 47, 53, 61, 73, 89, 97, 101, 109]","[3.603670118212876, 4.793569116484269, 0.9175540415098036, 0.5, 1.0]","{""time"": 0.0, ""collisions"": 0.05, ""congestion"": 1.0, ""fairness"": 1.0, ""incomplete_base"": 1000.0, ""incomplete_agent"": 10.0}","[24.360273368606702, 9.750190171915412, 11.641258969341163, 17.34217822407478, 7.13689607229753, 12.609595476986781, 15.01875, 11.85289996107435, 15.415238095238095, 11.219076391886059]","[56.7, 31.3, 29.200000000000003, 37.7, 27.400000000000002, 29.900000000000002, 35.2, 36.7, 40.0, 33.1]"
ga,14,12,1146.7301630567663,36.64,2709.7,1.8479119745152488,5.6,11.177142857142858,19.57439393939394,8.397251082251085,False,0.1,hospital_corridor,28,12,"[11, 29, 47, 53, 61, 73, 89, 97, 101, 109]","[3.650601510432437, 4.7739512524736885, 0.5, 0.5, 1.0]","{""time"": 0.0, ""collisions"": 0.05, ""congestion"": 1.0, ""fairness"": 1.0, ""incomplete_base"": 1000.0, ""incomplete_agent"": 10.0}","[1186.0145584415584, 155.97868879946344, 122.06624748490947, 128.8321067821068, 157.66594034725804, 110.26399895724714, 158.84140786749484, 181.22358803986714, 127.53333333333335, 138.88176051442474]","[100.0, 28.400000000000002, 28.400000000000002, 29.700000000000003, 27.700000000000003, 27.400000000000002, 32.2, 34.4, 30.8, 27.400000000000002]"
ga,14,13,146.45708940418785,29.55,2716.7,2.003637023235467,5.9,11.170714285714286,19.789166666666667,8.61845238095238,True,0.0,hospital_corridor,28,12,"[11, 29, 47, 53, 61, 73, 89, 97, 101, 109]","[3.707372123819121, 4.760829364330521, 0.667350437349179, 0.5, 1.0]","{""time"": 0.0, ""collisions"": 0.05, ""congestion"": 1.0, ""fairness"": 1.0, ""incomplete_base"": 1000.0, ""incomplete_agent"": 10.0}","[194.41636904761904, 154.39661301140174, 117.23546609456506, 132.062074829932, 151.97494004796164, 114.55369308307266, 158.57750481695567, 198.68623693379791, 102.71167014250956, 139.95632603406327]","[32.0, 28.400000000000002, 28.3, 29.400000000000002, 27.8, 27.400000000000002, 34.6, 32.800000000000004, 27.400000000000002, 27.400000000000002]"
ga,14,14,12.188520178359934,32.00000000000001,30.1,1.8432820831218364,5.4,12.72392857142857,21.56416666666667,8.840238095238096,True,0.0,hospital_corridor,28,12,"[11, 29, 47, 53, 61, 73, 89, 97, 101, 109]","[3.711112422917718, 4.793615341544442, 0.9175051555255448, 0.5, 1.0]","{""time"": 0.0, ""collisions"": 0.05, ""congestion"": 1.0, ""fairness"": 1.0, ""incomplete_base"": 1000.0, ""incomplete_agent"": 10.0}","[14.238095238095237, 9.084950364510625, 11.69416177429876, 10.913095238095238, 9.511355311355311, 12.032863733728787, 14.197378832838773, 13.00108406491088, 14.014957567185292, 13.197259658580414]","[37.0, 30.700000000000003, 29.200000000000003, 30.0, 27.3, 28.900000000000002, 33.7, 35.800000000000004, 30.3, 37.1]"
ga,14,15,154.79232205659827,30.4,2875.7,2.0282744375506367,6.6,11.566785714285714,20.545833333333334,8.97904761904762,True,0.0,hospital_corridor,28,12,"[11, 29, 47, 53, 61, 73, 89, 97, 101, 109]","[3.3545784676146817, 4.774138096727286, 0.5950340822165953, 0.5, 1.0]","{""time"": 0.0, ""collisions"": 0.05, ""congestion"": 1.0, ""fairness"": 1.0, ""incomplete_base"": 1000.0, ""incomplete_agent"": 10.0}","[202.74296536796538, 168.14645760743323, 133.79494047619048, 146.61403200624514, 137.9745187436677, 116.49151515151516, 172.40052552552552, 188.80380952380955, 124.46330136294802, 156.4911548006825]","[33.0, 28.700000000000003, 28.8, 30.5, 28.200000000000003, 27.5, 33.300000000000004, 35.0, 28.3, 30.700000000000003]"
ga,14,16,1135.5294866796437,100.0,7.9,0.4138,3.5,14.092154229447138,26.812840909090916,12.720686679643773,False,12.2,hospital_corridor,28,12,"[11, 29, 47, 53, 61, 73, 89, 97, 101, 109]","[3.3975102866370537, 4.701536662924374, 1.2931855389577427, 0.5, 1.0]","{""time"": 0.0, ""collisions"": 0.05, ""congestion"": 1.0, ""fairness"": 1.0, ""incomplete_base"": 1000.0, ""incomplete_agent"": 10.0}","[1145.1831666666667, 1153.202909090909, 1110.312492063492, 1130.4767485380116, 1136.8904561403508, 1097.6805603864734, 1106.0895656565656, 1176.9505238095237, 1069.5074444444444, 1229.001]","[100.0, 100.0, 100.0, 100.0, 100.0, 100.0, 100.0, 100.0, 100.0, 100.0]"
ga,14,17,13.124693514747403,35.00000000000001,27.1,1.7748125623664497,5.2,13.124285714285714,23.11916666666667,9.994880952380953,True,0.0,hospital_corridor,28,12,"[11, 29, 47, 53, 61, 73, 89, 97, 101, 109]","[3.4354448453905997, 4.747701423205837, 0.9152169236166734, 0.5, 1.0]","{""time"": 0.0, ""collisions"": 0.05, ""congestion"": 1.0, ""fairness"": 1.0, ""incomplete_base"": 1000.0, ""incomplete_agent"": 10.0}","[20.32011278195489, 11.243128390596745, 11.623224374495564, 13.367610953729935, 9.893382548550145, 12.557206775327582, 14.498549004089172, 12.127105411897695, 12.482142857142858, 13.134472049689442]","[53.2, 31.6, 29.5, 35.300000000000004, 35.800000000000004, 29.8, 36.1, 33.7, 32.800000000000004, 32.2]"
ga,14,18,13.460042609960384,34.650000000000006,33.7,1.9348045147222883,5.6,13.383928571428573,23.22416666666667,9.840238095238096,True,0.0,hospital_corridor,28,12,"[11, 29, 47, 53, 61, 73, 89, 97, 101, 109]","[3.4467351537495983, 4.720947683565921, 0.915752927056265, 0.5, 1.0]","{""time"": 0.0, ""collisions"": 0.05, ""congestion"": 1.0, ""fairness"": 1.0, ""incomplete_base"": 1000.0, ""incomplete_agent"": 10.0}","[16.988867438867437, 16.051538908246222, 13.359047619047619, 11.780858395989975, 9.286810154525387, 12.675343018563359, 18.473819255222526, 11.229978354978353, 12.497985347985347, 12.256177606177609]","[44.400000000000006, 41.0, 30.0, 30.400000000000002, 30.200000000000003, 29.5, 36.7, 38.5, 32.5, 33.300000000000004]"
ga,14,19,12.305529088923723,32.29,27.6,1.8846957555903896,4.8,12.905000000000001,21.945833333333333,9.040833333333333,True,0.0,hospital_corridor,28,12,"[11, 29, 47, 53, 61, 73, 89, 97, 101, 109]","[3.3806364699678704, 4.768716277592493, 0.9167422866687789, 0.5, 1.0]","{""time"": 0.0, ""collisions"": 0.05, ""congestion"": 1.0, ""fairness"": 1.0, ""incomplete_base"": 1000.0, ""incomplete_agent"": 10.0}","[14.00842151675485, 9.964124230133693, 11.923648648648651, 11.900266636623106, 7.805325814536341, 12.574543049543049, 15.859618070101941, 12.049768225874423, 14.709742245522063, 12.25983245149912]","[40.5, 31.700000000000003, 29.6, 31.700000000000003, 26.6, 29.700000000000003, 34.1, 33.9, 32.7, 32.4]"
ga,14,20,13.62028098861546,37.03,24.8,1.7487333695678404,5.0,13.659285714285716,24.290833333333335,10.63154761904762,True,0.0,hospital_corridor,28,12,"[11, 29, 47, 53, 61, 73, 89, 97, 101, 109]","[3.2108630636979796, 4.793548605672196, 0.9176687574614877, 0.5, 1.0]","{""time"": 0.0, ""collisions"": 0.05, ""congestion"": 1.0, ""fairness"": 1.0, ""incomplete_base"": 1000.0, ""incomplete_agent"": 10.0}","[16.700013558954335, 9.845423765836612, 11.374889258028793, 11.292778216258881, 13.385784757877783, 14.844118525153007, 18.17998641143803, 13.186065433367595, 15.017486222975839, 12.376263736263738]","[43.900000000000006, 32.7, 30.1, 36.2, 47.300000000000004, 31.900000000000002, 40.300000000000004, 41.7, 33.7, 32.5]"
ga,14,21,1047.437422069905,87.15,16.7,0.7360838525669153,4.8,13.580742590742592,24.447080808080813,10.86633821733822,False,3.5,hospital_corridor,28,12,"[11, 29, 47, 53, 61, 73, 89, 97, 101, 109]","[3.64686121133384, 4.7411652752597675, 1.0618998428230624, 0.5, 1.0]","{""time"": 0.0, ""collisions"": 0.05, ""congestion"": 1.0, ""fairness"": 1.0, ""incomplete_base"": 1000.0, ""incomplete_agent"": 10.0}","[1031.093, 1076.8350303030304, 1030.3864102564103, 1095.9630505050504, 1090.7842683982683, 12.242220376522704, 1055.9743846153847, 1035.7901428571429, 14.794856244384547, 1030.510857142857]","[100.0, 100.0, 100.0, 100.0, 100.0, 34.4, 100.0, 100.0, 37.1, 100.0]"
ga,14,22,12.975501881291795,33.65999999999999,34.0,1.783239976529891,5.1,12.88857142857143,22.380833333333335,9.492261904761904,True,0.0,hospital_corridor,28,12,"[11, 29, 47, 53, 61, 73, 89, 97, 101, 109]","[3.5957932058442723, 4.690342341421061, 0.9171796312186016, 0.5, 1.0]","{""time"": 0.0, ""collisions"": 0.05, ""congestion"": 1.0, ""fairness"": 1.0, ""incomplete_base"": 1000.0, ""incomplete_agent"": 10.0}","[15.28095238095238, 14.723025919228451, 12.120238095238095, 11.955716643092881, 10.222147732813262, 12.88300828863969, 14.321218487394958, 14.444243313763863, 11.888941102756892, 11.915526849037487]","[36.0, 39.5, 29.400000000000002, 30.3, 29.3, 29.3, 35.7, 43.800000000000004, 30.400000000000002, 32.9]"
ga,14,23,12.188520178359934,32.00000000000001,30.1,1.8432820831218364,5.4,12.72392857142857,21.56416666666667,8.840238095238096,True,0.0,hospital_corridor,28,12,"[11, 29, 47, 53, 61, 73, 89, 97, 101, 109]","[3.711112422917718, 4.793615341544442, 0.9175051555255448, 0.5, 1.0]","{""time"": 0.0, ""collisions"": 0.05, ""congestion"": 1.0, ""fairness"": 1.0, ""incomplete_base"": 1000.0, ""incomplete_agent"": 10.0}","[14.238095238095237, 9.084950364510625, 11.69416177429876, 10.913095238095238, 9.511355311355311, 12.032863733728787, 14.197378832838773, 13.00108406491088, 14.014957567185292, 13.197259658580414]","[37.0, 30.700000000000003, 29.200000000000003, 30.0, 27.3, 28.900000000000002, 33.7, 35.800000000000004, 30.3, 37.1]"
ga,15,0,11.725184125514954,32.34,25.5,1.7313746017054286,5.2,12.807857142857145,21.526666666666667,8.718809523809526,True,0.0,hospital_corridor,28,12,"[11, 29, 47, 53, 61, 73, 89, 97, 101, 109]","[3.64686121133384, 4.7411652752597675, 0.9174918726901772, 0.5, 1.0]","{""time"": 0.0, ""collisions"": 0.05, ""congestion"": 1.0, ""fairness"": 1.0, ""incomplete_base"": 1000.0, ""incomplete_agent"": 10.0}","[12.564062748845357, 9.385714285714288, 12.504496939841768, 12.653968253968255, 8.429210220673635, 11.51904761904762, 15.476004256451182, 10.627992277992277, 12.290749414519906, 11.800595238095239]","[29.900000000000002, 31.5, 31.900000000000002, 31.5, 32.800000000000004, 28.900000000000002, 35.800000000000004, 37.0, 30.5, 33.6]"
ga,15,1,11.779756589695333,33.32,23.6,1.8074946849334268,5.5,13.181071428571428,21.973333333333336,8.792261904761906,True,0.0,hospital_corridor,28,12,"[11, 29, 47, 53, 61, 73, 89, 97, 101, 109]","[3.352941684757863, 4.780317024968183, 0.9152126439458635, 0.5, 1.0]","{""time"": 0.0, ""collisions"": 0.05, ""congestion"": 1.0, ""fairness"": 1.0, ""incomplete_base"": 1000.0, ""incomplete_agent"": 10.0}","[9.762888198757764, 12.197442541685447, 11.77717917675545, 10.68095650024716, 9.118167701863356, 12.145335675253708, 13.465351812366741, 12.261274509803922, 14.661607142857143, 11.727362637362637]","[34.5, 31.700000000000003, 29.5, 28.900000000000002, 34.5, 30.5, 40.2, 35.7, 35.2, 32.5]"
ga,15,2,12.930214637365012,34.99999999999999,29.8,1.7817622564126308,5.3,13.178214285714287,22.836666666666666,9.658452380952381,True,0.0,hospital_corridor,28,12,"[11, 29, 47, 53, 61, 73, 89, 97, 101, 109]","[3.7005416915984206, 4.9389717848341785, 0.9175049457119177, 0.5, 1.0]","{""time"": 0.0, ""collisions"": 0.05, ""congestion"": 1.0, ""fairness"": 1.0, ""incomplete_base"": 1000.0, ""incomplete_agent"": 10.0}","[18.324622184203026, 9.971031746031745, 12.713733431516937, 15.882799671592773, 8.036986863711, 12.520763656633221, 15.21040706605223, 11.973961218836566, 12.677694235588973, 11.99014629948365]","[50.1, 31.5, 29.1, 43.5, 29.0, 29.900000000000002, 37.2, 36.1, 30.400000000000002, 33.2]"
ga,15,3,12.37040352764393,34.18,26.1,1.753379718120121,5.0,13.164642857142857,22.476666666666667,9.31202380952381,True,0.0,hospital_corridor,28,12,"[11, 29, 47, 53, 61, 73, 89, 97, 101, 109]","[3.6574319426531376, 4.778980843585394, 0.9174920825038043, 0.5, 1.0]","{""time"": 0.0, ""collisions"": 0.05, ""congestion"": 1.0, ""fairness"": 1.0, ""incomplete_base"": 1000.0, ""incomplete_agent"": 10.0}","[14.383189033189034, 9.37957577167675, 11.976190476190478, 11.936389481165598, 8.280046354825114, 12.14142857142857, 18.10183486238532, 11.924016563146996, 13.52310924369748, 12.058254918733962]","[39.6, 30.700000000000003, 32.0, 33.5, 33.9, 30.0, 43.6, 34.5, 30.6, 33.4]"
ga,15,4,95.43788195774836,34.1,1653.2,1.807524814891206,5.7,12.169642857142856,23.140000000000004,10.970357142857143,True,0.0,hospital_corridor,28,12,"[11, 29, 47, 53, 61, 73, 89, 97, 101, 109]","[3.214084674664264, 4.758874211485418, 0.7053831633486847, 0.5, 1.0]","{""time"": 0.0, ""collisions"": 0.05, ""congestion"": 1.0, ""fairness"": 1.0, ""incomplete_base"": 1000.0, ""incomplete_agent"": 10.0}","[382.5407684630739, 97.64354317998385, 52.4493842364532, 89.41931130758493, 48.25172679993499, 50.80889633831872, 60.66458515921707, 77.3001040221914, 51.738619854721556, 43.56188021600393]","[66.8, 35.4, 29.0, 30.700000000000003, 29.3, 27.700000000000003, 32.6, 30.900000000000002, 29.5, 29.1]"
ga,15,5,16.79440663133881,31.909999999999997,120.3,1.9332161551483336,5.1,12.577142857142858,21.423333333333336,8.846190476190477,True,0.0,hospital_corridor,28,12,"[11, 29, 47, 53, 61, 73, 89, 97, 101, 109]","[3.8917700269140134, 4.76001329126845, 0.8484853468462847, 0.5, 1.0]","{""time"": 0.0, ""collisions"": 0.05, ""congestion"": 1.0, ""fairness"": 1.0, ""incomplete_base"": 1000.0, ""incomplete_agent"": 10.0}","[22.610238095238095, 16.53665559246955, 14.651043705153295, 23.200353825740823, 11.599766899766902, 13.755537197085241, 18.719688644688645, 16.91649214659686, 15.821428571428573, 14.132861635220126]","[35.0, 30.1, 29.200000000000003, 32.300000000000004, 28.6, 28.1, 36.4, 38.2, 29.400000000000002, 31.8]"
ga,15,6,14.560392323510202,34.19,57.8,1.7602732758911537,5.4,12.658214285714287,22.568333333333335,9.910119047619048,True,0.0,hospital_corridor,28,12,"[11, 29, 47, 53, 61, 73, 89, 97, 101, 109]","[3.9334116578928215, 4.792400205705533, 0.9172468349215231, 0.5, 1.0]","{""time"": 0.0, ""collisions"": 0.05, ""congestion"": 1.0, ""fairness"": 1.0, ""incomplete_base"": 1000.0, ""incomplete_agent"": 10.0}","[24.980168626053917, 16.8916251039069, 10.697701149425285, 13.031989247311827, 7.971570778482041, 16.743432316746922, 14.325155279503107, 12.641415465268675, 15.811469664007738, 12.509395604395607]","[40.1, 40.1, 29.0, 31.0, 29.3, 35.6, 32.2, 32.7, 39.400000000000006, 32.5]"
ga,15,7,13.701587728098826,34.64,34.4,1.7988496328607293,5.4,12.873928571428573,23.05666666666667,10.182738095238097,True,0.0,hospital_corridor,28,12,"[11, 29, 47, 53, 61, 73, 89, 97, 101, 109]","[3.7479626696103834, 4.783790784274949, 0.9163784494953346, 0.5, 1.0]","{""time"": 0.0, ""collisions"": 0.05, ""congestion"": 1.0, ""fairness"": 1.0, ""incomplete_base"": 1000.0, ""incomplete_agent"": 10.0}","[16.411630036630036, 15.67415985467757, 13.193706399757355, 14.07749169435216, 8.211394557823128, 12.768226999537681, 14.871998078770412, 11.860313315926895, 13.55343137254902, 16.393524970964]","[39.0, 36.7, 31.400000000000002, 34.4, 29.400000000000002, 30.900000000000002, 34.7, 38.300000000000004, 30.6, 41.0]"
ga,15,8,189.5867407252828,33.660000000000004,3577.9,1.8829312014732646,5.5,12.640357142857143,21.449166666666667,8.808809523809524,True,0.0,hospital_corridor,28,12,"[11, 29, 47, 53, 61, 73, 89, 97, 101, 109]","[3.711112422917718, 4.793615341544442, 0.6994253492919877, 0.5, 1.0]","{""time"": 0.0, ""collisions"": 0.05, ""congestion"": 1.0, ""fairness"": 1.0, ""incomplete_base"": 1000.0, ""incomplete_agent"": 10.0}","[884.9489099987821, 124.47845405767943, 85.51226653205453, 104.55576923076924, 102.50614355231146, 89.18775634341328, 123.85375457875459, 170.28921709894334, 98.51541536322559, 112.01972049689441]","[78.2, 28.400000000000002, 28.3, 26.0, 27.400000000000002, 27.400000000000002, 31.200000000000003, 34.7, 27.400000000000002, 27.6]"
ga,15,9,12.188520178359934,32.00000000000001,30.1,1.8432820831218364,5.4,12.72392857142857,21.56416666666667,8.840238095238096,True,0.0,hospital_corridor,28,12,"[11, 29, 47, 53, 61, 73, 89, 97, 101, 109]","[3.711112422917718, 4.793615341544442, 0.9175051555255448, 0.5, 1.0]","{""time"": 0.0, ""collisions"": 0.05, ""congestion"": 1.0, ""fairness"": 1.0, ""incomplete_base"": 1000.0, ""incomplete_agent"": 10.0}","[14.238095238095237, 9.084950364510625, 11.69416177429876, 10.913095238095238, 9.511355311355311, 12.032863733728787, 14.197378832838773, 13.00108406491088, 14.014957567185292, 13.197259658580414]","[37.0, 30.700000000000003, 29.200000000000003, 30.0, 27.3, 28.900000000000002, 33.7, 35.800000000000004, 30.3, 37.1]"
ga,15,10,12.383691433613624,32.6,30.6,1.8921438145660037,5.3,13.104285714285714,22.065833333333334,8.96154761904762,True,0.0,hospital_corridor,28,12,"[11, 29, 47, 53, 61, 73, 89, 97, 101, 109]","[3.3740836718145326, 4.753076063992781, 0.9152127684730482, 0.5, 1.0]","{""time"": 0.0, ""collisions"": 0.05, ""congestion"": 1.0, ""fairness"": 1.0, ""incomplete_base"": 1000.0, ""incomplete_agent"": 10.0}","[16.16615397984011, 9.694328177130725, 11.641248391248393, 11.449908424908426, 8.419159226190477, 12.076167133520077, 14.660424377004691, 14.138994169096211, 13.693131868131868, 11.897398589065256]","[41.1, 31.400000000000002, 29.6, 31.200000000000003, 25.6, 30.6, 38.6, 34.300000000000004, 31.200000000000003, 32.4]"
ga,15,11,12.802921723444669,35.230000000000004,29.1,1.8407788663018132,5.8,13.135357142857142,22.642500000000002,9.507142857142856,True,0.0,hospital_corridor,28,12,"[11, 29, 47, 53, 61, 73, 89, 97, 101, 109]","[3.41430285833393, 4.774942384181239, 0.9152167990894887, 0.5, 1.0]","{""time"": 0.0, ""collisions"": 0.05, ""congestion"": 1.0, ""fairness"": 1.0, ""incomplete_base"": 1000.0, ""incomplete_agent"": 10.0}","[17.800769858264502, 11.16738095238095, 11.0386400322841, 11.145748299319731, 7.7252214839424145, 12.795874587458748, 14.372648563557654, 11.376605136436597, 13.911688311688312, 16.694640009113698]","[46.7, 35.0, 29.5, 29.400000000000002, 25.8, 30.3, 36.300000000000004, 44.5, 33.0, 41.800000000000004]"
ga,15,12,12.722292419102079,33.24999999999999,30.5,1.8897924191020767,5.3,13.025,22.3325,9.307500000000001,True,0.0,hospital_corridor,28,12,"[11, 29, 47, 53, 61, 73, 89, 97, 101, 109]","[3.527948125546674, 4.7077441249748695, 0.9172229092323091, 0.5, 1.0]","{""time"": 0.0, ""collisions"": 0.05, ""congestion"": 1.0, ""fairness"": 1.0, ""incomplete_base"": 1000.0, ""incomplete_agent"": 10.0}","[15.655086580086582, 11.378776814240073, 11.4103120429059, 11.1539764359352, 8.813047299456695, 14.329254488680718, 15.80561797752809, 13.21230604601391, 13.338987125794944, 12.125559380378657]","[38.5, 31.3, 29.3, 29.1, 29.8, 30.5, 35.6, 44.5, 30.700000000000003, 33.2]"
ga,15,13,1111.0996961099097,100.0,11.4,0.46270000000000006,4.1,13.877011826598272,22.944007936507937,9.066996109909669,False,10.1,hospital_corridor,28,12,"[11, 29, 47, 53, 61, 73, 89, 97, 101, 109]","[3.6473517444055967, 4.7762135579906335, 1.2166008044921253, 0.5, 1.0]","{""time"": 0.0, ""collisions"": 0.05, ""congestion"": 1.0, ""fairness"": 1.0, ""incomplete_base"": 1000.0, ""incomplete_agent"": 10.0}","[1097.8940952380951, 1171.86625, 1081.4743888888888, 1126.252976608187, 1136.9820263157894, 1092.0564975845411, 1084.0505, 1079.613934065934, 1068.3895555555555, 1172.4167368421054]","[100.0, 100.0, 100.0, 100.0, 100.0, 100.0, 100.0, 100.0, 100.0, 100.0]"
ga,15,14,12.188520178359934,32.00000000000001,30.1,1.8432820831218364,5.4,12.72392857142857,21.56416666666667,8.840238095238096,True,0.0,hospital_corridor,28,12,"[11, 29, 47, 53, 61, 73, 89, 97, 101, 109]","[3.711112422917718, 4.793615341544442, 0.9175051555255448, 0.5, 1.0]","{""time"": 0.0, ""collisions"": 0.05, ""congestion"": 1.0, ""fairness"": 1.0, ""incomplete_base"": 1000.0, ""incomplete_agent"": 10.0}","[14.238095238095237, 9.084950364510625, 11.69416177429876, 10.913095238095238, 9.511355311355311, 12.032863733728787, 14.197378832838773, 13.00108406491088, 14.014957567185292, 13.197259658580414]","[37.0, 30.700000000000003, 29.200000000000003, 30.0, 27.3, 28.900000000000002, 33.7, 35.800000000000004, 30.3, 37.1]"
ga,15,15,12.203851927554734,31.950000000000006,34.7,1.8514709751737812,5.4,12.631785714285716,21.24916666666667,8.617380952380952,True,0.0,hospital_corridor,28,12,"[11, 29, 47, 53, 61, 73, 89, 97, 101, 109]","[3.711112422917718, 4.783241581250088, 0.9175051555255448, 0.5, 1.0]","{""time"": 0.0, ""collisions"": 0.05, ""congestion"": 1.0, ""fairness"": 1.0, ""incomplete_base"": 1000.0, ""incomplete_agent"": 10.0}","[18.59903748733536, 9.17543920480814, 12.400303306035791, 11.418724778046812, 9.229858104858106, 11.620880705223264, 14.280145278450364, 12.050240214780272, 11.711976669862578, 11.551913526146656]","[37.6, 30.900000000000002, 31.400000000000002, 29.5, 29.700000000000003, 28.900000000000002, 35.4, 33.7, 29.8, 32.6]"
ga,15,16,12.955294995020083,32.580000000000005,22.9,1.7674378521629415,5.4,12.432142857142859,22.475,10.042857142857141,True,0.0,hospital_corridor,28,12,"[11, 29, 47, 53, 61, 73, 89, 97, 101, 109]","[3.5949891804906513, 4.949387220805376, 0.9169426299221578, 0.5, 1.0]","{""time"": 0.0, ""collisions"": 0.05, ""congestion"": 1.0, ""fairness"": 1.0, ""incomplete_base"": 1000.0, ""incomplete_agent"": 10.0}","[15.667700258397932, 13.075839526562072, 12.047619047619047, 12.228612479474549, 10.028965625985492, 12.493660022148394, 15.0, 14.008686702346644, 13.146236559139785, 11.855629728526928]","[38.7, 34.6, 29.400000000000002, 29.0, 30.200000000000003, 30.1, 36.0, 34.7, 31.0, 32.1]"
ga,15,17,1018.0199477492083,39.25,24.6,1.9822874927980947,4.9,12.861923076923077,21.669583333333335,8.807660256410257,False,0.6,hospital_corridor,28,12,"[11, 29, 47, 53, 61, 73, 89, 97, 101, 109]","[3.345302308938338, 4.743826696534396, 0.9172915294367983, 0.5, 1.0]","{""time"": 0.0, ""collisions"": 0.05, ""congestion"": 1.0, ""fairness"": 1.0, ""incomplete_base"": 1000.0, ""incomplete_agent"": 10.0}","[12.597504972504971, 1072.3922692307692, 11.940643975711092, 10.895509747523173, 8.438365197380067, 12.399149659863948, 14.101244588744589, 11.7824016563147, 13.170245606128887, 12.482142857142858]","[40.7, 100.0, 29.8, 29.8, 26.900000000000002, 29.400000000000002, 35.2, 36.800000000000004, 31.700000000000003, 32.2]"
ga,15,18,12.374095828844734,33.059999999999995,27.5,1.81623868598759,5.3,12.697142857142858,21.880000000000003,9.182857142857143,True,0.0,hospital_corridor,28,12,"[11, 29, 47, 53, 61, 73, 89, 97, 101, 109]","[3.6250088099122784, 4.7652635533812475, 0.9171725978046703, 0.5, 1.0]","{""time"": 0.0, ""collisions"": 0.05, ""congestion"": 1.0, ""fairness"": 1.0, ""incomplete_base"": 1000.0, ""incomplete_agent"": 10.0}","[14.98179945054945, 9.752750809061489, 11.584817351598172, 12.251806239737277, 8.436665041443199, 11.579805725971372, 16.603046494188227, 11.648043976797519, 14.910419574996121, 11.991803624104511]","[41.6, 30.900000000000002, 29.200000000000003, 29.0, 29.3, 32.6, 38.1, 35.300000000000004, 30.700000000000003, 33.9]"
ga,15,19,13.528037690475314,34.25,46.3,1.9141091190467414,5.6,13.24107142857143,22.54,9.298928571428572,True,0.0,hospital_corridor,28,12,"[11, 29, 47, 53, 61, 73, 89, 97, 101, 109]","[3.680631312628595, 4.756520371993714, 0.917498142183798, 0.5, 1.0]","{""time"": 0.0, ""collisions"": 0.05, ""congestion"": 1.0, ""fairness"": 1.0, ""incomplete_base"": 1000.0, ""incomplete_agent"": 10.0}","[24.42686859553948, 9.694995376791493, 12.3110088365243, 14.219611528822055, 9.172619047619047, 12.183086175646732, 16.9860599078341, 11.635871704053521, 12.435, 12.215255731922397]","[55.300000000000004, 30.900000000000002, 29.1, 30.400000000000002, 32.0, 28.900000000000002, 37.2, 36.300000000000004, 30.0, 32.4]"
ga,15,20,1123.3120934240974,100.0,7.9,0.4687,3.7,14.65354705209315,26.101940476190475,11.448393424097327,False,11.1,hospital_corridor,28,12,"[11, 29, 47, 53, 61, 73, 89, 97, 101, 109]","[3.711112422917718, 4.793615341544442, 1.409200670063341, 0.5, 1.0]","{""time"": 0.0, ""collisions"": 0.05, ""congestion"": 1.0, ""fairness"": 1.0, ""incomplete_base"": 1000.0, ""incomplete_agent"": 10.0}","[1108.576, 1161.491, 1118.498, 1127.5005964912282, 1123.8664210526315, 1152.7793333333334, 1097.949077294686, 1095.339, 1071.3971111111111, 1175.7243949579831]","[100.0, 100.0, 100.0, 100.0, 100.0, 100.0, 100.0, 100.0, 100.0, 100.0]"
ga,15,21,11.725184125514954,32.34,25.5,1.7313746017054286,5.2,12.807857142857145,21.526666666666667,8.718809523809526,True,0.0,hospital_corridor,28,12,"[11, 29, 47, 53, 61, 73, 89, 97, 101, 109]","[3.64686121133384, 4.7411652752597675, 0.9174918726901772, 0.5, 1.0]","{""time"": 0.0, ""collisions"": 0.05, ""congestion"": 1.0, ""fairness"": 1.0, ""incomplete_base"": 1000.0, ""incomplete_agent"": 10.0}","[12.564062748845357, 9.385714285714288, 12.504496939841768, 12.653968253968255, 8.429210220673635, 11.51904761904762, 15.476004256451182, 10.627992277992277, 12.290749414519906, 11.800595238095239]","[29.900000000000002, 31.5, 31.900000000000002, 31.5, 32.800000000000004, 28.900000000000002, 35.800000000000004, 37.0, 30.5, 33.6]"
ga,15,22,13.50754307646358,37.21,41.2,1.7333764097969122,5.2,14.01,23.72416666666667,9.714166666666667,True,0.0,hospital_corridor,28,12,"[11, 29, 47, 53, 61, 73, 89, 97, 101, 109]","[3.5606743532330083, 4.979373859982158, 0.9175540415098036, 0.5, 1.0]","{""time"": 0.0, ""collisions"": 0.05, ""congestion"": 1.0, ""fairness"": 1.0, ""incomplete_base"": 1000.0, ""incomplete_agent"": 10.0}","[17.931542351453857, 10.767368384303868, 12.093224299065422, 13.828875564824472, 9.784472049689441, 12.256766917293234, 17.080425824175826, 12.442695722356742, 16.110356174990322, 12.779703476482617]","[45.2, 34.1, 32.1, 41.1, 36.800000000000004, 30.400000000000002, 41.6, 41.300000000000004, 36.9, 32.6]"
ga,15,23,12.296647542941137,34.64,27.4,1.7102189715125644,5.3,13.08607142857143,22.302500000000002,9.216428571428573,True,0.0,hospital_corridor,28,12,"[11, 29, 47, 53, 61, 73, 89, 97, 101, 109]","[3.359422013784906, 4.793615341544442, 0.9175051555255448, 0.5, 1.0]","{""time"": 0.0, ""collisions"": 0.05, ""congestion"": 1.0, ""fairness"": 1.0, ""incomplete_base"": 1000.0, ""incomplete_agent"": 10.0}","[11.685576077396659, 11.826259037646471, 11.877574002574002, 17.024972597734745, 7.878354978354979, 11.62151434060656, 14.47223534041716, 11.966649413388543, 12.247970335675255, 12.365369305616984]","[37.9, 38.2, 29.6, 39.1, 26.400000000000002, 34.7, 36.300000000000004, 41.400000000000006, 30.5, 32.300000000000004]"
ga,16,0,11.725184125514954,32.34,25.5,1.7313746017054286,5.2,12.807857142857145,21.526666666666667,8.718809523809526,True,0.0,hospital_corridor,28,12,"[11, 29, 47, 53, 61, 73, 89, 97, 101, 109]","[3.64686121133384, 4.7411652752597675, 0.9174918726901772, 0.5, 1.0]","{""time"": 0.0, ""collisions"": 0.05, ""congestion"": 1.0, ""fairness"": 1.0, ""incomplete_base"": 1000.0, ""incomplete_agent"": 10.0}","[12.564062748845357, 9.385714285714288, 12.504496939841768, 12.653968253968255, 8.429210220673635, 11.51904761904762, 15.476004256451182, 10.627992277992277, 12.290749414519906, 11.800595238095239]","[29.900000000000002, 31.5, 31.900000000000002, 31.5, 32.800000000000004, 28.900000000000002, 35.800000000000004, 37.0, 30.5, 33.6]"
ga,16,1,11.725184125514954,32.34,25.5,1.7313746017054286,5.2,12.807857142857145,21.526666666666667,8.718809523809526,True,0.0,hospital_corridor,28,12,"[11, 29, 47, 53, 61, 73, 89, 97, 101, 109]","[3.64686121133384, 4.7411652752597675, 0.9174918726901772, 0.5, 1.0]","{""time"": 0.0, ""collisions"": 0.05, ""congestion"": 1.0, ""fairness"": 1.0, ""incomplete_base"": 1000.0, ""incomplete_agent"": 10.0}","[12.564062748845357, 9.385714285714288, 12.504496939841768, 12.653968253968255, 8.429210220673635, 11.51904761904762, 15.476004256451182, 10.627992277992277, 12.290749414519906, 11.800595238095239]","[29.900000000000002, 31.5, 31.900000000000002, 31.5, 32.800000000000004, 28.900000000000002, 35.800000000000004, 37.0, 30.5, 33.6]"
ga,16,2,12.584177063267141,34.34,29.4,1.7989389680290444,5.2,12.873928571428573,22.189166666666672,9.315238095238097,True,0.0,hospital_corridor,28,12,"[11, 29, 47, 53, 61, 73, 89, 97, 101, 109]","[3.706429490365885, 4.80418282927831, 0.9175050430229015, 0.5, 1.0]","{""time"": 0.0, ""collisions"": 0.05, ""congestion"": 1.0, ""fairness"": 1.0, ""incomplete_base"": 1000.0, ""incomplete_agent"": 10.0}","[15.929170888213442, 9.75224225612575, 12.206221198156681, 13.616666666666665, 9.328270803270804, 11.763388780169603, 14.850746569814365, 11.84330749895266, 14.749173553719011, 11.802582417582418]","[42.300000000000004, 30.900000000000002, 31.0, 42.0, 29.700000000000003, 29.200000000000003, 35.4, 34.1, 36.300000000000004, 32.5]"
ga,16,3,13.077059992818132,34.11,38.5,1.7419409451990855,5.3,13.323214285714286,22.733333333333334,9.410119047619046,True,0.0,hospital_corridor,28,12,"[11, 29, 47, 53, 61, 73, 89, 97, 101, 109]","[3.7052246241502536, 4.92840429710031, 0.917505058214561, 0.5, 1.0]","{""time"": 0.0, ""collisions"": 0.05, ""congestion"": 1.0, ""fairness"": 1.0, ""incomplete_base"": 1000.0, ""incomplete_agent"": 10.0}","[16.904007377598926, 11.883462421113025, 12.256492767755567, 14.264870456998922, 7.3686600221483936, 12.36545988258317, 16.28802308802309, 13.011682615629983, 13.972531939605112, 12.455409356725145]","[35.5, 33.2, 29.3, 39.7, 25.8, 29.200000000000003, 39.6, 41.800000000000004, 32.800000000000004, 34.2]"
ga,16,4,13.122213457031929,33.53000000000001,31.1,1.8676896475081182,5.6,12.829642857142858,22.52916666666667,9.69952380952381,True,0.0,hospital_corridor,28,12,"[11, 29, 47, 53, 61, 73, 89, 97, 101, 109]","[3.6734854672650457, 4.777101724687634, 0.9174964032914463, 0.5, 1.0]","{""time"": 0.0, ""collisions"": 0.05, ""congestion"": 1.0, ""fairness"": 1.0, ""incomplete_base"": 1000.0, ""incomplete_agent"": 10.0}","[17.191326530612248, 13.31160096085912, 12.496020874103065, 11.754742388758782, 9.337296151337249, 11.882340583292141, 16.923844030365768, 12.512211761495431, 13.549806201550386, 12.262945087945088]","[44.1, 33.7, 29.200000000000003, 30.5, 29.200000000000003, 28.900000000000002, 41.400000000000006, 34.9, 30.1, 33.300000000000004]"
ga,16,5,13.674485289693862,35.17,36.8,1.8019852896938642,5.5,12.9875,23.020000000000003,10.032499999999999,True,0.0,hospital_corridor,28,12,"[11, 29, 47, 53, 61, 73, 89, 97, 101, 109]","[3.684488166986512, 4.796113144472604, 0.9175006249242756, 0.5, 1.0]","{""time"": 0.0, ""collisions"": 0.05, ""congestion"": 1.0, ""fairness"": 1.0, ""incomplete_base"": 1000.0, ""incomplete_agent"": 10.0}","[17.63881673881674, 14.566649899396381, 11.714635854341738, 13.194259818731117, 9.95904761904762, 11.970435821387378, 15.959047619047618, 14.088659147869677, 15.543465543465544, 12.109834834834837]","[39.6, 35.5, 35.7, 33.1, 30.0, 28.900000000000002, 35.0, 39.900000000000006, 40.7, 33.300000000000004]"
ga,16,6,13.180846352160305,32.010000000000005,42.7,1.8525130188269714,5.5,12.7075,21.90083333333333,9.193333333333333,True,0.0,hospital_corridor,28,12,"[11, 29, 47, 53, 61, 73, 89, 97, 101, 109]","[3.7012662072538807, 4.659574301866431, 0.9175051555255447, 0.5, 1.0]","{""time"": 0.0, ""collisions"": 0.05, ""congestion"": 1.0, ""fairness"": 1.0, ""incomplete_base"": 1000.0, ""incomplete_agent"": 10.0}","[17.937438423645325, 16.321227621483377, 12.565252722249308, 13.328539253539255, 7.435070785070785, 12.566530729939036, 13.22622611919019, 13.418110435663625, 12.56350408850409, 12.44656334231806]","[34.800000000000004, 39.1, 29.3, 29.6, 25.900000000000002, 28.900000000000002, 33.4, 37.6, 29.700000000000003, 31.8]"
ga,16,7,13.009854023333956,35.910000000000004,30.4,1.7650921185720505,5.5,13.218571428571428,22.943333333333335,9.724761904761905,True,0.0,hospital_corridor,28,12,"[11, 29, 47, 53, 61, 73, 89, 97, 101, 109]","[3.6876241137809673, 4.973516945599174, 0.9175051555255447, 0.5, 1.0]","{""time"": 0.0, ""collisions"": 0.05, ""congestion"": 1.0, ""fairness"": 1.0, ""incomplete_base"": 1000.0, ""incomplete_agent"": 10.0}","[17.693156732891836, 10.210220673635307, 12.517190336545175, 15.281385496544546, 9.133253435602429, 12.387153931339977, 14.855801475519787, 12.211309523809522, 13.726330532212884, 12.082738095238096]","[45.300000000000004, 32.800000000000004, 34.1, 50.300000000000004, 29.8, 30.1, 35.5, 33.6, 34.0, 33.6]"
ga,16,8,12.96150083820997,34.64,32.2,1.7755484572575875,5.2,13.380714285714285,22.956666666666667,9.575952380952382,True,0.0,hospital_corridor,28,12,"[11, 29, 47, 53, 61, 73, 89, 97, 101, 109]","[3.536488637518577, 4.904107194208186, 0.9167901516675716, 0.5, 1.0]","{""time"": 0.0, ""collisions"": 0.05, ""congestion"": 1.0, ""fairness"": 1.0, ""incomplete_base"": 1000.0, ""incomplete_agent"": 10.0}","[16.13724023275146, 13.00935524652339, 12.321025020177562, 11.228272027373823, 10.663109581181871, 12.35509708737864, 15.96921215640728, 11.921659896185961, 14.32075141983399, 11.689285714285713]","[40.1, 33.9, 29.5, 33.4, 33.2, 30.900000000000002, 36.9, 42.2, 32.7, 33.6]"
ga,16,9,12.60471486577085,36.919999999999995,20.2,1.7166196276756103,5.1,13.741071428571427,23.619166666666665,9.87809523809524,True,0.0,hospital_corridor,28,12,"[11, 29, 47, 53, 61, 73, 89, 97, 101, 109]","[3.1681053584260543, 4.884013149920339, 0.9159274379902096, 0.5, 1.0]","{""time"": 0.0, ""collisions"": 0.05, ""congestion"": 1.0, ""fairness"": 1.0, ""incomplete_base"": 1000.0, ""incomplete_agent"": 10.0}","[11.865763546798032, 9.870148247978438, 11.934761904761904, 10.420271266401297, 12.084472049689444, 13.535025863380497, 14.98338677116732, 13.483013179162008, 13.691180415828306, 14.179125412541252]","[43.5, 31.8, 30.0, 32.300000000000004, 46.0, 31.3, 40.1, 38.300000000000004, 35.5, 40.400000000000006]"
ga,16,10,12.722920113666174,32.45,28.3,1.7583963041423634,5.4,12.647142857142857,22.19666666666667,9.54952380952381,True,0.0,hospital_corridor,28,12,"[11, 29, 47, 53, 61, 73, 89, 97, 101, 109]","[3.458172174604337, 4.771999175907841, 0.9171776930728758, 0.5, 1.0]","{""time"": 0.0, ""collisions"": 0.05, ""congestion"": 1.0, ""fairness"": 1.0, ""incomplete_base"": 1000.0, ""incomplete_agent"": 10.0}","[21.462000108968077, 10.151525658807211, 11.323460798460799, 12.118714591946102, 7.76794019933555, 12.911325611325612, 14.496007428040855, 12.311129568106313, 11.740817409766455, 12.946279761904764]","[43.7, 30.900000000000002, 29.700000000000003, 31.1, 25.8, 29.6, 35.9, 34.4, 31.400000000000002, 32.0]"
ga,16,11,12.977645019878164,33.63,42.2,1.7489545436876868,5.6,12.84964285714286,21.968333333333337,9.118690476190476,True,0.0,hospital_corridor,28,12,"[11, 29, 47, 53, 61, 73, 89, 97, 101, 109]","[3.5262586490928474, 4.422564396696788, 0.9175000602573393, 0.5, 1.0]","{""time"": 0.0, ""collisions"": 0.05, ""congestion"": 1.0, ""fairness"": 1.0, ""incomplete_base"": 1000.0, ""incomplete_agent"": 10.0}","[18.562220119836013, 10.066612377850163, 12.148695368558384, 15.125083542188808, 9.036507936507935, 13.075908198330879, 13.982603356528859, 12.465399385560675, 13.061038961038962, 12.252380952380953]","[45.300000000000004, 30.700000000000003, 29.200000000000003, 34.2, 31.5, 29.1, 34.9, 37.2, 30.8, 33.4]"
ga,16,12,12.878419919396565,34.4,27.4,1.753777062253707,5.0,12.952857142857145,22.707500000000003,9.754642857142859,True,0.0,hospital_corridor,28,12,"[11, 29, 47, 53, 61, 73, 89, 97, 101, 109]","[3.5594579294824182, 4.784083166220293, 0.9175012457050422, 0.5, 1.0]","{""time"": 0.0, ""collisions"": 0.05, ""congestion"": 1.0, ""fairness"": 1.0, ""incomplete_base"": 1000.0, ""incomplete_agent"": 10.0}","[11.818186958160572, 12.688364055299541, 11.443367346938777, 14.572794204963781, 14.524567099567099, 12.38008806262231, 14.127831402831406, 11.87704918032787, 13.455016181229777, 11.896934702024524]","[37.9, 31.0, 29.400000000000002, 40.1, 38.5, 29.200000000000003, 37.0, 36.6, 30.900000000000002, 33.4]"
ga,16,13,13.468892122662083,36.220000000000006,26.6,1.7623445036144638,5.3,13.439285714285717,23.815833333333337,10.37654761904762,True,0.0,hospital_corridor,28,12,"[11, 29, 47, 53, 61, 73, 89, 97, 101, 109]","[3.0631225837270253, 4.750697450583916, 0.9174957825106799, 0.5, 1.0]","{""time"": 0.0, ""collisions"": 0.05, ""congestion"": 1.0, ""fairness"": 1.0, ""incomplete_base"": 1000.0, ""incomplete_agent"": 10.0}","[18.47012904398401, 11.524255952380951, 12.594322344322345, 12.338302277432714, 8.500147137506689, 12.492708333333335, 15.142124542124545, 14.957059800664455, 14.682783882783884, 13.987087912087912]","[52.400000000000006, 32.0, 31.200000000000003, 32.2, 26.700000000000003, 32.0, 39.0, 38.7, 39.0, 39.0]"
ga,16,14,12.653134110919822,33.809999999999995,26.5,1.6586103013960103,5.2,12.617142857142857,22.28666666666667,9.669523809523811,True,0.0,hospital_corridor,28,12,"[11, 29, 47, 53, 61, 73, 89, 97, 101, 109]","[3.530985596503573, 4.782690899793057, 0.9174188252794241, 0.5, 1.0]","{""time"": 0.0, ""collisions"": 0.05, ""congestion"": 1.0, ""fairness"": 1.0, ""incomplete_base"": 1000.0, ""incomplete_agent"": 10.0}","[15.999352019288727, 14.043641114982579, 11.980185633575465, 10.803369963369962, 9.223029144768276, 12.523526638378122, 14.84309523809524, 11.94090205187766, 13.38828480436761, 11.78595450049456]","[39.5, 36.9, 29.5, 32.5, 29.900000000000002, 30.3, 37.5, 36.9, 31.400000000000002, 33.7]"
ga,16,15,14.238043278577734,37.220000000000006,24.0,1.9011385166729717,5.6,13.376428571428573,24.513333333333335,11.136904761904763,True,0.0,hospital_corridor,28,12,"[11, 29, 47, 53, 61, 73, 89, 97, 101, 109]","[3.533068511172008, 5.0, 0.9152989741919842, 0.5, 1.0]","{""time"": 0.0, ""collisions"": 0.05, ""congestion"": 1.0, ""fairness"": 1.0, ""incomplete_base"": 1000.0, ""incomplete_agent"": 10.0}","[15.948195084485405, 16.602861427347285, 11.653055964653902, 12.67317049435578, 16.531122448979595, 12.116122674235257, 17.958303194695603, 11.833458646616542, 13.055018083182642, 14.009124767225327]","[43.400000000000006, 38.900000000000006, 29.1, 36.7, 49.0, 30.200000000000003, 39.5, 38.0, 31.6, 35.800000000000004]"
ga,16,16,29.78940539640789,30.720000000000006,374.1,1.927619682122175,5.4,11.680714285714288,20.8375,9.156785714285714,True,0.0,hospital_corridor,28,12,"[11, 29, 47, 53, 61, 73, 89, 97, 101, 109]","[3.680631312628595, 4.756520371993714, 0.7816206393501038, 0.5, 1.0]","{""time"": 0.0, ""collisions"": 0.05, ""congestion"": 1.0, ""fairness"": 1.0, ""incomplete_base"": 1000.0, ""incomplete_agent"": 10.0}","[55.19059891998036, 35.315900195694724, 17.977821265492498, 44.66122851507467, 17.141046277665996, 21.991039195461582, 29.255158730158733, 28.046459899749372, 27.15691808191808, 21.157882882882884]","[38.800000000000004, 29.200000000000003, 29.200000000000003, 33.800000000000004, 28.400000000000002, 27.700000000000003, 31.5, 30.400000000000002, 28.6, 29.6]"
ga,16,17,13.50754307646358,37.21,41.2,1.7333764097969122,5.2,14.01,23.72416666666667,9.714166666666667,True,0.0,hospital_corridor,28,12,"[11, 29, 47, 53, 61, 73, 89, 97, 101, 109]","[3.5606743532330083, 4.979373859982158, 0.9175540415098036, 0.5, 1.0]","{""time"": 0.0, ""collisions"": 0.05, ""congestion"": 1.0, ""fairness"": 1.0, ""incomplete_base"": 1000.0, ""incomplete_agent"": 10.0}","[17.931542351453857, 10.767368384303868, 12.093224299065422, 13.828875564824472, 9.784472049689441, 12.256766917293234, 17.080425824175826, 12.442695722356742, 16.110356174990322, 12.779703476482617]","[45.2, 34.1, 32.1, 41.1, 36.800000000000004, 30.400000000000002, 41.6, 41.300000000000004, 36.9, 32.6]"
ga,16,18,12.089615466081703,33.11,20.5,1.738067847034084,4.9,12.659285714285716,21.985833333333336,9.32654761904762,True,0.0,hospital_corridor,28,12,"[11, 29, 47, 53, 61, 73, 89, 97, 101, 109]","[3.64686121133384, 5.0, 0.9174918726901772, 0.5, 1.0]","{""time"": 0.0, ""collisions"": 0.05, ""congestion"": 1.0, ""fairness"": 1.0, ""incomplete_base"": 1000.0, ""incomplete_agent"": 10.0}","[14.373920863309353, 10.044642857142858, 12.798529631288254, 9.260491843796341, 11.567781155015197, 12.241743471582184, 13.815266106442579, 12.68396610896611, 12.06565934065934, 12.044153282614824]","[41.7, 32.0, 31.900000000000002, 28.900000000000002, 32.9, 31.0, 35.7, 33.300000000000004, 29.900000000000002, 33.800000000000004]"
ga,16,19,11.725184125514954,32.34,25.5,1.7313746017054286,5.2,12.807857142857145,21.526666666666667,8.718809523809526,True,0.0,hospital_corridor,28,12,"[11, 29, 47, 53, 61, 73, 89, 97, 101, 109]","[3.64686121133384, 4.7411652752597675, 0.9174918726901772, 0.5, 1.0]","{""time"": 0.0, ""collisions"": 0.05, ""congestion"": 1.0, ""fairness"": 1.0, ""incomplete_base"": 1000.0, ""incomplete_agent"": 10.0}","[12.564062748845357, 9.385714285714288, 12.504496939841768, 12.653968253968255, 8.429210220673635, 11.51904761904762, 15.476004256451182, 10.627992277992277, 12.290749414519906, 11.800595238095239]","[29.900000000000002, 31.5, 31.900000000000002, 31.5, 32.800000000000004, 28.900000000000002, 35.800000000000004, 37.0, 30.5, 33.6]"
ga,16,20,12.089615466081703,33.11,20.5,1.738067847034084,4.9,12.659285714285716,21.985833333333336,9.32654761904762,True,0.0,hospital_corridor,28,12,"[11, 29, 47, 53, 61, 73, 89, 97, 101, 109]","[3.64686121133384, 5.0, 0.9174918726901772, 0.5, 1.0]","{""time"": 0.0, ""collisions"": 0.05, ""congestion"": 1.0, ""fairness"": 1.0, ""incomplete_base"": 1000.0, ""incomplete_agent"": 10.0}","[14.373920863309353, 10.044642857142858, 12.798529631288254, 9.260491843796341, 11.567781155015197, 12.241743471582184, 13.815266106442579, 12.68396610896611, 12.06565934065934, 12.044153282614824]","[41.7, 32.0, 31.900000000000002, 28.900000000000002, 32.9, 31.0, 35.7, 33.300000000000004, 29.900000000000002, 33.800000000000004]"
ga,16,21,12.203851927554734,31.950000000000006,34.7,1.8514709751737812,5.4,12.631785714285716,21.24916666666667,8.617380952380952,True,0.0,hospital_corridor,28,12,"[11, 29, 47, 53, 61, 73, 89, 97, 101, 109]","[3.711112422917718, 4.783241581250088, 0.9175051555255448, 0.5, 1.0]","{""time"": 0.0, ""collisions"": 0.05, ""congestion"": 1.0, ""fairness"": 1.0, ""incomplete_base"": 1000.0, ""incomplete_agent"": 10.0}","[18.59903748733536, 9.17543920480814, 12.400303306035791, 11.418724778046812, 9.229858104858106, 11.620880705223264, 14.280145278450364, 12.050240214780272, 11.711976669862578, 11.551913526146656]","[37.6, 30.900000000000002, 31.400000000000002, 29.5, 29.700000000000003, 28.900000000000002, 35.4, 33.7, 29.8, 32.6]"
ga,16,22,13.894138796023167,35.64,50.3,1.7583054626898342,5.3,13.415000000000001,23.035833333333336,9.620833333333334,True,0.0,hospital_corridor,28,12,"[11, 29, 47, 53, 61, 73, 89, 97, 101, 109]","[3.648502341183878, 4.767766976908974, 0.9174937407030576, 0.5, 1.0]","{""time"": 0.0, ""collisions"": 0.05, ""congestion"": 1.0, ""fairness"": 1.0, ""incomplete_base"": 1000.0, ""incomplete_agent"": 10.0}","[22.148604269293926, 9.25764048384627, 11.759686888454013, 17.870157426420263, 12.492238627294494, 11.662403196572745, 15.209469696969698, 14.178005881687593, 12.979105473965289, 11.384076015727391]","[40.6, 31.1, 29.200000000000003, 48.7, 35.800000000000004, 28.900000000000002, 35.2, 42.1, 32.1, 32.7]"
ga,16,23,13.047806593774332,34.93,39.1,1.789473260440999,5.5,13.145000000000001,22.44833333333333,9.303333333333333,True,0.0,hospital_corridor,28,12,"[11, 29, 47, 53, 61, 73, 89, 97, 101, 109]","[3.70947129306768, 4.756639879600882, 0.9175032875126644, 0.5, 1.0]","{""time"": 0.0, ""collisions"": 0.05, ""congestion"": 1.0, ""fairness"": 1.0, ""incomplete_base"": 1000.0, ""incomplete_agent"": 10.0}","[19.626059414591523, 9.671103896103897, 10.941715590345726, 15.078066378066378, 9.246811945117027, 11.783743842364533, 17.94392033542977, 11.662643678160919, 12.960141093474428, 11.563859764089122]","[43.6, 30.8, 29.200000000000003, 39.6, 29.5, 29.0, 47.7, 34.800000000000004, 32.4, 32.7]"
ga,17,0,11.725184125514954,32.34,25.5,1.7313746017054286,5.2,12.807857142857145,21.526666666666667,8.718809523809526,True,0.0,hospital_corridor,28,12,"[11, 29, 47, 53, 61, 73, 89, 97, 101, 109]","[3.64686121133384, 4.7411652752597675, 0.9174918726901772, 0.5, 1.0]","{""time"": 0.0, ""collisions"": 0.05, ""congestion"": 1.0, ""fairness"": 1.0, ""incomplete_base"": 1000.0, ""incomplete_agent"": 10.0}","[12.564062748845357, 9.385714285714288, 12.504496939841768, 12.653968253968255, 8.429210220673635, 11.51904761904762, 15.476004256451182, 10.627992277992277, 12.290749414519906, 11.800595238095239]","[29.900000000000002, 31.5, 31.900000000000002, 31.5, 32.800000000000004, 28.900000000000002, 35.800000000000004, 37.0, 30.5, 33.6]"
ga,17,1,11.725184125514954,32.34,25.5,1.7313746017054286,5.2,12.807857142857145,21.526666666666667,8.718809523809526,True,0.0,hospital_corridor,28,12,"[11, 29, 47, 53, 61, 73, 89, 97, 101, 109]","[3.64686121133384, 4.7411652752597675, 0.9174918726901772, 0.5, 1.0]","{""time"": 0.0, ""collisions"": 0.05, ""congestion"": 1.0, ""fairness"": 1.0, ""incomplete_base"": 1000.0, ""incomplete_agent"": 10.0}","[12.564062748845357, 9.385714285714288, 12.504496939841768, 12.653968253968255, 8.429210220673635, 11.51904761904762, 15.476004256451182, 10.627992277992277, 12.290749414519906, 11.800595238095239]","[29.900000000000002, 31.5, 31.900000000000002, 31.5, 32.800000000000004, 28.900000000000002, 35.800000000000004, 37.0, 30.5, 33.6]"
ga,17,2,90.77052614168832,30.1,1588.2,2.0520737607359423,6.0,11.485714285714286,20.79416666666667,9.30845238095238,True,0.0,hospital_corridor,28,12,"[11, 29, 47, 53, 61, 73, 89, 97, 101, 109]","[3.744294553895438, 4.456704236525175, 0.7042830064754183, 0.5, 1.0]","{""time"": 0.0, ""collisions"": 0.05, ""congestion"": 1.0, ""fairness"": 1.0, ""incomplete_base"": 1000.0, ""incomplete_agent"": 10.0}","[254.0618131868132, 88.87869458128078, 42.948015873015876, 118.78969825553985, 68.18662876915472, 51.80448717948718, 73.90287764112267, 88.6976039783002, 65.40429606625258, 55.0311458859162]","[39.0, 29.0, 28.8, 30.3, 28.900000000000002, 27.3, 30.200000000000003, 31.6, 27.6, 28.3]"
ga,17,3,12.193452868453019,33.88,25.6,1.6798814398815907,5.3,12.803928571428571,22.0375,9.233571428571429,True,0.0,hospital_corridor,28,12,"[11, 29, 47, 53, 61, 73, 89, 97, 101, 109]","[3.6302578475820417, 4.764469389032353, 0.9174981445635734, 0.5, 1.0]","{""time"": 0.0, ""collisions"": 0.05, ""congestion"": 1.0, ""fairness"": 1.0, ""incomplete_base"": 1000.0, ""incomplete_agent"": 10.0}","[14.233333333333334, 9.419055274843055, 11.851484018264841, 13.943589743589744, 8.553177311880384, 12.285002157962884, 13.31169950738916, 12.26530612244898, 13.63542801284737, 12.436453201970442]","[36.800000000000004, 31.1, 29.200000000000003, 36.4, 29.3, 33.1, 34.800000000000004, 39.2, 34.1, 34.800000000000004]"
ga,17,4,1064.0990969902882,100.0,10.7,0.5906999999999999,4.9,14.822146299754996,26.79554329004329,11.973396990288297,False,5.1,hospital_corridor,28,12,"[11, 29, 47, 53, 61, 73, 89, 97, 101, 109]","[3.193473091197439, 4.910915937700601, 1.0730377722106947, 0.5, 1.0]","{""time"": 0.0, ""collisions"": 0.05, ""congestion"": 1.0, ""fairness"": 1.0, ""incomplete_base"": 1000.0, ""incomplete_agent"": 10.0}","[1075.404328063241, 1125.232919191919, 1032.8140033670034, 1068.9876363636363, 1126.6714761904761, 1016.4066103896104, 1036.897282051282, 1045.1847142857143, 1077.4882857142857, 1035.9037142857144]","[100.0, 100.0, 100.0, 100.0, 100.0, 100.0, 100.0, 100.0, 100.0, 100.0]"
ga,17,5,1019.9739377139839,41.21000000000001,32.8,1.6821718409679771,5.1,12.681845238095239,22.33361111111111,9.651765873015874,False,0.7,hospital_corridor,28,12,"[11, 29, 47, 53, 61, 73, 89, 97, 101, 109]","[3.6468612113338397, 4.830249337559167, 0.9174918726901771, 0.5, 1.0]","{""time"": 0.0, ""collisions"": 0.05, ""congestion"": 1.0, ""fairness"": 1.0, ""incomplete_base"": 1000.0, ""incomplete_agent"": 10.0}","[1082.9009444444443, 10.771477881093269, 12.480635462376076, 17.362797619047623, 8.135084033613447, 12.515934065934069, 15.263964686998396, 11.935809523809526, 16.456602031394276, 11.916127391127391]","[100.0, 33.800000000000004, 29.3, 48.0, 25.5, 31.200000000000003, 35.6, 37.5, 36.1, 35.1]"
ga,17,6,12.231329225856094,33.190000000000005,27.2,1.6914482734751413,4.9,12.854285714285718,22.03416666666667,9.179880952380952,True,0.0,hospital_corridor,28,12,"[11, 29, 47, 53, 61, 73, 89, 97, 101, 109]","[3.6788222375932995, 4.9739323522211984, 0.9174955877054525, 0.5, 1.0]","{""time"": 0.0, ""collisions"": 0.05, ""congestion"": 1.0, ""fairness"": 1.0, ""incomplete_base"": 1000.0, ""incomplete_agent"": 10.0}","[14.591849348435026, 9.600843735552473, 11.791156462585034, 12.178617660656496, 8.248084886128366, 11.842191283292978, 16.951532296086754, 11.645238095238096, 13.444372294372297, 12.019406196213426]","[39.1, 30.900000000000002, 29.400000000000002, 30.900000000000002, 29.900000000000002, 29.5, 40.400000000000006, 37.800000000000004, 30.8, 33.2]"
ga,17,7,12.769984008829796,35.57000000000001,24.4,1.740460199305986,5.0,13.109642857142859,22.91916666666667,9.80952380952381,True,0.0,hospital_corridor,28,12,"[11, 29, 47, 53, 61, 73, 89, 97, 101, 109]","[3.655663087521508, 4.999584593377976, 0.9175014405102693, 0.5, 1.0]","{""time"": 0.0, ""collisions"": 0.05, ""congestion"": 1.0, ""fairness"": 1.0, ""incomplete_base"": 1000.0, ""incomplete_agent"": 10.0}","[14.449414519906323, 14.915591397849461, 12.330332681017612, 10.925, 8.596106821106822, 12.182497212931997, 13.540199335548174, 12.009866828087167, 16.78484228086139, 11.965989010989011]","[42.7, 43.400000000000006, 29.200000000000003, 31.5, 29.6, 29.900000000000002, 34.4, 35.4, 47.1, 32.5]"
ga,17,8,14.163072019233404,40.32000000000001,27.0,1.6200958287572138,4.9,14.282857142857145,25.475833333333334,11.192976190476191,True,0.0,hospital_corridor,28,12,"[11, 29, 47, 53, 61, 73, 89, 97, 101, 109]","[2.9097440950171247, 4.7411652752597675, 0.9174918726901772, 0.5, 1.0]","{""time"": 0.0, ""collisions"": 0.05, ""congestion"": 1.0, ""fairness"": 1.0, ""incomplete_base"": 1000.0, ""incomplete_agent"": 10.0}","[22.809275528393172, 9.512500000000003, 12.116137566137567, 11.020752572385742, 7.178858784893267, 16.59938826916157, 16.851736004894466, 15.265018315018317, 14.690562101129112, 15.586491050320834]","[56.1, 33.6, 32.4, 39.800000000000004, 34.800000000000004, 39.7, 46.7, 39.0, 38.800000000000004, 42.300000000000004]"
ga,17,9,12.9501341849963,35.93,21.6,1.6970389469010598,5.4,13.42357142857143,23.59666666666667,10.17309523809524,True,0.0,hospital_corridor,28,12,"[11, 29, 47, 53, 61, 73, 89, 97, 101, 109]","[3.089358050877979, 4.783241581250088, 0.9175051555255448, 0.5, 1.0]","{""time"": 0.0, ""collisions"": 0.05, ""congestion"": 1.0, ""fairness"": 1.0, ""incomplete_base"": 1000.0, ""incomplete_agent"": 10.0}","[15.867181843497633, 9.780384785493144, 12.389107336745774, 13.814671361502349, 8.33611111111111, 11.82261904761905, 14.799585921325052, 13.747072599531618, 16.06001400560224, 12.884593837535014]","[51.300000000000004, 32.300000000000004, 30.700000000000003, 35.5, 27.0, 32.0, 39.1, 36.6, 40.800000000000004, 34.0]"
ga,17,10,13.511872500752347,35.24,33.5,1.714848691228538,5.5,12.889642857142857,23.011666666666667,10.122023809523808,True,0.0,hospital_corridor,28,12,"[11, 29, 47, 53, 61, 73, 89, 97, 101, 109]","[3.5571459124161904, 4.738521135643597, 0.9175001983698804, 0.5, 1.0]","{""time"": 0.0, ""collisions"": 0.05, ""congestion"": 1.0, ""fairness"": 1.0, ""incomplete_base"": 1000.0, ""incomplete_agent"": 10.0}","[19.769126984126984, 11.91687898089172, 11.666715590345728, 14.72604953820319, 12.112384506041222, 12.963355048859935, 14.63075117370892, 13.032432888169435, 12.522992530345473, 11.778037766830872]","[45.0, 31.400000000000002, 29.200000000000003, 39.7, 40.2, 30.700000000000003, 35.5, 35.300000000000004, 30.6, 34.800000000000004]"
ga,17,11,13.760725073807452,36.58,34.9,1.8904869785693557,5.9,13.85142857142857,23.976666666666667,10.125238095238096,True,0.0,hospital_corridor,28,12,"[11, 29, 47, 53, 61, 73, 89, 97, 101, 109]","[3.2260514003304817, 4.468126427273484, 0.9175011075925011, 0.5, 1.0]","{""time"": 0.0, ""collisions"": 0.05, ""congestion"": 1.0, ""fairness"": 1.0, ""incomplete_base"": 1000.0, ""incomplete_agent"": 10.0}","[24.379429678848286, 10.910559006211182, 14.301406926406926, 9.944899085462, 8.870414462081131, 12.800900900900903, 16.64193205944798, 14.407142857142857, 12.794616977225672, 12.555948784347578]","[51.6, 34.5, 30.8, 30.200000000000003, 32.4, 29.6, 47.1, 42.0, 34.5, 33.1]"
ga,17,12,31.16072241422809,31.24,405.5,1.8673890808947538,5.5,11.922500000000001,20.940833333333337,9.018333333333334,True,0.0,hospital_corridor,28,12,"[11, 29, 47, 53, 61, 73, 89, 97, 101, 109]","[3.720761963074864, 4.7411652752597675, 0.7836229813842446, 0.5, 1.0]","{""time"": 0.0, ""collisions"": 0.05, ""congestion"": 1.0, ""fairness"": 1.0, ""incomplete_base"": 1000.0, ""incomplete_agent"": 10.0}","[56.81088726088726, 31.866941391941396, 19.479647749510764, 41.85146836832716, 18.179040912139506, 19.790768437338834, 29.411080586080587, 26.413003663003664, 43.67297581493165, 24.13140995812006]","[35.1, 32.5, 29.200000000000003, 34.7, 28.400000000000002, 27.700000000000003, 31.200000000000003, 31.200000000000003, 31.700000000000003, 30.700000000000003]"
ga,17,13,11.725184125514954,32.34,25.5,1.7313746017054286,5.2,12.807857142857145,21.526666666666667,8.718809523809526,True,0.0,hospital_corridor,28,12,"[11, 29, 47, 53, 61, 73, 89, 97, 101, 109]","[3.64686121133384, 4.7411652752597675, 0.9174918726901772, 0.5, 1.0]","{""time"": 0.0, ""collisions"": 0.05, ""congestion"": 1.0, ""fairness"": 1.0, ""incomplete_base"": 1000.0, ""incomplete_agent"": 10.0}","[12.564062748845357, 9.385714285714288, 12.504496939841768, 12.653968253968255, 8.429210220673635, 11.51904761904762, 15.476004256451182, 10.627992277992277, 12.290749414519906, 11.800595238095239]","[29.900000000000002, 31.5, 31.900000000000002, 31.5, 32.800000000000004, 28.900000000000002, 35.800000000000004, 37.0, 30.5, 33.6]"
ga,17,14,15.741501408305002,31.320000000000004,93.4,1.856144265447858,5.5,12.024642857142858,21.24,9.215357142857144,True,0.0,hospital_corridor,28,12,"[11, 29, 47, 53, 61, 73, 89, 97, 101, 109]","[5.0, 5.0, 0.9174918726901772, 0.5, 1.0]","{""time"": 0.0, ""collisions"": 0.05, ""congestion"": 1.0, ""fairness"": 1.0, ""incomplete_base"": 1000.0, ""incomplete_agent"": 10.0}","[22.092670682730926, 19.29065934065934, 11.511904761904763, 17.03856328856329, 14.904338247754618, 13.362577639751553, 18.259065934065934, 13.006746031746033, 15.647681704260652, 12.300806451612903]","[33.2, 31.200000000000003, 28.8, 35.1, 28.1, 27.6, 36.4, 33.300000000000004, 28.5, 31.0]"
ga,17,15,12.089615466081703,33.11,20.5,1.738067847034084,4.9,12.659285714285716,21.985833333333336,9.32654761904762,True,0.0,hospital_corridor,28,12,"[11, 29, 47, 53, 61, 73, 89, 97, 101, 109]","[3.64686121133384, 5.0, 0.9174918726901772, 0.5, 1.0]","{""time"": 0.0, ""collisions"": 0.05, ""congestion"": 1.0, ""fairness"": 1.0, ""incomplete_base"": 1000.0, ""incomplete_agent"": 10.0}","[14.373920863309353, 10.044642857142858, 12.798529631288254, 9.260491843796341, 11.567781155015197, 12.241743471582184, 13.815266106442579, 12.68396610896611, 12.06565934065934, 12.044153282614824]","[41.7, 32.0, 31.900000000000002, 28.900000000000002, 32.9, 31.0, 35.7, 33.300000000000004, 29.900000000000002, 33.800000000000004]"
ga,17,16,12.089615466081703,33.11,20.5,1.738067847034084,4.9,12.659285714285716,21.985833333333336,9.32654761904762,True,0.0,hospital_corridor,28,12,"[11, 29, 47, 53, 61, 73, 89, 97, 101, 109]","[3.64686121133384, 5.0, 0.9174918726901772, 0.5, 1.0]","{""time"": 0.0, ""collisions"": 0.05, ""congestion"": 1.0, ""fairness"": 1.0, ""incomplete_base"": 1000.0, ""incomplete_agent"": 10.0}","[14.373920863309353, 10.044642857142858, 12.798529631288254, 9.260491843796341, 11.567781155015197, 12.241743471582184, 13.815266106442579, 12.68396610896611, 12.06565934065934, 12.044153282614824]","[41.7, 32.0, 31.900000000000002, 28.900000000000002, 32.9, 31.0, 35.7, 33.300000000000004, 29.900000000000002, 33.800000000000004]"
ga,17,17,70.3173911546642,32.440000000000005,1170.5,1.8869149641879908,5.9,11.945357142857144,21.850833333333334,9.905476190476191,True,0.0,hospital_corridor,28,12,"[11, 29, 47, 53, 61, 73, 89, 97, 101, 109]","[3.64686121133384, 4.902670323870538, 0.7288550142608741, 0.5, 1.0]","{""time"": 0.0, ""collisions"": 0.05, ""congestion"": 1.0, ""fairness"": 1.0, ""incomplete_base"": 1000.0, ""incomplete_agent"": 10.0}","[253.8232350982351, 63.028934624697335, 33.9862911143839, 77.96029185867896, 41.98851169443043, 36.106159420289856, 50.04300595238095, 64.8665543575921, 43.76924603174603, 37.601681394207176]","[57.2, 29.5, 29.1, 31.0, 28.3, 27.6, 32.0, 31.8, 28.8, 29.1]"
ga,17,18,12.089615466081703,33.11,20.5,1.738067847034084,4.9,12.659285714285716,21.985833333333336,9.32654761904762,True,0.0,hospital_corridor,28,12,"[11, 29, 47, 53, 61, 73, 89, 97, 101, 109]","[3.64686121133384, 5.0, 0.9174918726901772, 0.5, 1.0]","{""time"": 0.0, ""collisions"": 0.05, ""congestion"": 1.0, ""fairness"": 1.0, ""incomplete_base"": 1000.0, ""incomplete_agent"": 10.0}","[14.373920863309353, 10.044642857142858, 12.798529631288254, 9.260491843796341, 11.567781155015197, 12.241743471582184, 13.815266106442579, 12.68396610896611, 12.06565934065934, 12.044153282614824]","[41.7, 32.0, 31.900000000000002, 28.900000000000002, 32.9, 31.0, 35.7, 33.300000000000004, 29.900000000000002, 33.800000000000004]"
ga,17,19,15.23463062190844,32.96,74.0,1.8067734790512968,4.8,12.499642857142858,22.2275,9.727857142857143,True,0.0,hospital_corridor,28,12,"[11, 29, 47, 53, 61, 73, 89, 97, 101, 109]","[4.406926579416987, 5.0, 0.9174918726901772, 0.5, 1.0]","{""time"": 0.0, ""collisions"": 0.05, ""congestion"": 1.0, ""fairness"": 1.0, ""incomplete_base"": 1000.0, ""incomplete_agent"": 10.0}","[26.157900432900433, 20.633540372670808, 11.152392896958112, 13.454929577464789, 11.303571428571427, 13.167709910819454, 14.964682539682542, 14.485884353741497, 15.181262939958593, 11.84443176631675]","[46.2, 32.2, 29.900000000000002, 28.400000000000002, 28.5, 28.3, 36.0, 34.300000000000004, 34.5, 31.3]"
ga,17,20,12.95295627428845,33.61,29.3,1.7466467504789265,5.1,12.737857142857143,22.479166666666668,9.741309523809523,True,0.0,hospital_corridor,28,12,"[11, 29, 47, 53, 61, 73, 89, 97, 101, 109]","[3.6688560574690516, 4.91214537360199, 0.9174959904082315, 0.5, 1.0]","{""time"": 0.0, ""collisions"": 0.05, ""congestion"": 1.0, ""fairness"": 1.0, ""incomplete_base"": 1000.0, ""incomplete_agent"": 10.0}","[13.488095238095239, 10.913447404685346, 12.468764930721452, 16.725896682580483, 10.188265306122451, 12.378917050691246, 14.569981583793737, 12.200000000000001, 13.695238095238096, 12.90095645095645]","[34.5, 31.1, 29.900000000000002, 38.900000000000006, 29.400000000000002, 31.0, 36.2, 36.0, 34.0, 35.1]"
ga,17,21,12.54211632761054,33.540000000000006,26.7,1.8566401371343482,5.5,12.980357142857144,22.330833333333334,9.350476190476192,True,0.0,hospital_corridor,28,12,"[11, 29, 47, 53, 61, 73, 89, 97, 101, 109]","[3.6514906211298346, 4.864956351085645, 0.917492285573392, 0.5, 1.0]","{""time"": 0.0, ""collisions"": 0.05, ""congestion"": 1.0, ""fairness"": 1.0, ""incomplete_base"": 1000.0, ""incomplete_agent"": 10.0}","[16.398230613941337, 9.374734165510864, 12.555497318381278, 12.025031605562578, 6.608689327821161, 12.635942760942761, 16.91132720414899, 13.848335379997273, 13.375979941815954, 11.687394957983194]","[40.1, 30.900000000000002, 29.3, 33.9, 31.1, 29.700000000000003, 40.400000000000006, 34.9, 31.1, 34.0]"
ga,17,22,13.59158695458488,36.459999999999994,25.5,1.759325049822976,5.0,13.618571428571432,24.175833333333337,10.557261904761905,True,0.0,hospital_corridor,28,12,"[11, 29, 47, 53, 61, 73, 89, 97, 101, 109]","[3.149674675135749, 4.7411652752597675, 0.9174918726901772, 0.5, 1.0]","{""time"": 0.0, ""collisions"": 0.05, ""congestion"": 1.0, ""fairness"": 1.0, ""incomplete_base"": 1000.0, ""incomplete_agent"": 10.0}","[13.870339412360686, 10.235413885180243, 11.524891774891774, 10.921144604630843, 9.808543417366947, 18.897970335675254, 13.885130218307161, 11.502380952380953, 21.095238095238095, 14.174816849816851]","[47.0, 32.1, 29.700000000000003, 32.7, 27.200000000000003, 36.6, 37.300000000000004, 34.800000000000004, 50.800000000000004, 36.4]"
ga,17,23,11.725184125514954,32.34,25.5,1.7313746017054286,5.2,12.807857142857145,21.526666666666667,8.718809523809526,True,0.0,hospital_corridor,28,12,"[11, 29, 47, 53, 61, 73, 89, 97, 101, 109]","[3.64686121133384, 4.7411652752597675, 0.9174918726901772, 0.5, 1.0]","{""time"": 0.0, ""collisions"": 0.05, ""congestion"": 1.0, ""fairness"": 1.0, ""incomplete_base"": 1000.0, ""incomplete_agent"": 10.0}","[12.564062748845357, 9.385714285714288, 12.504496939841768, 12.653968253968255, 8.429210220673635, 11.51904761904762, 15.476004256451182, 10.627992277992277, 12.290749414519906, 11.800595238095239]","[29.900000000000002, 31.5, 31.900000000000002, 31.5, 32.800000000000004, 28.900000000000002, 35.800000000000004, 37.0, 30.5, 33.6]"
ga,18,0,11.725184125514954,32.34,25.5,1.7313746017054286,5.2,12.807857142857145,21.526666666666667,8.718809523809526,True,0.0,hospital_corridor,28,12,"[11, 29, 47, 53, 61, 73, 89, 97, 101, 109]","[3.64686121133384, 4.7411652752597675, 0.9174918726901772, 0.5, 1.0]","{""time"": 0.0, ""collisions"": 0.05, ""congestion"": 1.0, ""fairness"": 1.0, ""incomplete_base"": 1000.0, ""incomplete_agent"": 10.0}","[12.564062748845357, 9.385714285714288, 12.504496939841768, 12.653968253968255, 8.429210220673635, 11.51904761904762, 15.476004256451182, 10.627992277992277, 12.290749414519906, 11.800595238095239]","[29.900000000000002, 31.5, 31.900000000000002, 31.5, 32.800000000000004, 28.900000000000002, 35.800000000000004, 37.0, 30.5, 33.6]"
ga,18,1,11.725184125514954,32.34,25.5,1.7313746017054286,5.2,12.807857142857145,21.526666666666667,8.718809523809526,True,0.0,hospital_corridor,28,12,"[11, 29, 47, 53, 61, 73, 89, 97, 101, 109]","[3.64686121133384, 4.7411652752597675, 0.9174918726901772, 0.5, 1.0]","{""time"": 0.0, ""collisions"": 0.05, ""congestion"": 1.0, ""fairness"": 1.0, ""incomplete_base"": 1000.0, ""incomplete_agent"": 10.0}","[12.564062748845357, 9.385714285714288, 12.504496939841768, 12.653968253968255, 8.429210220673635, 11.51904761904762, 15.476004256451182, 10.627992277992277, 12.290749414519906, 11.800595238095239]","[29.900000000000002, 31.5, 31.900000000000002, 31.5, 32.800000000000004, 28.900000000000002, 35.800000000000004, 37.0, 30.5, 33.6]"
ga,18,2,14.253301546278214,33.720000000000006,55.7,1.84603964151631,5.3,12.606071428571429,22.228333333333335,9.622261904761904,True,0.0,hospital_corridor,28,12,"[11, 29, 47, 53, 61, 73, 89, 97, 101, 109]","[4.254845095804276, 4.7411652752597675, 0.9174918726901771, 0.5, 1.0]","{""time"": 0.0, ""collisions"": 0.05, ""congestion"": 1.0, ""fairness"": 1.0, ""incomplete_base"": 1000.0, ""incomplete_agent"": 10.0}","[16.39602272727273, 16.61669849758085, 14.808145363408522, 12.92378108239883, 8.864087301587304, 14.192527862208712, 14.674917278089485, 15.80587703435805, 15.751785714285715, 12.499172601591958]","[35.2, 37.4, 38.0, 29.3, 28.8, 28.200000000000003, 33.1, 39.5, 33.6, 34.1]"
ga,18,3,12.089615466081703,33.11,20.5,1.738067847034084,4.9,12.659285714285716,21.985833333333336,9.32654761904762,True,0.0,hospital_corridor,28,12,"[11, 29, 47, 53, 61, 73, 89, 97, 101, 109]","[3.64686121133384, 5.0, 0.9174918726901772, 0.5, 1.0]","{""time"": 0.0, ""collisions"": 0.05, ""congestion"": 1.0, ""fairness"": 1.0, ""incomplete_base"": 1000.0, ""incomplete_agent"": 10.0}","[14.373920863309353, 10.044642857142858, 12.798529631288254, 9.260491843796341, 11.567781155015197, 12.241743471582184, 13.815266106442579, 12.68396610896611, 12.06565934065934, 12.044153282614824]","[41.7, 32.0, 31.900000000000002, 28.900000000000002, 32.9, 31.0, 35.7, 33.300000000000004, 29.900000000000002, 33.800000000000004]"
ga,18,4,12.64075220026363,35.949999999999996,22.0,1.6920617240731552,5.3,13.514642857142857,23.363333333333337,9.848690476190475,True,0.0,hospital_corridor,28,12,"[11, 29, 47, 53, 61, 73, 89, 97, 101, 109]","[3.1249530088609294, 4.73844483144238, 0.9174980026864681, 0.5, 1.0]","{""time"": 0.0, ""collisions"": 0.05, ""congestion"": 1.0, ""fairness"": 1.0, ""incomplete_base"": 1000.0, ""incomplete_agent"": 10.0}","[13.467950635751682, 10.27062140645732, 13.040013869625522, 9.917241379310346, 11.578253770336065, 12.74567901234568, 13.565324214792302, 14.073450750163078, 14.051240778001343, 13.697746185852983]","[38.2, 32.300000000000004, 30.900000000000002, 34.800000000000004, 40.1, 32.4, 37.6, 36.5, 35.5, 41.2]"
ga,18,5,1046.1045625546096,94.02000000000001,15.3,0.6121582089552239,4.6,13.692565351315352,25.419969696969694,11.727404345654346,False,3.3,hospital_corridor,28,12,"[11, 29, 47, 53, 61, 73, 89, 97, 101, 109]","[3.6112662533508897, 4.864819111524604, 1.074460254348526, 0.5, 1.0]","{""time"": 0.0, ""collisions"": 0.05, ""congestion"": 1.0, ""fairness"": 1.0, ""incomplete_base"": 1000.0, ""incomplete_agent"": 10.0}","[1051.6418333333334, 1053.3726666666666, 1031.3531538461539, 1068.725787878788, 1088.8106753246752, 1042.2762377622378, 1035.4089743589743, 1043.376857142857, 13.60858208955224, 1032.470857142857]","[100.0, 100.0, 100.0, 100.0, 100.0, 100.0, 100.0, 100.0, 40.2, 100.0]"
ga,18,6,11.725184125514954,32.34,25.5,1.7313746017054286,5.2,12.807857142857145,21.526666666666667,8.718809523809526,True,0.0,hospital_corridor,28,12,"[11, 29, 47, 53, 61, 73, 89, 97, 101, 109]","[3.64686121133384, 4.7411652752597675, 0.9174918726901772, 0.5, 1.0]","{""time"": 0.0, ""collisions"": 0.05, ""congestion"": 1.0, ""fairness"": 1.0, ""incomplete_base"": 1000.0, ""incomplete_agent"": 10.0}","[12.564062748845357, 9.385714285714288, 12.504496939841768, 12.653968253968255, 8.429210220673635, 11.51904761904762, 15.476004256451182, 10.627992277992277, 12.290749414519906, 11.800595238095239]","[29.900000000000002, 31.5, 31.900000000000002, 31.5, 32.800000000000004, 28.900000000000002, 35.800000000000004, 37.0, 30.5, 33.6]"
ga,18,7,151.49293422204158,30.050000000000004,2816.9,2.01186279347017,6.2,11.331428571428573,19.9675,8.63607142857143,True,0.0,hospital_corridor,28,12,"[11, 29, 47, 53, 61, 73, 89, 97, 101, 109]","[3.64686121133384, 5.0, 0.6292027505166764, 0.5, 1.0]","{""time"": 0.0, ""collisions"": 0.05, ""congestion"": 1.0, ""fairness"": 1.0, ""incomplete_base"": 1000.0, ""incomplete_agent"": 10.0}","[221.2863595905652, 158.29156606304494, 118.76311200536553, 128.72833092833093, 140.22973182052607, 109.63076120959333, 168.94549689440993, 211.42427536231884, 115.54469696969699, 142.0850113765643]","[32.1, 28.400000000000002, 28.400000000000002, 29.700000000000003, 27.700000000000003, 27.400000000000002, 32.2, 34.5, 30.8, 29.3]"
ga,18,8,14.08843345776365,32.230000000000004,46.4,1.9123620291922212,5.3,12.296428571428573,22.1525,9.856071428571429,True,0.0,hospital_corridor,28,12,"[11, 29, 47, 53, 61, 73, 89, 97, 101, 109]","[4.264785791647578, 5.0, 0.9174918726901772, 0.5, 1.0]","{""time"": 0.0, ""collisions"": 0.05, ""congestion"": 1.0, ""fairness"": 1.0, ""incomplete_base"": 1000.0, ""incomplete_agent"": 10.0}","[21.72631289019464, 15.072560975609756, 11.325856813313562, 12.465689410092397, 11.653709856035437, 12.487645128722868, 14.988655462184875, 15.378894269572235, 14.040201465201466, 11.744808306709267]","[38.900000000000006, 32.800000000000004, 28.900000000000002, 33.5, 30.1, 28.3, 30.6, 35.4, 32.5, 31.3]"
ga,18,9,13.935840224915323,32.489999999999995,55.2,1.8985783201534183,5.3,12.47357142857143,21.750833333333336,9.277261904761904,True,0.0,hospital_corridor,28,12,"[11, 29, 47, 53, 61, 73, 89, 97, 101, 109]","[4.176153824095664, 4.808127114238908, 0.9174918726901772, 0.5, 1.0]","{""time"": 0.0, ""collisions"": 0.05, ""congestion"": 1.0, ""fairness"": 1.0, ""incomplete_base"": 1000.0, ""incomplete_agent"": 10.0}","[17.601190476190474, 16.562231915667034, 12.136494252873563, 14.807922289436947, 9.14146141215107, 13.212038900067068, 15.826089771255933, 12.665867579908678, 15.106349206349208, 12.298756445253261]","[36.0, 39.300000000000004, 29.0, 30.700000000000003, 29.0, 28.400000000000002, 33.1, 36.5, 31.5, 31.400000000000002]"
ga,18,10,11.725184125514954,32.34,25.5,1.7313746017054286,5.2,12.807857142857145,21.526666666666667,8.718809523809526,True,0.0,hospital_corridor,28,12,"[11, 29, 47, 53, 61, 73, 89, 97, 101, 109]","[3.64686121133384, 4.7411652752597675, 0.9174918726901772, 0.5, 1.0]","{""time"": 0.0, ""collisions"": 0.05, ""congestion"": 1.0, ""fairness"": 1.0, ""incomplete_base"": 1000.0, ""incomplete_agent"": 10.0}","[12.564062748845357, 9.385714285714288, 12.504496939841768, 12.653968253968255, 8.429210220673635, 11.51904761904762, 15.476004256451182, 10.627992277992277, 12.290749414519906, 11.800595238095239]","[29.900000000000002, 31.5, 31.900000000000002, 31.5, 32.800000000000004, 28.900000000000002, 35.800000000000004, 37.0, 30.5, 33.6]"
ga,18,11,11.725184125514954,32.34,25.5,1.7313746017054286,5.2,12.807857142857145,21.526666666666667,8.718809523809526,True,0.0,hospital_corridor,28,12,"[11, 29, 47, 53, 61, 73, 89, 97, 101, 109]","[3.64686121133384, 4.7411652752597675, 0.9174918726901772, 0.5, 1.0]","{""time"": 0.0, ""collisions"": 0.05, ""congestion"": 1.0, ""fairness"": 1.0, ""incomplete_base"": 1000.0, ""incomplete_agent"": 10.0}","[12.564062748845357, 9.385714285714288, 12.504496939841768, 12.653968253968255, 8.429210220673635, 11.51904761904762, 15.476004256451182, 10.627992277992277, 12.290749414519906, 11.800595238095239]","[29.900000000000002, 31.5, 31.900000000000002, 31.5, 32.800000000000004, 28.900000000000002, 35.800000000000004, 37.0, 30.5, 33.6]"
ga,18,12,1018.7183050204103,39.58,29.3,1.9707454966007318,5.4,12.717857142857145,22.00041666666667,9.282559523809525,False,0.6,hospital_corridor,28,12,"[11, 29, 47, 53, 61, 73, 89, 97, 101, 109]","[3.6495019591409945, 4.837085765528206, 0.9174921402156031, 0.5, 1.0]","{""time"": 0.0, ""collisions"": 0.05, ""congestion"": 1.0, ""fairness"": 1.0, ""incomplete_base"": 1000.0, ""incomplete_agent"": 10.0}","[1080.4285, 10.19835876098012, 11.696020874103066, 14.190734989648032, 8.440078010726477, 11.689123191938894, 14.146031746031747, 11.764346246973368, 12.767693744164333, 11.862162639536525]","[100.0, 30.900000000000002, 29.200000000000003, 41.400000000000006, 29.3, 29.3, 36.0, 35.4, 30.6, 33.7]"
ga,18,13,12.509637010916471,33.03,30.1,1.789994153773613,5.5,12.807857142857145,22.0225,9.214642857142858,True,0.0,hospital_corridor,28,12,"[11, 29, 47, 53, 61, 73, 89, 97, 101, 109]","[3.64884987332268, 4.7690358608172065, 0.9174920180479661, 0.5, 1.0]","{""time"": 0.0, ""collisions"": 0.05, ""congestion"": 1.0, ""fairness"": 1.0, ""incomplete_base"": 1000.0, ""incomplete_agent"": 10.0}","[15.393753344034245, 9.268855606758832, 11.74778212654925, 13.89278711484594, 11.28608692784593, 11.766831438457736, 14.136498917748918, 12.199970155193, 13.719696969696972, 11.684107508033886]","[35.6, 31.0, 29.200000000000003, 30.6, 36.1, 28.900000000000002, 35.2, 35.9, 35.2, 32.6]"
ga,18,14,11.725184125514954,32.34,25.5,1.7313746017054286,5.2,12.807857142857145,21.526666666666667,8.718809523809526,True,0.0,hospital_corridor,28,12,"[11, 29, 47, 53, 61, 73, 89, 97, 101, 109]","[3.64686121133384, 4.7411652752597675, 0.9174918726901772, 0.5, 1.0]","{""time"": 0.0, ""collisions"": 0.05, ""congestion"": 1.0, ""fairness"": 1.0, ""incomplete_base"": 1000.0, ""incomplete_agent"": 10.0}","[12.564062748845357, 9.385714285714288, 12.504496939841768, 12.653968253968255, 8.429210220673635, 11.51904761904762, 15.476004256451182, 10.627992277992277, 12.290749414519906, 11.800595238095239]","[29.900000000000002, 31.5, 31.900000000000002, 31.5, 32.800000000000004, 28.900000000000002, 35.800000000000004, 37.0, 30.5, 33.6]"
ga,18,15,1150.3510240168546,36.84,2776.8,1.8629504237808994,5.9,11.285714285714286,19.933787878787882,8.648073593073594,False,0.1,hospital_corridor,28,12,"[11, 29, 47, 53, 61, 73, 89, 97, 101, 109]","[3.64686121133384, 4.7411652752597675, 0.5, 0.5, 1.0]","{""time"": 0.0, ""collisions"": 0.05, ""congestion"": 1.0, ""fairness"": 1.0, ""incomplete_base"": 1000.0, ""incomplete_agent"": 10.0}","[1205.9236883116882, 169.45182763246143, 118.85943997317237, 128.78547378547378, 142.72957710159878, 109.44670663885994, 167.38059006211182, 201.21273291925468, 120.24329004329005, 139.47691370063384]","[100.0, 28.400000000000002, 28.400000000000002, 29.700000000000003, 27.700000000000003, 27.400000000000002, 32.2, 34.5, 30.8, 29.3]"
ga,18,16,13.150806598002358,34.08,26.2,1.791282788478549,5.4,12.80214285714286,22.851666666666667,10.049523809523809,True,0.0,hospital_corridor,28,12,"[11, 29, 47, 53, 61, 73, 89, 97, 101, 109]","[3.6452653349707482, 4.741782312920912, 0.9174957605206993, 0.5, 1.0]","{""time"": 0.0, ""collisions"": 0.05, ""congestion"": 1.0, ""fairness"": 1.0, ""incomplete_base"": 1000.0, ""incomplete_agent"": 10.0}","[17.370675848814862, 10.583241191213325, 14.267849679056578, 13.527437195350581, 8.09698927352511, 11.924353516240933, 18.754395604395604, 12.129358353510897, 12.648522853957637, 12.205242463958061]","[44.6, 32.300000000000004, 31.900000000000002, 38.1, 29.3, 30.200000000000003, 36.4, 35.4, 29.900000000000002, 32.7]"
ga,18,17,12.73962241314623,33.3,34.5,1.6885509845748028,5.5,12.723928571428571,22.050000000000004,9.326071428571428,True,0.0,hospital_corridor,28,12,"[11, 29, 47, 53, 61, 73, 89, 97, 101, 109]","[3.6318537239451336, 4.7638523513712085, 0.9174942567330513, 0.5, 1.0]","{""time"": 0.0, ""collisions"": 0.05, ""congestion"": 1.0, ""fairness"": 1.0, ""incomplete_base"": 1000.0, ""incomplete_agent"": 10.0}","[17.05727155727156, 9.51725612575127, 11.709099804305284, 16.034457053849575, 8.412067284251584, 11.725913242009131, 14.827196752626552, 11.90955669560642, 14.143073593073593, 12.060332022717347]","[37.0, 30.900000000000002, 29.200000000000003, 42.800000000000004, 29.3, 29.200000000000003, 34.9, 36.2, 30.8, 32.7]"
ga,18,18,13.15649147383558,35.690000000000005,30.6,1.6980390928831988,5.4,13.025714285714287,22.95416666666667,9.92845238095238,True,0.0,hospital_corridor,28,12,"[11, 29, 47, 53, 61, 73, 89, 97, 101, 109]","[3.647017734024201, 4.886670122482016, 0.9174921741444781, 0.5, 1.0]","{""time"": 0.0, ""collisions"": 0.05, ""congestion"": 1.0, ""fairness"": 1.0, ""incomplete_base"": 1000.0, ""incomplete_agent"": 10.0}","[21.90899629312803, 11.289676721128334, 12.142969806219018, 14.695155038759694, 8.77465986394558, 12.174638336347197, 13.953571428571431, 11.629039812646369, 12.850863678804856, 12.145343758805296]","[50.1, 34.1, 31.700000000000003, 43.0, 29.400000000000002, 31.6, 36.0, 36.6, 30.6, 33.800000000000004]"
ga,18,19,13.40482132374463,34.050000000000004,30.8,1.9050594189827224,5.3,12.906071428571428,22.865833333333335,9.959761904761907,True,0.0,hospital_corridor,28,12,"[11, 29, 47, 53, 61, 73, 89, 97, 101, 109]","[3.6314247897167613, 4.978286228603629, 0.917491984119091, 0.5, 1.0]","{""time"": 0.0, ""collisions"": 0.05, ""congestion"": 1.0, ""fairness"": 1.0, ""incomplete_base"": 1000.0, ""incomplete_agent"": 10.0}","[16.100850340136056, 12.585451234318091, 13.76995540691193, 12.521133682830934, 12.23048023742075, 12.656812824139557, 15.001236146632568, 13.370607553366174, 13.305143755615454, 12.506542056074768]","[39.2, 35.300000000000004, 29.900000000000002, 32.7, 35.300000000000004, 30.3, 39.1, 34.800000000000004, 31.8, 32.1]"
ga,18,20,12.86981356055296,35.31,26.6,1.6490992748386735,5.2,12.831785714285715,22.722500000000004,9.890714285714287,True,0.0,hospital_corridor,28,12,"[11, 29, 47, 53, 61, 73, 89, 97, 101, 109]","[3.615583163212027, 4.893350279730626, 0.9174918726901772, 0.5, 1.0]","{""time"": 0.0, ""collisions"": 0.05, ""congestion"": 1.0, ""fairness"": 1.0, ""incomplete_base"": 1000.0, ""incomplete_agent"": 10.0}","[15.041830493665357, 12.307451499118166, 12.001844628636437, 12.01933426933427, 8.833787227265491, 12.037138188608775, 15.526774172272788, 15.715298885511654, 13.347875226039786, 11.866801015076877]","[43.6, 32.4, 29.3, 40.7, 29.900000000000002, 30.6, 36.1, 47.0, 31.6, 31.900000000000002]"
ga,18,21,12.934666793719453,33.87,35.0,1.9128810794337383,5.5,13.333214285714288,22.605,9.271785714285715,True,0.0,hospital_corridor,28,12,"[11, 29, 47, 53, 61, 73, 89, 97, 101, 109]","[3.64686121133384, 4.847814995529141, 0.9174918726901772, 0.5, 1.0]","{""time"": 0.0, ""collisions"": 0.05, ""congestion"": 1.0, ""fairness"": 1.0, ""incomplete_base"": 1000.0, ""incomplete_agent"": 10.0}","[18.041072772224013, 13.196978021978023, 12.046389151687166, 15.79393455706305, 6.711654366543667, 11.36855192588981, 14.807142857142857, 11.784540389972147, 14.25787575616566, 11.338528138528138]","[44.300000000000004, 36.4, 30.200000000000003, 35.800000000000004, 27.1, 29.3, 36.0, 35.9, 30.700000000000003, 33.0]"
ga,18,22,13.112559432563081,36.95,28.0,1.7012499087535544,4.9,13.237857142857143,23.249166666666667,10.011309523809526,True,0.0,hospital_corridor,28,12,"[11, 29, 47, 53, 61, 73, 89, 97, 101, 109]","[3.648570042712209, 4.773474956063238, 0.9174988372763964, 0.5, 1.0]","{""time"": 0.0, ""collisions"": 0.05, ""congestion"": 1.0, ""fairness"": 1.0, ""incomplete_base"": 1000.0, ""incomplete_agent"": 10.0}","[15.401995546420007, 12.32857142857143, 11.767873450750164, 11.602178318135767, 12.832651150347779, 12.592920985428874, 17.201201372997712, 11.516121872477806, 14.14279448621554, 11.739285714285714]","[41.7, 36.0, 29.200000000000003, 37.6, 44.5, 31.700000000000003, 43.7, 35.4, 36.1, 33.6]"
ga,18,23,14.83326620518042,39.95,32.3,1.7199328718470874,5.2,13.855,25.353333333333335,11.498333333333333,True,0.0,hospital_corridor,28,12,"[11, 29, 47, 53, 61, 73, 89, 97, 101, 109]","[3.653954256143139, 4.9672749125745055, 0.9174944759240501, 0.5, 1.0]","{""time"": 0.0, ""collisions"": 0.05, ""congestion"": 1.0, ""fairness"": 1.0, ""incomplete_base"": 1000.0, ""incomplete_agent"": 10.0}","[13.873612538540597, 13.043682442302073, 12.390890269151136, 27.374566294919454, 12.259920634920634, 11.720999219359875, 16.549313302147056, 17.804008109794136, 10.908526383526386, 12.407142857142858]","[41.7, 32.6, 34.5, 80.7, 31.5, 30.5, 39.7, 45.800000000000004, 29.6, 32.9]"
ga,19,0,11.725184125514954,32.34,25.5,1.7313746017054286,5.2,12.807857142857145,21.526666666666667,8.718809523809526,True,0.0,hospital_corridor,28,12,"[11, 29, 47, 53, 61, 73, 89, 97, 101, 109]","[3.64686121133384, 4.7411652752597675, 0.9174918726901772, 0.5, 1.0]","{""time"": 0.0, ""collisions"": 0.05, ""congestion"": 1.0, ""fairness"": 1.0, ""incomplete_base"": 1000.0, ""incomplete_agent"": 10.0}","[12.564062748845357, 9.385714285714288, 12.504496939841768, 12.653968253968255, 8.429210220673635, 11.51904761904762, 15.476004256451182, 10.627992277992277, 12.290749414519906, 11.800595238095239]","[29.900000000000002, 31.5, 31.900000000000002, 31.5, 32.800000000000004, 28.900000000000002, 35.800000000000004, 37.0, 30.5, 33.6]"
ga,19,1,11.725184125514954,32.34,25.5,1.7313746017054286,5.2,12.807857142857145,21.526666666666667,8.718809523809526,True,0.0,hospital_corridor,28,12,"[11, 29, 47, 53, 61, 73, 89, 97, 101, 109]","[3.64686121133384, 4.7411652752597675, 0.9174918726901772, 0.5, 1.0]","{""time"": 0.0, ""collisions"": 0.05, ""congestion"": 1.0, ""fairness"": 1.0, ""incomplete_base"": 1000.0, ""incomplete_agent"": 10.0}","[12.564062748845357, 9.385714285714288, 12.504496939841768, 12.653968253968255, 8.429210220673635, 11.51904761904762, 15.476004256451182, 10.627992277992277, 12.290749414519906, 11.800595238095239]","[29.900000000000002, 31.5, 31.900000000000002, 31.5, 32.800000000000004, 28.900000000000002, 35.800000000000004, 37.0, 30.5, 33.6]"
ga,19,2,17.13800657320144,32.8,113.2,1.8789589541538212,5.7,12.556785714285715,22.155833333333334,9.599047619047619,True,0.0,hospital_corridor,28,12,"[11, 29, 47, 53, 61, 73, 89, 97, 101, 109]","[3.6487477275541838, 4.9374958735516605, 0.8387160415109912, 0.5, 1.0]","{""time"": 0.0, ""collisions"": 0.05, ""congestion"": 1.0, ""fairness"": 1.0, ""incomplete_base"": 1000.0, ""incomplete_agent"": 10.0}","[30.212243837243836, 18.274635774989886, 14.309801043705155, 20.67576392120366, 10.859749034749035, 14.219686411149828, 16.486501831501833, 16.637451209992193, 15.51687866927593, 14.187353998203054]","[48.1, 35.300000000000004, 29.200000000000003, 30.700000000000003, 25.900000000000002, 28.700000000000003, 32.5, 36.6, 29.200000000000003, 31.8]"
ga,19,3,1031.1196305541991,64.0,17.7,1.2120389791076804,4.3,13.369075091575093,24.39166666666667,11.022591575091576,False,1.8,hospital_corridor,28,12,"[11, 29, 47, 53, 61, 73, 89, 97, 101, 109]","[3.6469633571023365, 4.764857001238861, 1.0202803951503476, 0.5, 1.0]","{""time"": 0.0, ""collisions"": 0.05, ""congestion"": 1.0, ""fairness"": 1.0, ""incomplete_base"": 1000.0, ""incomplete_agent"": 10.0}","[13.509256366562528, 1073.5564848484848, 15.728200263939295, 1068.5675151515152, 1048.4636666666668, 13.163803769241836, 1035.6051538461538, 15.270746326372775, 14.426313983806782, 12.905164319248827]","[50.300000000000004, 100.0, 43.300000000000004, 100.0, 100.0, 33.1, 100.0, 43.1, 34.7, 35.5]"
ga,19,4,11.725184125514954,32.34,25.5,1.7313746017054286,5.2,12.807857142857145,21.526666666666667,8.718809523809526,True,0.0,hospital_corridor,28,12,"[11, 29, 47, 53, 61, 73, 89, 97, 101, 109]","[3.64686121133384, 4.7411652752597675, 0.9174918726901772, 0.5, 1.0]","{""time"": 0.0, ""collisions"": 0.05, ""congestion"": 1.0, ""fairness"": 1.0, ""incomplete_base"": 1000.0, ""incomplete_agent"": 10.0}","[12.564062748845357, 9.385714285714288, 12.504496939841768, 12.653968253968255, 8.429210220673635, 11.51904761904762, 15.476004256451182, 10.627992277992277, 12.290749414519906, 11.800595238095239]","[29.900000000000002, 31.5, 31.900000000000002, 31.5, 32.800000000000004, 28.900000000000002, 35.800000000000004, 37.0, 30.5, 33.6]"
ga,19,5,17.838816753738524,36.31,106.0,2.0048881823099514,5.8,12.653571428571428,23.1875,10.533928571428572,True,0.0,hospital_corridor,28,12,"[11, 29, 47, 53, 61, 73, 89, 97, 101, 109]","[3.64686121133384, 3.9106220504994234, 0.9174918726901771, 0.5, 1.0]","{""time"": 0.0, ""collisions"": 0.05, ""congestion"": 1.0, ""fairness"": 1.0, ""incomplete_base"": 1000.0, ""incomplete_agent"": 10.0}","[27.37996894409938, 36.09761904761905, 11.174631811487481, 22.792231928742723, 9.359718969555036, 14.99970238095238, 14.299255039439089, 13.15815911730546, 15.809890663213928, 13.316989634970708]","[36.800000000000004, 66.0, 29.1, 41.7, 30.5, 28.8, 32.6, 32.800000000000004, 33.1, 31.700000000000003]"
ga,19,6,12.879611340048681,34.5,30.9,1.8742541971915365,5.1,13.08714285714286,22.547500000000003,9.460357142857145,True,0.0,hospital_corridor,28,12,"[11, 29, 47, 53, 61, 73, 89, 97, 101, 109]","[3.6476434537414217, 4.747321482139518, 0.9174942846248859, 0.5, 1.0]","{""time"": 0.0, ""collisions"": 0.05, ""congestion"": 1.0, ""fairness"": 1.0, ""incomplete_base"": 1000.0, ""incomplete_agent"": 10.0}","[16.132698412698414, 12.416355311355314, 13.690725359911406, 10.301569451309936, 8.48515764667642, 12.798429584599797, 16.32904435746902, 13.019293924466341, 13.99630464173051, 11.62653471026965]","[45.0, 32.5, 34.4, 28.900000000000002, 29.3, 32.9, 36.5, 40.6, 31.700000000000003, 33.2]"
ga,19,7,13.131400934621631,34.900000000000006,30.1,1.7367580774787708,5.2,12.950357142857143,22.840000000000003,9.88964285714286,True,0.0,hospital_corridor,28,12,"[11, 29, 47, 53, 61, 73, 89, 97, 101, 109]","[3.6477878003046276, 4.767318749183486, 0.9174964253416876, 0.5, 1.0]","{""time"": 0.0, ""collisions"": 0.05, ""congestion"": 1.0, ""fairness"": 1.0, ""incomplete_base"": 1000.0, ""incomplete_agent"": 10.0}","[15.347638999733974, 9.332395498392284, 11.74986953685584, 15.163496776382765, 11.86620258272801, 11.596927006096557, 16.13961038961039, 13.821321562332798, 12.453534571723427, 13.843012422360246]","[35.800000000000004, 31.1, 29.200000000000003, 42.1, 35.4, 28.900000000000002, 35.2, 44.5, 32.300000000000004, 34.5]"
ga,19,8,12.79511292062303,33.83,27.2,1.8836843491944595,5.0,13.51857142857143,23.07,9.55142857142857,True,0.0,hospital_corridor,28,12,"[11, 29, 47, 53, 61, 73, 89, 97, 101, 109]","[3.500615890013433, 4.7638523513712085, 0.9511393120796036, 0.5, 1.0]","{""time"": 0.0, ""collisions"": 0.05, ""congestion"": 1.0, ""fairness"": 1.0, ""incomplete_base"": 1000.0, ""incomplete_agent"": 10.0}","[20.32299412915851, 9.586051212938006, 11.697857939162288, 11.729301075268818, 9.136017163048965, 11.440982776089157, 16.076551226551228, 12.540168970814133, 12.413248847926269, 13.007955865272937]","[43.800000000000004, 31.8, 29.900000000000002, 31.0, 28.3, 32.9, 39.6, 37.2, 31.0, 32.800000000000004]"
ga,19,9,14.575015208321947,33.230000000000004,53.2,1.8863247321314713,5.8,12.669642857142858,22.698333333333338,10.028690476190475,True,0.0,hospital_corridor,28,12,"[11, 29, 47, 53, 61, 73, 89, 97, 101, 109]","[3.6318537239451336, 4.39962795270981, 0.9174942567330513, 0.5, 1.0]","{""time"": 0.0, ""collisions"": 0.05, ""congestion"": 1.0, ""fairness"": 1.0, ""incomplete_base"": 1000.0, ""incomplete_agent"": 10.0}","[23.832460123413668, 14.885519720353518, 11.499999999999998, 13.799149659863943, 11.63343685300207, 12.490952380952379, 17.010427627141507, 13.87232569245463, 14.151984126984127, 12.573895899053628]","[40.900000000000006, 36.1, 29.400000000000002, 29.400000000000002, 32.2, 30.0, 35.300000000000004, 34.9, 32.4, 31.700000000000003]"
ga,19,10,13.377106414317774,33.95,50.7,1.8171064143177715,5.4,13.012500000000003,22.0375,9.025000000000002,True,0.0,hospital_corridor,28,12,"[11, 29, 47, 53, 61, 73, 89, 97, 101, 109]","[3.7890764827993944, 4.7411652752597675, 0.9174918726901772, 0.5, 1.0]","{""time"": 0.0, ""collisions"": 0.05, ""congestion"": 1.0, ""fairness"": 1.0, ""incomplete_base"": 1000.0, ""incomplete_agent"": 10.0}","[21.701388888888893, 14.999048301268934, 10.624608610567515, 11.750871898054996, 8.902945924132368, 12.849412915851273, 13.616933916423713, 12.395257452574528, 14.659798759798761, 12.270797475616753]","[43.2, 34.9, 29.200000000000003, 28.400000000000002, 29.5, 29.200000000000003, 34.300000000000004, 36.9, 40.7, 33.2]"
ga,19,11,1097.0158208840105,100.0,8.3,0.5546,3.9,15.635897081357493,28.68211796536797,13.046220884010472,False,8.3,hospital_corridor,28,12,"[11, 29, 47, 53, 61, 73, 89, 97, 101, 109]","[3.1992337815955745, 4.7411652752597675, 1.186162904646772, 0.5, 1.0]","{""time"": 0.0, ""collisions"": 0.05, ""congestion"": 1.0, ""fairness"": 1.0, ""incomplete_base"": 1000.0, ""incomplete_agent"": 10.0}","[1067.6619011857708, 1133.7991111111112, 1063.45, 1140.961187134503, 1148.5902781954887, 1076.1636666666666, 1076.8467307692308, 1076.733650793651, 1051.305076923077, 1134.646606060606]","[100.0, 100.0, 100.0, 100.0, 100.0, 100.0, 100.0, 100.0, 100.0, 100.0]"
ga,19,12,11.725184125514954,32.34,25.5,1.7313746017054286,5.2,12.807857142857145,21.526666666666667,8.718809523809526,True,0.0,hospital_corridor,28,12,"[11, 29, 47, 53, 61, 73, 89, 97, 101, 109]","[3.64686121133384, 4.7411652752597675, 0.9174918726901772, 0.5, 1.0]","{""time"": 0.0, ""collisions"": 0.05, ""congestion"": 1.0, ""fairness"": 1.0, ""incomplete_base"": 1000.0, ""incomplete_agent"": 10.0}","[12.564062748845357, 9.385714285714288, 12.504496939841768, 12.653968253968255, 8.429210220673635, 11.51904761904762, 15.476004256451182, 10.627992277992277, 12.290749414519906, 11.800595238095239]","[29.900000000000002, 31.5, 31.900000000000002, 31.5, 32.800000000000004, 28.900000000000002, 35.800000000000004, 37.0, 30.5, 33.6]"
ga,19,13,12.86981356055296,35.31,26.6,1.6490992748386735,5.2,12.831785714285715,22.722500000000004,9.890714285714287,True,0.0,hospital_corridor,28,12,"[11, 29, 47, 53, 61, 73, 89, 97, 101, 109]","[3.615583163212027, 4.893350279730626, 0.9174918726901772, 0.5, 1.0]","{""time"": 0.0, ""collisions"": 0.05, ""congestion"": 1.0, ""fairness"": 1.0, ""incomplete_base"": 1000.0, ""incomplete_agent"": 10.0}","[15.041830493665357, 12.307451499118166, 12.001844628636437, 12.01933426933427, 8.833787227265491, 12.037138188608775, 15.526774172272788, 15.715298885511654, 13.347875226039786, 11.866801015076877]","[43.6, 32.4, 29.3, 40.7, 29.900000000000002, 30.6, 36.1, 47.0, 31.6, 31.900000000000002]"
ga,19,14,1019.1464241888491,39.88,30.8,1.7720011119259946,5.1,12.757362637362638,21.591785714285713,8.834423076923077,False,0.7,hospital_corridor,28,12,"[11, 29, 47, 53, 61, 73, 89, 97, 101, 109]","[3.6468612113338406, 4.91184181038297, 0.9174918726901771, 0.5, 1.0]","{""time"": 0.0, ""collisions"": 0.05, ""congestion"": 1.0, ""fairness"": 1.0, ""incomplete_base"": 1000.0, ""incomplete_agent"": 10.0}","[1080.299087912088, 13.003787878787879, 11.87261904761905, 9.089655897694769, 8.582425343018564, 12.372909407665507, 15.67575452716298, 14.427091377091378, 13.524922513384052, 12.615987983978638]","[100.0, 33.0, 29.400000000000002, 28.3, 29.5, 32.800000000000004, 35.5, 44.400000000000006, 33.800000000000004, 32.1]"
ga,19,15,13.868555916429544,34.160000000000004,42.9,1.7696273450009712,5.1,13.13857142857143,23.0925,9.953928571428573,True,0.0,hospital_corridor,28,12,"[11, 29, 47, 53, 61, 73, 89, 97, 101, 109]","[3.64686121133384, 4.935973185146171, 0.9174918726901772, 0.5, 1.0]","{""time"": 0.0, ""collisions"": 0.05, ""congestion"": 1.0, ""fairness"": 1.0, ""incomplete_base"": 1000.0, ""incomplete_agent"": 10.0}","[22.159152122387418, 11.7769550342131, 13.085303916788558, 11.545833333333334, 14.289182602174726, 12.455185633575464, 16.180765446674542, 12.13105413105413, 12.963134270101484, 12.098992673992676]","[44.2, 34.1, 29.3, 32.0, 38.1, 29.5, 36.300000000000004, 35.1, 30.5, 32.5]"
ga,19,16,12.089615466081703,33.11,20.5,1.738067847034084,4.9,12.659285714285716,21.985833333333336,9.32654761904762,True,0.0,hospital_corridor,28,12,"[11, 29, 47, 53, 61, 73, 89, 97, 101, 109]","[3.64686121133384, 5.0, 0.9174918726901772, 0.5, 1.0]","{""time"": 0.0, ""collisions"": 0.05, ""congestion"": 1.0, ""fairness"": 1.0, ""incomplete_base"": 1000.0, ""incomplete_agent"": 10.0}","[14.373920863309353, 10.044642857142858, 12.798529631288254, 9.260491843796341, 11.567781155015197, 12.241743471582184, 13.815266106442579, 12.68396610896611, 12.06565934065934, 12.044153282614824]","[41.7, 32.0, 31.900000000000002, 28.900000000000002, 32.9, 31.0, 35.7, 33.300000000000004, 29.900000000000002, 33.800000000000004]"
ga,19,17,13.132396549438528,35.27,38.5,1.8018013113432905,4.9,13.273571428571426,22.679166666666667,9.405595238095238,True,0.0,hospital_corridor,28,12,"[11, 29, 47, 53, 61, 73, 89, 97, 101, 109]","[3.64686121133384, 4.7725332666666125, 0.9174918726901771, 0.5, 1.0]","{""time"": 0.0, ""collisions"": 0.05, ""congestion"": 1.0, ""fairness"": 1.0, ""incomplete_base"": 1000.0, ""incomplete_agent"": 10.0}","[18.302455529775713, 9.60278548312529, 12.386464448793218, 14.561293436293438, 13.649725274725274, 12.000768049155145, 14.138122294372295, 12.813165266106441, 12.850970695970698, 11.018215016067778]","[43.1, 30.900000000000002, 29.200000000000003, 37.0, 45.5, 31.0, 35.2, 35.7, 32.5, 32.6]"
ga,19,18,12.60837006974697,37.50000000000001,15.5,1.5965843554612578,4.9,13.820714285714285,24.057500000000005,10.236785714285713,True,0.0,hospital_corridor,28,12,"[11, 29, 47, 53, 61, 73, 89, 97, 101, 109]","[2.759949856731701, 4.757885823936695, 0.9174971652065687, 0.5, 1.0]","{""time"": 0.0, ""collisions"": 0.05, ""congestion"": 1.0, ""fairness"": 1.0, ""incomplete_base"": 1000.0, ""incomplete_agent"": 10.0}","[14.800207039337476, 9.287508884150673, 12.197402597402599, 10.021744119334478, 6.90452380952381, 13.730848861283645, 15.359014903671397, 15.413854518185227, 14.399019245003702, 13.96957671957672]","[46.0, 33.5, 33.0, 41.5, 35.0, 32.2, 39.300000000000004, 38.1, 38.6, 37.800000000000004]"
ga,19,19,13.305432851877875,36.82000000000001,29.0,1.6974566614016826,5.0,13.192857142857141,23.350833333333334,10.157976190476191,True,0.0,hospital_corridor,28,12,"[11, 29, 47, 53, 61, 73, 89, 97, 101, 109]","[3.6316523896473187, 5.0, 0.9174950942129507, 0.5, 1.0]","{""time"": 0.0, ""collisions"": 0.05, ""congestion"": 1.0, ""fairness"": 1.0, ""incomplete_base"": 1000.0, ""incomplete_agent"": 10.0}","[13.550857038657917, 15.764144471347858, 12.310266491917869, 17.967305458768873, 8.06556603773585, 12.375067685937253, 13.80793429103485, 13.068650793650795, 14.010283687943263, 12.134252561784207]","[45.7, 47.2, 32.7, 41.0, 31.8, 29.900000000000002, 35.800000000000004, 39.6, 32.9, 31.6]"
ga,19,20,13.782975744704515,35.59,36.4,1.707142411371184,5.0,12.735,22.99083333333333,10.255833333333332,True,0.0,hospital_corridor,28,12,"[11, 29, 47, 53, 61, 73, 89, 97, 101, 109]","[3.637156097838475, 4.910868494343015, 0.9174918726901771, 0.5, 1.0]","{""time"": 0.0, ""collisions"": 0.05, ""congestion"": 1.0, ""fairness"": 1.0, ""incomplete_base"": 1000.0, ""incomplete_agent"": 10.0}","[18.38323680823681, 12.868623108157992, 13.340905190905193, 16.825, 8.365331890331891, 12.387403196572746, 16.507723337268793, 12.076627218934911, 14.600717547292891, 12.47418914934395]","[44.400000000000006, 38.7, 33.300000000000004, 42.0, 29.700000000000003, 28.900000000000002, 36.300000000000004, 33.800000000000004, 36.5, 32.300000000000004]"
ga,19,21,14.329233503537566,34.400000000000006,49.1,1.8667335035375678,5.8,13.122500000000002,23.130000000000003,10.007499999999999,True,0.0,hospital_corridor,28,12,"[11, 29, 47, 53, 61, 73, 89, 97, 101, 109]","[3.6252882767073924, 4.385826512044008, 0.9174918726901772, 0.5, 1.0]","{""time"": 0.0, ""collisions"": 0.05, ""congestion"": 1.0, ""fairness"": 1.0, ""incomplete_base"": 1000.0, ""incomplete_agent"": 10.0}","[22.392915931804822, 14.823051948051951, 11.832584683357881, 16.88258928571429, 8.088311688311686, 14.019309927360776, 16.16960364984317, 13.17161172161172, 13.803958515921707, 12.108397683397683]","[48.6, 33.0, 29.1, 38.400000000000006, 29.700000000000003, 29.5, 33.4, 36.4, 32.6, 33.300000000000004]"
ga,19,22,14.167530218612931,33.66,51.4,1.8451492662319786,5.8,12.524285714285716,22.276666666666667,9.752380952380951,True,0.0,hospital_corridor,28,12,"[11, 29, 47, 53, 61, 73, 89, 97, 101, 109]","[3.6468612113338406, 4.7411652752597675, 0.8779338009815635, 0.5, 1.0]","{""time"": 0.0, ""collisions"": 0.05, ""congestion"": 1.0, ""fairness"": 1.0, ""incomplete_base"": 1000.0, ""incomplete_agent"": 10.0}","[20.413744588744592, 16.244004509881947, 13.125570776255707, 14.66887955182073, 9.997385861561119, 12.709315169366715, 14.296296296296298, 13.832010194106969, 13.810385005065857, 12.577710233029384]","[38.5, 35.9, 29.200000000000003, 42.5, 29.1, 29.1, 32.4, 34.1, 32.9, 32.9]"
ga,19,23,11.725184125514954,32.34,25.5,1.7313746017054286,5.2,12.807857142857145,21.526666666666667,8.718809523809526,True,0.0,hospital_corridor,28,12,"[11, 29, 47, 53, 61, 73, 89, 97, 101, 109]","[3.64686121133384, 4.7411652752597675, 0.9174918726901772, 0.5, 1.0]","{""time"": 0.0, ""collisions"": 0.05, ""congestion"": 1.0, ""fairness"": 1.0, ""incomplete_base"": 1000.0, ""incomplete_agent"": 10.0}","[12.564062748845357, 9.385714285714288, 12.504496939841768, 12.653968253968255, 8.429210220673635, 11.51904761904762, 15.476004256451182, 10.627992277992277, 12.290749414519906, 11.800595238095239]","[29.900000000000002, 31.5, 31.900000000000002, 31.5, 32.800000000000004, 28.900000000000002, 35.800000000000004, 37.0, 30.5, 33.6]"
ga,20,0,11.725184125514954,32.34,25.5,1.7313746017054286,5.2,12.807857142857145,21.526666666666667,8.718809523809526,True,0.0,hospital_corridor,28,12,"[11, 29, 47, 53, 61, 73, 89, 97, 101, 109]","[3.64686121133384, 4.7411652752597675, 0.9174918726901772, 0.5, 1.0]","{""time"": 0.0, ""collisions"": 0.05, ""congestion"": 1.0, ""fairness"": 1.0, ""incomplete_base"": 1000.0, ""incomplete_agent"": 10.0}","[12.564062748845357, 9.385714285714288, 12.504496939841768, 12.653968253968255, 8.429210220673635, 11.51904761904762, 15.476004256451182, 10.627992277992277, 12.290749414519906, 11.800595238095239]","[29.900000000000002, 31.5, 31.900000000000002, 31.5, 32.800000000000004, 28.900000000000002, 35.800000000000004, 37.0, 30.5, 33.6]"
ga,20,1,11.725184125514954,32.34,25.5,1.7313746017054286,5.2,12.807857142857145,21.526666666666667,8.718809523809526,True,0.0,hospital_corridor,28,12,"[11, 29, 47, 53, 61, 73, 89, 97, 101, 109]","[3.64686121133384, 4.7411652752597675, 0.9174918726901772, 0.5, 1.0]","{""time"": 0.0, ""collisions"": 0.05, ""congestion"": 1.0, ""fairness"": 1.0, ""incomplete_base"": 1000.0, ""incomplete_agent"": 10.0}","[12.564062748845357, 9.385714285714288, 12.504496939841768, 12.653968253968255, 8.429210220673635, 11.51904761904762, 15.476004256451182, 10.627992277992277, 12.290749414519906, 11.800595238095239]","[29.900000000000002, 31.5, 31.900000000000002, 31.5, 32.800000000000004, 28.900000000000002, 35.800000000000004, 37.0, 30.5, 33.6]"
ga,20,2,15.214431347059035,33.14999999999999,69.8,1.894788489916177,5.2,12.687857142857144,22.517500000000002,9.829642857142858,True,0.0,hospital_corridor,28,12,"[11, 29, 47, 53, 61, 73, 89, 97, 101, 109]","[4.037641672886745, 4.324412974835678, 0.9174918726901771, 0.5, 1.0]","{""time"": 0.0, ""collisions"": 0.05, ""congestion"": 1.0, ""fairness"": 1.0, ""incomplete_base"": 1000.0, ""incomplete_agent"": 10.0}","[21.27756892230577, 16.824439775910367, 12.37535460992908, 15.915974529346624, 9.532259001161439, 17.151301958910658, 15.425141242937855, 16.26388888888889, 15.587117076129816, 11.791267465069863]","[38.0, 35.7, 32.9, 30.1, 28.700000000000003, 29.900000000000002, 35.4, 36.0, 31.400000000000002, 33.4]"
ga,20,3,11.725184125514954,32.34,25.5,1.7313746017054286,5.2,12.807857142857145,21.526666666666667,8.718809523809526,True,0.0,hospital_corridor,28,12,"[11, 29, 47, 53, 61, 73, 89, 97, 101, 109]","[3.64686121133384, 4.7411652752597675, 0.9174918726901772, 0.5, 1.0]","{""time"": 0.0, ""collisions"": 0.05, ""congestion"": 1.0, ""fairness"": 1.0, ""incomplete_base"": 1000.0, ""incomplete_agent"": 10.0}","[12.564062748845357, 9.385714285714288, 12.504496939841768, 12.653968253968255, 8.429210220673635, 11.51904761904762, 15.476004256451182, 10.627992277992277, 12.290749414519906, 11.800595238095239]","[29.900000000000002, 31.5, 31.900000000000002, 31.5, 32.800000000000004, 28.900000000000002, 35.800000000000004, 37.0, 30.5, 33.6]"
ga,20,4,13.426000647509277,34.120000000000005,36.3,1.7698101713187995,5.4,12.954642857142858,22.795833333333338,9.841190476190476,True,0.0,hospital_corridor,28,12,"[11, 29, 47, 53, 61, 73, 89, 97, 101, 109]","[3.619761791925292, 4.796143536937982, 0.9174918726901772, 0.5, 1.0]","{""time"": 0.0, ""collisions"": 0.05, ""congestion"": 1.0, ""fairness"": 1.0, ""incomplete_base"": 1000.0, ""incomplete_agent"": 10.0}","[18.122113308330494, 11.312288786482334, 17.910114360704913, 15.119406392694062, 7.945238095238093, 11.740345727332029, 14.468690138945096, 13.323196248196249, 12.29815592903828, 12.020457488131205]","[41.900000000000006, 31.0, 38.1, 36.5, 25.900000000000002, 29.200000000000003, 35.300000000000004, 39.6, 30.6, 33.1]"
ga,20,5,12.049408085338488,34.040000000000006,21.3,1.765003323433724,5.1,12.901428571428573,22.120833333333337,9.219404761904764,True,0.0,hospital_corridor,28,12,"[11, 29, 47, 53, 61, 73, 89, 97, 101, 109]","[3.6426825826205755, 4.838372018052412, 0.9174918726901772, 0.5, 1.0]","{""time"": 0.0, ""collisions"": 0.05, ""congestion"": 1.0, ""fairness"": 1.0, ""incomplete_base"": 1000.0, ""incomplete_agent"": 10.0}","[13.036695191524043, 9.56839826839827, 12.124912112496004, 14.251689293427955, 7.678757440476193, 12.480322606858444, 14.475757575757575, 12.062698412698413, 13.100183150183149, 11.714666801564821]","[40.900000000000006, 30.8, 29.8, 46.300000000000004, 25.6, 29.3, 35.2, 36.0, 31.200000000000003, 35.300000000000004]"
ga,20,6,12.960160153263088,33.24,33.7,1.7382553913583265,5.4,12.603928571428572,22.140833333333337,9.536904761904761,True,0.0,hospital_corridor,28,12,"[11, 29, 47, 53, 61, 73, 89, 97, 101, 109]","[3.6400955483952533, 4.7411652752597675, 0.9174918726901771, 0.5, 1.0]","{""time"": 0.0, ""collisions"": 0.05, ""congestion"": 1.0, ""fairness"": 1.0, ""incomplete_base"": 1000.0, ""incomplete_agent"": 10.0}","[14.579649595687332, 16.5499115826702, 11.651793868232222, 11.75499037999038, 8.782699496180726, 12.810524393806606, 17.320166307729124, 12.42500343076712, 11.676166506871208, 12.05069597069597]","[37.1, 37.7, 29.200000000000003, 29.700000000000003, 29.3, 32.6, 39.800000000000004, 34.7, 29.8, 32.5]"
ga,20,7,1126.134268807491,100.0,4.4,0.6103,3.8,15.291943890921601,26.5959126984127,11.3039688074911,False,11.4,hospital_corridor,28,12,"[11, 29, 47, 53, 61, 73, 89, 97, 101, 109]","[2.759949856731701, 4.757885823936695, 1.202780601811384, 0.5, 1.0]","{""time"": 0.0, ""collisions"": 0.05, ""congestion"": 1.0, ""fairness"": 1.0, ""incomplete_base"": 1000.0, ""incomplete_agent"": 10.0}","[1135.425, 1151.5788562091502, 1098.8509292929293, 1159.7996031746031, 1148.9782105263157, 1101.7248787878789, 1110.0483333333334, 1108.5695238095238, 1077.4545, 1168.9128529411764]","[100.0, 100.0, 100.0, 100.0, 100.0, 100.0, 100.0, 100.0, 100.0, 100.0]"
ga,20,8,12.60837006974697,37.50000000000001,15.5,1.5965843554612578,4.9,13.820714285714285,24.057500000000005,10.236785714285713,True,0.0,hospital_corridor,28,12,"[11, 29, 47, 53, 61, 73, 89, 97, 101, 109]","[2.759949856731701, 4.757885823936695, 0.9174971652065687, 0.5, 1.0]","{""time"": 0.0, ""collisions"": 0.05, ""congestion"": 1.0, ""fairness"": 1.0, ""incomplete_base"": 1000.0, ""incomplete_agent"": 10.0}","[14.800207039337476, 9.287508884150673, 12.197402597402599, 10.021744119334478, 6.90452380952381, 13.730848861283645, 15.359014903671397, 15.413854518185227, 14.399019245003702, 13.96957671957672]","[46.0, 33.5, 33.0, 41.5, 35.0, 32.2, 39.300000000000004, 38.1, 38.6, 37.800000000000004]"
ga,20,9,12.60837006974697,37.50000000000001,15.5,1.5965843554612578,4.9,13.820714285714285,24.057500000000005,10.236785714285713,True,0.0,hospital_corridor,28,12,"[11, 29, 47, 53, 61, 73, 89, 97, 101, 109]","[2.759949856731701, 4.757885823936695, 0.9174971652065687, 0.5, 1.0]","{""time"": 0.0, ""collisions"": 0.05, ""congestion"": 1.0, ""fairness"": 1.0, ""incomplete_base"": 1000.0, ""incomplete_agent"": 10.0}","[14.800207039337476, 9.287508884150673, 12.197402597402599, 10.021744119334478, 6.90452380952381, 13.730848861283645, 15.359014903671397, 15.413854518185227, 14.399019245003702, 13.96957671957672]","[46.0, 33.5, 33.0, 41.5, 35.0, 32.2, 39.300000000000004, 38.1, 38.6, 37.800000000000004]"
ga,20,10,12.553800472557077,33.07000000000001,30.7,1.7713004725570758,5.6,12.477500000000001,21.725,9.2475,True,0.0,hospital_corridor,28,12,"[11, 29, 47, 53, 61, 73, 89, 97, 101, 109]","[3.700150957945382, 4.7411652752597675, 0.9174918726901772, 0.5, 1.0]","{""time"": 0.0, ""collisions"": 0.05, ""congestion"": 1.0, ""fairness"": 1.0, ""incomplete_base"": 1000.0, ""incomplete_agent"": 10.0}","[11.990097799511002, 9.52425158988677, 11.840492498369208, 11.119534050179212, 9.011132561132563, 13.31784183126627, 15.358633510710876, 16.48561388410786, 14.921560846560848, 11.968846153846155]","[40.900000000000006, 30.700000000000003, 29.200000000000003, 27.900000000000002, 29.6, 31.1, 34.9, 41.5, 32.4, 32.5]"
ga,20,11,1020.1016652867455,41.09,40.2,1.7627748105550425,5.2,13.11694285714286,22.445833333333336,9.328890476190477,False,0.7,hospital_corridor,28,12,"[11, 29, 47, 53, 61, 73, 89, 97, 101, 109]","[3.64686121133384, 4.8368467628208744, 0.9174918726901772, 0.5, 1.0]","{""time"": 0.0, ""collisions"": 0.05, ""congestion"": 1.0, ""fairness"": 1.0, ""incomplete_base"": 1000.0, ""incomplete_agent"": 10.0}","[1086.361, 9.927600554785021, 13.201360544217685, 13.857671957671958, 8.51524459613197, 14.138506930149582, 15.580337078651688, 12.768817204301076, 14.515947888589398, 12.150166112956812]","[100.0, 30.900000000000002, 39.2, 37.800000000000004, 29.3, 34.7, 35.6, 37.2, 31.8, 34.4]"
ga,20,12,13.258527321496427,34.839999999999996,41.4,1.7928130357821424,5.2,13.091785714285715,22.4875,9.395714285714284,True,0.0,hospital_corridor,28,12,"[11, 29, 47, 53, 61, 73, 89, 97, 101, 109]","[3.6073158196771375, 4.763280900758457, 0.9186753526912397, 0.5, 1.0]","{""time"": 0.0, ""collisions"": 0.05, ""congestion"": 1.0, ""fairness"": 1.0, ""incomplete_base"": 1000.0, ""incomplete_agent"": 10.0}","[22.37384855581577, 9.73619957537155, 11.861564625850338, 16.937227930615403, 8.358673469387757, 12.529207436399219, 15.165609204575684, 11.674553571428573, 12.083177205308353, 11.86521164021164]","[48.800000000000004, 31.400000000000002, 29.400000000000002, 43.1, 29.400000000000002, 29.200000000000003, 35.800000000000004, 38.400000000000006, 30.5, 32.4]"
ga,20,13,1018.6564103087939,41.81,26.1,2.0380739229574885,5.1,13.235274725274726,23.548611111111114,10.313336385836385,False,0.5,hospital_corridor,28,12,"[11, 29, 47, 53, 61, 73, 89, 97, 101, 109]","[3.5401612816701356, 4.741736725872519, 0.9499558320785411, 0.5, 1.0]","{""time"": 0.0, ""collisions"": 0.05, ""congestion"": 1.0, ""fairness"": 1.0, ""incomplete_base"": 1000.0, ""incomplete_agent"": 10.0}","[1066.1503162393162, 12.500324675324677, 11.352380952380951, 15.218707482993196, 9.458080040526848, 14.8719696969697, 15.522792724516862, 12.80868190948836, 16.036330049261085, 12.64451931716083]","[100.0, 35.2, 29.6, 39.2, 32.9, 30.8, 37.7, 40.300000000000004, 40.6, 31.8]"
ga,20,14,12.685981087755298,33.05,27.0,1.91586204013625,5.5,12.653214285714288,22.073333333333338,9.420119047619048,True,0.0,hospital_corridor,28,12,"[11, 29, 47, 53, 61, 73, 89, 97, 101, 109]","[3.639764007651969, 4.774715550273463, 0.9174918726901771, 0.5, 1.0]","{""time"": 0.0, ""collisions"": 0.05, ""congestion"": 1.0, ""fairness"": 1.0, ""incomplete_base"": 1000.0, ""incomplete_agent"": 10.0}","[13.899756280464944, 9.669239631336406, 11.358317025440314, 11.508432539682541, 8.642304566877947, 11.485964035964034, 13.817723381487427, 15.355952380952381, 13.843139097744361, 17.278981937602627]","[38.1, 31.0, 29.200000000000003, 28.8, 29.3, 28.6, 35.6, 36.0, 30.400000000000002, 43.5]"
ga,20,15,13.75058399622753,35.72,44.9,1.7546316152751493,5.4,13.035714285714286,22.78666666666667,9.75095238095238,True,0.0,hospital_corridor,28,12,"[11, 29, 47, 53, 61, 73, 89, 97, 101, 109]","[3.837464921636382, 4.87731821932932, 0.9174918726901771, 0.5, 1.0]","{""time"": 0.0, ""collisions"": 0.05, ""congestion"": 1.0, ""fairness"": 1.0, ""incomplete_base"": 1000.0, ""incomplete_agent"": 10.0}","[24.512994634473507, 10.847065337763013, 12.00357142857143, 17.17232142857143, 9.994477911646587, 12.285218253968257, 13.83703953279425, 12.058503401360543, 12.803809523809523, 11.99083850931677]","[56.800000000000004, 34.4, 29.200000000000003, 41.6, 33.2, 28.8, 31.8, 39.2, 30.0, 32.2]"
ga,20,16,12.089615466081703,33.11,20.5,1.738067847034084,4.9,12.659285714285716,21.985833333333336,9.32654761904762,True,0.0,hospital_corridor,28,12,"[11, 29, 47, 53, 61, 73, 89, 97, 101, 109]","[3.64686121133384, 5.0, 0.9174918726901772, 0.5, 1.0]","{""time"": 0.0, ""collisions"": 0.05, ""congestion"": 1.0, ""fairness"": 1.0, ""incomplete_base"": 1000.0, ""incomplete_agent"": 10.0}","[14.373920863309353, 10.044642857142858, 12.798529631288254, 9.260491843796341, 11.567781155015197, 12.241743471582184, 13.815266106442579, 12.68396610896611, 12.06565934065934, 12.044153282614824]","[41.7, 32.0, 31.900000000000002, 28.900000000000002, 32.9, 31.0, 35.7, 33.300000000000004, 29.900000000000002, 33.800000000000004]"
ga,20,17,11.91626497103627,32.82000000000001,26.3,1.7744792567505527,5.5,12.798214285714286,21.625000000000007,8.826785714285716,True,0.0,hospital_corridor,28,12,"[11, 29, 47, 53, 61, 73, 89, 97, 101, 109]","[3.64686121133384, 4.741767489140333, 0.9174918726901772, 0.5, 1.0]","{""time"": 0.0, ""collisions"": 0.05, ""congestion"": 1.0, ""fairness"": 1.0, ""incomplete_base"": 1000.0, ""incomplete_agent"": 10.0}","[16.102956480605485, 9.353191084740606, 12.369667318982389, 10.25674603174603, 7.95657809198765, 11.710575858250278, 15.658963390370078, 11.721324025360854, 12.205777193820673, 11.826870234498635]","[45.300000000000004, 31.3, 29.200000000000003, 28.8, 29.3, 30.1, 35.9, 35.300000000000004, 29.900000000000002, 33.1]"
ga,20,18,12.964710416641392,33.89,31.3,1.7655437499747246,5.4,12.632500000000002,22.266666666666666,9.634166666666667,True,0.0,hospital_corridor,28,12,"[11, 29, 47, 53, 61, 73, 89, 97, 101, 109]","[3.64686121133384, 4.749669995605715, 0.9174918726901771, 0.5, 1.0]","{""time"": 0.0, ""collisions"": 0.05, ""congestion"": 1.0, ""fairness"": 1.0, ""incomplete_base"": 1000.0, ""incomplete_agent"": 10.0}","[21.657440476190473, 9.560061443932414, 11.562801696020873, 11.840175789942144, 8.299049244271087, 12.038839783405002, 15.611161986161987, 11.969508850660684, 14.224242424242425, 12.883822471586821]","[48.0, 31.0, 29.200000000000003, 32.1, 29.3, 29.900000000000002, 35.1, 38.2, 33.0, 33.1]"
ga,20,19,12.089615466081703,33.11,20.5,1.738067847034084,4.9,12.659285714285716,21.985833333333336,9.32654761904762,True,0.0,hospital_corridor,28,12,"[11, 29, 47, 53, 61, 73, 89, 97, 101, 109]","[3.64686121133384, 5.0, 0.9174918726901772, 0.5, 1.0]","{""time"": 0.0, ""collisions"": 0.05, ""congestion"": 1.0, ""fairness"": 1.0, ""incomplete_base"": 1000.0, ""incomplete_agent"": 10.0}","[14.373920863309353, 10.044642857142858, 12.798529631288254, 9.260491843796341, 11.567781155015197, 12.241743471582184, 13.815266106442579, 12.68396610896611, 12.06565934065934, 12.044153282614824]","[41.7, 32.0, 31.900000000000002, 28.900000000000002, 32.9, 31.0, 35.7, 33.300000000000004, 29.900000000000002, 33.800000000000004]"
ga,20,20,12.430726047109113,33.53,27.4,1.7904879518710175,5.3,12.886428571428572,22.156666666666666,9.270238095238096,True,0.0,hospital_corridor,28,12,"[11, 29, 47, 53, 61, 73, 89, 97, 101, 109]","[3.64686121133384, 4.896093745957686, 0.9174918726901771, 0.5, 1.0]","{""time"": 0.0, ""collisions"": 0.05, ""congestion"": 1.0, ""fairness"": 1.0, ""incomplete_base"": 1000.0, ""incomplete_agent"": 10.0}","[14.201657094998808, 10.451225150254277, 12.011224489795918, 10.172679580306701, 8.549324324324324, 11.975332225913622, 15.432539682539682, 15.741220238095242, 13.991898954703833, 11.780158730158728]","[39.800000000000004, 30.900000000000002, 29.400000000000002, 29.5, 29.6, 30.1, 36.0, 44.800000000000004, 32.800000000000004, 32.4]"
ga,20,21,12.545556407218756,34.13,28.3,1.7612706929330417,5.5,12.750714285714285,22.12,9.369285714285715,True,0.0,hospital_corridor,28,12,"[11, 29, 47, 53, 61, 73, 89, 97, 101, 109]","[3.64686121133384, 4.781044714448251, 0.9174918726901771, 0.5, 1.0]","{""time"": 0.0, ""collisions"": 0.05, ""congestion"": 1.0, ""fairness"": 1.0, ""incomplete_base"": 1000.0, ""incomplete_agent"": 10.0}","[18.509610705596106, 9.408696983616597, 11.416519895629484, 14.684178187403994, 8.661806578301423, 11.977597402597402, 14.070868347338939, 12.3518968456948, 13.07091994692614, 11.303469179082677]","[41.1, 31.1, 29.200000000000003, 40.300000000000004, 29.1, 30.8, 35.7, 39.1, 32.300000000000004, 32.6]"
ga,20,22,12.967762163770313,33.57,35.4,1.7835954971036447,5.9,12.6625,22.076666666666668,9.414166666666668,True,0.0,hospital_corridor,28,12,"[11, 29, 47, 53, 61, 73, 89, 97, 101, 109]","[3.6473158670118973, 4.7522796763466175, 0.9174955844301246, 0.5, 1.0]","{""time"": 0.0, ""collisions"": 0.05, ""congestion"": 1.0, ""fairness"": 1.0, ""incomplete_base"": 1000.0, ""incomplete_agent"": 10.0}","[17.437005163511188, 12.766017964071857, 11.61771037181996, 12.009195893926432, 8.3573385518591, 12.172857142857145, 15.819747899159662, 12.16998658618377, 14.658892128279884, 12.668869936034117]","[41.5, 33.4, 29.200000000000003, 33.4, 29.200000000000003, 30.0, 35.7, 35.5, 34.300000000000004, 33.5]"
ga,20,23,14.861900844234878,34.14,60.7,1.820234177568209,5.5,12.605,22.611666666666665,10.006666666666668,True,0.0,hospital_corridor,28,12,"[11, 29, 47, 53, 61, 73, 89, 97, 101, 109]","[4.110760518596657, 4.756204348096636, 0.9174927136017401, 0.5, 1.0]","{""time"": 0.0, ""collisions"": 0.05, ""congestion"": 1.0, ""fairness"": 1.0, ""incomplete_base"": 1000.0, ""incomplete_agent"": 10.0}","[15.279494882064977, 15.427187902187903, 11.15045155993432, 28.477243759957517, 9.996305841924398, 13.731079478054566, 15.172748581297807, 13.142965367965369, 13.667294770669006, 12.574236298292904]","[32.1, 33.300000000000004, 29.0, 53.800000000000004, 29.1, 28.1, 38.6, 33.0, 32.6, 31.8]"
ga,21,0,11.725184125514954,32.34,25.5,1.7313746017054286,5.2,12.807857142857145,21.526666666666667,8.718809523809526,True,0.0,hospital_corridor,28,12,"[11, 29, 47, 53, 61, 73, 89, 97, 101, 109]","[3.64686121133384, 4.7411652752597675, 0.9174918726901772, 0.5, 1.0]","{""time"": 0.0, ""collisions"": 0.05, ""congestion"": 1.0, ""fairness"": 1.0, ""incomplete_base"": 1000.0, ""incomplete_agent"": 10.0}","[12.564062748845357, 9.385714285714288, 12.504496939841768, 12.653968253968255, 8.429210220673635, 11.51904761904762, 15.476004256451182, 10.627992277992277, 12.290749414519906, 11.800595238095239]","[29.900000000000002, 31.5, 31.900000000000002, 31.5, 32.800000000000004, 28.900000000000002, 35.800000000000004, 37.0, 30.5, 33.6]"
ga,21,1,11.725184125514954,32.34,25.5,1.7313746017054286,5.2,12.807857142857145,21.526666666666667,8.718809523809526,True,0.0,hospital_corridor,28,12,"[11, 29, 47, 53, 61, 73, 89, 97, 101, 109]","[3.64686121133384, 4.7411652752597675, 0.9174918726901772, 0.5, 1.0]","{""time"": 0.0, ""collisions"": 0.05, ""congestion"": 1.0, ""fairness"": 1.0, ""incomplete_base"": 1000.0, ""incomplete_agent"": 10.0}","[12.564062748845357, 9.385714285714288, 12.504496939841768, 12.653968253968255, 8.429210220673635, 11.51904761904762, 15.476004256451182, 10.627992277992277, 12.290749414519906, 11.800595238095239]","[29.900000000000002, 31.5, 31.900000000000002, 31.5, 32.800000000000004, 28.900000000000002, 35.800000000000004, 37.0, 30.5, 33.6]"
ga,21,2,11.725184125514954,32.34,25.5,1.7313746017054286,5.2,12.807857142857145,21.526666666666667,8.718809523809526,True,0.0,hospital_corridor,28,12,"[11, 29, 47, 53, 61, 73, 89, 97, 101, 109]","[3.64686121133384, 4.7411652752597675, 0.9174918726901772, 0.5, 1.0]","{""time"": 0.0, ""collisions"": 0.05, ""congestion"": 1.0, ""fairness"": 1.0, ""incomplete_base"": 1000.0, ""incomplete_agent"": 10.0}","[12.564062748845357, 9.385714285714288, 12.504496939841768, 12.653968253968255, 8.429210220673635, 11.51904761904762, 15.476004256451182, 10.627992277992277, 12.290749414519906, 11.800595238095239]","[29.900000000000002, 31.5, 31.900000000000002, 31.5, 32.800000000000004, 28.900000000000002, 35.800000000000004, 37.0, 30.5, 33.6]"
ga,21,3,12.964710416641392,33.89,31.3,1.7655437499747246,5.4,12.632500000000002,22.266666666666666,9.634166666666667,True,0.0,hospital_corridor,28,12,"[11, 29, 47, 53, 61, 73, 89, 97, 101, 109]","[3.64686121133384, 4.749669995605715, 0.9174918726901771, 0.5, 1.0]","{""time"": 0.0, ""collisions"": 0.05, ""congestion"": 1.0, ""fairness"": 1.0, ""incomplete_base"": 1000.0, ""incomplete_agent"": 10.0}","[21.657440476190473, 9.560061443932414, 11.562801696020873, 11.840175789942144, 8.299049244271087, 12.038839783405002, 15.611161986161987, 11.969508850660684, 14.224242424242425, 12.883822471586821]","[48.0, 31.0, 29.200000000000003, 32.1, 29.3, 29.900000000000002, 35.1, 38.2, 33.0, 33.1]"
ga,21,4,39.967171666749,30.4,588.8,1.8893145238918625,5.4,11.854642857142858,20.4925,8.637857142857143,True,0.0,hospital_corridor,28,12,"[11, 29, 47, 53, 61, 73, 89, 97, 101, 109]","[3.64686121133384, 4.9049946361957595, 0.7585264808707859, 0.5, 1.0]","{""time"": 0.0, ""collisions"": 0.05, ""congestion"": 1.0, ""fairness"": 1.0, ""incomplete_base"": 1000.0, ""incomplete_agent"": 10.0}","[64.53205902079141, 46.688392857142865, 35.059267836827566, 58.87290764790765, 24.826395730706075, 27.83354037267081, 39.37537319002837, 37.884914129586264, 38.349112187247776, 26.24975369458128]","[35.5, 32.0, 29.3, 29.700000000000003, 29.0, 27.6, 31.900000000000002, 30.5, 29.5, 29.0]"
ga,21,5,12.481054456319434,35.010000000000005,26.5,1.6927211229860994,5.3,12.967500000000001,22.430833333333332,9.463333333333335,True,0.0,hospital_corridor,28,12,"[11, 29, 47, 53, 61, 73, 89, 97, 101, 109]","[3.64686121133384, 4.844675359409956, 0.9174918726901771, 0.5, 1.0]","{""time"": 0.0, ""collisions"": 0.05, ""congestion"": 1.0, ""fairness"": 1.0, ""incomplete_base"": 1000.0, ""incomplete_agent"": 10.0}","[15.034523809523808, 10.353831239336127, 15.31396103896104, 12.700895029544666, 8.000657772836762, 12.03833902161547, 13.961238902340597, 11.576841676841678, 13.32488366682178, 12.505372405372405]","[40.800000000000004, 30.700000000000003, 46.2, 41.1, 25.700000000000003, 29.3, 35.4, 35.1, 30.700000000000003, 35.1]"
ga,21,6,12.424350362889912,34.1,20.8,1.8158979819375312,5.3,13.348214285714286,22.916666666666668,9.568452380952381,True,0.0,hospital_corridor,28,12,"[11, 29, 47, 53, 61, 73, 89, 97, 101, 109]","[3.283886631366445, 4.804913660339206, 0.9174918726901772, 0.5, 1.0]","{""time"": 0.0, ""collisions"": 0.05, ""congestion"": 1.0, ""fairness"": 1.0, ""incomplete_base"": 1000.0, ""incomplete_agent"": 10.0}","[12.100484618626211, 13.378229297584136, 11.45805675805676, 12.391624895572264, 9.046595460614151, 12.426190476190476, 13.2597599897868, 12.782346109175379, 14.236507936507937, 13.16370808678501]","[33.9, 34.1, 29.700000000000003, 34.2, 32.1, 31.200000000000003, 37.300000000000004, 36.9, 37.800000000000004, 33.800000000000004]"
ga,21,7,12.70878439192353,33.21,36.6,1.8018796300187698,5.3,12.851428571428574,21.928333333333335,9.07690476190476,True,0.0,hospital_corridor,28,12,"[11, 29, 47, 53, 61, 73, 89, 97, 101, 109]","[3.6457221816918226, 4.814503072161456, 0.9174918726901771, 0.5, 1.0]","{""time"": 0.0, ""collisions"": 0.05, ""congestion"": 1.0, ""fairness"": 1.0, ""incomplete_base"": 1000.0, ""incomplete_agent"": 10.0}","[19.752314814814813, 10.098917748917751, 12.209866275277234, 12.028796046720576, 9.732290132547863, 12.268092800260035, 13.881540930979133, 11.930788177339899, 13.1938013136289, 11.991435678749113]","[43.2, 30.8, 29.200000000000003, 31.8, 29.1, 29.3, 35.6, 34.800000000000004, 34.800000000000004, 33.5]"
ga,21,8,12.676961899009855,33.51,24.0,1.7771999942479497,5.5,12.48107142857143,22.180833333333332,9.699761904761905,True,0.0,hospital_corridor,28,12,"[11, 29, 47, 53, 61, 73, 89, 97, 101, 109]","[3.818181785841602, 4.885466380206733, 0.9174918726901771, 0.5, 1.0]","{""time"": 0.0, ""collisions"": 0.05, ""congestion"": 1.0, ""fairness"": 1.0, ""incomplete_base"": 1000.0, ""incomplete_agent"": 10.0}","[11.454277643260694, 13.972419488026427, 12.851986835689909, 12.89374366767984, 8.290819209039547, 12.472972972972974, 13.701406926406927, 15.448082010582011, 13.436671842650105, 12.247238393790118]","[35.4, 34.6, 29.3, 32.9, 29.5, 29.6, 31.900000000000002, 43.2, 36.800000000000004, 31.900000000000002]"
ga,21,9,12.951503525911,34.010000000000005,27.6,1.768884478291951,4.7,13.008214285714285,22.81083333333333,9.80261904761905,True,0.0,hospital_corridor,28,12,"[11, 29, 47, 53, 61, 73, 89, 97, 101, 109]","[3.66614434712862, 4.991851839122587, 0.9174918726901771, 0.5, 1.0]","{""time"": 0.0, ""collisions"": 0.05, ""congestion"": 1.0, ""fairness"": 1.0, ""incomplete_base"": 1000.0, ""incomplete_agent"": 10.0}","[13.558270178097766, 11.967439936699758, 12.275750163078932, 14.316175936023265, 12.167895545314902, 11.716092083521104, 17.264274430151204, 12.659764024304087, 11.871106821106821, 11.718266140812153]","[37.7, 33.1, 29.200000000000003, 39.300000000000004, 31.0, 31.700000000000003, 42.2, 33.7, 29.6, 32.6]"
ga,21,10,15.792162546009425,33.93,85.5,1.9056149269618072,5.1,12.804285714285715,22.415833333333335,9.611547619047618,True,0.0,hospital_corridor,28,12,"[11, 29, 47, 53, 61, 73, 89, 97, 101, 109]","[4.3181414299829415, 4.77866262920228, 0.9174918726901771, 0.5, 1.0]","{""time"": 0.0, ""collisions"": 0.05, ""congestion"": 1.0, ""fairness"": 1.0, ""incomplete_base"": 1000.0, ""incomplete_agent"": 10.0}","[20.421095787017983, 20.926970443349752, 13.024598167342646, 20.431533101045297, 11.003896103896105, 12.542520612485278, 16.566071428571426, 16.841943784639746, 13.799900793650796, 12.36309523809524]","[34.7, 40.6, 31.700000000000003, 41.0, 28.6, 28.3, 32.0, 42.1, 28.8, 31.5]"
ga,21,11,13.444982532970021,33.25,38.2,1.8765301520176414,5.5,12.923214285714286,22.581666666666667,9.65845238095238,True,0.0,hospital_corridor,28,12,"[11, 29, 47, 53, 61, 73, 89, 97, 101, 109]","[3.6410314744922245, 4.80212115865967, 0.9174918726901772, 0.5, 1.0]","{""time"": 0.0, ""collisions"": 0.05, ""congestion"": 1.0, ""fairness"": 1.0, ""incomplete_base"": 1000.0, ""incomplete_agent"": 10.0}","[18.264737910668146, 12.692026055705302, 12.523159434422233, 13.274312814556719, 8.9846588119784, 12.010667600373484, 17.21248391248391, 14.229418886198548, 12.865846994535518, 12.39251290877797]","[38.7, 31.8, 29.3, 36.9, 29.1, 30.6, 37.0, 35.4, 30.5, 33.2]"
ga,21,12,15.046063802723452,34.35,70.2,1.8518971360567815,5.2,13.105,22.789166666666667,9.68416666666667,True,0.0,hospital_corridor,28,12,"[11, 29, 47, 53, 61, 73, 89, 97, 101, 109]","[3.6465638218320517, 4.286454388031952, 0.9174918726901772, 0.5, 1.0]","{""time"": 0.0, ""collisions"": 0.05, ""congestion"": 1.0, ""fairness"": 1.0, ""incomplete_base"": 1000.0, ""incomplete_agent"": 10.0}","[24.043589743589745, 17.824823633156967, 11.7046146293569, 15.043005952380952, 11.606891655744867, 13.732995209918288, 15.851190476190476, 14.864880952380956, 13.54004329004329, 12.24860248447205]","[39.0, 40.5, 29.1, 32.0, 32.7, 33.800000000000004, 35.0, 38.400000000000006, 30.8, 32.2]"
ga,21,13,13.036148589440842,34.67,34.2,1.7291247799170324,5.4,13.119642857142859,22.716666666666665,9.597023809523808,True,0.0,hospital_corridor,28,12,"[11, 29, 47, 53, 61, 73, 89, 97, 101, 109]","[3.642979972122364, 4.8767226649059685, 0.9174918726901771, 0.5, 1.0]","{""time"": 0.0, ""collisions"": 0.05, ""congestion"": 1.0, ""fairness"": 1.0, ""incomplete_base"": 1000.0, ""incomplete_agent"": 10.0}","[19.419147519147522, 10.94491341991342, 11.85982447586543, 15.121390168970816, 8.268785310734463, 12.430860805860805, 13.958168902920283, 12.545783611774064, 14.295597351366581, 11.517014327855035]","[42.900000000000006, 30.8, 29.3, 37.2, 29.5, 31.200000000000003, 36.2, 41.900000000000006, 33.800000000000004, 33.9]"
ga,21,14,12.248490893086178,33.16,21.8,1.7920623216576057,5.5,12.643571428571429,22.01,9.366428571428573,True,0.0,hospital_corridor,28,12,"[11, 29, 47, 53, 61, 73, 89, 97, 101, 109]","[3.64686121133384, 4.8160694916394835, 0.9174918726901771, 0.5, 1.0]","{""time"": 0.0, ""collisions"": 0.05, ""congestion"": 1.0, ""fairness"": 1.0, ""incomplete_base"": 1000.0, ""incomplete_agent"": 10.0}","[13.905923656325802, 12.155393000573724, 12.243052837573387, 11.889276626681209, 9.622496318114873, 12.363570615959693, 13.983306353702954, 11.79314449917898, 12.452411974561812, 12.076333048189337]","[37.300000000000004, 33.2, 29.200000000000003, 39.300000000000004, 29.1, 29.3, 35.300000000000004, 34.800000000000004, 30.700000000000003, 33.4]"
ga,21,15,1151.10578652628,36.42,2794.1,1.8826912881847995,5.9,11.293571428571429,19.811666666666667,8.518095238095238,False,0.1,hospital_corridor,28,12,"[11, 29, 47, 53, 61, 73, 89, 97, 101, 109]","[3.64686121133384, 4.861068968766454, 0.5543707340933444, 0.5, 1.0]","{""time"": 0.0, ""collisions"": 0.05, ""congestion"": 1.0, ""fairness"": 1.0, ""incomplete_base"": 1000.0, ""incomplete_agent"": 10.0}","[1195.056, 168.09045942320594, 118.91306170355467, 132.55723905723906, 135.4209730101427, 109.32853667014251, 168.89549689440994, 216.7011904761905, 123.17402597402598, 142.9208820538892]","[100.0, 28.400000000000002, 28.400000000000002, 29.700000000000003, 27.700000000000003, 27.400000000000002, 32.2, 31.5, 30.8, 28.1]"
ga,21,16,1031.9651120124772,67.91,30.8,1.0844260317911363,5.1,13.114010989010989,23.454696969696972,10.340685980685983,False,1.9,hospital_corridor,28,12,"[11, 29, 47, 53, 61, 73, 89, 97, 101, 109]","[4.059362262331697, 4.7411652752597675, 1.046554835637572, 0.5, 1.0]","{""time"": 0.0, ""collisions"": 0.05, ""congestion"": 1.0, ""fairness"": 1.0, ""incomplete_base"": 1000.0, ""incomplete_agent"": 10.0}","[13.258217112702601, 1053.3233333333333, 12.344122023809526, 1050.9523333333334, 1086.9412164502164, 15.457686418618895, 1035.9451282051282, 15.111669083877207, 1024.107038961039, 12.210375202712665]","[37.9, 100.0, 38.400000000000006, 100.0, 100.0, 31.1, 100.0, 39.400000000000006, 100.0, 32.300000000000004]"
ga,21,17,13.995937127176255,32.11,59.3,1.86117522241435,5.6,12.48857142857143,21.65833333333334,9.169761904761904,True,0.0,hospital_corridor,28,12,"[11, 29, 47, 53, 61, 73, 89, 97, 101, 109]","[3.64686121133384, 4.254656620624368, 0.8868371306712151, 0.5, 1.0]","{""time"": 0.0, ""collisions"": 0.05, ""congestion"": 1.0, ""fairness"": 1.0, ""incomplete_base"": 1000.0, ""incomplete_agent"": 10.0}","[23.586511061117363, 11.369841269841274, 12.26496598639456, 11.955255516840882, 9.694796269023076, 13.09156746031746, 17.399482401656314, 14.26295518207283, 14.56039982030548, 11.773596304193319]","[38.1, 31.5, 29.400000000000002, 28.700000000000003, 29.1, 28.8, 34.5, 35.7, 31.8, 33.5]"
ga,21,18,1101.9757860880013,100.0,9.7,0.4859,4.2,14.466871848506662,23.471757936507935,9.004886088001276,False,9.2,hospital_corridor,28,12,"[11, 29, 47, 53, 61, 73, 89, 97, 101, 109]","[3.576738611668691, 5.0, 1.1672955782709338, 0.5, 1.0]","{""time"": 0.0, ""collisions"": 0.05, ""congestion"": 1.0, ""fairness"": 1.0, ""incomplete_base"": 1000.0, ""incomplete_agent"": 10.0}","[1075.41, 1161.9368529411765, 1083.8399130434782, 1135.7941578947368, 1147.2992255639099, 1071.2198888888888, 1071.758, 1080.4125185185185, 1049.761923076923, 1142.325380952381]","[100.0, 100.0, 100.0, 100.0, 100.0, 100.0, 100.0, 100.0, 100.0, 100.0]"
ga,21,19,1158.840378539264,38.440000000000005,2932.5,1.8257248596104627,5.9,11.901785714285715,21.291439393939392,9.38965367965368,False,0.1,hospital_corridor,28,12,"[11, 29, 47, 53, 61, 73, 89, 97, 101, 109]","[3.0139119858522214, 4.7573073233746115, 0.5320239476360745, 0.5, 1.0]","{""time"": 0.0, ""collisions"": 0.05, ""congestion"": 1.0, ""fairness"": 1.0, ""incomplete_base"": 1000.0, ""incomplete_agent"": 10.0}","[1192.2994415584417, 173.8040816326531, 130.79744897959185, 155.4799719887955, 149.85208333333333, 126.12100614439325, 172.6246894409938, 188.59068865506543, 154.0440476190476, 144.79032604032605]","[100.0, 29.400000000000002, 29.400000000000002, 32.300000000000004, 28.8, 27.900000000000002, 36.800000000000004, 35.300000000000004, 31.200000000000003, 33.300000000000004]"
ga,21,20,14.965680394688523,32.94,71.8,1.7603232518313807,5.5,12.397142857142859,22.0125,9.615357142857142,True,0.0,hospital_corridor,28,12,"[11, 29, 47, 53, 61, 73, 89, 97, 101, 109]","[3.9504998772228883, 4.270868734816324, 0.9174918726901772, 0.5, 1.0]","{""time"": 0.0, ""collisions"": 0.05, ""congestion"": 1.0, ""fairness"": 1.0, ""incomplete_base"": 1000.0, ""incomplete_agent"": 10.0}","[19.22274525856188, 17.920074295074297, 15.143549280177188, 16.27845668387837, 9.416752577319588, 14.046162171162171, 15.235669077757684, 15.797271386430678, 13.99187205233531, 12.604251164188073]","[34.9, 40.7, 34.4, 33.2, 29.1, 28.6, 31.6, 33.9, 31.3, 31.700000000000003]"
ga,21,21,11.725184125514954,32.34,25.5,1.7313746017054286,5.2,12.807857142857145,21.526666666666667,8.718809523809526,True,0.0,hospital_corridor,28,12,"[11, 29, 47, 53, 61, 73, 89, 97, 101, 109]","[3.64686121133384, 4.7411652752597675, 0.9174918726901772, 0.5, 1.0]","{""time"": 0.0, ""collisions"": 0.05, ""congestion"": 1.0, ""fairness"": 1.0, ""incomplete_base"": 1000.0, ""incomplete_agent"": 10.0}","[12.564062748845357, 9.385714285714288, 12.504496939841768, 12.653968253968255, 8.429210220673635, 11.51904761904762, 15.476004256451182, 10.627992277992277, 12.290749414519906, 11.800595238095239]","[29.900000000000002, 31.5, 31.900000000000002, 31.5, 32.800000000000004, 28.900000000000002, 35.800000000000004, 37.0, 30.5, 33.6]"
ga,21,22,14.12817869819974,37.57000000000001,28.2,1.7282977458187854,5.0,13.639285714285716,24.62916666666667,10.989880952380954,True,0.0,hospital_corridor,28,12,"[11, 29, 47, 53, 61, 73, 89, 97, 101, 109]","[3.177509456864681, 4.850266948661268, 0.917496362286006, 0.5, 1.0]","{""time"": 0.0, ""collisions"": 0.05, ""congestion"": 1.0, ""fairness"": 1.0, ""incomplete_base"": 1000.0, ""incomplete_agent"": 10.0}","[25.4002388720578, 9.871577380952381, 14.497942672214517, 14.548903156768327, 7.883223864258348, 17.177275628750163, 14.107476190476191, 11.704222821203953, 11.859555984555982, 14.231370410759727]","[61.300000000000004, 32.0, 30.900000000000002, 35.6, 26.1, 37.300000000000004, 37.5, 42.400000000000006, 33.300000000000004, 39.300000000000004]"
ga,21,23,1019.6572998001359,42.010000000000005,22.1,1.6789926572787508,5.4,13.415442857142859,23.28875,9.873307142857144,False,0.7,hospital_corridor,28,12,"[11, 29, 47, 53, 61, 73, 89, 97, 101, 109]","[3.22930161120086, 4.907618875275427, 0.9174926756107399, 0.5, 1.0]","{""time"": 0.0, ""collisions"": 0.05, ""congestion"": 1.0, ""fairness"": 1.0, ""incomplete_base"": 1000.0, ""incomplete_agent"": 10.0}","[15.907438016528927, 10.794363459669583, 13.599761904761905, 11.03941717791411, 8.194676297485286, 12.932553628480147, 15.245535714285715, 1080.0505, 14.524182784752856, 14.28456901748041]","[48.400000000000006, 34.300000000000004, 30.0, 32.6, 26.700000000000003, 31.3, 35.2, 100.0, 42.1, 39.5]"
ga,22,0,11.725184125514954,32.34,25.5,1.7313746017054286,5.2,12.807857142857145,21.526666666666667,8.718809523809526,True,0.0,hospital_corridor,28,12,"[11, 29, 47, 53, 61, 73, 89, 97, 101, 109]","[3.64686121133384, 4.7411652752597675, 0.9174918726901772, 0.5, 1.0]","{""time"": 0.0, ""collisions"": 0.05, ""congestion"": 1.0, ""fairness"": 1.0, ""incomplete_base"": 1000.0, ""incomplete_agent"": 10.0}","[12.564062748845357, 9.385714285714288, 12.504496939841768, 12.653968253968255, 8.429210220673635, 11.51904761904762, 15.476004256451182, 10.627992277992277, 12.290749414519906, 11.800595238095239]","[29.900000000000002, 31.5, 31.900000000000002, 31.5, 32.800000000000004, 28.900000000000002, 35.800000000000004, 37.0, 30.5, 33.6]"
ga,22,1,11.725184125514954,32.34,25.5,1.7313746017054286,5.2,12.807857142857145,21.526666666666667,8.718809523809526,True,0.0,hospital_corridor,28,12,"[11, 29, 47, 53, 61, 73, 89, 97, 101, 109]","[3.64686121133384, 4.7411652752597675, 0.9174918726901772, 0.5, 1.0]","{""time"": 0.0, ""collisions"": 0.05, ""congestion"": 1.0, ""fairness"": 1.0, ""incomplete_base"": 1000.0, ""incomplete_agent"": 10.0}","[12.564062748845357, 9.385714285714288, 12.504496939841768, 12.653968253968255, 8.429210220673635, 11.51904761904762, 15.476004256451182, 10.627992277992277, 12.290749414519906, 11.800595238095239]","[29.900000000000002, 31.5, 31.900000000000002, 31.5, 32.800000000000004, 28.900000000000002, 35.800000000000004, 37.0, 30.5, 33.6]"
ga,22,2,11.725184125514954,32.34,25.5,1.7313746017054286,5.2,12.807857142857145,21.526666666666667,8.718809523809526,True,0.0,hospital_corridor,28,12,"[11, 29, 47, 53, 61, 73, 89, 97, 101, 109]","[3.64686121133384, 4.7411652752597675, 0.9174918726901772, 0.5, 1.0]","{""time"": 0.0, ""collisions"": 0.05, ""congestion"": 1.0, ""fairness"": 1.0, ""incomplete_base"": 1000.0, ""incomplete_agent"": 10.0}","[12.564062748845357, 9.385714285714288, 12.504496939841768, 12.653968253968255, 8.429210220673635, 11.51904761904762, 15.476004256451182, 10.627992277992277, 12.290749414519906, 11.800595238095239]","[29.900000000000002, 31.5, 31.900000000000002, 31.5, 32.800000000000004, 28.900000000000002, 35.800000000000004, 37.0, 30.5, 33.6]"
ga,22,3,11.725184125514954,32.34,25.5,1.7313746017054286,5.2,12.807857142857145,21.526666666666667,8.718809523809526,True,0.0,hospital_corridor,28,12,"[11, 29, 47, 53, 61, 73, 89, 97, 101, 109]","[3.64686121133384, 4.7411652752597675, 0.9174918726901772, 0.5, 1.0]","{""time"": 0.0, ""collisions"": 0.05, ""congestion"": 1.0, ""fairness"": 1.0, ""incomplete_base"": 1000.0, ""incomplete_agent"": 10.0}","[12.564062748845357, 9.385714285714288, 12.504496939841768, 12.653968253968255, 8.429210220673635, 11.51904761904762, 15.476004256451182, 10.627992277992277, 12.290749414519906, 11.800595238095239]","[29.900000000000002, 31.5, 31.900000000000002, 31.5, 32.800000000000004, 28.900000000000002, 35.800000000000004, 37.0, 30.5, 33.6]"
ga,22,4,16.730389859708968,33.56,84.9,1.8546755739946814,5.0,12.264285714285716,22.895,10.630714285714287,True,0.0,hospital_corridor,28,12,"[11, 29, 47, 53, 61, 73, 89, 97, 101, 109]","[4.650397916664458, 4.954413109665762, 0.9174918726901771, 0.5, 1.0]","{""time"": 0.0, ""collisions"": 0.05, ""congestion"": 1.0, ""fairness"": 1.0, ""incomplete_base"": 1000.0, ""incomplete_agent"": 10.0}","[22.43030303030303, 19.598865619546253, 11.503339140534262, 20.166539418617806, 17.02448979591837, 15.113686193902021, 17.891690595836327, 15.44617527862209, 15.456190476190477, 12.672619047619047]","[35.2, 38.2, 28.700000000000003, 42.1, 29.400000000000002, 27.8, 39.800000000000004, 32.9, 30.0, 31.5]"
ga,22,5,12.522141071419583,34.190000000000005,30.4,1.8111886904672025,5.4,13.195714285714285,22.386666666666667,9.19095238095238,True,0.0,hospital_corridor,28,12,"[11, 29, 47, 53, 61, 73, 89, 97, 101, 109]","[3.646979765999289, 4.851941801618281, 0.9174918726901771, 0.5, 1.0]","{""time"": 0.0, ""collisions"": 0.05, ""congestion"": 1.0, ""fairness"": 1.0, ""incomplete_base"": 1000.0, ""incomplete_agent"": 10.0}","[15.228046953046952, 9.406322237632917, 11.767270058708416, 15.022301587301586, 7.797135416666666, 11.93093206565903, 16.124983137731014, 11.7964219207236, 14.673093861822188, 11.474903474903474]","[42.900000000000006, 30.900000000000002, 29.200000000000003, 45.0, 25.6, 29.3, 35.300000000000004, 35.800000000000004, 34.6, 33.300000000000004]"
ga,22,6,12.112570813623707,33.64,19.8,1.7591184326713278,5.0,13.353214285714287,22.71666666666667,9.36345238095238,True,0.0,hospital_corridor,28,12,"[11, 29, 47, 53, 61, 73, 89, 97, 101, 109]","[3.235099531111689, 5.0, 0.9174918726901773, 0.5, 1.0]","{""time"": 0.0, ""collisions"": 0.05, ""congestion"": 1.0, ""fairness"": 1.0, ""incomplete_base"": 1000.0, ""incomplete_agent"": 10.0}","[11.633635996771591, 11.234425513324599, 11.609299858557284, 11.03116674322462, 7.398326898326896, 11.647747252747253, 15.329223744292236, 14.238972076082558, 14.646957671957674, 12.35595238095238]","[41.300000000000004, 32.7, 30.3, 31.1, 25.900000000000002, 32.5, 36.5, 35.300000000000004, 37.800000000000004, 33.0]"
ga,22,7,67.33502691216974,30.190000000000005,1122.0,1.8620507216935516,5.8,11.167857142857144,20.540833333333335,9.37297619047619,True,0.0,hospital_corridor,28,12,"[11, 29, 47, 53, 61, 73, 89, 97, 101, 109]","[3.64686121133384, 4.7411652752597675, 0.711334589446659, 0.5, 1.0]","{""time"": 0.0, ""collisions"": 0.05, ""congestion"": 1.0, ""fairness"": 1.0, ""incomplete_base"": 1000.0, ""incomplete_agent"": 10.0}","[109.86300000000001, 90.67937005523214, 40.521196283391404, 100.40095238095239, 49.65605158730159, 49.69306418219462, 72.36450501253132, 66.78006051919095, 50.37936507936508, 43.01270402153794]","[37.5, 31.900000000000002, 28.700000000000003, 30.0, 28.8, 27.6, 30.400000000000002, 29.900000000000002, 28.8, 28.3]"
ga,22,8,11.725184125514954,32.34,25.5,1.7313746017054286,5.2,12.807857142857145,21.526666666666667,8.718809523809526,True,0.0,hospital_corridor,28,12,"[11, 29, 47, 53, 61, 73, 89, 97, 101, 109]","[3.64686121133384, 4.7411652752597675, 0.9174918726901772, 0.5, 1.0]","{""time"": 0.0, ""collisions"": 0.05, ""congestion"": 1.0, ""fairness"": 1.0, ""incomplete_base"": 1000.0, ""incomplete_agent"": 10.0}","[12.564062748845357, 9.385714285714288, 12.504496939841768, 12.653968253968255, 8.429210220673635, 11.51904761904762, 15.476004256451182, 10.627992277992277, 12.290749414519906, 11.800595238095239]","[29.900000000000002, 31.5, 31.900000000000002, 31.5, 32.800000000000004, 28.900000000000002, 35.800000000000004, 37.0, 30.5, 33.6]"
ga,22,9,12.190417082077392,34.68000000000001,15.3,1.6397027963631057,5.1,13.176785714285714,22.9625,9.785714285714286,True,0.0,hospital_corridor,28,12,"[11, 29, 47, 53, 61, 73, 89, 97, 101, 109]","[3.08385030069209, 4.7411652752597675, 0.9174918726901772, 0.5, 1.0]","{""time"": 0.0, ""collisions"": 0.05, ""congestion"": 1.0, ""fairness"": 1.0, ""incomplete_base"": 1000.0, ""incomplete_agent"": 10.0}","[12.63845514950166, 9.913250517598343, 13.661904761904765, 10.296620801295024, 8.36134271552487, 12.993745335124647, 15.875619047619047, 14.153033794162825, 11.75352774137178, 12.256670956670959]","[43.0, 32.2, 30.6, 35.300000000000004, 26.900000000000002, 31.900000000000002, 37.5, 43.400000000000006, 32.7, 33.300000000000004]"
ga,22,10,15.600643789529983,32.290000000000006,93.6,1.9174295038156952,5.7,12.634285714285715,21.637500000000003,9.003214285714288,True,0.0,hospital_corridor,28,12,"[11, 29, 47, 53, 61, 73, 89, 97, 101, 109]","[3.64686121133384, 3.889816294949995, 0.9174918726901772, 0.5, 1.0]","{""time"": 0.0, ""collisions"": 0.05, ""congestion"": 1.0, ""fairness"": 1.0, ""incomplete_base"": 1000.0, ""incomplete_agent"": 10.0}","[28.0776621672291, 13.81520781723094, 11.929904111815373, 18.300739476678046, 11.322108843537416, 13.549284049284049, 15.424704025256512, 13.556612118531623, 17.288365468886944, 12.741849816849818]","[38.1, 34.6, 29.3, 29.3, 29.400000000000002, 28.6, 36.2, 32.300000000000004, 32.6, 32.5]"
ga,22,11,11.725184125514954,32.34,25.5,1.7313746017054286,5.2,12.807857142857145,21.526666666666667,8.718809523809526,True,0.0,hospital_corridor,28,12,"[11, 29, 47, 53, 61, 73, 89, 97, 101, 109]","[3.64686121133384, 4.7411652752597675, 0.9174918726901772, 0.5, 1.0]","{""time"": 0.0, ""collisions"": 0.05, ""congestion"": 1.0, ""fairness"": 1.0, ""incomplete_base"": 1000.0, ""incomplete_agent"": 10.0}","[12.564062748845357, 9.385714285714288, 12.504496939841768, 12.653968253968255, 8.429210220673635, 11.51904761904762, 15.476004256451182, 10.627992277992277, 12.290749414519906, 11.800595238095239]","[29.900000000000002, 31.5, 31.900000000000002, 31.5, 32.800000000000004, 28.900000000000002, 35.800000000000004, 37.0, 30.5, 33.6]"
ga,22,12,13.349879101272741,35.510000000000005,31.3,1.8058314822251238,5.1,12.909285714285716,22.888333333333332,9.979047619047618,True,0.0,hospital_corridor,28,12,"[11, 29, 47, 53, 61, 73, 89, 97, 101, 109]","[3.64686121133384, 4.829625454523718, 0.9174918726901771, 0.5, 1.0]","{""time"": 0.0, ""collisions"": 0.05, ""congestion"": 1.0, ""fairness"": 1.0, ""incomplete_base"": 1000.0, ""incomplete_agent"": 10.0}","[20.41054588829638, 10.125757575757575, 11.935064196326996, 16.283887373565175, 8.63903345724907, 12.662556154537288, 14.22975525405693, 11.852833200319235, 15.526604554865425, 11.83275335775336]","[50.900000000000006, 30.8, 29.3, 41.900000000000006, 26.900000000000002, 31.8, 35.800000000000004, 35.800000000000004, 36.800000000000004, 35.1]"
ga,22,13,13.412506509164917,34.089999999999996,50.4,1.8281017472601522,5.4,13.261428571428572,22.325833333333335,9.064404761904765,True,0.0,hospital_corridor,28,12,"[11, 29, 47, 53, 61, 73, 89, 97, 101, 109]","[3.64686121133384, 4.831119396525722, 0.9174918726901771, 0.5, 1.0]","{""time"": 0.0, ""collisions"": 0.05, ""congestion"": 1.0, ""fairness"": 1.0, ""incomplete_base"": 1000.0, ""incomplete_agent"": 10.0}","[27.2737099222159, 9.94929481346679, 12.821765805298229, 11.785567148207598, 8.333893557422968, 12.50715910937754, 14.242577813248205, 11.486904761904762, 13.719986040018613, 12.004206120488544]","[50.2, 31.400000000000002, 29.3, 35.6, 25.5, 29.3, 35.800000000000004, 38.400000000000006, 30.700000000000003, 34.7]"
ga,22,14,1020.6094990443031,40.160000000000004,48.5,1.759022853826965,5.0,12.73,22.15547619047619,9.425476190476191,False,0.7,hospital_corridor,28,12,"[11, 29, 47, 53, 61, 73, 89, 97, 101, 109]","[3.6457983037112998, 4.761314889135795, 0.9174918726901771, 0.5, 1.0]","{""time"": 0.0, ""collisions"": 0.05, ""congestion"": 1.0, ""fairness"": 1.0, ""incomplete_base"": 1000.0, ""incomplete_agent"": 10.0}","[1086.7824285714287, 9.745967741935484, 11.773662752772342, 12.010745614035088, 15.798057644110276, 11.847619047619048, 16.395318805488298, 17.14384119443502, 13.226488095238095, 11.370860975969336]","[100.0, 31.0, 29.200000000000003, 30.400000000000002, 38.0, 31.200000000000003, 35.4, 42.1, 32.0, 32.300000000000004]"
ga,22,15,12.123746354927224,32.01,28.3,1.8294606406415093,5.8,12.733214285714286,21.6125,8.879285714285714,True,0.0,hospital_corridor,28,12,"[11, 29, 47, 53, 61, 73, 89, 97, 101, 109]","[3.646785089314363, 4.794353458285428, 0.9174918726901772, 0.5, 1.0]","{""time"": 0.0, ""collisions"": 0.05, ""congestion"": 1.0, ""fairness"": 1.0, ""incomplete_base"": 1000.0, ""incomplete_agent"": 10.0}","[12.79205276705277, 9.461630036630037, 12.106294846705804, 11.3297903461726, 8.73659190638713, 12.871630036630037, 15.437262847091342, 13.721379695573244, 13.542355889724313, 11.238475177304963]","[33.300000000000004, 31.200000000000003, 29.200000000000003, 29.3, 29.3, 32.5, 37.9, 34.1, 30.400000000000002, 32.9]"
ga,22,16,12.574301270285428,33.190000000000005,25.1,1.7757298417139988,5.2,12.673928571428572,22.217499999999998,9.543571428571429,True,0.0,hospital_corridor,28,12,"[11, 29, 47, 53, 61, 73, 89, 97, 101, 109]","[3.6450360695247808, 4.74580731352023, 0.9174918726901771, 0.5, 1.0]","{""time"": 0.0, ""collisions"": 0.05, ""congestion"": 1.0, ""fairness"": 1.0, ""incomplete_base"": 1000.0, ""incomplete_agent"": 10.0}","[13.795426065162907, 14.468886743886742, 11.518003913894326, 11.838434247871335, 8.78532016902324, 11.992599332726721, 16.10442655935614, 12.192870333729061, 13.160369933097204, 11.886675404106597]","[34.2, 37.0, 29.200000000000003, 30.200000000000003, 29.3, 31.400000000000002, 35.5, 36.1, 36.300000000000004, 32.7]"
ga,22,17,12.126763412073238,33.550000000000004,30.7,1.7959300787399044,5.4,12.972500000000002,21.768333333333334,8.795833333333334,True,0.0,hospital_corridor,28,12,"[11, 29, 47, 53, 61, 73, 89, 97, 101, 109]","[3.642856616301284, 4.797479120399207, 0.9174918726901771, 0.5, 1.0]","{""time"": 0.0, ""collisions"": 0.05, ""congestion"": 1.0, ""fairness"": 1.0, ""incomplete_base"": 1000.0, ""incomplete_agent"": 10.0}","[15.084365079365082, 9.492776236708277, 13.488510520487264, 11.612746512746511, 7.46196612665685, 12.134599156118146, 13.61953662484824, 11.991313810842897, 14.200648279113627, 12.18117177384549]","[45.0, 30.900000000000002, 34.4, 29.700000000000003, 29.1, 31.6, 35.300000000000004, 36.1, 30.3, 33.1]"
ga,22,18,14.26310746079138,33.18999999999999,57.1,1.880369365553284,5.6,12.498928571428571,22.026666666666667,9.527738095238096,True,0.0,hospital_corridor,28,12,"[11, 29, 47, 53, 61, 73, 89, 97, 101, 109]","[4.2263631264880575, 4.7827272013173525, 0.9174918726901771, 0.5, 1.0]","{""time"": 0.0, ""collisions"": 0.05, ""congestion"": 1.0, ""fairness"": 1.0, ""incomplete_base"": 1000.0, ""incomplete_agent"": 10.0}","[18.72267759562842, 17.811235316407732, 12.093253968253967, 16.097329472329477, 8.839737274220035, 12.314659515683408, 16.182333333333336, 13.806919006919006, 14.003405315614618, 12.75952380952381]","[36.6, 37.7, 31.5, 29.6, 29.0, 29.3, 37.5, 35.1, 34.4, 31.200000000000003]"
ga,22,19,13.362612841802658,35.82,21.2,1.7426128418026576,5.4,13.332500000000001,23.892500000000002,10.56,True,0.0,hospital_corridor,28,12,"[11, 29, 47, 53, 61, 73, 89, 97, 101, 109]","[3.2442673258652652, 4.800849088224133, 0.9174918726901771, 0.5, 1.0]","{""time"": 0.0, ""collisions"": 0.05, ""congestion"": 1.0, ""fairness"": 1.0, ""incomplete_base"": 1000.0, ""incomplete_agent"": 10.0}","[14.008333333333336, 15.560474435474436, 14.45715074109114, 13.872589192416779, 8.853571428571428, 12.250915750915752, 13.271576151121605, 13.462637362637363, 13.474290356811249, 14.414589665653498]","[36.4, 40.7, 30.200000000000003, 31.900000000000002, 33.5, 31.200000000000003, 36.300000000000004, 35.1, 35.9, 47.0]"
ga,22,20,12.614012456348846,32.78000000000001,34.9,1.816512456348845,5.5,12.885,21.9375,9.0525,True,0.0,hospital_corridor,28,12,"[11, 29, 47, 53, 61, 73, 89, 97, 101, 109]","[3.6528125603787056, 4.7337561819018905, 0.9174918726901772, 0.5, 1.0]","{""time"": 0.0, ""collisions"": 0.05, ""congestion"": 1.0, ""fairness"": 1.0, ""incomplete_base"": 1000.0, ""incomplete_agent"": 10.0}","[17.07530832476876, 9.48484954242283, 12.52576647097195, 12.638971614704515, 8.229697554697555, 11.84238566713814, 14.861033519553073, 12.453897028897028, 15.441252006420546, 11.586962833914054]","[41.7, 30.700000000000003, 29.200000000000003, 30.700000000000003, 25.900000000000002, 30.3, 35.800000000000004, 35.1, 35.6, 32.800000000000004]"
ga,22,21,13.883167433884278,33.269999999999996,42.8,1.8176912434080876,5.3,12.580357142857142,22.505833333333335,9.925476190476191,True,0.0,hospital_corridor,28,12,"[11, 29, 47, 53, 61, 73, 89, 97, 101, 109]","[4.066230890455934, 4.9212542887665895, 0.9174918726901771, 0.5, 1.0]","{""time"": 0.0, ""collisions"": 0.05, ""congestion"": 1.0, ""fairness"": 1.0, ""incomplete_base"": 1000.0, ""incomplete_agent"": 10.0}","[17.681983367509687, 17.930451127819552, 14.570971950424006, 12.407706766917293, 8.04138438880707, 12.746230158730159, 15.196499857428002, 13.86210801393728, 13.78313181071802, 12.611206896551725]","[41.800000000000004, 38.0, 36.5, 28.5, 29.1, 28.8, 33.4, 32.800000000000004, 31.900000000000002, 31.900000000000002]"
ga,22,22,13.036148589440842,34.67,34.2,1.7291247799170324,5.4,13.119642857142859,22.716666666666665,9.597023809523808,True,0.0,hospital_corridor,28,12,"[11, 29, 47, 53, 61, 73, 89, 97, 101, 109]","[3.642979972122364, 4.8767226649059685, 0.9174918726901771, 0.5, 1.0]","{""time"": 0.0, ""collisions"": 0.05, ""congestion"": 1.0, ""fairness"": 1.0, ""incomplete_base"": 1000.0, ""incomplete_agent"": 10.0}","[19.419147519147522, 10.94491341991342, 11.85982447586543, 15.121390168970816, 8.268785310734463, 12.430860805860805, 13.958168902920283, 12.545783611774064, 14.295597351366581, 11.517014327855035]","[42.900000000000006, 30.8, 29.3, 37.2, 29.5, 31.200000000000003, 36.2, 41.900000000000006, 33.800000000000004, 33.9]"
ga,22,23,14.412085564858792,31.25,66.7,1.8401808029540274,5.4,12.266428571428573,21.50333333333333,9.236904761904764,True,0.0,hospital_corridor,28,12,"[11, 29, 47, 53, 61, 73, 89, 97, 101, 109]","[3.642979972122364, 4.8767226649059685, 0.8514685285801088, 0.5, 1.0]","{""time"": 0.0, ""collisions"": 0.05, ""congestion"": 1.0, ""fairness"": 1.0, ""incomplete_base"": 1000.0, ""incomplete_agent"": 10.0}","[16.26608527131783, 12.79941599281222, 18.49085898024805, 15.847530009233612, 8.147338935574231, 14.106876456876456, 16.071744119334483, 13.674741824440622, 15.458548009367682, 13.257716049382719]","[30.1, 31.8, 31.1, 36.1, 25.5, 28.6, 33.2, 33.2, 30.5, 32.4]"
ga,23,0,11.725184125514954,32.34,25.5,1.7313746017054286,5.2,12.807857142857145,21.526666666666667,8.718809523809526,True,0.0,hospital_corridor,28,12,"[11, 29, 47, 53, 61, 73, 89, 97, 101, 109]","[3.64686121133384, 4.7411652752597675, 0.9174918726901772, 0.5, 1.0]","{""time"": 0.0, ""collisions"": 0.05, ""congestion"": 1.0, ""fairness"": 1.0, ""incomplete_base"": 1000.0, ""incomplete_agent"": 10.0}","[12.564062748845357, 9.385714285714288, 12.504496939841768, 12.653968253968255, 8.429210220673635, 11.51904761904762, 15.476004256451182, 10.627992277992277, 12.290749414519906, 11.800595238095239]","[29.900000000000002, 31.5, 31.900000000000002, 31.5, 32.800000000000004, 28.900000000000002, 35.800000000000004, 37.0, 30.5, 33.6]"
ga,23,1,11.725184125514954,32.34,25.5,1.7313746017054286,5.2,12.807857142857145,21.526666666666667,8.718809523809526,True,0.0,hospital_corridor,28,12,"[11, 29, 47, 53, 61, 73, 89, 97, 101, 109]","[3.64686121133384, 4.7411652752597675, 0.9174918726901772, 0.5, 1.0]","{""time"": 0.0, ""collisions"": 0.05, ""congestion"": 1.0, ""fairness"": 1.0, ""incomplete_base"": 1000.0, ""incomplete_agent"": 10.0}","[12.564062748845357, 9.385714285714288, 12.504496939841768, 12.653968253968255, 8.429210220673635, 11.51904761904762, 15.476004256451182, 10.627992277992277, 12.290749414519906, 11.800595238095239]","[29.900000000000002, 31.5, 31.900000000000002, 31.5, 32.800000000000004, 28.900000000000002, 35.800000000000004, 37.0, 30.5, 33.6]"
ga,23,2,14.289824511198924,34.11,58.6,1.848157844532258,5.3,13.170000000000002,22.681666666666665,9.511666666666667,True,0.0,hospital_corridor,28,12,"[11, 29, 47, 53, 61, 73, 89, 97, 101, 109]","[3.6457482585515435, 4.747778939395408, 0.9174918726901771, 0.5, 1.0]","{""time"": 0.0, ""collisions"": 0.05, ""congestion"": 1.0, ""fairness"": 1.0, ""incomplete_base"": 1000.0, ""incomplete_agent"": 10.0}","[32.10848244842085, 13.635543199315654, 11.518150684931506, 10.96736111111111, 8.48817649926865, 12.006843455945253, 17.862261904761905, 11.811147186147185, 12.707142857142857, 11.793135764944278]","[48.7, 33.4, 29.200000000000003, 28.8, 29.3, 33.4, 40.0, 35.2, 30.200000000000003, 32.9]"
ga,23,3,12.049989557098677,33.39999999999999,26.0,1.7184419380510583,5.2,12.726785714285715,21.758333333333336,9.031547619047618,True,0.0,hospital_corridor,28,12,"[11, 29, 47, 53, 61, 73, 89, 97, 101, 109]","[3.6439695690835805, 5.0, 0.9174918726901771, 0.5, 1.0]","{""time"": 0.0, ""collisions"": 0.05, ""congestion"": 1.0, ""fairness"": 1.0, ""incomplete_base"": 1000.0, ""incomplete_agent"": 10.0}","[16.480587337909995, 11.185267857142858, 12.003025338575796, 9.164285714285715, 8.576049033474778, 12.294534995206138, 14.334432234432235, 13.157014157014157, 11.602286345001577, 11.70241255794353]","[43.7, 32.0, 32.7, 29.1, 30.3, 29.8, 39.0, 33.300000000000004, 30.200000000000003, 33.9]"
ga,23,4,1019.2662259682124,39.78000000000001,36.8,1.8225164444028805,5.5,12.740457142857142,21.34416666666667,8.603709523809526,False,0.7,hospital_corridor,28,12,"[11, 29, 47, 53, 61, 73, 89, 97, 101, 109]","[3.827770418034767, 4.759801360299006, 0.9174918726901772, 0.5, 1.0]","{""time"": 0.0, ""collisions"": 0.05, ""congestion"": 1.0, ""fairness"": 1.0, ""incomplete_base"": 1000.0, ""incomplete_agent"": 10.0}","[1082.369, 9.37987012987013, 10.649319727891157, 14.469686338011277, 9.302364644487934, 13.466749723145073, 13.641616008105371, 12.256374807987713, 13.604421768707482, 13.522856533917917]","[100.0, 30.8, 29.400000000000002, 39.7, 29.200000000000003, 30.1, 32.9, 37.2, 29.400000000000002, 39.1]"
ga,23,5,12.659580756081079,34.79,19.4,1.752914089414411,5.2,13.2125,23.14916666666667,9.936666666666667,True,0.0,hospital_corridor,28,12,"[11, 29, 47, 53, 61, 73, 89, 97, 101, 109]","[3.1817869026624335, 4.77571737324619, 0.9174918726901772, 0.5, 1.0]","{""time"": 0.0, ""collisions"": 0.05, ""congestion"": 1.0, ""fairness"": 1.0, ""incomplete_base"": 1000.0, ""incomplete_agent"": 10.0}","[12.198466117216116, 10.094910069290876, 11.669889369889372, 14.657051282051286, 8.641414668057005, 13.931082997462308, 15.146957671957672, 12.657936507936508, 12.233611955420464, 15.364486921529174]","[41.6, 32.300000000000004, 29.700000000000003, 45.5, 27.400000000000002, 31.900000000000002, 35.1, 36.0, 32.9, 35.5]"
ga,23,6,1151.3160677064766,100.0,8.5,0.3759,3.2,14.823360071301249,27.338527777777777,12.515167706476532,False,13.8,hospital_corridor,28,12,"[11, 29, 47, 53, 61, 73, 89, 97, 101, 109]","[3.64686121133384, 4.7411652752597675, 1.512749653662645, 0.5, 1.0]","{""time"": 0.0, ""collisions"": 0.05, ""congestion"": 1.0, ""fairness"": 1.0, ""incomplete_base"": 1000.0, ""incomplete_agent"": 10.0}","[1129.9505555555556, 1162.257, 1139.9744444444445, 1169.7734444444445, 1146.1648235294117, 1134.1145, 1136.87, 1163.1490000000001, 1107.9229090909091, 1222.984]","[100.0, 100.0, 100.0, 100.0, 100.0, 100.0, 100.0, 100.0, 100.0, 100.0]"
ga,23,7,12.089615466081703,33.11,20.5,1.738067847034084,4.9,12.659285714285716,21.985833333333336,9.32654761904762,True,0.0,hospital_corridor,28,12,"[11, 29, 47, 53, 61, 73, 89, 97, 101, 109]","[3.64686121133384, 5.0, 0.9174918726901772, 0.5, 1.0]","{""time"": 0.0, ""collisions"": 0.05, ""congestion"": 1.0, ""fairness"": 1.0, ""incomplete_base"": 1000.0, ""incomplete_agent"": 10.0}","[14.373920863309353, 10.044642857142858, 12.798529631288254, 9.260491843796341, 11.567781155015197, 12.241743471582184, 13.815266106442579, 12.68396610896611, 12.06565934065934, 12.044153282614824]","[41.7, 32.0, 31.900000000000002, 28.900000000000002, 32.9, 31.0, 35.7, 33.300000000000004, 29.900000000000002, 33.800000000000004]"
ga,23,8,13.159510225272776,33.24,40.0,1.822010225272774,5.4,12.595,21.9325,9.337500000000002,True,0.0,hospital_corridor,28,12,"[11, 29, 47, 53, 61, 73, 89, 97, 101, 109]","[3.7749428383436996, 4.744359692141439, 0.9174918726901772, 0.5, 1.0]","{""time"": 0.0, ""collisions"": 0.05, ""congestion"": 1.0, ""fairness"": 1.0, ""incomplete_base"": 1000.0, ""incomplete_agent"": 10.0}","[20.506649245063883, 13.292491354083534, 11.290353460972021, 12.415624470428742, 8.777994227994228, 12.85824175824176, 16.441125541125544, 11.858184965380813, 12.397691197691197, 11.756746031746031]","[45.1, 35.800000000000004, 29.1, 28.1, 29.700000000000003, 31.200000000000003, 38.5, 33.7, 29.700000000000003, 31.5]"
ga,23,9,1093.7875656385525,100.0,19.2,0.5544999999999999,4.6,13.480174260437419,23.7532398989899,10.273065638552481,False,8.2,hospital_corridor,28,12,"[11, 29, 47, 53, 61, 73, 89, 97, 101, 109]","[3.6469593420174844, 4.848747384736609, 1.1142819981361478, 0.5, 1.0]","{""time"": 0.0, ""collisions"": 0.05, ""congestion"": 1.0, ""fairness"": 1.0, ""incomplete_base"": 1000.0, ""incomplete_agent"": 10.0}","[1166.534777777778, 1131.0391520467836, 1059.5377094017094, 1090.8518354978355, 1136.3554736842104, 1059.8612564102564, 1073.3922307692308, 1089.9692592592592, 1052.7123076923076, 1077.6216538461538]","[100.0, 100.0, 100.0, 100.0, 100.0, 100.0, 100.0, 100.0, 100.0, 100.0]"
ga,23,10,28.82249728945138,31.9,356.7,1.8585687180228079,5.9,12.25607142857143,21.385,9.12892857142857,True,0.0,hospital_corridor,28,12,"[11, 29, 47, 53, 61, 73, 89, 97, 101, 109]","[3.6468612113338406, 4.7411652752597675, 0.7917406114769502, 0.5, 1.0]","{""time"": 0.0, ""collisions"": 0.05, ""congestion"": 1.0, ""fairness"": 1.0, ""incomplete_base"": 1000.0, ""incomplete_agent"": 10.0}","[64.49221654019576, 30.840196753942735, 17.317361449699334, 23.310714285714287, 15.159177788762564, 19.987608806963646, 28.003683737646007, 27.312149061579028, 42.57434081070445, 19.227523659305994]","[43.300000000000004, 31.1, 29.3, 28.0, 28.900000000000002, 27.900000000000002, 31.8, 30.700000000000003, 36.300000000000004, 31.700000000000003]"
ga,23,11,11.725184125514954,32.34,25.5,1.7313746017054286,5.2,12.807857142857145,21.526666666666667,8.718809523809526,True,0.0,hospital_corridor,28,12,"[11, 29, 47, 53, 61, 73, 89, 97, 101, 109]","[3.64686121133384, 4.7411652752597675, 0.9174918726901772, 0.5, 1.0]","{""time"": 0.0, ""collisions"": 0.05, ""congestion"": 1.0, ""fairness"": 1.0, ""incomplete_base"": 1000.0, ""incomplete_agent"": 10.0}","[12.564062748845357, 9.385714285714288, 12.504496939841768, 12.653968253968255, 8.429210220673635, 11.51904761904762, 15.476004256451182, 10.627992277992277, 12.290749414519906, 11.800595238095239]","[29.900000000000002, 31.5, 31.900000000000002, 31.5, 32.800000000000004, 28.900000000000002, 35.800000000000004, 37.0, 30.5, 33.6]"
ga,23,12,12.574301270285428,33.190000000000005,25.1,1.7757298417139988,5.2,12.673928571428572,22.217499999999998,9.543571428571429,True,0.0,hospital_corridor,28,12,"[11, 29, 47, 53, 61, 73, 89, 97, 101, 109]","[3.6450360695247808, 4.74580731352023, 0.9174918726901771, 0.5, 1.0]","{""time"": 0.0, ""collisions"": 0.05, ""congestion"": 1.0, ""fairness"": 1.0, ""incomplete_base"": 1000.0, ""incomplete_agent"": 10.0}","[13.795426065162907, 14.468886743886742, 11.518003913894326, 11.838434247871335, 8.78532016902324, 11.992599332726721, 16.10442655935614, 12.192870333729061, 13.160369933097204, 11.886675404106597]","[34.2, 37.0, 29.200000000000003, 30.200000000000003, 29.3, 31.400000000000002, 35.5, 36.1, 36.300000000000004, 32.7]"
ga,23,13,13.419705175918448,32.7,41.6,1.7882766044898772,5.0,12.276071428571429,21.827499999999997,9.55142857142857,True,0.0,hospital_corridor,28,12,"[11, 29, 47, 53, 61, 73, 89, 97, 101, 109]","[4.043821815316244, 4.7501426918369845, 0.9174918726901772, 0.5, 1.0]","{""time"": 0.0, ""collisions"": 0.05, ""congestion"": 1.0, ""fairness"": 1.0, ""incomplete_base"": 1000.0, ""incomplete_agent"": 10.0}","[18.440250066507048, 16.23555473735886, 10.974055829228242, 12.282603073178155, 8.273695368558384, 12.429187192118228, 17.072009291521486, 13.67471603320227, 12.485489510489511, 12.329490657022305]","[35.800000000000004, 38.800000000000004, 29.0, 31.3, 29.200000000000003, 29.0, 41.0, 32.7, 28.6, 31.6]"
ga,23,14,13.57152399726435,34.309999999999995,35.5,1.8303335210738738,5.4,12.942142857142859,22.908333333333335,9.966190476190476,True,0.0,hospital_corridor,28,12,"[11, 29, 47, 53, 61, 73, 89, 97, 101, 109]","[3.5699120806811107, 4.7411652752597675, 0.9174918726901772, 0.5, 1.0]","{""time"": 0.0, ""collisions"": 0.05, ""congestion"": 1.0, ""fairness"": 1.0, ""incomplete_base"": 1000.0, ""incomplete_agent"": 10.0}","[19.771726190476194, 10.05800865800866, 11.571020874103066, 16.000974025974028, 8.435714285714287, 12.43878563964771, 14.623755411255413, 15.43822138126774, 13.797587442056468, 13.579446064139942]","[38.400000000000006, 30.8, 29.200000000000003, 38.5, 25.6, 31.900000000000002, 35.2, 45.300000000000004, 33.9, 34.300000000000004]"
ga,23,15,13.781375164025997,33.48,44.0,1.8174465925974264,4.9,12.82607142857143,22.589999999999996,9.76392857142857,True,0.0,hospital_corridor,28,12,"[11, 29, 47, 53, 61, 73, 89, 97, 101, 109]","[3.64686121133384, 4.579598179828437, 0.9174918726901771, 0.5, 1.0]","{""time"": 0.0, ""collisions"": 0.05, ""congestion"": 1.0, ""fairness"": 1.0, ""incomplete_base"": 1000.0, ""incomplete_agent"": 10.0}","[24.04257285003554, 16.142438867438866, 12.29563221192914, 10.518963443963447, 9.107757805108797, 12.355266955266956, 16.061309523809523, 12.99699934768428, 12.159334594765058, 12.133476040258373]","[46.900000000000006, 37.0, 29.3, 29.700000000000003, 30.200000000000003, 29.700000000000003, 33.6, 36.5, 30.200000000000003, 31.700000000000003]"
ga,23,16,12.508516207261408,33.68,19.3,1.7014923977375989,5.3,13.099642857142857,22.941666666666666,9.842023809523809,True,0.0,hospital_corridor,28,12,"[11, 29, 47, 53, 61, 73, 89, 97, 101, 109]","[3.0852185061508135, 4.753871535720068, 0.9174918726901772, 0.5, 1.0]","{""time"": 0.0, ""collisions"": 0.05, ""congestion"": 1.0, ""fairness"": 1.0, ""incomplete_base"": 1000.0, ""incomplete_agent"": 10.0}","[10.899355613805156, 9.898919413919414, 13.265514224859272, 12.079887218045112, 8.521054039593366, 12.907834101382488, 14.830131362889984, 13.805054644808742, 14.775552353506246, 14.101859099804306]","[32.7, 32.5, 31.3, 34.2, 26.700000000000003, 31.0, 40.6, 36.6, 34.7, 36.5]"
ga,23,17,54.304332265939536,30.15,862.1,1.9323084564157234,5.6,11.469642857142858,20.736666666666668,9.26702380952381,True,0.0,hospital_corridor,28,12,"[11, 29, 47, 53, 61, 73, 89, 97, 101, 109]","[3.6454168838556393, 4.781647197825128, 0.7358546495619098, 0.5, 1.0]","{""time"": 0.0, ""collisions"": 0.05, ""congestion"": 1.0, ""fairness"": 1.0, ""incomplete_base"": 1000.0, ""incomplete_agent"": 10.0}","[105.08312405653906, 64.47036578038156, 47.0410530191458, 57.43358980248048, 38.037301587301585, 35.24710636079249, 58.35357142857143, 57.696079846079854, 40.53901098901099, 39.14211978909211]","[34.7, 31.700000000000003, 29.1, 31.1, 28.8, 27.400000000000002, 31.5, 29.700000000000003, 28.6, 28.900000000000002]"
ga,23,18,12.097231767419062,33.16000000000001,21.8,1.7086603388476322,5.0,12.801428571428573,22.1,9.29857142857143,True,0.0,hospital_corridor,28,12,"[11, 29, 47, 53, 61, 73, 89, 97, 101, 109]","[3.5625165983841436, 4.870072036054001, 0.9174918726901771, 0.5, 1.0]","{""time"": 0.0, ""collisions"": 0.05, ""congestion"": 1.0, ""fairness"": 1.0, ""incomplete_base"": 1000.0, ""incomplete_agent"": 10.0}","[10.960211882918303, 12.803542214431783, 11.583192090395478, 10.96006465249285, 9.648144609014176, 12.358757062146895, 14.820787545787546, 13.221217600964438, 12.547082166199813, 12.069317849839322]","[32.7, 32.6, 29.5, 38.300000000000004, 29.900000000000002, 29.5, 36.4, 39.5, 30.6, 32.6]"
ga,23,19,1020.1296555000364,41.38,29.2,1.7679430458239689,5.4,13.044120879120879,22.945833333333333,9.901712454212454,False,0.7,hospital_corridor,28,12,"[11, 29, 47, 53, 61, 73, 89, 97, 101, 109]","[3.319444144061385, 4.871093239205766, 0.9174918726901772, 0.5, 1.0]","{""time"": 0.0, ""collisions"": 0.05, ""congestion"": 1.0, ""fairness"": 1.0, ""incomplete_base"": 1000.0, ""incomplete_agent"": 10.0}","[16.352283285819873, 17.47339436929506, 11.383212267958031, 10.473913043478262, 9.538776808433296, 12.662763466042156, 14.881832298136647, 15.35394207815052, 1080.0410769230768, 13.135360459973462]","[45.1, 43.300000000000004, 29.5, 34.5, 26.200000000000003, 30.5, 34.5, 37.9, 100.0, 32.300000000000004]"
ga,23,20,1018.5549955679191,38.85,26.3,1.7939332968568564,5.2,12.730961538461539,21.17702380952381,8.44606227106227,False,0.7,hospital_corridor,28,12,"[11, 29, 47, 53, 61, 73, 89, 97, 101, 109]","[3.6469775253309322, 4.832528481645625, 0.9174918726901771, 0.5, 1.0]","{""time"": 0.0, ""collisions"": 0.05, ""congestion"": 1.0, ""fairness"": 1.0, ""incomplete_base"": 1000.0, ""incomplete_agent"": 10.0}","[1079.134956043956, 10.787925170068027, 11.992052657240372, 12.460994397759103, 8.125700280112044, 12.094878183831673, 13.656456820016142, 11.792543504653985, 13.097619047619048, 12.406829573934838]","[100.0, 34.300000000000004, 29.3, 34.0, 25.5, 30.1, 35.4, 35.300000000000004, 30.400000000000002, 34.2]"
ga,23,21,12.224149060941748,33.82,30.1,1.849149060941747,5.7,13.2125,22.0825,8.870000000000001,True,0.0,hospital_corridor,28,12,"[11, 29, 47, 53, 61, 73, 89, 97, 101, 109]","[3.6468634520021967, 4.8575623012021, 0.9174918726901772, 0.5, 1.0]","{""time"": 0.0, ""collisions"": 0.05, ""congestion"": 1.0, ""fairness"": 1.0, ""incomplete_base"": 1000.0, ""incomplete_agent"": 10.0}","[14.747423352902805, 9.2957757296467, 12.809092613423324, 13.696196797302992, 6.8254086709310595, 12.033493128795143, 16.70092749688949, 11.967600631412786, 12.54459406713505, 11.62097812097812]","[36.5, 31.0, 38.1, 33.9, 26.8, 29.8, 42.1, 36.2, 30.5, 33.300000000000004]"
ga,23,22,1019.3396036752655,40.58,28.5,1.6558821431743869,5.4,12.834611801242236,22.093333333333334,9.258721532091098,False,0.7,hospital_corridor,28,12,"[11, 29, 47, 53, 61, 73, 89, 97, 101, 109]","[3.385700712747251, 4.7411652752597675, 0.9174918726901773, 0.5, 1.0]","{""time"": 0.0, ""collisions"": 0.05, ""congestion"": 1.0, ""fairness"": 1.0, ""incomplete_base"": 1000.0, ""incomplete_agent"": 10.0}","[17.427839045356862, 9.970316959591408, 10.836164736164736, 12.631298003072196, 1076.467739130435, 12.3483164983165, 16.03368936359591, 12.031433921883359, 13.324458874458873, 12.324780219780221]","[42.1, 31.700000000000003, 29.6, 31.0, 100.0, 29.700000000000003, 42.800000000000004, 35.6, 30.8, 32.5]"
ga,23,23,13.447999450669325,37.53,28.8,1.7268089744788475,5.0,13.594642857142855,23.87583333333334,10.281190476190478,True,0.0,hospital_corridor,28,12,"[11, 29, 47, 53, 61, 73, 89, 97, 101, 109]","[3.345010799278679, 4.7411652752597675, 0.9174918726901773, 0.5, 1.0]","{""time"": 0.0, ""collisions"": 0.05, ""congestion"": 1.0, ""fairness"": 1.0, ""incomplete_base"": 1000.0, ""incomplete_agent"": 10.0}","[16.149107142857144, 13.666798941798941, 11.927221156919144, 15.062018140589572, 8.726139088729019, 11.780952380952382, 16.462634408602153, 13.685488505747125, 14.932906345436036, 12.086728395061728]","[44.800000000000004, 35.1, 29.8, 44.1, 27.8, 29.400000000000002, 43.400000000000006, 46.400000000000006, 42.1, 32.4]"
ga,24,0,11.725184125514954,32.34,25.5,1.7313746017054286,5.2,12.807857142857145,21.526666666666667,8.718809523809526,True,0.0,hospital_corridor,28,12,"[11, 29, 47, 53, 61, 73, 89, 97, 101, 109]","[3.64686121133384, 4.7411652752597675, 0.9174918726901772, 0.5, 1.0]","{""time"": 0.0, ""collisions"": 0.05, ""congestion"": 1.0, ""fairness"": 1.0, ""incomplete_base"": 1000.0, ""incomplete_agent"": 10.0}","[12.564062748845357, 9.385714285714288, 12.504496939841768, 12.653968253968255, 8.429210220673635, 11.51904761904762, 15.476004256451182, 10.627992277992277, 12.290749414519906, 11.800595238095239]","[29.900000000000002, 31.5, 31.900000000000002, 31.5, 32.800000000000004, 28.900000000000002, 35.800000000000004, 37.0, 30.5, 33.6]"
ga,24,1,11.725184125514954,32.34,25.5,1.7313746017054286,5.2,12.807857142857145,21.526666666666667,8.718809523809526,True,0.0,hospital_corridor,28,12,"[11, 29, 47, 53, 61, 73, 89, 97, 101, 109]","[3.64686121133384, 4.7411652752597675, 0.9174918726901772, 0.5, 1.0]","{""time"": 0.0, ""collisions"": 0.05, ""congestion"": 1.0, ""fairness"": 1.0, ""incomplete_base"": 1000.0, ""incomplete_agent"": 10.0}","[12.564062748845357, 9.385714285714288, 12.504496939841768, 12.653968253968255, 8.429210220673635, 11.51904761904762, 15.476004256451182, 10.627992277992277, 12.290749414519906, 11.800595238095239]","[29.900000000000002, 31.5, 31.900000000000002, 31.5, 32.800000000000004, 28.900000000000002, 35.800000000000004, 37.0, 30.5, 33.6]"
ga,24,2,12.681745409255441,35.21000000000001,19.8,1.8228168378268699,5.0,13.786071428571429,23.655,9.868928571428572,True,0.0,hospital_corridor,28,12,"[11, 29, 47, 53, 61, 73, 89, 97, 101, 109]","[3.6468612113338406, 5.0, 0.9602386293001288, 0.5, 1.0]","{""time"": 0.0, ""collisions"": 0.05, ""congestion"": 1.0, ""fairness"": 1.0, ""incomplete_base"": 1000.0, ""incomplete_agent"": 10.0}","[12.475718778077269, 10.345372443648305, 13.266125541125543, 11.35431232916127, 8.458322608322607, 14.911340206185567, 15.270147954743253, 14.536943164362523, 13.746578721578722, 12.452592345349355]","[37.1, 31.900000000000002, 30.8, 33.1, 33.300000000000004, 38.800000000000004, 38.300000000000004, 43.400000000000006, 33.300000000000004, 32.1]"
ga,24,3,140.85930484577324,29.490000000000002,2605.5,1.981685798154178,6.2,11.003214285714288,19.605833333333333,8.602619047619047,True,0.0,hospital_corridor,28,12,"[11, 29, 47, 53, 61, 73, 89, 97, 101, 109]","[3.6468612113338406, 4.425510405710943, 0.6820739480373454, 0.5, 1.0]","{""time"": 0.0, ""collisions"": 0.05, ""congestion"": 1.0, ""fairness"": 1.0, ""incomplete_base"": 1000.0, ""incomplete_agent"": 10.0}","[157.60923453493547, 149.84414822266936, 118.67992957746479, 129.77319624819626, 131.6146811070999, 110.91087069864443, 169.84927536231885, 172.2387040483946, 117.85032467532469, 150.222683982684]","[32.1, 28.400000000000002, 28.400000000000002, 29.700000000000003, 27.700000000000003, 27.400000000000002, 32.2, 30.700000000000003, 30.8, 27.5]"
ga,24,4,1019.7576562268334,39.230000000000004,54.0,1.7314443220714761,5.7,12.55087142857143,20.877083333333335,8.326211904761907,False,0.7,hospital_corridor,28,12,"[11, 29, 47, 53, 61, 73, 89, 97, 101, 109]","[4.350055572114489, 5.0, 0.9174918726901771, 0.5, 1.0]","{""time"": 0.0, ""collisions"": 0.05, ""congestion"": 1.0, ""fairness"": 1.0, ""incomplete_base"": 1000.0, ""incomplete_agent"": 10.0}","[1084.8715, 17.020684898644596, 10.605357142857144, 13.282907383136743, 8.889053426248548, 12.670238095238098, 14.791051536295754, 11.913651692971804, 11.50414746543779, 12.02797062750334]","[100.0, 39.7, 28.8, 32.7, 28.700000000000003, 28.200000000000003, 38.900000000000006, 35.300000000000004, 27.900000000000002, 32.1]"
ga,24,5,1161.3451716355282,100.0,8.5,0.3839,3.3,13.889569634313057,26.42584126984127,12.536271635528216,False,14.8,hospital_corridor,28,12,"[11, 29, 47, 53, 61, 73, 89, 97, 101, 109]","[3.64686121133384, 4.707207638925978, 1.5308227271447565, 0.5, 1.0]","{""time"": 0.0, ""collisions"": 0.05, ""congestion"": 1.0, ""fairness"": 1.0, ""incomplete_base"": 1000.0, ""incomplete_agent"": 10.0}","[1134.8225204678363, 1159.9893333333334, 1188.5830476190476, 1171.2686666666666, 1175.46275, 1186.479, 1148.7132857142858, 1140.2005, 1109.1881363636364, 1198.7444761904762]","[100.0, 100.0, 100.0, 100.0, 100.0, 100.0, 100.0, 100.0, 100.0, 100.0]"
ga,24,6,12.384947738153752,34.190000000000005,22.7,1.757685833391846,4.8,12.893571428571429,22.385833333333334,9.492261904761905,True,0.0,hospital_corridor,28,12,"[11, 29, 47, 53, 61, 73, 89, 97, 101, 109]","[3.6468527527198757, 5.0, 0.9174918726901772, 0.5, 1.0]","{""time"": 0.0, ""collisions"": 0.05, ""congestion"": 1.0, ""fairness"": 1.0, ""incomplete_base"": 1000.0, ""incomplete_agent"": 10.0}","[15.029991394148023, 10.044940476190476, 12.718474279343846, 10.818860877684408, 11.94681194511703, 12.435497835497836, 13.808473389355742, 12.91498599439776, 12.034364548494983, 12.09707664130741]","[49.800000000000004, 32.0, 29.900000000000002, 30.6, 35.4, 30.8, 35.7, 34.0, 29.900000000000002, 33.800000000000004]"
ga,24,7,17.979902334349596,32.82000000000001,130.7,1.8852594772067381,5.7,12.320357142857143,21.880000000000003,9.559642857142856,True,0.0,hospital_corridor,28,12,"[11, 29, 47, 53, 61, 73, 89, 97, 101, 109]","[4.154678418497665, 4.795203926901102, 0.8495700344978218, 0.5, 1.0]","{""time"": 0.0, ""collisions"": 0.05, ""congestion"": 1.0, ""fairness"": 1.0, ""incomplete_base"": 1000.0, ""incomplete_agent"": 10.0}","[33.04180509413067, 25.057631257631257, 11.654683638161146, 17.63210180623974, 8.897194760257044, 13.199330900243307, 24.814386602098466, 13.435243454294902, 17.55429606625259, 14.512349764186826]","[43.0, 35.1, 28.900000000000002, 29.0, 28.900000000000002, 27.400000000000002, 41.300000000000004, 31.1, 32.2, 31.3]"
ga,24,8,14.814288219863048,32.160000000000004,60.3,1.9292882198630477,5.6,12.42,22.29,9.870000000000001,True,0.0,hospital_corridor,28,12,"[11, 29, 47, 53, 61, 73, 89, 97, 101, 109]","[4.454818588771012, 4.9250440908332465, 0.9174918726901771, 0.5, 1.0]","{""time"": 0.0, ""collisions"": 0.05, ""congestion"": 1.0, ""fairness"": 1.0, ""incomplete_base"": 1000.0, ""incomplete_agent"": 10.0}","[16.352094868955334, 16.53749282845668, 13.457569631626235, 17.90881659594531, 10.6681475029036, 14.864499828708464, 16.587630085146643, 15.63910109498345, 13.790625, 12.336904761904764]","[38.7, 33.2, 31.8, 30.3, 28.700000000000003, 27.8, 30.200000000000003, 37.4, 32.0, 31.5]"
ga,24,9,12.703389699938871,34.64,23.5,1.7193420808912534,5.0,12.921785714285715,22.730833333333333,9.809047619047618,True,0.0,hospital_corridor,28,12,"[11, 29, 47, 53, 61, 73, 89, 97, 101, 109]","[3.6160527469865658, 4.993504732779063, 0.9174918726901771, 0.5, 1.0]","{""time"": 0.0, ""collisions"": 0.05, ""congestion"": 1.0, ""fairness"": 1.0, ""incomplete_base"": 1000.0, ""incomplete_agent"": 10.0}","[11.325326918332099, 12.382778864970646, 12.552078288942695, 16.588095238095235, 8.700304540420818, 12.508698727015558, 13.97936507936508, 13.501811203070648, 13.428052694432004, 12.067385444743937]","[38.6, 36.5, 29.5, 42.0, 30.1, 30.3, 36.0, 39.7, 31.900000000000002, 31.8]"
ga,24,10,12.049989557098677,33.39999999999999,26.0,1.7184419380510583,5.2,12.726785714285715,21.758333333333336,9.031547619047618,True,0.0,hospital_corridor,28,12,"[11, 29, 47, 53, 61, 73, 89, 97, 101, 109]","[3.6439695690835805, 5.0, 0.9174918726901771, 0.5, 1.0]","{""time"": 0.0, ""collisions"": 0.05, ""congestion"": 1.0, ""fairness"": 1.0, ""incomplete_base"": 1000.0, ""incomplete_agent"": 10.0}","[16.480587337909995, 11.185267857142858, 12.003025338575796, 9.164285714285715, 8.576049033474778, 12.294534995206138, 14.334432234432235, 13.157014157014157, 11.602286345001577, 11.70241255794353]","[43.7, 32.0, 32.7, 29.1, 30.3, 29.8, 39.0, 33.300000000000004, 30.200000000000003, 33.9]"
ga,24,11,1025.9636831297048,53.96999999999999,45.4,1.4156273087141227,4.8,13.296944179009397,23.575,10.278055820990604,False,1.2,hospital_corridor,28,12,"[11, 29, 47, 53, 61, 73, 89, 97, 101, 109]","[4.0054726101742935, 4.8575623012021, 1.023677958271919, 0.5, 1.0]","{""time"": 0.0, ""collisions"": 0.05, ""congestion"": 1.0, ""fairness"": 1.0, ""incomplete_base"": 1000.0, ""incomplete_agent"": 10.0}","[14.073037077426392, 1063.342, 12.379761904761905, 10.81399009268137, 1067.4748695652174, 15.851327088212336, 1035.618641025641, 14.314360508601348, 13.761835948252134, 12.00700808625337]","[39.300000000000004, 100.0, 29.400000000000002, 29.8, 100.0, 36.6, 100.0, 38.2, 34.6, 31.8]"
ga,24,12,14.441391994225686,35.37,60.9,1.793058660892352,5.0,13.440000000000001,23.04333333333334,9.603333333333333,True,0.0,hospital_corridor,28,12,"[11, 29, 47, 53, 61, 73, 89, 97, 101, 109]","[3.578117298851384, 4.763522460864758, 0.9174918726901772, 0.5, 1.0]","{""time"": 0.0, ""collisions"": 0.05, ""congestion"": 1.0, ""fairness"": 1.0, ""incomplete_base"": 1000.0, ""incomplete_agent"": 10.0}","[30.822906709152065, 9.498350176083292, 11.674821225418494, 18.395849420849423, 8.846206553360894, 11.996726190476192, 14.759443099273609, 13.53974358974359, 12.2609335839599, 12.618939393939396]","[53.800000000000004, 31.1, 29.3, 44.400000000000006, 31.1, 28.8, 35.4, 36.4, 30.400000000000002, 33.0]"
ga,24,13,13.450870193179004,33.63,37.3,1.8184892407980495,5.3,12.869285714285715,22.63666666666667,9.767380952380954,True,0.0,hospital_corridor,28,12,"[11, 29, 47, 53, 61, 73, 89, 97, 101, 109]","[3.6312605108666, 4.847714850449011, 0.9174918726901771, 0.5, 1.0]","{""time"": 0.0, ""collisions"": 0.05, ""congestion"": 1.0, ""fairness"": 1.0, ""incomplete_base"": 1000.0, ""incomplete_agent"": 10.0}","[21.82093771157752, 11.662713997985904, 12.424601820250285, 15.723809523809527, 6.881011273767458, 11.552668308702794, 14.608159443552703, 14.936540924438237, 13.139098972922502, 11.759159954783101]","[42.2, 33.1, 29.3, 33.6, 28.3, 29.0, 35.6, 40.900000000000006, 30.6, 33.7]"
ga,24,14,21.978658253798365,29.860000000000003,229.5,1.9434201585602686,5.4,12.273928571428574,20.83416666666667,8.560238095238097,True,0.0,hospital_corridor,28,12,"[11, 29, 47, 53, 61, 73, 89, 97, 101, 109]","[3.2451488271098357, 4.751698345350768, 0.7955875445202317, 0.5, 1.0]","{""time"": 0.0, ""collisions"": 0.05, ""congestion"": 1.0, ""fairness"": 1.0, ""incomplete_base"": 1000.0, ""incomplete_agent"": 10.0}","[26.401190476190475, 23.29993020009307, 19.896460746460747, 28.006903136681295, 12.872131608548933, 19.636904761904763, 24.890476190476193, 21.10756479807113, 25.35707190160833, 18.317948717948717]","[29.0, 30.700000000000003, 29.6, 29.3, 25.400000000000002, 28.0, 33.6, 31.6, 30.200000000000003, 31.200000000000003]"
ga,24,15,13.029309220274031,33.29,31.7,1.84335683932165,5.2,12.863214285714287,22.464166666666667,9.600952380952382,True,0.0,hospital_corridor,28,12,"[11, 29, 47, 53, 61, 73, 89, 97, 101, 109]","[3.4869308903748184, 4.743338465629067, 0.9174918726901772, 0.5, 1.0]","{""time"": 0.0, ""collisions"": 0.05, ""congestion"": 1.0, ""fairness"": 1.0, ""incomplete_base"": 1000.0, ""incomplete_agent"": 10.0}","[12.178042328042329, 12.025595238095242, 12.198979591836736, 15.31357142857143, 9.425714285714285, 12.970425226946967, 14.717982456140351, 13.470182724252492, 15.823683579225142, 12.168915343915346]","[32.4, 33.6, 29.400000000000002, 35.0, 30.0, 29.900000000000002, 36.1, 34.4, 39.7, 32.4]"
ga,24,16,13.855938351598901,34.94000000000001,45.0,1.8277240658846137,5.7,13.071785714285713,22.85,9.778214285714288,True,0.0,hospital_corridor,28,12,"[11, 29, 47, 53, 61, 73, 89, 97, 101, 109]","[3.958127055657416, 4.932463208924601, 0.9174918726901771, 0.5, 1.0]","{""time"": 0.0, ""collisions"": 0.05, ""congestion"": 1.0, ""fairness"": 1.0, ""incomplete_base"": 1000.0, ""incomplete_agent"": 10.0}","[20.009357696567, 14.502965497576277, 13.143854293854295, 17.253014416775887, 9.202380952380953, 12.205400696864112, 14.83822188449848, 12.264194139194142, 13.376765188834153, 11.763228749443705]","[43.0, 33.4, 35.1, 43.6, 28.700000000000003, 28.700000000000003, 32.9, 42.900000000000006, 29.0, 32.1]"
ga,24,17,12.449467956598916,34.11,23.9,1.6341108137417737,5.2,12.567142857142859,22.1875,9.620357142857143,True,0.0,hospital_corridor,28,12,"[11, 29, 47, 53, 61, 73, 89, 97, 101, 109]","[3.6468612113338406, 4.808702066335166, 0.9174918726901771, 0.5, 1.0]","{""time"": 0.0, ""collisions"": 0.05, ""congestion"": 1.0, ""fairness"": 1.0, ""incomplete_base"": 1000.0, ""incomplete_agent"": 10.0}","[15.343281718281723, 9.57749961721023, 12.333594259621657, 13.283227981458072, 8.800238095238093, 12.331398809523808, 16.227026468155504, 12.087327188940094, 12.491565844578872, 12.019519582981122]","[42.900000000000006, 31.1, 29.200000000000003, 33.9, 30.0, 32.0, 40.300000000000004, 37.2, 30.700000000000003, 33.800000000000004]"
ga,24,18,11.725184125514954,32.34,25.5,1.7313746017054286,5.2,12.807857142857145,21.526666666666667,8.718809523809526,True,0.0,hospital_corridor,28,12,"[11, 29, 47, 53, 61, 73, 89, 97, 101, 109]","[3.64686121133384, 4.7411652752597675, 0.9174918726901772, 0.5, 1.0]","{""time"": 0.0, ""collisions"": 0.05, ""congestion"": 1.0, ""fairness"": 1.0, ""incomplete_base"": 1000.0, ""incomplete_agent"": 10.0}","[12.564062748845357, 9.385714285714288, 12.504496939841768, 12.653968253968255, 8.429210220673635, 11.51904761904762, 15.476004256451182, 10.627992277992277, 12.290749414519906, 11.800595238095239]","[29.900000000000002, 31.5, 31.900000000000002, 31.5, 32.800000000000004, 28.900000000000002, 35.800000000000004, 37.0, 30.5, 33.6]"
ga,24,19,11.725184125514954,32.34,25.5,1.7313746017054286,5.2,12.807857142857145,21.526666666666667,8.718809523809526,True,0.0,hospital_corridor,28,12,"[11, 29, 47, 53, 61, 73, 89, 97, 101, 109]","[3.64686121133384, 4.7411652752597675, 0.9174918726901772, 0.5, 1.0]","{""time"": 0.0, ""collisions"": 0.05, ""congestion"": 1.0, ""fairness"": 1.0, ""incomplete_base"": 1000.0, ""incomplete_agent"": 10.0}","[12.564062748845357, 9.385714285714288, 12.504496939841768, 12.653968253968255, 8.429210220673635, 11.51904761904762, 15.476004256451182, 10.627992277992277, 12.290749414519906, 11.800595238095239]","[29.900000000000002, 31.5, 31.900000000000002, 31.5, 32.800000000000004, 28.900000000000002, 35.800000000000004, 37.0, 30.5, 33.6]"
ga,24,20,12.534369662519769,34.71,21.0,1.733179186329292,5.6,13.36464285714286,23.115833333333335,9.751190476190477,True,0.0,hospital_corridor,28,12,"[11, 29, 47, 53, 61, 73, 89, 97, 101, 109]","[3.0642031552018314, 4.7411652752597675, 0.9174918726901773, 0.5, 1.0]","{""time"": 0.0, ""collisions"": 0.05, ""congestion"": 1.0, ""fairness"": 1.0, ""incomplete_base"": 1000.0, ""incomplete_agent"": 10.0}","[10.56317585725035, 10.150633937785642, 11.985099846390169, 12.331746031746032, 8.728517924023542, 15.985524891774894, 14.829285714285714, 14.73856589147287, 13.198319327731094, 12.832827202737384]","[44.300000000000004, 32.300000000000004, 31.0, 31.5, 26.700000000000003, 35.2, 40.0, 38.7, 34.0, 33.4]"
ga,24,21,11.725184125514954,32.34,25.5,1.7313746017054286,5.2,12.807857142857145,21.526666666666667,8.718809523809526,True,0.0,hospital_corridor,28,12,"[11, 29, 47, 53, 61, 73, 89, 97, 101, 109]","[3.64686121133384, 4.7411652752597675, 0.9174918726901772, 0.5, 1.0]","{""time"": 0.0, ""collisions"": 0.05, ""congestion"": 1.0, ""fairness"": 1.0, ""incomplete_base"": 1000.0, ""incomplete_agent"": 10.0}","[12.564062748845357, 9.385714285714288, 12.504496939841768, 12.653968253968255, 8.429210220673635, 11.51904761904762, 15.476004256451182, 10.627992277992277, 12.290749414519906, 11.800595238095239]","[29.900000000000002, 31.5, 31.900000000000002, 31.5, 32.800000000000004, 28.900000000000002, 35.800000000000004, 37.0, 30.5, 33.6]"
ga,24,22,54.304332265939536,30.15,862.1,1.9323084564157234,5.6,11.469642857142858,20.736666666666668,9.26702380952381,True,0.0,hospital_corridor,28,12,"[11, 29, 47, 53, 61, 73, 89, 97, 101, 109]","[3.6454168838556393, 4.781647197825128, 0.7358546495619098, 0.5, 1.0]","{""time"": 0.0, ""collisions"": 0.05, ""congestion"": 1.0, ""fairness"": 1.0, ""incomplete_base"": 1000.0, ""incomplete_agent"": 10.0}","[105.08312405653906, 64.47036578038156, 47.0410530191458, 57.43358980248048, 38.037301587301585, 35.24710636079249, 58.35357142857143, 57.696079846079854, 40.53901098901099, 39.14211978909211]","[34.7, 31.700000000000003, 29.1, 31.1, 28.8, 27.400000000000002, 31.5, 29.700000000000003, 28.6, 28.900000000000002]"
ga,24,23,1152.14814884614,37.059999999999995,2804.6,1.800562266053533,5.8,11.276428571428571,20.394015151515152,9.117586580086579,False,0.1,hospital_corridor,28,12,"[11, 29, 47, 53, 61, 73, 89, 97, 101, 109]","[3.5699120806811107, 4.745796760912624, 0.5417173173489305, 0.5, 1.0]","{""time"": 0.0, ""collisions"": 0.05, ""congestion"": 1.0, ""fairness"": 1.0, ""incomplete_base"": 1000.0, ""incomplete_agent"": 10.0}","[1210.2506753246753, 169.07963659147873, 116.34266917293233, 129.83928571428572, 142.23525872442838, 120.9273635731665, 151.09139194139198, 194.553402865571, 130.27411816578484, 156.88768638768641]","[100.0, 28.5, 28.5, 30.0, 27.700000000000003, 27.400000000000002, 32.5, 33.9, 32.4, 29.700000000000003]"
